chrM	1	2	8
chrM	2	3	9
chrM	3	4	10
chrM	4	5	11
chrM	5	6	34
chrM	6	7	34
chrM	7	8	34
chrM	8	9	35
chrM	9	10	37
chrM	10	11	38
chrM	11	12	39
chrM	12	13	39
chrM	13	14	39
chrM	14	15	40
chrM	15	16	40
chrM	16	17	41
chrM	17	18	41
chrM	18	19	41
chrM	19	20	42
chrM	20	21	42
chrM	21	22	42
chrM	22	23	42
chrM	23	24	46
chrM	24	25	46
chrM	25	26	46
chrM	26	27	46
chrM	27	28	46
chrM	28	29	46
chrM	29	30	48
chrM	30	31	48
chrM	31	32	48
chrM	32	33	49
chrM	33	34	49
chrM	34	35	49
chrM	35	36	49
chrM	36	37	49
chrM	37	38	50
chrM	38	39	50
chrM	39	40	50
chrM	40	41	50
chrM	41	42	52
chrM	42	43	52
chrM	43	44	53
chrM	44	45	54
chrM	45	46	55
chrM	46	47	55
chrM	47	48	55
chrM	48	49	55
chrM	49	50	55
chrM	50	51	55
chrM	51	52	55
chrM	52	53	56
chrM	53	54	56
chrM	54	55	56
chrM	55	56	56
chrM	56	57	56
chrM	57	58	58
chrM	58	59	58
chrM	59	60	58
chrM	60	61	58
chrM	61	62	58
chrM	62	63	58
chrM	63	64	60
chrM	64	65	60
chrM	65	66	62
chrM	66	67	62
chrM	67	68	62
chrM	68	69	62
chrM	69	70	62
chrM	70	71	62
chrM	71	72	62
chrM	72	73	62
chrM	73	74	62
chrM	74	75	62
chrM	75	76	64
chrM	76	77	67
chrM	77	78	67
chrM	78	79	67
chrM	79	80	67
chrM	80	81	67
chrM	81	82	67
chrM	82	83	67
chrM	83	84	67
chrM	84	85	67
chrM	85	86	67
chrM	86	87	67
chrM	87	88	67
chrM	88	89	67
chrM	89	90	67
chrM	90	91	67
chrM	91	92	67
chrM	92	93	67
chrM	93	94	67
chrM	94	95	68
chrM	95	96	68
chrM	96	97	68
chrM	97	98	68
chrM	98	99	68
chrM	99	100	68
chrM	100	101	68
chrM	101	102	70
chrM	102	103	71
chrM	103	104	71
chrM	104	105	71
chrM	105	106	71
chrM	106	107	73
chrM	107	108	75
chrM	108	109	75
chrM	109	110	75
chrM	110	111	75
chrM	111	112	75
chrM	112	113	75
chrM	113	114	75
chrM	114	115	75
chrM	115	116	76
chrM	116	117	76
chrM	117	118	76
chrM	118	119	76
chrM	119	120	76
chrM	120	121	76
chrM	121	122	76
chrM	122	123	76
chrM	123	124	77
chrM	124	125	79
chrM	125	126	79
chrM	126	127	79
chrM	127	128	79
chrM	128	129	80
chrM	129	130	81
chrM	130	131	81
chrM	131	132	81
chrM	132	133	81
chrM	133	134	81
chrM	134	135	81
chrM	135	136	82
chrM	136	137	83
chrM	137	138	81
chrM	138	139	81
chrM	139	140	84
chrM	140	141	83
chrM	141	142	83
chrM	142	143	85
chrM	143	144	89
chrM	144	145	90
chrM	145	146	98
chrM	146	147	99
chrM	147	148	99
chrM	148	149	100
chrM	149	150	101
chrM	150	151	101
chrM	151	152	102
chrM	152	153	102
chrM	153	154	106
chrM	154	155	106
chrM	155	156	106
chrM	156	157	107
chrM	157	158	107
chrM	158	159	107
chrM	159	160	108
chrM	160	161	109
chrM	161	162	109
chrM	162	163	109
chrM	163	164	113
chrM	164	165	113
chrM	165	166	113
chrM	166	167	119
chrM	167	168	131
chrM	168	169	133
chrM	169	170	144
chrM	170	171	144
chrM	171	172	152
chrM	172	173	153
chrM	173	174	154
chrM	174	175	155
chrM	175	176	156
chrM	176	177	156
chrM	177	178	156
chrM	178	179	156
chrM	179	180	162
chrM	180	181	166
chrM	181	182	176
chrM	182	183	180
chrM	183	184	180
chrM	184	185	179
chrM	185	186	179
chrM	186	187	178
chrM	187	188	178
chrM	188	189	178
chrM	189	190	178
chrM	190	191	196
chrM	191	192	195
chrM	192	193	256
chrM	193	194	256
chrM	194	195	264
chrM	195	196	264
chrM	196	197	266
chrM	197	198	268
chrM	198	199	268
chrM	199	200	270
chrM	200	201	272
chrM	201	202	272
chrM	202	203	275
chrM	203	204	295
chrM	204	205	324
chrM	205	206	329
chrM	206	207	330
chrM	207	208	330
chrM	208	209	331
chrM	209	210	338
chrM	210	211	344
chrM	211	212	348
chrM	212	213	350
chrM	213	214	350
chrM	214	215	350
chrM	215	216	366
chrM	216	217	405
chrM	217	218	407
chrM	218	219	407
chrM	219	220	409
chrM	220	221	419
chrM	221	222	449
chrM	222	223	450
chrM	223	224	450
chrM	224	225	451
chrM	225	226	458
chrM	226	227	468
chrM	227	228	483
chrM	228	229	483
chrM	229	230	483
chrM	230	231	483
chrM	231	232	483
chrM	232	233	500
chrM	233	234	502
chrM	234	235	505
chrM	235	236	505
chrM	236	237	500
chrM	237	238	501
chrM	238	239	505
chrM	239	240	508
chrM	240	241	508
chrM	241	242	508
chrM	242	243	507
chrM	243	244	514
chrM	244	245	516
chrM	245	246	518
chrM	246	247	518
chrM	247	248	518
chrM	248	249	520
chrM	249	250	519
chrM	250	251	523
chrM	251	252	525
chrM	252	253	527
chrM	253	254	568
chrM	254	255	596
chrM	255	256	613
chrM	256	257	616
chrM	257	258	630
chrM	258	259	707
chrM	259	260	765
chrM	260	261	767
chrM	261	262	769
chrM	262	263	781
chrM	263	264	822
chrM	264	265	822
chrM	265	266	836
chrM	266	267	842
chrM	267	268	841
chrM	268	269	842
chrM	269	270	886
chrM	270	271	918
chrM	271	272	1025
chrM	272	273	1164
chrM	273	274	1235
chrM	274	275	1244
chrM	275	276	1244
chrM	276	277	1277
chrM	277	278	1282
chrM	278	279	1282
chrM	279	280	1289
chrM	280	281	1298
chrM	281	282	1305
chrM	282	283	1349
chrM	283	284	1350
chrM	284	285	1346
chrM	285	286	1346
chrM	286	287	1345
chrM	287	288	1343
chrM	288	289	1343
chrM	289	290	1346
chrM	290	291	1346
chrM	291	292	1346
chrM	292	293	1383
chrM	293	294	1383
chrM	294	295	1383
chrM	295	296	1383
chrM	296	297	1383
chrM	297	298	1383
chrM	298	299	1383
chrM	299	300	1393
chrM	300	301	1394
chrM	301	302	1395
chrM	302	303	1397
chrM	303	304	1397
chrM	304	305	1396
chrM	305	306	1394
chrM	306	307	1394
chrM	307	308	1390
chrM	308	309	1385
chrM	309	310	1383
chrM	310	311	1379
chrM	311	312	1379
chrM	312	313	1379
chrM	313	314	1374
chrM	314	315	1375
chrM	315	316	1375
chrM	316	317	1365
chrM	317	318	1367
chrM	318	319	1365
chrM	319	320	1365
chrM	320	321	1359
chrM	321	322	1352
chrM	322	323	1352
chrM	323	324	1351
chrM	324	325	1348
chrM	325	326	1346
chrM	326	327	1347
chrM	327	328	1355
chrM	328	329	1356
chrM	329	330	1360
chrM	330	331	1360
chrM	331	332	1358
chrM	332	333	1353
chrM	333	334	1353
chrM	334	335	1412
chrM	335	336	1408
chrM	336	337	1409
chrM	337	338	1409
chrM	338	339	1406
chrM	339	340	1406
chrM	340	341	1404
chrM	341	342	1406
chrM	342	343	1406
chrM	343	344	1406
chrM	344	345	1406
chrM	345	346	1404
chrM	346	347	1404
chrM	347	348	1405
chrM	348	349	1405
chrM	349	350	1406
chrM	350	351	1407
chrM	351	352	1407
chrM	352	353	1394
chrM	353	354	1395
chrM	354	355	1395
chrM	355	356	1395
chrM	356	357	1392
chrM	357	358	1383
chrM	358	359	1383
chrM	359	360	1378
chrM	360	361	1378
chrM	361	362	1378
chrM	362	363	1373
chrM	363	364	1373
chrM	364	365	1372
chrM	365	366	1362
chrM	366	367	1362
chrM	367	368	1351
chrM	368	369	1329
chrM	369	370	1325
chrM	370	371	1327
chrM	371	372	1332
chrM	372	373	1300
chrM	373	374	1282
chrM	374	375	1286
chrM	375	376	1281
chrM	376	377	1283
chrM	377	378	1281
chrM	378	379	1280
chrM	379	380	1259
chrM	380	381	1243
chrM	381	382	1251
chrM	382	383	1255
chrM	383	384	1257
chrM	384	385	1261
chrM	385	386	1259
chrM	386	387	1277
chrM	387	388	1276
chrM	388	389	1275
chrM	389	390	1275
chrM	390	391	1270
chrM	391	392	1252
chrM	392	393	1244
chrM	393	394	1252
chrM	394	395	1249
chrM	395	396	1273
chrM	396	397	1318
chrM	397	398	1409
chrM	398	399	1444
chrM	399	400	1423
chrM	400	401	1423
chrM	401	402	1411
chrM	402	403	1458
chrM	403	404	1438
chrM	404	405	1467
chrM	405	406	1468
chrM	406	407	1574
chrM	407	408	1580
chrM	408	409	1585
chrM	409	410	1585
chrM	410	411	1633
chrM	411	412	1652
chrM	412	413	1678
chrM	413	414	1685
chrM	414	415	1685
chrM	415	416	1684
chrM	416	417	1694
chrM	417	418	1706
chrM	418	419	1709
chrM	419	420	1704
chrM	420	421	1703
chrM	421	422	1702
chrM	422	423	1678
chrM	423	424	1669
chrM	424	425	1668
chrM	425	426	1677
chrM	426	427	1725
chrM	427	428	1727
chrM	428	429	1724
chrM	429	430	1723
chrM	430	431	1727
chrM	431	432	1732
chrM	432	433	1737
chrM	433	434	1748
chrM	434	435	1749
chrM	435	436	1749
chrM	436	437	1742
chrM	437	438	1744
chrM	438	439	1746
chrM	439	440	1766
chrM	440	441	1763
chrM	441	442	1764
chrM	442	443	1758
chrM	443	444	1759
chrM	444	445	1776
chrM	445	446	1778
chrM	446	447	1778
chrM	447	448	1773
chrM	448	449	1771
chrM	449	450	1767
chrM	450	451	1723
chrM	451	452	1721
chrM	452	453	1727
chrM	453	454	1727
chrM	454	455	1723
chrM	455	456	1714
chrM	456	457	1708
chrM	457	458	1733
chrM	458	459	1742
chrM	459	460	1742
chrM	460	461	1731
chrM	461	462	1728
chrM	462	463	1728
chrM	463	464	1709
chrM	464	465	1724
chrM	465	466	1724
chrM	466	467	1721
chrM	467	468	1723
chrM	468	469	1714
chrM	469	470	1675
chrM	470	471	1665
chrM	471	472	1661
chrM	472	473	1659
chrM	473	474	1577
chrM	474	475	1561
chrM	475	476	1559
chrM	476	477	1558
chrM	477	478	1558
chrM	478	479	1555
chrM	479	480	1553
chrM	480	481	1526
chrM	481	482	1622
chrM	482	483	1623
chrM	483	484	1622
chrM	484	485	1611
chrM	485	486	1606
chrM	486	487	1699
chrM	487	488	1698
chrM	488	489	1700
chrM	489	490	1705
chrM	490	491	1705
chrM	491	492	1713
chrM	492	493	1711
chrM	493	494	1711
chrM	494	495	1708
chrM	495	496	1708
chrM	496	497	1712
chrM	497	498	1710
chrM	498	499	1712
chrM	499	500	1713
chrM	500	501	1730
chrM	501	502	1734
chrM	502	503	1731
chrM	503	504	1729
chrM	504	505	1727
chrM	505	506	1736
chrM	506	507	1741
chrM	507	508	1743
chrM	508	509	1741
chrM	509	510	1742
chrM	510	511	1742
chrM	511	512	1709
chrM	512	513	1710
chrM	513	514	1708
chrM	514	515	1708
chrM	515	516	1705
chrM	516	517	1703
chrM	517	518	1699
chrM	518	519	1706
chrM	519	520	1706
chrM	520	521	1708
chrM	521	522	1709
chrM	522	523	1688
chrM	523	524	1694
chrM	524	525	1691
chrM	525	526	1692
chrM	526	527	1690
chrM	527	528	1696
chrM	528	529	1727
chrM	529	530	1757
chrM	530	531	1774
chrM	531	532	1784
chrM	532	533	1794
chrM	533	534	1795
chrM	534	535	1799
chrM	535	536	1734
chrM	536	537	1732
chrM	537	538	1727
chrM	538	539	1713
chrM	539	540	1701
chrM	540	541	1701
chrM	541	542	1701
chrM	542	543	1701
chrM	543	544	1701
chrM	544	545	1702
chrM	545	546	1702
chrM	546	547	1701
chrM	547	548	1812
chrM	548	549	1813
chrM	549	550	1812
chrM	550	551	1811
chrM	551	552	1810
chrM	552	553	1809
chrM	553	554	1812
chrM	554	555	1817
chrM	555	556	1816
chrM	556	557	1822
chrM	557	558	1867
chrM	558	559	1870
chrM	559	560	1870
chrM	560	561	1877
chrM	561	562	1888
chrM	562	563	2029
chrM	563	564	2049
chrM	564	565	2070
chrM	565	566	2085
chrM	566	567	2086
chrM	567	568	2074
chrM	568	569	2086
chrM	569	570	2183
chrM	570	571	2191
chrM	571	572	2192
chrM	572	573	2197
chrM	573	574	2333
chrM	574	575	2406
chrM	575	576	2426
chrM	576	577	2434
chrM	577	578	2427
chrM	578	579	2508
chrM	579	580	2569
chrM	580	581	2563
chrM	581	582	2564
chrM	582	583	2566
chrM	583	584	2594
chrM	584	585	2591
chrM	585	586	2585
chrM	586	587	2601
chrM	587	588	2603
chrM	588	589	2603
chrM	589	590	2572
chrM	590	591	2551
chrM	591	592	2571
chrM	592	593	2590
chrM	593	594	2957
chrM	594	595	2949
chrM	595	596	3014
chrM	596	597	3039
chrM	597	598	3042
chrM	598	599	3082
chrM	599	600	3140
chrM	600	601	3170
chrM	601	602	3174
chrM	602	603	3188
chrM	603	604	3236
chrM	604	605	3314
chrM	605	606	3334
chrM	606	607	3326
chrM	607	608	3345
chrM	608	609	3347
chrM	609	610	3369
chrM	610	611	3375
chrM	611	612	3390
chrM	612	613	3400
chrM	613	614	3393
chrM	614	615	3366
chrM	615	616	3374
chrM	616	617	3386
chrM	617	618	3385
chrM	618	619	3386
chrM	619	620	3393
chrM	620	621	3417
chrM	621	622	3417
chrM	622	623	3414
chrM	623	624	3413
chrM	624	625	3410
chrM	625	626	3411
chrM	626	627	3415
chrM	627	628	3422
chrM	628	629	3444
chrM	629	630	3448
chrM	630	631	3444
chrM	631	632	3440
chrM	632	633	3498
chrM	633	634	3523
chrM	634	635	3544
chrM	635	636	3574
chrM	636	637	3556
chrM	637	638	3552
chrM	638	639	3551
chrM	639	640	3679
chrM	640	641	3681
chrM	641	642	3689
chrM	642	643	3691
chrM	643	644	3675
chrM	644	645	3680
chrM	645	646	3681
chrM	646	647	3681
chrM	647	648	3682
chrM	648	649	3680
chrM	649	650	3643
chrM	650	651	3646
chrM	651	652	3659
chrM	652	653	3661
chrM	653	654	3661
chrM	654	655	3667
chrM	655	656	3669
chrM	656	657	3666
chrM	657	658	3698
chrM	658	659	3711
chrM	659	660	3710
chrM	660	661	3710
chrM	661	662	3721
chrM	662	663	3722
chrM	663	664	3727
chrM	664	665	3729
chrM	665	666	3730
chrM	666	667	3744
chrM	667	668	3743
chrM	668	669	3740
chrM	669	670	3754
chrM	670	671	3759
chrM	671	672	3759
chrM	672	673	3710
chrM	673	674	3711
chrM	674	675	3713
chrM	675	676	3708
chrM	676	677	3702
chrM	677	678	3716
chrM	678	679	3717
chrM	679	680	3725
chrM	680	681	3731
chrM	681	682	3730
chrM	682	683	3718
chrM	683	684	3718
chrM	684	685	3718
chrM	685	686	3713
chrM	686	687	3713
chrM	687	688	3736
chrM	688	689	3736
chrM	689	690	3738
chrM	690	691	3726
chrM	691	692	3723
chrM	692	693	3718
chrM	693	694	3720
chrM	694	695	3720
chrM	695	696	3713
chrM	696	697	3714
chrM	697	698	3712
chrM	698	699	3706
chrM	699	700	3709
chrM	700	701	3709
chrM	701	702	3711
chrM	702	703	3713
chrM	703	704	3713
chrM	704	705	3713
chrM	705	706	3711
chrM	706	707	3712
chrM	707	708	3801
chrM	708	709	3802
chrM	709	710	3803
chrM	710	711	3802
chrM	711	712	3802
chrM	712	713	3878
chrM	713	714	3885
chrM	714	715	3886
chrM	715	716	3879
chrM	716	717	3879
chrM	717	718	3872
chrM	718	719	3827
chrM	719	720	3836
chrM	720	721	3848
chrM	721	722	3847
chrM	722	723	3857
chrM	723	724	3848
chrM	724	725	3839
chrM	725	726	3835
chrM	726	727	3828
chrM	727	728	3807
chrM	728	729	3813
chrM	729	730	3617
chrM	730	731	3616
chrM	731	732	3618
chrM	732	733	3697
chrM	733	734	3752
chrM	734	735	3779
chrM	735	736	3987
chrM	736	737	3997
chrM	737	738	4004
chrM	738	739	3983
chrM	739	740	3988
chrM	740	741	3989
chrM	741	742	3999
chrM	742	743	4002
chrM	743	744	3998
chrM	744	745	4002
chrM	745	746	3986
chrM	746	747	3998
chrM	747	748	3991
chrM	748	749	3980
chrM	749	750	3935
chrM	750	751	3944
chrM	751	752	3938
chrM	752	753	3927
chrM	753	754	3929
chrM	754	755	3928
chrM	755	756	3959
chrM	756	757	3951
chrM	757	758	3955
chrM	758	759	3949
chrM	759	760	3991
chrM	760	761	3996
chrM	761	762	3987
chrM	762	763	3990
chrM	763	764	4007
chrM	764	765	4012
chrM	765	766	4055
chrM	766	767	4052
chrM	767	768	4053
chrM	768	769	4051
chrM	769	770	4052
chrM	770	771	4037
chrM	771	772	4040
chrM	772	773	4042
chrM	773	774	4045
chrM	774	775	4028
chrM	775	776	3924
chrM	776	777	3924
chrM	777	778	3912
chrM	778	779	3920
chrM	779	780	3927
chrM	780	781	3930
chrM	781	782	3914
chrM	782	783	3921
chrM	783	784	3917
chrM	784	785	3905
chrM	785	786	3907
chrM	786	787	3898
chrM	787	788	3904
chrM	788	789	3898
chrM	789	790	3899
chrM	790	791	3880
chrM	791	792	3881
chrM	792	793	3878
chrM	793	794	3873
chrM	794	795	3874
chrM	795	796	3872
chrM	796	797	3861
chrM	797	798	3857
chrM	798	799	3855
chrM	799	800	3841
chrM	800	801	3873
chrM	801	802	3879
chrM	802	803	3880
chrM	803	804	3875
chrM	804	805	3888
chrM	805	806	3884
chrM	806	807	3862
chrM	807	808	3852
chrM	808	809	3851
chrM	809	810	3850
chrM	810	811	3841
chrM	811	812	3743
chrM	812	813	3740
chrM	813	814	3751
chrM	814	815	3754
chrM	815	816	3754
chrM	816	817	3729
chrM	817	818	3726
chrM	818	819	3712
chrM	819	820	3712
chrM	820	821	3716
chrM	821	822	3709
chrM	822	823	3709
chrM	823	824	3696
chrM	824	825	3691
chrM	825	826	3688
chrM	826	827	3689
chrM	827	828	3691
chrM	828	829	3690
chrM	829	830	3685
chrM	830	831	3682
chrM	831	832	3679
chrM	832	833	3685
chrM	833	834	3679
chrM	834	835	3683
chrM	835	836	3698
chrM	836	837	3698
chrM	837	838	3685
chrM	838	839	3669
chrM	839	840	3670
chrM	840	841	3750
chrM	841	842	3770
chrM	842	843	3767
chrM	843	844	3755
chrM	844	845	3762
chrM	845	846	3767
chrM	846	847	3756
chrM	847	848	3740
chrM	848	849	3742
chrM	849	850	3743
chrM	850	851	3737
chrM	851	852	3722
chrM	852	853	3720
chrM	853	854	3723
chrM	854	855	3734
chrM	855	856	3756
chrM	856	857	3702
chrM	857	858	3713
chrM	858	859	3694
chrM	859	860	3635
chrM	860	861	3651
chrM	861	862	3623
chrM	862	863	3635
chrM	863	864	3631
chrM	864	865	3608
chrM	865	866	3600
chrM	866	867	3575
chrM	867	868	3574
chrM	868	869	3597
chrM	869	870	3643
chrM	870	871	3641
chrM	871	872	3948
chrM	872	873	4074
chrM	873	874	4051
chrM	874	875	4079
chrM	875	876	4087
chrM	876	877	4113
chrM	877	878	4114
chrM	878	879	4184
chrM	879	880	4154
chrM	880	881	4152
chrM	881	882	4256
chrM	882	883	4209
chrM	883	884	4197
chrM	884	885	4185
chrM	885	886	4193
chrM	886	887	4188
chrM	887	888	4185
chrM	888	889	4179
chrM	889	890	4178
chrM	890	891	4172
chrM	891	892	4152
chrM	892	893	4127
chrM	893	894	4216
chrM	894	895	4223
chrM	895	896	4222
chrM	896	897	4215
chrM	897	898	4211
chrM	898	899	4218
chrM	899	900	4229
chrM	900	901	4229
chrM	901	902	4259
chrM	902	903	4257
chrM	903	904	4251
chrM	904	905	4153
chrM	905	906	4137
chrM	906	907	4143
chrM	907	908	4144
chrM	908	909	4090
chrM	909	910	4080
chrM	910	911	4066
chrM	911	912	4067
chrM	912	913	4032
chrM	913	914	4032
chrM	914	915	4032
chrM	915	916	4035
chrM	916	917	4025
chrM	917	918	3984
chrM	918	919	3985
chrM	919	920	3993
chrM	920	921	3935
chrM	921	922	3909
chrM	922	923	3848
chrM	923	924	3808
chrM	924	925	3813
chrM	925	926	3767
chrM	926	927	3764
chrM	927	928	3585
chrM	928	929	3563
chrM	929	930	3561
chrM	930	931	3551
chrM	931	932	3554
chrM	932	933	3542
chrM	933	934	3541
chrM	934	935	3506
chrM	935	936	3503
chrM	936	937	3511
chrM	937	938	3529
chrM	938	939	3530
chrM	939	940	3527
chrM	940	941	3527
chrM	941	942	3530
chrM	942	943	3555
chrM	943	944	3560
chrM	944	945	3559
chrM	945	946	3562
chrM	946	947	3564
chrM	947	948	3580
chrM	948	949	3580
chrM	949	950	3582
chrM	950	951	3584
chrM	951	952	3586
chrM	952	953	3580
chrM	953	954	3580
chrM	954	955	3500
chrM	955	956	3482
chrM	956	957	3480
chrM	957	958	3445
chrM	958	959	3328
chrM	959	960	3330
chrM	960	961	3330
chrM	961	962	3330
chrM	962	963	3330
chrM	963	964	3337
chrM	964	965	3330
chrM	965	966	3331
chrM	966	967	3323
chrM	967	968	3329
chrM	968	969	3319
chrM	969	970	3303
chrM	970	971	3300
chrM	971	972	3291
chrM	972	973	3294
chrM	973	974	3294
chrM	974	975	3305
chrM	975	976	3307
chrM	976	977	3268
chrM	977	978	3265
chrM	978	979	3264
chrM	979	980	3269
chrM	980	981	3269
chrM	981	982	3270
chrM	982	983	3272
chrM	983	984	3275
chrM	984	985	3275
chrM	985	986	3272
chrM	986	987	3271
chrM	987	988	3271
chrM	988	989	3267
chrM	989	990	3261
chrM	990	991	3250
chrM	991	992	3257
chrM	992	993	3255
chrM	993	994	3255
chrM	994	995	3254
chrM	995	996	3251
chrM	996	997	3251
chrM	997	998	3254
chrM	998	999	3253
chrM	999	1000	3253
chrM	1000	1001	3251
chrM	1001	1002	3251
chrM	1002	1003	3252
chrM	1003	1004	3253
chrM	1004	1005	3258
chrM	1005	1006	3258
chrM	1006	1007	3258
chrM	1007	1008	3250
chrM	1008	1009	3250
chrM	1009	1010	3268
chrM	1010	1011	3265
chrM	1011	1012	3265
chrM	1012	1013	3265
chrM	1013	1014	3268
chrM	1014	1015	3272
chrM	1015	1016	3285
chrM	1016	1017	3294
chrM	1017	1018	3296
chrM	1018	1019	3295
chrM	1019	1020	3261
chrM	1020	1021	3258
chrM	1021	1022	3273
chrM	1022	1023	3282
chrM	1023	1024	3313
chrM	1024	1025	3315
chrM	1025	1026	3314
chrM	1026	1027	3373
chrM	1027	1028	3384
chrM	1028	1029	3386
chrM	1029	1030	3414
chrM	1030	1031	3393
chrM	1031	1032	3372
chrM	1032	1033	3372
chrM	1033	1034	3643
chrM	1034	1035	3709
chrM	1035	1036	3714
chrM	1036	1037	3713
chrM	1037	1038	3712
chrM	1038	1039	3772
chrM	1039	1040	3772
chrM	1040	1041	3912
chrM	1041	1042	3927
chrM	1042	1043	3942
chrM	1043	1044	3958
chrM	1044	1045	3746
chrM	1045	1046	3863
chrM	1046	1047	3860
chrM	1047	1048	3866
chrM	1048	1049	3895
chrM	1049	1050	3924
chrM	1050	1051	3921
chrM	1051	1052	3960
chrM	1052	1053	3964
chrM	1053	1054	3962
chrM	1054	1055	3965
chrM	1055	1056	3955
chrM	1056	1057	3956
chrM	1057	1058	3957
chrM	1058	1059	3958
chrM	1059	1060	3977
chrM	1060	1061	4063
chrM	1061	1062	4092
chrM	1062	1063	4014
chrM	1063	1064	4015
chrM	1064	1065	3960
chrM	1065	1066	3954
chrM	1066	1067	3949
chrM	1067	1068	3954
chrM	1068	1069	3954
chrM	1069	1070	3958
chrM	1070	1071	3965
chrM	1071	1072	3976
chrM	1072	1073	3960
chrM	1073	1074	3949
chrM	1074	1075	3955
chrM	1075	1076	3947
chrM	1076	1077	3942
chrM	1077	1078	3940
chrM	1078	1079	3932
chrM	1079	1080	3930
chrM	1080	1081	3930
chrM	1081	1082	3947
chrM	1082	1083	3945
chrM	1083	1084	3941
chrM	1084	1085	3871
chrM	1085	1086	3875
chrM	1086	1087	3827
chrM	1087	1088	3818
chrM	1088	1089	3797
chrM	1089	1090	3797
chrM	1090	1091	3795
chrM	1091	1092	3622
chrM	1092	1093	3620
chrM	1093	1094	3622
chrM	1094	1095	3615
chrM	1095	1096	3653
chrM	1096	1097	3636
chrM	1097	1098	3469
chrM	1098	1099	3461
chrM	1099	1100	3450
chrM	1100	1101	3454
chrM	1101	1102	3444
chrM	1102	1103	3445
chrM	1103	1104	3449
chrM	1104	1105	3460
chrM	1105	1106	3464
chrM	1106	1107	3464
chrM	1107	1108	3442
chrM	1108	1109	3448
chrM	1109	1110	3446
chrM	1110	1111	3446
chrM	1111	1112	3360
chrM	1112	1113	3351
chrM	1113	1114	3360
chrM	1114	1115	3362
chrM	1115	1116	3362
chrM	1116	1117	3341
chrM	1117	1118	3346
chrM	1118	1119	3347
chrM	1119	1120	3343
chrM	1120	1121	3343
chrM	1121	1122	3346
chrM	1122	1123	3379
chrM	1123	1124	3384
chrM	1124	1125	3380
chrM	1125	1126	3377
chrM	1126	1127	3377
chrM	1127	1128	3392
chrM	1128	1129	3397
chrM	1129	1130	3397
chrM	1130	1131	3397
chrM	1131	1132	3395
chrM	1132	1133	3398
chrM	1133	1134	3397
chrM	1134	1135	3422
chrM	1135	1136	3430
chrM	1136	1137	3436
chrM	1137	1138	3437
chrM	1138	1139	3434
chrM	1139	1140	3434
chrM	1140	1141	3431
chrM	1141	1142	3423
chrM	1142	1143	3455
chrM	1143	1144	3454
chrM	1144	1145	3447
chrM	1145	1146	3406
chrM	1146	1147	3392
chrM	1147	1148	3392
chrM	1148	1149	3381
chrM	1149	1150	3383
chrM	1150	1151	3377
chrM	1151	1152	3375
chrM	1152	1153	3374
chrM	1153	1154	3372
chrM	1154	1155	3377
chrM	1155	1156	3352
chrM	1156	1157	3349
chrM	1157	1158	3340
chrM	1158	1159	3340
chrM	1159	1160	3350
chrM	1160	1161	3359
chrM	1161	1162	3356
chrM	1162	1163	3354
chrM	1163	1164	3359
chrM	1164	1165	3355
chrM	1165	1166	3345
chrM	1166	1167	3345
chrM	1167	1168	3345
chrM	1168	1169	3344
chrM	1169	1170	3339
chrM	1170	1171	3304
chrM	1171	1172	3306
chrM	1172	1173	3306
chrM	1173	1174	3303
chrM	1174	1175	3299
chrM	1175	1176	3289
chrM	1176	1177	3269
chrM	1177	1178	3269
chrM	1178	1179	3267
chrM	1179	1180	3265
chrM	1180	1181	3232
chrM	1181	1182	3228
chrM	1182	1183	3224
chrM	1183	1184	3205
chrM	1184	1185	3205
chrM	1185	1186	3203
chrM	1186	1187	3182
chrM	1187	1188	3172
chrM	1188	1189	3170
chrM	1189	1190	3165
chrM	1190	1191	3120
chrM	1191	1192	3117
chrM	1192	1193	3118
chrM	1193	1194	3116
chrM	1194	1195	3107
chrM	1195	1196	3105
chrM	1196	1197	3104
chrM	1197	1198	3089
chrM	1198	1199	3083
chrM	1199	1200	3065
chrM	1200	1201	3055
chrM	1201	1202	3007
chrM	1202	1203	2995
chrM	1203	1204	2850
chrM	1204	1205	2848
chrM	1205	1206	2848
chrM	1206	1207	2848
chrM	1207	1208	2834
chrM	1208	1209	2816
chrM	1209	1210	2766
chrM	1210	1211	2764
chrM	1211	1212	2657
chrM	1212	1213	2645
chrM	1213	1214	2637
chrM	1214	1215	2615
chrM	1215	1216	2551
chrM	1216	1217	2013
chrM	1217	1218	1996
chrM	1218	1219	1983
chrM	1219	1220	1927
chrM	1220	1221	1862
chrM	1221	1222	1709
chrM	1222	1223	1713
chrM	1223	1224	1585
chrM	1224	1225	1566
chrM	1225	1226	1549
chrM	1226	1227	1484
chrM	1227	1228	1481
chrM	1228	1229	1392
chrM	1229	1230	1394
chrM	1230	1231	1382
chrM	1231	1232	1320
chrM	1232	1233	1305
chrM	1233	1234	1233
chrM	1234	1235	1169
chrM	1235	1236	1160
chrM	1236	1237	1163
chrM	1237	1238	1163
chrM	1238	1239	1159
chrM	1239	1240	1159
chrM	1240	1241	1163
chrM	1241	1242	1167
chrM	1242	1243	1167
chrM	1243	1244	1168
chrM	1244	1245	1168
chrM	1245	1246	1167
chrM	1246	1247	1166
chrM	1247	1248	1153
chrM	1248	1249	1152
chrM	1249	1250	1151
chrM	1250	1251	1145
chrM	1251	1252	1120
chrM	1252	1253	1119
chrM	1253	1254	1119
chrM	1254	1255	1084
chrM	1255	1256	1063
chrM	1256	1257	1030
chrM	1257	1258	1022
chrM	1258	1259	1013
chrM	1259	1260	976
chrM	1260	1261	981
chrM	1261	1262	981
chrM	1262	1263	983
chrM	1263	1264	980
chrM	1264	1265	984
chrM	1265	1266	975
chrM	1266	1267	974
chrM	1267	1268	974
chrM	1268	1269	973
chrM	1269	1270	974
chrM	1270	1271	976
chrM	1271	1272	977
chrM	1272	1273	977
chrM	1273	1274	977
chrM	1274	1275	978
chrM	1275	1276	973
chrM	1276	1277	978
chrM	1277	1278	980
chrM	1278	1279	980
chrM	1279	1280	982
chrM	1280	1281	983
chrM	1281	1282	976
chrM	1282	1283	976
chrM	1283	1284	973
chrM	1284	1285	973
chrM	1285	1286	972
chrM	1286	1287	970
chrM	1287	1288	954
chrM	1288	1289	945
chrM	1289	1290	937
chrM	1290	1291	934
chrM	1291	1292	931
chrM	1292	1293	928
chrM	1293	1294	910
chrM	1294	1295	900
chrM	1295	1296	898
chrM	1296	1297	891
chrM	1297	1298	871
chrM	1298	1299	870
chrM	1299	1300	860
chrM	1300	1301	857
chrM	1301	1302	832
chrM	1302	1303	829
chrM	1303	1304	829
chrM	1304	1305	829
chrM	1305	1306	830
chrM	1306	1307	825
chrM	1307	1308	824
chrM	1308	1309	821
chrM	1309	1310	787
chrM	1310	1311	774
chrM	1311	1312	768
chrM	1312	1313	768
chrM	1313	1314	767
chrM	1314	1315	765
chrM	1315	1316	766
chrM	1316	1317	765
chrM	1317	1318	763
chrM	1318	1319	763
chrM	1319	1320	762
chrM	1320	1321	743
chrM	1321	1322	741
chrM	1322	1323	741
chrM	1323	1324	742
chrM	1324	1325	742
chrM	1325	1326	742
chrM	1326	1327	741
chrM	1327	1328	741
chrM	1328	1329	740
chrM	1329	1330	739
chrM	1330	1331	739
chrM	1331	1332	739
chrM	1332	1333	740
chrM	1333	1334	740
chrM	1334	1335	736
chrM	1335	1336	735
chrM	1336	1337	725
chrM	1337	1338	725
chrM	1338	1339	717
chrM	1339	1340	713
chrM	1340	1341	696
chrM	1341	1342	692
chrM	1342	1343	657
chrM	1343	1344	656
chrM	1344	1345	655
chrM	1345	1346	654
chrM	1346	1347	654
chrM	1347	1348	653
chrM	1348	1349	652
chrM	1349	1350	651
chrM	1350	1351	652
chrM	1351	1352	651
chrM	1352	1353	651
chrM	1353	1354	646
chrM	1354	1355	646
chrM	1355	1356	646
chrM	1356	1357	646
chrM	1357	1358	646
chrM	1358	1359	646
chrM	1359	1360	646
chrM	1360	1361	618
chrM	1361	1362	618
chrM	1362	1363	618
chrM	1363	1364	615
chrM	1364	1365	607
chrM	1365	1366	554
chrM	1366	1367	551
chrM	1367	1368	549
chrM	1368	1369	540
chrM	1369	1370	537
chrM	1370	1371	492
chrM	1371	1372	478
chrM	1372	1373	460
chrM	1373	1374	456
chrM	1374	1375	439
chrM	1375	1376	435
chrM	1376	1377	435
chrM	1377	1378	433
chrM	1378	1379	417
chrM	1379	1380	410
chrM	1380	1381	429
chrM	1381	1382	429
chrM	1382	1383	429
chrM	1383	1384	429
chrM	1384	1385	430
chrM	1385	1386	430
chrM	1386	1387	429
chrM	1387	1388	429
chrM	1388	1389	429
chrM	1389	1390	428
chrM	1390	1391	427
chrM	1391	1392	427
chrM	1392	1393	427
chrM	1393	1394	427
chrM	1394	1395	426
chrM	1395	1396	426
chrM	1396	1397	425
chrM	1397	1398	426
chrM	1398	1399	426
chrM	1399	1400	426
chrM	1400	1401	427
chrM	1401	1402	424
chrM	1402	1403	420
chrM	1403	1404	414
chrM	1404	1405	414
chrM	1405	1406	414
chrM	1406	1407	413
chrM	1407	1408	401
chrM	1408	1409	399
chrM	1409	1410	394
chrM	1410	1411	364
chrM	1411	1412	352
chrM	1412	1413	352
chrM	1413	1414	352
chrM	1414	1415	346
chrM	1415	1416	325
chrM	1416	1417	307
chrM	1417	1418	306
chrM	1418	1419	305
chrM	1419	1420	297
chrM	1420	1421	294
chrM	1421	1422	294
chrM	1422	1423	291
chrM	1423	1424	284
chrM	1424	1425	262
chrM	1425	1426	262
chrM	1426	1427	263
chrM	1427	1428	263
chrM	1428	1429	263
chrM	1429	1430	262
chrM	1430	1431	261
chrM	1431	1432	261
chrM	1432	1433	260
chrM	1433	1434	260
chrM	1434	1435	260
chrM	1435	1436	260
chrM	1436	1437	266
chrM	1437	1438	266
chrM	1438	1439	254
chrM	1439	1440	254
chrM	1440	1441	254
chrM	1441	1442	250
chrM	1442	1443	248
chrM	1443	1444	248
chrM	1444	1445	248
chrM	1445	1446	249
chrM	1446	1447	249
chrM	1447	1448	249
chrM	1448	1449	249
chrM	1449	1450	249
chrM	1450	1451	249
chrM	1451	1452	249
chrM	1452	1453	252
chrM	1453	1454	252
chrM	1454	1455	252
chrM	1455	1456	257
chrM	1456	1457	257
chrM	1457	1458	257
chrM	1458	1459	257
chrM	1459	1460	257
chrM	1460	1461	257
chrM	1461	1462	256
chrM	1462	1463	257
chrM	1463	1464	257
chrM	1464	1465	257
chrM	1465	1466	257
chrM	1466	1467	258
chrM	1467	1468	258
chrM	1468	1469	259
chrM	1469	1470	261
chrM	1470	1471	262
chrM	1471	1472	264
chrM	1472	1473	263
chrM	1473	1474	263
chrM	1474	1475	263
chrM	1475	1476	263
chrM	1476	1477	266
chrM	1477	1478	269
chrM	1478	1479	268
chrM	1479	1480	268
chrM	1480	1481	270
chrM	1481	1482	271
chrM	1482	1483	271
chrM	1483	1484	273
chrM	1484	1485	273
chrM	1485	1486	273
chrM	1486	1487	274
chrM	1487	1488	274
chrM	1488	1489	273
chrM	1489	1490	273
chrM	1490	1491	273
chrM	1491	1492	273
chrM	1492	1493	273
chrM	1493	1494	273
chrM	1494	1495	274
chrM	1495	1496	274
chrM	1496	1497	275
chrM	1497	1498	275
chrM	1498	1499	275
chrM	1499	1500	275
chrM	1500	1501	275
chrM	1501	1502	275
chrM	1502	1503	275
chrM	1503	1504	276
chrM	1504	1505	276
chrM	1505	1506	279
chrM	1506	1507	279
chrM	1507	1508	279
chrM	1508	1509	279
chrM	1509	1510	280
chrM	1510	1511	280
chrM	1511	1512	280
chrM	1512	1513	281
chrM	1513	1514	281
chrM	1514	1515	281
chrM	1515	1516	282
chrM	1516	1517	282
chrM	1517	1518	282
chrM	1518	1519	282
chrM	1519	1520	282
chrM	1520	1521	291
chrM	1521	1522	291
chrM	1522	1523	291
chrM	1523	1524	292
chrM	1524	1525	294
chrM	1525	1526	318
chrM	1526	1527	322
chrM	1527	1528	332
chrM	1528	1529	334
chrM	1529	1530	335
chrM	1530	1531	335
chrM	1531	1532	336
chrM	1532	1533	366
chrM	1533	1534	367
chrM	1534	1535	368
chrM	1535	1536	370
chrM	1536	1537	374
chrM	1537	1538	376
chrM	1538	1539	376
chrM	1539	1540	380
chrM	1540	1541	381
chrM	1541	1542	381
chrM	1542	1543	489
chrM	1543	1544	495
chrM	1544	1545	497
chrM	1545	1546	504
chrM	1546	1547	507
chrM	1547	1548	517
chrM	1548	1549	519
chrM	1549	1550	528
chrM	1550	1551	540
chrM	1551	1552	545
chrM	1552	1553	548
chrM	1553	1554	553
chrM	1554	1555	560
chrM	1555	1556	568
chrM	1556	1557	574
chrM	1557	1558	574
chrM	1558	1559	582
chrM	1559	1560	596
chrM	1560	1561	613
chrM	1561	1562	614
chrM	1562	1563	615
chrM	1563	1564	622
chrM	1564	1565	629
chrM	1565	1566	630
chrM	1566	1567	637
chrM	1567	1568	651
chrM	1568	1569	653
chrM	1569	1570	655
chrM	1570	1571	662
chrM	1571	1572	664
chrM	1572	1573	665
chrM	1573	1574	665
chrM	1574	1575	706
chrM	1575	1576	709
chrM	1576	1577	822
chrM	1577	1578	864
chrM	1578	1579	902
chrM	1579	1580	956
chrM	1580	1581	965
chrM	1581	1582	1020
chrM	1582	1583	1078
chrM	1583	1584	1103
chrM	1584	1585	2078
chrM	1585	1586	2157
chrM	1586	1587	2450
chrM	1587	1588	3631
chrM	1588	1589	3848
chrM	1589	1590	3987
chrM	1590	1591	3994
chrM	1591	1592	6073
chrM	1592	1593	6650
chrM	1593	1594	6788
chrM	1594	1595	6842
chrM	1595	1596	6856
chrM	1596	1597	6921
chrM	1597	1598	6957
chrM	1598	1599	6966
chrM	1599	1600	7082
chrM	1600	1601	7085
chrM	1601	1602	7138
chrM	1602	1603	7366
chrM	1603	1604	7425
chrM	1604	1605	7444
chrM	1605	1606	7451
chrM	1606	1607	7692
chrM	1607	1608	7881
chrM	1608	1609	7885
chrM	1609	1610	7911
chrM	1610	1611	7915
chrM	1611	1612	8036
chrM	1612	1613	8065
chrM	1613	1614	8073
chrM	1614	1615	8082
chrM	1615	1616	8096
chrM	1616	1617	8132
chrM	1617	1618	8139
chrM	1618	1619	8162
chrM	1619	1620	8213
chrM	1620	1621	8269
chrM	1621	1622	8269
chrM	1622	1623	8389
chrM	1623	1624	8481
chrM	1624	1625	8520
chrM	1625	1626	8638
chrM	1626	1627	8746
chrM	1627	1628	8766
chrM	1628	1629	8772
chrM	1629	1630	8870
chrM	1630	1631	8970
chrM	1631	1632	8970
chrM	1632	1633	9039
chrM	1633	1634	9152
chrM	1634	1635	9246
chrM	1635	1636	9369
chrM	1636	1637	9608
chrM	1637	1638	9630
chrM	1638	1639	9635
chrM	1639	1640	9697
chrM	1640	1641	9710
chrM	1641	1642	9796
chrM	1642	1643	10248
chrM	1643	1644	10252
chrM	1644	1645	10320
chrM	1645	1646	10429
chrM	1646	1647	10460
chrM	1647	1648	10467
chrM	1648	1649	10503
chrM	1649	1650	10563
chrM	1650	1651	10563
chrM	1651	1652	10650
chrM	1652	1653	10693
chrM	1653	1654	11129
chrM	1654	1655	11258
chrM	1655	1656	11267
chrM	1656	1657	11283
chrM	1657	1658	11288
chrM	1658	1659	11434
chrM	1659	1660	11450
chrM	1660	1661	11474
chrM	1661	1662	11481
chrM	1662	1663	11480
chrM	1663	1664	11535
chrM	1664	1665	11540
chrM	1665	1666	11559
chrM	1666	1667	11567
chrM	1667	1668	11576
chrM	1668	1669	11579
chrM	1669	1670	11639
chrM	1670	1671	11649
chrM	1671	1672	11675
chrM	1672	1673	11691
chrM	1673	1674	11728
chrM	1674	1675	11761
chrM	1675	1676	11763
chrM	1676	1677	11813
chrM	1677	1678	11816
chrM	1678	1679	11878
chrM	1679	1680	12017
chrM	1680	1681	12027
chrM	1681	1682	12052
chrM	1682	1683	12062
chrM	1683	1684	12078
chrM	1684	1685	12104
chrM	1685	1686	12111
chrM	1686	1687	12110
chrM	1687	1688	12115
chrM	1688	1689	12117
chrM	1689	1690	12115
chrM	1690	1691	12126
chrM	1691	1692	12129
chrM	1692	1693	12155
chrM	1693	1694	12165
chrM	1694	1695	12156
chrM	1695	1696	12156
chrM	1696	1697	12157
chrM	1697	1698	12182
chrM	1698	1699	12191
chrM	1699	1700	12218
chrM	1700	1701	12256
chrM	1701	1702	12265
chrM	1702	1703	12288
chrM	1703	1704	12299
chrM	1704	1705	12304
chrM	1705	1706	12288
chrM	1706	1707	12286
chrM	1707	1708	12286
chrM	1708	1709	12281
chrM	1709	1710	12279
chrM	1710	1711	12310
chrM	1711	1712	12325
chrM	1712	1713	12332
chrM	1713	1714	12334
chrM	1714	1715	12568
chrM	1715	1716	12580
chrM	1716	1717	12580
chrM	1717	1718	12587
chrM	1718	1719	12588
chrM	1719	1720	12591
chrM	1720	1721	12597
chrM	1721	1722	12593
chrM	1722	1723	12602
chrM	1723	1724	12597
chrM	1724	1725	12661
chrM	1725	1726	12670
chrM	1726	1727	12656
chrM	1727	1728	12590
chrM	1728	1729	12601
chrM	1729	1730	12946
chrM	1730	1731	12971
chrM	1731	1732	13174
chrM	1732	1733	13159
chrM	1733	1734	13144
chrM	1734	1735	13083
chrM	1735	1736	13098
chrM	1736	1737	13126
chrM	1737	1738	13132
chrM	1738	1739	13357
chrM	1739	1740	13373
chrM	1740	1741	13387
chrM	1741	1742	13405
chrM	1742	1743	13387
chrM	1743	1744	13524
chrM	1744	1745	13509
chrM	1745	1746	13509
chrM	1746	1747	13599
chrM	1747	1748	13604
chrM	1748	1749	13715
chrM	1749	1750	13675
chrM	1750	1751	13672
chrM	1751	1752	13659
chrM	1752	1753	13600
chrM	1753	1754	13633
chrM	1754	1755	13672
chrM	1755	1756	13641
chrM	1756	1757	13595
chrM	1757	1758	13304
chrM	1758	1759	12959
chrM	1759	1760	12962
chrM	1760	1761	13003
chrM	1761	1762	12995
chrM	1762	1763	12987
chrM	1763	1764	12868
chrM	1764	1765	12880
chrM	1765	1766	13059
chrM	1766	1767	13074
chrM	1767	1768	13097
chrM	1768	1769	13069
chrM	1769	1770	13069
chrM	1770	1771	13059
chrM	1771	1772	13143
chrM	1772	1773	13151
chrM	1773	1774	13157
chrM	1774	1775	13153
chrM	1775	1776	13095
chrM	1776	1777	13085
chrM	1777	1778	13072
chrM	1778	1779	13130
chrM	1779	1780	13128
chrM	1780	1781	13151
chrM	1781	1782	13054
chrM	1782	1783	13018
chrM	1783	1784	13013
chrM	1784	1785	12997
chrM	1785	1786	13000
chrM	1786	1787	13000
chrM	1787	1788	13008
chrM	1788	1789	13020
chrM	1789	1790	12995
chrM	1790	1791	12971
chrM	1791	1792	12974
chrM	1792	1793	12971
chrM	1793	1794	12973
chrM	1794	1795	12984
chrM	1795	1796	12975
chrM	1796	1797	12975
chrM	1797	1798	13011
chrM	1798	1799	13030
chrM	1799	1800	13052
chrM	1800	1801	13081
chrM	1801	1802	12738
chrM	1802	1803	12697
chrM	1803	1804	12685
chrM	1804	1805	12422
chrM	1805	1806	12464
chrM	1806	1807	12497
chrM	1807	1808	12496
chrM	1808	1809	11989
chrM	1809	1810	11943
chrM	1810	1811	11774
chrM	1811	1812	11783
chrM	1812	1813	11820
chrM	1813	1814	11882
chrM	1814	1815	11857
chrM	1815	1816	11779
chrM	1816	1817	11770
chrM	1817	1818	11696
chrM	1818	1819	11688
chrM	1819	1820	11703
chrM	1820	1821	11685
chrM	1821	1822	11634
chrM	1822	1823	11605
chrM	1823	1824	11539
chrM	1824	1825	11469
chrM	1825	1826	11441
chrM	1826	1827	11443
chrM	1827	1828	11427
chrM	1828	1829	11405
chrM	1829	1830	11378
chrM	1830	1831	11378
chrM	1831	1832	11377
chrM	1832	1833	11378
chrM	1833	1834	11381
chrM	1834	1835	11387
chrM	1835	1836	11412
chrM	1836	1837	11403
chrM	1837	1838	11376
chrM	1838	1839	11403
chrM	1839	1840	11408
chrM	1840	1841	11422
chrM	1841	1842	11417
chrM	1842	1843	11390
chrM	1843	1844	11386
chrM	1844	1845	11378
chrM	1845	1846	11340
chrM	1846	1847	11267
chrM	1847	1848	11274
chrM	1848	1849	11250
chrM	1849	1850	11240
chrM	1850	1851	11212
chrM	1851	1852	11171
chrM	1852	1853	11178
chrM	1853	1854	11252
chrM	1854	1855	11258
chrM	1855	1856	11319
chrM	1856	1857	11324
chrM	1857	1858	11352
chrM	1858	1859	11390
chrM	1859	1860	11396
chrM	1860	1861	11453
chrM	1861	1862	11627
chrM	1862	1863	11630
chrM	1863	1864	11633
chrM	1864	1865	11599
chrM	1865	1866	11652
chrM	1866	1867	11661
chrM	1867	1868	11651
chrM	1868	1869	11674
chrM	1869	1870	11704
chrM	1870	1871	11728
chrM	1871	1872	11692
chrM	1872	1873	11635
chrM	1873	1874	11650
chrM	1874	1875	11604
chrM	1875	1876	11522
chrM	1876	1877	11509
chrM	1877	1878	11508
chrM	1878	1879	11457
chrM	1879	1880	11426
chrM	1880	1881	10642
chrM	1881	1882	10639
chrM	1882	1883	10551
chrM	1883	1884	10536
chrM	1884	1885	10512
chrM	1885	1886	10513
chrM	1886	1887	10404
chrM	1887	1888	10376
chrM	1888	1889	10330
chrM	1889	1890	10197
chrM	1890	1891	10182
chrM	1891	1892	9911
chrM	1892	1893	9917
chrM	1893	1894	10163
chrM	1894	1895	10218
chrM	1895	1896	10221
chrM	1896	1897	9850
chrM	1897	1898	9916
chrM	1898	1899	9895
chrM	1899	1900	9901
chrM	1900	1901	9814
chrM	1901	1902	9794
chrM	1902	1903	9674
chrM	1903	1904	9568
chrM	1904	1905	9176
chrM	1905	1906	9155
chrM	1906	1907	9155
chrM	1907	1908	8825
chrM	1908	1909	8792
chrM	1909	1910	8708
chrM	1910	1911	8564
chrM	1911	1912	8404
chrM	1912	1913	8406
chrM	1913	1914	8412
chrM	1914	1915	7950
chrM	1915	1916	7804
chrM	1916	1917	7783
chrM	1917	1918	7683
chrM	1918	1919	7671
chrM	1919	1920	7631
chrM	1920	1921	7627
chrM	1921	1922	7614
chrM	1922	1923	7573
chrM	1923	1924	7567
chrM	1924	1925	7405
chrM	1925	1926	7401
chrM	1926	1927	7366
chrM	1927	1928	7362
chrM	1928	1929	7353
chrM	1929	1930	7345
chrM	1930	1931	7345
chrM	1931	1932	7556
chrM	1932	1933	7546
chrM	1933	1934	7523
chrM	1934	1935	7513
chrM	1935	1936	7477
chrM	1936	1937	7484
chrM	1937	1938	7267
chrM	1938	1939	7239
chrM	1939	1940	7271
chrM	1940	1941	7269
chrM	1941	1942	7172
chrM	1942	1943	7141
chrM	1943	1944	7134
chrM	1944	1945	7274
chrM	1945	1946	7254
chrM	1946	1947	7146
chrM	1947	1948	6863
chrM	1948	1949	6846
chrM	1949	1950	6841
chrM	1950	1951	6831
chrM	1951	1952	6829
chrM	1952	1953	6830
chrM	1953	1954	6824
chrM	1954	1955	6622
chrM	1955	1956	6501
chrM	1956	1957	6399
chrM	1957	1958	6399
chrM	1958	1959	6398
chrM	1959	1960	6399
chrM	1960	1961	6399
chrM	1961	1962	6399
chrM	1962	1963	6410
chrM	1963	1964	6412
chrM	1964	1965	6413
chrM	1965	1966	6414
chrM	1966	1967	6619
chrM	1967	1968	6625
chrM	1968	1969	6626
chrM	1969	1970	6627
chrM	1970	1971	6627
chrM	1971	1972	6624
chrM	1972	1973	6572
chrM	1973	1974	6552
chrM	1974	1975	6541
chrM	1975	1976	6559
chrM	1976	1977	6549
chrM	1977	1978	6485
chrM	1978	1979	6412
chrM	1979	1980	6414
chrM	1980	1981	6418
chrM	1981	1982	6443
chrM	1982	1983	6449
chrM	1983	1984	6449
chrM	1984	1985	6450
chrM	1985	1986	6455
chrM	1986	1987	6455
chrM	1987	1988	6464
chrM	1988	1989	6456
chrM	1989	1990	6458
chrM	1990	1991	6483
chrM	1991	1992	6486
chrM	1992	1993	6501
chrM	1993	1994	6503
chrM	1994	1995	6533
chrM	1995	1996	6554
chrM	1996	1997	6553
chrM	1997	1998	6663
chrM	1998	1999	6665
chrM	1999	2000	6743
chrM	2000	2001	6743
chrM	2001	2002	6761
chrM	2002	2003	6808
chrM	2003	2004	6805
chrM	2004	2005	6824
chrM	2005	2006	6831
chrM	2006	2007	6946
chrM	2007	2008	6955
chrM	2008	2009	6962
chrM	2009	2010	7009
chrM	2010	2011	7005
chrM	2011	2012	7012
chrM	2012	2013	7028
chrM	2013	2014	7030
chrM	2014	2015	7096
chrM	2015	2016	7097
chrM	2016	2017	7173
chrM	2017	2018	7152
chrM	2018	2019	7153
chrM	2019	2020	7340
chrM	2020	2021	7344
chrM	2021	2022	7348
chrM	2022	2023	7303
chrM	2023	2024	7302
chrM	2024	2025	7327
chrM	2025	2026	7337
chrM	2026	2027	7391
chrM	2027	2028	7471
chrM	2028	2029	7512
chrM	2029	2030	7513
chrM	2030	2031	7482
chrM	2031	2032	7910
chrM	2032	2033	7928
chrM	2033	2034	7934
chrM	2034	2035	7949
chrM	2035	2036	7938
chrM	2036	2037	8084
chrM	2037	2038	8053
chrM	2038	2039	8086
chrM	2039	2040	8107
chrM	2040	2041	8558
chrM	2041	2042	8820
chrM	2042	2043	9925
chrM	2043	2044	9928
chrM	2044	2045	9906
chrM	2045	2046	9929
chrM	2046	2047	11631
chrM	2047	2048	12347
chrM	2048	2049	13306
chrM	2049	2050	13434
chrM	2050	2051	13430
chrM	2051	2052	13418
chrM	2052	2053	13620
chrM	2053	2054	13653
chrM	2054	2055	13710
chrM	2055	2056	13893
chrM	2056	2057	14294
chrM	2057	2058	14291
chrM	2058	2059	14268
chrM	2059	2060	14275
chrM	2060	2061	14318
chrM	2061	2062	14426
chrM	2062	2063	14455
chrM	2063	2064	14540
chrM	2064	2065	14681
chrM	2065	2066	14705
chrM	2066	2067	14726
chrM	2067	2068	14544
chrM	2068	2069	14543
chrM	2069	2070	14686
chrM	2070	2071	14667
chrM	2071	2072	14677
chrM	2072	2073	14683
chrM	2073	2074	14717
chrM	2074	2075	14742
chrM	2075	2076	14718
chrM	2076	2077	14714
chrM	2077	2078	15094
chrM	2078	2079	15090
chrM	2079	2080	15179
chrM	2080	2081	15516
chrM	2081	2082	15519
chrM	2082	2083	15648
chrM	2083	2084	15638
chrM	2084	2085	15673
chrM	2085	2086	15686
chrM	2086	2087	15828
chrM	2087	2088	15880
chrM	2088	2089	15945
chrM	2089	2090	15947
chrM	2090	2091	15864
chrM	2091	2092	15864
chrM	2092	2093	16164
chrM	2093	2094	16172
chrM	2094	2095	16178
chrM	2095	2096	16182
chrM	2096	2097	16183
chrM	2097	2098	16523
chrM	2098	2099	16541
chrM	2099	2100	16551
chrM	2100	2101	16554
chrM	2101	2102	16560
chrM	2102	2103	16566
chrM	2103	2104	16533
chrM	2104	2105	16548
chrM	2105	2106	16600
chrM	2106	2107	16610
chrM	2107	2108	16586
chrM	2108	2109	16344
chrM	2109	2110	16343
chrM	2110	2111	16351
chrM	2111	2112	16349
chrM	2112	2113	16357
chrM	2113	2114	16434
chrM	2114	2115	16439
chrM	2115	2116	16437
chrM	2116	2117	16457
chrM	2117	2118	16504
chrM	2118	2119	16487
chrM	2119	2120	16443
chrM	2120	2121	16487
chrM	2121	2122	16585
chrM	2122	2123	16610
chrM	2123	2124	16605
chrM	2124	2125	16580
chrM	2125	2126	16684
chrM	2126	2127	16693
chrM	2127	2128	16884
chrM	2128	2129	17068
chrM	2129	2130	17084
chrM	2130	2131	17078
chrM	2131	2132	17055
chrM	2132	2133	17195
chrM	2133	2134	17205
chrM	2134	2135	17211
chrM	2135	2136	17212
chrM	2136	2137	17371
chrM	2137	2138	17531
chrM	2138	2139	17588
chrM	2139	2140	17625
chrM	2140	2141	17838
chrM	2141	2142	17913
chrM	2142	2143	18012
chrM	2143	2144	18053
chrM	2144	2145	18054
chrM	2145	2146	18294
chrM	2146	2147	18328
chrM	2147	2148	18337
chrM	2148	2149	18370
chrM	2149	2150	18401
chrM	2150	2151	18488
chrM	2151	2152	18447
chrM	2152	2153	18491
chrM	2153	2154	18506
chrM	2154	2155	18506
chrM	2155	2156	18546
chrM	2156	2157	18548
chrM	2157	2158	18562
chrM	2158	2159	18594
chrM	2159	2160	18589
chrM	2160	2161	18639
chrM	2161	2162	18676
chrM	2162	2163	18690
chrM	2163	2164	18690
chrM	2164	2165	18684
chrM	2165	2166	18598
chrM	2166	2167	18598
chrM	2167	2168	18593
chrM	2168	2169	18624
chrM	2169	2170	18619
chrM	2170	2171	18622
chrM	2171	2172	18508
chrM	2172	2173	18499
chrM	2173	2174	18284
chrM	2174	2175	18288
chrM	2175	2176	18292
chrM	2176	2177	18290
chrM	2177	2178	18211
chrM	2178	2179	18234
chrM	2179	2180	18198
chrM	2180	2181	18190
chrM	2181	2182	18143
chrM	2182	2183	18152
chrM	2183	2184	18446
chrM	2184	2185	18429
chrM	2185	2186	18356
chrM	2186	2187	18243
chrM	2187	2188	17727
chrM	2188	2189	17630
chrM	2189	2190	17519
chrM	2190	2191	17465
chrM	2191	2192	17356
chrM	2192	2193	17343
chrM	2193	2194	17341
chrM	2194	2195	16174
chrM	2195	2196	16159
chrM	2196	2197	16154
chrM	2197	2198	16108
chrM	2198	2199	16099
chrM	2199	2200	16024
chrM	2200	2201	16027
chrM	2201	2202	16048
chrM	2202	2203	16027
chrM	2203	2204	15973
chrM	2204	2205	15933
chrM	2205	2206	15878
chrM	2206	2207	15886
chrM	2207	2208	15972
chrM	2208	2209	15979
chrM	2209	2210	15962
chrM	2210	2211	15949
chrM	2211	2212	15984
chrM	2212	2213	16438
chrM	2213	2214	16453
chrM	2214	2215	16460
chrM	2215	2216	16511
chrM	2216	2217	16588
chrM	2217	2218	16632
chrM	2218	2219	15773
chrM	2219	2220	16131
chrM	2220	2221	16145
chrM	2221	2222	16118
chrM	2222	2223	15335
chrM	2223	2224	15292
chrM	2224	2225	15487
chrM	2225	2226	15493
chrM	2226	2227	15478
chrM	2227	2228	15074
chrM	2228	2229	14925
chrM	2229	2230	14900
chrM	2230	2231	14809
chrM	2231	2232	14811
chrM	2232	2233	14813
chrM	2233	2234	14825
chrM	2234	2235	14998
chrM	2235	2236	15328
chrM	2236	2237	15299
chrM	2237	2238	15334
chrM	2238	2239	15360
chrM	2239	2240	15474
chrM	2240	2241	15353
chrM	2241	2242	15519
chrM	2242	2243	15529
chrM	2243	2244	15512
chrM	2244	2245	15507
chrM	2245	2246	15432
chrM	2246	2247	15424
chrM	2247	2248	15379
chrM	2248	2249	15383
chrM	2249	2250	15369
chrM	2250	2251	15260
chrM	2251	2252	15043
chrM	2252	2253	14978
chrM	2253	2254	14962
chrM	2254	2255	14925
chrM	2255	2256	14906
chrM	2256	2257	14735
chrM	2257	2258	14727
chrM	2258	2259	14732
chrM	2259	2260	14727
chrM	2260	2261	14624
chrM	2261	2262	14559
chrM	2262	2263	14545
chrM	2263	2264	14517
chrM	2264	2265	14435
chrM	2265	2266	14438
chrM	2266	2267	14505
chrM	2267	2268	14500
chrM	2268	2269	14548
chrM	2269	2270	14293
chrM	2270	2271	14243
chrM	2271	2272	14178
chrM	2272	2273	14044
chrM	2273	2274	14047
chrM	2274	2275	13913
chrM	2275	2276	13847
chrM	2276	2277	13646
chrM	2277	2278	13186
chrM	2278	2279	12671
chrM	2279	2280	12653
chrM	2280	2281	12652
chrM	2281	2282	12618
chrM	2282	2283	12547
chrM	2283	2284	12508
chrM	2284	2285	12558
chrM	2285	2286	12539
chrM	2286	2287	12560
chrM	2287	2288	12610
chrM	2288	2289	12586
chrM	2289	2290	12533
chrM	2290	2291	12489
chrM	2291	2292	12596
chrM	2292	2293	12493
chrM	2293	2294	12380
chrM	2294	2295	12279
chrM	2295	2296	12542
chrM	2296	2297	12538
chrM	2297	2298	12483
chrM	2298	2299	12426
chrM	2299	2300	12351
chrM	2300	2301	12308
chrM	2301	2302	12056
chrM	2302	2303	12063
chrM	2303	2304	12061
chrM	2304	2305	12057
chrM	2305	2306	12064
chrM	2306	2307	12069
chrM	2307	2308	12071
chrM	2308	2309	12065
chrM	2309	2310	12041
chrM	2310	2311	12034
chrM	2311	2312	11977
chrM	2312	2313	11929
chrM	2313	2314	11981
chrM	2314	2315	11981
chrM	2315	2316	12029
chrM	2316	2317	12038
chrM	2317	2318	12025
chrM	2318	2319	11971
chrM	2319	2320	11900
chrM	2320	2321	11905
chrM	2321	2322	11812
chrM	2322	2323	11803
chrM	2323	2324	11463
chrM	2324	2325	11460
chrM	2325	2326	11456
chrM	2326	2327	11451
chrM	2327	2328	11410
chrM	2328	2329	11398
chrM	2329	2330	11391
chrM	2330	2331	11506
chrM	2331	2332	11516
chrM	2332	2333	11518
chrM	2333	2334	11631
chrM	2334	2335	11641
chrM	2335	2336	11633
chrM	2336	2337	11663
chrM	2337	2338	11607
chrM	2338	2339	11605
chrM	2339	2340	11552
chrM	2340	2341	11492
chrM	2341	2342	11441
chrM	2342	2343	11335
chrM	2343	2344	11312
chrM	2344	2345	11268
chrM	2345	2346	11228
chrM	2346	2347	11002
chrM	2347	2348	11005
chrM	2348	2349	11004
chrM	2349	2350	11082
chrM	2350	2351	11087
chrM	2351	2352	11250
chrM	2352	2353	11298
chrM	2353	2354	11287
chrM	2354	2355	11275
chrM	2355	2356	11228
chrM	2356	2357	11274
chrM	2357	2358	11252
chrM	2358	2359	11215
chrM	2359	2360	11067
chrM	2360	2361	10869
chrM	2361	2362	10938
chrM	2362	2363	10617
chrM	2363	2364	10529
chrM	2364	2365	10393
chrM	2365	2366	10330
chrM	2366	2367	10250
chrM	2367	2368	9926
chrM	2368	2369	9918
chrM	2369	2370	9894
chrM	2370	2371	9839
chrM	2371	2372	9765
chrM	2372	2373	9659
chrM	2373	2374	9615
chrM	2374	2375	9606
chrM	2375	2376	9600
chrM	2376	2377	9595
chrM	2377	2378	9592
chrM	2378	2379	9574
chrM	2379	2380	9564
chrM	2380	2381	9521
chrM	2381	2382	9507
chrM	2382	2383	9433
chrM	2383	2384	9410
chrM	2384	2385	9409
chrM	2385	2386	9461
chrM	2386	2387	9490
chrM	2387	2388	9489
chrM	2388	2389	9490
chrM	2389	2390	9485
chrM	2390	2391	9481
chrM	2391	2392	9480
chrM	2392	2393	9475
chrM	2393	2394	9468
chrM	2394	2395	9455
chrM	2395	2396	9455
chrM	2396	2397	8925
chrM	2397	2398	8922
chrM	2398	2399	8908
chrM	2399	2400	8889
chrM	2400	2401	8797
chrM	2401	2402	8796
chrM	2402	2403	8795
chrM	2403	2404	8796
chrM	2404	2405	8796
chrM	2405	2406	8794
chrM	2406	2407	8806
chrM	2407	2408	8796
chrM	2408	2409	8785
chrM	2409	2410	8783
chrM	2410	2411	8765
chrM	2411	2412	8722
chrM	2412	2413	8189
chrM	2413	2414	8075
chrM	2414	2415	8039
chrM	2415	2416	7996
chrM	2416	2417	7982
chrM	2417	2418	7962
chrM	2418	2419	7950
chrM	2419	2420	7753
chrM	2420	2421	7722
chrM	2421	2422	7696
chrM	2422	2423	7697
chrM	2423	2424	7695
chrM	2424	2425	7670
chrM	2425	2426	7631
chrM	2426	2427	7627
chrM	2427	2428	7612
chrM	2428	2429	7545
chrM	2429	2430	7528
chrM	2430	2431	7438
chrM	2431	2432	7431
chrM	2432	2433	7426
chrM	2433	2434	7208
chrM	2434	2435	7190
chrM	2435	2436	7145
chrM	2436	2437	7135
chrM	2437	2438	7119
chrM	2438	2439	6574
chrM	2439	2440	6529
chrM	2440	2441	6517
chrM	2441	2442	6520
chrM	2442	2443	6514
chrM	2443	2444	6423
chrM	2444	2445	6401
chrM	2445	2446	6335
chrM	2446	2447	6316
chrM	2447	2448	6314
chrM	2448	2449	6304
chrM	2449	2450	6270
chrM	2450	2451	6166
chrM	2451	2452	6162
chrM	2452	2453	6149
chrM	2453	2454	6106
chrM	2454	2455	6100
chrM	2455	2456	6021
chrM	2456	2457	6018
chrM	2457	2458	6009
chrM	2458	2459	5977
chrM	2459	2460	5798
chrM	2460	2461	5754
chrM	2461	2462	5716
chrM	2462	2463	5711
chrM	2463	2464	5711
chrM	2464	2465	5667
chrM	2465	2466	5470
chrM	2466	2467	5457
chrM	2467	2468	5450
chrM	2468	2469	5328
chrM	2469	2470	5272
chrM	2470	2471	5264
chrM	2471	2472	5213
chrM	2472	2473	5180
chrM	2473	2474	5075
chrM	2474	2475	4871
chrM	2475	2476	4868
chrM	2476	2477	4858
chrM	2477	2478	4666
chrM	2478	2479	4572
chrM	2479	2480	4549
chrM	2480	2481	4511
chrM	2481	2482	4419
chrM	2482	2483	4321
chrM	2483	2484	4315
chrM	2484	2485	4277
chrM	2485	2486	4262
chrM	2486	2487	4250
chrM	2487	2488	4240
chrM	2488	2489	4091
chrM	2489	2490	4055
chrM	2490	2491	4056
chrM	2491	2492	4057
chrM	2492	2493	3979
chrM	2493	2494	3824
chrM	2494	2495	3444
chrM	2495	2496	3422
chrM	2496	2497	3357
chrM	2497	2498	3343
chrM	2498	2499	3325
chrM	2499	2500	3314
chrM	2500	2501	3272
chrM	2501	2502	3230
chrM	2502	2503	3214
chrM	2503	2504	3182
chrM	2504	2505	3144
chrM	2505	2506	3064
chrM	2506	2507	3059
chrM	2507	2508	3034
chrM	2508	2509	2774
chrM	2509	2510	2743
chrM	2510	2511	2709
chrM	2511	2512	2703
chrM	2512	2513	2533
chrM	2513	2514	2146
chrM	2514	2515	2096
chrM	2515	2516	1942
chrM	2516	2517	1929
chrM	2517	2518	1797
chrM	2518	2519	1385
chrM	2519	2520	1331
chrM	2520	2521	1300
chrM	2521	2522	1160
chrM	2522	2523	821
chrM	2523	2524	788
chrM	2524	2525	693
chrM	2525	2526	688
chrM	2526	2527	655
chrM	2527	2528	649
chrM	2528	2529	644
chrM	2529	2530	638
chrM	2530	2531	638
chrM	2531	2532	636
chrM	2532	2533	628
chrM	2533	2534	629
chrM	2534	2535	625
chrM	2535	2536	619
chrM	2536	2537	612
chrM	2537	2538	608
chrM	2538	2539	608
chrM	2539	2540	608
chrM	2540	2541	603
chrM	2541	2542	602
chrM	2542	2543	596
chrM	2543	2544	577
chrM	2544	2545	570
chrM	2545	2546	569
chrM	2546	2547	499
chrM	2547	2548	497
chrM	2548	2549	491
chrM	2549	2550	483
chrM	2550	2551	479
chrM	2551	2552	479
chrM	2552	2553	480
chrM	2553	2554	477
chrM	2554	2555	477
chrM	2555	2556	477
chrM	2556	2557	476
chrM	2557	2558	476
chrM	2558	2559	476
chrM	2559	2560	476
chrM	2560	2561	476
chrM	2561	2562	475
chrM	2562	2563	474
chrM	2563	2564	473
chrM	2564	2565	473
chrM	2565	2566	473
chrM	2566	2567	474
chrM	2567	2568	474
chrM	2568	2569	474
chrM	2569	2570	474
chrM	2570	2571	474
chrM	2571	2572	474
chrM	2572	2573	474
chrM	2573	2574	474
chrM	2574	2575	474
chrM	2575	2576	474
chrM	2576	2577	474
chrM	2577	2578	474
chrM	2578	2579	474
chrM	2579	2580	473
chrM	2580	2581	474
chrM	2581	2582	474
chrM	2582	2583	471
chrM	2583	2584	471
chrM	2584	2585	470
chrM	2585	2586	470
chrM	2586	2587	470
chrM	2587	2588	469
chrM	2588	2589	468
chrM	2589	2590	468
chrM	2590	2591	469
chrM	2591	2592	469
chrM	2592	2593	470
chrM	2593	2594	469
chrM	2594	2595	468
chrM	2595	2596	467
chrM	2596	2597	467
chrM	2597	2598	465
chrM	2598	2599	468
chrM	2599	2600	471
chrM	2600	2601	474
chrM	2601	2602	474
chrM	2602	2603	472
chrM	2603	2604	472
chrM	2604	2605	472
chrM	2605	2606	472
chrM	2606	2607	472
chrM	2607	2608	472
chrM	2608	2609	472
chrM	2609	2610	472
chrM	2610	2611	470
chrM	2611	2612	470
chrM	2612	2613	470
chrM	2613	2614	470
chrM	2614	2615	470
chrM	2615	2616	470
chrM	2616	2617	470
chrM	2617	2618	468
chrM	2618	2619	468
chrM	2619	2620	469
chrM	2620	2621	469
chrM	2621	2622	468
chrM	2622	2623	467
chrM	2623	2624	468
chrM	2624	2625	472
chrM	2625	2626	472
chrM	2626	2627	472
chrM	2627	2628	471
chrM	2628	2629	472
chrM	2629	2630	472
chrM	2630	2631	472
chrM	2631	2632	475
chrM	2632	2633	476
chrM	2633	2634	479
chrM	2634	2635	479
chrM	2635	2636	481
chrM	2636	2637	483
chrM	2637	2638	488
chrM	2638	2639	513
chrM	2639	2640	544
chrM	2640	2641	548
chrM	2641	2642	550
chrM	2642	2643	550
chrM	2643	2644	553
chrM	2644	2645	554
chrM	2645	2646	555
chrM	2646	2647	555
chrM	2647	2648	555
chrM	2648	2649	565
chrM	2649	2650	564
chrM	2650	2651	571
chrM	2651	2652	573
chrM	2652	2653	585
chrM	2653	2654	588
chrM	2654	2655	592
chrM	2655	2656	603
chrM	2656	2657	612
chrM	2657	2658	615
chrM	2658	2659	615
chrM	2659	2660	620
chrM	2660	2661	621
chrM	2661	2662	624
chrM	2662	2663	635
chrM	2663	2664	649
chrM	2664	2665	668
chrM	2665	2666	670
chrM	2666	2667	673
chrM	2667	2668	674
chrM	2668	2669	676
chrM	2669	2670	685
chrM	2670	2671	685
chrM	2671	2672	693
chrM	2672	2673	696
chrM	2673	2674	699
chrM	2674	2675	750
chrM	2675	2676	759
chrM	2676	2677	767
chrM	2677	2678	796
chrM	2678	2679	830
chrM	2679	2680	837
chrM	2680	2681	847
chrM	2681	2682	2910
chrM	2682	2683	2922
chrM	2683	2684	6994
chrM	2684	2685	8302
chrM	2685	2686	9222
chrM	2686	2687	9893
chrM	2687	2688	10113
chrM	2688	2689	11236
chrM	2689	2690	11852
chrM	2690	2691	12401
chrM	2691	2692	13868
chrM	2692	2693	14966
chrM	2693	2694	15320
chrM	2694	2695	15724
chrM	2695	2696	15745
chrM	2696	2697	17793
chrM	2697	2698	18301
chrM	2698	2699	19622
chrM	2699	2700	20036
chrM	2700	2701	20821
chrM	2701	2702	20925
chrM	2702	2703	21102
chrM	2703	2704	21125
chrM	2704	2705	21319
chrM	2705	2706	22052
chrM	2706	2707	22412
chrM	2707	2708	23363
chrM	2708	2709	23689
chrM	2709	2710	24374
chrM	2710	2711	24381
chrM	2711	2712	24502
chrM	2712	2713	24739
chrM	2713	2714	25374
chrM	2714	2715	25564
chrM	2715	2716	25623
chrM	2716	2717	25689
chrM	2717	2718	25692
chrM	2718	2719	27714
chrM	2719	2720	28169
chrM	2720	2721	28364
chrM	2721	2722	28415
chrM	2722	2723	28452
chrM	2723	2724	28536
chrM	2724	2725	28548
chrM	2725	2726	28824
chrM	2726	2727	28857
chrM	2727	2728	28893
chrM	2728	2729	29024
chrM	2729	2730	29080
chrM	2730	2731	29086
chrM	2731	2732	29105
chrM	2732	2733	29211
chrM	2733	2734	29306
chrM	2734	2735	29328
chrM	2735	2736	29331
chrM	2736	2737	29345
chrM	2737	2738	29366
chrM	2738	2739	29377
chrM	2739	2740	29684
chrM	2740	2741	29740
chrM	2741	2742	29848
chrM	2742	2743	29939
chrM	2743	2744	29949
chrM	2744	2745	30049
chrM	2745	2746	30059
chrM	2746	2747	30085
chrM	2747	2748	30268
chrM	2748	2749	30351
chrM	2749	2750	30522
chrM	2750	2751	30998
chrM	2751	2752	31041
chrM	2752	2753	31330
chrM	2753	2754	31343
chrM	2754	2755	31957
chrM	2755	2756	31993
chrM	2756	2757	31997
chrM	2757	2758	32072
chrM	2758	2759	32179
chrM	2759	2760	32269
chrM	2760	2761	32306
chrM	2761	2762	32344
chrM	2762	2763	32375
chrM	2763	2764	32459
chrM	2764	2765	32508
chrM	2765	2766	32737
chrM	2766	2767	32881
chrM	2767	2768	33007
chrM	2768	2769	33171
chrM	2769	2770	33177
chrM	2770	2771	33246
chrM	2771	2772	33630
chrM	2772	2773	33837
chrM	2773	2774	33866
chrM	2774	2775	33888
chrM	2775	2776	33940
chrM	2776	2777	34448
chrM	2777	2778	34572
chrM	2778	2779	34867
chrM	2779	2780	34879
chrM	2780	2781	34900
chrM	2781	2782	34918
chrM	2782	2783	35146
chrM	2783	2784	35157
chrM	2784	2785	35176
chrM	2785	2786	35200
chrM	2786	2787	35222
chrM	2787	2788	35229
chrM	2788	2789	35237
chrM	2789	2790	36384
chrM	2790	2791	38138
chrM	2791	2792	39920
chrM	2792	2793	40857
chrM	2793	2794	43604
chrM	2794	2795	49432
chrM	2795	2796	51507
chrM	2796	2797	54232
chrM	2797	2798	54631
chrM	2798	2799	54921
chrM	2799	2800	55866
chrM	2800	2801	67187
chrM	2801	2802	67326
chrM	2802	2803	67712
chrM	2803	2804	68043
chrM	2804	2805	68858
chrM	2805	2806	69026
chrM	2806	2807	69165
chrM	2807	2808	69822
chrM	2808	2809	70563
chrM	2809	2810	72658
chrM	2810	2811	72436
chrM	2811	2812	72455
chrM	2812	2813	72729
chrM	2813	2814	72912
chrM	2814	2815	73623
chrM	2815	2816	73481
chrM	2816	2817	74602
chrM	2817	2818	74638
chrM	2818	2819	74764
chrM	2819	2820	74956
chrM	2820	2821	74990
chrM	2821	2822	75052
chrM	2822	2823	75071
chrM	2823	2824	75062
chrM	2824	2825	75254
chrM	2825	2826	75184
chrM	2826	2827	75166
chrM	2827	2828	75042
chrM	2828	2829	75012
chrM	2829	2830	74975
chrM	2830	2831	74833
chrM	2831	2832	74511
chrM	2832	2833	74329
chrM	2833	2834	74247
chrM	2834	2835	73192
chrM	2835	2836	73334
chrM	2836	2837	73545
chrM	2837	2838	73568
chrM	2838	2839	72771
chrM	2839	2840	72541
chrM	2840	2841	72513
chrM	2841	2842	72572
chrM	2842	2843	72582
chrM	2843	2844	72617
chrM	2844	2845	72558
chrM	2845	2846	72603
chrM	2846	2847	72662
chrM	2847	2848	72707
chrM	2848	2849	73781
chrM	2849	2850	74024
chrM	2850	2851	74307
chrM	2851	2852	74422
chrM	2852	2853	74714
chrM	2853	2854	74830
chrM	2854	2855	74879
chrM	2855	2856	74959
chrM	2856	2857	74973
chrM	2857	2858	75183
chrM	2858	2859	75415
chrM	2859	2860	75421
chrM	2860	2861	75418
chrM	2861	2862	75396
chrM	2862	2863	75327
chrM	2863	2864	75557
chrM	2864	2865	75608
chrM	2865	2866	75624
chrM	2866	2867	75663
chrM	2867	2868	77129
chrM	2868	2869	77121
chrM	2869	2870	77084
chrM	2870	2871	77064
chrM	2871	2872	77050
chrM	2872	2873	77071
chrM	2873	2874	77008
chrM	2874	2875	76794
chrM	2875	2876	76660
chrM	2876	2877	76555
chrM	2877	2878	76485
chrM	2878	2879	76412
chrM	2879	2880	76354
chrM	2880	2881	76253
chrM	2881	2882	76014
chrM	2882	2883	76035
chrM	2883	2884	75933
chrM	2884	2885	75871
chrM	2885	2886	75693
chrM	2886	2887	75260
chrM	2887	2888	75180
chrM	2888	2889	74957
chrM	2889	2890	74918
chrM	2890	2891	74743
chrM	2891	2892	74387
chrM	2892	2893	74555
chrM	2893	2894	74585
chrM	2894	2895	74617
chrM	2895	2896	74633
chrM	2896	2897	75501
chrM	2897	2898	75509
chrM	2898	2899	75376
chrM	2899	2900	75385
chrM	2900	2901	75433
chrM	2901	2902	75629
chrM	2902	2903	75659
chrM	2903	2904	75682
chrM	2904	2905	75430
chrM	2905	2906	75438
chrM	2906	2907	75488
chrM	2907	2908	75447
chrM	2908	2909	75478
chrM	2909	2910	75517
chrM	2910	2911	75527
chrM	2911	2912	75527
chrM	2912	2913	75450
chrM	2913	2914	75701
chrM	2914	2915	76208
chrM	2915	2916	76247
chrM	2916	2917	76158
chrM	2917	2918	76126
chrM	2918	2919	76167
chrM	2919	2920	76014
chrM	2920	2921	76120
chrM	2921	2922	76095
chrM	2922	2923	76108
chrM	2923	2924	76104
chrM	2924	2925	75287
chrM	2925	2926	75268
chrM	2926	2927	75235
chrM	2927	2928	75242
chrM	2928	2929	75168
chrM	2929	2930	75509
chrM	2930	2931	75718
chrM	2931	2932	76036
chrM	2932	2933	76031
chrM	2933	2934	75998
chrM	2934	2935	76029
chrM	2935	2936	76000
chrM	2936	2937	76096
chrM	2937	2938	76158
chrM	2938	2939	76192
chrM	2939	2940	76168
chrM	2940	2941	75922
chrM	2941	2942	76584
chrM	2942	2943	76528
chrM	2943	2944	76518
chrM	2944	2945	76421
chrM	2945	2946	76423
chrM	2946	2947	76410
chrM	2947	2948	76343
chrM	2948	2949	76474
chrM	2949	2950	76370
chrM	2950	2951	76350
chrM	2951	2952	76307
chrM	2952	2953	76117
chrM	2953	2954	76377
chrM	2954	2955	76428
chrM	2955	2956	76675
chrM	2956	2957	76173
chrM	2957	2958	76171
chrM	2958	2959	76176
chrM	2959	2960	76107
chrM	2960	2961	76256
chrM	2961	2962	76329
chrM	2962	2963	76570
chrM	2963	2964	76551
chrM	2964	2965	76371
chrM	2965	2966	76486
chrM	2966	2967	76364
chrM	2967	2968	76582
chrM	2968	2969	76477
chrM	2969	2970	76036
chrM	2970	2971	73373
chrM	2971	2972	72765
chrM	2972	2973	72447
chrM	2973	2974	72298
chrM	2974	2975	72307
chrM	2975	2976	72217
chrM	2976	2977	71901
chrM	2977	2978	69687
chrM	2978	2979	69002
chrM	2979	2980	68990
chrM	2980	2981	68933
chrM	2981	2982	68957
chrM	2982	2983	68966
chrM	2983	2984	68896
chrM	2984	2985	68872
chrM	2985	2986	68980
chrM	2986	2987	69106
chrM	2987	2988	69454
chrM	2988	2989	69392
chrM	2989	2990	69298
chrM	2990	2991	69284
chrM	2991	2992	68888
chrM	2992	2993	68734
chrM	2993	2994	68628
chrM	2994	2995	68605
chrM	2995	2996	68446
chrM	2996	2997	67493
chrM	2997	2998	66365
chrM	2998	2999	64705
chrM	2999	3000	64518
chrM	3000	3001	64366
chrM	3001	3002	63956
chrM	3002	3003	63812
chrM	3003	3004	63376
chrM	3004	3005	63384
chrM	3005	3006	63290
chrM	3006	3007	63006
chrM	3007	3008	62934
chrM	3008	3009	62694
chrM	3009	3010	62396
chrM	3010	3011	62264
chrM	3011	3012	62267
chrM	3012	3013	62203
chrM	3013	3014	62099
chrM	3014	3015	61839
chrM	3015	3016	61803
chrM	3016	3017	61654
chrM	3017	3018	61218
chrM	3018	3019	61303
chrM	3019	3020	61429
chrM	3020	3021	61175
chrM	3021	3022	59694
chrM	3022	3023	59640
chrM	3023	3024	59688
chrM	3024	3025	57674
chrM	3025	3026	57596
chrM	3026	3027	56948
chrM	3027	3028	56936
chrM	3028	3029	56895
chrM	3029	3030	56484
chrM	3030	3031	55371
chrM	3031	3032	54922
chrM	3032	3033	54871
chrM	3033	3034	54652
chrM	3034	3035	54549
chrM	3035	3036	54532
chrM	3036	3037	53869
chrM	3037	3038	53914
chrM	3038	3039	53904
chrM	3039	3040	53889
chrM	3040	3041	53853
chrM	3041	3042	53842
chrM	3042	3043	53580
chrM	3043	3044	53775
chrM	3044	3045	53860
chrM	3045	3046	53851
chrM	3046	3047	53673
chrM	3047	3048	53330
chrM	3048	3049	53512
chrM	3049	3050	53519
chrM	3050	3051	53803
chrM	3051	3052	53773
chrM	3052	3053	51265
chrM	3053	3054	50975
chrM	3054	3055	49531
chrM	3055	3056	49553
chrM	3056	3057	49502
chrM	3057	3058	49479
chrM	3058	3059	49464
chrM	3059	3060	48978
chrM	3060	3061	48983
chrM	3061	3062	48850
chrM	3062	3063	48580
chrM	3063	3064	48473
chrM	3064	3065	48330
chrM	3065	3066	48151
chrM	3066	3067	48092
chrM	3067	3068	48206
chrM	3068	3069	48346
chrM	3069	3070	48176
chrM	3070	3071	48262
chrM	3071	3072	48228
chrM	3072	3073	48971
chrM	3073	3074	48928
chrM	3074	3075	49026
chrM	3075	3076	49085
chrM	3076	3077	48967
chrM	3077	3078	49010
chrM	3078	3079	49113
chrM	3079	3080	49142
chrM	3080	3081	49374
chrM	3081	3082	49367
chrM	3082	3083	49333
chrM	3083	3084	49266
chrM	3084	3085	49210
chrM	3085	3086	49187
chrM	3086	3087	49029
chrM	3087	3088	49117
chrM	3088	3089	49504
chrM	3089	3090	49293
chrM	3090	3091	49264
chrM	3091	3092	46141
chrM	3092	3093	45679
chrM	3093	3094	45597
chrM	3094	3095	46170
chrM	3095	3096	46350
chrM	3096	3097	46388
chrM	3097	3098	46300
chrM	3098	3099	46206
chrM	3099	3100	45469
chrM	3100	3101	45441
chrM	3101	3102	45845
chrM	3102	3103	45844
chrM	3103	3104	45842
chrM	3104	3105	45888
chrM	3105	3106	46054
chrM	3106	3107	46069
chrM	3107	3108	46072
chrM	3108	3109	45556
chrM	3109	3110	45135
chrM	3110	3111	45045
chrM	3111	3112	45020
chrM	3112	3113	44877
chrM	3113	3114	44469
chrM	3114	3115	43808
chrM	3115	3116	43594
chrM	3116	3117	43356
chrM	3117	3118	43151
chrM	3118	3119	43113
chrM	3119	3120	42819
chrM	3120	3121	41963
chrM	3121	3122	41859
chrM	3122	3123	41918
chrM	3123	3124	41917
chrM	3124	3125	41899
chrM	3125	3126	42111
chrM	3126	3127	42213
chrM	3127	3128	42152
chrM	3128	3129	42134
chrM	3129	3130	42134
chrM	3130	3131	41274
chrM	3131	3132	41222
chrM	3132	3133	40944
chrM	3133	3134	40659
chrM	3134	3135	40458
chrM	3135	3136	40135
chrM	3136	3137	40106
chrM	3137	3138	39887
chrM	3138	3139	39801
chrM	3139	3140	39756
chrM	3140	3141	33690
chrM	3141	3142	33534
chrM	3142	3143	32996
chrM	3143	3144	32945
chrM	3144	3145	32886
chrM	3145	3146	32588
chrM	3146	3147	31805
chrM	3147	3148	31739
chrM	3148	3149	31913
chrM	3149	3150	31949
chrM	3150	3151	32462
chrM	3151	3152	33055
chrM	3152	3153	33437
chrM	3153	3154	33226
chrM	3154	3155	33019
chrM	3155	3156	33535
chrM	3156	3157	32779
chrM	3157	3158	32815
chrM	3158	3159	32828
chrM	3159	3160	33462
chrM	3160	3161	33532
chrM	3161	3162	33168
chrM	3162	3163	32262
chrM	3163	3164	32059
chrM	3164	3165	32061
chrM	3165	3166	31996
chrM	3166	3167	32144
chrM	3167	3168	32040
chrM	3168	3169	31999
chrM	3169	3170	31643
chrM	3170	3171	30638
chrM	3171	3172	30646
chrM	3172	3173	30409
chrM	3173	3174	30382
chrM	3174	3175	30334
chrM	3175	3176	30264
chrM	3176	3177	29926
chrM	3177	3178	28904
chrM	3178	3179	28915
chrM	3179	3180	28852
chrM	3180	3181	28748
chrM	3181	3182	28764
chrM	3182	3183	29092
chrM	3183	3184	29955
chrM	3184	3185	30125
chrM	3185	3186	29519
chrM	3186	3187	29187
chrM	3187	3188	29109
chrM	3188	3189	29257
chrM	3189	3190	29720
chrM	3190	3191	29728
chrM	3191	3192	29759
chrM	3192	3193	30443
chrM	3193	3194	31169
chrM	3194	3195	31387
chrM	3195	3196	31486
chrM	3196	3197	31961
chrM	3197	3198	33828
chrM	3198	3199	34911
chrM	3199	3200	35511
chrM	3200	3201	38246
chrM	3201	3202	40490
chrM	3202	3203	41025
chrM	3203	3204	41358
chrM	3204	3205	42237
chrM	3205	3206	43093
chrM	3206	3207	43459
chrM	3207	3208	44936
chrM	3208	3209	45015
chrM	3209	3210	45020
chrM	3210	3211	45041
chrM	3211	3212	45220
chrM	3212	3213	45231
chrM	3213	3214	45224
chrM	3214	3215	45234
chrM	3215	3216	45291
chrM	3216	3217	45292
chrM	3217	3218	45552
chrM	3218	3219	45555
chrM	3219	3220	45565
chrM	3220	3221	45925
chrM	3221	3222	45935
chrM	3222	3223	45970
chrM	3223	3224	45991
chrM	3224	3225	46088
chrM	3225	3226	46102
chrM	3226	3227	46110
chrM	3227	3228	46909
chrM	3228	3229	46918
chrM	3229	3230	46955
chrM	3230	3231	47063
chrM	3231	3232	47058
chrM	3232	3233	47051
chrM	3233	3234	47039
chrM	3234	3235	47435
chrM	3235	3236	47448
chrM	3236	3237	47428
chrM	3237	3238	47401
chrM	3238	3239	47414
chrM	3239	3240	47424
chrM	3240	3241	47417
chrM	3241	3242	47462
chrM	3242	3243	47425
chrM	3243	3244	47413
chrM	3244	3245	47371
chrM	3245	3246	47188
chrM	3246	3247	47190
chrM	3247	3248	47167
chrM	3248	3249	47277
chrM	3249	3250	47288
chrM	3250	3251	47308
chrM	3251	3252	47261
chrM	3252	3253	47241
chrM	3253	3254	47375
chrM	3254	3255	47373
chrM	3255	3256	47540
chrM	3256	3257	47949
chrM	3257	3258	47940
chrM	3258	3259	47961
chrM	3259	3260	48019
chrM	3260	3261	48116
chrM	3261	3262	48095
chrM	3262	3263	48095
chrM	3263	3264	48209
chrM	3264	3265	48213
chrM	3265	3266	48343
chrM	3266	3267	48408
chrM	3267	3268	48372
chrM	3268	3269	48317
chrM	3269	3270	48412
chrM	3270	3271	48452
chrM	3271	3272	48973
chrM	3272	3273	49183
chrM	3273	3274	48843
chrM	3274	3275	48419
chrM	3275	3276	48511
chrM	3276	3277	48590
chrM	3277	3278	48989
chrM	3278	3279	49083
chrM	3279	3280	49125
chrM	3280	3281	49426
chrM	3281	3282	49429
chrM	3282	3283	49308
chrM	3283	3284	49315
chrM	3284	3285	49354
chrM	3285	3286	49304
chrM	3286	3287	49821
chrM	3287	3288	49804
chrM	3288	3289	49802
chrM	3289	3290	49794
chrM	3290	3291	51154
chrM	3291	3292	51177
chrM	3292	3293	51970
chrM	3293	3294	52375
chrM	3294	3295	54121
chrM	3295	3296	54311
chrM	3296	3297	54174
chrM	3297	3298	54555
chrM	3298	3299	54694
chrM	3299	3300	55049
chrM	3300	3301	54865
chrM	3301	3302	54672
chrM	3302	3303	54659
chrM	3303	3304	54479
chrM	3304	3305	54408
chrM	3305	3306	54785
chrM	3306	3307	55093
chrM	3307	3308	55486
chrM	3308	3309	55622
chrM	3309	3310	55437
chrM	3310	3311	53726
chrM	3311	3312	53723
chrM	3312	3313	53722
chrM	3313	3314	53792
chrM	3314	3315	53764
chrM	3315	3316	54288
chrM	3316	3317	54234
chrM	3317	3318	54212
chrM	3318	3319	54181
chrM	3319	3320	54182
chrM	3320	3321	54231
chrM	3321	3322	54237
chrM	3322	3323	54261
chrM	3323	3324	53864
chrM	3324	3325	53858
chrM	3325	3326	53803
chrM	3326	3327	53824
chrM	3327	3328	53884
chrM	3328	3329	53852
chrM	3329	3330	53829
chrM	3330	3331	53448
chrM	3331	3332	53397
chrM	3332	3333	53369
chrM	3333	3334	53371
chrM	3334	3335	53368
chrM	3335	3336	52874
chrM	3336	3337	52771
chrM	3337	3338	53155
chrM	3338	3339	54206
chrM	3339	3340	54316
chrM	3340	3341	54708
chrM	3341	3342	54664
chrM	3342	3343	54761
chrM	3343	3344	55759
chrM	3344	3345	56816
chrM	3345	3346	60186
chrM	3346	3347	59618
chrM	3347	3348	59765
chrM	3348	3349	59363
chrM	3349	3350	59358
chrM	3350	3351	59771
chrM	3351	3352	59802
chrM	3352	3353	59844
chrM	3353	3354	59031
chrM	3354	3355	59040
chrM	3355	3356	59584
chrM	3356	3357	59863
chrM	3357	3358	59932
chrM	3358	3359	59922
chrM	3359	3360	60027
chrM	3360	3361	60755
chrM	3361	3362	60810
chrM	3362	3363	60813
chrM	3363	3364	60706
chrM	3364	3365	60749
chrM	3365	3366	60708
chrM	3366	3367	60590
chrM	3367	3368	61315
chrM	3368	3369	61301
chrM	3369	3370	61154
chrM	3370	3371	60986
chrM	3371	3372	60916
chrM	3372	3373	60802
chrM	3373	3374	61306
chrM	3374	3375	61315
chrM	3375	3376	61086
chrM	3376	3377	60500
chrM	3377	3378	59347
chrM	3378	3379	59881
chrM	3379	3380	59906
chrM	3380	3381	59901
chrM	3381	3382	59880
chrM	3382	3383	59846
chrM	3383	3384	59994
chrM	3384	3385	60948
chrM	3385	3386	61141
chrM	3386	3387	61242
chrM	3387	3388	61228
chrM	3388	3389	61250
chrM	3389	3390	61486
chrM	3390	3391	61822
chrM	3391	3392	62277
chrM	3392	3393	62261
chrM	3393	3394	62271
chrM	3394	3395	62081
chrM	3395	3396	62102
chrM	3396	3397	62245
chrM	3397	3398	62926
chrM	3398	3399	63475
chrM	3399	3400	63397
chrM	3400	3401	63535
chrM	3401	3402	63569
chrM	3402	3403	63463
chrM	3403	3404	63431
chrM	3404	3405	63627
chrM	3405	3406	63676
chrM	3406	3407	62733
chrM	3407	3408	62151
chrM	3408	3409	62345
chrM	3409	3410	62310
chrM	3410	3411	62289
chrM	3411	3412	62351
chrM	3412	3413	62731
chrM	3413	3414	62750
chrM	3414	3415	62763
chrM	3415	3416	62732
chrM	3416	3417	62556
chrM	3417	3418	62896
chrM	3418	3419	62972
chrM	3419	3420	63196
chrM	3420	3421	63278
chrM	3421	3422	63308
chrM	3422	3423	63429
chrM	3423	3424	63300
chrM	3424	3425	67393
chrM	3425	3426	67416
chrM	3426	3427	67940
chrM	3427	3428	66072
chrM	3428	3429	65551
chrM	3429	3430	65547
chrM	3430	3431	65451
chrM	3431	3432	65493
chrM	3432	3433	65496
chrM	3433	3434	65575
chrM	3434	3435	65268
chrM	3435	3436	65224
chrM	3436	3437	65154
chrM	3437	3438	64579
chrM	3438	3439	64555
chrM	3439	3440	64725
chrM	3440	3441	66312
chrM	3441	3442	66264
chrM	3442	3443	66210
chrM	3443	3444	64848
chrM	3444	3445	64788
chrM	3445	3446	64843
chrM	3446	3447	64806
chrM	3447	3448	64797
chrM	3448	3449	64691
chrM	3449	3450	63387
chrM	3450	3451	63204
chrM	3451	3452	63011
chrM	3452	3453	63013
chrM	3453	3454	63005
chrM	3454	3455	63396
chrM	3455	3456	63371
chrM	3456	3457	63585
chrM	3457	3458	63670
chrM	3458	3459	65166
chrM	3459	3460	65536
chrM	3460	3461	65192
chrM	3461	3462	65194
chrM	3462	3463	65297
chrM	3463	3464	65623
chrM	3464	3465	65867
chrM	3465	3466	65874
chrM	3466	3467	65941
chrM	3467	3468	65646
chrM	3468	3469	65578
chrM	3469	3470	64757
chrM	3470	3471	64745
chrM	3471	3472	64839
chrM	3472	3473	65033
chrM	3473	3474	65421
chrM	3474	3475	65399
chrM	3475	3476	65129
chrM	3476	3477	65074
chrM	3477	3478	65265
chrM	3478	3479	65284
chrM	3479	3480	65396
chrM	3480	3481	65379
chrM	3481	3482	65472
chrM	3482	3483	65949
chrM	3483	3484	65925
chrM	3484	3485	66056
chrM	3485	3486	65998
chrM	3486	3487	66114
chrM	3487	3488	66357
chrM	3488	3489	66984
chrM	3489	3490	67114
chrM	3490	3491	67114
chrM	3491	3492	67150
chrM	3492	3493	67137
chrM	3493	3494	67338
chrM	3494	3495	67297
chrM	3495	3496	67460
chrM	3496	3497	67518
chrM	3497	3498	67266
chrM	3498	3499	67184
chrM	3499	3500	67104
chrM	3500	3501	67271
chrM	3501	3502	67353
chrM	3502	3503	67690
chrM	3503	3504	67853
chrM	3504	3505	67571
chrM	3505	3506	67649
chrM	3506	3507	67545
chrM	3507	3508	67519
chrM	3508	3509	67418
chrM	3509	3510	67840
chrM	3510	3511	67811
chrM	3511	3512	66585
chrM	3512	3513	66026
chrM	3513	3514	66515
chrM	3514	3515	66628
chrM	3515	3516	66589
chrM	3516	3517	66316
chrM	3517	3518	62641
chrM	3518	3519	62036
chrM	3519	3520	57443
chrM	3520	3521	55131
chrM	3521	3522	54893
chrM	3522	3523	54881
chrM	3523	3524	54774
chrM	3524	3525	53102
chrM	3525	3526	53045
chrM	3526	3527	52959
chrM	3527	3528	53119
chrM	3528	3529	53261
chrM	3529	3530	54236
chrM	3530	3531	54360
chrM	3531	3532	54039
chrM	3532	3533	54181
chrM	3533	3534	57069
chrM	3534	3535	57097
chrM	3535	3536	57558
chrM	3536	3537	57617
chrM	3537	3538	57623
chrM	3538	3539	58874
chrM	3539	3540	59286
chrM	3540	3541	59287
chrM	3541	3542	59222
chrM	3542	3543	59157
chrM	3543	3544	58702
chrM	3544	3545	58693
chrM	3545	3546	58833
chrM	3546	3547	58868
chrM	3547	3548	58870
chrM	3548	3549	58730
chrM	3549	3550	58669
chrM	3550	3551	58721
chrM	3551	3552	58768
chrM	3552	3553	58872
chrM	3553	3554	58848
chrM	3554	3555	58965
chrM	3555	3556	58836
chrM	3556	3557	59828
chrM	3557	3558	60312
chrM	3558	3559	60564
chrM	3559	3560	61223
chrM	3560	3561	60961
chrM	3561	3562	60839
chrM	3562	3563	60757
chrM	3563	3564	60837
chrM	3564	3565	62638
chrM	3565	3566	63236
chrM	3566	3567	63607
chrM	3567	3568	61834
chrM	3568	3569	61846
chrM	3569	3570	60813
chrM	3570	3571	61066
chrM	3571	3572	60961
chrM	3572	3573	60928
chrM	3573	3574	60919
chrM	3574	3575	60484
chrM	3575	3576	60619
chrM	3576	3577	60293
chrM	3577	3578	60090
chrM	3578	3579	60100
chrM	3579	3580	59290
chrM	3580	3581	59071
chrM	3581	3582	58752
chrM	3582	3583	58883
chrM	3583	3584	58880
chrM	3584	3585	57388
chrM	3585	3586	57291
chrM	3586	3587	57123
chrM	3587	3588	57099
chrM	3588	3589	57004
chrM	3589	3590	56941
chrM	3590	3591	56989
chrM	3591	3592	56884
chrM	3592	3593	56977
chrM	3593	3594	56991
chrM	3594	3595	56875
chrM	3595	3596	56427
chrM	3596	3597	56476
chrM	3597	3598	56475
chrM	3598	3599	56888
chrM	3599	3600	57232
chrM	3600	3601	57182
chrM	3601	3602	57039
chrM	3602	3603	56781
chrM	3603	3604	56807
chrM	3604	3605	56733
chrM	3605	3606	56674
chrM	3606	3607	56523
chrM	3607	3608	56330
chrM	3608	3609	56320
chrM	3609	3610	57451
chrM	3610	3611	57634
chrM	3611	3612	57651
chrM	3612	3613	57611
chrM	3613	3614	57016
chrM	3614	3615	57079
chrM	3615	3616	57118
chrM	3616	3617	57159
chrM	3617	3618	57783
chrM	3618	3619	57841
chrM	3619	3620	57814
chrM	3620	3621	57656
chrM	3621	3622	57667
chrM	3622	3623	58476
chrM	3623	3624	58554
chrM	3624	3625	58544
chrM	3625	3626	58314
chrM	3626	3627	58381
chrM	3627	3628	58862
chrM	3628	3629	58835
chrM	3629	3630	58915
chrM	3630	3631	58383
chrM	3631	3632	58674
chrM	3632	3633	58613
chrM	3633	3634	58499
chrM	3634	3635	58438
chrM	3635	3636	58350
chrM	3636	3637	58575
chrM	3637	3638	58528
chrM	3638	3639	58430
chrM	3639	3640	58371
chrM	3640	3641	58344
chrM	3641	3642	58524
chrM	3642	3643	58314
chrM	3643	3644	58304
chrM	3644	3645	58800
chrM	3645	3646	58906
chrM	3646	3647	58275
chrM	3647	3648	56641
chrM	3648	3649	56437
chrM	3649	3650	56309
chrM	3650	3651	55420
chrM	3651	3652	55127
chrM	3652	3653	54962
chrM	3653	3654	54893
chrM	3654	3655	54847
chrM	3655	3656	54856
chrM	3656	3657	55421
chrM	3657	3658	55307
chrM	3658	3659	55350
chrM	3659	3660	55322
chrM	3660	3661	55306
chrM	3661	3662	54261
chrM	3662	3663	54255
chrM	3663	3664	54225
chrM	3664	3665	54076
chrM	3665	3666	53968
chrM	3666	3667	51579
chrM	3667	3668	49195
chrM	3668	3669	49072
chrM	3669	3670	49174
chrM	3670	3671	49192
chrM	3671	3672	48570
chrM	3672	3673	48705
chrM	3673	3674	48595
chrM	3674	3675	49133
chrM	3675	3676	49126
chrM	3676	3677	49104
chrM	3677	3678	49078
chrM	3678	3679	48972
chrM	3679	3680	49141
chrM	3680	3681	49477
chrM	3681	3682	49504
chrM	3682	3683	49482
chrM	3683	3684	49248
chrM	3684	3685	48194
chrM	3685	3686	48401
chrM	3686	3687	48478
chrM	3687	3688	48484
chrM	3688	3689	48440
chrM	3689	3690	47903
chrM	3690	3691	47873
chrM	3691	3692	48370
chrM	3692	3693	48397
chrM	3693	3694	48415
chrM	3694	3695	48631
chrM	3695	3696	48754
chrM	3696	3697	48759
chrM	3697	3698	48759
chrM	3698	3699	49026
chrM	3699	3700	49030
chrM	3700	3701	49140
chrM	3701	3702	49097
chrM	3702	3703	49024
chrM	3703	3704	49273
chrM	3704	3705	49278
chrM	3705	3706	49379
chrM	3706	3707	49285
chrM	3707	3708	49263
chrM	3708	3709	48922
chrM	3709	3710	48818
chrM	3710	3711	48789
chrM	3711	3712	48726
chrM	3712	3713	48774
chrM	3713	3714	48752
chrM	3714	3715	48323
chrM	3715	3716	47213
chrM	3716	3717	45606
chrM	3717	3718	45451
chrM	3718	3719	44986
chrM	3719	3720	44937
chrM	3720	3721	44879
chrM	3721	3722	44844
chrM	3722	3723	44932
chrM	3723	3724	46581
chrM	3724	3725	46103
chrM	3725	3726	46010
chrM	3726	3727	46268
chrM	3727	3728	45995
chrM	3728	3729	45923
chrM	3729	3730	45911
chrM	3730	3731	45935
chrM	3731	3732	46143
chrM	3732	3733	46140
chrM	3733	3734	46439
chrM	3734	3735	46445
chrM	3735	3736	46520
chrM	3736	3737	46989
chrM	3737	3738	47133
chrM	3738	3739	47782
chrM	3739	3740	47593
chrM	3740	3741	47770
chrM	3741	3742	47796
chrM	3742	3743	48064
chrM	3743	3744	48054
chrM	3744	3745	48871
chrM	3745	3746	48939
chrM	3746	3747	48899
chrM	3747	3748	48752
chrM	3748	3749	48460
chrM	3749	3750	48468
chrM	3750	3751	48490
chrM	3751	3752	48569
chrM	3752	3753	47380
chrM	3753	3754	47385
chrM	3754	3755	46677
chrM	3755	3756	46167
chrM	3756	3757	46136
chrM	3757	3758	46001
chrM	3758	3759	46307
chrM	3759	3760	45879
chrM	3760	3761	45866
chrM	3761	3762	44274
chrM	3762	3763	44069
chrM	3763	3764	44044
chrM	3764	3765	43635
chrM	3765	3766	43639
chrM	3766	3767	43581
chrM	3767	3768	43644
chrM	3768	3769	43672
chrM	3769	3770	43522
chrM	3770	3771	43513
chrM	3771	3772	43486
chrM	3772	3773	43524
chrM	3773	3774	43511
chrM	3774	3775	43560
chrM	3775	3776	43493
chrM	3776	3777	43401
chrM	3777	3778	43388
chrM	3778	3779	43228
chrM	3779	3780	43324
chrM	3780	3781	43392
chrM	3781	3782	43364
chrM	3782	3783	43148
chrM	3783	3784	43129
chrM	3784	3785	43121
chrM	3785	3786	42611
chrM	3786	3787	43339
chrM	3787	3788	43370
chrM	3788	3789	43398
chrM	3789	3790	43327
chrM	3790	3791	43714
chrM	3791	3792	43964
chrM	3792	3793	43963
chrM	3793	3794	43932
chrM	3794	3795	43815
chrM	3795	3796	43540
chrM	3796	3797	41745
chrM	3797	3798	41624
chrM	3798	3799	41604
chrM	3799	3800	41426
chrM	3800	3801	40953
chrM	3801	3802	40863
chrM	3802	3803	40679
chrM	3803	3804	40620
chrM	3804	3805	40494
chrM	3805	3806	40492
chrM	3806	3807	40030
chrM	3807	3808	39954
chrM	3808	3809	39923
chrM	3809	3810	39975
chrM	3810	3811	39866
chrM	3811	3812	39849
chrM	3812	3813	39837
chrM	3813	3814	39688
chrM	3814	3815	39838
chrM	3815	3816	39891
chrM	3816	3817	40044
chrM	3817	3818	39854
chrM	3818	3819	40615
chrM	3819	3820	40609
chrM	3820	3821	40731
chrM	3821	3822	40750
chrM	3822	3823	40786
chrM	3823	3824	40797
chrM	3824	3825	40760
chrM	3825	3826	40560
chrM	3826	3827	40542
chrM	3827	3828	40560
chrM	3828	3829	40553
chrM	3829	3830	40628
chrM	3830	3831	40544
chrM	3831	3832	40254
chrM	3832	3833	39935
chrM	3833	3834	39266
chrM	3834	3835	39241
chrM	3835	3836	37872
chrM	3836	3837	37768
chrM	3837	3838	37650
chrM	3838	3839	37634
chrM	3839	3840	37533
chrM	3840	3841	37449
chrM	3841	3842	37456
chrM	3842	3843	37405
chrM	3843	3844	37204
chrM	3844	3845	37055
chrM	3845	3846	37025
chrM	3846	3847	37035
chrM	3847	3848	37521
chrM	3848	3849	37511
chrM	3849	3850	37439
chrM	3850	3851	37579
chrM	3851	3852	37585
chrM	3852	3853	37583
chrM	3853	3854	37526
chrM	3854	3855	37739
chrM	3855	3856	37584
chrM	3856	3857	37248
chrM	3857	3858	36916
chrM	3858	3859	36850
chrM	3859	3860	37122
chrM	3860	3861	37039
chrM	3861	3862	37002
chrM	3862	3863	36775
chrM	3863	3864	36775
chrM	3864	3865	36798
chrM	3865	3866	36688
chrM	3866	3867	36656
chrM	3867	3868	36638
chrM	3868	3869	36660
chrM	3869	3870	36842
chrM	3870	3871	36898
chrM	3871	3872	36817
chrM	3872	3873	36804
chrM	3873	3874	36386
chrM	3874	3875	36892
chrM	3875	3876	36900
chrM	3876	3877	36994
chrM	3877	3878	36765
chrM	3878	3879	36753
chrM	3879	3880	36730
chrM	3880	3881	36496
chrM	3881	3882	36515
chrM	3882	3883	36501
chrM	3883	3884	36443
chrM	3884	3885	35358
chrM	3885	3886	35386
chrM	3886	3887	35148
chrM	3887	3888	35153
chrM	3888	3889	35157
chrM	3889	3890	35209
chrM	3890	3891	35299
chrM	3891	3892	37532
chrM	3892	3893	37515
chrM	3893	3894	37533
chrM	3894	3895	37501
chrM	3895	3896	37291
chrM	3896	3897	37308
chrM	3897	3898	36975
chrM	3898	3899	36786
chrM	3899	3900	36710
chrM	3900	3901	36539
chrM	3901	3902	35520
chrM	3902	3903	35517
chrM	3903	3904	35520
chrM	3904	3905	35508
chrM	3905	3906	35472
chrM	3906	3907	35411
chrM	3907	3908	35241
chrM	3908	3909	35252
chrM	3909	3910	35247
chrM	3910	3911	35237
chrM	3911	3912	35210
chrM	3912	3913	34998
chrM	3913	3914	34995
chrM	3914	3915	34842
chrM	3915	3916	34828
chrM	3916	3917	34953
chrM	3917	3918	34577
chrM	3918	3919	34563
chrM	3919	3920	33508
chrM	3920	3921	33362
chrM	3921	3922	33172
chrM	3922	3923	33241
chrM	3923	3924	33584
chrM	3924	3925	33541
chrM	3925	3926	33601
chrM	3926	3927	33622
chrM	3927	3928	33693
chrM	3928	3929	33736
chrM	3929	3930	33745
chrM	3930	3931	33753
chrM	3931	3932	33782
chrM	3932	3933	33808
chrM	3933	3934	31387
chrM	3934	3935	31381
chrM	3935	3936	31376
chrM	3936	3937	31375
chrM	3937	3938	31326
chrM	3938	3939	31326
chrM	3939	3940	31332
chrM	3940	3941	31329
chrM	3941	3942	31411
chrM	3942	3943	31270
chrM	3943	3944	30730
chrM	3944	3945	30566
chrM	3945	3946	30571
chrM	3946	3947	30522
chrM	3947	3948	30502
chrM	3948	3949	30475
chrM	3949	3950	30558
chrM	3950	3951	30580
chrM	3951	3952	30568
chrM	3952	3953	30686
chrM	3953	3954	30460
chrM	3954	3955	30140
chrM	3955	3956	29808
chrM	3956	3957	28610
chrM	3957	3958	28507
chrM	3958	3959	28504
chrM	3959	3960	28503
chrM	3960	3961	28459
chrM	3961	3962	28468
chrM	3962	3963	28468
chrM	3963	3964	28355
chrM	3964	3965	28355
chrM	3965	3966	28356
chrM	3966	3967	28416
chrM	3967	3968	28402
chrM	3968	3969	28395
chrM	3969	3970	28388
chrM	3970	3971	28342
chrM	3971	3972	28361
chrM	3972	3973	28457
chrM	3973	3974	28429
chrM	3974	3975	28580
chrM	3975	3976	28588
chrM	3976	3977	28790
chrM	3977	3978	28851
chrM	3978	3979	28502
chrM	3979	3980	28319
chrM	3980	3981	28305
chrM	3981	3982	28428
chrM	3982	3983	28341
chrM	3983	3984	28343
chrM	3984	3985	28399
chrM	3985	3986	28303
chrM	3986	3987	27929
chrM	3987	3988	27885
chrM	3988	3989	26996
chrM	3989	3990	26939
chrM	3990	3991	26945
chrM	3991	3992	27063
chrM	3992	3993	27108
chrM	3993	3994	27204
chrM	3994	3995	27107
chrM	3995	3996	26589
chrM	3996	3997	26593
chrM	3997	3998	26555
chrM	3998	3999	26441
chrM	3999	4000	26420
chrM	4000	4001	26272
chrM	4001	4002	25873
chrM	4002	4003	24903
chrM	4003	4004	24782
chrM	4004	4005	24771
chrM	4005	4006	24749
chrM	4006	4007	24729
chrM	4007	4008	24665
chrM	4008	4009	24625
chrM	4009	4010	24802
chrM	4010	4011	24724
chrM	4011	4012	24543
chrM	4012	4013	23769
chrM	4013	4014	23716
chrM	4014	4015	23638
chrM	4015	4016	23478
chrM	4016	4017	23505
chrM	4017	4018	23455
chrM	4018	4019	23377
chrM	4019	4020	23097
chrM	4020	4021	22825
chrM	4021	4022	22798
chrM	4022	4023	22540
chrM	4023	4024	22627
chrM	4024	4025	22561
chrM	4025	4026	22322
chrM	4026	4027	22253
chrM	4027	4028	21998
chrM	4028	4029	21979
chrM	4029	4030	21897
chrM	4030	4031	21853
chrM	4031	4032	21651
chrM	4032	4033	21590
chrM	4033	4034	21563
chrM	4034	4035	21532
chrM	4035	4036	21531
chrM	4036	4037	21380
chrM	4037	4038	21324
chrM	4038	4039	21224
chrM	4039	4040	21134
chrM	4040	4041	21124
chrM	4041	4042	21107
chrM	4042	4043	21173
chrM	4043	4044	21160
chrM	4044	4045	21045
chrM	4045	4046	20970
chrM	4046	4047	17983
chrM	4047	4048	17973
chrM	4048	4049	17963
chrM	4049	4050	17918
chrM	4050	4051	17915
chrM	4051	4052	17906
chrM	4052	4053	17361
chrM	4053	4054	17355
chrM	4054	4055	17337
chrM	4055	4056	17334
chrM	4056	4057	17319
chrM	4057	4058	17307
chrM	4058	4059	17307
chrM	4059	4060	17293
chrM	4060	4061	17293
chrM	4061	4062	17238
chrM	4062	4063	17230
chrM	4063	4064	17035
chrM	4064	4065	17028
chrM	4065	4066	16992
chrM	4066	4067	16841
chrM	4067	4068	16797
chrM	4068	4069	16580
chrM	4069	4070	16176
chrM	4070	4071	15942
chrM	4071	4072	15892
chrM	4072	4073	15741
chrM	4073	4074	15424
chrM	4074	4075	15273
chrM	4075	4076	15173
chrM	4076	4077	15151
chrM	4077	4078	15019
chrM	4078	4079	14996
chrM	4079	4080	14960
chrM	4080	4081	14863
chrM	4081	4082	14509
chrM	4082	4083	14475
chrM	4083	4084	14467
chrM	4084	4085	14176
chrM	4085	4086	14165
chrM	4086	4087	14165
chrM	4087	4088	14061
chrM	4088	4089	14048
chrM	4089	4090	14021
chrM	4090	4091	13976
chrM	4091	4092	13925
chrM	4092	4093	13827
chrM	4093	4094	13794
chrM	4094	4095	13726
chrM	4095	4096	13629
chrM	4096	4097	13569
chrM	4097	4098	13345
chrM	4098	4099	13307
chrM	4099	4100	12774
chrM	4100	4101	12656
chrM	4101	4102	12315
chrM	4102	4103	12249
chrM	4103	4104	11358
chrM	4104	4105	11192
chrM	4105	4106	11041
chrM	4106	4107	10664
chrM	4107	4108	10634
chrM	4108	4109	10568
chrM	4109	4110	10545
chrM	4110	4111	10524
chrM	4111	4112	10464
chrM	4112	4113	10452
chrM	4113	4114	10393
chrM	4114	4115	10268
chrM	4115	4116	10198
chrM	4116	4117	10019
chrM	4117	4118	9570
chrM	4118	4119	9319
chrM	4119	4120	9222
chrM	4120	4121	9209
chrM	4121	4122	9149
chrM	4122	4123	9005
chrM	4123	4124	8989
chrM	4124	4125	8960
chrM	4125	4126	8956
chrM	4126	4127	8900
chrM	4127	4128	8876
chrM	4128	4129	8788
chrM	4129	4130	8724
chrM	4130	4131	8722
chrM	4131	4132	8690
chrM	4132	4133	8615
chrM	4133	4134	8580
chrM	4134	4135	8560
chrM	4135	4136	8538
chrM	4136	4137	8473
chrM	4137	4138	8452
chrM	4138	4139	8445
chrM	4139	4140	8130
chrM	4140	4141	8058
chrM	4141	4142	7911
chrM	4142	4143	7909
chrM	4143	4144	7868
chrM	4144	4145	7520
chrM	4145	4146	7306
chrM	4146	4147	6719
chrM	4147	4148	6665
chrM	4148	4149	6617
chrM	4149	4150	6502
chrM	4150	4151	6342
chrM	4151	4152	6178
chrM	4152	4153	5969
chrM	4153	4154	5892
chrM	4154	4155	5842
chrM	4155	4156	5815
chrM	4156	4157	5727
chrM	4157	4158	5711
chrM	4158	4159	5682
chrM	4159	4160	5606
chrM	4160	4161	5543
chrM	4161	4162	5452
chrM	4162	4163	5325
chrM	4163	4164	4774
chrM	4164	4165	4752
chrM	4165	4166	4737
chrM	4166	4167	4478
chrM	4167	4168	4456
chrM	4168	4169	4272
chrM	4169	4170	4183
chrM	4170	4171	4168
chrM	4171	4172	4140
chrM	4172	4173	4123
chrM	4173	4174	3686
chrM	4174	4175	3671
chrM	4175	4176	3609
chrM	4176	4177	3510
chrM	4177	4178	3089
chrM	4178	4179	2948
chrM	4179	4180	2576
chrM	4180	4181	2463
chrM	4181	4182	2360
chrM	4182	4183	2346
chrM	4183	4184	1814
chrM	4184	4185	1492
chrM	4185	4186	1477
chrM	4186	4187	1476
chrM	4187	4188	1458
chrM	4188	4189	1400
chrM	4189	4190	1332
chrM	4190	4191	1279
chrM	4191	4192	1269
chrM	4192	4193	1256
chrM	4193	4194	1253
chrM	4194	4195	1250
chrM	4195	4196	1246
chrM	4196	4197	1238
chrM	4197	4198	1187
chrM	4198	4199	1183
chrM	4199	4200	1183
chrM	4200	4201	1178
chrM	4201	4202	1127
chrM	4202	4203	1009
chrM	4203	4204	974
chrM	4204	4205	960
chrM	4205	4206	946
chrM	4206	4207	939
chrM	4207	4208	934
chrM	4208	4209	934
chrM	4209	4210	933
chrM	4210	4211	934
chrM	4211	4212	937
chrM	4212	4213	935
chrM	4213	4214	932
chrM	4214	4215	934
chrM	4215	4216	929
chrM	4216	4217	966
chrM	4217	4218	962
chrM	4218	4219	964
chrM	4219	4220	969
chrM	4220	4221	1001
chrM	4221	4222	1015
chrM	4222	4223	1021
chrM	4223	4224	1033
chrM	4224	4225	1046
chrM	4225	4226	1058
chrM	4226	4227	1148
chrM	4227	4228	1164
chrM	4228	4229	1167
chrM	4229	4230	1182
chrM	4230	4231	1200
chrM	4231	4232	1231
chrM	4232	4233	1239
chrM	4233	4234	1243
chrM	4234	4235	1262
chrM	4235	4236	1264
chrM	4236	4237	1270
chrM	4237	4238	1275
chrM	4238	4239	1280
chrM	4239	4240	1286
chrM	4240	4241	1287
chrM	4241	4242	1289
chrM	4242	4243	1326
chrM	4243	4244	1328
chrM	4244	4245	1373
chrM	4245	4246	1375
chrM	4246	4247	1376
chrM	4247	4248	1376
chrM	4248	4249	1377
chrM	4249	4250	1392
chrM	4250	4251	1393
chrM	4251	4252	1394
chrM	4252	4253	1395
chrM	4253	4254	1380
chrM	4254	4255	1376
chrM	4255	4256	1377
chrM	4256	4257	1433
chrM	4257	4258	1438
chrM	4258	4259	1486
chrM	4259	4260	1495
chrM	4260	4261	1495
chrM	4261	4262	1501
chrM	4262	4263	1503
chrM	4263	4264	1510
chrM	4264	4265	1514
chrM	4265	4266	1521
chrM	4266	4267	1582
chrM	4267	4268	1632
chrM	4268	4269	1642
chrM	4269	4270	1650
chrM	4270	4271	1664
chrM	4271	4272	1706
chrM	4272	4273	1724
chrM	4273	4274	1724
chrM	4274	4275	1743
chrM	4275	4276	1744
chrM	4276	4277	1816
chrM	4277	4278	1862
chrM	4278	4279	1872
chrM	4279	4280	1955
chrM	4280	4281	2001
chrM	4281	4282	2104
chrM	4282	4283	2238
chrM	4283	4284	2412
chrM	4284	4285	3381
chrM	4285	4286	3592
chrM	4286	4287	13089
chrM	4287	4288	13900
chrM	4288	4289	16358
chrM	4289	4290	18420
chrM	4290	4291	20507
chrM	4291	4292	29349
chrM	4292	4293	31836
chrM	4293	4294	33002
chrM	4294	4295	34862
chrM	4295	4296	35008
chrM	4296	4297	38922
chrM	4297	4298	40105
chrM	4298	4299	40286
chrM	4299	4300	41270
chrM	4300	4301	42035
chrM	4301	4302	42399
chrM	4302	4303	45003
chrM	4303	4304	45417
chrM	4304	4305	46568
chrM	4305	4306	46758
chrM	4306	4307	46930
chrM	4307	4308	52908
chrM	4308	4309	53095
chrM	4309	4310	53140
chrM	4310	4311	53937
chrM	4311	4312	54319
chrM	4312	4313	54597
chrM	4313	4314	54758
chrM	4314	4315	55461
chrM	4315	4316	60608
chrM	4316	4317	60824
chrM	4317	4318	60860
chrM	4318	4319	61316
chrM	4319	4320	62305
chrM	4320	4321	63594
chrM	4321	4322	63819
chrM	4322	4323	64157
chrM	4323	4324	64374
chrM	4324	4325	64445
chrM	4325	4326	70317
chrM	4326	4327	70701
chrM	4327	4328	70719
chrM	4328	4329	70858
chrM	4329	4330	71164
chrM	4330	4331	71245
chrM	4331	4332	71347
chrM	4332	4333	71464
chrM	4333	4334	72423
chrM	4334	4335	72442
chrM	4335	4336	72793
chrM	4336	4337	72841
chrM	4337	4338	72845
chrM	4338	4339	74592
chrM	4339	4340	74665
chrM	4340	4341	74679
chrM	4341	4342	74684
chrM	4342	4343	74703
chrM	4343	4344	74710
chrM	4344	4345	74757
chrM	4345	4346	74765
chrM	4346	4347	74804
chrM	4347	4348	74895
chrM	4348	4349	74981
chrM	4349	4350	75026
chrM	4350	4351	75030
chrM	4351	4352	75081
chrM	4352	4353	75136
chrM	4353	4354	75507
chrM	4354	4355	76400
chrM	4355	4356	76423
chrM	4356	4357	76534
chrM	4357	4358	76615
chrM	4358	4359	77084
chrM	4359	4360	77461
chrM	4360	4361	77481
chrM	4361	4362	77496
chrM	4362	4363	77516
chrM	4363	4364	77769
chrM	4364	4365	77894
chrM	4365	4366	77948
chrM	4366	4367	77948
chrM	4367	4368	78089
chrM	4368	4369	78146
chrM	4369	4370	78337
chrM	4370	4371	78348
chrM	4371	4372	78375
chrM	4372	4373	78389
chrM	4373	4374	78402
chrM	4374	4375	78450
chrM	4375	4376	78656
chrM	4376	4377	78672
chrM	4377	4378	78686
chrM	4378	4379	78715
chrM	4379	4380	78726
chrM	4380	4381	80140
chrM	4381	4382	80157
chrM	4382	4383	80185
chrM	4383	4384	80206
chrM	4384	4385	80212
chrM	4385	4386	80259
chrM	4386	4387	80289
chrM	4387	4388	80359
chrM	4388	4389	80363
chrM	4389	4390	80396
chrM	4390	4391	80424
chrM	4391	4392	80410
chrM	4392	4393	81821
chrM	4393	4394	81920
chrM	4394	4395	81924
chrM	4395	4396	81897
chrM	4396	4397	82322
chrM	4397	4398	82513
chrM	4398	4399	82552
chrM	4399	4400	82565
chrM	4400	4401	82565
chrM	4401	4402	82586
chrM	4402	4403	82510
chrM	4403	4404	82511
chrM	4404	4405	82567
chrM	4405	4406	82571
chrM	4406	4407	82573
chrM	4407	4408	82539
chrM	4408	4409	82467
chrM	4409	4410	82898
chrM	4410	4411	82910
chrM	4411	4412	82977
chrM	4412	4413	82998
chrM	4413	4414	83001
chrM	4414	4415	82994
chrM	4415	4416	83065
chrM	4416	4417	83097
chrM	4417	4418	83140
chrM	4418	4419	83233
chrM	4419	4420	83455
chrM	4420	4421	83576
chrM	4421	4422	84453
chrM	4422	4423	84458
chrM	4423	4424	84467
chrM	4424	4425	84460
chrM	4425	4426	84349
chrM	4426	4427	84286
chrM	4427	4428	83914
chrM	4428	4429	83560
chrM	4429	4430	83561
chrM	4430	4431	83564
chrM	4431	4432	83777
chrM	4432	4433	84076
chrM	4433	4434	84045
chrM	4434	4435	83979
chrM	4435	4436	82761
chrM	4436	4437	83003
chrM	4437	4438	83369
chrM	4438	4439	83588
chrM	4439	4440	83732
chrM	4440	4441	83568
chrM	4441	4442	83499
chrM	4442	4443	83001
chrM	4443	4444	83079
chrM	4444	4445	83113
chrM	4445	4446	83164
chrM	4446	4447	83172
chrM	4447	4448	82543
chrM	4448	4449	82564
chrM	4449	4450	82451
chrM	4450	4451	82475
chrM	4451	4452	82262
chrM	4452	4453	82180
chrM	4453	4454	82097
chrM	4454	4455	81823
chrM	4455	4456	81074
chrM	4456	4457	81046
chrM	4457	4458	81156
chrM	4458	4459	81297
chrM	4459	4460	81271
chrM	4460	4461	80621
chrM	4461	4462	80608
chrM	4462	4463	80626
chrM	4463	4464	80672
chrM	4464	4465	80606
chrM	4465	4466	80462
chrM	4466	4467	80178
chrM	4467	4468	79560
chrM	4468	4469	79504
chrM	4469	4470	78957
chrM	4470	4471	78806
chrM	4471	4472	78692
chrM	4472	4473	78601
chrM	4473	4474	76554
chrM	4474	4475	76356
chrM	4475	4476	76378
chrM	4476	4477	76429
chrM	4477	4478	76423
chrM	4478	4479	76427
chrM	4479	4480	76426
chrM	4480	4481	77194
chrM	4481	4482	77053
chrM	4482	4483	77058
chrM	4483	4484	76263
chrM	4484	4485	76043
chrM	4485	4486	76049
chrM	4486	4487	75928
chrM	4487	4488	75906
chrM	4488	4489	76077
chrM	4489	4490	75347
chrM	4490	4491	74693
chrM	4491	4492	74476
chrM	4492	4493	74254
chrM	4493	4494	74204
chrM	4494	4495	74115
chrM	4495	4496	73726
chrM	4496	4497	73375
chrM	4497	4498	72990
chrM	4498	4499	72784
chrM	4499	4500	72192
chrM	4500	4501	71893
chrM	4501	4502	71842
chrM	4502	4503	71766
chrM	4503	4504	70620
chrM	4504	4505	70518
chrM	4505	4506	70489
chrM	4506	4507	70469
chrM	4507	4508	70946
chrM	4508	4509	71138
chrM	4509	4510	71122
chrM	4510	4511	71093
chrM	4511	4512	70868
chrM	4512	4513	70848
chrM	4513	4514	70949
chrM	4514	4515	71015
chrM	4515	4516	70547
chrM	4516	4517	70233
chrM	4517	4518	69848
chrM	4518	4519	69637
chrM	4519	4520	69705
chrM	4520	4521	69732
chrM	4521	4522	70279
chrM	4522	4523	70293
chrM	4523	4524	70007
chrM	4524	4525	69076
chrM	4525	4526	66146
chrM	4526	4527	66141
chrM	4527	4528	66017
chrM	4528	4529	66046
chrM	4529	4530	66051
chrM	4530	4531	66089
chrM	4531	4532	66079
chrM	4532	4533	66069
chrM	4533	4534	66633
chrM	4534	4535	66952
chrM	4535	4536	66955
chrM	4536	4537	66898
chrM	4537	4538	66850
chrM	4538	4539	66717
chrM	4539	4540	66726
chrM	4540	4541	67325
chrM	4541	4542	67673
chrM	4542	4543	67709
chrM	4543	4544	67707
chrM	4544	4545	67527
chrM	4545	4546	67401
chrM	4546	4547	67839
chrM	4547	4548	67868
chrM	4548	4549	68112
chrM	4549	4550	68065
chrM	4550	4551	67886
chrM	4551	4552	67897
chrM	4552	4553	67920
chrM	4553	4554	67919
chrM	4554	4555	67916
chrM	4555	4556	67856
chrM	4556	4557	67859
chrM	4557	4558	67631
chrM	4558	4559	67399
chrM	4559	4560	67825
chrM	4560	4561	67816
chrM	4561	4562	67656
chrM	4562	4563	67508
chrM	4563	4564	66676
chrM	4564	4565	66010
chrM	4565	4566	65942
chrM	4566	4567	65880
chrM	4567	4568	65525
chrM	4568	4569	65386
chrM	4569	4570	65231
chrM	4570	4571	65550
chrM	4571	4572	65569
chrM	4572	4573	65631
chrM	4573	4574	65719
chrM	4574	4575	65578
chrM	4575	4576	65549
chrM	4576	4577	65467
chrM	4577	4578	65450
chrM	4578	4579	65617
chrM	4579	4580	65611
chrM	4580	4581	65477
chrM	4581	4582	64914
chrM	4582	4583	64689
chrM	4583	4584	64749
chrM	4584	4585	64627
chrM	4585	4586	64116
chrM	4586	4587	64008
chrM	4587	4588	63188
chrM	4588	4589	62322
chrM	4589	4590	62328
chrM	4590	4591	61977
chrM	4591	4592	61946
chrM	4592	4593	61911
chrM	4593	4594	61934
chrM	4594	4595	61899
chrM	4595	4596	61894
chrM	4596	4597	61828
chrM	4597	4598	61256
chrM	4598	4599	60876
chrM	4599	4600	60835
chrM	4600	4601	60819
chrM	4601	4602	60839
chrM	4602	4603	60834
chrM	4603	4604	60839
chrM	4604	4605	59721
chrM	4605	4606	59680
chrM	4606	4607	59652
chrM	4607	4608	59654
chrM	4608	4609	59532
chrM	4609	4610	59598
chrM	4610	4611	59591
chrM	4611	4612	59554
chrM	4612	4613	58064
chrM	4613	4614	57958
chrM	4614	4615	57927
chrM	4615	4616	57826
chrM	4616	4617	57830
chrM	4617	4618	57550
chrM	4618	4619	55976
chrM	4619	4620	55223
chrM	4620	4621	51351
chrM	4621	4622	51256
chrM	4622	4623	50880
chrM	4623	4624	50391
chrM	4624	4625	50049
chrM	4625	4626	44449
chrM	4626	4627	43261
chrM	4627	4628	43217
chrM	4628	4629	43031
chrM	4629	4630	42959
chrM	4630	4631	42942
chrM	4631	4632	41687
chrM	4632	4633	41607
chrM	4633	4634	40994
chrM	4634	4635	41432
chrM	4635	4636	40936
chrM	4636	4637	40779
chrM	4637	4638	40545
chrM	4638	4639	40763
chrM	4639	4640	40828
chrM	4640	4641	40883
chrM	4641	4642	40868
chrM	4642	4643	40571
chrM	4643	4644	40564
chrM	4644	4645	40327
chrM	4645	4646	40407
chrM	4646	4647	40582
chrM	4647	4648	40636
chrM	4648	4649	40608
chrM	4649	4650	40472
chrM	4650	4651	41190
chrM	4651	4652	41375
chrM	4652	4653	41351
chrM	4653	4654	41022
chrM	4654	4655	40219
chrM	4655	4656	39981
chrM	4656	4657	40034
chrM	4657	4658	40068
chrM	4658	4659	40129
chrM	4659	4660	40148
chrM	4660	4661	40100
chrM	4661	4662	40012
chrM	4662	4663	39488
chrM	4663	4664	39511
chrM	4664	4665	39352
chrM	4665	4666	38225
chrM	4666	4667	38077
chrM	4667	4668	38035
chrM	4668	4669	38124
chrM	4669	4670	38123
chrM	4670	4671	38170
chrM	4671	4672	38025
chrM	4672	4673	38029
chrM	4673	4674	38015
chrM	4674	4675	37614
chrM	4675	4676	37600
chrM	4676	4677	37597
chrM	4677	4678	37696
chrM	4678	4679	37426
chrM	4679	4680	37185
chrM	4680	4681	36892
chrM	4681	4682	36888
chrM	4682	4683	36895
chrM	4683	4684	36775
chrM	4684	4685	36730
chrM	4685	4686	36317
chrM	4686	4687	36364
chrM	4687	4688	36228
chrM	4688	4689	36220
chrM	4689	4690	36199
chrM	4690	4691	36024
chrM	4691	4692	35991
chrM	4692	4693	35838
chrM	4693	4694	35724
chrM	4694	4695	35671
chrM	4695	4696	35587
chrM	4696	4697	35242
chrM	4697	4698	34515
chrM	4698	4699	33997
chrM	4699	4700	33985
chrM	4700	4701	33233
chrM	4701	4702	32893
chrM	4702	4703	32833
chrM	4703	4704	32796
chrM	4704	4705	32561
chrM	4705	4706	32518
chrM	4706	4707	32704
chrM	4707	4708	32780
chrM	4708	4709	32743
chrM	4709	4710	32535
chrM	4710	4711	32453
chrM	4711	4712	32402
chrM	4712	4713	32342
chrM	4713	4714	32322
chrM	4714	4715	32292
chrM	4715	4716	31826
chrM	4716	4717	31534
chrM	4717	4718	29601
chrM	4718	4719	29411
chrM	4719	4720	29391
chrM	4720	4721	29418
chrM	4721	4722	29243
chrM	4722	4723	27334
chrM	4723	4724	27323
chrM	4724	4725	27036
chrM	4725	4726	26997
chrM	4726	4727	26929
chrM	4727	4728	26725
chrM	4728	4729	26716
chrM	4729	4730	26666
chrM	4730	4731	26567
chrM	4731	4732	26567
chrM	4732	4733	26528
chrM	4733	4734	26530
chrM	4734	4735	26451
chrM	4735	4736	26010
chrM	4736	4737	25977
chrM	4737	4738	25809
chrM	4738	4739	25777
chrM	4739	4740	25773
chrM	4740	4741	25610
chrM	4741	4742	25619
chrM	4742	4743	23993
chrM	4743	4744	23922
chrM	4744	4745	23565
chrM	4745	4746	23533
chrM	4746	4747	23424
chrM	4747	4748	23370
chrM	4748	4749	23321
chrM	4749	4750	23381
chrM	4750	4751	23360
chrM	4751	4752	23297
chrM	4752	4753	23243
chrM	4753	4754	23077
chrM	4754	4755	23062
chrM	4755	4756	22997
chrM	4756	4757	22920
chrM	4757	4758	22826
chrM	4758	4759	22743
chrM	4759	4760	22804
chrM	4760	4761	22762
chrM	4761	4762	22637
chrM	4762	4763	21932
chrM	4763	4764	21664
chrM	4764	4765	21490
chrM	4765	4766	21483
chrM	4766	4767	21462
chrM	4767	4768	21459
chrM	4768	4769	21392
chrM	4769	4770	21347
chrM	4770	4771	21345
chrM	4771	4772	21380
chrM	4772	4773	21389
chrM	4773	4774	21381
chrM	4774	4775	21370
chrM	4775	4776	21172
chrM	4776	4777	21109
chrM	4777	4778	21097
chrM	4778	4779	21047
chrM	4779	4780	20851
chrM	4780	4781	20431
chrM	4781	4782	20240
chrM	4782	4783	19979
chrM	4783	4784	19964
chrM	4784	4785	19957
chrM	4785	4786	19883
chrM	4786	4787	19606
chrM	4787	4788	19521
chrM	4788	4789	19499
chrM	4789	4790	19473
chrM	4790	4791	19428
chrM	4791	4792	18816
chrM	4792	4793	18052
chrM	4793	4794	17677
chrM	4794	4795	17636
chrM	4795	4796	17622
chrM	4796	4797	17441
chrM	4797	4798	17406
chrM	4798	4799	17344
chrM	4799	4800	17310
chrM	4800	4801	17299
chrM	4801	4802	17289
chrM	4802	4803	17260
chrM	4803	4804	16682
chrM	4804	4805	16627
chrM	4805	4806	16612
chrM	4806	4807	15825
chrM	4807	4808	15528
chrM	4808	4809	15458
chrM	4809	4810	15453
chrM	4810	4811	15455
chrM	4811	4812	15453
chrM	4812	4813	15462
chrM	4813	4814	15461
chrM	4814	4815	15480
chrM	4815	4816	15482
chrM	4816	4817	15466
chrM	4817	4818	15396
chrM	4818	4819	15186
chrM	4819	4820	15186
chrM	4820	4821	15151
chrM	4821	4822	15130
chrM	4822	4823	15120
chrM	4823	4824	15107
chrM	4824	4825	15050
chrM	4825	4826	12559
chrM	4826	4827	12555
chrM	4827	4828	12511
chrM	4828	4829	12409
chrM	4829	4830	12317
chrM	4830	4831	12209
chrM	4831	4832	11878
chrM	4832	4833	11827
chrM	4833	4834	11820
chrM	4834	4835	11096
chrM	4835	4836	11086
chrM	4836	4837	11051
chrM	4837	4838	10971
chrM	4838	4839	10686
chrM	4839	4840	10682
chrM	4840	4841	10674
chrM	4841	4842	10636
chrM	4842	4843	9853
chrM	4843	4844	9828
chrM	4844	4845	9810
chrM	4845	4846	9733
chrM	4846	4847	9633
chrM	4847	4848	9386
chrM	4848	4849	8830
chrM	4849	4850	8810
chrM	4850	4851	8797
chrM	4851	4852	8796
chrM	4852	4853	8790
chrM	4853	4854	8750
chrM	4854	4855	8742
chrM	4855	4856	8734
chrM	4856	4857	8726
chrM	4857	4858	8677
chrM	4858	4859	8616
chrM	4859	4860	8562
chrM	4860	4861	8537
chrM	4861	4862	8415
chrM	4862	4863	8180
chrM	4863	4864	8055
chrM	4864	4865	7519
chrM	4865	4866	7504
chrM	4866	4867	7505
chrM	4867	4868	7504
chrM	4868	4869	7501
chrM	4869	4870	7455
chrM	4870	4871	7412
chrM	4871	4872	7403
chrM	4872	4873	6791
chrM	4873	4874	6703
chrM	4874	4875	6700
chrM	4875	4876	6635
chrM	4876	4877	6436
chrM	4877	4878	6267
chrM	4878	4879	6255
chrM	4879	4880	6173
chrM	4880	4881	6118
chrM	4881	4882	6019
chrM	4882	4883	5973
chrM	4883	4884	5850
chrM	4884	4885	5677
chrM	4885	4886	5666
chrM	4886	4887	5659
chrM	4887	4888	5654
chrM	4888	4889	5635
chrM	4889	4890	5627
chrM	4890	4891	5584
chrM	4891	4892	5565
chrM	4892	4893	5554
chrM	4893	4894	5554
chrM	4894	4895	5433
chrM	4895	4896	5420
chrM	4896	4897	5406
chrM	4897	4898	5154
chrM	4898	4899	5029
chrM	4899	4900	4906
chrM	4900	4901	4399
chrM	4901	4902	4349
chrM	4902	4903	4340
chrM	4903	4904	4285
chrM	4904	4905	3644
chrM	4905	4906	3481
chrM	4906	4907	3406
chrM	4907	4908	3284
chrM	4908	4909	3254
chrM	4909	4910	3247
chrM	4910	4911	3209
chrM	4911	4912	3202
chrM	4912	4913	3202
chrM	4913	4914	3199
chrM	4914	4915	3194
chrM	4915	4916	3194
chrM	4916	4917	3193
chrM	4917	4918	2719
chrM	4918	4919	2639
chrM	4919	4920	2421
chrM	4920	4921	2187
chrM	4921	4922	1987
chrM	4922	4923	1873
chrM	4923	4924	1853
chrM	4924	4925	1714
chrM	4925	4926	1657
chrM	4926	4927	1640
chrM	4927	4928	1595
chrM	4928	4929	1533
chrM	4929	4930	1156
chrM	4930	4931	1139
chrM	4931	4932	1120
chrM	4932	4933	1114
chrM	4933	4934	1115
chrM	4934	4935	1111
chrM	4935	4936	1107
chrM	4936	4937	1088
chrM	4937	4938	1079
chrM	4938	4939	1069
chrM	4939	4940	1059
chrM	4940	4941	1051
chrM	4941	4942	1032
chrM	4942	4943	1032
chrM	4943	4944	1032
chrM	4944	4945	1013
chrM	4945	4946	902
chrM	4946	4947	902
chrM	4947	4948	902
chrM	4948	4949	884
chrM	4949	4950	861
chrM	4950	4951	861
chrM	4951	4952	862
chrM	4952	4953	863
chrM	4953	4954	863
chrM	4954	4955	865
chrM	4955	4956	867
chrM	4956	4957	867
chrM	4957	4958	867
chrM	4958	4959	870
chrM	4959	4960	874
chrM	4960	4961	875
chrM	4961	4962	891
chrM	4962	4963	893
chrM	4963	4964	893
chrM	4964	4965	892
chrM	4965	4966	894
chrM	4966	4967	897
chrM	4967	4968	901
chrM	4968	4969	903
chrM	4969	4970	905
chrM	4970	4971	906
chrM	4971	4972	908
chrM	4972	4973	908
chrM	4973	4974	914
chrM	4974	4975	924
chrM	4975	4976	928
chrM	4976	4977	928
chrM	4977	4978	928
chrM	4978	4979	929
chrM	4979	4980	929
chrM	4980	4981	929
chrM	4981	4982	932
chrM	4982	4983	932
chrM	4983	4984	932
chrM	4984	4985	932
chrM	4985	4986	931
chrM	4986	4987	931
chrM	4987	4988	932
chrM	4988	4989	932
chrM	4989	4990	932
chrM	4990	4991	932
chrM	4991	4992	933
chrM	4992	4993	934
chrM	4993	4994	934
chrM	4994	4995	934
chrM	4995	4996	934
chrM	4996	4997	934
chrM	4997	4998	937
chrM	4998	4999	937
chrM	4999	5000	940
chrM	5000	5001	940
chrM	5001	5002	940
chrM	5002	5003	940
chrM	5003	5004	942
chrM	5004	5005	941
chrM	5005	5006	942
chrM	5006	5007	943
chrM	5007	5008	943
chrM	5008	5009	944
chrM	5009	5010	945
chrM	5010	5011	945
chrM	5011	5012	946
chrM	5012	5013	947
chrM	5013	5014	947
chrM	5014	5015	947
chrM	5015	5016	951
chrM	5016	5017	956
chrM	5017	5018	957
chrM	5018	5019	964
chrM	5019	5020	965
chrM	5020	5021	965
chrM	5021	5022	966
chrM	5022	5023	966
chrM	5023	5024	987
chrM	5024	5025	989
chrM	5025	5026	989
chrM	5026	5027	990
chrM	5027	5028	996
chrM	5028	5029	1044
chrM	5029	5030	1059
chrM	5030	5031	1079
chrM	5031	5032	1167
chrM	5032	5033	1171
chrM	5033	5034	1169
chrM	5034	5035	1179
chrM	5035	5036	1196
chrM	5036	5037	1640
chrM	5037	5038	1648
chrM	5038	5039	1662
chrM	5039	5040	1655
chrM	5040	5041	1658
chrM	5041	5042	1709
chrM	5042	5043	1708
chrM	5043	5044	1711
chrM	5044	5045	1717
chrM	5045	5046	1719
chrM	5046	5047	1721
chrM	5047	5048	1748
chrM	5048	5049	1753
chrM	5049	5050	1754
chrM	5050	5051	1759
chrM	5051	5052	1764
chrM	5052	5053	1778
chrM	5053	5054	1780
chrM	5054	5055	1785
chrM	5055	5056	1792
chrM	5056	5057	1797
chrM	5057	5058	1833
chrM	5058	5059	1834
chrM	5059	5060	1860
chrM	5060	5061	1883
chrM	5061	5062	1892
chrM	5062	5063	1973
chrM	5063	5064	1986
chrM	5064	5065	1994
chrM	5065	5066	2000
chrM	5066	5067	2009
chrM	5067	5068	2009
chrM	5068	5069	2010
chrM	5069	5070	2023
chrM	5070	5071	2042
chrM	5071	5072	2174
chrM	5072	5073	2174
chrM	5073	5074	2198
chrM	5074	5075	2203
chrM	5075	5076	2246
chrM	5076	5077	2297
chrM	5077	5078	2307
chrM	5078	5079	2360
chrM	5079	5080	2419
chrM	5080	5081	2591
chrM	5081	5082	3234
chrM	5082	5083	3461
chrM	5083	5084	4442
chrM	5084	5085	4549
chrM	5085	5086	4770
chrM	5086	5087	4824
chrM	5087	5088	5015
chrM	5088	5089	5606
chrM	5089	5090	5922
chrM	5090	5091	6627
chrM	5091	5092	6929
chrM	5092	5093	7571
chrM	5093	5094	9211
chrM	5094	5095	9394
chrM	5095	5096	10186
chrM	5096	5097	10425
chrM	5097	5098	14488
chrM	5098	5099	15264
chrM	5099	5100	15447
chrM	5100	5101	15602
chrM	5101	5102	15743
chrM	5102	5103	18314
chrM	5103	5104	18679
chrM	5104	5105	18772
chrM	5105	5106	18818
chrM	5106	5107	20344
chrM	5107	5108	21511
chrM	5108	5109	21837
chrM	5109	5110	21889
chrM	5110	5111	21949
chrM	5111	5112	22920
chrM	5112	5113	23237
chrM	5113	5114	23282
chrM	5114	5115	23307
chrM	5115	5116	23387
chrM	5116	5117	23837
chrM	5117	5118	24891
chrM	5118	5119	24933
chrM	5119	5120	24951
chrM	5120	5121	24963
chrM	5121	5122	25123
chrM	5122	5123	25275
chrM	5123	5124	25659
chrM	5124	5125	25683
chrM	5125	5126	25691
chrM	5126	5127	25698
chrM	5127	5128	26088
chrM	5128	5129	26259
chrM	5129	5130	26277
chrM	5130	5131	26278
chrM	5131	5132	26297
chrM	5132	5133	26316
chrM	5133	5134	26380
chrM	5134	5135	26680
chrM	5135	5136	26783
chrM	5136	5137	26986
chrM	5137	5138	27006
chrM	5138	5139	27131
chrM	5139	5140	27125
chrM	5140	5141	28544
chrM	5141	5142	28653
chrM	5142	5143	28677
chrM	5143	5144	28704
chrM	5144	5145	28721
chrM	5145	5146	28778
chrM	5146	5147	28781
chrM	5147	5148	29010
chrM	5148	5149	29016
chrM	5149	5150	29029
chrM	5150	5151	31039
chrM	5151	5152	31091
chrM	5152	5153	31096
chrM	5153	5154	31113
chrM	5154	5155	31366
chrM	5155	5156	31385
chrM	5156	5157	31516
chrM	5157	5158	31531
chrM	5158	5159	31571
chrM	5159	5160	31633
chrM	5160	5161	31761
chrM	5161	5162	31958
chrM	5162	5163	32046
chrM	5163	5164	32242
chrM	5164	5165	32275
chrM	5165	5166	32304
chrM	5166	5167	32400
chrM	5167	5168	32672
chrM	5168	5169	33489
chrM	5169	5170	33582
chrM	5170	5171	33797
chrM	5171	5172	34086
chrM	5172	5173	34204
chrM	5173	5174	34394
chrM	5174	5175	34411
chrM	5175	5176	34533
chrM	5176	5177	34545
chrM	5177	5178	34595
chrM	5178	5179	34641
chrM	5179	5180	34715
chrM	5180	5181	35027
chrM	5181	5182	35170
chrM	5182	5183	35211
chrM	5183	5184	35261
chrM	5184	5185	35395
chrM	5185	5186	36340
chrM	5186	5187	36469
chrM	5187	5188	36641
chrM	5188	5189	37031
chrM	5189	5190	37060
chrM	5190	5191	37067
chrM	5191	5192	37126
chrM	5192	5193	37136
chrM	5193	5194	37249
chrM	5194	5195	37478
chrM	5195	5196	37472
chrM	5196	5197	37497
chrM	5197	5198	37498
chrM	5198	5199	37859
chrM	5199	5200	37889
chrM	5200	5201	37885
chrM	5201	5202	37887
chrM	5202	5203	37878
chrM	5203	5204	37879
chrM	5204	5205	37897
chrM	5205	5206	37903
chrM	5206	5207	37935
chrM	5207	5208	37935
chrM	5208	5209	37872
chrM	5209	5210	37893
chrM	5210	5211	37872
chrM	5211	5212	37881
chrM	5212	5213	37906
chrM	5213	5214	37938
chrM	5214	5215	37943
chrM	5215	5216	37899
chrM	5216	5217	37943
chrM	5217	5218	38004
chrM	5218	5219	38032
chrM	5219	5220	38036
chrM	5220	5221	38043
chrM	5221	5222	38092
chrM	5222	5223	38091
chrM	5223	5224	38195
chrM	5224	5225	38195
chrM	5225	5226	38259
chrM	5226	5227	38349
chrM	5227	5228	38443
chrM	5228	5229	38583
chrM	5229	5230	38562
chrM	5230	5231	38741
chrM	5231	5232	38740
chrM	5232	5233	38844
chrM	5233	5234	38851
chrM	5234	5235	38832
chrM	5235	5236	39271
chrM	5236	5237	39233
chrM	5237	5238	39213
chrM	5238	5239	39176
chrM	5239	5240	39212
chrM	5240	5241	39213
chrM	5241	5242	39158
chrM	5242	5243	39170
chrM	5243	5244	37660
chrM	5244	5245	37647
chrM	5245	5246	37204
chrM	5246	5247	37305
chrM	5247	5248	37403
chrM	5248	5249	37526
chrM	5249	5250	37645
chrM	5250	5251	36535
chrM	5251	5252	36486
chrM	5252	5253	35874
chrM	5253	5254	35776
chrM	5254	5255	35787
chrM	5255	5256	35817
chrM	5256	5257	36025
chrM	5257	5258	36012
chrM	5258	5259	36031
chrM	5259	5260	36741
chrM	5260	5261	36766
chrM	5261	5262	37347
chrM	5262	5263	37551
chrM	5263	5264	37563
chrM	5264	5265	38166
chrM	5265	5266	38173
chrM	5266	5267	38283
chrM	5267	5268	38300
chrM	5268	5269	38305
chrM	5269	5270	39468
chrM	5270	5271	39487
chrM	5271	5272	39503
chrM	5272	5273	39471
chrM	5273	5274	39481
chrM	5274	5275	39511
chrM	5275	5276	39523
chrM	5276	5277	39526
chrM	5277	5278	39523
chrM	5278	5279	39535
chrM	5279	5280	39463
chrM	5280	5281	39476
chrM	5281	5282	39485
chrM	5282	5283	39492
chrM	5283	5284	39569
chrM	5284	5285	39544
chrM	5285	5286	39192
chrM	5286	5287	39125
chrM	5287	5288	39152
chrM	5288	5289	39210
chrM	5289	5290	39188
chrM	5290	5291	39079
chrM	5291	5292	39048
chrM	5292	5293	38973
chrM	5293	5294	38686
chrM	5294	5295	38681
chrM	5295	5296	38652
chrM	5296	5297	38607
chrM	5297	5298	38584
chrM	5298	5299	38372
chrM	5299	5300	38182
chrM	5300	5301	38167
chrM	5301	5302	38235
chrM	5302	5303	38238
chrM	5303	5304	38288
chrM	5304	5305	38292
chrM	5305	5306	38329
chrM	5306	5307	38315
chrM	5307	5308	38282
chrM	5308	5309	38193
chrM	5309	5310	38171
chrM	5310	5311	38286
chrM	5311	5312	38396
chrM	5312	5313	38341
chrM	5313	5314	38341
chrM	5314	5315	38343
chrM	5315	5316	38422
chrM	5316	5317	38417
chrM	5317	5318	38418
chrM	5318	5319	38472
chrM	5319	5320	38504
chrM	5320	5321	38990
chrM	5321	5322	39026
chrM	5322	5323	38989
chrM	5323	5324	39042
chrM	5324	5325	39083
chrM	5325	5326	39061
chrM	5326	5327	38784
chrM	5327	5328	38766
chrM	5328	5329	38721
chrM	5329	5330	38151
chrM	5330	5331	37919
chrM	5331	5332	37799
chrM	5332	5333	37841
chrM	5333	5334	37954
chrM	5334	5335	37819
chrM	5335	5336	37754
chrM	5336	5337	36834
chrM	5337	5338	36807
chrM	5338	5339	36814
chrM	5339	5340	36693
chrM	5340	5341	36822
chrM	5341	5342	36675
chrM	5342	5343	36739
chrM	5343	5344	36758
chrM	5344	5345	36741
chrM	5345	5346	36294
chrM	5346	5347	36248
chrM	5347	5348	36342
chrM	5348	5349	36445
chrM	5349	5350	36279
chrM	5350	5351	35085
chrM	5351	5352	35022
chrM	5352	5353	34941
chrM	5353	5354	34943
chrM	5354	5355	34987
chrM	5355	5356	34964
chrM	5356	5357	34915
chrM	5357	5358	34895
chrM	5358	5359	35005
chrM	5359	5360	35034
chrM	5360	5361	35048
chrM	5361	5362	34983
chrM	5362	5363	34431
chrM	5363	5364	34485
chrM	5364	5365	33903
chrM	5365	5366	33926
chrM	5366	5367	33929
chrM	5367	5368	33938
chrM	5368	5369	33945
chrM	5369	5370	33918
chrM	5370	5371	33961
chrM	5371	5372	33963
chrM	5372	5373	34071
chrM	5373	5374	34070
chrM	5374	5375	34214
chrM	5375	5376	34258
chrM	5376	5377	34252
chrM	5377	5378	34274
chrM	5378	5379	34528
chrM	5379	5380	34585
chrM	5380	5381	34674
chrM	5381	5382	34681
chrM	5382	5383	34684
chrM	5383	5384	34880
chrM	5384	5385	34906
chrM	5385	5386	34918
chrM	5386	5387	34923
chrM	5387	5388	34941
chrM	5388	5389	34940
chrM	5389	5390	34920
chrM	5390	5391	34768
chrM	5391	5392	35151
chrM	5392	5393	35565
chrM	5393	5394	35572
chrM	5394	5395	35560
chrM	5395	5396	35553
chrM	5396	5397	35554
chrM	5397	5398	35537
chrM	5398	5399	35466
chrM	5399	5400	35457
chrM	5400	5401	35456
chrM	5401	5402	35430
chrM	5402	5403	34853
chrM	5403	5404	34915
chrM	5404	5405	34929
chrM	5405	5406	34818
chrM	5406	5407	34378
chrM	5407	5408	34342
chrM	5408	5409	33687
chrM	5409	5410	33675
chrM	5410	5411	33677
chrM	5411	5412	33640
chrM	5412	5413	33735
chrM	5413	5414	33698
chrM	5414	5415	33625
chrM	5415	5416	33663
chrM	5416	5417	33946
chrM	5417	5418	33971
chrM	5418	5419	33544
chrM	5419	5420	33573
chrM	5420	5421	33515
chrM	5421	5422	33397
chrM	5422	5423	33749
chrM	5423	5424	33710
chrM	5424	5425	33486
chrM	5425	5426	33008
chrM	5426	5427	28695
chrM	5427	5428	28441
chrM	5428	5429	27674
chrM	5429	5430	27665
chrM	5430	5431	27753
chrM	5431	5432	27725
chrM	5432	5433	28162
chrM	5433	5434	28233
chrM	5434	5435	28286
chrM	5435	5436	28281
chrM	5436	5437	28280
chrM	5437	5438	28519
chrM	5438	5439	28730
chrM	5439	5440	28664
chrM	5440	5441	28199
chrM	5441	5442	28216
chrM	5442	5443	28574
chrM	5443	5444	28588
chrM	5444	5445	28620
chrM	5445	5446	28581
chrM	5446	5447	28534
chrM	5447	5448	28536
chrM	5448	5449	28335
chrM	5449	5450	28213
chrM	5450	5451	28212
chrM	5451	5452	28197
chrM	5452	5453	28188
chrM	5453	5454	28009
chrM	5454	5455	27938
chrM	5455	5456	27807
chrM	5456	5457	27744
chrM	5457	5458	27768
chrM	5458	5459	27546
chrM	5459	5460	27552
chrM	5460	5461	27800
chrM	5461	5462	27576
chrM	5462	5463	27011
chrM	5463	5464	26609
chrM	5464	5465	26913
chrM	5465	5466	26713
chrM	5466	5467	26699
chrM	5467	5468	26695
chrM	5468	5469	26530
chrM	5469	5470	26460
chrM	5470	5471	26181
chrM	5471	5472	26169
chrM	5472	5473	26168
chrM	5473	5474	26174
chrM	5474	5475	26227
chrM	5475	5476	26223
chrM	5476	5477	26220
chrM	5477	5478	26210
chrM	5478	5479	26250
chrM	5479	5480	26220
chrM	5480	5481	26172
chrM	5481	5482	26053
chrM	5482	5483	25925
chrM	5483	5484	25248
chrM	5484	5485	25163
chrM	5485	5486	25189
chrM	5486	5487	25146
chrM	5487	5488	24667
chrM	5488	5489	24659
chrM	5489	5490	24221
chrM	5490	5491	24276
chrM	5491	5492	24281
chrM	5492	5493	24258
chrM	5493	5494	24250
chrM	5494	5495	24203
chrM	5495	5496	24041
chrM	5496	5497	24045
chrM	5497	5498	24068
chrM	5498	5499	24080
chrM	5499	5500	24557
chrM	5500	5501	24357
chrM	5501	5502	24779
chrM	5502	5503	24887
chrM	5503	5504	24937
chrM	5504	5505	25698
chrM	5505	5506	25710
chrM	5506	5507	25773
chrM	5507	5508	25889
chrM	5508	5509	25884
chrM	5509	5510	26121
chrM	5510	5511	26209
chrM	5511	5512	26224
chrM	5512	5513	26181
chrM	5513	5514	26144
chrM	5514	5515	26001
chrM	5515	5516	26003
chrM	5516	5517	26362
chrM	5517	5518	26369
chrM	5518	5519	26362
chrM	5519	5520	26355
chrM	5520	5521	26348
chrM	5521	5522	26571
chrM	5522	5523	26586
chrM	5523	5524	26595
chrM	5524	5525	26587
chrM	5525	5526	26643
chrM	5526	5527	26650
chrM	5527	5528	26655
chrM	5528	5529	26653
chrM	5529	5530	26673
chrM	5530	5531	26786
chrM	5531	5532	26781
chrM	5532	5533	26704
chrM	5533	5534	26699
chrM	5534	5535	27079
chrM	5535	5536	27110
chrM	5536	5537	27089
chrM	5537	5538	26988
chrM	5538	5539	26768
chrM	5539	5540	26818
chrM	5540	5541	25994
chrM	5541	5542	25977
chrM	5542	5543	25984
chrM	5543	5544	25946
chrM	5544	5545	27076
chrM	5545	5546	27023
chrM	5546	5547	26847
chrM	5547	5548	26890
chrM	5548	5549	26815
chrM	5549	5550	26862
chrM	5550	5551	26488
chrM	5551	5552	26518
chrM	5552	5553	26527
chrM	5553	5554	26541
chrM	5554	5555	26634
chrM	5555	5556	26462
chrM	5556	5557	26448
chrM	5557	5558	26468
chrM	5558	5559	26553
chrM	5559	5560	26638
chrM	5560	5561	26604
chrM	5561	5562	26656
chrM	5562	5563	26107
chrM	5563	5564	26158
chrM	5564	5565	26142
chrM	5565	5566	26046
chrM	5566	5567	26216
chrM	5567	5568	26266
chrM	5568	5569	26304
chrM	5569	5570	25406
chrM	5570	5571	25642
chrM	5571	5572	25647
chrM	5572	5573	25606
chrM	5573	5574	25592
chrM	5574	5575	25462
chrM	5575	5576	25954
chrM	5576	5577	25961
chrM	5577	5578	25999
chrM	5578	5579	25956
chrM	5579	5580	25944
chrM	5580	5581	25962
chrM	5581	5582	25991
chrM	5582	5583	25987
chrM	5583	5584	26017
chrM	5584	5585	26027
chrM	5585	5586	25916
chrM	5586	5587	25877
chrM	5587	5588	25888
chrM	5588	5589	25933
chrM	5589	5590	25947
chrM	5590	5591	25932
chrM	5591	5592	25789
chrM	5592	5593	25697
chrM	5593	5594	26048
chrM	5594	5595	26027
chrM	5595	5596	25951
chrM	5596	5597	25933
chrM	5597	5598	25936
chrM	5598	5599	25854
chrM	5599	5600	25635
chrM	5600	5601	25602
chrM	5601	5602	25492
chrM	5602	5603	25427
chrM	5603	5604	23764
chrM	5604	5605	23794
chrM	5605	5606	23856
chrM	5606	5607	23910
chrM	5607	5608	23609
chrM	5608	5609	23593
chrM	5609	5610	23580
chrM	5610	5611	23351
chrM	5611	5612	23353
chrM	5612	5613	23342
chrM	5613	5614	23278
chrM	5614	5615	23122
chrM	5615	5616	23159
chrM	5616	5617	23201
chrM	5617	5618	23253
chrM	5618	5619	23231
chrM	5619	5620	23243
chrM	5620	5621	23289
chrM	5621	5622	23252
chrM	5622	5623	23248
chrM	5623	5624	23283
chrM	5624	5625	23298
chrM	5625	5626	23291
chrM	5626	5627	23302
chrM	5627	5628	23285
chrM	5628	5629	23534
chrM	5629	5630	23589
chrM	5630	5631	23589
chrM	5631	5632	23555
chrM	5632	5633	23464
chrM	5633	5634	23489
chrM	5634	5635	23415
chrM	5635	5636	23396
chrM	5636	5637	23655
chrM	5637	5638	23696
chrM	5638	5639	23680
chrM	5639	5640	23478
chrM	5640	5641	23357
chrM	5641	5642	23223
chrM	5642	5643	22841
chrM	5643	5644	22824
chrM	5644	5645	22802
chrM	5645	5646	22817
chrM	5646	5647	22823
chrM	5647	5648	21704
chrM	5648	5649	21683
chrM	5649	5650	21647
chrM	5650	5651	21647
chrM	5651	5652	21681
chrM	5652	5653	21627
chrM	5653	5654	21838
chrM	5654	5655	21793
chrM	5655	5656	21715
chrM	5656	5657	21776
chrM	5657	5658	21767
chrM	5658	5659	21775
chrM	5659	5660	22178
chrM	5660	5661	22227
chrM	5661	5662	22195
chrM	5662	5663	22157
chrM	5663	5664	22279
chrM	5664	5665	22233
chrM	5665	5666	22251
chrM	5666	5667	22153
chrM	5667	5668	22054
chrM	5668	5669	21979
chrM	5669	5670	20426
chrM	5670	5671	20429
chrM	5671	5672	20433
chrM	5672	5673	20485
chrM	5673	5674	20489
chrM	5674	5675	20458
chrM	5675	5676	20459
chrM	5676	5677	20453
chrM	5677	5678	20486
chrM	5678	5679	20482
chrM	5679	5680	20484
chrM	5680	5681	20489
chrM	5681	5682	20349
chrM	5682	5683	20272
chrM	5683	5684	20270
chrM	5684	5685	20361
chrM	5685	5686	20371
chrM	5686	5687	20356
chrM	5687	5688	20313
chrM	5688	5689	19994
chrM	5689	5690	19780
chrM	5690	5691	19779
chrM	5691	5692	19721
chrM	5692	5693	19729
chrM	5693	5694	19729
chrM	5694	5695	19692
chrM	5695	5696	19573
chrM	5696	5697	19558
chrM	5697	5698	19635
chrM	5698	5699	19607
chrM	5699	5700	19552
chrM	5700	5701	19535
chrM	5701	5702	19333
chrM	5702	5703	19344
chrM	5703	5704	19335
chrM	5704	5705	19318
chrM	5705	5706	19229
chrM	5706	5707	19179
chrM	5707	5708	18951
chrM	5708	5709	18452
chrM	5709	5710	18387
chrM	5710	5711	18107
chrM	5711	5712	17769
chrM	5712	5713	17634
chrM	5713	5714	17570
chrM	5714	5715	17545
chrM	5715	5716	17428
chrM	5716	5717	17353
chrM	5717	5718	17294
chrM	5718	5719	17118
chrM	5719	5720	16948
chrM	5720	5721	16851
chrM	5721	5722	16425
chrM	5722	5723	16051
chrM	5723	5724	15921
chrM	5724	5725	15868
chrM	5725	5726	15856
chrM	5726	5727	15657
chrM	5727	5728	15636
chrM	5728	5729	15421
chrM	5729	5730	15305
chrM	5730	5731	15263
chrM	5731	5732	15228
chrM	5732	5733	15260
chrM	5733	5734	15254
chrM	5734	5735	15258
chrM	5735	5736	15252
chrM	5736	5737	15224
chrM	5737	5738	15091
chrM	5738	5739	15044
chrM	5739	5740	14869
chrM	5740	5741	14826
chrM	5741	5742	14538
chrM	5742	5743	13467
chrM	5743	5744	13309
chrM	5744	5745	13209
chrM	5745	5746	13208
chrM	5746	5747	13189
chrM	5747	5748	13167
chrM	5748	5749	13120
chrM	5749	5750	13100
chrM	5750	5751	12985
chrM	5751	5752	12844
chrM	5752	5753	12735
chrM	5753	5754	12722
chrM	5754	5755	12714
chrM	5755	5756	12658
chrM	5756	5757	12618
chrM	5757	5758	12339
chrM	5758	5759	12271
chrM	5759	5760	12184
chrM	5760	5761	12027
chrM	5761	5762	12016
chrM	5762	5763	11393
chrM	5763	5764	11378
chrM	5764	5765	11369
chrM	5765	5766	11367
chrM	5766	5767	11354
chrM	5767	5768	11324
chrM	5768	5769	11292
chrM	5769	5770	11190
chrM	5770	5771	11078
chrM	5771	5772	11041
chrM	5772	5773	10942
chrM	5773	5774	10920
chrM	5774	5775	10916
chrM	5775	5776	10901
chrM	5776	5777	10725
chrM	5777	5778	10706
chrM	5778	5779	10692
chrM	5779	5780	10594
chrM	5780	5781	10055
chrM	5781	5782	9978
chrM	5782	5783	9947
chrM	5783	5784	9940
chrM	5784	5785	9933
chrM	5785	5786	9924
chrM	5786	5787	9899
chrM	5787	5788	9894
chrM	5788	5789	9712
chrM	5789	5790	9714
chrM	5790	5791	9704
chrM	5791	5792	9695
chrM	5792	5793	9677
chrM	5793	5794	9555
chrM	5794	5795	9545
chrM	5795	5796	9504
chrM	5796	5797	9496
chrM	5797	5798	9277
chrM	5798	5799	9191
chrM	5799	5800	9167
chrM	5800	5801	9092
chrM	5801	5802	9045
chrM	5802	5803	9044
chrM	5803	5804	8993
chrM	5804	5805	8876
chrM	5805	5806	8852
chrM	5806	5807	8838
chrM	5807	5808	8825
chrM	5808	5809	8809
chrM	5809	5810	8271
chrM	5810	5811	8240
chrM	5811	5812	8240
chrM	5812	5813	8234
chrM	5813	5814	8207
chrM	5814	5815	8013
chrM	5815	5816	7977
chrM	5816	5817	7557
chrM	5817	5818	7536
chrM	5818	5819	7026
chrM	5819	5820	6811
chrM	5820	5821	5705
chrM	5821	5822	5688
chrM	5822	5823	5654
chrM	5823	5824	5632
chrM	5824	5825	5562
chrM	5825	5826	5550
chrM	5826	5827	5485
chrM	5827	5828	5456
chrM	5828	5829	5421
chrM	5829	5830	5381
chrM	5830	5831	5369
chrM	5831	5832	4573
chrM	5832	5833	4563
chrM	5833	5834	4560
chrM	5834	5835	4558
chrM	5835	5836	4556
chrM	5836	5837	4505
chrM	5837	5838	4489
chrM	5838	5839	4486
chrM	5839	5840	4479
chrM	5840	5841	4478
chrM	5841	5842	4470
chrM	5842	5843	4470
chrM	5843	5844	4426
chrM	5844	5845	4356
chrM	5845	5846	4355
chrM	5846	5847	4340
chrM	5847	5848	4340
chrM	5848	5849	4329
chrM	5849	5850	4256
chrM	5850	5851	4012
chrM	5851	5852	3967
chrM	5852	5853	3733
chrM	5853	5854	3705
chrM	5854	5855	3671
chrM	5855	5856	3668
chrM	5856	5857	3627
chrM	5857	5858	3562
chrM	5858	5859	3557
chrM	5859	5860	3536
chrM	5860	5861	3488
chrM	5861	5862	3466
chrM	5862	5863	3444
chrM	5863	5864	2493
chrM	5864	5865	2454
chrM	5865	5866	2446
chrM	5866	5867	2350
chrM	5867	5868	2260
chrM	5868	5869	2101
chrM	5869	5870	2063
chrM	5870	5871	1910
chrM	5871	5872	1902
chrM	5872	5873	1786
chrM	5873	5874	1781
chrM	5874	5875	1756
chrM	5875	5876	1743
chrM	5876	5877	1723
chrM	5877	5878	1454
chrM	5878	5879	1366
chrM	5879	5880	1345
chrM	5880	5881	1344
chrM	5881	5882	1341
chrM	5882	5883	1206
chrM	5883	5884	1207
chrM	5884	5885	1219
chrM	5885	5886	1245
chrM	5886	5887	1199
chrM	5887	5888	1214
chrM	5888	5889	1231
chrM	5889	5890	1235
chrM	5890	5891	1236
chrM	5891	5892	1435
chrM	5892	5893	1647
chrM	5893	5894	1658
chrM	5894	5895	1751
chrM	5895	5896	1846
chrM	5896	5897	2235
chrM	5897	5898	2554
chrM	5898	5899	3395
chrM	5899	5900	4426
chrM	5900	5901	4503
chrM	5901	5902	5528
chrM	5902	5903	5940
chrM	5903	5904	6741
chrM	5904	5905	7937
chrM	5905	5906	7987
chrM	5906	5907	9094
chrM	5907	5908	9128
chrM	5908	5909	9487
chrM	5909	5910	10536
chrM	5910	5911	10595
chrM	5911	5912	11567
chrM	5912	5913	11611
chrM	5913	5914	11701
chrM	5914	5915	12453
chrM	5915	5916	12672
chrM	5916	5917	14245
chrM	5917	5918	17817
chrM	5918	5919	17838
chrM	5919	5920	17846
chrM	5920	5921	22969
chrM	5921	5922	23904
chrM	5922	5923	25246
chrM	5923	5924	25422
chrM	5924	5925	30082
chrM	5925	5926	30106
chrM	5926	5927	30649
chrM	5927	5928	31483
chrM	5928	5929	31529
chrM	5929	5930	31535
chrM	5930	5931	31626
chrM	5931	5932	31888
chrM	5932	5933	31957
chrM	5933	5934	32197
chrM	5934	5935	32231
chrM	5935	5936	32372
chrM	5936	5937	32378
chrM	5937	5938	32442
chrM	5938	5939	32516
chrM	5939	5940	32560
chrM	5940	5941	32903
chrM	5941	5942	33229
chrM	5942	5943	33439
chrM	5943	5944	33899
chrM	5944	5945	33937
chrM	5945	5946	34159
chrM	5946	5947	34295
chrM	5947	5948	34304
chrM	5948	5949	34313
chrM	5949	5950	34335
chrM	5950	5951	34337
chrM	5951	5952	34487
chrM	5952	5953	34506
chrM	5953	5954	34556
chrM	5954	5955	34584
chrM	5955	5956	34597
chrM	5956	5957	34614
chrM	5957	5958	34630
chrM	5958	5959	34691
chrM	5959	5960	34762
chrM	5960	5961	34859
chrM	5961	5962	34928
chrM	5962	5963	35007
chrM	5963	5964	35059
chrM	5964	5965	35082
chrM	5965	5966	35101
chrM	5966	5967	35330
chrM	5967	5968	36943
chrM	5968	5969	36996
chrM	5969	5970	37206
chrM	5970	5971	37282
chrM	5971	5972	37313
chrM	5972	5973	37537
chrM	5973	5974	37541
chrM	5974	5975	37552
chrM	5975	5976	37566
chrM	5976	5977	37602
chrM	5977	5978	37697
chrM	5978	5979	37701
chrM	5979	5980	37802
chrM	5980	5981	37853
chrM	5981	5982	37964
chrM	5982	5983	37977
chrM	5983	5984	37985
chrM	5984	5985	38047
chrM	5985	5986	38279
chrM	5986	5987	38332
chrM	5987	5988	38362
chrM	5988	5989	38400
chrM	5989	5990	38667
chrM	5990	5991	38674
chrM	5991	5992	38685
chrM	5992	5993	38697
chrM	5993	5994	38725
chrM	5994	5995	38766
chrM	5995	5996	38790
chrM	5996	5997	38810
chrM	5997	5998	38811
chrM	5998	5999	38817
chrM	5999	6000	38833
chrM	6000	6001	38878
chrM	6001	6002	38960
chrM	6002	6003	39042
chrM	6003	6004	39047
chrM	6004	6005	39047
chrM	6005	6006	39069
chrM	6006	6007	39070
chrM	6007	6008	39110
chrM	6008	6009	39114
chrM	6009	6010	39116
chrM	6010	6011	39267
chrM	6011	6012	39339
chrM	6012	6013	39336
chrM	6013	6014	39317
chrM	6014	6015	39312
chrM	6015	6016	39314
chrM	6016	6017	39310
chrM	6017	6018	39292
chrM	6018	6019	39299
chrM	6019	6020	39397
chrM	6020	6021	39431
chrM	6021	6022	39435
chrM	6022	6023	39427
chrM	6023	6024	39445
chrM	6024	6025	39541
chrM	6025	6026	39556
chrM	6026	6027	39559
chrM	6027	6028	39558
chrM	6028	6029	39581
chrM	6029	6030	39589
chrM	6030	6031	40124
chrM	6031	6032	40137
chrM	6032	6033	40138
chrM	6033	6034	40150
chrM	6034	6035	40294
chrM	6035	6036	40577
chrM	6036	6037	40615
chrM	6037	6038	40618
chrM	6038	6039	40587
chrM	6039	6040	40550
chrM	6040	6041	40450
chrM	6041	6042	40297
chrM	6042	6043	40303
chrM	6043	6044	40324
chrM	6044	6045	40279
chrM	6045	6046	39952
chrM	6046	6047	38853
chrM	6047	6048	38838
chrM	6048	6049	38835
chrM	6049	6050	38852
chrM	6050	6051	38845
chrM	6051	6052	38513
chrM	6052	6053	38515
chrM	6053	6054	38492
chrM	6054	6055	38425
chrM	6055	6056	38467
chrM	6056	6057	38375
chrM	6057	6058	38570
chrM	6058	6059	38945
chrM	6059	6060	39117
chrM	6060	6061	39160
chrM	6061	6062	38961
chrM	6062	6063	38969
chrM	6063	6064	39280
chrM	6064	6065	39359
chrM	6065	6066	39365
chrM	6066	6067	39743
chrM	6067	6068	39778
chrM	6068	6069	39803
chrM	6069	6070	39790
chrM	6070	6071	40096
chrM	6071	6072	39960
chrM	6072	6073	39924
chrM	6073	6074	39571
chrM	6074	6075	39538
chrM	6075	6076	39530
chrM	6076	6077	39388
chrM	6077	6078	39429
chrM	6078	6079	39398
chrM	6079	6080	39392
chrM	6080	6081	39295
chrM	6081	6082	39215
chrM	6082	6083	39152
chrM	6083	6084	39047
chrM	6084	6085	39016
chrM	6085	6086	39070
chrM	6086	6087	38898
chrM	6087	6088	38390
chrM	6088	6089	36646
chrM	6089	6090	36532
chrM	6090	6091	36539
chrM	6091	6092	35708
chrM	6092	6093	35633
chrM	6093	6094	35496
chrM	6094	6095	36090
chrM	6095	6096	36055
chrM	6096	6097	35870
chrM	6097	6098	35799
chrM	6098	6099	35659
chrM	6099	6100	35741
chrM	6100	6101	35954
chrM	6101	6102	35935
chrM	6102	6103	35983
chrM	6103	6104	35946
chrM	6104	6105	35927
chrM	6105	6106	35626
chrM	6106	6107	35272
chrM	6107	6108	35291
chrM	6108	6109	35341
chrM	6109	6110	35301
chrM	6110	6111	34597
chrM	6111	6112	34878
chrM	6112	6113	34899
chrM	6113	6114	35230
chrM	6114	6115	35240
chrM	6115	6116	35237
chrM	6116	6117	35265
chrM	6117	6118	35348
chrM	6118	6119	35336
chrM	6119	6120	35267
chrM	6120	6121	35263
chrM	6121	6122	35073
chrM	6122	6123	34835
chrM	6123	6124	34486
chrM	6124	6125	34479
chrM	6125	6126	34515
chrM	6126	6127	34479
chrM	6127	6128	34381
chrM	6128	6129	33925
chrM	6129	6130	33868
chrM	6130	6131	33796
chrM	6131	6132	33559
chrM	6132	6133	33529
chrM	6133	6134	34062
chrM	6134	6135	33987
chrM	6135	6136	33898
chrM	6136	6137	33870
chrM	6137	6138	33698
chrM	6138	6139	33819
chrM	6139	6140	33827
chrM	6140	6141	33829
chrM	6141	6142	33494
chrM	6142	6143	33518
chrM	6143	6144	33359
chrM	6144	6145	32999
chrM	6145	6146	33022
chrM	6146	6147	33021
chrM	6147	6148	33399
chrM	6148	6149	33358
chrM	6149	6150	33538
chrM	6150	6151	33389
chrM	6151	6152	33289
chrM	6152	6153	33268
chrM	6153	6154	33254
chrM	6154	6155	33193
chrM	6155	6156	33190
chrM	6156	6157	33187
chrM	6157	6158	33270
chrM	6158	6159	33198
chrM	6159	6160	33178
chrM	6160	6161	33176
chrM	6161	6162	33262
chrM	6162	6163	33289
chrM	6163	6164	33306
chrM	6164	6165	33303
chrM	6165	6166	33645
chrM	6166	6167	33578
chrM	6167	6168	33495
chrM	6168	6169	33330
chrM	6169	6170	33291
chrM	6170	6171	31407
chrM	6171	6172	31182
chrM	6172	6173	30945
chrM	6173	6174	30738
chrM	6174	6175	30396
chrM	6175	6176	30401
chrM	6176	6177	30401
chrM	6177	6178	30407
chrM	6178	6179	30402
chrM	6179	6180	30387
chrM	6180	6181	30379
chrM	6181	6182	30397
chrM	6182	6183	30483
chrM	6183	6184	30453
chrM	6184	6185	30445
chrM	6185	6186	30443
chrM	6186	6187	30455
chrM	6187	6188	30475
chrM	6188	6189	30485
chrM	6189	6190	30439
chrM	6190	6191	30396
chrM	6191	6192	30417
chrM	6192	6193	30492
chrM	6193	6194	30536
chrM	6194	6195	30565
chrM	6195	6196	30559
chrM	6196	6197	30556
chrM	6197	6198	30368
chrM	6198	6199	32235
chrM	6199	6200	32284
chrM	6200	6201	32289
chrM	6201	6202	32363
chrM	6202	6203	32343
chrM	6203	6204	32358
chrM	6204	6205	32010
chrM	6205	6206	32010
chrM	6206	6207	33525
chrM	6207	6208	33476
chrM	6208	6209	33236
chrM	6209	6210	31384
chrM	6210	6211	31485
chrM	6211	6212	31506
chrM	6212	6213	31740
chrM	6213	6214	31796
chrM	6214	6215	31625
chrM	6215	6216	31646
chrM	6216	6217	30696
chrM	6217	6218	30726
chrM	6218	6219	30743
chrM	6219	6220	30766
chrM	6220	6221	30762
chrM	6221	6222	29835
chrM	6222	6223	29868
chrM	6223	6224	29494
chrM	6224	6225	29246
chrM	6225	6226	29243
chrM	6226	6227	29261
chrM	6227	6228	29249
chrM	6228	6229	29389
chrM	6229	6230	29494
chrM	6230	6231	29516
chrM	6231	6232	29482
chrM	6232	6233	29520
chrM	6233	6234	31151
chrM	6234	6235	32069
chrM	6235	6236	33311
chrM	6236	6237	33900
chrM	6237	6238	34060
chrM	6238	6239	34060
chrM	6239	6240	35696
chrM	6240	6241	35904
chrM	6241	6242	36005
chrM	6242	6243	36020
chrM	6243	6244	36240
chrM	6244	6245	36352
chrM	6245	6246	36324
chrM	6246	6247	36368
chrM	6247	6248	37506
chrM	6248	6249	37621
chrM	6249	6250	37595
chrM	6250	6251	36929
chrM	6251	6252	37279
chrM	6252	6253	37503
chrM	6253	6254	37556
chrM	6254	6255	37547
chrM	6255	6256	37537
chrM	6256	6257	37531
chrM	6257	6258	37551
chrM	6258	6259	37203
chrM	6259	6260	37207
chrM	6260	6261	37224
chrM	6261	6262	37220
chrM	6262	6263	37124
chrM	6263	6264	37008
chrM	6264	6265	36461
chrM	6265	6266	35912
chrM	6266	6267	35881
chrM	6267	6268	35808
chrM	6268	6269	35709
chrM	6269	6270	35335
chrM	6270	6271	35307
chrM	6271	6272	35343
chrM	6272	6273	35088
chrM	6273	6274	34823
chrM	6274	6275	34640
chrM	6275	6276	34566
chrM	6276	6277	35299
chrM	6277	6278	35356
chrM	6278	6279	35378
chrM	6279	6280	35429
chrM	6280	6281	35373
chrM	6281	6282	35261
chrM	6282	6283	34758
chrM	6283	6284	34766
chrM	6284	6285	35100
chrM	6285	6286	35175
chrM	6286	6287	35128
chrM	6287	6288	34647
chrM	6288	6289	34669
chrM	6289	6290	34860
chrM	6290	6291	34867
chrM	6291	6292	34851
chrM	6292	6293	35354
chrM	6293	6294	35485
chrM	6294	6295	35770
chrM	6295	6296	35630
chrM	6296	6297	35418
chrM	6297	6298	35350
chrM	6298	6299	35250
chrM	6299	6300	35298
chrM	6300	6301	35390
chrM	6301	6302	35379
chrM	6302	6303	35400
chrM	6303	6304	35295
chrM	6304	6305	35122
chrM	6305	6306	34900
chrM	6306	6307	34927
chrM	6307	6308	35215
chrM	6308	6309	35220
chrM	6309	6310	35235
chrM	6310	6311	35239
chrM	6311	6312	35288
chrM	6312	6313	35829
chrM	6313	6314	36071
chrM	6314	6315	36070
chrM	6315	6316	35962
chrM	6316	6317	36020
chrM	6317	6318	37508
chrM	6318	6319	37535
chrM	6319	6320	37530
chrM	6320	6321	37432
chrM	6321	6322	37423
chrM	6322	6323	37108
chrM	6323	6324	37061
chrM	6324	6325	36997
chrM	6325	6326	37185
chrM	6326	6327	37180
chrM	6327	6328	36994
chrM	6328	6329	37179
chrM	6329	6330	37235
chrM	6330	6331	37723
chrM	6331	6332	37792
chrM	6332	6333	37887
chrM	6333	6334	37615
chrM	6334	6335	37849
chrM	6335	6336	37834
chrM	6336	6337	37905
chrM	6337	6338	37882
chrM	6338	6339	38308
chrM	6339	6340	39496
chrM	6340	6341	39444
chrM	6341	6342	39731
chrM	6342	6343	39709
chrM	6343	6344	39677
chrM	6344	6345	39656
chrM	6345	6346	39260
chrM	6346	6347	39474
chrM	6347	6348	39475
chrM	6348	6349	39405
chrM	6349	6350	39256
chrM	6350	6351	39242
chrM	6351	6352	39460
chrM	6352	6353	39528
chrM	6353	6354	39591
chrM	6354	6355	39594
chrM	6355	6356	39593
chrM	6356	6357	39310
chrM	6357	6358	39332
chrM	6358	6359	39324
chrM	6359	6360	39375
chrM	6360	6361	39364
chrM	6361	6362	39275
chrM	6362	6363	39306
chrM	6363	6364	39446
chrM	6364	6365	39523
chrM	6365	6366	39537
chrM	6366	6367	39356
chrM	6367	6368	39299
chrM	6368	6369	39167
chrM	6369	6370	39392
chrM	6370	6371	39400
chrM	6371	6372	39428
chrM	6372	6373	39379
chrM	6373	6374	39346
chrM	6374	6375	39795
chrM	6375	6376	39819
chrM	6376	6377	40186
chrM	6377	6378	40284
chrM	6378	6379	40185
chrM	6379	6380	40191
chrM	6380	6381	40462
chrM	6381	6382	40548
chrM	6382	6383	41146
chrM	6383	6384	41139
chrM	6384	6385	41071
chrM	6385	6386	41010
chrM	6386	6387	41013
chrM	6387	6388	41489
chrM	6388	6389	41524
chrM	6389	6390	41592
chrM	6390	6391	41592
chrM	6391	6392	41650
chrM	6392	6393	41896
chrM	6393	6394	41954
chrM	6394	6395	41997
chrM	6395	6396	42024
chrM	6396	6397	42136
chrM	6397	6398	42205
chrM	6398	6399	42148
chrM	6399	6400	42661
chrM	6400	6401	42686
chrM	6401	6402	42719
chrM	6402	6403	42730
chrM	6403	6404	42638
chrM	6404	6405	42213
chrM	6405	6406	42042
chrM	6406	6407	41556
chrM	6407	6408	41503
chrM	6408	6409	41501
chrM	6409	6410	41426
chrM	6410	6411	41313
chrM	6411	6412	41308
chrM	6412	6413	41106
chrM	6413	6414	41080
chrM	6414	6415	40984
chrM	6415	6416	40977
chrM	6416	6417	40961
chrM	6417	6418	40839
chrM	6418	6419	40852
chrM	6419	6420	40753
chrM	6420	6421	40771
chrM	6421	6422	40646
chrM	6422	6423	40712
chrM	6423	6424	40770
chrM	6424	6425	40513
chrM	6425	6426	40539
chrM	6426	6427	40392
chrM	6427	6428	41587
chrM	6428	6429	41543
chrM	6429	6430	41337
chrM	6430	6431	41117
chrM	6431	6432	41019
chrM	6432	6433	41010
chrM	6433	6434	40950
chrM	6434	6435	41035
chrM	6435	6436	41277
chrM	6436	6437	41276
chrM	6437	6438	42698
chrM	6438	6439	42727
chrM	6439	6440	43210
chrM	6440	6441	43144
chrM	6441	6442	42898
chrM	6442	6443	42832
chrM	6443	6444	42041
chrM	6444	6445	42024
chrM	6445	6446	41997
chrM	6446	6447	41986
chrM	6447	6448	42195
chrM	6448	6449	42335
chrM	6449	6450	42407
chrM	6450	6451	41735
chrM	6451	6452	41557
chrM	6452	6453	41713
chrM	6453	6454	41518
chrM	6454	6455	41516
chrM	6455	6456	41552
chrM	6456	6457	41551
chrM	6457	6458	41684
chrM	6458	6459	41420
chrM	6459	6460	41610
chrM	6460	6461	41777
chrM	6461	6462	41795
chrM	6462	6463	41732
chrM	6463	6464	41099
chrM	6464	6465	41763
chrM	6465	6466	41862
chrM	6466	6467	41889
chrM	6467	6468	42267
chrM	6468	6469	42317
chrM	6469	6470	42305
chrM	6470	6471	42510
chrM	6471	6472	42573
chrM	6472	6473	42604
chrM	6473	6474	42589
chrM	6474	6475	42396
chrM	6475	6476	42148
chrM	6476	6477	42003
chrM	6477	6478	41797
chrM	6478	6479	41790
chrM	6479	6480	41889
chrM	6480	6481	41393
chrM	6481	6482	41328
chrM	6482	6483	41304
chrM	6483	6484	41196
chrM	6484	6485	41199
chrM	6485	6486	43281
chrM	6486	6487	43436
chrM	6487	6488	43469
chrM	6488	6489	43761
chrM	6489	6490	43807
chrM	6490	6491	43795
chrM	6491	6492	43715
chrM	6492	6493	43603
chrM	6493	6494	43902
chrM	6494	6495	43464
chrM	6495	6496	43352
chrM	6496	6497	43413
chrM	6497	6498	43355
chrM	6498	6499	43373
chrM	6499	6500	43412
chrM	6500	6501	43416
chrM	6501	6502	43413
chrM	6502	6503	43407
chrM	6503	6504	43352
chrM	6504	6505	43101
chrM	6505	6506	42787
chrM	6506	6507	42763
chrM	6507	6508	42712
chrM	6508	6509	42771
chrM	6509	6510	42530
chrM	6510	6511	42332
chrM	6511	6512	42537
chrM	6512	6513	42522
chrM	6513	6514	42629
chrM	6514	6515	41903
chrM	6515	6516	41450
chrM	6516	6517	41119
chrM	6517	6518	41091
chrM	6518	6519	41156
chrM	6519	6520	41448
chrM	6520	6521	41466
chrM	6521	6522	41487
chrM	6522	6523	42510
chrM	6523	6524	42513
chrM	6524	6525	42576
chrM	6525	6526	42621
chrM	6526	6527	42524
chrM	6527	6528	42612
chrM	6528	6529	42793
chrM	6529	6530	42824
chrM	6530	6531	42846
chrM	6531	6532	42867
chrM	6532	6533	42989
chrM	6533	6534	43111
chrM	6534	6535	43131
chrM	6535	6536	43101
chrM	6536	6537	43049
chrM	6537	6538	43015
chrM	6538	6539	42904
chrM	6539	6540	42495
chrM	6540	6541	42490
chrM	6541	6542	42478
chrM	6542	6543	42432
chrM	6543	6544	42360
chrM	6544	6545	42322
chrM	6545	6546	42381
chrM	6546	6547	42479
chrM	6547	6548	42035
chrM	6548	6549	41988
chrM	6549	6550	41966
chrM	6550	6551	41984
chrM	6551	6552	41936
chrM	6552	6553	42150
chrM	6553	6554	42173
chrM	6554	6555	42162
chrM	6555	6556	40543
chrM	6556	6557	40550
chrM	6557	6558	39818
chrM	6558	6559	39830
chrM	6559	6560	40197
chrM	6560	6561	40290
chrM	6561	6562	40231
chrM	6562	6563	40259
chrM	6563	6564	40294
chrM	6564	6565	40286
chrM	6565	6566	40309
chrM	6566	6567	41989
chrM	6567	6568	41867
chrM	6568	6569	41907
chrM	6569	6570	41964
chrM	6570	6571	41872
chrM	6571	6572	41803
chrM	6572	6573	40985
chrM	6573	6574	41015
chrM	6574	6575	40943
chrM	6575	6576	40906
chrM	6576	6577	40458
chrM	6577	6578	40414
chrM	6578	6579	40417
chrM	6579	6580	40389
chrM	6580	6581	40465
chrM	6581	6582	40614
chrM	6582	6583	40632
chrM	6583	6584	40671
chrM	6584	6585	40411
chrM	6585	6586	41025
chrM	6586	6587	41023
chrM	6587	6588	41029
chrM	6588	6589	41040
chrM	6589	6590	40497
chrM	6590	6591	40316
chrM	6591	6592	38744
chrM	6592	6593	38703
chrM	6593	6594	39293
chrM	6594	6595	39164
chrM	6595	6596	38706
chrM	6596	6597	37505
chrM	6597	6598	37160
chrM	6598	6599	37224
chrM	6599	6600	37115
chrM	6600	6601	38981
chrM	6601	6602	38900
chrM	6602	6603	38032
chrM	6603	6604	37898
chrM	6604	6605	37824
chrM	6605	6606	37843
chrM	6606	6607	37988
chrM	6607	6608	38093
chrM	6608	6609	38462
chrM	6609	6610	38510
chrM	6610	6611	37941
chrM	6611	6612	38827
chrM	6612	6613	38836
chrM	6613	6614	38854
chrM	6614	6615	38815
chrM	6615	6616	38786
chrM	6616	6617	38147
chrM	6617	6618	38124
chrM	6618	6619	38115
chrM	6619	6620	38098
chrM	6620	6621	38110
chrM	6621	6622	38170
chrM	6622	6623	38011
chrM	6623	6624	37982
chrM	6624	6625	37879
chrM	6625	6626	37827
chrM	6626	6627	37753
chrM	6627	6628	37898
chrM	6628	6629	37833
chrM	6629	6630	37666
chrM	6630	6631	37250
chrM	6631	6632	36677
chrM	6632	6633	36372
chrM	6633	6634	36376
chrM	6634	6635	36421
chrM	6635	6636	36334
chrM	6636	6637	36347
chrM	6637	6638	36003
chrM	6638	6639	36234
chrM	6639	6640	36196
chrM	6640	6641	36223
chrM	6641	6642	36184
chrM	6642	6643	36242
chrM	6643	6644	36285
chrM	6644	6645	36301
chrM	6645	6646	36369
chrM	6646	6647	36406
chrM	6647	6648	36348
chrM	6648	6649	36377
chrM	6649	6650	36243
chrM	6650	6651	36174
chrM	6651	6652	36136
chrM	6652	6653	36060
chrM	6653	6654	36073
chrM	6654	6655	36054
chrM	6655	6656	35842
chrM	6656	6657	35626
chrM	6657	6658	35688
chrM	6658	6659	35694
chrM	6659	6660	35481
chrM	6660	6661	35384
chrM	6661	6662	35213
chrM	6662	6663	35123
chrM	6663	6664	35752
chrM	6664	6665	35731
chrM	6665	6666	36340
chrM	6666	6667	36388
chrM	6667	6668	36130
chrM	6668	6669	36171
chrM	6669	6670	36172
chrM	6670	6671	35761
chrM	6671	6672	35907
chrM	6672	6673	35885
chrM	6673	6674	35778
chrM	6674	6675	35723
chrM	6675	6676	35724
chrM	6676	6677	35684
chrM	6677	6678	35653
chrM	6678	6679	35453
chrM	6679	6680	35424
chrM	6680	6681	35300
chrM	6681	6682	35198
chrM	6682	6683	35054
chrM	6683	6684	35053
chrM	6684	6685	34763
chrM	6685	6686	34648
chrM	6686	6687	34604
chrM	6687	6688	34441
chrM	6688	6689	34370
chrM	6689	6690	34165
chrM	6690	6691	34162
chrM	6691	6692	34100
chrM	6692	6693	34062
chrM	6693	6694	33895
chrM	6694	6695	33854
chrM	6695	6696	32814
chrM	6696	6697	32254
chrM	6697	6698	32083
chrM	6698	6699	32007
chrM	6699	6700	31989
chrM	6700	6701	32043
chrM	6701	6702	31976
chrM	6702	6703	31654
chrM	6703	6704	30884
chrM	6704	6705	30678
chrM	6705	6706	29621
chrM	6706	6707	29481
chrM	6707	6708	29487
chrM	6708	6709	29618
chrM	6709	6710	29591
chrM	6710	6711	29598
chrM	6711	6712	29418
chrM	6712	6713	29408
chrM	6713	6714	29421
chrM	6714	6715	29381
chrM	6715	6716	29323
chrM	6716	6717	29328
chrM	6717	6718	29324
chrM	6718	6719	29267
chrM	6719	6720	29255
chrM	6720	6721	29308
chrM	6721	6722	29305
chrM	6722	6723	29306
chrM	6723	6724	29285
chrM	6724	6725	29287
chrM	6725	6726	29281
chrM	6726	6727	29405
chrM	6727	6728	29442
chrM	6728	6729	29432
chrM	6729	6730	29430
chrM	6730	6731	29320
chrM	6731	6732	29355
chrM	6732	6733	29354
chrM	6733	6734	29326
chrM	6734	6735	29329
chrM	6735	6736	29284
chrM	6736	6737	29273
chrM	6737	6738	29091
chrM	6738	6739	29076
chrM	6739	6740	29067
chrM	6740	6741	29046
chrM	6741	6742	28870
chrM	6742	6743	28787
chrM	6743	6744	28795
chrM	6744	6745	28789
chrM	6745	6746	28788
chrM	6746	6747	28697
chrM	6747	6748	28491
chrM	6748	6749	28406
chrM	6749	6750	28059
chrM	6750	6751	28057
chrM	6751	6752	28042
chrM	6752	6753	28030
chrM	6753	6754	28017
chrM	6754	6755	28086
chrM	6755	6756	28120
chrM	6756	6757	27463
chrM	6757	6758	27397
chrM	6758	6759	27239
chrM	6759	6760	27213
chrM	6760	6761	26530
chrM	6761	6762	27376
chrM	6762	6763	27391
chrM	6763	6764	27531
chrM	6764	6765	27127
chrM	6765	6766	23053
chrM	6766	6767	22971
chrM	6767	6768	22328
chrM	6768	6769	22395
chrM	6769	6770	22488
chrM	6770	6771	22724
chrM	6771	6772	22127
chrM	6772	6773	22107
chrM	6773	6774	21944
chrM	6774	6775	21971
chrM	6775	6776	22061
chrM	6776	6777	21195
chrM	6777	6778	21345
chrM	6778	6779	21241
chrM	6779	6780	21099
chrM	6780	6781	20981
chrM	6781	6782	20389
chrM	6782	6783	20599
chrM	6783	6784	20593
chrM	6784	6785	20602
chrM	6785	6786	20592
chrM	6786	6787	20605
chrM	6787	6788	20586
chrM	6788	6789	20554
chrM	6789	6790	20548
chrM	6790	6791	20551
chrM	6791	6792	20518
chrM	6792	6793	20314
chrM	6793	6794	20347
chrM	6794	6795	20336
chrM	6795	6796	20037
chrM	6796	6797	18911
chrM	6797	6798	17924
chrM	6798	6799	17940
chrM	6799	6800	17949
chrM	6800	6801	17966
chrM	6801	6802	17844
chrM	6802	6803	17844
chrM	6803	6804	17660
chrM	6804	6805	17654
chrM	6805	6806	16860
chrM	6806	6807	16857
chrM	6807	6808	16855
chrM	6808	6809	16841
chrM	6809	6810	16840
chrM	6810	6811	16842
chrM	6811	6812	16842
chrM	6812	6813	16855
chrM	6813	6814	16866
chrM	6814	6815	16866
chrM	6815	6816	16875
chrM	6816	6817	17076
chrM	6817	6818	17834
chrM	6818	6819	17907
chrM	6819	6820	18177
chrM	6820	6821	17950
chrM	6821	6822	17279
chrM	6822	6823	16983
chrM	6823	6824	16931
chrM	6824	6825	16914
chrM	6825	6826	16993
chrM	6826	6827	17229
chrM	6827	6828	17178
chrM	6828	6829	17252
chrM	6829	6830	17339
chrM	6830	6831	17408
chrM	6831	6832	17412
chrM	6832	6833	17732
chrM	6833	6834	17726
chrM	6834	6835	17800
chrM	6835	6836	17807
chrM	6836	6837	17810
chrM	6837	6838	17841
chrM	6838	6839	17821
chrM	6839	6840	17600
chrM	6840	6841	17572
chrM	6841	6842	17570
chrM	6842	6843	17573
chrM	6843	6844	17578
chrM	6844	6845	17580
chrM	6845	6846	17580
chrM	6846	6847	17582
chrM	6847	6848	17571
chrM	6848	6849	17568
chrM	6849	6850	17570
chrM	6850	6851	17574
chrM	6851	6852	17577
chrM	6852	6853	17558
chrM	6853	6854	17513
chrM	6854	6855	17495
chrM	6855	6856	17512
chrM	6856	6857	17525
chrM	6857	6858	17571
chrM	6858	6859	17583
chrM	6859	6860	17577
chrM	6860	6861	17606
chrM	6861	6862	17601
chrM	6862	6863	17656
chrM	6863	6864	17675
chrM	6864	6865	17691
chrM	6865	6866	17712
chrM	6866	6867	17722
chrM	6867	6868	17646
chrM	6868	6869	17619
chrM	6869	6870	17632
chrM	6870	6871	17629
chrM	6871	6872	17623
chrM	6872	6873	17622
chrM	6873	6874	17004
chrM	6874	6875	16998
chrM	6875	6876	16908
chrM	6876	6877	16958
chrM	6877	6878	16961
chrM	6878	6879	16994
chrM	6879	6880	16738
chrM	6880	6881	16633
chrM	6881	6882	16641
chrM	6882	6883	16618
chrM	6883	6884	16584
chrM	6884	6885	16554
chrM	6885	6886	16546
chrM	6886	6887	16084
chrM	6887	6888	16033
chrM	6888	6889	15956
chrM	6889	6890	15928
chrM	6890	6891	15891
chrM	6891	6892	15819
chrM	6892	6893	15462
chrM	6893	6894	15401
chrM	6894	6895	15246
chrM	6895	6896	15182
chrM	6896	6897	15142
chrM	6897	6898	15028
chrM	6898	6899	15017
chrM	6899	6900	15012
chrM	6900	6901	15011
chrM	6901	6902	15010
chrM	6902	6903	15007
chrM	6903	6904	14954
chrM	6904	6905	14855
chrM	6905	6906	14084
chrM	6906	6907	14076
chrM	6907	6908	14073
chrM	6908	6909	14012
chrM	6909	6910	13863
chrM	6910	6911	13858
chrM	6911	6912	13631
chrM	6912	6913	13627
chrM	6913	6914	13484
chrM	6914	6915	13461
chrM	6915	6916	13435
chrM	6916	6917	13367
chrM	6917	6918	13168
chrM	6918	6919	12921
chrM	6919	6920	12848
chrM	6920	6921	12757
chrM	6921	6922	12740
chrM	6922	6923	12678
chrM	6923	6924	12632
chrM	6924	6925	12488
chrM	6925	6926	12432
chrM	6926	6927	12334
chrM	6927	6928	11931
chrM	6928	6929	11929
chrM	6929	6930	11929
chrM	6930	6931	11874
chrM	6931	6932	11820
chrM	6932	6933	11692
chrM	6933	6934	11657
chrM	6934	6935	11559
chrM	6935	6936	11501
chrM	6936	6937	11239
chrM	6937	6938	11213
chrM	6938	6939	11085
chrM	6939	6940	11058
chrM	6940	6941	10214
chrM	6941	6942	9913
chrM	6942	6943	9904
chrM	6943	6944	9834
chrM	6944	6945	9812
chrM	6945	6946	9806
chrM	6946	6947	9618
chrM	6947	6948	9594
chrM	6948	6949	9558
chrM	6949	6950	9550
chrM	6950	6951	9524
chrM	6951	6952	9476
chrM	6952	6953	9240
chrM	6953	6954	9170
chrM	6954	6955	9118
chrM	6955	6956	9105
chrM	6956	6957	9082
chrM	6957	6958	8977
chrM	6958	6959	8934
chrM	6959	6960	8655
chrM	6960	6961	8316
chrM	6961	6962	8305
chrM	6962	6963	8304
chrM	6963	6964	8306
chrM	6964	6965	8301
chrM	6965	6966	8280
chrM	6966	6967	8279
chrM	6967	6968	8271
chrM	6968	6969	8264
chrM	6969	6970	8266
chrM	6970	6971	8261
chrM	6971	6972	8247
chrM	6972	6973	8232
chrM	6973	6974	8186
chrM	6974	6975	8182
chrM	6975	6976	8176
chrM	6976	6977	8166
chrM	6977	6978	8141
chrM	6978	6979	7716
chrM	6979	6980	7666
chrM	6980	6981	7661
chrM	6981	6982	7660
chrM	6982	6983	7654
chrM	6983	6984	7555
chrM	6984	6985	7171
chrM	6985	6986	6377
chrM	6986	6987	6184
chrM	6987	6988	6112
chrM	6988	6989	6090
chrM	6989	6990	5877
chrM	6990	6991	5834
chrM	6991	6992	5830
chrM	6992	6993	5306
chrM	6993	6994	5305
chrM	6994	6995	5277
chrM	6995	6996	5271
chrM	6996	6997	5253
chrM	6997	6998	5103
chrM	6998	6999	4828
chrM	6999	7000	4788
chrM	7000	7001	4770
chrM	7001	7002	4737
chrM	7002	7003	2491
chrM	7003	7004	2332
chrM	7004	7005	2323
chrM	7005	7006	2170
chrM	7006	7007	2150
chrM	7007	7008	2113
chrM	7008	7009	2065
chrM	7009	7010	2031
chrM	7010	7011	1984
chrM	7011	7012	1922
chrM	7012	7013	1833
chrM	7013	7014	1799
chrM	7014	7015	1794
chrM	7015	7016	1708
chrM	7016	7017	1674
chrM	7017	7018	1474
chrM	7018	7019	1457
chrM	7019	7020	1454
chrM	7020	7021	1448
chrM	7021	7022	1383
chrM	7022	7023	1347
chrM	7023	7024	1226
chrM	7024	7025	1225
chrM	7025	7026	1220
chrM	7026	7027	1216
chrM	7027	7028	1208
chrM	7028	7029	1207
chrM	7029	7030	1207
chrM	7030	7031	1207
chrM	7031	7032	1207
chrM	7032	7033	1205
chrM	7033	7034	1199
chrM	7034	7035	1199
chrM	7035	7036	1200
chrM	7036	7037	1196
chrM	7037	7038	1196
chrM	7038	7039	1187
chrM	7039	7040	1182
chrM	7040	7041	1176
chrM	7041	7042	1172
chrM	7042	7043	1173
chrM	7043	7044	1173
chrM	7044	7045	1164
chrM	7045	7046	1163
chrM	7046	7047	1163
chrM	7047	7048	1162
chrM	7048	7049	1159
chrM	7049	7050	1157
chrM	7050	7051	1157
chrM	7051	7052	1155
chrM	7052	7053	1152
chrM	7053	7054	1152
chrM	7054	7055	1153
chrM	7055	7056	1150
chrM	7056	7057	1148
chrM	7057	7058	1146
chrM	7058	7059	1146
chrM	7059	7060	1146
chrM	7060	7061	1146
chrM	7061	7062	1144
chrM	7062	7063	1123
chrM	7063	7064	1116
chrM	7064	7065	1116
chrM	7065	7066	1115
chrM	7066	7067	1114
chrM	7067	7068	1115
chrM	7068	7069	1103
chrM	7069	7070	1103
chrM	7070	7071	1104
chrM	7071	7072	1104
chrM	7072	7073	1099
chrM	7073	7074	1082
chrM	7074	7075	1082
chrM	7075	7076	1080
chrM	7076	7077	1080
chrM	7077	7078	1079
chrM	7078	7079	1056
chrM	7079	7080	1056
chrM	7080	7081	1068
chrM	7081	7082	1068
chrM	7082	7083	1069
chrM	7083	7084	1069
chrM	7084	7085	1069
chrM	7085	7086	1069
chrM	7086	7087	1069
chrM	7087	7088	1072
chrM	7088	7089	1072
chrM	7089	7090	1072
chrM	7090	7091	1072
chrM	7091	7092	1072
chrM	7092	7093	1072
chrM	7093	7094	1075
chrM	7094	7095	1076
chrM	7095	7096	1078
chrM	7096	7097	1078
chrM	7097	7098	1078
chrM	7098	7099	1078
chrM	7099	7100	1078
chrM	7100	7101	1079
chrM	7101	7102	1080
chrM	7102	7103	1080
chrM	7103	7104	1081
chrM	7104	7105	1082
chrM	7105	7106	1083
chrM	7106	7107	1083
chrM	7107	7108	1083
chrM	7108	7109	1082
chrM	7109	7110	1082
chrM	7110	7111	1084
chrM	7111	7112	1089
chrM	7112	7113	1100
chrM	7113	7114	1101
chrM	7114	7115	1105
chrM	7115	7116	1112
chrM	7116	7117	1112
chrM	7117	7118	1112
chrM	7118	7119	1112
chrM	7119	7120	1112
chrM	7120	7121	1112
chrM	7121	7122	1112
chrM	7122	7123	1115
chrM	7123	7124	1115
chrM	7124	7125	1115
chrM	7125	7126	1115
chrM	7126	7127	1117
chrM	7127	7128	1120
chrM	7128	7129	1121
chrM	7129	7130	1121
chrM	7130	7131	1121
chrM	7131	7132	1121
chrM	7132	7133	1121
chrM	7133	7134	1123
chrM	7134	7135	1123
chrM	7135	7136	1123
chrM	7136	7137	1122
chrM	7137	7138	1123
chrM	7138	7139	1123
chrM	7139	7140	1124
chrM	7140	7141	1124
chrM	7141	7142	1124
chrM	7142	7143	1125
chrM	7143	7144	1123
chrM	7144	7145	1123
chrM	7145	7146	1123
chrM	7146	7147	1123
chrM	7147	7148	1123
chrM	7148	7149	1123
chrM	7149	7150	1123
chrM	7150	7151	1123
chrM	7151	7152	1123
chrM	7152	7153	1123
chrM	7153	7154	1122
chrM	7154	7155	1122
chrM	7155	7156	1122
chrM	7156	7157	1122
chrM	7157	7158	1122
chrM	7158	7159	1123
chrM	7159	7160	1122
chrM	7160	7161	1122
chrM	7161	7162	1121
chrM	7162	7163	1122
chrM	7163	7164	1123
chrM	7164	7165	1123
chrM	7165	7166	1118
chrM	7166	7167	1118
chrM	7167	7168	1119
chrM	7168	7169	1120
chrM	7169	7170	1119
chrM	7170	7171	1118
chrM	7171	7172	1116
chrM	7172	7173	1117
chrM	7173	7174	1117
chrM	7174	7175	1116
chrM	7175	7176	1116
chrM	7176	7177	1114
chrM	7177	7178	1114
chrM	7178	7179	1114
chrM	7179	7180	1113
chrM	7180	7181	1113
chrM	7181	7182	1113
chrM	7182	7183	1114
chrM	7183	7184	1110
chrM	7184	7185	1109
chrM	7185	7186	1109
chrM	7186	7187	1108
chrM	7187	7188	1108
chrM	7188	7189	1108
chrM	7189	7190	1108
chrM	7190	7191	1109
chrM	7191	7192	1109
chrM	7192	7193	1109
chrM	7193	7194	1107
chrM	7194	7195	1107
chrM	7195	7196	1107
chrM	7196	7197	1106
chrM	7197	7198	1107
chrM	7198	7199	1107
chrM	7199	7200	1106
chrM	7200	7201	1103
chrM	7201	7202	1103
chrM	7202	7203	1103
chrM	7203	7204	1103
chrM	7204	7205	1103
chrM	7205	7206	1103
chrM	7206	7207	1103
chrM	7207	7208	1103
chrM	7208	7209	1102
chrM	7209	7210	1102
chrM	7210	7211	1101
chrM	7211	7212	1101
chrM	7212	7213	1097
chrM	7213	7214	1097
chrM	7214	7215	1097
chrM	7215	7216	1097
chrM	7216	7217	1097
chrM	7217	7218	1097
chrM	7218	7219	1097
chrM	7219	7220	1097
chrM	7220	7221	1097
chrM	7221	7222	1096
chrM	7222	7223	1097
chrM	7223	7224	1097
chrM	7224	7225	1096
chrM	7225	7226	1096
chrM	7226	7227	1096
chrM	7227	7228	1096
chrM	7228	7229	1095
chrM	7229	7230	1095
chrM	7230	7231	1094
chrM	7231	7232	1094
chrM	7232	7233	1094
chrM	7233	7234	1094
chrM	7234	7235	1094
chrM	7235	7236	1091
chrM	7236	7237	1091
chrM	7237	7238	1091
chrM	7238	7239	1091
chrM	7239	7240	1088
chrM	7240	7241	1088
chrM	7241	7242	1088
chrM	7242	7243	1088
chrM	7243	7244	1088
chrM	7244	7245	1088
chrM	7245	7246	1086
chrM	7246	7247	1086
chrM	7247	7248	1086
chrM	7248	7249	1084
chrM	7249	7250	1084
chrM	7250	7251	1084
chrM	7251	7252	1081
chrM	7252	7253	1039
chrM	7253	7254	1039
chrM	7254	7255	1036
chrM	7255	7256	1036
chrM	7256	7257	1036
chrM	7257	7258	1036
chrM	7258	7259	1036
chrM	7259	7260	1036
chrM	7260	7261	1036
chrM	7261	7262	1036
chrM	7262	7263	1036
chrM	7263	7264	1034
chrM	7264	7265	1032
chrM	7265	7266	1032
chrM	7266	7267	1030
chrM	7267	7268	1030
chrM	7268	7269	1029
chrM	7269	7270	1025
chrM	7270	7271	1025
chrM	7271	7272	1025
chrM	7272	7273	1025
chrM	7273	7274	1024
chrM	7274	7275	1017
chrM	7275	7276	1017
chrM	7276	7277	1002
chrM	7277	7278	1000
chrM	7278	7279	1000
chrM	7279	7280	1000
chrM	7280	7281	994
chrM	7281	7282	978
chrM	7282	7283	956
chrM	7283	7284	953
chrM	7284	7285	952
chrM	7285	7286	947
chrM	7286	7287	945
chrM	7287	7288	941
chrM	7288	7289	940
chrM	7289	7290	939
chrM	7290	7291	939
chrM	7291	7292	924
chrM	7292	7293	916
chrM	7293	7294	916
chrM	7294	7295	915
chrM	7295	7296	915
chrM	7296	7297	915
chrM	7297	7298	915
chrM	7298	7299	915
chrM	7299	7300	915
chrM	7300	7301	915
chrM	7301	7302	915
chrM	7302	7303	915
chrM	7303	7304	915
chrM	7304	7305	914
chrM	7305	7306	914
chrM	7306	7307	914
chrM	7307	7308	914
chrM	7308	7309	914
chrM	7309	7310	914
chrM	7310	7311	914
chrM	7311	7312	914
chrM	7312	7313	913
chrM	7313	7314	913
chrM	7314	7315	913
chrM	7315	7316	913
chrM	7316	7317	912
chrM	7317	7318	912
chrM	7318	7319	912
chrM	7319	7320	912
chrM	7320	7321	913
chrM	7321	7322	912
chrM	7322	7323	912
chrM	7323	7324	911
chrM	7324	7325	911
chrM	7325	7326	910
chrM	7326	7327	909
chrM	7327	7328	910
chrM	7328	7329	911
chrM	7329	7330	916
chrM	7330	7331	916
chrM	7331	7332	917
chrM	7332	7333	918
chrM	7333	7334	918
chrM	7334	7335	925
chrM	7335	7336	925
chrM	7336	7337	925
chrM	7337	7338	926
chrM	7338	7339	926
chrM	7339	7340	931
chrM	7340	7341	933
chrM	7341	7342	933
chrM	7342	7343	937
chrM	7343	7344	939
chrM	7344	7345	941
chrM	7345	7346	942
chrM	7346	7347	942
chrM	7347	7348	950
chrM	7348	7349	950
chrM	7349	7350	969
chrM	7350	7351	970
chrM	7351	7352	969
chrM	7352	7353	970
chrM	7353	7354	970
chrM	7354	7355	970
chrM	7355	7356	970
chrM	7356	7357	971
chrM	7357	7358	971
chrM	7358	7359	971
chrM	7359	7360	971
chrM	7360	7361	971
chrM	7361	7362	971
chrM	7362	7363	979
chrM	7363	7364	988
chrM	7364	7365	988
chrM	7365	7366	988
chrM	7366	7367	990
chrM	7367	7368	1021
chrM	7368	7369	1025
chrM	7369	7370	1133
chrM	7370	7371	1133
chrM	7371	7372	1139
chrM	7372	7373	1144
chrM	7373	7374	1152
chrM	7374	7375	1164
chrM	7375	7376	1195
chrM	7376	7377	1217
chrM	7377	7378	1218
chrM	7378	7379	1377
chrM	7379	7380	1383
chrM	7380	7381	1395
chrM	7381	7382	1402
chrM	7382	7383	1409
chrM	7383	7384	1414
chrM	7384	7385	1432
chrM	7385	7386	1433
chrM	7386	7387	1433
chrM	7387	7388	1439
chrM	7388	7389	1439
chrM	7389	7390	1444
chrM	7390	7391	1447
chrM	7391	7392	1671
chrM	7392	7393	1675
chrM	7393	7394	1675
chrM	7394	7395	1675
chrM	7395	7396	1675
chrM	7396	7397	1679
chrM	7397	7398	1682
chrM	7398	7399	1686
chrM	7399	7400	1686
chrM	7400	7401	1687
chrM	7401	7402	1689
chrM	7402	7403	1689
chrM	7403	7404	1709
chrM	7404	7405	1715
chrM	7405	7406	1720
chrM	7406	7407	1721
chrM	7407	7408	1856
chrM	7408	7409	1860
chrM	7409	7410	1873
chrM	7410	7411	1882
chrM	7411	7412	1886
chrM	7412	7413	1896
chrM	7413	7414	1907
chrM	7414	7415	1919
chrM	7415	7416	1921
chrM	7416	7417	1922
chrM	7417	7418	1941
chrM	7418	7419	1953
chrM	7419	7420	1969
chrM	7420	7421	2127
chrM	7421	7422	2259
chrM	7422	7423	2299
chrM	7423	7424	2714
chrM	7424	7425	3193
chrM	7425	7426	3241
chrM	7426	7427	3283
chrM	7427	7428	3304
chrM	7428	7429	4401
chrM	7429	7430	4465
chrM	7430	7431	4487
chrM	7431	7432	4592
chrM	7432	7433	4641
chrM	7433	7434	4676
chrM	7434	7435	4719
chrM	7435	7436	4755
chrM	7436	7437	4936
chrM	7437	7438	5048
chrM	7438	7439	5173
chrM	7439	7440	5419
chrM	7440	7441	5722
chrM	7441	7442	5732
chrM	7442	7443	5767
chrM	7443	7444	5939
chrM	7444	7445	5980
chrM	7445	7446	6388
chrM	7446	7447	6389
chrM	7447	7448	6550
chrM	7448	7449	6912
chrM	7449	7450	6936
chrM	7450	7451	6947
chrM	7451	7452	6960
chrM	7452	7453	6989
chrM	7453	7454	7000
chrM	7454	7455	7011
chrM	7455	7456	7030
chrM	7456	7457	7038
chrM	7457	7458	7050
chrM	7458	7459	7226
chrM	7459	7460	7241
chrM	7460	7461	7245
chrM	7461	7462	7290
chrM	7462	7463	7301
chrM	7463	7464	7744
chrM	7464	7465	7769
chrM	7465	7466	7801
chrM	7466	7467	7827
chrM	7467	7468	7830
chrM	7468	7469	7943
chrM	7469	7470	8008
chrM	7470	7471	8013
chrM	7471	7472	8029
chrM	7472	7473	8035
chrM	7473	7474	8042
chrM	7474	7475	8054
chrM	7475	7476	8072
chrM	7476	7477	8133
chrM	7477	7478	8148
chrM	7478	7479	8151
chrM	7479	7480	8156
chrM	7480	7481	8162
chrM	7481	7482	8167
chrM	7482	7483	8184
chrM	7483	7484	8449
chrM	7484	7485	8603
chrM	7485	7486	8648
chrM	7486	7487	9183
chrM	7487	7488	9308
chrM	7488	7489	9381
chrM	7489	7490	9423
chrM	7490	7491	9722
chrM	7491	7492	10218
chrM	7492	7493	10236
chrM	7493	7494	10258
chrM	7494	7495	10297
chrM	7495	7496	10303
chrM	7496	7497	10477
chrM	7497	7498	10600
chrM	7498	7499	10609
chrM	7499	7500	10697
chrM	7500	7501	10717
chrM	7501	7502	10745
chrM	7502	7503	10773
chrM	7503	7504	10802
chrM	7504	7505	10823
chrM	7505	7506	10827
chrM	7506	7507	10939
chrM	7507	7508	11478
chrM	7508	7509	11479
chrM	7509	7510	11486
chrM	7510	7511	11521
chrM	7511	7512	11526
chrM	7512	7513	11527
chrM	7513	7514	11540
chrM	7514	7515	11593
chrM	7515	7516	11607
chrM	7516	7517	11607
chrM	7517	7518	12012
chrM	7518	7519	12053
chrM	7519	7520	12115
chrM	7520	7521	12231
chrM	7521	7522	12514
chrM	7522	7523	12564
chrM	7523	7524	12565
chrM	7524	7525	12610
chrM	7525	7526	12775
chrM	7526	7527	12913
chrM	7527	7528	12968
chrM	7528	7529	13018
chrM	7529	7530	13030
chrM	7530	7531	13087
chrM	7531	7532	13208
chrM	7532	7533	13202
chrM	7533	7534	13200
chrM	7534	7535	13203
chrM	7535	7536	13416
chrM	7536	7537	13432
chrM	7537	7538	13434
chrM	7538	7539	13447
chrM	7539	7540	13450
chrM	7540	7541	13474
chrM	7541	7542	13478
chrM	7542	7543	13476
chrM	7543	7544	13475
chrM	7544	7545	13476
chrM	7545	7546	13486
chrM	7546	7547	13525
chrM	7547	7548	13823
chrM	7548	7549	13870
chrM	7549	7550	13908
chrM	7550	7551	14461
chrM	7551	7552	14668
chrM	7552	7553	14680
chrM	7553	7554	14666
chrM	7554	7555	14696
chrM	7555	7556	14753
chrM	7556	7557	14780
chrM	7557	7558	14783
chrM	7558	7559	14815
chrM	7559	7560	14818
chrM	7560	7561	14816
chrM	7561	7562	14821
chrM	7562	7563	14875
chrM	7563	7564	14880
chrM	7564	7565	14881
chrM	7565	7566	14938
chrM	7566	7567	14935
chrM	7567	7568	14908
chrM	7568	7569	14879
chrM	7569	7570	14953
chrM	7570	7571	14977
chrM	7571	7572	15028
chrM	7572	7573	15025
chrM	7573	7574	15039
chrM	7574	7575	15102
chrM	7575	7576	15131
chrM	7576	7577	15223
chrM	7577	7578	15215
chrM	7578	7579	15184
chrM	7579	7580	15171
chrM	7580	7581	15075
chrM	7581	7582	15079
chrM	7582	7583	15097
chrM	7583	7584	15158
chrM	7584	7585	15158
chrM	7585	7586	15138
chrM	7586	7587	15126
chrM	7587	7588	15109
chrM	7588	7589	15116
chrM	7589	7590	15131
chrM	7590	7591	15132
chrM	7591	7592	15132
chrM	7592	7593	15122
chrM	7593	7594	15447
chrM	7594	7595	16728
chrM	7595	7596	16739
chrM	7596	7597	16756
chrM	7597	7598	16932
chrM	7598	7599	16820
chrM	7599	7600	16841
chrM	7600	7601	16939
chrM	7601	7602	16823
chrM	7602	7603	16807
chrM	7603	7604	16705
chrM	7604	7605	16668
chrM	7605	7606	16655
chrM	7606	7607	16649
chrM	7607	7608	16691
chrM	7608	7609	16556
chrM	7609	7610	16560
chrM	7610	7611	16448
chrM	7611	7612	16451
chrM	7612	7613	16310
chrM	7613	7614	16354
chrM	7614	7615	16372
chrM	7615	7616	16605
chrM	7616	7617	16653
chrM	7617	7618	16641
chrM	7618	7619	16637
chrM	7619	7620	16586
chrM	7620	7621	16634
chrM	7621	7622	17297
chrM	7622	7623	17294
chrM	7623	7624	17730
chrM	7624	7625	17815
chrM	7625	7626	18003
chrM	7626	7627	17744
chrM	7627	7628	17703
chrM	7628	7629	17766
chrM	7629	7630	17836
chrM	7630	7631	17915
chrM	7631	7632	17784
chrM	7632	7633	17793
chrM	7633	7634	17825
chrM	7634	7635	17824
chrM	7635	7636	17834
chrM	7636	7637	17785
chrM	7637	7638	17822
chrM	7638	7639	18603
chrM	7639	7640	18714
chrM	7640	7641	18639
chrM	7641	7642	18465
chrM	7642	7643	18455
chrM	7643	7644	18468
chrM	7644	7645	18444
chrM	7645	7646	18564
chrM	7646	7647	18580
chrM	7647	7648	18568
chrM	7648	7649	18533
chrM	7649	7650	18854
chrM	7650	7651	18886
chrM	7651	7652	18902
chrM	7652	7653	19004
chrM	7653	7654	19001
chrM	7654	7655	18979
chrM	7655	7656	18855
chrM	7656	7657	18967
chrM	7657	7658	19058
chrM	7658	7659	19130
chrM	7659	7660	19043
chrM	7660	7661	18822
chrM	7661	7662	18849
chrM	7662	7663	18822
chrM	7663	7664	18852
chrM	7664	7665	18836
chrM	7665	7666	18971
chrM	7666	7667	18969
chrM	7667	7668	19005
chrM	7668	7669	19020
chrM	7669	7670	18886
chrM	7670	7671	18938
chrM	7671	7672	18860
chrM	7672	7673	18896
chrM	7673	7674	18788
chrM	7674	7675	18767
chrM	7675	7676	18614
chrM	7676	7677	18605
chrM	7677	7678	18674
chrM	7678	7679	18841
chrM	7679	7680	19151
chrM	7680	7681	19381
chrM	7681	7682	19569
chrM	7682	7683	19416
chrM	7683	7684	19384
chrM	7684	7685	19383
chrM	7685	7686	19315
chrM	7686	7687	19320
chrM	7687	7688	19403
chrM	7688	7689	19747
chrM	7689	7690	20159
chrM	7690	7691	20184
chrM	7691	7692	20118
chrM	7692	7693	20024
chrM	7693	7694	20027
chrM	7694	7695	20102
chrM	7695	7696	20111
chrM	7696	7697	20152
chrM	7697	7698	20146
chrM	7698	7699	20294
chrM	7699	7700	20530
chrM	7700	7701	20589
chrM	7701	7702	20590
chrM	7702	7703	20614
chrM	7703	7704	20620
chrM	7704	7705	20706
chrM	7705	7706	20896
chrM	7706	7707	20958
chrM	7707	7708	21108
chrM	7708	7709	21105
chrM	7709	7710	21087
chrM	7710	7711	20984
chrM	7711	7712	20999
chrM	7712	7713	21011
chrM	7713	7714	20994
chrM	7714	7715	20997
chrM	7715	7716	20951
chrM	7716	7717	20959
chrM	7717	7718	20935
chrM	7718	7719	20949
chrM	7719	7720	20984
chrM	7720	7721	20986
chrM	7721	7722	21014
chrM	7722	7723	20924
chrM	7723	7724	20953
chrM	7724	7725	20965
chrM	7725	7726	20713
chrM	7726	7727	20721
chrM	7727	7728	20691
chrM	7728	7729	21004
chrM	7729	7730	21018
chrM	7730	7731	21006
chrM	7731	7732	21368
chrM	7732	7733	21498
chrM	7733	7734	21942
chrM	7734	7735	21932
chrM	7735	7736	21916
chrM	7736	7737	21920
chrM	7737	7738	21931
chrM	7738	7739	21911
chrM	7739	7740	21939
chrM	7740	7741	21964
chrM	7741	7742	22130
chrM	7742	7743	22210
chrM	7743	7744	22175
chrM	7744	7745	22127
chrM	7745	7746	22180
chrM	7746	7747	22278
chrM	7747	7748	22267
chrM	7748	7749	22083
chrM	7749	7750	22743
chrM	7750	7751	22771
chrM	7751	7752	22732
chrM	7752	7753	22628
chrM	7753	7754	22624
chrM	7754	7755	22627
chrM	7755	7756	21902
chrM	7756	7757	21836
chrM	7757	7758	21881
chrM	7758	7759	21862
chrM	7759	7760	21563
chrM	7760	7761	21478
chrM	7761	7762	21633
chrM	7762	7763	21737
chrM	7763	7764	21865
chrM	7764	7765	21938
chrM	7765	7766	21924
chrM	7766	7767	21918
chrM	7767	7768	21934
chrM	7768	7769	22856
chrM	7769	7770	23443
chrM	7770	7771	23837
chrM	7771	7772	23846
chrM	7772	7773	23872
chrM	7773	7774	23884
chrM	7774	7775	23786
chrM	7775	7776	23827
chrM	7776	7777	23821
chrM	7777	7778	24038
chrM	7778	7779	24172
chrM	7779	7780	24093
chrM	7780	7781	24186
chrM	7781	7782	24202
chrM	7782	7783	24199
chrM	7783	7784	24113
chrM	7784	7785	23850
chrM	7785	7786	23926
chrM	7786	7787	23933
chrM	7787	7788	23929
chrM	7788	7789	23921
chrM	7789	7790	24025
chrM	7790	7791	24072
chrM	7791	7792	24073
chrM	7792	7793	24117
chrM	7793	7794	24111
chrM	7794	7795	24115
chrM	7795	7796	24055
chrM	7796	7797	24157
chrM	7797	7798	24178
chrM	7798	7799	24181
chrM	7799	7800	24158
chrM	7800	7801	24801
chrM	7801	7802	25284
chrM	7802	7803	25336
chrM	7803	7804	25340
chrM	7804	7805	25454
chrM	7805	7806	25580
chrM	7806	7807	25721
chrM	7807	7808	25705
chrM	7808	7809	25748
chrM	7809	7810	25751
chrM	7810	7811	25727
chrM	7811	7812	25564
chrM	7812	7813	25162
chrM	7813	7814	25191
chrM	7814	7815	25072
chrM	7815	7816	25066
chrM	7816	7817	24431
chrM	7817	7818	24437
chrM	7818	7819	24967
chrM	7819	7820	24997
chrM	7820	7821	25015
chrM	7821	7822	24983
chrM	7822	7823	24557
chrM	7823	7824	24540
chrM	7824	7825	24536
chrM	7825	7826	24523
chrM	7826	7827	24520
chrM	7827	7828	24580
chrM	7828	7829	24564
chrM	7829	7830	24574
chrM	7830	7831	24815
chrM	7831	7832	25005
chrM	7832	7833	26271
chrM	7833	7834	26321
chrM	7834	7835	26339
chrM	7835	7836	26333
chrM	7836	7837	26434
chrM	7837	7838	26664
chrM	7838	7839	26718
chrM	7839	7840	26741
chrM	7840	7841	26886
chrM	7841	7842	26902
chrM	7842	7843	26849
chrM	7843	7844	26544
chrM	7844	7845	26405
chrM	7845	7846	26428
chrM	7846	7847	26277
chrM	7847	7848	26619
chrM	7848	7849	26571
chrM	7849	7850	26709
chrM	7850	7851	26814
chrM	7851	7852	26672
chrM	7852	7853	26682
chrM	7853	7854	26682
chrM	7854	7855	26912
chrM	7855	7856	27025
chrM	7856	7857	27145
chrM	7857	7858	27119
chrM	7858	7859	27071
chrM	7859	7860	27102
chrM	7860	7861	27621
chrM	7861	7862	28103
chrM	7862	7863	28088
chrM	7863	7864	28074
chrM	7864	7865	28063
chrM	7865	7866	28071
chrM	7866	7867	28063
chrM	7867	7868	28062
chrM	7868	7869	28057
chrM	7869	7870	28052
chrM	7870	7871	27752
chrM	7871	7872	27598
chrM	7872	7873	27485
chrM	7873	7874	27483
chrM	7874	7875	27489
chrM	7875	7876	27459
chrM	7876	7877	27390
chrM	7877	7878	27344
chrM	7878	7879	27135
chrM	7879	7880	27094
chrM	7880	7881	27071
chrM	7881	7882	26972
chrM	7882	7883	26964
chrM	7883	7884	26859
chrM	7884	7885	26845
chrM	7885	7886	26819
chrM	7886	7887	26811
chrM	7887	7888	26797
chrM	7888	7889	26777
chrM	7889	7890	26810
chrM	7890	7891	26804
chrM	7891	7892	26797
chrM	7892	7893	26786
chrM	7893	7894	26774
chrM	7894	7895	26118
chrM	7895	7896	26108
chrM	7896	7897	26101
chrM	7897	7898	26090
chrM	7898	7899	26074
chrM	7899	7900	25885
chrM	7900	7901	25698
chrM	7901	7902	25685
chrM	7902	7903	25733
chrM	7903	7904	25796
chrM	7904	7905	25931
chrM	7905	7906	26073
chrM	7906	7907	26040
chrM	7907	7908	26003
chrM	7908	7909	26006
chrM	7909	7910	25938
chrM	7910	7911	25980
chrM	7911	7912	25981
chrM	7912	7913	26030
chrM	7913	7914	26008
chrM	7914	7915	25985
chrM	7915	7916	25999
chrM	7916	7917	26124
chrM	7917	7918	26659
chrM	7918	7919	27325
chrM	7919	7920	27325
chrM	7920	7921	27072
chrM	7921	7922	27213
chrM	7922	7923	27453
chrM	7923	7924	27454
chrM	7924	7925	27473
chrM	7925	7926	27446
chrM	7926	7927	27432
chrM	7927	7928	27278
chrM	7928	7929	26288
chrM	7929	7930	26265
chrM	7930	7931	26258
chrM	7931	7932	26010
chrM	7932	7933	25983
chrM	7933	7934	27264
chrM	7934	7935	27345
chrM	7935	7936	27400
chrM	7936	7937	27362
chrM	7937	7938	26911
chrM	7938	7939	27302
chrM	7939	7940	27373
chrM	7940	7941	27384
chrM	7941	7942	27381
chrM	7942	7943	27713
chrM	7943	7944	27953
chrM	7944	7945	27955
chrM	7945	7946	27982
chrM	7946	7947	28107
chrM	7947	7948	28266
chrM	7948	7949	28124
chrM	7949	7950	27718
chrM	7950	7951	27779
chrM	7951	7952	27919
chrM	7952	7953	27978
chrM	7953	7954	27881
chrM	7954	7955	27874
chrM	7955	7956	27865
chrM	7956	7957	27859
chrM	7957	7958	27640
chrM	7958	7959	27877
chrM	7959	7960	27918
chrM	7960	7961	27902
chrM	7961	7962	27892
chrM	7962	7963	27810
chrM	7963	7964	27895
chrM	7964	7965	27889
chrM	7965	7966	27895
chrM	7966	7967	27904
chrM	7967	7968	27859
chrM	7968	7969	27629
chrM	7969	7970	27264
chrM	7970	7971	27357
chrM	7971	7972	27363
chrM	7972	7973	27378
chrM	7973	7974	28138
chrM	7974	7975	28095
chrM	7975	7976	27941
chrM	7976	7977	27682
chrM	7977	7978	27801
chrM	7978	7979	27669
chrM	7979	7980	27680
chrM	7980	7981	27544
chrM	7981	7982	27547
chrM	7982	7983	27713
chrM	7983	7984	27626
chrM	7984	7985	27570
chrM	7985	7986	27562
chrM	7986	7987	27423
chrM	7987	7988	30726
chrM	7988	7989	30683
chrM	7989	7990	31581
chrM	7990	7991	31527
chrM	7991	7992	31586
chrM	7992	7993	31611
chrM	7993	7994	31511
chrM	7994	7995	31643
chrM	7995	7996	31730
chrM	7996	7997	31882
chrM	7997	7998	31697
chrM	7998	7999	31802
chrM	7999	8000	31829
chrM	8000	8001	31730
chrM	8001	8002	32239
chrM	8002	8003	32264
chrM	8003	8004	32227
chrM	8004	8005	32023
chrM	8005	8006	31825
chrM	8006	8007	31756
chrM	8007	8008	31704
chrM	8008	8009	31741
chrM	8009	8010	31746
chrM	8010	8011	31747
chrM	8011	8012	31737
chrM	8012	8013	31724
chrM	8013	8014	31581
chrM	8014	8015	31727
chrM	8015	8016	31943
chrM	8016	8017	32024
chrM	8017	8018	32013
chrM	8018	8019	31223
chrM	8019	8020	31225
chrM	8020	8021	31213
chrM	8021	8022	31201
chrM	8022	8023	31362
chrM	8023	8024	31357
chrM	8024	8025	31108
chrM	8025	8026	31176
chrM	8026	8027	31346
chrM	8027	8028	31366
chrM	8028	8029	31351
chrM	8029	8030	31353
chrM	8030	8031	31354
chrM	8031	8032	31361
chrM	8032	8033	32048
chrM	8033	8034	32334
chrM	8034	8035	32380
chrM	8035	8036	32330
chrM	8036	8037	32888
chrM	8037	8038	32982
chrM	8038	8039	33021
chrM	8039	8040	33043
chrM	8040	8041	33070
chrM	8041	8042	33084
chrM	8042	8043	33009
chrM	8043	8044	33057
chrM	8044	8045	33078
chrM	8045	8046	33038
chrM	8046	8047	33018
chrM	8047	8048	32921
chrM	8048	8049	32781
chrM	8049	8050	32772
chrM	8050	8051	32718
chrM	8051	8052	32442
chrM	8052	8053	32315
chrM	8053	8054	31733
chrM	8054	8055	31549
chrM	8055	8056	31543
chrM	8056	8057	31582
chrM	8057	8058	31645
chrM	8058	8059	31971
chrM	8059	8060	32047
chrM	8060	8061	32039
chrM	8061	8062	31845
chrM	8062	8063	31849
chrM	8063	8064	31986
chrM	8064	8065	31971
chrM	8065	8066	31965
chrM	8066	8067	31965
chrM	8067	8068	31762
chrM	8068	8069	32266
chrM	8069	8070	32376
chrM	8070	8071	33646
chrM	8071	8072	33637
chrM	8072	8073	33635
chrM	8073	8074	33725
chrM	8074	8075	33645
chrM	8075	8076	33659
chrM	8076	8077	33719
chrM	8077	8078	33719
chrM	8078	8079	33752
chrM	8079	8080	33499
chrM	8080	8081	33516
chrM	8081	8082	33378
chrM	8082	8083	33391
chrM	8083	8084	33380
chrM	8084	8085	34047
chrM	8085	8086	34026
chrM	8086	8087	33959
chrM	8087	8088	33951
chrM	8088	8089	33936
chrM	8089	8090	36179
chrM	8090	8091	36486
chrM	8091	8092	36529
chrM	8092	8093	36563
chrM	8093	8094	36588
chrM	8094	8095	36501
chrM	8095	8096	36378
chrM	8096	8097	36437
chrM	8097	8098	36460
chrM	8098	8099	36484
chrM	8099	8100	36695
chrM	8100	8101	36651
chrM	8101	8102	36628
chrM	8102	8103	36942
chrM	8103	8104	36993
chrM	8104	8105	37032
chrM	8105	8106	36667
chrM	8106	8107	36207
chrM	8107	8108	36204
chrM	8108	8109	35886
chrM	8109	8110	35731
chrM	8110	8111	35774
chrM	8111	8112	36307
chrM	8112	8113	36203
chrM	8113	8114	34869
chrM	8114	8115	34814
chrM	8115	8116	34685
chrM	8116	8117	34624
chrM	8117	8118	34392
chrM	8118	8119	34083
chrM	8119	8120	33675
chrM	8120	8121	33249
chrM	8121	8122	34068
chrM	8122	8123	34596
chrM	8123	8124	34489
chrM	8124	8125	34383
chrM	8125	8126	34899
chrM	8126	8127	34868
chrM	8127	8128	35461
chrM	8128	8129	35458
chrM	8129	8130	35334
chrM	8130	8131	35332
chrM	8131	8132	34848
chrM	8132	8133	34833
chrM	8133	8134	34854
chrM	8134	8135	35004
chrM	8135	8136	34933
chrM	8136	8137	34675
chrM	8137	8138	34617
chrM	8138	8139	34506
chrM	8139	8140	34390
chrM	8140	8141	34364
chrM	8141	8142	34512
chrM	8142	8143	34114
chrM	8143	8144	34158
chrM	8144	8145	34074
chrM	8145	8146	34038
chrM	8146	8147	33811
chrM	8147	8148	33982
chrM	8148	8149	34046
chrM	8149	8150	34131
chrM	8150	8151	34119
chrM	8151	8152	34069
chrM	8152	8153	34042
chrM	8153	8154	34007
chrM	8154	8155	34034
chrM	8155	8156	34070
chrM	8156	8157	34073
chrM	8157	8158	34063
chrM	8158	8159	34237
chrM	8159	8160	34346
chrM	8160	8161	34356
chrM	8161	8162	34147
chrM	8162	8163	34159
chrM	8163	8164	34145
chrM	8164	8165	34102
chrM	8165	8166	34002
chrM	8166	8167	34014
chrM	8167	8168	34014
chrM	8168	8169	33958
chrM	8169	8170	34005
chrM	8170	8171	34072
chrM	8171	8172	34065
chrM	8172	8173	34054
chrM	8173	8174	34050
chrM	8174	8175	34037
chrM	8175	8176	33566
chrM	8176	8177	33316
chrM	8177	8178	33317
chrM	8178	8179	33315
chrM	8179	8180	33363
chrM	8180	8181	33279
chrM	8181	8182	33190
chrM	8182	8183	33173
chrM	8183	8184	33170
chrM	8184	8185	33143
chrM	8185	8186	33112
chrM	8186	8187	32882
chrM	8187	8188	32859
chrM	8188	8189	32870
chrM	8189	8190	33204
chrM	8190	8191	33184
chrM	8191	8192	33144
chrM	8192	8193	33171
chrM	8193	8194	33194
chrM	8194	8195	33189
chrM	8195	8196	33164
chrM	8196	8197	33313
chrM	8197	8198	33407
chrM	8198	8199	33391
chrM	8199	8200	33336
chrM	8200	8201	32982
chrM	8201	8202	32959
chrM	8202	8203	32997
chrM	8203	8204	33014
chrM	8204	8205	33182
chrM	8205	8206	33218
chrM	8206	8207	33475
chrM	8207	8208	33444
chrM	8208	8209	33391
chrM	8209	8210	33895
chrM	8210	8211	33859
chrM	8211	8212	34072
chrM	8212	8213	34090
chrM	8213	8214	33868
chrM	8214	8215	32020
chrM	8215	8216	30584
chrM	8216	8217	30409
chrM	8217	8218	30300
chrM	8218	8219	30273
chrM	8219	8220	30189
chrM	8220	8221	31136
chrM	8221	8222	31178
chrM	8222	8223	30431
chrM	8223	8224	30323
chrM	8224	8225	30141
chrM	8225	8226	30210
chrM	8226	8227	30215
chrM	8227	8228	30601
chrM	8228	8229	30643
chrM	8229	8230	30668
chrM	8230	8231	30566
chrM	8231	8232	30494
chrM	8232	8233	30078
chrM	8233	8234	30047
chrM	8234	8235	30056
chrM	8235	8236	29718
chrM	8236	8237	29726
chrM	8237	8238	29708
chrM	8238	8239	29701
chrM	8239	8240	29712
chrM	8240	8241	29724
chrM	8241	8242	29716
chrM	8242	8243	29645
chrM	8243	8244	29612
chrM	8244	8245	29591
chrM	8245	8246	29645
chrM	8246	8247	29682
chrM	8247	8248	29694
chrM	8248	8249	29703
chrM	8249	8250	29695
chrM	8250	8251	29706
chrM	8251	8252	29755
chrM	8252	8253	29752
chrM	8253	8254	29758
chrM	8254	8255	29739
chrM	8255	8256	29693
chrM	8256	8257	29671
chrM	8257	8258	29650
chrM	8258	8259	29652
chrM	8259	8260	29651
chrM	8260	8261	29626
chrM	8261	8262	28837
chrM	8262	8263	28834
chrM	8263	8264	28830
chrM	8264	8265	28604
chrM	8265	8266	28550
chrM	8266	8267	28183
chrM	8267	8268	28179
chrM	8268	8269	28179
chrM	8269	8270	28153
chrM	8270	8271	28145
chrM	8271	8272	27999
chrM	8272	8273	27992
chrM	8273	8274	27982
chrM	8274	8275	27897
chrM	8275	8276	27894
chrM	8276	8277	27890
chrM	8277	8278	26730
chrM	8278	8279	26724
chrM	8279	8280	26716
chrM	8280	8281	26667
chrM	8281	8282	26550
chrM	8282	8283	26563
chrM	8283	8284	26563
chrM	8284	8285	26574
chrM	8285	8286	26610
chrM	8286	8287	26687
chrM	8287	8288	26648
chrM	8288	8289	26852
chrM	8289	8290	26888
chrM	8290	8291	26851
chrM	8291	8292	26517
chrM	8292	8293	26436
chrM	8293	8294	27661
chrM	8294	8295	27633
chrM	8295	8296	27778
chrM	8296	8297	27837
chrM	8297	8298	27629
chrM	8298	8299	27534
chrM	8299	8300	26517
chrM	8300	8301	26641
chrM	8301	8302	26671
chrM	8302	8303	26776
chrM	8303	8304	25983
chrM	8304	8305	25038
chrM	8305	8306	25180
chrM	8306	8307	25213
chrM	8307	8308	25357
chrM	8308	8309	25358
chrM	8309	8310	25364
chrM	8310	8311	25377
chrM	8311	8312	25425
chrM	8312	8313	25562
chrM	8313	8314	25574
chrM	8314	8315	25563
chrM	8315	8316	25180
chrM	8316	8317	24797
chrM	8317	8318	24786
chrM	8318	8319	24759
chrM	8319	8320	24764
chrM	8320	8321	24768
chrM	8321	8322	24744
chrM	8322	8323	24625
chrM	8323	8324	24136
chrM	8324	8325	24171
chrM	8325	8326	24122
chrM	8326	8327	24020
chrM	8327	8328	23989
chrM	8328	8329	23971
chrM	8329	8330	23955
chrM	8330	8331	23929
chrM	8331	8332	23886
chrM	8332	8333	23804
chrM	8333	8334	23799
chrM	8334	8335	23836
chrM	8335	8336	24077
chrM	8336	8337	24072
chrM	8337	8338	24077
chrM	8338	8339	23741
chrM	8339	8340	23739
chrM	8340	8341	23738
chrM	8341	8342	23730
chrM	8342	8343	24692
chrM	8343	8344	24738
chrM	8344	8345	24767
chrM	8345	8346	24914
chrM	8346	8347	24948
chrM	8347	8348	24864
chrM	8348	8349	24667
chrM	8349	8350	24366
chrM	8350	8351	24379
chrM	8351	8352	24373
chrM	8352	8353	23653
chrM	8353	8354	23509
chrM	8354	8355	23472
chrM	8355	8356	23462
chrM	8356	8357	23332
chrM	8357	8358	23251
chrM	8358	8359	23197
chrM	8359	8360	22788
chrM	8360	8361	22643
chrM	8361	8362	21704
chrM	8362	8363	21606
chrM	8363	8364	21574
chrM	8364	8365	21847
chrM	8365	8366	21840
chrM	8366	8367	22593
chrM	8367	8368	22524
chrM	8368	8369	22321
chrM	8369	8370	22330
chrM	8370	8371	22370
chrM	8371	8372	22695
chrM	8372	8373	22409
chrM	8373	8374	22800
chrM	8374	8375	22828
chrM	8375	8376	22857
chrM	8376	8377	22831
chrM	8377	8378	22827
chrM	8378	8379	22958
chrM	8379	8380	22968
chrM	8380	8381	23087
chrM	8381	8382	23057
chrM	8382	8383	23072
chrM	8383	8384	23291
chrM	8384	8385	23248
chrM	8385	8386	23235
chrM	8386	8387	23145
chrM	8387	8388	23236
chrM	8388	8389	23310
chrM	8389	8390	23328
chrM	8390	8391	23547
chrM	8391	8392	23832
chrM	8392	8393	23935
chrM	8393	8394	23947
chrM	8394	8395	23706
chrM	8395	8396	24002
chrM	8396	8397	24053
chrM	8397	8398	24052
chrM	8398	8399	23831
chrM	8399	8400	23870
chrM	8400	8401	23882
chrM	8401	8402	23937
chrM	8402	8403	23938
chrM	8403	8404	23942
chrM	8404	8405	23928
chrM	8405	8406	23766
chrM	8406	8407	23639
chrM	8407	8408	23661
chrM	8408	8409	23722
chrM	8409	8410	23777
chrM	8410	8411	23770
chrM	8411	8412	22821
chrM	8412	8413	23044
chrM	8413	8414	23054
chrM	8414	8415	23095
chrM	8415	8416	23183
chrM	8416	8417	23268
chrM	8417	8418	23268
chrM	8418	8419	23510
chrM	8419	8420	23500
chrM	8420	8421	23524
chrM	8421	8422	23489
chrM	8422	8423	23469
chrM	8423	8424	23520
chrM	8424	8425	23517
chrM	8425	8426	23588
chrM	8426	8427	23533
chrM	8427	8428	23520
chrM	8428	8429	23491
chrM	8429	8430	23424
chrM	8430	8431	23453
chrM	8431	8432	23499
chrM	8432	8433	23521
chrM	8433	8434	23461
chrM	8434	8435	23504
chrM	8435	8436	23498
chrM	8436	8437	23299
chrM	8437	8438	23389
chrM	8438	8439	23400
chrM	8439	8440	23166
chrM	8440	8441	23160
chrM	8441	8442	22792
chrM	8442	8443	22888
chrM	8443	8444	22853
chrM	8444	8445	22855
chrM	8445	8446	22863
chrM	8446	8447	22908
chrM	8447	8448	22914
chrM	8448	8449	22910
chrM	8449	8450	22904
chrM	8450	8451	22902
chrM	8451	8452	22891
chrM	8452	8453	22901
chrM	8453	8454	22916
chrM	8454	8455	22915
chrM	8455	8456	22909
chrM	8456	8457	22926
chrM	8457	8458	22866
chrM	8458	8459	22961
chrM	8459	8460	22964
chrM	8460	8461	23030
chrM	8461	8462	23025
chrM	8462	8463	22935
chrM	8463	8464	22797
chrM	8464	8465	22801
chrM	8465	8466	22822
chrM	8466	8467	22810
chrM	8467	8468	22781
chrM	8468	8469	22754
chrM	8469	8470	22727
chrM	8470	8471	22693
chrM	8471	8472	22380
chrM	8472	8473	22478
chrM	8473	8474	22213
chrM	8474	8475	22193
chrM	8475	8476	22192
chrM	8476	8477	22198
chrM	8477	8478	22261
chrM	8478	8479	22374
chrM	8479	8480	22401
chrM	8480	8481	22491
chrM	8481	8482	22504
chrM	8482	8483	22530
chrM	8483	8484	22389
chrM	8484	8485	22526
chrM	8485	8486	22568
chrM	8486	8487	22817
chrM	8487	8488	22816
chrM	8488	8489	22838
chrM	8489	8490	22819
chrM	8490	8491	22806
chrM	8491	8492	22836
chrM	8492	8493	22749
chrM	8493	8494	22638
chrM	8494	8495	22581
chrM	8495	8496	22584
chrM	8496	8497	22576
chrM	8497	8498	22566
chrM	8498	8499	22549
chrM	8499	8500	22474
chrM	8500	8501	22499
chrM	8501	8502	21786
chrM	8502	8503	21548
chrM	8503	8504	21511
chrM	8504	8505	21519
chrM	8505	8506	21528
chrM	8506	8507	21468
chrM	8507	8508	21370
chrM	8508	8509	21295
chrM	8509	8510	21222
chrM	8510	8511	21070
chrM	8511	8512	21062
chrM	8512	8513	21060
chrM	8513	8514	21066
chrM	8514	8515	21085
chrM	8515	8516	21058
chrM	8516	8517	20901
chrM	8517	8518	20895
chrM	8518	8519	20891
chrM	8519	8520	20889
chrM	8520	8521	20859
chrM	8521	8522	20871
chrM	8522	8523	20996
chrM	8523	8524	21089
chrM	8524	8525	21151
chrM	8525	8526	21147
chrM	8526	8527	21007
chrM	8527	8528	20959
chrM	8528	8529	20981
chrM	8529	8530	20766
chrM	8530	8531	20727
chrM	8531	8532	20754
chrM	8532	8533	20809
chrM	8533	8534	20822
chrM	8534	8535	20792
chrM	8535	8536	20761
chrM	8536	8537	19912
chrM	8537	8538	19892
chrM	8538	8539	19827
chrM	8539	8540	19658
chrM	8540	8541	19642
chrM	8541	8542	19637
chrM	8542	8543	19231
chrM	8543	8544	19918
chrM	8544	8545	20034
chrM	8545	8546	20669
chrM	8546	8547	20632
chrM	8547	8548	21385
chrM	8548	8549	21496
chrM	8549	8550	21534
chrM	8550	8551	22215
chrM	8551	8552	22258
chrM	8552	8553	22350
chrM	8553	8554	22352
chrM	8554	8555	22496
chrM	8555	8556	22588
chrM	8556	8557	22599
chrM	8557	8558	22859
chrM	8558	8559	22850
chrM	8559	8560	23106
chrM	8560	8561	23152
chrM	8561	8562	23167
chrM	8562	8563	23251
chrM	8563	8564	23183
chrM	8564	8565	23209
chrM	8565	8566	23177
chrM	8566	8567	23191
chrM	8567	8568	23142
chrM	8568	8569	22980
chrM	8569	8570	22987
chrM	8570	8571	22603
chrM	8571	8572	22560
chrM	8572	8573	22429
chrM	8573	8574	22320
chrM	8574	8575	22274
chrM	8575	8576	22424
chrM	8576	8577	21666
chrM	8577	8578	21462
chrM	8578	8579	21358
chrM	8579	8580	21154
chrM	8580	8581	21061
chrM	8581	8582	21033
chrM	8582	8583	21690
chrM	8583	8584	21657
chrM	8584	8585	22841
chrM	8585	8586	22936
chrM	8586	8587	22943
chrM	8587	8588	22978
chrM	8588	8589	22988
chrM	8589	8590	23020
chrM	8590	8591	23069
chrM	8591	8592	23355
chrM	8592	8593	23488
chrM	8593	8594	23605
chrM	8594	8595	23608
chrM	8595	8596	23588
chrM	8596	8597	23632
chrM	8597	8598	23693
chrM	8598	8599	23691
chrM	8599	8600	23692
chrM	8600	8601	23693
chrM	8601	8602	23700
chrM	8602	8603	23972
chrM	8603	8604	24257
chrM	8604	8605	24410
chrM	8605	8606	24423
chrM	8606	8607	24459
chrM	8607	8608	24440
chrM	8608	8609	24465
chrM	8609	8610	24502
chrM	8610	8611	24503
chrM	8611	8612	24514
chrM	8612	8613	24399
chrM	8613	8614	24352
chrM	8614	8615	24199
chrM	8615	8616	24242
chrM	8616	8617	24241
chrM	8617	8618	24204
chrM	8618	8619	24146
chrM	8619	8620	22774
chrM	8620	8621	22739
chrM	8621	8622	22690
chrM	8622	8623	22597
chrM	8623	8624	22519
chrM	8624	8625	22466
chrM	8625	8626	22377
chrM	8626	8627	22371
chrM	8627	8628	22366
chrM	8628	8629	22400
chrM	8629	8630	22639
chrM	8630	8631	22603
chrM	8631	8632	22604
chrM	8632	8633	22556
chrM	8633	8634	22577
chrM	8634	8635	22728
chrM	8635	8636	23262
chrM	8636	8637	23536
chrM	8637	8638	23546
chrM	8638	8639	23679
chrM	8639	8640	23573
chrM	8640	8641	23556
chrM	8641	8642	23451
chrM	8642	8643	23485
chrM	8643	8644	23486
chrM	8644	8645	23148
chrM	8645	8646	23127
chrM	8646	8647	23149
chrM	8647	8648	23074
chrM	8648	8649	23068
chrM	8649	8650	22983
chrM	8650	8651	24029
chrM	8651	8652	24149
chrM	8652	8653	24110
chrM	8653	8654	23958
chrM	8654	8655	23919
chrM	8655	8656	23919
chrM	8656	8657	23890
chrM	8657	8658	23875
chrM	8658	8659	23875
chrM	8659	8660	23924
chrM	8660	8661	23951
chrM	8661	8662	24144
chrM	8662	8663	24163
chrM	8663	8664	24090
chrM	8664	8665	24161
chrM	8665	8666	23664
chrM	8666	8667	23678
chrM	8667	8668	23612
chrM	8668	8669	23611
chrM	8669	8670	23577
chrM	8670	8671	23623
chrM	8671	8672	23824
chrM	8672	8673	23927
chrM	8673	8674	23950
chrM	8674	8675	23938
chrM	8675	8676	23961
chrM	8676	8677	23951
chrM	8677	8678	24128
chrM	8678	8679	24133
chrM	8679	8680	24167
chrM	8680	8681	24113
chrM	8681	8682	24090
chrM	8682	8683	24082
chrM	8683	8684	24093
chrM	8684	8685	24092
chrM	8685	8686	24063
chrM	8686	8687	24169
chrM	8687	8688	24120
chrM	8688	8689	24170
chrM	8689	8690	24192
chrM	8690	8691	24266
chrM	8691	8692	24733
chrM	8692	8693	24902
chrM	8693	8694	24917
chrM	8694	8695	24858
chrM	8695	8696	24949
chrM	8696	8697	24948
chrM	8697	8698	25227
chrM	8698	8699	25242
chrM	8699	8700	25358
chrM	8700	8701	25417
chrM	8701	8702	26206
chrM	8702	8703	26208
chrM	8703	8704	26181
chrM	8704	8705	26191
chrM	8705	8706	26257
chrM	8706	8707	26419
chrM	8707	8708	26531
chrM	8708	8709	26544
chrM	8709	8710	26550
chrM	8710	8711	26554
chrM	8711	8712	26636
chrM	8712	8713	26605
chrM	8713	8714	26609
chrM	8714	8715	26583
chrM	8715	8716	26563
chrM	8716	8717	25889
chrM	8717	8718	25620
chrM	8718	8719	25582
chrM	8719	8720	25572
chrM	8720	8721	25659
chrM	8721	8722	25752
chrM	8722	8723	25153
chrM	8723	8724	25317
chrM	8724	8725	25318
chrM	8725	8726	25427
chrM	8726	8727	25482
chrM	8727	8728	26107
chrM	8728	8729	26182
chrM	8729	8730	26342
chrM	8730	8731	26363
chrM	8731	8732	25689
chrM	8732	8733	25864
chrM	8733	8734	26644
chrM	8734	8735	26759
chrM	8735	8736	26769
chrM	8736	8737	26772
chrM	8737	8738	26779
chrM	8738	8739	26756
chrM	8739	8740	26685
chrM	8740	8741	26688
chrM	8741	8742	26689
chrM	8742	8743	26505
chrM	8743	8744	26432
chrM	8744	8745	26327
chrM	8745	8746	26336
chrM	8746	8747	26345
chrM	8747	8748	26510
chrM	8748	8749	26523
chrM	8749	8750	26460
chrM	8750	8751	26456
chrM	8751	8752	26468
chrM	8752	8753	26627
chrM	8753	8754	26552
chrM	8754	8755	26576
chrM	8755	8756	26599
chrM	8756	8757	26569
chrM	8757	8758	26540
chrM	8758	8759	26254
chrM	8759	8760	26299
chrM	8760	8761	26302
chrM	8761	8762	26261
chrM	8762	8763	26261
chrM	8763	8764	25904
chrM	8764	8765	25903
chrM	8765	8766	25912
chrM	8766	8767	25852
chrM	8767	8768	25655
chrM	8768	8769	25507
chrM	8769	8770	25498
chrM	8770	8771	25348
chrM	8771	8772	25387
chrM	8772	8773	26231
chrM	8773	8774	26680
chrM	8774	8775	26750
chrM	8775	8776	26731
chrM	8776	8777	26709
chrM	8777	8778	26966
chrM	8778	8779	26991
chrM	8779	8780	27213
chrM	8780	8781	27322
chrM	8781	8782	27368
chrM	8782	8783	27348
chrM	8783	8784	27254
chrM	8784	8785	27188
chrM	8785	8786	27235
chrM	8786	8787	27235
chrM	8787	8788	27215
chrM	8788	8789	27187
chrM	8789	8790	27183
chrM	8790	8791	27162
chrM	8791	8792	27104
chrM	8792	8793	27099
chrM	8793	8794	27101
chrM	8794	8795	27085
chrM	8795	8796	27122
chrM	8796	8797	27141
chrM	8797	8798	27150
chrM	8798	8799	27142
chrM	8799	8800	27113
chrM	8800	8801	27080
chrM	8801	8802	27071
chrM	8802	8803	27052
chrM	8803	8804	27048
chrM	8804	8805	27047
chrM	8805	8806	27024
chrM	8806	8807	26860
chrM	8807	8808	26960
chrM	8808	8809	26978
chrM	8809	8810	27045
chrM	8810	8811	27107
chrM	8811	8812	27139
chrM	8812	8813	27135
chrM	8813	8814	27149
chrM	8814	8815	27190
chrM	8815	8816	28143
chrM	8816	8817	28111
chrM	8817	8818	28067
chrM	8818	8819	28073
chrM	8819	8820	28066
chrM	8820	8821	28117
chrM	8821	8822	28186
chrM	8822	8823	28583
chrM	8823	8824	28534
chrM	8824	8825	28481
chrM	8825	8826	28469
chrM	8826	8827	28420
chrM	8827	8828	28579
chrM	8828	8829	28753
chrM	8829	8830	28780
chrM	8830	8831	28784
chrM	8831	8832	28515
chrM	8832	8833	31424
chrM	8833	8834	31449
chrM	8834	8835	31527
chrM	8835	8836	31719
chrM	8836	8837	31724
chrM	8837	8838	31822
chrM	8838	8839	31849
chrM	8839	8840	32024
chrM	8840	8841	32098
chrM	8841	8842	32227
chrM	8842	8843	32231
chrM	8843	8844	32214
chrM	8844	8845	32433
chrM	8845	8846	33239
chrM	8846	8847	33270
chrM	8847	8848	33436
chrM	8848	8849	33513
chrM	8849	8850	33161
chrM	8850	8851	33111
chrM	8851	8852	32886
chrM	8852	8853	32810
chrM	8853	8854	32828
chrM	8854	8855	32921
chrM	8855	8856	32882
chrM	8856	8857	32837
chrM	8857	8858	32692
chrM	8858	8859	32696
chrM	8859	8860	32628
chrM	8860	8861	32619
chrM	8861	8862	32583
chrM	8862	8863	32588
chrM	8863	8864	32594
chrM	8864	8865	32535
chrM	8865	8866	32536
chrM	8866	8867	32511
chrM	8867	8868	32782
chrM	8868	8869	37160
chrM	8869	8870	38162
chrM	8870	8871	38196
chrM	8871	8872	38201
chrM	8872	8873	38327
chrM	8873	8874	38492
chrM	8874	8875	38422
chrM	8875	8876	38470
chrM	8876	8877	38564
chrM	8877	8878	38598
chrM	8878	8879	38589
chrM	8879	8880	38323
chrM	8880	8881	38351
chrM	8881	8882	38369
chrM	8882	8883	38393
chrM	8883	8884	38363
chrM	8884	8885	38398
chrM	8885	8886	38784
chrM	8886	8887	38829
chrM	8887	8888	38832
chrM	8888	8889	38839
chrM	8889	8890	38814
chrM	8890	8891	38647
chrM	8891	8892	38625
chrM	8892	8893	38608
chrM	8893	8894	38566
chrM	8894	8895	38550
chrM	8895	8896	38557
chrM	8896	8897	38569
chrM	8897	8898	38573
chrM	8898	8899	39049
chrM	8899	8900	38944
chrM	8900	8901	38926
chrM	8901	8902	38968
chrM	8902	8903	38902
chrM	8903	8904	38936
chrM	8904	8905	38933
chrM	8905	8906	38930
chrM	8906	8907	39169
chrM	8907	8908	39038
chrM	8908	8909	38919
chrM	8909	8910	38812
chrM	8910	8911	38813
chrM	8911	8912	38967
chrM	8912	8913	38831
chrM	8913	8914	39118
chrM	8914	8915	39105
chrM	8915	8916	39106
chrM	8916	8917	39069
chrM	8917	8918	38536
chrM	8918	8919	38540
chrM	8919	8920	38519
chrM	8920	8921	38520
chrM	8921	8922	38498
chrM	8922	8923	38481
chrM	8923	8924	38347
chrM	8924	8925	38343
chrM	8925	8926	38342
chrM	8926	8927	38330
chrM	8927	8928	38310
chrM	8928	8929	38233
chrM	8929	8930	38168
chrM	8930	8931	38079
chrM	8931	8932	38078
chrM	8932	8933	38080
chrM	8933	8934	38056
chrM	8934	8935	37849
chrM	8935	8936	37803
chrM	8936	8937	37799
chrM	8937	8938	37788
chrM	8938	8939	37784
chrM	8939	8940	37622
chrM	8940	8941	37590
chrM	8941	8942	37586
chrM	8942	8943	37547
chrM	8943	8944	37534
chrM	8944	8945	37088
chrM	8945	8946	37066
chrM	8946	8947	37068
chrM	8947	8948	37062
chrM	8948	8949	37056
chrM	8949	8950	36980
chrM	8950	8951	36937
chrM	8951	8952	36905
chrM	8952	8953	36853
chrM	8953	8954	36853
chrM	8954	8955	36857
chrM	8955	8956	36863
chrM	8956	8957	36791
chrM	8957	8958	36657
chrM	8958	8959	36592
chrM	8959	8960	36586
chrM	8960	8961	36498
chrM	8961	8962	36130
chrM	8962	8963	36079
chrM	8963	8964	35977
chrM	8964	8965	35971
chrM	8965	8966	35909
chrM	8966	8967	35907
chrM	8967	8968	35913
chrM	8968	8969	35823
chrM	8969	8970	35814
chrM	8970	8971	35614
chrM	8971	8972	35498
chrM	8972	8973	35488
chrM	8973	8974	35390
chrM	8974	8975	35344
chrM	8975	8976	34951
chrM	8976	8977	34926
chrM	8977	8978	34659
chrM	8978	8979	31879
chrM	8979	8980	31833
chrM	8980	8981	31809
chrM	8981	8982	31679
chrM	8982	8983	31316
chrM	8983	8984	30644
chrM	8984	8985	30331
chrM	8985	8986	30222
chrM	8986	8987	30069
chrM	8987	8988	29974
chrM	8988	8989	29583
chrM	8989	8990	29042
chrM	8990	8991	29015
chrM	8991	8992	28989
chrM	8992	8993	28744
chrM	8993	8994	28712
chrM	8994	8995	28373
chrM	8995	8996	28277
chrM	8996	8997	27544
chrM	8997	8998	27432
chrM	8998	8999	27275
chrM	8999	9000	26767
chrM	9000	9001	25965
chrM	9001	9002	25887
chrM	9002	9003	25819
chrM	9003	9004	25589
chrM	9004	9005	25582
chrM	9005	9006	25466
chrM	9006	9007	24770
chrM	9007	9008	24729
chrM	9008	9009	24592
chrM	9009	9010	24448
chrM	9010	9011	24407
chrM	9011	9012	24368
chrM	9012	9013	24345
chrM	9013	9014	24175
chrM	9014	9015	24175
chrM	9015	9016	24174
chrM	9016	9017	23152
chrM	9017	9018	23079
chrM	9018	9019	22812
chrM	9019	9020	22749
chrM	9020	9021	22644
chrM	9021	9022	22623
chrM	9022	9023	22576
chrM	9023	9024	22391
chrM	9024	9025	21670
chrM	9025	9026	21008
chrM	9026	9027	20440
chrM	9027	9028	20379
chrM	9028	9029	20344
chrM	9029	9030	20315
chrM	9030	9031	20205
chrM	9031	9032	19525
chrM	9032	9033	19389
chrM	9033	9034	19100
chrM	9034	9035	19028
chrM	9035	9036	18901
chrM	9036	9037	18402
chrM	9037	9038	18128
chrM	9038	9039	17991
chrM	9039	9040	17244
chrM	9040	9041	16504
chrM	9041	9042	12686
chrM	9042	9043	12671
chrM	9043	9044	12594
chrM	9044	9045	12143
chrM	9045	9046	12048
chrM	9046	9047	7940
chrM	9047	9048	7869
chrM	9048	9049	7852
chrM	9049	9050	7820
chrM	9050	9051	7801
chrM	9051	9052	7498
chrM	9052	9053	7250
chrM	9053	9054	7140
chrM	9054	9055	6937
chrM	9055	9056	6934
chrM	9056	9057	6832
chrM	9057	9058	6679
chrM	9058	9059	6610
chrM	9059	9060	6584
chrM	9060	9061	6416
chrM	9061	9062	5423
chrM	9062	9063	5422
chrM	9063	9064	4447
chrM	9064	9065	3994
chrM	9065	9066	3578
chrM	9066	9067	2585
chrM	9067	9068	2563
chrM	9068	9069	2536
chrM	9069	9070	2512
chrM	9070	9071	2374
chrM	9071	9072	2361
chrM	9072	9073	2352
chrM	9073	9074	2160
chrM	9074	9075	2134
chrM	9075	9076	2080
chrM	9076	9077	2075
chrM	9077	9078	2078
chrM	9078	9079	2078
chrM	9079	9080	2074
chrM	9080	9081	2012
chrM	9081	9082	1955
chrM	9082	9083	1947
chrM	9083	9084	1948
chrM	9084	9085	1948
chrM	9085	9086	1944
chrM	9086	9087	1938
chrM	9087	9088	1932
chrM	9088	9089	1924
chrM	9089	9090	1915
chrM	9090	9091	1911
chrM	9091	9092	1896
chrM	9092	9093	1894
chrM	9093	9094	1889
chrM	9094	9095	1833
chrM	9095	9096	1783
chrM	9096	9097	1793
chrM	9097	9098	1793
chrM	9098	9099	1788
chrM	9099	9100	1783
chrM	9100	9101	1779
chrM	9101	9102	1783
chrM	9102	9103	1782
chrM	9103	9104	1778
chrM	9104	9105	1773
chrM	9105	9106	1739
chrM	9106	9107	1722
chrM	9107	9108	1722
chrM	9108	9109	1722
chrM	9109	9110	1720
chrM	9110	9111	1721
chrM	9111	9112	1720
chrM	9112	9113	1714
chrM	9113	9114	1714
chrM	9114	9115	1715
chrM	9115	9116	1707
chrM	9116	9117	1709
chrM	9117	9118	1710
chrM	9118	9119	1701
chrM	9119	9120	1699
chrM	9120	9121	1678
chrM	9121	9122	1677
chrM	9122	9123	1677
chrM	9123	9124	1678
chrM	9124	9125	1676
chrM	9125	9126	1648
chrM	9126	9127	1640
chrM	9127	9128	1630
chrM	9128	9129	1625
chrM	9129	9130	1625
chrM	9130	9131	1624
chrM	9131	9132	1624
chrM	9132	9133	1604
chrM	9133	9134	1604
chrM	9134	9135	1604
chrM	9135	9136	1606
chrM	9136	9137	1607
chrM	9137	9138	1610
chrM	9138	9139	1618
chrM	9139	9140	1622
chrM	9140	9141	1622
chrM	9141	9142	1622
chrM	9142	9143	1651
chrM	9143	9144	1658
chrM	9144	9145	1658
chrM	9145	9146	1669
chrM	9146	9147	1670
chrM	9147	9148	1693
chrM	9148	9149	1700
chrM	9149	9150	1789
chrM	9150	9151	1813
chrM	9151	9152	1831
chrM	9152	9153	1832
chrM	9153	9154	1851
chrM	9154	9155	1874
chrM	9155	9156	1887
chrM	9156	9157	1886
chrM	9157	9158	1902
chrM	9158	9159	1915
chrM	9159	9160	1974
chrM	9160	9161	1985
chrM	9161	9162	2055
chrM	9162	9163	2092
chrM	9163	9164	2180
chrM	9164	9165	2195
chrM	9165	9166	2206
chrM	9166	9167	2213
chrM	9167	9168	2237
chrM	9168	9169	2275
chrM	9169	9170	2538
chrM	9170	9171	2556
chrM	9171	9172	2566
chrM	9172	9173	2581
chrM	9173	9174	2610
chrM	9174	9175	2620
chrM	9175	9176	2620
chrM	9176	9177	2621
chrM	9177	9178	2634
chrM	9178	9179	2728
chrM	9179	9180	2848
chrM	9180	9181	2868
chrM	9181	9182	2868
chrM	9182	9183	2898
chrM	9183	9184	2908
chrM	9184	9185	2952
chrM	9185	9186	2954
chrM	9186	9187	3201
chrM	9187	9188	3224
chrM	9188	9189	3262
chrM	9189	9190	3266
chrM	9190	9191	3298
chrM	9191	9192	3307
chrM	9192	9193	3400
chrM	9193	9194	3442
chrM	9194	9195	3441
chrM	9195	9196	3498
chrM	9196	9197	4135
chrM	9197	9198	4166
chrM	9198	9199	4182
chrM	9199	9200	4206
chrM	9200	9201	4211
chrM	9201	9202	4239
chrM	9202	9203	4256
chrM	9203	9204	4305
chrM	9204	9205	4361
chrM	9205	9206	4363
chrM	9206	9207	4368
chrM	9207	9208	4360
chrM	9208	9209	4366
chrM	9209	9210	4444
chrM	9210	9211	4446
chrM	9211	9212	4480
chrM	9212	9213	4538
chrM	9213	9214	4553
chrM	9214	9215	4564
chrM	9215	9216	4581
chrM	9216	9217	4586
chrM	9217	9218	4591
chrM	9218	9219	4834
chrM	9219	9220	4956
chrM	9220	9221	4991
chrM	9221	9222	4999
chrM	9222	9223	5087
chrM	9223	9224	5196
chrM	9224	9225	5203
chrM	9225	9226	5246
chrM	9226	9227	5268
chrM	9227	9228	5425
chrM	9228	9229	5511
chrM	9229	9230	5559
chrM	9230	9231	5575
chrM	9231	9232	5578
chrM	9232	9233	5591
chrM	9233	9234	5621
chrM	9234	9235	5637
chrM	9235	9236	5683
chrM	9236	9237	5694
chrM	9237	9238	5779
chrM	9238	9239	5780
chrM	9239	9240	5803
chrM	9240	9241	6160
chrM	9241	9242	6265
chrM	9242	9243	6282
chrM	9243	9244	6406
chrM	9244	9245	6412
chrM	9245	9246	6555
chrM	9246	9247	6721
chrM	9247	9248	6726
chrM	9248	9249	6743
chrM	9249	9250	6794
chrM	9250	9251	6824
chrM	9251	9252	6846
chrM	9252	9253	6862
chrM	9253	9254	6870
chrM	9254	9255	6871
chrM	9255	9256	6911
chrM	9256	9257	7127
chrM	9257	9258	7158
chrM	9258	9259	7359
chrM	9259	9260	7411
chrM	9260	9261	7468
chrM	9261	9262	7473
chrM	9262	9263	7782
chrM	9263	9264	7790
chrM	9264	9265	7797
chrM	9265	9266	7877
chrM	9266	9267	7890
chrM	9267	9268	8149
chrM	9268	9269	8148
chrM	9269	9270	8175
chrM	9270	9271	8259
chrM	9271	9272	8308
chrM	9272	9273	8343
chrM	9273	9274	8376
chrM	9274	9275	8424
chrM	9275	9276	8475
chrM	9276	9277	8534
chrM	9277	9278	8536
chrM	9278	9279	8531
chrM	9279	9280	8540
chrM	9280	9281	8552
chrM	9281	9282	8590
chrM	9282	9283	8590
chrM	9283	9284	8619
chrM	9284	9285	8617
chrM	9285	9286	8622
chrM	9286	9287	8626
chrM	9287	9288	8629
chrM	9288	9289	8666
chrM	9289	9290	8664
chrM	9290	9291	8665
chrM	9291	9292	8646
chrM	9292	9293	8639
chrM	9293	9294	8724
chrM	9294	9295	8827
chrM	9295	9296	9269
chrM	9296	9297	9275
chrM	9297	9298	9283
chrM	9298	9299	9271
chrM	9299	9300	9306
chrM	9300	9301	9351
chrM	9301	9302	9356
chrM	9302	9303	9356
chrM	9303	9304	9358
chrM	9304	9305	9357
chrM	9305	9306	9833
chrM	9306	9307	9884
chrM	9307	9308	9913
chrM	9308	9309	9915
chrM	9309	9310	10112
chrM	9310	9311	10105
chrM	9311	9312	10131
chrM	9312	9313	10184
chrM	9313	9314	10191
chrM	9314	9315	10198
chrM	9315	9316	10216
chrM	9316	9317	10178
chrM	9317	9318	10145
chrM	9318	9319	10146
chrM	9319	9320	10173
chrM	9320	9321	10187
chrM	9321	9322	10199
chrM	9322	9323	10186
chrM	9323	9324	10211
chrM	9324	9325	10212
chrM	9325	9326	10285
chrM	9326	9327	10330
chrM	9327	9328	10388
chrM	9328	9329	10447
chrM	9329	9330	10463
chrM	9330	9331	10497
chrM	9331	9332	10465
chrM	9332	9333	10485
chrM	9333	9334	10511
chrM	9334	9335	10516
chrM	9335	9336	10668
chrM	9336	9337	10660
chrM	9337	9338	11347
chrM	9338	9339	11423
chrM	9339	9340	11444
chrM	9340	9341	11460
chrM	9341	9342	11402
chrM	9342	9343	12007
chrM	9343	9344	11998
chrM	9344	9345	11979
chrM	9345	9346	11991
chrM	9346	9347	12015
chrM	9347	9348	12114
chrM	9348	9349	12111
chrM	9349	9350	12110
chrM	9350	9351	12118
chrM	9351	9352	12119
chrM	9352	9353	12212
chrM	9353	9354	12215
chrM	9354	9355	12219
chrM	9355	9356	12220
chrM	9356	9357	12219
chrM	9357	9358	12211
chrM	9358	9359	12119
chrM	9359	9360	12122
chrM	9360	9361	12134
chrM	9361	9362	12132
chrM	9362	9363	12238
chrM	9363	9364	12236
chrM	9364	9365	12213
chrM	9365	9366	12213
chrM	9366	9367	12226
chrM	9367	9368	12380
chrM	9368	9369	12388
chrM	9369	9370	12504
chrM	9370	9371	12515
chrM	9371	9372	12552
chrM	9372	9373	12583
chrM	9373	9374	12573
chrM	9374	9375	12648
chrM	9375	9376	12639
chrM	9376	9377	12798
chrM	9377	9378	13025
chrM	9378	9379	12973
chrM	9379	9380	13014
chrM	9380	9381	13040
chrM	9381	9382	13207
chrM	9382	9383	13558
chrM	9383	9384	13566
chrM	9384	9385	13588
chrM	9385	9386	13626
chrM	9386	9387	14328
chrM	9387	9388	14366
chrM	9388	9389	14365
chrM	9389	9390	14357
chrM	9390	9391	14374
chrM	9391	9392	14384
chrM	9392	9393	14364
chrM	9393	9394	14334
chrM	9394	9395	14340
chrM	9395	9396	14344
chrM	9396	9397	14329
chrM	9397	9398	14303
chrM	9398	9399	14412
chrM	9399	9400	14542
chrM	9400	9401	14547
chrM	9401	9402	14554
chrM	9402	9403	14445
chrM	9403	9404	14460
chrM	9404	9405	14456
chrM	9405	9406	14558
chrM	9406	9407	14564
chrM	9407	9408	14283
chrM	9408	9409	14285
chrM	9409	9410	14251
chrM	9410	9411	14283
chrM	9411	9412	14285
chrM	9412	9413	14279
chrM	9413	9414	14284
chrM	9414	9415	14277
chrM	9415	9416	14196
chrM	9416	9417	14272
chrM	9417	9418	14320
chrM	9418	9419	14554
chrM	9419	9420	14607
chrM	9420	9421	14638
chrM	9421	9422	14645
chrM	9422	9423	14610
chrM	9423	9424	14778
chrM	9424	9425	15009
chrM	9425	9426	15233
chrM	9426	9427	15292
chrM	9427	9428	15564
chrM	9428	9429	15651
chrM	9429	9430	15696
chrM	9430	9431	15825
chrM	9431	9432	15853
chrM	9432	9433	15894
chrM	9433	9434	15898
chrM	9434	9435	15813
chrM	9435	9436	16719
chrM	9436	9437	16736
chrM	9437	9438	17450
chrM	9438	9439	17473
chrM	9439	9440	17498
chrM	9440	9441	17498
chrM	9441	9442	17546
chrM	9442	9443	17574
chrM	9443	9444	17576
chrM	9444	9445	17587
chrM	9445	9446	17580
chrM	9446	9447	17592
chrM	9447	9448	17670
chrM	9448	9449	17716
chrM	9449	9450	17741
chrM	9450	9451	17725
chrM	9451	9452	17722
chrM	9452	9453	17733
chrM	9453	9454	17782
chrM	9454	9455	17788
chrM	9455	9456	17792
chrM	9456	9457	17801
chrM	9457	9458	17810
chrM	9458	9459	17808
chrM	9459	9460	17801
chrM	9460	9461	17806
chrM	9461	9462	17834
chrM	9462	9463	17884
chrM	9463	9464	17909
chrM	9464	9465	17923
chrM	9465	9466	17922
chrM	9466	9467	17913
chrM	9467	9468	17913
chrM	9468	9469	17830
chrM	9469	9470	17778
chrM	9470	9471	17798
chrM	9471	9472	17829
chrM	9472	9473	17813
chrM	9473	9474	17759
chrM	9474	9475	17839
chrM	9475	9476	17822
chrM	9476	9477	17818
chrM	9477	9478	17806
chrM	9478	9479	17896
chrM	9479	9480	18076
chrM	9480	9481	18235
chrM	9481	9482	18258
chrM	9482	9483	18380
chrM	9483	9484	18434
chrM	9484	9485	18457
chrM	9485	9486	18451
chrM	9486	9487	18888
chrM	9487	9488	18964
chrM	9488	9489	18974
chrM	9489	9490	19099
chrM	9490	9491	18857
chrM	9491	9492	18996
chrM	9492	9493	19020
chrM	9493	9494	19059
chrM	9494	9495	19044
chrM	9495	9496	19051
chrM	9496	9497	19024
chrM	9497	9498	19046
chrM	9498	9499	19946
chrM	9499	9500	20016
chrM	9500	9501	19709
chrM	9501	9502	20302
chrM	9502	9503	19642
chrM	9503	9504	19945
chrM	9504	9505	19934
chrM	9505	9506	20094
chrM	9506	9507	20079
chrM	9507	9508	20056
chrM	9508	9509	20058
chrM	9509	9510	20236
chrM	9510	9511	20267
chrM	9511	9512	20382
chrM	9512	9513	20398
chrM	9513	9514	20386
chrM	9514	9515	20371
chrM	9515	9516	20291
chrM	9516	9517	20272
chrM	9517	9518	20275
chrM	9518	9519	20289
chrM	9519	9520	20309
chrM	9520	9521	20276
chrM	9521	9522	20276
chrM	9522	9523	20296
chrM	9523	9524	20300
chrM	9524	9525	20304
chrM	9525	9526	20111
chrM	9526	9527	20100
chrM	9527	9528	20097
chrM	9528	9529	20096
chrM	9529	9530	20024
chrM	9530	9531	20025
chrM	9531	9532	20026
chrM	9532	9533	20058
chrM	9533	9534	20066
chrM	9534	9535	20033
chrM	9535	9536	20120
chrM	9536	9537	20200
chrM	9537	9538	20194
chrM	9538	9539	20191
chrM	9539	9540	20168
chrM	9540	9541	20502
chrM	9541	9542	20770
chrM	9542	9543	20864
chrM	9543	9544	20591
chrM	9544	9545	20604
chrM	9545	9546	20598
chrM	9546	9547	20576
chrM	9547	9548	20034
chrM	9548	9549	20013
chrM	9549	9550	20040
chrM	9550	9551	19797
chrM	9551	9552	19787
chrM	9552	9553	19758
chrM	9553	9554	19680
chrM	9554	9555	19957
chrM	9555	9556	20047
chrM	9556	9557	20154
chrM	9557	9558	20103
chrM	9558	9559	20124
chrM	9559	9560	20124
chrM	9560	9561	20190
chrM	9561	9562	20213
chrM	9562	9563	20260
chrM	9563	9564	20391
chrM	9564	9565	20392
chrM	9565	9566	20449
chrM	9566	9567	20456
chrM	9567	9568	20580
chrM	9568	9569	20590
chrM	9569	9570	20594
chrM	9570	9571	20615
chrM	9571	9572	20633
chrM	9572	9573	20945
chrM	9573	9574	21083
chrM	9574	9575	21297
chrM	9575	9576	21292
chrM	9576	9577	21302
chrM	9577	9578	21867
chrM	9578	9579	23552
chrM	9579	9580	23698
chrM	9580	9581	23953
chrM	9581	9582	24438
chrM	9582	9583	24515
chrM	9583	9584	24572
chrM	9584	9585	24448
chrM	9585	9586	25749
chrM	9586	9587	26307
chrM	9587	9588	26302
chrM	9588	9589	26427
chrM	9589	9590	26417
chrM	9590	9591	26508
chrM	9591	9592	26494
chrM	9592	9593	26599
chrM	9593	9594	26655
chrM	9594	9595	27060
chrM	9595	9596	27056
chrM	9596	9597	26918
chrM	9597	9598	26929
chrM	9598	9599	26958
chrM	9599	9600	27005
chrM	9600	9601	27014
chrM	9601	9602	27017
chrM	9602	9603	27090
chrM	9603	9604	27106
chrM	9604	9605	27094
chrM	9605	9606	26754
chrM	9606	9607	26750
chrM	9607	9608	26765
chrM	9608	9609	26535
chrM	9609	9610	26608
chrM	9610	9611	26917
chrM	9611	9612	27087
chrM	9612	9613	27221
chrM	9613	9614	27537
chrM	9614	9615	27710
chrM	9615	9616	27717
chrM	9616	9617	27717
chrM	9617	9618	27773
chrM	9618	9619	27999
chrM	9619	9620	28263
chrM	9620	9621	28275
chrM	9621	9622	28288
chrM	9622	9623	28321
chrM	9623	9624	27997
chrM	9624	9625	28416
chrM	9625	9626	28365
chrM	9626	9627	28426
chrM	9627	9628	28360
chrM	9628	9629	28219
chrM	9629	9630	28057
chrM	9630	9631	28014
chrM	9631	9632	28119
chrM	9632	9633	28134
chrM	9633	9634	28089
chrM	9634	9635	27983
chrM	9635	9636	27909
chrM	9636	9637	27908
chrM	9637	9638	27973
chrM	9638	9639	28159
chrM	9639	9640	28048
chrM	9640	9641	28065
chrM	9641	9642	27848
chrM	9642	9643	27802
chrM	9643	9644	27805
chrM	9644	9645	27825
chrM	9645	9646	28177
chrM	9646	9647	28248
chrM	9647	9648	28506
chrM	9648	9649	28743
chrM	9649	9650	28940
chrM	9650	9651	28936
chrM	9651	9652	28949
chrM	9652	9653	28893
chrM	9653	9654	28888
chrM	9654	9655	28875
chrM	9655	9656	28694
chrM	9656	9657	28700
chrM	9657	9658	28686
chrM	9658	9659	28751
chrM	9659	9660	28691
chrM	9660	9661	28716
chrM	9661	9662	28648
chrM	9662	9663	28462
chrM	9663	9664	28449
chrM	9664	9665	28428
chrM	9665	9666	28432
chrM	9666	9667	28426
chrM	9667	9668	28426
chrM	9668	9669	28425
chrM	9669	9670	28450
chrM	9670	9671	28436
chrM	9671	9672	28361
chrM	9672	9673	28355
chrM	9673	9674	28326
chrM	9674	9675	28335
chrM	9675	9676	28311
chrM	9676	9677	28315
chrM	9677	9678	28321
chrM	9678	9679	28929
chrM	9679	9680	29129
chrM	9680	9681	29125
chrM	9681	9682	28933
chrM	9682	9683	28934
chrM	9683	9684	28951
chrM	9684	9685	29078
chrM	9685	9686	29082
chrM	9686	9687	29041
chrM	9687	9688	29037
chrM	9688	9689	29014
chrM	9689	9690	28819
chrM	9690	9691	28948
chrM	9691	9692	28955
chrM	9692	9693	29003
chrM	9693	9694	28989
chrM	9694	9695	28862
chrM	9695	9696	27521
chrM	9696	9697	27416
chrM	9697	9698	27415
chrM	9698	9699	27320
chrM	9699	9700	27234
chrM	9700	9701	27180
chrM	9701	9702	27433
chrM	9702	9703	27663
chrM	9703	9704	27636
chrM	9704	9705	27645
chrM	9705	9706	27568
chrM	9706	9707	27848
chrM	9707	9708	27916
chrM	9708	9709	28132
chrM	9709	9710	28146
chrM	9710	9711	28145
chrM	9711	9712	28135
chrM	9712	9713	28127
chrM	9713	9714	28134
chrM	9714	9715	28354
chrM	9715	9716	28324
chrM	9716	9717	28217
chrM	9717	9718	28140
chrM	9718	9719	28031
chrM	9719	9720	27871
chrM	9720	9721	26651
chrM	9721	9722	26652
chrM	9722	9723	26473
chrM	9723	9724	26388
chrM	9724	9725	26239
chrM	9725	9726	26140
chrM	9726	9727	26149
chrM	9727	9728	26004
chrM	9728	9729	25963
chrM	9729	9730	25837
chrM	9730	9731	25821
chrM	9731	9732	25475
chrM	9732	9733	25344
chrM	9733	9734	25270
chrM	9734	9735	25349
chrM	9735	9736	25359
chrM	9736	9737	25235
chrM	9737	9738	25241
chrM	9738	9739	25267
chrM	9739	9740	25315
chrM	9740	9741	25337
chrM	9741	9742	25267
chrM	9742	9743	25336
chrM	9743	9744	25330
chrM	9744	9745	25324
chrM	9745	9746	25322
chrM	9746	9747	25327
chrM	9747	9748	25334
chrM	9748	9749	25349
chrM	9749	9750	25281
chrM	9750	9751	25033
chrM	9751	9752	25021
chrM	9752	9753	24594
chrM	9753	9754	24590
chrM	9754	9755	24580
chrM	9755	9756	24568
chrM	9756	9757	24568
chrM	9757	9758	24423
chrM	9758	9759	24403
chrM	9759	9760	24366
chrM	9760	9761	24375
chrM	9761	9762	24375
chrM	9762	9763	24362
chrM	9763	9764	24309
chrM	9764	9765	24308
chrM	9765	9766	24308
chrM	9766	9767	24297
chrM	9767	9768	24289
chrM	9768	9769	24288
chrM	9769	9770	24288
chrM	9770	9771	24281
chrM	9771	9772	24281
chrM	9772	9773	24286
chrM	9773	9774	24258
chrM	9774	9775	24250
chrM	9775	9776	24121
chrM	9776	9777	24037
chrM	9777	9778	23954
chrM	9778	9779	23775
chrM	9779	9780	23762
chrM	9780	9781	23733
chrM	9781	9782	23725
chrM	9782	9783	22711
chrM	9783	9784	21446
chrM	9784	9785	21422
chrM	9785	9786	21411
chrM	9786	9787	21399
chrM	9787	9788	21390
chrM	9788	9789	21252
chrM	9789	9790	21232
chrM	9790	9791	21220
chrM	9791	9792	21199
chrM	9792	9793	21431
chrM	9793	9794	21801
chrM	9794	9795	21836
chrM	9795	9796	21802
chrM	9796	9797	21790
chrM	9797	9798	23216
chrM	9798	9799	23259
chrM	9799	9800	23231
chrM	9800	9801	23148
chrM	9801	9802	23025
chrM	9802	9803	22912
chrM	9803	9804	21937
chrM	9804	9805	21944
chrM	9805	9806	21937
chrM	9806	9807	21933
chrM	9807	9808	21667
chrM	9808	9809	19520
chrM	9809	9810	19554
chrM	9810	9811	19246
chrM	9811	9812	19259
chrM	9812	9813	19260
chrM	9813	9814	19066
chrM	9814	9815	19209
chrM	9815	9816	19252
chrM	9816	9817	19286
chrM	9817	9818	19417
chrM	9818	9819	19284
chrM	9819	9820	19260
chrM	9820	9821	18829
chrM	9821	9822	18830
chrM	9822	9823	18834
chrM	9823	9824	18717
chrM	9824	9825	18666
chrM	9825	9826	18579
chrM	9826	9827	18578
chrM	9827	9828	18617
chrM	9828	9829	18603
chrM	9829	9830	18638
chrM	9830	9831	18538
chrM	9831	9832	18489
chrM	9832	9833	18392
chrM	9833	9834	18334
chrM	9834	9835	18335
chrM	9835	9836	18436
chrM	9836	9837	18477
chrM	9837	9838	18514
chrM	9838	9839	18410
chrM	9839	9840	18418
chrM	9840	9841	18245
chrM	9841	9842	18236
chrM	9842	9843	18152
chrM	9843	9844	18202
chrM	9844	9845	18200
chrM	9845	9846	18041
chrM	9846	9847	18027
chrM	9847	9848	17891
chrM	9848	9849	17919
chrM	9849	9850	17957
chrM	9850	9851	17925
chrM	9851	9852	17924
chrM	9852	9853	17181
chrM	9853	9854	17259
chrM	9854	9855	17313
chrM	9855	9856	17316
chrM	9856	9857	17314
chrM	9857	9858	17312
chrM	9858	9859	17291
chrM	9859	9860	16904
chrM	9860	9861	16894
chrM	9861	9862	16890
chrM	9862	9863	16889
chrM	9863	9864	16685
chrM	9864	9865	16760
chrM	9865	9866	16742
chrM	9866	9867	16672
chrM	9867	9868	16640
chrM	9868	9869	16651
chrM	9869	9870	15707
chrM	9870	9871	15663
chrM	9871	9872	15531
chrM	9872	9873	15515
chrM	9873	9874	15438
chrM	9874	9875	15210
chrM	9875	9876	15043
chrM	9876	9877	14858
chrM	9877	9878	14844
chrM	9878	9879	14516
chrM	9879	9880	14318
chrM	9880	9881	14317
chrM	9881	9882	14276
chrM	9882	9883	14261
chrM	9883	9884	14221
chrM	9884	9885	14164
chrM	9885	9886	14270
chrM	9886	9887	14205
chrM	9887	9888	14214
chrM	9888	9889	14190
chrM	9889	9890	14243
chrM	9890	9891	14229
chrM	9891	9892	14222
chrM	9892	9893	14186
chrM	9893	9894	14142
chrM	9894	9895	14128
chrM	9895	9896	13855
chrM	9896	9897	13335
chrM	9897	9898	13321
chrM	9898	9899	13320
chrM	9899	9900	13308
chrM	9900	9901	13201
chrM	9901	9902	13203
chrM	9902	9903	13203
chrM	9903	9904	12845
chrM	9904	9905	13105
chrM	9905	9906	14083
chrM	9906	9907	14318
chrM	9907	9908	14496
chrM	9908	9909	14548
chrM	9909	9910	14555
chrM	9910	9911	14628
chrM	9911	9912	14470
chrM	9912	9913	14473
chrM	9913	9914	14476
chrM	9914	9915	14463
chrM	9915	9916	14429
chrM	9916	9917	14453
chrM	9917	9918	14514
chrM	9918	9919	14515
chrM	9919	9920	14220
chrM	9920	9921	14244
chrM	9921	9922	14235
chrM	9922	9923	14160
chrM	9923	9924	14016
chrM	9924	9925	14015
chrM	9925	9926	14014
chrM	9926	9927	14029
chrM	9927	9928	14030
chrM	9928	9929	14028
chrM	9929	9930	14021
chrM	9930	9931	14134
chrM	9931	9932	14181
chrM	9932	9933	15005
chrM	9933	9934	15005
chrM	9934	9935	15039
chrM	9935	9936	15077
chrM	9936	9937	14873
chrM	9937	9938	14883
chrM	9938	9939	14915
chrM	9939	9940	14950
chrM	9940	9941	15004
chrM	9941	9942	15000
chrM	9942	9943	15021
chrM	9943	9944	15058
chrM	9944	9945	15068
chrM	9945	9946	15202
chrM	9946	9947	15272
chrM	9947	9948	15294
chrM	9948	9949	15305
chrM	9949	9950	15226
chrM	9950	9951	15125
chrM	9951	9952	15064
chrM	9952	9953	15104
chrM	9953	9954	14980
chrM	9954	9955	14981
chrM	9955	9956	14935
chrM	9956	9957	14919
chrM	9957	9958	14912
chrM	9958	9959	14931
chrM	9959	9960	14968
chrM	9960	9961	14988
chrM	9961	9962	15027
chrM	9962	9963	15081
chrM	9963	9964	14994
chrM	9964	9965	14994
chrM	9965	9966	14976
chrM	9966	9967	15001
chrM	9967	9968	14968
chrM	9968	9969	14969
chrM	9969	9970	15388
chrM	9970	9971	15301
chrM	9971	9972	15307
chrM	9972	9973	15293
chrM	9973	9974	15145
chrM	9974	9975	15152
chrM	9975	9976	15025
chrM	9976	9977	15006
chrM	9977	9978	14999
chrM	9978	9979	14999
chrM	9979	9980	14993
chrM	9980	9981	15000
chrM	9981	9982	14999
chrM	9982	9983	14999
chrM	9983	9984	14976
chrM	9984	9985	14991
chrM	9985	9986	15000
chrM	9986	9987	15005
chrM	9987	9988	15023
chrM	9988	9989	15107
chrM	9989	9990	15119
chrM	9990	9991	15131
chrM	9991	9992	15144
chrM	9992	9993	15157
chrM	9993	9994	15187
chrM	9994	9995	15099
chrM	9995	9996	15094
chrM	9996	9997	15091
chrM	9997	9998	15085
chrM	9998	9999	15050
chrM	9999	10000	15130
chrM	10000	10001	15147
chrM	10001	10002	15158
chrM	10002	10003	15160
chrM	10003	10004	15625
chrM	10004	10005	15619
chrM	10005	10006	15617
chrM	10006	10007	15615
chrM	10007	10008	15643
chrM	10008	10009	15647
chrM	10009	10010	15584
chrM	10010	10011	15560
chrM	10011	10012	15524
chrM	10012	10013	15519
chrM	10013	10014	15997
chrM	10014	10015	16023
chrM	10015	10016	16085
chrM	10016	10017	16134
chrM	10017	10018	16188
chrM	10018	10019	16357
chrM	10019	10020	16334
chrM	10020	10021	16408
chrM	10021	10022	16410
chrM	10022	10023	16407
chrM	10023	10024	16391
chrM	10024	10025	16437
chrM	10025	10026	16602
chrM	10026	10027	16603
chrM	10027	10028	16637
chrM	10028	10029	16639
chrM	10029	10030	16594
chrM	10030	10031	16601
chrM	10031	10032	16512
chrM	10032	10033	16512
chrM	10033	10034	16231
chrM	10034	10035	16188
chrM	10035	10036	16130
chrM	10036	10037	16117
chrM	10037	10038	16120
chrM	10038	10039	16108
chrM	10039	10040	16100
chrM	10040	10041	15994
chrM	10041	10042	15936
chrM	10042	10043	15924
chrM	10043	10044	15888
chrM	10044	10045	15873
chrM	10045	10046	15845
chrM	10046	10047	15842
chrM	10047	10048	15542
chrM	10048	10049	15591
chrM	10049	10050	15597
chrM	10050	10051	15597
chrM	10051	10052	15564
chrM	10052	10053	15551
chrM	10053	10054	15587
chrM	10054	10055	15579
chrM	10055	10056	15568
chrM	10056	10057	15570
chrM	10057	10058	15548
chrM	10058	10059	15534
chrM	10059	10060	15501
chrM	10060	10061	15497
chrM	10061	10062	15482
chrM	10062	10063	15248
chrM	10063	10064	15149
chrM	10064	10065	15107
chrM	10065	10066	15108
chrM	10066	10067	15064
chrM	10067	10068	14866
chrM	10068	10069	14839
chrM	10069	10070	14833
chrM	10070	10071	14827
chrM	10071	10072	14856
chrM	10072	10073	15236
chrM	10073	10074	15295
chrM	10074	10075	15265
chrM	10075	10076	15223
chrM	10076	10077	15233
chrM	10077	10078	15376
chrM	10078	10079	16198
chrM	10079	10080	17180
chrM	10080	10081	17277
chrM	10081	10082	17502
chrM	10082	10083	17498
chrM	10083	10084	17570
chrM	10084	10085	17567
chrM	10085	10086	17617
chrM	10086	10087	17640
chrM	10087	10088	17505
chrM	10088	10089	17500
chrM	10089	10090	17478
chrM	10090	10091	17473
chrM	10091	10092	17468
chrM	10092	10093	17475
chrM	10093	10094	17476
chrM	10094	10095	17488
chrM	10095	10096	17501
chrM	10096	10097	17849
chrM	10097	10098	17862
chrM	10098	10099	17843
chrM	10099	10100	17852
chrM	10100	10101	17833
chrM	10101	10102	17876
chrM	10102	10103	17859
chrM	10103	10104	17786
chrM	10104	10105	17759
chrM	10105	10106	17124
chrM	10106	10107	17036
chrM	10107	10108	17298
chrM	10108	10109	17358
chrM	10109	10110	17360
chrM	10110	10111	17374
chrM	10111	10112	17431
chrM	10112	10113	17802
chrM	10113	10114	18595
chrM	10114	10115	19854
chrM	10115	10116	20017
chrM	10116	10117	20021
chrM	10117	10118	20052
chrM	10118	10119	20086
chrM	10119	10120	20924
chrM	10120	10121	21037
chrM	10121	10122	21152
chrM	10122	10123	21213
chrM	10123	10124	21227
chrM	10124	10125	21251
chrM	10125	10126	21126
chrM	10126	10127	21130
chrM	10127	10128	21133
chrM	10128	10129	21128
chrM	10129	10130	21136
chrM	10130	10131	21141
chrM	10131	10132	21145
chrM	10132	10133	21146
chrM	10133	10134	22214
chrM	10134	10135	22229
chrM	10135	10136	22221
chrM	10136	10137	22224
chrM	10137	10138	22211
chrM	10138	10139	22170
chrM	10139	10140	22183
chrM	10140	10141	21972
chrM	10141	10142	22445
chrM	10142	10143	22430
chrM	10143	10144	22408
chrM	10144	10145	22302
chrM	10145	10146	22288
chrM	10146	10147	22290
chrM	10147	10148	22388
chrM	10148	10149	22816
chrM	10149	10150	22838
chrM	10150	10151	22913
chrM	10151	10152	22958
chrM	10152	10153	22968
chrM	10153	10154	22983
chrM	10154	10155	22980
chrM	10155	10156	23064
chrM	10156	10157	23071
chrM	10157	10158	23066
chrM	10158	10159	23130
chrM	10159	10160	23066
chrM	10160	10161	23101
chrM	10161	10162	23105
chrM	10162	10163	23069
chrM	10163	10164	23035
chrM	10164	10165	22925
chrM	10165	10166	22878
chrM	10166	10167	22803
chrM	10167	10168	22813
chrM	10168	10169	22816
chrM	10169	10170	22780
chrM	10170	10171	22548
chrM	10171	10172	22546
chrM	10172	10173	23001
chrM	10173	10174	23027
chrM	10174	10175	23046
chrM	10175	10176	23081
chrM	10176	10177	23097
chrM	10177	10178	23130
chrM	10178	10179	23131
chrM	10179	10180	23417
chrM	10180	10181	23445
chrM	10181	10182	23457
chrM	10182	10183	23447
chrM	10183	10184	23438
chrM	10184	10185	23485
chrM	10185	10186	23624
chrM	10186	10187	23632
chrM	10187	10188	23645
chrM	10188	10189	23678
chrM	10189	10190	23691
chrM	10190	10191	23521
chrM	10191	10192	23311
chrM	10192	10193	23305
chrM	10193	10194	23321
chrM	10194	10195	23330
chrM	10195	10196	23156
chrM	10196	10197	23101
chrM	10197	10198	23122
chrM	10198	10199	23097
chrM	10199	10200	23054
chrM	10200	10201	23064
chrM	10201	10202	22526
chrM	10202	10203	22553
chrM	10203	10204	22558
chrM	10204	10205	22639
chrM	10205	10206	22644
chrM	10206	10207	22961
chrM	10207	10208	23353
chrM	10208	10209	23694
chrM	10209	10210	24208
chrM	10210	10211	24316
chrM	10211	10212	24372
chrM	10212	10213	24371
chrM	10213	10214	24429
chrM	10214	10215	24463
chrM	10215	10216	24590
chrM	10216	10217	24600
chrM	10217	10218	24594
chrM	10218	10219	24566
chrM	10219	10220	24019
chrM	10220	10221	23997
chrM	10221	10222	23968
chrM	10222	10223	24002
chrM	10223	10224	23919
chrM	10224	10225	23919
chrM	10225	10226	23915
chrM	10226	10227	23718
chrM	10227	10228	23706
chrM	10228	10229	23594
chrM	10229	10230	23478
chrM	10230	10231	23452
chrM	10231	10232	23447
chrM	10232	10233	23563
chrM	10233	10234	23344
chrM	10234	10235	23230
chrM	10235	10236	23136
chrM	10236	10237	23027
chrM	10237	10238	22982
chrM	10238	10239	22946
chrM	10239	10240	23160
chrM	10240	10241	23512
chrM	10241	10242	23531
chrM	10242	10243	23667
chrM	10243	10244	23687
chrM	10244	10245	23710
chrM	10245	10246	23699
chrM	10246	10247	23469
chrM	10247	10248	23472
chrM	10248	10249	23476
chrM	10249	10250	23404
chrM	10250	10251	23291
chrM	10251	10252	23300
chrM	10252	10253	23224
chrM	10253	10254	23165
chrM	10254	10255	23154
chrM	10255	10256	23088
chrM	10256	10257	22910
chrM	10257	10258	22912
chrM	10258	10259	22868
chrM	10259	10260	22850
chrM	10260	10261	22848
chrM	10261	10262	22845
chrM	10262	10263	23153
chrM	10263	10264	23227
chrM	10264	10265	23231
chrM	10265	10266	23231
chrM	10266	10267	23221
chrM	10267	10268	23220
chrM	10268	10269	23050
chrM	10269	10270	23036
chrM	10270	10271	23024
chrM	10271	10272	22997
chrM	10272	10273	22977
chrM	10273	10274	22270
chrM	10274	10275	22266
chrM	10275	10276	22256
chrM	10276	10277	22253
chrM	10277	10278	22108
chrM	10278	10279	21911
chrM	10279	10280	21788
chrM	10280	10281	21765
chrM	10281	10282	21738
chrM	10282	10283	21173
chrM	10283	10284	21176
chrM	10284	10285	22741
chrM	10285	10286	22837
chrM	10286	10287	23055
chrM	10287	10288	23120
chrM	10288	10289	23112
chrM	10289	10290	23093
chrM	10290	10291	23291
chrM	10291	10292	23286
chrM	10292	10293	23306
chrM	10293	10294	23342
chrM	10294	10295	22841
chrM	10295	10296	22783
chrM	10296	10297	22739
chrM	10297	10298	22715
chrM	10298	10299	22711
chrM	10299	10300	22703
chrM	10300	10301	22603
chrM	10301	10302	22165
chrM	10302	10303	22094
chrM	10303	10304	21454
chrM	10304	10305	22121
chrM	10305	10306	22161
chrM	10306	10307	23068
chrM	10307	10308	24802
chrM	10308	10309	24720
chrM	10309	10310	24739
chrM	10310	10311	24952
chrM	10311	10312	27653
chrM	10312	10313	27726
chrM	10313	10314	27737
chrM	10314	10315	27795
chrM	10315	10316	28083
chrM	10316	10317	28116
chrM	10317	10318	27885
chrM	10318	10319	28163
chrM	10319	10320	28182
chrM	10320	10321	28179
chrM	10321	10322	28051
chrM	10322	10323	28319
chrM	10323	10324	28439
chrM	10324	10325	28539
chrM	10325	10326	28620
chrM	10326	10327	28043
chrM	10327	10328	28027
chrM	10328	10329	27960
chrM	10329	10330	28040
chrM	10330	10331	28044
chrM	10331	10332	28040
chrM	10332	10333	28101
chrM	10333	10334	28042
chrM	10334	10335	28012
chrM	10335	10336	27851
chrM	10336	10337	27811
chrM	10337	10338	27880
chrM	10338	10339	27855
chrM	10339	10340	27842
chrM	10340	10341	27801
chrM	10341	10342	28235
chrM	10342	10343	28252
chrM	10343	10344	28235
chrM	10344	10345	28431
chrM	10345	10346	28325
chrM	10346	10347	28341
chrM	10347	10348	28453
chrM	10348	10349	28472
chrM	10349	10350	28486
chrM	10350	10351	28485
chrM	10351	10352	28727
chrM	10352	10353	28748
chrM	10353	10354	28753
chrM	10354	10355	28719
chrM	10355	10356	28731
chrM	10356	10357	28779
chrM	10357	10358	28760
chrM	10358	10359	28728
chrM	10359	10360	28608
chrM	10360	10361	28611
chrM	10361	10362	28579
chrM	10362	10363	28061
chrM	10363	10364	28627
chrM	10364	10365	28688
chrM	10365	10366	28837
chrM	10366	10367	28808
chrM	10367	10368	28675
chrM	10368	10369	29140
chrM	10369	10370	29095
chrM	10370	10371	29100
chrM	10371	10372	29124
chrM	10372	10373	29288
chrM	10373	10374	29196
chrM	10374	10375	29003
chrM	10375	10376	28988
chrM	10376	10377	28985
chrM	10377	10378	28996
chrM	10378	10379	29296
chrM	10379	10380	29406
chrM	10380	10381	29430
chrM	10381	10382	29446
chrM	10382	10383	29457
chrM	10383	10384	29440
chrM	10384	10385	29049
chrM	10385	10386	29223
chrM	10386	10387	29231
chrM	10387	10388	29079
chrM	10388	10389	28918
chrM	10389	10390	28949
chrM	10390	10391	28966
chrM	10391	10392	28970
chrM	10392	10393	28886
chrM	10393	10394	28787
chrM	10394	10395	28423
chrM	10395	10396	27722
chrM	10396	10397	27748
chrM	10397	10398	27877
chrM	10398	10399	28276
chrM	10399	10400	28256
chrM	10400	10401	28111
chrM	10401	10402	28106
chrM	10402	10403	28117
chrM	10403	10404	28139
chrM	10404	10405	28212
chrM	10405	10406	28238
chrM	10406	10407	28226
chrM	10407	10408	28201
chrM	10408	10409	28180
chrM	10409	10410	28219
chrM	10410	10411	28230
chrM	10411	10412	28230
chrM	10412	10413	28341
chrM	10413	10414	28383
chrM	10414	10415	28392
chrM	10415	10416	28386
chrM	10416	10417	28385
chrM	10417	10418	28383
chrM	10418	10419	28343
chrM	10419	10420	28375
chrM	10420	10421	28327
chrM	10421	10422	28326
chrM	10422	10423	28330
chrM	10423	10424	28290
chrM	10424	10425	28219
chrM	10425	10426	28231
chrM	10426	10427	28070
chrM	10427	10428	28033
chrM	10428	10429	27525
chrM	10429	10430	26180
chrM	10430	10431	26123
chrM	10431	10432	26063
chrM	10432	10433	26034
chrM	10433	10434	25994
chrM	10434	10435	25985
chrM	10435	10436	26027
chrM	10436	10437	25758
chrM	10437	10438	25739
chrM	10438	10439	26102
chrM	10439	10440	26292
chrM	10440	10441	26633
chrM	10441	10442	26808
chrM	10442	10443	26963
chrM	10443	10444	27095
chrM	10444	10445	27118
chrM	10445	10446	27090
chrM	10446	10447	27050
chrM	10447	10448	27097
chrM	10448	10449	27182
chrM	10449	10450	27178
chrM	10450	10451	27166
chrM	10451	10452	27122
chrM	10452	10453	27093
chrM	10453	10454	26873
chrM	10454	10455	26640
chrM	10455	10456	26681
chrM	10456	10457	26706
chrM	10457	10458	26719
chrM	10458	10459	26676
chrM	10459	10460	26654
chrM	10460	10461	26637
chrM	10461	10462	26633
chrM	10462	10463	26602
chrM	10463	10464	26337
chrM	10464	10465	26333
chrM	10465	10466	26247
chrM	10466	10467	26213
chrM	10467	10468	25784
chrM	10468	10469	25820
chrM	10469	10470	25995
chrM	10470	10471	25865
chrM	10471	10472	25866
chrM	10472	10473	25805
chrM	10473	10474	25805
chrM	10474	10475	25900
chrM	10475	10476	25577
chrM	10476	10477	25466
chrM	10477	10478	24746
chrM	10478	10479	24746
chrM	10479	10480	23868
chrM	10480	10481	23737
chrM	10481	10482	23721
chrM	10482	10483	23653
chrM	10483	10484	22959
chrM	10484	10485	22707
chrM	10485	10486	21528
chrM	10486	10487	21374
chrM	10487	10488	21371
chrM	10488	10489	21372
chrM	10489	10490	20590
chrM	10490	10491	20588
chrM	10491	10492	20582
chrM	10492	10493	20540
chrM	10493	10494	20501
chrM	10494	10495	20498
chrM	10495	10496	20481
chrM	10496	10497	20483
chrM	10497	10498	20708
chrM	10498	10499	20715
chrM	10499	10500	20919
chrM	10500	10501	20993
chrM	10501	10502	21040
chrM	10502	10503	21047
chrM	10503	10504	21011
chrM	10504	10505	21078
chrM	10505	10506	21119
chrM	10506	10507	21011
chrM	10507	10508	20995
chrM	10508	10509	20970
chrM	10509	10510	20965
chrM	10510	10511	21030
chrM	10511	10512	21066
chrM	10512	10513	21064
chrM	10513	10514	21022
chrM	10514	10515	20983
chrM	10515	10516	20983
chrM	10516	10517	20940
chrM	10517	10518	20959
chrM	10518	10519	21082
chrM	10519	10520	21100
chrM	10520	10521	21255
chrM	10521	10522	21419
chrM	10522	10523	21369
chrM	10523	10524	21293
chrM	10524	10525	21432
chrM	10525	10526	21444
chrM	10526	10527	21836
chrM	10527	10528	21741
chrM	10528	10529	21482
chrM	10529	10530	21361
chrM	10530	10531	21179
chrM	10531	10532	21153
chrM	10532	10533	21023
chrM	10533	10534	21012
chrM	10534	10535	20980
chrM	10535	10536	20971
chrM	10536	10537	21005
chrM	10537	10538	21001
chrM	10538	10539	20999
chrM	10539	10540	21019
chrM	10540	10541	21026
chrM	10541	10542	21043
chrM	10542	10543	21056
chrM	10543	10544	21067
chrM	10544	10545	21104
chrM	10545	10546	21145
chrM	10546	10547	21148
chrM	10547	10548	21168
chrM	10548	10549	21179
chrM	10549	10550	21221
chrM	10550	10551	21213
chrM	10551	10552	21214
chrM	10552	10553	21217
chrM	10553	10554	21272
chrM	10554	10555	21297
chrM	10555	10556	21313
chrM	10556	10557	21319
chrM	10557	10558	21470
chrM	10558	10559	21472
chrM	10559	10560	21479
chrM	10560	10561	21138
chrM	10561	10562	21136
chrM	10562	10563	21129
chrM	10563	10564	21121
chrM	10564	10565	21097
chrM	10565	10566	21097
chrM	10566	10567	21097
chrM	10567	10568	21105
chrM	10568	10569	21107
chrM	10569	10570	21108
chrM	10570	10571	21107
chrM	10571	10572	21035
chrM	10572	10573	21007
chrM	10573	10574	20995
chrM	10574	10575	20955
chrM	10575	10576	20816
chrM	10576	10577	20402
chrM	10577	10578	20250
chrM	10578	10579	19482
chrM	10579	10580	19448
chrM	10580	10581	19148
chrM	10581	10582	19137
chrM	10582	10583	19119
chrM	10583	10584	19081
chrM	10584	10585	19075
chrM	10585	10586	19078
chrM	10586	10587	19071
chrM	10587	10588	19030
chrM	10588	10589	18950
chrM	10589	10590	18957
chrM	10590	10591	18950
chrM	10591	10592	18961
chrM	10592	10593	18956
chrM	10593	10594	18959
chrM	10594	10595	18871
chrM	10595	10596	18861
chrM	10596	10597	18861
chrM	10597	10598	18832
chrM	10598	10599	18819
chrM	10599	10600	18802
chrM	10600	10601	18797
chrM	10601	10602	18771
chrM	10602	10603	18434
chrM	10603	10604	18393
chrM	10604	10605	18374
chrM	10605	10606	18373
chrM	10606	10607	18348
chrM	10607	10608	18315
chrM	10608	10609	18260
chrM	10609	10610	18113
chrM	10610	10611	18114
chrM	10611	10612	18126
chrM	10612	10613	18116
chrM	10613	10614	18094
chrM	10614	10615	18028
chrM	10615	10616	17978
chrM	10616	10617	17987
chrM	10617	10618	17932
chrM	10618	10619	17923
chrM	10619	10620	17844
chrM	10620	10621	17833
chrM	10621	10622	17800
chrM	10622	10623	17642
chrM	10623	10624	17641
chrM	10624	10625	17492
chrM	10625	10626	17479
chrM	10626	10627	17455
chrM	10627	10628	17252
chrM	10628	10629	17173
chrM	10629	10630	17172
chrM	10630	10631	17055
chrM	10631	10632	17014
chrM	10632	10633	16885
chrM	10633	10634	16826
chrM	10634	10635	16788
chrM	10635	10636	16625
chrM	10636	10637	16604
chrM	10637	10638	16587
chrM	10638	10639	16586
chrM	10639	10640	16560
chrM	10640	10641	16424
chrM	10641	10642	16413
chrM	10642	10643	16256
chrM	10643	10644	16221
chrM	10644	10645	16192
chrM	10645	10646	16147
chrM	10646	10647	15897
chrM	10647	10648	15722
chrM	10648	10649	15716
chrM	10649	10650	15625
chrM	10650	10651	15617
chrM	10651	10652	15512
chrM	10652	10653	15407
chrM	10653	10654	15406
chrM	10654	10655	15071
chrM	10655	10656	15033
chrM	10656	10657	15024
chrM	10657	10658	15022
chrM	10658	10659	14978
chrM	10659	10660	14912
chrM	10660	10661	14905
chrM	10661	10662	14761
chrM	10662	10663	14697
chrM	10663	10664	14385
chrM	10664	10665	14373
chrM	10665	10666	14354
chrM	10666	10667	14363
chrM	10667	10668	14210
chrM	10668	10669	14203
chrM	10669	10670	14122
chrM	10670	10671	14108
chrM	10671	10672	14070
chrM	10672	10673	13882
chrM	10673	10674	13601
chrM	10674	10675	13208
chrM	10675	10676	13204
chrM	10676	10677	13181
chrM	10677	10678	13076
chrM	10678	10679	11391
chrM	10679	10680	11334
chrM	10680	10681	11333
chrM	10681	10682	11309
chrM	10682	10683	11248
chrM	10683	10684	9716
chrM	10684	10685	9561
chrM	10685	10686	9345
chrM	10686	10687	9273
chrM	10687	10688	9160
chrM	10688	10689	8961
chrM	10689	10690	8848
chrM	10690	10691	8467
chrM	10691	10692	8458
chrM	10692	10693	8022
chrM	10693	10694	7960
chrM	10694	10695	7953
chrM	10695	10696	7703
chrM	10696	10697	7586
chrM	10697	10698	7526
chrM	10698	10699	7518
chrM	10699	10700	7410
chrM	10700	10701	7270
chrM	10701	10702	7226
chrM	10702	10703	7199
chrM	10703	10704	7128
chrM	10704	10705	7083
chrM	10705	10706	6672
chrM	10706	10707	3988
chrM	10707	10708	3978
chrM	10708	10709	3973
chrM	10709	10710	3914
chrM	10710	10711	3151
chrM	10711	10712	3037
chrM	10712	10713	2960
chrM	10713	10714	2943
chrM	10714	10715	2938
chrM	10715	10716	2805
chrM	10716	10717	2800
chrM	10717	10718	2799
chrM	10718	10719	2799
chrM	10719	10720	2798
chrM	10720	10721	2794
chrM	10721	10722	2794
chrM	10722	10723	2787
chrM	10723	10724	2788
chrM	10724	10725	2787
chrM	10725	10726	2785
chrM	10726	10727	2784
chrM	10727	10728	2778
chrM	10728	10729	2781
chrM	10729	10730	2752
chrM	10730	10731	2752
chrM	10731	10732	2752
chrM	10732	10733	2750
chrM	10733	10734	2746
chrM	10734	10735	2742
chrM	10735	10736	2736
chrM	10736	10737	2734
chrM	10737	10738	2733
chrM	10738	10739	2720
chrM	10739	10740	2708
chrM	10740	10741	2706
chrM	10741	10742	2704
chrM	10742	10743	2702
chrM	10743	10744	2701
chrM	10744	10745	2693
chrM	10745	10746	2691
chrM	10746	10747	2691
chrM	10747	10748	2680
chrM	10748	10749	2679
chrM	10749	10750	2679
chrM	10750	10751	2668
chrM	10751	10752	2667
chrM	10752	10753	2656
chrM	10753	10754	2654
chrM	10754	10755	2655
chrM	10755	10756	2651
chrM	10756	10757	2650
chrM	10757	10758	2650
chrM	10758	10759	2604
chrM	10759	10760	2601
chrM	10760	10761	2601
chrM	10761	10762	2599
chrM	10762	10763	2595
chrM	10763	10764	2585
chrM	10764	10765	2585
chrM	10765	10766	2570
chrM	10766	10767	2568
chrM	10767	10768	2560
chrM	10768	10769	2498
chrM	10769	10770	2489
chrM	10770	10771	2462
chrM	10771	10772	2456
chrM	10772	10773	2454
chrM	10773	10774	2432
chrM	10774	10775	2425
chrM	10775	10776	2423
chrM	10776	10777	2415
chrM	10777	10778	2401
chrM	10778	10779	2329
chrM	10779	10780	2239
chrM	10780	10781	2239
chrM	10781	10782	2225
chrM	10782	10783	2222
chrM	10783	10784	2203
chrM	10784	10785	2162
chrM	10785	10786	2162
chrM	10786	10787	2163
chrM	10787	10788	2164
chrM	10788	10789	2164
chrM	10789	10790	2165
chrM	10790	10791	2167
chrM	10791	10792	2168
chrM	10792	10793	2169
chrM	10793	10794	2169
chrM	10794	10795	2170
chrM	10795	10796	2171
chrM	10796	10797	2171
chrM	10797	10798	2123
chrM	10798	10799	2123
chrM	10799	10800	2122
chrM	10800	10801	2121
chrM	10801	10802	2117
chrM	10802	10803	2119
chrM	10803	10804	2119
chrM	10804	10805	2120
chrM	10805	10806	2119
chrM	10806	10807	2032
chrM	10807	10808	2028
chrM	10808	10809	2025
chrM	10809	10810	2010
chrM	10810	10811	2007
chrM	10811	10812	2004
chrM	10812	10813	1995
chrM	10813	10814	1935
chrM	10814	10815	1929
chrM	10815	10816	1931
chrM	10816	10817	1945
chrM	10817	10818	1943
chrM	10818	10819	1973
chrM	10819	10820	1977
chrM	10820	10821	1992
chrM	10821	10822	1995
chrM	10822	10823	1995
chrM	10823	10824	1995
chrM	10824	10825	2178
chrM	10825	10826	2266
chrM	10826	10827	2405
chrM	10827	10828	2478
chrM	10828	10829	2513
chrM	10829	10830	2511
chrM	10830	10831	2512
chrM	10831	10832	2516
chrM	10832	10833	2523
chrM	10833	10834	2526
chrM	10834	10835	2525
chrM	10835	10836	2523
chrM	10836	10837	2648
chrM	10837	10838	2655
chrM	10838	10839	2661
chrM	10839	10840	2654
chrM	10840	10841	2633
chrM	10841	10842	2654
chrM	10842	10843	2676
chrM	10843	10844	2687
chrM	10844	10845	2687
chrM	10845	10846	2695
chrM	10846	10847	2700
chrM	10847	10848	2703
chrM	10848	10849	2729
chrM	10849	10850	2740
chrM	10850	10851	2751
chrM	10851	10852	2816
chrM	10852	10853	2818
chrM	10853	10854	2846
chrM	10854	10855	2856
chrM	10855	10856	2858
chrM	10856	10857	2860
chrM	10857	10858	2882
chrM	10858	10859	2887
chrM	10859	10860	2899
chrM	10860	10861	2899
chrM	10861	10862	2915
chrM	10862	10863	2922
chrM	10863	10864	2920
chrM	10864	10865	2924
chrM	10865	10866	2926
chrM	10866	10867	2973
chrM	10867	10868	2978
chrM	10868	10869	2980
chrM	10869	10870	3001
chrM	10870	10871	3003
chrM	10871	10872	3033
chrM	10872	10873	3036
chrM	10873	10874	3058
chrM	10874	10875	3064
chrM	10875	10876	3115
chrM	10876	10877	3120
chrM	10877	10878	3130
chrM	10878	10879	3136
chrM	10879	10880	3138
chrM	10880	10881	4117
chrM	10881	10882	4230
chrM	10882	10883	4383
chrM	10883	10884	4434
chrM	10884	10885	4447
chrM	10885	10886	7165
chrM	10886	10887	7320
chrM	10887	10888	7391
chrM	10888	10889	7403
chrM	10889	10890	7485
chrM	10890	10891	7532
chrM	10891	10892	7731
chrM	10892	10893	8027
chrM	10893	10894	8071
chrM	10894	10895	8160
chrM	10895	10896	8252
chrM	10896	10897	8305
chrM	10897	10898	8347
chrM	10898	10899	9460
chrM	10899	10900	9461
chrM	10900	10901	9461
chrM	10901	10902	9564
chrM	10902	10903	9779
chrM	10903	10904	9822
chrM	10904	10905	9853
chrM	10905	10906	10384
chrM	10906	10907	10418
chrM	10907	10908	11190
chrM	10908	10909	11197
chrM	10909	10910	11226
chrM	10910	10911	11272
chrM	10911	10912	11294
chrM	10912	10913	11354
chrM	10913	10914	11361
chrM	10914	10915	11365
chrM	10915	10916	11379
chrM	10916	10917	11469
chrM	10917	10918	11489
chrM	10918	10919	11546
chrM	10919	10920	11593
chrM	10920	10921	11609
chrM	10921	10922	11842
chrM	10922	10923	11903
chrM	10923	10924	12540
chrM	10924	10925	12751
chrM	10925	10926	12816
chrM	10926	10927	12886
chrM	10927	10928	12945
chrM	10928	10929	13337
chrM	10929	10930	13384
chrM	10930	10931	13518
chrM	10931	10932	13661
chrM	10932	10933	13790
chrM	10933	10934	15074
chrM	10934	10935	15435
chrM	10935	10936	15468
chrM	10936	10937	15476
chrM	10937	10938	15490
chrM	10938	10939	15580
chrM	10939	10940	15669
chrM	10940	10941	15780
chrM	10941	10942	16048
chrM	10942	10943	16075
chrM	10943	10944	16113
chrM	10944	10945	16199
chrM	10945	10946	16214
chrM	10946	10947	16258
chrM	10947	10948	16271
chrM	10948	10949	16461
chrM	10949	10950	16475
chrM	10950	10951	16495
chrM	10951	10952	16882
chrM	10952	10953	16952
chrM	10953	10954	16961
chrM	10954	10955	17030
chrM	10955	10956	17034
chrM	10956	10957	17083
chrM	10957	10958	17080
chrM	10958	10959	17091
chrM	10959	10960	17151
chrM	10960	10961	17160
chrM	10961	10962	17195
chrM	10962	10963	17342
chrM	10963	10964	17390
chrM	10964	10965	17409
chrM	10965	10966	17431
chrM	10966	10967	17447
chrM	10967	10968	17480
chrM	10968	10969	17549
chrM	10969	10970	17606
chrM	10970	10971	17705
chrM	10971	10972	17779
chrM	10972	10973	17794
chrM	10973	10974	17853
chrM	10974	10975	18015
chrM	10975	10976	18104
chrM	10976	10977	18112
chrM	10977	10978	18114
chrM	10978	10979	18194
chrM	10979	10980	18221
chrM	10980	10981	18234
chrM	10981	10982	18223
chrM	10982	10983	18226
chrM	10983	10984	18308
chrM	10984	10985	18309
chrM	10985	10986	18316
chrM	10986	10987	18263
chrM	10987	10988	18274
chrM	10988	10989	18410
chrM	10989	10990	18415
chrM	10990	10991	18471
chrM	10991	10992	18478
chrM	10992	10993	18477
chrM	10993	10994	18506
chrM	10994	10995	18512
chrM	10995	10996	18525
chrM	10996	10997	18718
chrM	10997	10998	18722
chrM	10998	10999	18729
chrM	10999	11000	18700
chrM	11000	11001	18717
chrM	11001	11002	18724
chrM	11002	11003	18720
chrM	11003	11004	18730
chrM	11004	11005	18723
chrM	11005	11006	18870
chrM	11006	11007	18952
chrM	11007	11008	18944
chrM	11008	11009	18941
chrM	11009	11010	18897
chrM	11010	11011	18910
chrM	11011	11012	18888
chrM	11012	11013	18896
chrM	11013	11014	18902
chrM	11014	11015	18904
chrM	11015	11016	18934
chrM	11016	11017	18926
chrM	11017	11018	18937
chrM	11018	11019	18941
chrM	11019	11020	18942
chrM	11020	11021	18941
chrM	11021	11022	18933
chrM	11022	11023	18950
chrM	11023	11024	18951
chrM	11024	11025	19019
chrM	11025	11026	19075
chrM	11026	11027	19072
chrM	11027	11028	19072
chrM	11028	11029	19083
chrM	11029	11030	19077
chrM	11030	11031	19089
chrM	11031	11032	19089
chrM	11032	11033	19074
chrM	11033	11034	19076
chrM	11034	11035	19047
chrM	11035	11036	19073
chrM	11036	11037	19095
chrM	11037	11038	19105
chrM	11038	11039	19111
chrM	11039	11040	19109
chrM	11040	11041	19117
chrM	11041	11042	19119
chrM	11042	11043	19131
chrM	11043	11044	19237
chrM	11044	11045	19242
chrM	11045	11046	19249
chrM	11046	11047	19280
chrM	11047	11048	19274
chrM	11048	11049	19488
chrM	11049	11050	19535
chrM	11050	11051	19514
chrM	11051	11052	19448
chrM	11052	11053	19320
chrM	11053	11054	19314
chrM	11054	11055	19220
chrM	11055	11056	19215
chrM	11056	11057	19206
chrM	11057	11058	19167
chrM	11058	11059	18839
chrM	11059	11060	18821
chrM	11060	11061	18926
chrM	11061	11062	18930
chrM	11062	11063	18915
chrM	11063	11064	18878
chrM	11064	11065	18739
chrM	11065	11066	18775
chrM	11066	11067	18765
chrM	11067	11068	18762
chrM	11068	11069	18713
chrM	11069	11070	18664
chrM	11070	11071	18563
chrM	11071	11072	18552
chrM	11072	11073	18606
chrM	11073	11074	18610
chrM	11074	11075	18615
chrM	11075	11076	18576
chrM	11076	11077	18570
chrM	11077	11078	18570
chrM	11078	11079	18561
chrM	11079	11080	18566
chrM	11080	11081	18225
chrM	11081	11082	18221
chrM	11082	11083	18212
chrM	11083	11084	18186
chrM	11084	11085	18184
chrM	11085	11086	18189
chrM	11086	11087	18194
chrM	11087	11088	18197
chrM	11088	11089	17994
chrM	11089	11090	17984
chrM	11090	11091	17965
chrM	11091	11092	17868
chrM	11092	11093	17854
chrM	11093	11094	17851
chrM	11094	11095	17689
chrM	11095	11096	17505
chrM	11096	11097	17366
chrM	11097	11098	17188
chrM	11098	11099	17163
chrM	11099	11100	17154
chrM	11100	11101	17161
chrM	11101	11102	17184
chrM	11102	11103	17194
chrM	11103	11104	17184
chrM	11104	11105	16993
chrM	11105	11106	16990
chrM	11106	11107	17156
chrM	11107	11108	17156
chrM	11108	11109	17155
chrM	11109	11110	17134
chrM	11110	11111	17095
chrM	11111	11112	17023
chrM	11112	11113	16876
chrM	11113	11114	16893
chrM	11114	11115	16885
chrM	11115	11116	16883
chrM	11116	11117	16792
chrM	11117	11118	16639
chrM	11118	11119	16650
chrM	11119	11120	16619
chrM	11120	11121	16623
chrM	11121	11122	16605
chrM	11122	11123	16623
chrM	11123	11124	16567
chrM	11124	11125	16487
chrM	11125	11126	16476
chrM	11126	11127	16139
chrM	11127	11128	16125
chrM	11128	11129	15731
chrM	11129	11130	15684
chrM	11130	11131	15652
chrM	11131	11132	15628
chrM	11132	11133	15648
chrM	11133	11134	15492
chrM	11134	11135	15398
chrM	11135	11136	15344
chrM	11136	11137	15061
chrM	11137	11138	15045
chrM	11138	11139	15038
chrM	11139	11140	14997
chrM	11140	11141	14990
chrM	11141	11142	14894
chrM	11142	11143	14786
chrM	11143	11144	14639
chrM	11144	11145	14583
chrM	11145	11146	14473
chrM	11146	11147	14444
chrM	11147	11148	14437
chrM	11148	11149	14353
chrM	11149	11150	14291
chrM	11150	11151	14298
chrM	11151	11152	14279
chrM	11152	11153	14268
chrM	11153	11154	14329
chrM	11154	11155	14332
chrM	11155	11156	14288
chrM	11156	11157	14269
chrM	11157	11158	14268
chrM	11158	11159	14193
chrM	11159	11160	14128
chrM	11160	11161	14119
chrM	11161	11162	14102
chrM	11162	11163	14101
chrM	11163	11164	14032
chrM	11164	11165	13608
chrM	11165	11166	13595
chrM	11166	11167	13551
chrM	11167	11168	13542
chrM	11168	11169	13081
chrM	11169	11170	12741
chrM	11170	11171	12752
chrM	11171	11172	12774
chrM	11172	11173	12696
chrM	11173	11174	12671
chrM	11174	11175	12630
chrM	11175	11176	12613
chrM	11176	11177	12438
chrM	11177	11178	12437
chrM	11178	11179	12438
chrM	11179	11180	12368
chrM	11180	11181	12367
chrM	11181	11182	12386
chrM	11182	11183	12390
chrM	11183	11184	12395
chrM	11184	11185	12399
chrM	11185	11186	12398
chrM	11186	11187	12352
chrM	11187	11188	12299
chrM	11188	11189	12297
chrM	11189	11190	12289
chrM	11190	11191	12274
chrM	11191	11192	12227
chrM	11192	11193	12055
chrM	11193	11194	12022
chrM	11194	11195	11999
chrM	11195	11196	11997
chrM	11196	11197	11895
chrM	11197	11198	11761
chrM	11198	11199	11449
chrM	11199	11200	11435
chrM	11200	11201	11403
chrM	11201	11202	11400
chrM	11202	11203	11371
chrM	11203	11204	11318
chrM	11204	11205	11243
chrM	11205	11206	11132
chrM	11206	11207	11128
chrM	11207	11208	10836
chrM	11208	11209	10835
chrM	11209	11210	10814
chrM	11210	11211	10763
chrM	11211	11212	10698
chrM	11212	11213	10530
chrM	11213	11214	10458
chrM	11214	11215	10418
chrM	11215	11216	10416
chrM	11216	11217	10369
chrM	11217	11218	10136
chrM	11218	11219	8515
chrM	11219	11220	8496
chrM	11220	11221	8432
chrM	11221	11222	8418
chrM	11222	11223	8302
chrM	11223	11224	8274
chrM	11224	11225	8214
chrM	11225	11226	8164
chrM	11226	11227	8138
chrM	11227	11228	8109
chrM	11228	11229	8065
chrM	11229	11230	8055
chrM	11230	11231	8028
chrM	11231	11232	7938
chrM	11232	11233	7928
chrM	11233	11234	7916
chrM	11234	11235	7895
chrM	11235	11236	7896
chrM	11236	11237	7870
chrM	11237	11238	7848
chrM	11238	11239	7608
chrM	11239	11240	7595
chrM	11240	11241	7594
chrM	11241	11242	7547
chrM	11242	11243	7529
chrM	11243	11244	7513
chrM	11244	11245	7507
chrM	11245	11246	7502
chrM	11246	11247	7489
chrM	11247	11248	7460
chrM	11248	11249	7203
chrM	11249	11250	7197
chrM	11250	11251	7154
chrM	11251	11252	7140
chrM	11252	11253	6943
chrM	11253	11254	6932
chrM	11254	11255	6898
chrM	11255	11256	6887
chrM	11256	11257	6888
chrM	11257	11258	6720
chrM	11258	11259	6683
chrM	11259	11260	6671
chrM	11260	11261	6629
chrM	11261	11262	6614
chrM	11262	11263	6576
chrM	11263	11264	6502
chrM	11264	11265	6233
chrM	11265	11266	6189
chrM	11266	11267	6110
chrM	11267	11268	6038
chrM	11268	11269	5987
chrM	11269	11270	5967
chrM	11270	11271	5966
chrM	11271	11272	5856
chrM	11272	11273	5820
chrM	11273	11274	5668
chrM	11274	11275	5644
chrM	11275	11276	5644
chrM	11276	11277	5619
chrM	11277	11278	5593
chrM	11278	11279	5493
chrM	11279	11280	5493
chrM	11280	11281	5490
chrM	11281	11282	5471
chrM	11282	11283	5465
chrM	11283	11284	5437
chrM	11284	11285	5435
chrM	11285	11286	5386
chrM	11286	11287	5386
chrM	11287	11288	5369
chrM	11288	11289	5365
chrM	11289	11290	5354
chrM	11290	11291	5275
chrM	11291	11292	5215
chrM	11292	11293	4798
chrM	11293	11294	4792
chrM	11294	11295	4785
chrM	11295	11296	4763
chrM	11296	11297	4735
chrM	11297	11298	4677
chrM	11298	11299	4654
chrM	11299	11300	4634
chrM	11300	11301	4614
chrM	11301	11302	4610
chrM	11302	11303	4480
chrM	11303	11304	4457
chrM	11304	11305	4363
chrM	11305	11306	4355
chrM	11306	11307	4283
chrM	11307	11308	3970
chrM	11308	11309	3966
chrM	11309	11310	3958
chrM	11310	11311	3947
chrM	11311	11312	3913
chrM	11312	11313	3845
chrM	11313	11314	3843
chrM	11314	11315	3837
chrM	11315	11316	3753
chrM	11316	11317	3758
chrM	11317	11318	3728
chrM	11318	11319	3726
chrM	11319	11320	3707
chrM	11320	11321	3549
chrM	11321	11322	3383
chrM	11322	11323	3241
chrM	11323	11324	3232
chrM	11324	11325	3222
chrM	11325	11326	3221
chrM	11326	11327	3166
chrM	11327	11328	3164
chrM	11328	11329	3133
chrM	11329	11330	3132
chrM	11330	11331	3123
chrM	11331	11332	3105
chrM	11332	11333	3093
chrM	11333	11334	2379
chrM	11334	11335	2374
chrM	11335	11336	2365
chrM	11336	11337	2365
chrM	11337	11338	2288
chrM	11338	11339	2279
chrM	11339	11340	2271
chrM	11340	11341	2260
chrM	11341	11342	2252
chrM	11342	11343	2242
chrM	11343	11344	2208
chrM	11344	11345	2092
chrM	11345	11346	2079
chrM	11346	11347	2077
chrM	11347	11348	2074
chrM	11348	11349	2065
chrM	11349	11350	2067
chrM	11350	11351	2064
chrM	11351	11352	2050
chrM	11352	11353	2047
chrM	11353	11354	2038
chrM	11354	11355	2028
chrM	11355	11356	2029
chrM	11356	11357	2028
chrM	11357	11358	2022
chrM	11358	11359	2002
chrM	11359	11360	2000
chrM	11360	11361	1999
chrM	11361	11362	1996
chrM	11362	11363	1998
chrM	11363	11364	2001
chrM	11364	11365	1999
chrM	11365	11366	2001
chrM	11366	11367	2002
chrM	11367	11368	2001
chrM	11368	11369	2002
chrM	11369	11370	1994
chrM	11370	11371	1997
chrM	11371	11372	1996
chrM	11372	11373	1996
chrM	11373	11374	1991
chrM	11374	11375	1997
chrM	11375	11376	2019
chrM	11376	11377	2270
chrM	11377	11378	2277
chrM	11378	11379	2384
chrM	11379	11380	2464
chrM	11380	11381	5828
chrM	11381	11382	5848
chrM	11382	11383	7368
chrM	11383	11384	8359
chrM	11384	11385	8499
chrM	11385	11386	8518
chrM	11386	11387	8689
chrM	11387	11388	8721
chrM	11388	11389	9932
chrM	11389	11390	10496
chrM	11390	11391	10576
chrM	11391	11392	10599
chrM	11392	11393	10657
chrM	11393	11394	10681
chrM	11394	11395	10810
chrM	11395	11396	11317
chrM	11396	11397	11607
chrM	11397	11398	11643
chrM	11398	11399	12102
chrM	11399	11400	13274
chrM	11400	11401	13279
chrM	11401	11402	13479
chrM	11402	11403	13795
chrM	11403	11404	13818
chrM	11404	11405	13884
chrM	11405	11406	14365
chrM	11406	11407	14611
chrM	11407	11408	14756
chrM	11408	11409	14817
chrM	11409	11410	14824
chrM	11410	11411	14867
chrM	11411	11412	14876
chrM	11412	11413	15265
chrM	11413	11414	15317
chrM	11414	11415	15326
chrM	11415	11416	15338
chrM	11416	11417	15374
chrM	11417	11418	15414
chrM	11418	11419	15418
chrM	11419	11420	15424
chrM	11420	11421	15438
chrM	11421	11422	15448
chrM	11422	11423	15507
chrM	11423	11424	15506
chrM	11424	11425	15502
chrM	11425	11426	15516
chrM	11426	11427	15774
chrM	11427	11428	15864
chrM	11428	11429	15853
chrM	11429	11430	15900
chrM	11430	11431	15954
chrM	11431	11432	16078
chrM	11432	11433	16140
chrM	11433	11434	16151
chrM	11434	11435	16188
chrM	11435	11436	16234
chrM	11436	11437	16309
chrM	11437	11438	16420
chrM	11438	11439	16527
chrM	11439	11440	16546
chrM	11440	11441	16560
chrM	11441	11442	16657
chrM	11442	11443	16804
chrM	11443	11444	16852
chrM	11444	11445	16888
chrM	11445	11446	16939
chrM	11446	11447	16964
chrM	11447	11448	16977
chrM	11448	11449	16985
chrM	11449	11450	17012
chrM	11450	11451	17019
chrM	11451	11452	17022
chrM	11452	11453	17350
chrM	11453	11454	17372
chrM	11454	11455	17447
chrM	11455	11456	17452
chrM	11456	11457	17458
chrM	11457	11458	17494
chrM	11458	11459	17500
chrM	11459	11460	17539
chrM	11460	11461	17551
chrM	11461	11462	17598
chrM	11462	11463	17602
chrM	11463	11464	17601
chrM	11464	11465	17626
chrM	11465	11466	17629
chrM	11466	11467	17749
chrM	11467	11468	17762
chrM	11468	11469	17763
chrM	11469	11470	17759
chrM	11470	11471	17757
chrM	11471	11472	17777
chrM	11472	11473	17789
chrM	11473	11474	17798
chrM	11474	11475	17800
chrM	11475	11476	17806
chrM	11476	11477	17806
chrM	11477	11478	17911
chrM	11478	11479	17916
chrM	11479	11480	17918
chrM	11480	11481	17918
chrM	11481	11482	17986
chrM	11482	11483	17993
chrM	11483	11484	17991
chrM	11484	11485	18030
chrM	11485	11486	18038
chrM	11486	11487	18045
chrM	11487	11488	18043
chrM	11488	11489	18041
chrM	11489	11490	18056
chrM	11490	11491	18131
chrM	11491	11492	18195
chrM	11492	11493	18316
chrM	11493	11494	18367
chrM	11494	11495	18420
chrM	11495	11496	18524
chrM	11496	11497	18524
chrM	11497	11498	18637
chrM	11498	11499	18632
chrM	11499	11500	18619
chrM	11500	11501	18610
chrM	11501	11502	18631
chrM	11502	11503	18718
chrM	11503	11504	18719
chrM	11504	11505	18723
chrM	11505	11506	18715
chrM	11506	11507	18784
chrM	11507	11508	18797
chrM	11508	11509	18794
chrM	11509	11510	18940
chrM	11510	11511	18932
chrM	11511	11512	18982
chrM	11512	11513	19126
chrM	11513	11514	19135
chrM	11514	11515	19139
chrM	11515	11516	19192
chrM	11516	11517	19194
chrM	11517	11518	19389
chrM	11518	11519	19392
chrM	11519	11520	19394
chrM	11520	11521	19415
chrM	11521	11522	19377
chrM	11522	11523	19327
chrM	11523	11524	19263
chrM	11524	11525	19261
chrM	11525	11526	19257
chrM	11526	11527	19269
chrM	11527	11528	19335
chrM	11528	11529	19335
chrM	11529	11530	19389
chrM	11530	11531	19294
chrM	11531	11532	19290
chrM	11532	11533	19251
chrM	11533	11534	19204
chrM	11534	11535	19058
chrM	11535	11536	19060
chrM	11536	11537	19094
chrM	11537	11538	18991
chrM	11538	11539	19055
chrM	11539	11540	19039
chrM	11540	11541	18898
chrM	11541	11542	18799
chrM	11542	11543	18311
chrM	11543	11544	18322
chrM	11544	11545	18625
chrM	11545	11546	18767
chrM	11546	11547	18761
chrM	11547	11548	18819
chrM	11548	11549	19422
chrM	11549	11550	19493
chrM	11550	11551	19474
chrM	11551	11552	19521
chrM	11552	11553	19580
chrM	11553	11554	19634
chrM	11554	11555	19636
chrM	11555	11556	19613
chrM	11556	11557	19609
chrM	11557	11558	19651
chrM	11558	11559	19424
chrM	11559	11560	19382
chrM	11560	11561	19385
chrM	11561	11562	19386
chrM	11562	11563	19602
chrM	11563	11564	19580
chrM	11564	11565	19555
chrM	11565	11566	19507
chrM	11566	11567	19493
chrM	11567	11568	19471
chrM	11568	11569	19260
chrM	11569	11570	19188
chrM	11570	11571	19207
chrM	11571	11572	19193
chrM	11572	11573	19112
chrM	11573	11574	19150
chrM	11574	11575	19309
chrM	11575	11576	19304
chrM	11576	11577	19294
chrM	11577	11578	19311
chrM	11578	11579	19348
chrM	11579	11580	19351
chrM	11580	11581	19288
chrM	11581	11582	19289
chrM	11582	11583	19310
chrM	11583	11584	19309
chrM	11584	11585	19644
chrM	11585	11586	19671
chrM	11586	11587	19686
chrM	11587	11588	19627
chrM	11588	11589	19658
chrM	11589	11590	19636
chrM	11590	11591	19737
chrM	11591	11592	19737
chrM	11592	11593	19718
chrM	11593	11594	19888
chrM	11594	11595	19873
chrM	11595	11596	19867
chrM	11596	11597	19890
chrM	11597	11598	19961
chrM	11598	11599	19989
chrM	11599	11600	19918
chrM	11600	11601	19904
chrM	11601	11602	20051
chrM	11602	11603	19918
chrM	11603	11604	20048
chrM	11604	11605	19846
chrM	11605	11606	19880
chrM	11606	11607	20102
chrM	11607	11608	20139
chrM	11608	11609	20140
chrM	11609	11610	20088
chrM	11610	11611	20093
chrM	11611	11612	20376
chrM	11612	11613	20417
chrM	11613	11614	20459
chrM	11614	11615	20532
chrM	11615	11616	20553
chrM	11616	11617	20519
chrM	11617	11618	20438
chrM	11618	11619	20443
chrM	11619	11620	20432
chrM	11620	11621	20599
chrM	11621	11622	20487
chrM	11622	11623	20394
chrM	11623	11624	20387
chrM	11624	11625	20382
chrM	11625	11626	20410
chrM	11626	11627	20418
chrM	11627	11628	20417
chrM	11628	11629	20413
chrM	11629	11630	20437
chrM	11630	11631	20434
chrM	11631	11632	20422
chrM	11632	11633	20475
chrM	11633	11634	20491
chrM	11634	11635	20498
chrM	11635	11636	20509
chrM	11636	11637	20537
chrM	11637	11638	20697
chrM	11638	11639	20701
chrM	11639	11640	20715
chrM	11640	11641	20736
chrM	11641	11642	20760
chrM	11642	11643	20712
chrM	11643	11644	20497
chrM	11644	11645	20486
chrM	11645	11646	20474
chrM	11646	11647	20452
chrM	11647	11648	20411
chrM	11648	11649	20433
chrM	11649	11650	20444
chrM	11650	11651	20440
chrM	11651	11652	20413
chrM	11652	11653	20326
chrM	11653	11654	20411
chrM	11654	11655	20408
chrM	11655	11656	20424
chrM	11656	11657	20419
chrM	11657	11658	20436
chrM	11658	11659	21733
chrM	11659	11660	21752
chrM	11660	11661	22425
chrM	11661	11662	22479
chrM	11662	11663	22467
chrM	11663	11664	22502
chrM	11664	11665	22349
chrM	11665	11666	23187
chrM	11666	11667	23534
chrM	11667	11668	23567
chrM	11668	11669	23780
chrM	11669	11670	23803
chrM	11670	11671	23814
chrM	11671	11672	24548
chrM	11672	11673	24648
chrM	11673	11674	24720
chrM	11674	11675	24701
chrM	11675	11676	24708
chrM	11676	11677	25197
chrM	11677	11678	25265
chrM	11678	11679	25257
chrM	11679	11680	25282
chrM	11680	11681	25564
chrM	11681	11682	25542
chrM	11682	11683	25518
chrM	11683	11684	25423
chrM	11684	11685	25443
chrM	11685	11686	25482
chrM	11686	11687	25506
chrM	11687	11688	25440
chrM	11688	11689	25441
chrM	11689	11690	25516
chrM	11690	11691	25512
chrM	11691	11692	25407
chrM	11692	11693	25328
chrM	11693	11694	25359
chrM	11694	11695	25370
chrM	11695	11696	25372
chrM	11696	11697	25400
chrM	11697	11698	25395
chrM	11698	11699	25386
chrM	11699	11700	25372
chrM	11700	11701	25295
chrM	11701	11702	25413
chrM	11702	11703	25380
chrM	11703	11704	25327
chrM	11704	11705	25273
chrM	11705	11706	25221
chrM	11706	11707	25167
chrM	11707	11708	25130
chrM	11708	11709	24971
chrM	11709	11710	25017
chrM	11710	11711	25034
chrM	11711	11712	24957
chrM	11712	11713	24679
chrM	11713	11714	24690
chrM	11714	11715	24691
chrM	11715	11716	24587
chrM	11716	11717	24544
chrM	11717	11718	24556
chrM	11718	11719	24500
chrM	11719	11720	24419
chrM	11720	11721	24441
chrM	11721	11722	24451
chrM	11722	11723	24471
chrM	11723	11724	24558
chrM	11724	11725	24562
chrM	11725	11726	24550
chrM	11726	11727	24609
chrM	11727	11728	24601
chrM	11728	11729	24580
chrM	11729	11730	24750
chrM	11730	11731	24681
chrM	11731	11732	24607
chrM	11732	11733	24600
chrM	11733	11734	24512
chrM	11734	11735	24517
chrM	11735	11736	24504
chrM	11736	11737	24479
chrM	11737	11738	24470
chrM	11738	11739	24444
chrM	11739	11740	24425
chrM	11740	11741	24438
chrM	11741	11742	24466
chrM	11742	11743	24694
chrM	11743	11744	24680
chrM	11744	11745	24694
chrM	11745	11746	24669
chrM	11746	11747	24576
chrM	11747	11748	24565
chrM	11748	11749	24522
chrM	11749	11750	24441
chrM	11750	11751	24408
chrM	11751	11752	24517
chrM	11752	11753	24575
chrM	11753	11754	24498
chrM	11754	11755	24490
chrM	11755	11756	24178
chrM	11756	11757	24201
chrM	11757	11758	24090
chrM	11758	11759	23987
chrM	11759	11760	24041
chrM	11760	11761	23836
chrM	11761	11762	23765
chrM	11762	11763	22958
chrM	11763	11764	23157
chrM	11764	11765	23207
chrM	11765	11766	23202
chrM	11766	11767	23208
chrM	11767	11768	23111
chrM	11768	11769	23100
chrM	11769	11770	23129
chrM	11770	11771	23176
chrM	11771	11772	23407
chrM	11772	11773	23437
chrM	11773	11774	23433
chrM	11774	11775	23439
chrM	11775	11776	23342
chrM	11776	11777	23749
chrM	11777	11778	23743
chrM	11778	11779	23750
chrM	11779	11780	24009
chrM	11780	11781	24080
chrM	11781	11782	24060
chrM	11782	11783	23930
chrM	11783	11784	23896
chrM	11784	11785	23600
chrM	11785	11786	23550
chrM	11786	11787	22736
chrM	11787	11788	22728
chrM	11788	11789	22739
chrM	11789	11790	22721
chrM	11790	11791	22693
chrM	11791	11792	22598
chrM	11792	11793	22545
chrM	11793	11794	22611
chrM	11794	11795	22620
chrM	11795	11796	22688
chrM	11796	11797	22693
chrM	11797	11798	22635
chrM	11798	11799	22673
chrM	11799	11800	22662
chrM	11800	11801	23483
chrM	11801	11802	23482
chrM	11802	11803	23622
chrM	11803	11804	23631
chrM	11804	11805	23685
chrM	11805	11806	23787
chrM	11806	11807	23816
chrM	11807	11808	23865
chrM	11808	11809	23894
chrM	11809	11810	24151
chrM	11810	11811	24111
chrM	11811	11812	24108
chrM	11812	11813	24146
chrM	11813	11814	24155
chrM	11814	11815	24317
chrM	11815	11816	24296
chrM	11816	11817	24114
chrM	11817	11818	24085
chrM	11818	11819	23975
chrM	11819	11820	24017
chrM	11820	11821	24008
chrM	11821	11822	24020
chrM	11822	11823	23880
chrM	11823	11824	23710
chrM	11824	11825	23573
chrM	11825	11826	22979
chrM	11826	11827	22886
chrM	11827	11828	22968
chrM	11828	11829	23156
chrM	11829	11830	22993
chrM	11830	11831	22897
chrM	11831	11832	22794
chrM	11832	11833	22025
chrM	11833	11834	22014
chrM	11834	11835	21964
chrM	11835	11836	22132
chrM	11836	11837	22104
chrM	11837	11838	22077
chrM	11838	11839	21996
chrM	11839	11840	22083
chrM	11840	11841	22104
chrM	11841	11842	22102
chrM	11842	11843	22078
chrM	11843	11844	22437
chrM	11844	11845	22448
chrM	11845	11846	22425
chrM	11846	11847	22358
chrM	11847	11848	22345
chrM	11848	11849	22890
chrM	11849	11850	22711
chrM	11850	11851	22611
chrM	11851	11852	22467
chrM	11852	11853	22558
chrM	11853	11854	22454
chrM	11854	11855	21782
chrM	11855	11856	21728
chrM	11856	11857	21546
chrM	11857	11858	21546
chrM	11858	11859	20709
chrM	11859	11860	20588
chrM	11860	11861	20550
chrM	11861	11862	20587
chrM	11862	11863	20560
chrM	11863	11864	20307
chrM	11864	11865	20264
chrM	11865	11866	20408
chrM	11866	11867	20484
chrM	11867	11868	20521
chrM	11868	11869	20615
chrM	11869	11870	20767
chrM	11870	11871	20972
chrM	11871	11872	21091
chrM	11872	11873	21338
chrM	11873	11874	21299
chrM	11874	11875	21264
chrM	11875	11876	21285
chrM	11876	11877	21279
chrM	11877	11878	21288
chrM	11878	11879	21401
chrM	11879	11880	21474
chrM	11880	11881	21616
chrM	11881	11882	21630
chrM	11882	11883	21626
chrM	11883	11884	21679
chrM	11884	11885	21732
chrM	11885	11886	21813
chrM	11886	11887	21860
chrM	11887	11888	21857
chrM	11888	11889	21934
chrM	11889	11890	21872
chrM	11890	11891	22169
chrM	11891	11892	22718
chrM	11892	11893	22711
chrM	11893	11894	21797
chrM	11894	11895	21585
chrM	11895	11896	21583
chrM	11896	11897	21568
chrM	11897	11898	21540
chrM	11898	11899	21552
chrM	11899	11900	21552
chrM	11900	11901	21544
chrM	11901	11902	21148
chrM	11902	11903	21157
chrM	11903	11904	21161
chrM	11904	11905	21155
chrM	11905	11906	21142
chrM	11906	11907	20963
chrM	11907	11908	20790
chrM	11908	11909	20782
chrM	11909	11910	20784
chrM	11910	11911	20783
chrM	11911	11912	20781
chrM	11912	11913	20781
chrM	11913	11914	20824
chrM	11914	11915	20884
chrM	11915	11916	20902
chrM	11916	11917	20909
chrM	11917	11918	21211
chrM	11918	11919	21083
chrM	11919	11920	21194
chrM	11920	11921	21264
chrM	11921	11922	21230
chrM	11922	11923	21220
chrM	11923	11924	20707
chrM	11924	11925	20737
chrM	11925	11926	20454
chrM	11926	11927	20434
chrM	11927	11928	20439
chrM	11928	11929	20410
chrM	11929	11930	20613
chrM	11930	11931	20558
chrM	11931	11932	20582
chrM	11932	11933	20609
chrM	11933	11934	20567
chrM	11934	11935	20584
chrM	11935	11936	20440
chrM	11936	11937	20495
chrM	11937	11938	20499
chrM	11938	11939	20469
chrM	11939	11940	20571
chrM	11940	11941	20594
chrM	11941	11942	20580
chrM	11942	11943	20574
chrM	11943	11944	20547
chrM	11944	11945	20505
chrM	11945	11946	20826
chrM	11946	11947	21112
chrM	11947	11948	21144
chrM	11948	11949	21153
chrM	11949	11950	21135
chrM	11950	11951	20882
chrM	11951	11952	20918
chrM	11952	11953	20919
chrM	11953	11954	20913
chrM	11954	11955	20915
chrM	11955	11956	21507
chrM	11956	11957	21536
chrM	11957	11958	21449
chrM	11958	11959	21371
chrM	11959	11960	21277
chrM	11960	11961	21001
chrM	11961	11962	20878
chrM	11962	11963	20665
chrM	11963	11964	20752
chrM	11964	11965	20771
chrM	11965	11966	20674
chrM	11966	11967	20737
chrM	11967	11968	20797
chrM	11968	11969	20877
chrM	11969	11970	21021
chrM	11970	11971	20883
chrM	11971	11972	20893
chrM	11972	11973	20979
chrM	11973	11974	20983
chrM	11974	11975	21260
chrM	11975	11976	21188
chrM	11976	11977	21325
chrM	11977	11978	21211
chrM	11978	11979	21193
chrM	11979	11980	21395
chrM	11980	11981	21278
chrM	11981	11982	21294
chrM	11982	11983	21286
chrM	11983	11984	20998
chrM	11984	11985	20980
chrM	11985	11986	21015
chrM	11986	11987	21501
chrM	11987	11988	21477
chrM	11988	11989	21484
chrM	11989	11990	21476
chrM	11990	11991	21488
chrM	11991	11992	21545
chrM	11992	11993	21545
chrM	11993	11994	21729
chrM	11994	11995	21725
chrM	11995	11996	21757
chrM	11996	11997	21734
chrM	11997	11998	21764
chrM	11998	11999	21808
chrM	11999	12000	21757
chrM	12000	12001	22490
chrM	12001	12002	21712
chrM	12002	12003	21734
chrM	12003	12004	22030
chrM	12004	12005	22098
chrM	12005	12006	22094
chrM	12006	12007	22041
chrM	12007	12008	22092
chrM	12008	12009	22083
chrM	12009	12010	22133
chrM	12010	12011	22075
chrM	12011	12012	22067
chrM	12012	12013	22096
chrM	12013	12014	22006
chrM	12014	12015	22330
chrM	12015	12016	22147
chrM	12016	12017	22134
chrM	12017	12018	22126
chrM	12018	12019	22091
chrM	12019	12020	22190
chrM	12020	12021	22243
chrM	12021	12022	22244
chrM	12022	12023	22272
chrM	12023	12024	22231
chrM	12024	12025	22226
chrM	12025	12026	21760
chrM	12026	12027	21755
chrM	12027	12028	21756
chrM	12028	12029	21801
chrM	12029	12030	21778
chrM	12030	12031	21760
chrM	12031	12032	21746
chrM	12032	12033	21725
chrM	12033	12034	21742
chrM	12034	12035	21773
chrM	12035	12036	21732
chrM	12036	12037	21744
chrM	12037	12038	21755
chrM	12038	12039	21770
chrM	12039	12040	21787
chrM	12040	12041	21834
chrM	12041	12042	21903
chrM	12042	12043	21961
chrM	12043	12044	21952
chrM	12044	12045	21943
chrM	12045	12046	21946
chrM	12046	12047	22326
chrM	12047	12048	22324
chrM	12048	12049	22325
chrM	12049	12050	22567
chrM	12050	12051	22618
chrM	12051	12052	22623
chrM	12052	12053	22594
chrM	12053	12054	22591
chrM	12054	12055	22587
chrM	12055	12056	22585
chrM	12056	12057	22613
chrM	12057	12058	22616
chrM	12058	12059	22637
chrM	12059	12060	22719
chrM	12060	12061	22906
chrM	12061	12062	22840
chrM	12062	12063	22844
chrM	12063	12064	23016
chrM	12064	12065	23207
chrM	12065	12066	23216
chrM	12066	12067	23198
chrM	12067	12068	23170
chrM	12068	12069	23170
chrM	12069	12070	23168
chrM	12070	12071	23286
chrM	12071	12072	23279
chrM	12072	12073	23270
chrM	12073	12074	23269
chrM	12074	12075	23334
chrM	12075	12076	23333
chrM	12076	12077	23307
chrM	12077	12078	23302
chrM	12078	12079	23291
chrM	12079	12080	23167
chrM	12080	12081	22574
chrM	12081	12082	22550
chrM	12082	12083	22544
chrM	12083	12084	22544
chrM	12084	12085	22529
chrM	12085	12086	22528
chrM	12086	12087	22613
chrM	12087	12088	22674
chrM	12088	12089	22709
chrM	12089	12090	22716
chrM	12090	12091	22685
chrM	12091	12092	23042
chrM	12092	12093	23116
chrM	12093	12094	23118
chrM	12094	12095	23028
chrM	12095	12096	22688
chrM	12096	12097	22435
chrM	12097	12098	21943
chrM	12098	12099	21937
chrM	12099	12100	21955
chrM	12100	12101	21959
chrM	12101	12102	21838
chrM	12102	12103	21803
chrM	12103	12104	21804
chrM	12104	12105	21761
chrM	12105	12106	21668
chrM	12106	12107	21583
chrM	12107	12108	21193
chrM	12108	12109	20981
chrM	12109	12110	20957
chrM	12110	12111	20798
chrM	12111	12112	20775
chrM	12112	12113	20650
chrM	12113	12114	20594
chrM	12114	12115	20749
chrM	12115	12116	20699
chrM	12116	12117	20352
chrM	12117	12118	20306
chrM	12118	12119	18275
chrM	12119	12120	18313
chrM	12120	12121	18308
chrM	12121	12122	19116
chrM	12122	12123	19240
chrM	12123	12124	19357
chrM	12124	12125	19498
chrM	12125	12126	19491
chrM	12126	12127	19488
chrM	12127	12128	19574
chrM	12128	12129	19613
chrM	12129	12130	19601
chrM	12130	12131	19536
chrM	12131	12132	19370
chrM	12132	12133	19368
chrM	12133	12134	19358
chrM	12134	12135	19347
chrM	12135	12136	19369
chrM	12136	12137	19380
chrM	12137	12138	19224
chrM	12138	12139	19252
chrM	12139	12140	19270
chrM	12140	12141	19258
chrM	12141	12142	19248
chrM	12142	12143	19285
chrM	12143	12144	19440
chrM	12144	12145	19486
chrM	12145	12146	19639
chrM	12146	12147	19623
chrM	12147	12148	19581
chrM	12148	12149	19567
chrM	12149	12150	19693
chrM	12150	12151	19694
chrM	12151	12152	19686
chrM	12152	12153	19656
chrM	12153	12154	19559
chrM	12154	12155	19554
chrM	12155	12156	19531
chrM	12156	12157	19548
chrM	12157	12158	19561
chrM	12158	12159	19550
chrM	12159	12160	19647
chrM	12160	12161	19452
chrM	12161	12162	19470
chrM	12162	12163	19466
chrM	12163	12164	19415
chrM	12164	12165	19387
chrM	12165	12166	19368
chrM	12166	12167	19320
chrM	12167	12168	19298
chrM	12168	12169	19261
chrM	12169	12170	19252
chrM	12170	12171	18754
chrM	12171	12172	18807
chrM	12172	12173	18807
chrM	12173	12174	18662
chrM	12174	12175	18600
chrM	12175	12176	18510
chrM	12176	12177	18509
chrM	12177	12178	18521
chrM	12178	12179	18553
chrM	12179	12180	18551
chrM	12180	12181	18680
chrM	12181	12182	18693
chrM	12182	12183	18836
chrM	12183	12184	18862
chrM	12184	12185	18859
chrM	12185	12186	18722
chrM	12186	12187	18585
chrM	12187	12188	18642
chrM	12188	12189	18616
chrM	12189	12190	18611
chrM	12190	12191	18633
chrM	12191	12192	18503
chrM	12192	12193	18415
chrM	12193	12194	18243
chrM	12194	12195	18223
chrM	12195	12196	18230
chrM	12196	12197	18309
chrM	12197	12198	18332
chrM	12198	12199	18326
chrM	12199	12200	18213
chrM	12200	12201	18225
chrM	12201	12202	18217
chrM	12202	12203	18197
chrM	12203	12204	18132
chrM	12204	12205	18065
chrM	12205	12206	18051
chrM	12206	12207	17300
chrM	12207	12208	17186
chrM	12208	12209	17188
chrM	12209	12210	17190
chrM	12210	12211	17184
chrM	12211	12212	17115
chrM	12212	12213	17061
chrM	12213	12214	17005
chrM	12214	12215	17006
chrM	12215	12216	17022
chrM	12216	12217	17032
chrM	12217	12218	17058
chrM	12218	12219	17070
chrM	12219	12220	17103
chrM	12220	12221	17080
chrM	12221	12222	17082
chrM	12222	12223	17075
chrM	12223	12224	17111
chrM	12224	12225	17091
chrM	12225	12226	17067
chrM	12226	12227	17060
chrM	12227	12228	16967
chrM	12228	12229	16969
chrM	12229	12230	16971
chrM	12230	12231	16945
chrM	12231	12232	16956
chrM	12232	12233	16961
chrM	12233	12234	16951
chrM	12234	12235	16946
chrM	12235	12236	17077
chrM	12236	12237	17290
chrM	12237	12238	17312
chrM	12238	12239	17287
chrM	12239	12240	17304
chrM	12240	12241	17515
chrM	12241	12242	17846
chrM	12242	12243	17847
chrM	12243	12244	17819
chrM	12244	12245	17810
chrM	12245	12246	17871
chrM	12246	12247	17918
chrM	12247	12248	17902
chrM	12248	12249	17897
chrM	12249	12250	17879
chrM	12250	12251	17808
chrM	12251	12252	17791
chrM	12252	12253	17759
chrM	12253	12254	17732
chrM	12254	12255	17712
chrM	12255	12256	17731
chrM	12256	12257	16709
chrM	12257	12258	16700
chrM	12258	12259	16629
chrM	12259	12260	16623
chrM	12260	12261	16659
chrM	12261	12262	16545
chrM	12262	12263	16501
chrM	12263	12264	16427
chrM	12264	12265	16424
chrM	12265	12266	16362
chrM	12266	12267	16092
chrM	12267	12268	16004
chrM	12268	12269	15907
chrM	12269	12270	15909
chrM	12270	12271	15888
chrM	12271	12272	15887
chrM	12272	12273	16268
chrM	12273	12274	16030
chrM	12274	12275	15855
chrM	12275	12276	15619
chrM	12276	12277	15501
chrM	12277	12278	15444
chrM	12278	12279	15435
chrM	12279	12280	15409
chrM	12280	12281	15267
chrM	12281	12282	15040
chrM	12282	12283	13717
chrM	12283	12284	13687
chrM	12284	12285	13663
chrM	12285	12286	13670
chrM	12286	12287	13792
chrM	12287	12288	13656
chrM	12288	12289	13569
chrM	12289	12290	13548
chrM	12290	12291	13552
chrM	12291	12292	13646
chrM	12292	12293	13647
chrM	12293	12294	13583
chrM	12294	12295	13545
chrM	12295	12296	13493
chrM	12296	12297	13483
chrM	12297	12298	13234
chrM	12298	12299	13231
chrM	12299	12300	13282
chrM	12300	12301	13399
chrM	12301	12302	13355
chrM	12302	12303	13369
chrM	12303	12304	13342
chrM	12304	12305	13338
chrM	12305	12306	13336
chrM	12306	12307	13227
chrM	12307	12308	13219
chrM	12308	12309	13203
chrM	12309	12310	13197
chrM	12310	12311	12997
chrM	12311	12312	12972
chrM	12312	12313	12921
chrM	12313	12314	12884
chrM	12314	12315	12859
chrM	12315	12316	12836
chrM	12316	12317	12679
chrM	12317	12318	12592
chrM	12318	12319	12587
chrM	12319	12320	12589
chrM	12320	12321	12600
chrM	12321	12322	12547
chrM	12322	12323	12528
chrM	12323	12324	12525
chrM	12324	12325	12524
chrM	12325	12326	12521
chrM	12326	12327	12523
chrM	12327	12328	12527
chrM	12328	12329	12525
chrM	12329	12330	12519
chrM	12330	12331	12510
chrM	12331	12332	12506
chrM	12332	12333	12510
chrM	12333	12334	12507
chrM	12334	12335	12522
chrM	12335	12336	12524
chrM	12336	12337	12527
chrM	12337	12338	12525
chrM	12338	12339	12522
chrM	12339	12340	12516
chrM	12340	12341	12499
chrM	12341	12342	12496
chrM	12342	12343	12417
chrM	12343	12344	12419
chrM	12344	12345	12421
chrM	12345	12346	12401
chrM	12346	12347	12094
chrM	12347	12348	11930
chrM	12348	12349	11875
chrM	12349	12350	11846
chrM	12350	12351	11822
chrM	12351	12352	11822
chrM	12352	12353	11795
chrM	12353	12354	11676
chrM	12354	12355	11558
chrM	12355	12356	11546
chrM	12356	12357	11511
chrM	12357	12358	11508
chrM	12358	12359	11502
chrM	12359	12360	11497
chrM	12360	12361	11492
chrM	12361	12362	11457
chrM	12362	12363	11450
chrM	12363	12364	11446
chrM	12364	12365	11447
chrM	12365	12366	11417
chrM	12366	12367	11413
chrM	12367	12368	11393
chrM	12368	12369	11391
chrM	12369	12370	11387
chrM	12370	12371	11375
chrM	12371	12372	11359
chrM	12372	12373	11286
chrM	12373	12374	11230
chrM	12374	12375	11157
chrM	12375	12376	11142
chrM	12376	12377	11139
chrM	12377	12378	11136
chrM	12378	12379	11097
chrM	12379	12380	11042
chrM	12380	12381	10500
chrM	12381	12382	10498
chrM	12382	12383	10493
chrM	12383	12384	10455
chrM	12384	12385	10406
chrM	12385	12386	10324
chrM	12386	12387	10272
chrM	12387	12388	10240
chrM	12388	12389	10231
chrM	12389	12390	10218
chrM	12390	12391	10178
chrM	12391	12392	9482
chrM	12392	12393	9160
chrM	12393	12394	9111
chrM	12394	12395	9081
chrM	12395	12396	8505
chrM	12396	12397	8471
chrM	12397	12398	7764
chrM	12398	12399	7751
chrM	12399	12400	7615
chrM	12400	12401	7546
chrM	12401	12402	7471
chrM	12402	12403	7380
chrM	12403	12404	7288
chrM	12404	12405	7217
chrM	12405	12406	7107
chrM	12406	12407	7078
chrM	12407	12408	6971
chrM	12408	12409	6789
chrM	12409	12410	6665
chrM	12410	12411	6406
chrM	12411	12412	6167
chrM	12412	12413	6136
chrM	12413	12414	6102
chrM	12414	12415	5991
chrM	12415	12416	5527
chrM	12416	12417	5360
chrM	12417	12418	5304
chrM	12418	12419	5287
chrM	12419	12420	5276
chrM	12420	12421	5140
chrM	12421	12422	4965
chrM	12422	12423	4882
chrM	12423	12424	4810
chrM	12424	12425	4703
chrM	12425	12426	4579
chrM	12426	12427	4419
chrM	12427	12428	4412
chrM	12428	12429	4411
chrM	12429	12430	4409
chrM	12430	12431	4396
chrM	12431	12432	4319
chrM	12432	12433	4313
chrM	12433	12434	4303
chrM	12434	12435	4297
chrM	12435	12436	4296
chrM	12436	12437	4271
chrM	12437	12438	4261
chrM	12438	12439	4248
chrM	12439	12440	4244
chrM	12440	12441	4242
chrM	12441	12442	4147
chrM	12442	12443	4132
chrM	12443	12444	4102
chrM	12444	12445	4095
chrM	12445	12446	4093
chrM	12446	12447	4063
chrM	12447	12448	3958
chrM	12448	12449	3793
chrM	12449	12450	3756
chrM	12450	12451	3713
chrM	12451	12452	3685
chrM	12452	12453	3573
chrM	12453	12454	3557
chrM	12454	12455	3556
chrM	12455	12456	3471
chrM	12456	12457	3434
chrM	12457	12458	3304
chrM	12458	12459	3299
chrM	12459	12460	3290
chrM	12460	12461	3276
chrM	12461	12462	3192
chrM	12462	12463	3047
chrM	12463	12464	3026
chrM	12464	12465	3018
chrM	12465	12466	2994
chrM	12466	12467	2951
chrM	12467	12468	2931
chrM	12468	12469	2930
chrM	12469	12470	2914
chrM	12470	12471	2903
chrM	12471	12472	2809
chrM	12472	12473	2119
chrM	12473	12474	2132
chrM	12474	12475	2128
chrM	12475	12476	2123
chrM	12476	12477	2064
chrM	12477	12478	1955
chrM	12478	12479	1954
chrM	12479	12480	1876
chrM	12480	12481	1866
chrM	12481	12482	1863
chrM	12482	12483	1862
chrM	12483	12484	1865
chrM	12484	12485	1865
chrM	12485	12486	1871
chrM	12486	12487	1863
chrM	12487	12488	1863
chrM	12488	12489	1840
chrM	12489	12490	1839
chrM	12490	12491	1843
chrM	12491	12492	1845
chrM	12492	12493	1854
chrM	12493	12494	1853
chrM	12494	12495	1787
chrM	12495	12496	1783
chrM	12496	12497	1779
chrM	12497	12498	1777
chrM	12498	12499	1764
chrM	12499	12500	1765
chrM	12500	12501	1769
chrM	12501	12502	1769
chrM	12502	12503	1769
chrM	12503	12504	1769
chrM	12504	12505	1771
chrM	12505	12506	1771
chrM	12506	12507	1772
chrM	12507	12508	1772
chrM	12508	12509	1775
chrM	12509	12510	1776
chrM	12510	12511	1775
chrM	12511	12512	1775
chrM	12512	12513	1775
chrM	12513	12514	1776
chrM	12514	12515	1779
chrM	12515	12516	1779
chrM	12516	12517	1779
chrM	12517	12518	1778
chrM	12518	12519	1778
chrM	12519	12520	1776
chrM	12520	12521	1776
chrM	12521	12522	1777
chrM	12522	12523	1776
chrM	12523	12524	1776
chrM	12524	12525	1775
chrM	12525	12526	1769
chrM	12526	12527	1769
chrM	12527	12528	1767
chrM	12528	12529	1766
chrM	12529	12530	1767
chrM	12530	12531	1768
chrM	12531	12532	1768
chrM	12532	12533	1767
chrM	12533	12534	1771
chrM	12534	12535	1771
chrM	12535	12536	1770
chrM	12536	12537	1772
chrM	12537	12538	1768
chrM	12538	12539	1781
chrM	12539	12540	1778
chrM	12540	12541	1781
chrM	12541	12542	1780
chrM	12542	12543	1781
chrM	12543	12544	1782
chrM	12544	12545	1783
chrM	12545	12546	1784
chrM	12546	12547	1788
chrM	12547	12548	1790
chrM	12548	12549	1795
chrM	12549	12550	1795
chrM	12550	12551	1796
chrM	12551	12552	1801
chrM	12552	12553	1809
chrM	12553	12554	1807
chrM	12554	12555	1805
chrM	12555	12556	1806
chrM	12556	12557	1806
chrM	12557	12558	1806
chrM	12558	12559	1823
chrM	12559	12560	1830
chrM	12560	12561	1835
chrM	12561	12562	1834
chrM	12562	12563	1830
chrM	12563	12564	1832
chrM	12564	12565	1841
chrM	12565	12566	1843
chrM	12566	12567	1851
chrM	12567	12568	1851
chrM	12568	12569	1850
chrM	12569	12570	1891
chrM	12570	12571	1975
chrM	12571	12572	2048
chrM	12572	12573	2053
chrM	12573	12574	2067
chrM	12574	12575	2079
chrM	12575	12576	2125
chrM	12576	12577	2421
chrM	12577	12578	2425
chrM	12578	12579	2480
chrM	12579	12580	2498
chrM	12580	12581	2514
chrM	12581	12582	2633
chrM	12582	12583	2986
chrM	12583	12584	3094
chrM	12584	12585	3106
chrM	12585	12586	3115
chrM	12586	12587	3118
chrM	12587	12588	3134
chrM	12588	12589	3140
chrM	12589	12590	3145
chrM	12590	12591	3145
chrM	12591	12592	3144
chrM	12592	12593	3146
chrM	12593	12594	3209
chrM	12594	12595	3209
chrM	12595	12596	3211
chrM	12596	12597	3213
chrM	12597	12598	3213
chrM	12598	12599	3216
chrM	12599	12600	3215
chrM	12600	12601	3222
chrM	12601	12602	3221
chrM	12602	12603	3222
chrM	12603	12604	3210
chrM	12604	12605	3210
chrM	12605	12606	3211
chrM	12606	12607	3212
chrM	12607	12608	3213
chrM	12608	12609	3212
chrM	12609	12610	3212
chrM	12610	12611	3213
chrM	12611	12612	3210
chrM	12612	12613	3214
chrM	12613	12614	3216
chrM	12614	12615	3224
chrM	12615	12616	3292
chrM	12616	12617	3321
chrM	12617	12618	3327
chrM	12618	12619	3323
chrM	12619	12620	3400
chrM	12620	12621	3412
chrM	12621	12622	3463
chrM	12622	12623	3614
chrM	12623	12624	3643
chrM	12624	12625	3707
chrM	12625	12626	3714
chrM	12626	12627	3723
chrM	12627	12628	3726
chrM	12628	12629	3755
chrM	12629	12630	3877
chrM	12630	12631	3878
chrM	12631	12632	3884
chrM	12632	12633	3871
chrM	12633	12634	3884
chrM	12634	12635	3882
chrM	12635	12636	3894
chrM	12636	12637	3894
chrM	12637	12638	3894
chrM	12638	12639	3895
chrM	12639	12640	3913
chrM	12640	12641	3914
chrM	12641	12642	3984
chrM	12642	12643	3992
chrM	12643	12644	3994
chrM	12644	12645	3994
chrM	12645	12646	3992
chrM	12646	12647	3993
chrM	12647	12648	3994
chrM	12648	12649	3997
chrM	12649	12650	3996
chrM	12650	12651	3995
chrM	12651	12652	3997
chrM	12652	12653	3997
chrM	12653	12654	3999
chrM	12654	12655	4006
chrM	12655	12656	4012
chrM	12656	12657	4012
chrM	12657	12658	4012
chrM	12658	12659	4012
chrM	12659	12660	4011
chrM	12660	12661	4021
chrM	12661	12662	4023
chrM	12662	12663	4024
chrM	12663	12664	4025
chrM	12664	12665	4032
chrM	12665	12666	4039
chrM	12666	12667	4039
chrM	12667	12668	4045
chrM	12668	12669	4046
chrM	12669	12670	4046
chrM	12670	12671	4066
chrM	12671	12672	4066
chrM	12672	12673	4080
chrM	12673	12674	4078
chrM	12674	12675	4078
chrM	12675	12676	4093
chrM	12676	12677	4092
chrM	12677	12678	4092
chrM	12678	12679	4091
chrM	12679	12680	4092
chrM	12680	12681	4091
chrM	12681	12682	4090
chrM	12682	12683	4088
chrM	12683	12684	4087
chrM	12684	12685	4088
chrM	12685	12686	4081
chrM	12686	12687	4073
chrM	12687	12688	4088
chrM	12688	12689	4083
chrM	12689	12690	4084
chrM	12690	12691	4075
chrM	12691	12692	4073
chrM	12692	12693	4076
chrM	12693	12694	4076
chrM	12694	12695	4075
chrM	12695	12696	4073
chrM	12696	12697	4078
chrM	12697	12698	4077
chrM	12698	12699	4073
chrM	12699	12700	4070
chrM	12700	12701	4070
chrM	12701	12702	4072
chrM	12702	12703	4081
chrM	12703	12704	4079
chrM	12704	12705	4074
chrM	12705	12706	4075
chrM	12706	12707	4109
chrM	12707	12708	4114
chrM	12708	12709	4111
chrM	12709	12710	4108
chrM	12710	12711	4109
chrM	12711	12712	4127
chrM	12712	12713	4116
chrM	12713	12714	4114
chrM	12714	12715	4114
chrM	12715	12716	4114
chrM	12716	12717	4112
chrM	12717	12718	4066
chrM	12718	12719	4069
chrM	12719	12720	4068
chrM	12720	12721	4069
chrM	12721	12722	4068
chrM	12722	12723	4039
chrM	12723	12724	4039
chrM	12724	12725	4041
chrM	12725	12726	4041
chrM	12726	12727	4044
chrM	12727	12728	4043
chrM	12728	12729	4040
chrM	12729	12730	4051
chrM	12730	12731	4050
chrM	12731	12732	4050
chrM	12732	12733	4048
chrM	12733	12734	4045
chrM	12734	12735	4051
chrM	12735	12736	4054
chrM	12736	12737	4050
chrM	12737	12738	4039
chrM	12738	12739	4038
chrM	12739	12740	4004
chrM	12740	12741	4003
chrM	12741	12742	3998
chrM	12742	12743	4005
chrM	12743	12744	4005
chrM	12744	12745	4001
chrM	12745	12746	3999
chrM	12746	12747	3919
chrM	12747	12748	3919
chrM	12748	12749	3918
chrM	12749	12750	3913
chrM	12750	12751	3913
chrM	12751	12752	3907
chrM	12752	12753	3906
chrM	12753	12754	3892
chrM	12754	12755	3892
chrM	12755	12756	3889
chrM	12756	12757	3879
chrM	12757	12758	3878
chrM	12758	12759	3865
chrM	12759	12760	3861
chrM	12760	12761	3858
chrM	12761	12762	3854
chrM	12762	12763	3849
chrM	12763	12764	3806
chrM	12764	12765	3806
chrM	12765	12766	3760
chrM	12766	12767	3727
chrM	12767	12768	3720
chrM	12768	12769	3709
chrM	12769	12770	3699
chrM	12770	12771	3666
chrM	12771	12772	3535
chrM	12772	12773	3523
chrM	12773	12774	3522
chrM	12774	12775	3472
chrM	12775	12776	3428
chrM	12776	12777	3325
chrM	12777	12778	3317
chrM	12778	12779	3215
chrM	12779	12780	3202
chrM	12780	12781	3189
chrM	12781	12782	3180
chrM	12782	12783	3175
chrM	12783	12784	3159
chrM	12784	12785	3151
chrM	12785	12786	3003
chrM	12786	12787	2859
chrM	12787	12788	2833
chrM	12788	12789	2824
chrM	12789	12790	2811
chrM	12790	12791	2811
chrM	12791	12792	2809
chrM	12792	12793	2784
chrM	12793	12794	2784
chrM	12794	12795	2758
chrM	12795	12796	2757
chrM	12796	12797	2749
chrM	12797	12798	2747
chrM	12798	12799	2741
chrM	12799	12800	2736
chrM	12800	12801	2736
chrM	12801	12802	2734
chrM	12802	12803	2729
chrM	12803	12804	2723
chrM	12804	12805	2721
chrM	12805	12806	2720
chrM	12806	12807	2719
chrM	12807	12808	2705
chrM	12808	12809	2699
chrM	12809	12810	2691
chrM	12810	12811	2689
chrM	12811	12812	2688
chrM	12812	12813	2682
chrM	12813	12814	2681
chrM	12814	12815	2653
chrM	12815	12816	2642
chrM	12816	12817	2637
chrM	12817	12818	2632
chrM	12818	12819	2632
chrM	12819	12820	2630
chrM	12820	12821	2622
chrM	12821	12822	2622
chrM	12822	12823	2621
chrM	12823	12824	2615
chrM	12824	12825	2608
chrM	12825	12826	2604
chrM	12826	12827	2597
chrM	12827	12828	2592
chrM	12828	12829	2586
chrM	12829	12830	2581
chrM	12830	12831	2564
chrM	12831	12832	2562
chrM	12832	12833	2561
chrM	12833	12834	2560
chrM	12834	12835	2542
chrM	12835	12836	2538
chrM	12836	12837	2519
chrM	12837	12838	2515
chrM	12838	12839	2514
chrM	12839	12840	2502
chrM	12840	12841	2454
chrM	12841	12842	2450
chrM	12842	12843	2449
chrM	12843	12844	2436
chrM	12844	12845	2427
chrM	12845	12846	2421
chrM	12846	12847	2419
chrM	12847	12848	2408
chrM	12848	12849	2311
chrM	12849	12850	2133
chrM	12850	12851	2133
chrM	12851	12852	2130
chrM	12852	12853	2127
chrM	12853	12854	2109
chrM	12854	12855	2103
chrM	12855	12856	2059
chrM	12856	12857	2050
chrM	12857	12858	2017
chrM	12858	12859	2015
chrM	12859	12860	2013
chrM	12860	12861	1974
chrM	12861	12862	1963
chrM	12862	12863	1909
chrM	12863	12864	1909
chrM	12864	12865	1908
chrM	12865	12866	1903
chrM	12866	12867	1900
chrM	12867	12868	1859
chrM	12868	12869	1858
chrM	12869	12870	1853
chrM	12870	12871	1853
chrM	12871	12872	1838
chrM	12872	12873	1828
chrM	12873	12874	1817
chrM	12874	12875	1816
chrM	12875	12876	1816
chrM	12876	12877	1810
chrM	12877	12878	1773
chrM	12878	12879	1766
chrM	12879	12880	1751
chrM	12880	12881	1751
chrM	12881	12882	1751
chrM	12882	12883	1745
chrM	12883	12884	1744
chrM	12884	12885	1736
chrM	12885	12886	1721
chrM	12886	12887	1716
chrM	12887	12888	1716
chrM	12888	12889	1716
chrM	12889	12890	1701
chrM	12890	12891	1699
chrM	12891	12892	1700
chrM	12892	12893	1699
chrM	12893	12894	1698
chrM	12894	12895	1698
chrM	12895	12896	1694
chrM	12896	12897	1694
chrM	12897	12898	1688
chrM	12898	12899	1688
chrM	12899	12900	1690
chrM	12900	12901	1688
chrM	12901	12902	1688
chrM	12902	12903	1685
chrM	12903	12904	1677
chrM	12904	12905	1680
chrM	12905	12906	1681
chrM	12906	12907	1681
chrM	12907	12908	1678
chrM	12908	12909	1676
chrM	12909	12910	1674
chrM	12910	12911	1673
chrM	12911	12912	1673
chrM	12912	12913	1673
chrM	12913	12914	1673
chrM	12914	12915	1672
chrM	12915	12916	1672
chrM	12916	12917	1675
chrM	12917	12918	1675
chrM	12918	12919	1676
chrM	12919	12920	1676
chrM	12920	12921	1676
chrM	12921	12922	1676
chrM	12922	12923	1678
chrM	12923	12924	1678
chrM	12924	12925	1678
chrM	12925	12926	1678
chrM	12926	12927	1682
chrM	12927	12928	1682
chrM	12928	12929	1682
chrM	12929	12930	1683
chrM	12930	12931	1685
chrM	12931	12932	1685
chrM	12932	12933	1709
chrM	12933	12934	1794
chrM	12934	12935	1806
chrM	12935	12936	1817
chrM	12936	12937	1822
chrM	12937	12938	1847
chrM	12938	12939	1897
chrM	12939	12940	1902
chrM	12940	12941	1914
chrM	12941	12942	1950
chrM	12942	12943	1965
chrM	12943	12944	1968
chrM	12944	12945	1979
chrM	12945	12946	1978
chrM	12946	12947	2057
chrM	12947	12948	2056
chrM	12948	12949	2058
chrM	12949	12950	2054
chrM	12950	12951	2052
chrM	12951	12952	2052
chrM	12952	12953	2050
chrM	12953	12954	2056
chrM	12954	12955	2057
chrM	12955	12956	2056
chrM	12956	12957	2072
chrM	12957	12958	2070
chrM	12958	12959	2075
chrM	12959	12960	2073
chrM	12960	12961	2115
chrM	12961	12962	2112
chrM	12962	12963	2109
chrM	12963	12964	2086
chrM	12964	12965	2062
chrM	12965	12966	2060
chrM	12966	12967	2012
chrM	12967	12968	2019
chrM	12968	12969	2020
chrM	12969	12970	2022
chrM	12970	12971	2010
chrM	12971	12972	2052
chrM	12972	12973	2054
chrM	12973	12974	2054
chrM	12974	12975	2054
chrM	12975	12976	2060
chrM	12976	12977	2062
chrM	12977	12978	2071
chrM	12978	12979	2123
chrM	12979	12980	2128
chrM	12980	12981	2130
chrM	12981	12982	2134
chrM	12982	12983	2137
chrM	12983	12984	2148
chrM	12984	12985	2152
chrM	12985	12986	2152
chrM	12986	12987	2152
chrM	12987	12988	2138
chrM	12988	12989	2141
chrM	12989	12990	2143
chrM	12990	12991	2143
chrM	12991	12992	2145
chrM	12992	12993	2146
chrM	12993	12994	2148
chrM	12994	12995	2147
chrM	12995	12996	2148
chrM	12996	12997	2151
chrM	12997	12998	2157
chrM	12998	12999	2158
chrM	12999	13000	2199
chrM	13000	13001	2200
chrM	13001	13002	2199
chrM	13002	13003	2209
chrM	13003	13004	2208
chrM	13004	13005	2214
chrM	13005	13006	2213
chrM	13006	13007	2218
chrM	13007	13008	2233
chrM	13008	13009	2260
chrM	13009	13010	2284
chrM	13010	13011	2358
chrM	13011	13012	2394
chrM	13012	13013	2400
chrM	13013	13014	2440
chrM	13014	13015	2481
chrM	13015	13016	2481
chrM	13016	13017	2508
chrM	13017	13018	2530
chrM	13018	13019	2545
chrM	13019	13020	2565
chrM	13020	13021	2988
chrM	13021	13022	3009
chrM	13022	13023	3099
chrM	13023	13024	3116
chrM	13024	13025	3582
chrM	13025	13026	3599
chrM	13026	13027	3655
chrM	13027	13028	4066
chrM	13028	13029	4169
chrM	13029	13030	4330
chrM	13030	13031	4354
chrM	13031	13032	4555
chrM	13032	13033	4560
chrM	13033	13034	4971
chrM	13034	13035	4990
chrM	13035	13036	5000
chrM	13036	13037	5005
chrM	13037	13038	5008
chrM	13038	13039	5009
chrM	13039	13040	5028
chrM	13040	13041	5097
chrM	13041	13042	5098
chrM	13042	13043	5099
chrM	13043	13044	5099
chrM	13044	13045	5118
chrM	13045	13046	5130
chrM	13046	13047	5141
chrM	13047	13048	5146
chrM	13048	13049	5145
chrM	13049	13050	5144
chrM	13050	13051	5230
chrM	13051	13052	5358
chrM	13052	13053	5380
chrM	13053	13054	5433
chrM	13054	13055	5455
chrM	13055	13056	5458
chrM	13056	13057	5523
chrM	13057	13058	5559
chrM	13058	13059	5568
chrM	13059	13060	5794
chrM	13060	13061	5826
chrM	13061	13062	5877
chrM	13062	13063	5888
chrM	13063	13064	5926
chrM	13064	13065	5943
chrM	13065	13066	5947
chrM	13066	13067	6154
chrM	13067	13068	6215
chrM	13068	13069	6278
chrM	13069	13070	6281
chrM	13070	13071	6303
chrM	13071	13072	6309
chrM	13072	13073	6317
chrM	13073	13074	6425
chrM	13074	13075	6490
chrM	13075	13076	6491
chrM	13076	13077	6694
chrM	13077	13078	6831
chrM	13078	13079	6884
chrM	13079	13080	7395
chrM	13080	13081	7646
chrM	13081	13082	8289
chrM	13082	13083	8287
chrM	13083	13084	8292
chrM	13084	13085	8322
chrM	13085	13086	8341
chrM	13086	13087	8363
chrM	13087	13088	8401
chrM	13088	13089	8408
chrM	13089	13090	8423
chrM	13090	13091	8503
chrM	13091	13092	8675
chrM	13092	13093	8707
chrM	13093	13094	8815
chrM	13094	13095	9059
chrM	13095	13096	9178
chrM	13096	13097	9318
chrM	13097	13098	9333
chrM	13098	13099	9773
chrM	13099	13100	10187
chrM	13100	13101	10370
chrM	13101	13102	10432
chrM	13102	13103	10575
chrM	13103	13104	10723
chrM	13104	13105	11244
chrM	13105	13106	11340
chrM	13106	13107	11350
chrM	13107	13108	11499
chrM	13108	13109	11499
chrM	13109	13110	11738
chrM	13110	13111	11774
chrM	13111	13112	11812
chrM	13112	13113	11848
chrM	13113	13114	11855
chrM	13114	13115	11865
chrM	13115	13116	11863
chrM	13116	13117	11864
chrM	13117	13118	11889
chrM	13118	13119	11950
chrM	13119	13120	12582
chrM	13120	13121	12654
chrM	13121	13122	12673
chrM	13122	13123	12956
chrM	13123	13124	13055
chrM	13124	13125	13469
chrM	13125	13126	13526
chrM	13126	13127	13574
chrM	13127	13128	13590
chrM	13128	13129	13589
chrM	13129	13130	13613
chrM	13130	13131	13657
chrM	13131	13132	13729
chrM	13132	13133	13783
chrM	13133	13134	14117
chrM	13134	13135	14106
chrM	13135	13136	14325
chrM	13136	13137	14325
chrM	13137	13138	14626
chrM	13138	13139	14656
chrM	13139	13140	15091
chrM	13140	13141	15133
chrM	13141	13142	15150
chrM	13142	13143	15162
chrM	13143	13144	15452
chrM	13144	13145	15675
chrM	13145	13146	16311
chrM	13146	13147	16394
chrM	13147	13148	16432
chrM	13148	13149	16439
chrM	13149	13150	16445
chrM	13150	13151	16527
chrM	13151	13152	16626
chrM	13152	13153	16623
chrM	13153	13154	16627
chrM	13154	13155	16622
chrM	13155	13156	16597
chrM	13156	13157	16626
chrM	13157	13158	16679
chrM	13158	13159	17001
chrM	13159	13160	17004
chrM	13160	13161	17604
chrM	13161	13162	17636
chrM	13162	13163	17637
chrM	13163	13164	17730
chrM	13164	13165	17765
chrM	13165	13166	17888
chrM	13166	13167	17892
chrM	13167	13168	17918
chrM	13168	13169	18248
chrM	13169	13170	18277
chrM	13170	13171	19260
chrM	13171	13172	19252
chrM	13172	13173	19245
chrM	13173	13174	19230
chrM	13174	13175	19229
chrM	13175	13176	19208
chrM	13176	13177	19216
chrM	13177	13178	19255
chrM	13178	13179	19257
chrM	13179	13180	19271
chrM	13180	13181	19293
chrM	13181	13182	19265
chrM	13182	13183	19293
chrM	13183	13184	19339
chrM	13184	13185	19331
chrM	13185	13186	19284
chrM	13186	13187	19289
chrM	13187	13188	19439
chrM	13188	13189	19437
chrM	13189	13190	19459
chrM	13190	13191	19521
chrM	13191	13192	19472
chrM	13192	13193	19472
chrM	13193	13194	19573
chrM	13194	13195	19574
chrM	13195	13196	19639
chrM	13196	13197	20320
chrM	13197	13198	20767
chrM	13198	13199	20996
chrM	13199	13200	21005
chrM	13200	13201	21005
chrM	13201	13202	21570
chrM	13202	13203	21678
chrM	13203	13204	22820
chrM	13204	13205	22821
chrM	13205	13206	22844
chrM	13206	13207	22865
chrM	13207	13208	22834
chrM	13208	13209	22851
chrM	13209	13210	22930
chrM	13210	13211	22945
chrM	13211	13212	22941
chrM	13212	13213	22927
chrM	13213	13214	22906
chrM	13214	13215	22876
chrM	13215	13216	22980
chrM	13216	13217	23011
chrM	13217	13218	23022
chrM	13218	13219	23025
chrM	13219	13220	23036
chrM	13220	13221	23040
chrM	13221	13222	23244
chrM	13222	13223	23244
chrM	13223	13224	23250
chrM	13224	13225	23253
chrM	13225	13226	23245
chrM	13226	13227	23271
chrM	13227	13228	23219
chrM	13228	13229	23251
chrM	13229	13230	23282
chrM	13230	13231	23362
chrM	13231	13232	23348
chrM	13232	13233	23313
chrM	13233	13234	24328
chrM	13234	13235	24402
chrM	13235	13236	24462
chrM	13236	13237	25440
chrM	13237	13238	25520
chrM	13238	13239	25794
chrM	13239	13240	25843
chrM	13240	13241	26053
chrM	13241	13242	26124
chrM	13242	13243	26117
chrM	13243	13244	27368
chrM	13244	13245	27389
chrM	13245	13246	27486
chrM	13246	13247	27277
chrM	13247	13248	27293
chrM	13248	13249	27327
chrM	13249	13250	27330
chrM	13250	13251	27668
chrM	13251	13252	27782
chrM	13252	13253	27863
chrM	13253	13254	28506
chrM	13254	13255	28355
chrM	13255	13256	28371
chrM	13256	13257	28323
chrM	13257	13258	28338
chrM	13258	13259	28405
chrM	13259	13260	28341
chrM	13260	13261	28344
chrM	13261	13262	28345
chrM	13262	13263	28374
chrM	13263	13264	28553
chrM	13264	13265	28583
chrM	13265	13266	28416
chrM	13266	13267	28356
chrM	13267	13268	28351
chrM	13268	13269	28348
chrM	13269	13270	28259
chrM	13270	13271	28263
chrM	13271	13272	28262
chrM	13272	13273	28260
chrM	13273	13274	28217
chrM	13274	13275	27537
chrM	13275	13276	27211
chrM	13276	13277	27011
chrM	13277	13278	27021
chrM	13278	13279	27593
chrM	13279	13280	28800
chrM	13280	13281	29578
chrM	13281	13282	29578
chrM	13282	13283	29779
chrM	13283	13284	29825
chrM	13284	13285	30153
chrM	13285	13286	30244
chrM	13286	13287	30341
chrM	13287	13288	30356
chrM	13288	13289	30321
chrM	13289	13290	30451
chrM	13290	13291	30488
chrM	13291	13292	30513
chrM	13292	13293	30558
chrM	13293	13294	30519
chrM	13294	13295	30254
chrM	13295	13296	30199
chrM	13296	13297	30304
chrM	13297	13298	30296
chrM	13298	13299	30310
chrM	13299	13300	30305
chrM	13300	13301	30266
chrM	13301	13302	30255
chrM	13302	13303	30098
chrM	13303	13304	30357
chrM	13304	13305	31541
chrM	13305	13306	31689
chrM	13306	13307	31661
chrM	13307	13308	31651
chrM	13308	13309	31465
chrM	13309	13310	31509
chrM	13310	13311	31727
chrM	13311	13312	31724
chrM	13312	13313	31730
chrM	13313	13314	31484
chrM	13314	13315	32366
chrM	13315	13316	32346
chrM	13316	13317	32323
chrM	13317	13318	32298
chrM	13318	13319	31692
chrM	13319	13320	31690
chrM	13320	13321	31646
chrM	13321	13322	31709
chrM	13322	13323	31736
chrM	13323	13324	31780
chrM	13324	13325	31517
chrM	13325	13326	31597
chrM	13326	13327	31631
chrM	13327	13328	31629
chrM	13328	13329	31779
chrM	13329	13330	31806
chrM	13330	13331	32002
chrM	13331	13332	32881
chrM	13332	13333	32966
chrM	13333	13334	33028
chrM	13334	13335	33024
chrM	13335	13336	33049
chrM	13336	13337	32650
chrM	13337	13338	32642
chrM	13338	13339	32634
chrM	13339	13340	32610
chrM	13340	13341	32618
chrM	13341	13342	32570
chrM	13342	13343	32536
chrM	13343	13344	32507
chrM	13344	13345	32504
chrM	13345	13346	32512
chrM	13346	13347	32577
chrM	13347	13348	33135
chrM	13348	13349	32927
chrM	13349	13350	32269
chrM	13350	13351	31976
chrM	13351	13352	32026
chrM	13352	13353	31967
chrM	13353	13354	31900
chrM	13354	13355	31922
chrM	13355	13356	31894
chrM	13356	13357	31785
chrM	13357	13358	31747
chrM	13358	13359	31733
chrM	13359	13360	31800
chrM	13360	13361	31514
chrM	13361	13362	31667
chrM	13362	13363	31694
chrM	13363	13364	31766
chrM	13364	13365	31684
chrM	13365	13366	31806
chrM	13366	13367	31923
chrM	13367	13368	31951
chrM	13368	13369	31955
chrM	13369	13370	31866
chrM	13370	13371	31923
chrM	13371	13372	31979
chrM	13372	13373	31955
chrM	13373	13374	31937
chrM	13374	13375	31910
chrM	13375	13376	31904
chrM	13376	13377	31531
chrM	13377	13378	31325
chrM	13378	13379	31247
chrM	13379	13380	31222
chrM	13380	13381	31150
chrM	13381	13382	30910
chrM	13382	13383	30734
chrM	13383	13384	30740
chrM	13384	13385	30727
chrM	13385	13386	30719
chrM	13386	13387	30690
chrM	13387	13388	30406
chrM	13388	13389	30406
chrM	13389	13390	30395
chrM	13390	13391	30394
chrM	13391	13392	30392
chrM	13392	13393	30258
chrM	13393	13394	30286
chrM	13394	13395	30303
chrM	13395	13396	30579
chrM	13396	13397	30645
chrM	13397	13398	30637
chrM	13398	13399	30523
chrM	13399	13400	30517
chrM	13400	13401	30539
chrM	13401	13402	30267
chrM	13402	13403	30260
chrM	13403	13404	30260
chrM	13404	13405	30241
chrM	13405	13406	30416
chrM	13406	13407	30460
chrM	13407	13408	30471
chrM	13408	13409	30484
chrM	13409	13410	30682
chrM	13410	13411	30676
chrM	13411	13412	30598
chrM	13412	13413	30594
chrM	13413	13414	30547
chrM	13414	13415	30135
chrM	13415	13416	30090
chrM	13416	13417	29843
chrM	13417	13418	29819
chrM	13418	13419	29775
chrM	13419	13420	29706
chrM	13420	13421	29706
chrM	13421	13422	29665
chrM	13422	13423	29583
chrM	13423	13424	29372
chrM	13424	13425	29365
chrM	13425	13426	29423
chrM	13426	13427	29551
chrM	13427	13428	29534
chrM	13428	13429	29568
chrM	13429	13430	29283
chrM	13430	13431	29252
chrM	13431	13432	30896
chrM	13432	13433	30897
chrM	13433	13434	32048
chrM	13434	13435	32024
chrM	13435	13436	31952
chrM	13436	13437	32792
chrM	13437	13438	32861
chrM	13438	13439	33074
chrM	13439	13440	33064
chrM	13440	13441	33068
chrM	13441	13442	33082
chrM	13442	13443	33158
chrM	13443	13444	34825
chrM	13444	13445	34852
chrM	13445	13446	35410
chrM	13446	13447	35376
chrM	13447	13448	35354
chrM	13448	13449	35370
chrM	13449	13450	35128
chrM	13450	13451	35233
chrM	13451	13452	35408
chrM	13452	13453	35615
chrM	13453	13454	35552
chrM	13454	13455	35368
chrM	13455	13456	35382
chrM	13456	13457	36374
chrM	13457	13458	36972
chrM	13458	13459	37723
chrM	13459	13460	37971
chrM	13460	13461	38106
chrM	13461	13462	38217
chrM	13462	13463	41653
chrM	13463	13464	41655
chrM	13464	13465	41755
chrM	13465	13466	41975
chrM	13466	13467	42029
chrM	13467	13468	41493
chrM	13468	13469	41478
chrM	13469	13470	41492
chrM	13470	13471	41602
chrM	13471	13472	41738
chrM	13472	13473	41997
chrM	13473	13474	42026
chrM	13474	13475	42088
chrM	13475	13476	42274
chrM	13476	13477	42460
chrM	13477	13478	42764
chrM	13478	13479	42741
chrM	13479	13480	42732
chrM	13480	13481	42750
chrM	13481	13482	42983
chrM	13482	13483	43091
chrM	13483	13484	43195
chrM	13484	13485	43235
chrM	13485	13486	43227
chrM	13486	13487	43144
chrM	13487	13488	41934
chrM	13488	13489	41946
chrM	13489	13490	41948
chrM	13490	13491	41953
chrM	13491	13492	41938
chrM	13492	13493	41998
chrM	13493	13494	42047
chrM	13494	13495	42049
chrM	13495	13496	42053
chrM	13496	13497	42082
chrM	13497	13498	41970
chrM	13498	13499	42241
chrM	13499	13500	42293
chrM	13500	13501	42294
chrM	13501	13502	42298
chrM	13502	13503	42476
chrM	13503	13504	43797
chrM	13504	13505	43829
chrM	13505	13506	43884
chrM	13506	13507	44053
chrM	13507	13508	44119
chrM	13508	13509	44162
chrM	13509	13510	44829
chrM	13510	13511	45062
chrM	13511	13512	45242
chrM	13512	13513	45261
chrM	13513	13514	45296
chrM	13514	13515	45094
chrM	13515	13516	45131
chrM	13516	13517	46477
chrM	13517	13518	46374
chrM	13518	13519	46418
chrM	13519	13520	46085
chrM	13520	13521	45691
chrM	13521	13522	45668
chrM	13522	13523	45377
chrM	13523	13524	45360
chrM	13524	13525	45344
chrM	13525	13526	45388
chrM	13526	13527	45463
chrM	13527	13528	45428
chrM	13528	13529	45180
chrM	13529	13530	45196
chrM	13530	13531	45906
chrM	13531	13532	45894
chrM	13532	13533	45496
chrM	13533	13534	45475
chrM	13534	13535	45503
chrM	13535	13536	45508
chrM	13536	13537	45545
chrM	13537	13538	45895
chrM	13538	13539	45846
chrM	13539	13540	46146
chrM	13540	13541	46157
chrM	13541	13542	49651
chrM	13542	13543	49662
chrM	13543	13544	49683
chrM	13544	13545	49876
chrM	13545	13546	49897
chrM	13546	13547	50471
chrM	13547	13548	50560
chrM	13548	13549	52458
chrM	13549	13550	52448
chrM	13550	13551	52513
chrM	13551	13552	51769
chrM	13552	13553	51631
chrM	13553	13554	51648
chrM	13554	13555	51911
chrM	13555	13556	52114
chrM	13556	13557	51652
chrM	13557	13558	51559
chrM	13558	13559	50913
chrM	13559	13560	50872
chrM	13560	13561	51064
chrM	13561	13562	50734
chrM	13562	13563	50860
chrM	13563	13564	51038
chrM	13564	13565	50404
chrM	13565	13566	50226
chrM	13566	13567	50081
chrM	13567	13568	50109
chrM	13568	13569	50205
chrM	13569	13570	52507
chrM	13570	13571	52733
chrM	13571	13572	52618
chrM	13572	13573	52617
chrM	13573	13574	52935
chrM	13574	13575	54816
chrM	13575	13576	55170
chrM	13576	13577	55403
chrM	13577	13578	55387
chrM	13578	13579	55441
chrM	13579	13580	56956
chrM	13580	13581	57306
chrM	13581	13582	57357
chrM	13582	13583	57428
chrM	13583	13584	57630
chrM	13584	13585	57628
chrM	13585	13586	57645
chrM	13586	13587	57533
chrM	13587	13588	57575
chrM	13588	13589	57600
chrM	13589	13590	57333
chrM	13590	13591	56989
chrM	13591	13592	56983
chrM	13592	13593	57138
chrM	13593	13594	57140
chrM	13594	13595	57082
chrM	13595	13596	55279
chrM	13596	13597	55318
chrM	13597	13598	55459
chrM	13598	13599	55393
chrM	13599	13600	55227
chrM	13600	13601	54940
chrM	13601	13602	55312
chrM	13602	13603	55280
chrM	13603	13604	55286
chrM	13604	13605	55355
chrM	13605	13606	55815
chrM	13606	13607	64098
chrM	13607	13608	64180
chrM	13608	13609	69445
chrM	13609	13610	70417
chrM	13610	13611	71170
chrM	13611	13612	71204
chrM	13612	13613	71327
chrM	13613	13614	71336
chrM	13614	13615	71348
chrM	13615	13616	71622
chrM	13616	13617	71394
chrM	13617	13618	71386
chrM	13618	13619	71373
chrM	13619	13620	71348
chrM	13620	13621	71387
chrM	13621	13622	71401
chrM	13622	13623	71458
chrM	13623	13624	71078
chrM	13624	13625	71059
chrM	13625	13626	71068
chrM	13626	13627	70419
chrM	13627	13628	70478
chrM	13628	13629	70430
chrM	13629	13630	70471
chrM	13630	13631	70581
chrM	13631	13632	70723
chrM	13632	13633	69416
chrM	13633	13634	69142
chrM	13634	13635	68974
chrM	13635	13636	68578
chrM	13636	13637	69662
chrM	13637	13638	69661
chrM	13638	13639	69616
chrM	13639	13640	69627
chrM	13640	13641	69507
chrM	13641	13642	69129
chrM	13642	13643	68502
chrM	13643	13644	68518
chrM	13644	13645	68510
chrM	13645	13646	68314
chrM	13646	13647	67032
chrM	13647	13648	65393
chrM	13648	13649	65457
chrM	13649	13650	65633
chrM	13650	13651	65904
chrM	13651	13652	65949
chrM	13652	13653	68548
chrM	13653	13654	68519
chrM	13654	13655	69295
chrM	13655	13656	69302
chrM	13656	13657	69159
chrM	13657	13658	69159
chrM	13658	13659	68808
chrM	13659	13660	68747
chrM	13660	13661	68721
chrM	13661	13662	68719
chrM	13662	13663	68705
chrM	13663	13664	68717
chrM	13664	13665	68688
chrM	13665	13666	68623
chrM	13666	13667	68561
chrM	13667	13668	68533
chrM	13668	13669	68541
chrM	13669	13670	68525
chrM	13670	13671	68520
chrM	13671	13672	68529
chrM	13672	13673	68553
chrM	13673	13674	68440
chrM	13674	13675	68407
chrM	13675	13676	68442
chrM	13676	13677	68466
chrM	13677	13678	68388
chrM	13678	13679	68351
chrM	13679	13680	68068
chrM	13680	13681	68104
chrM	13681	13682	68220
chrM	13682	13683	68587
chrM	13683	13684	68534
chrM	13684	13685	68508
chrM	13685	13686	68504
chrM	13686	13687	68471
chrM	13687	13688	69182
chrM	13688	13689	70831
chrM	13689	13690	70854
chrM	13690	13691	70827
chrM	13691	13692	70811
chrM	13692	13693	70616
chrM	13693	13694	71320
chrM	13694	13695	71328
chrM	13695	13696	71329
chrM	13696	13697	71243
chrM	13697	13698	71046
chrM	13698	13699	69245
chrM	13699	13700	69179
chrM	13700	13701	69188
chrM	13701	13702	69168
chrM	13702	13703	69098
chrM	13703	13704	67487
chrM	13704	13705	67209
chrM	13705	13706	67174
chrM	13706	13707	67175
chrM	13707	13708	67189
chrM	13708	13709	66483
chrM	13709	13710	66285
chrM	13710	13711	66140
chrM	13711	13712	65811
chrM	13712	13713	65891
chrM	13713	13714	65749
chrM	13714	13715	65951
chrM	13715	13716	65947
chrM	13716	13717	65852
chrM	13717	13718	65733
chrM	13718	13719	65880
chrM	13719	13720	65951
chrM	13720	13721	65853
chrM	13721	13722	65831
chrM	13722	13723	65637
chrM	13723	13724	65646
chrM	13724	13725	65639
chrM	13725	13726	65885
chrM	13726	13727	65866
chrM	13727	13728	65752
chrM	13728	13729	65732
chrM	13729	13730	65411
chrM	13730	13731	65240
chrM	13731	13732	65212
chrM	13732	13733	65217
chrM	13733	13734	65200
chrM	13734	13735	65162
chrM	13735	13736	63683
chrM	13736	13737	63637
chrM	13737	13738	63612
chrM	13738	13739	63619
chrM	13739	13740	63719
chrM	13740	13741	64449
chrM	13741	13742	64502
chrM	13742	13743	63949
chrM	13743	13744	62550
chrM	13744	13745	62592
chrM	13745	13746	62342
chrM	13746	13747	62265
chrM	13747	13748	62024
chrM	13748	13749	61906
chrM	13749	13750	61676
chrM	13750	13751	60929
chrM	13751	13752	60592
chrM	13752	13753	61276
chrM	13753	13754	60997
chrM	13754	13755	60785
chrM	13755	13756	60447
chrM	13756	13757	60466
chrM	13757	13758	60876
chrM	13758	13759	61048
chrM	13759	13760	60992
chrM	13760	13761	60585
chrM	13761	13762	60553
chrM	13762	13763	60510
chrM	13763	13764	60476
chrM	13764	13765	60503
chrM	13765	13766	60543
chrM	13766	13767	60556
chrM	13767	13768	59937
chrM	13768	13769	59690
chrM	13769	13770	59615
chrM	13770	13771	59647
chrM	13771	13772	59574
chrM	13772	13773	57490
chrM	13773	13774	57227
chrM	13774	13775	57118
chrM	13775	13776	56090
chrM	13776	13777	56018
chrM	13777	13778	55930
chrM	13778	13779	55904
chrM	13779	13780	55829
chrM	13780	13781	55654
chrM	13781	13782	55764
chrM	13782	13783	55778
chrM	13783	13784	55819
chrM	13784	13785	55681
chrM	13785	13786	55613
chrM	13786	13787	55635
chrM	13787	13788	55604
chrM	13788	13789	55583
chrM	13789	13790	55367
chrM	13790	13791	55363
chrM	13791	13792	55339
chrM	13792	13793	55299
chrM	13793	13794	54716
chrM	13794	13795	54449
chrM	13795	13796	54418
chrM	13796	13797	54392
chrM	13797	13798	54216
chrM	13798	13799	54209
chrM	13799	13800	54198
chrM	13800	13801	53495
chrM	13801	13802	53039
chrM	13802	13803	53023
chrM	13803	13804	53015
chrM	13804	13805	52982
chrM	13805	13806	52938
chrM	13806	13807	52516
chrM	13807	13808	52368
chrM	13808	13809	52341
chrM	13809	13810	52058
chrM	13810	13811	52079
chrM	13811	13812	51956
chrM	13812	13813	50939
chrM	13813	13814	48659
chrM	13814	13815	48589
chrM	13815	13816	48573
chrM	13816	13817	48511
chrM	13817	13818	48504
chrM	13818	13819	48469
chrM	13819	13820	48426
chrM	13820	13821	48398
chrM	13821	13822	48032
chrM	13822	13823	47937
chrM	13823	13824	46933
chrM	13824	13825	46929
chrM	13825	13826	46887
chrM	13826	13827	46869
chrM	13827	13828	46666
chrM	13828	13829	46565
chrM	13829	13830	45071
chrM	13830	13831	45055
chrM	13831	13832	45032
chrM	13832	13833	44822
chrM	13833	13834	44761
chrM	13834	13835	44554
chrM	13835	13836	44414
chrM	13836	13837	44354
chrM	13837	13838	44340
chrM	13838	13839	44190
chrM	13839	13840	43050
chrM	13840	13841	42832
chrM	13841	13842	42847
chrM	13842	13843	42846
chrM	13843	13844	42849
chrM	13844	13845	42827
chrM	13845	13846	42618
chrM	13846	13847	42518
chrM	13847	13848	42523
chrM	13848	13849	42520
chrM	13849	13850	42530
chrM	13850	13851	42508
chrM	13851	13852	42415
chrM	13852	13853	42227
chrM	13853	13854	41381
chrM	13854	13855	41281
chrM	13855	13856	41115
chrM	13856	13857	40820
chrM	13857	13858	39638
chrM	13858	13859	39564
chrM	13859	13860	39536
chrM	13860	13861	39508
chrM	13861	13862	39499
chrM	13862	13863	39452
chrM	13863	13864	39422
chrM	13864	13865	39387
chrM	13865	13866	39343
chrM	13866	13867	39283
chrM	13867	13868	39247
chrM	13868	13869	39220
chrM	13869	13870	39142
chrM	13870	13871	35891
chrM	13871	13872	35860
chrM	13872	13873	35831
chrM	13873	13874	35777
chrM	13874	13875	34675
chrM	13875	13876	34370
chrM	13876	13877	34288
chrM	13877	13878	34242
chrM	13878	13879	33228
chrM	13879	13880	33084
chrM	13880	13881	32205
chrM	13881	13882	30407
chrM	13882	13883	30369
chrM	13883	13884	30034
chrM	13884	13885	29995
chrM	13885	13886	29912
chrM	13886	13887	29895
chrM	13887	13888	29893
chrM	13888	13889	29861
chrM	13889	13890	29548
chrM	13890	13891	29232
chrM	13891	13892	29136
chrM	13892	13893	29069
chrM	13893	13894	26481
chrM	13894	13895	26319
chrM	13895	13896	25091
chrM	13896	13897	25063
chrM	13897	13898	25045
chrM	13898	13899	24816
chrM	13899	13900	24008
chrM	13900	13901	23847
chrM	13901	13902	23541
chrM	13902	13903	23372
chrM	13903	13904	23134
chrM	13904	13905	23113
chrM	13905	13906	22375
chrM	13906	13907	21919
chrM	13907	13908	21882
chrM	13908	13909	21420
chrM	13909	13910	21374
chrM	13910	13911	20667
chrM	13911	13912	20576
chrM	13912	13913	20450
chrM	13913	13914	20359
chrM	13914	13915	19635
chrM	13915	13916	15053
chrM	13916	13917	14980
chrM	13917	13918	14873
chrM	13918	13919	13030
chrM	13919	13920	12602
chrM	13920	13921	8003
chrM	13921	13922	7930
chrM	13922	13923	6734
chrM	13923	13924	6659
chrM	13924	13925	6594
chrM	13925	13926	6554
chrM	13926	13927	6400
chrM	13927	13928	6273
chrM	13928	13929	6083
chrM	13929	13930	6035
chrM	13930	13931	5924
chrM	13931	13932	4806
chrM	13932	13933	4787
chrM	13933	13934	4642
chrM	13934	13935	4642
chrM	13935	13936	4638
chrM	13936	13937	4633
chrM	13937	13938	4630
chrM	13938	13939	4590
chrM	13939	13940	4576
chrM	13940	13941	4568
chrM	13941	13942	4553
chrM	13942	13943	4533
chrM	13943	13944	4520
chrM	13944	13945	4320
chrM	13945	13946	4308
chrM	13946	13947	4296
chrM	13947	13948	4292
chrM	13948	13949	4265
chrM	13949	13950	4209
chrM	13950	13951	4205
chrM	13951	13952	4146
chrM	13952	13953	4122
chrM	13953	13954	4071
chrM	13954	13955	4044
chrM	13955	13956	4038
chrM	13956	13957	4009
chrM	13957	13958	4006
chrM	13958	13959	4026
chrM	13959	13960	3977
chrM	13960	13961	3956
chrM	13961	13962	3952
chrM	13962	13963	3955
chrM	13963	13964	3934
chrM	13964	13965	3923
chrM	13965	13966	3924
chrM	13966	13967	3914
chrM	13967	13968	3901
chrM	13968	13969	3883
chrM	13969	13970	3827
chrM	13970	13971	3826
chrM	13971	13972	3825
chrM	13972	13973	3793
chrM	13973	13974	3779
chrM	13974	13975	3775
chrM	13975	13976	3768
chrM	13976	13977	3760
chrM	13977	13978	3746
chrM	13978	13979	3746
chrM	13979	13980	3744
chrM	13980	13981	3723
chrM	13981	13982	3601
chrM	13982	13983	3430
chrM	13983	13984	3165
chrM	13984	13985	3179
chrM	13985	13986	3160
chrM	13986	13987	3158
chrM	13987	13988	3087
chrM	13988	13989	3029
chrM	13989	13990	2974
chrM	13990	13991	2948
chrM	13991	13992	2823
chrM	13992	13993	2500
chrM	13993	13994	2379
chrM	13994	13995	2382
chrM	13995	13996	2388
chrM	13996	13997	2390
chrM	13997	13998	2393
chrM	13998	13999	2398
chrM	13999	14000	2402
chrM	14000	14001	2579
chrM	14001	14002	2989
chrM	14002	14003	4059
chrM	14003	14004	6186
chrM	14004	14005	7855
chrM	14005	14006	8110
chrM	14006	14007	8517
chrM	14007	14008	8656
chrM	14008	14009	9515
chrM	14009	14010	30666
chrM	14010	14011	30688
chrM	14011	14012	31180
chrM	14012	14013	32584
chrM	14013	14014	34836
chrM	14014	14015	35124
chrM	14015	14016	38714
chrM	14016	14017	39077
chrM	14017	14018	39460
chrM	14018	14019	39845
chrM	14019	14020	39941
chrM	14020	14021	41954
chrM	14021	14022	42111
chrM	14022	14023	42534
chrM	14023	14024	45060
chrM	14024	14025	45242
chrM	14025	14026	48141
chrM	14026	14027	49584
chrM	14027	14028	50275
chrM	14028	14029	50457
chrM	14029	14030	50833
chrM	14030	14031	51445
chrM	14031	14032	51510
chrM	14032	14033	51615
chrM	14033	14034	52247
chrM	14034	14035	52853
chrM	14035	14036	52885
chrM	14036	14037	53051
chrM	14037	14038	53483
chrM	14038	14039	53920
chrM	14039	14040	55389
chrM	14040	14041	56569
chrM	14041	14042	56672
chrM	14042	14043	56785
chrM	14043	14044	56858
chrM	14044	14045	56925
chrM	14045	14046	57100
chrM	14046	14047	57109
chrM	14047	14048	65011
chrM	14048	14049	67332
chrM	14049	14050	68508
chrM	14050	14051	68767
chrM	14051	14052	69966
chrM	14052	14053	72347
chrM	14053	14054	77533
chrM	14054	14055	77980
chrM	14055	14056	78583
chrM	14056	14057	78662
chrM	14057	14058	78850
chrM	14058	14059	79056
chrM	14059	14060	79190
chrM	14060	14061	80900
chrM	14061	14062	80989
chrM	14062	14063	81116
chrM	14063	14064	81134
chrM	14064	14065	81155
chrM	14065	14066	82326
chrM	14066	14067	82788
chrM	14067	14068	83294
chrM	14068	14069	83376
chrM	14069	14070	83438
chrM	14070	14071	85012
chrM	14071	14072	96922
chrM	14072	14073	139600
chrM	14073	14074	140344
chrM	14074	14075	142039
chrM	14075	14076	145251
chrM	14076	14077	187045
chrM	14077	14078	187245
chrM	14078	14079	187974
chrM	14079	14080	189471
chrM	14080	14081	190997
chrM	14081	14082	195779
chrM	14082	14083	201702
chrM	14083	14084	202420
chrM	14084	14085	202675
chrM	14085	14086	203876
chrM	14086	14087	204888
chrM	14087	14088	204978
chrM	14088	14089	205087
chrM	14089	14090	205122
chrM	14090	14091	205152
chrM	14091	14092	205435
chrM	14092	14093	209202
chrM	14093	14094	209248
chrM	14094	14095	209443
chrM	14095	14096	209966
chrM	14096	14097	210069
chrM	14097	14098	210575
chrM	14098	14099	210584
chrM	14099	14100	210638
chrM	14100	14101	210651
chrM	14101	14102	210665
chrM	14102	14103	210820
chrM	14103	14104	211369
chrM	14104	14105	211385
chrM	14105	14106	212467
chrM	14106	14107	212602
chrM	14107	14108	212629
chrM	14108	14109	212821
chrM	14109	14110	215457
chrM	14110	14111	215485
chrM	14111	14112	215595
chrM	14112	14113	215613
chrM	14113	14114	215611
chrM	14114	14115	215613
chrM	14115	14116	215654
chrM	14116	14117	215923
chrM	14117	14118	215925
chrM	14118	14119	215965
chrM	14119	14120	216074
chrM	14120	14121	216180
chrM	14121	14122	216186
chrM	14122	14123	216358
chrM	14123	14124	216506
chrM	14124	14125	216634
chrM	14125	14126	217931
chrM	14126	14127	218093
chrM	14127	14128	218728
chrM	14128	14129	277279
chrM	14129	14130	278467
chrM	14130	14131	287342
chrM	14131	14132	287762
chrM	14132	14133	289648
chrM	14133	14134	294332
chrM	14134	14135	300686
chrM	14135	14136	304069
chrM	14136	14137	304551
chrM	14137	14138	306041
chrM	14138	14139	308866
chrM	14139	14140	327122
chrM	14140	14141	346451
chrM	14141	14142	355967
chrM	14142	14143	380126
chrM	14143	14144	382314
chrM	14144	14145	404640
chrM	14145	14146	418082
chrM	14146	14147	430084
chrM	14147	14148	430473
chrM	14148	14149	433599
chrM	14149	14150	434437
chrM	14150	14151	435462
chrM	14151	14152	439562
chrM	14152	14153	442436
chrM	14153	14154	448296
chrM	14154	14155	455737
chrM	14155	14156	457642
chrM	14156	14157	458818
chrM	14157	14158	462403
chrM	14158	14159	480757
chrM	14159	14160	482616
chrM	14160	14161	482598
chrM	14161	14162	481085
chrM	14162	14163	481165
chrM	14163	14164	481810
chrM	14164	14165	481901
chrM	14165	14166	482413
chrM	14166	14167	482714
chrM	14167	14168	482664
chrM	14168	14169	482552
chrM	14169	14170	479189
chrM	14170	14171	481251
chrM	14171	14172	482299
chrM	14172	14173	494828
chrM	14173	14174	495265
chrM	14174	14175	495295
chrM	14175	14176	495370
chrM	14176	14177	497062
chrM	14177	14178	498350
chrM	14178	14179	505175
chrM	14179	14180	506315
chrM	14180	14181	516801
chrM	14181	14182	519722
chrM	14182	14183	523863
chrM	14183	14184	524057
chrM	14184	14185	526980
chrM	14185	14186	527587
chrM	14186	14187	529041
chrM	14187	14188	531095
chrM	14188	14189	535760
chrM	14189	14190	536728
chrM	14190	14191	537827
chrM	14191	14192	539228
chrM	14192	14193	539187
chrM	14193	14194	540854
chrM	14194	14195	540248
chrM	14195	14196	542153
chrM	14196	14197	542042
chrM	14197	14198	542133
chrM	14198	14199	542115
chrM	14199	14200	540863
chrM	14200	14201	541720
chrM	14201	14202	544245
chrM	14202	14203	545672
chrM	14203	14204	545590
chrM	14204	14205	546387
chrM	14205	14206	546089
chrM	14206	14207	543978
chrM	14207	14208	570549
chrM	14208	14209	570130
chrM	14209	14210	578006
chrM	14210	14211	580322
chrM	14211	14212	579552
chrM	14212	14213	580209
chrM	14213	14214	587167
chrM	14214	14215	587962
chrM	14215	14216	589848
chrM	14216	14217	593091
chrM	14217	14218	592397
chrM	14218	14219	599315
chrM	14219	14220	599668
chrM	14220	14221	602324
chrM	14221	14222	603128
chrM	14222	14223	608055
chrM	14223	14224	608108
chrM	14224	14225	609949
chrM	14225	14226	609200
chrM	14226	14227	609052
chrM	14227	14228	628512
chrM	14228	14229	661557
chrM	14229	14230	672546
chrM	14230	14231	672957
chrM	14231	14232	673330
chrM	14232	14233	675563
chrM	14233	14234	678737
chrM	14234	14235	710319
chrM	14235	14236	713027
chrM	14236	14237	714276
chrM	14237	14238	714274
chrM	14238	14239	718355
chrM	14239	14240	718866
chrM	14240	14241	733101
chrM	14241	14242	747313
chrM	14242	14243	782850
chrM	14243	14244	785970
chrM	14244	14245	776366
chrM	14245	14246	803523
chrM	14246	14247	805250
chrM	14247	14248	811662
chrM	14248	14249	809533
chrM	14249	14250	811189
chrM	14250	14251	811496
chrM	14251	14252	811354
chrM	14252	14253	815331
chrM	14253	14254	816252
chrM	14254	14255	816880
chrM	14255	14256	816761
chrM	14256	14257	819247
chrM	14257	14258	819901
chrM	14258	14259	821225
chrM	14259	14260	821443
chrM	14260	14261	827115
chrM	14261	14262	829540
chrM	14262	14263	829743
chrM	14263	14264	829145
chrM	14264	14265	829141
chrM	14265	14266	830831
chrM	14266	14267	831560
chrM	14267	14268	844375
chrM	14268	14269	843995
chrM	14269	14270	843871
chrM	14270	14271	850799
chrM	14271	14272	846986
chrM	14272	14273	849071
chrM	14273	14274	848264
chrM	14274	14275	850330
chrM	14275	14276	850607
chrM	14276	14277	850147
chrM	14277	14278	841504
chrM	14278	14279	842618
chrM	14279	14280	843354
chrM	14280	14281	842635
chrM	14281	14282	837187
chrM	14282	14283	832710
chrM	14283	14284	829341
chrM	14284	14285	829357
chrM	14285	14286	827793
chrM	14286	14287	820998
chrM	14287	14288	816361
chrM	14288	14289	790034
chrM	14289	14290	787350
chrM	14290	14291	772433
chrM	14291	14292	772361
chrM	14292	14293	769764
chrM	14293	14294	768078
chrM	14294	14295	765390
chrM	14295	14296	758821
chrM	14296	14297	760200
chrM	14297	14298	760451
chrM	14298	14299	764053
chrM	14299	14300	771398
chrM	14300	14301	769539
chrM	14301	14302	794807
chrM	14302	14303	797125
chrM	14303	14304	798346
chrM	14304	14305	802211
chrM	14305	14306	809127
chrM	14306	14307	826125
chrM	14307	14308	826303
chrM	14308	14309	833030
chrM	14309	14310	911988
chrM	14310	14311	928742
chrM	14311	14312	929691
chrM	14312	14313	938117
chrM	14313	14314	946129
chrM	14314	14315	948731
chrM	14315	14316	953896
chrM	14316	14317	983628
chrM	14317	14318	984920
chrM	14318	14319	987276
chrM	14319	14320	991147
chrM	14320	14321	991346
chrM	14321	14322	992285
chrM	14322	14323	996205
chrM	14323	14324	998890
chrM	14324	14325	998840
chrM	14325	14326	997895
chrM	14326	14327	995545
chrM	14327	14328	994534
chrM	14328	14329	994597
chrM	14329	14330	992881
chrM	14330	14331	992217
chrM	14331	14332	991603
chrM	14332	14333	990980
chrM	14333	14334	989159
chrM	14334	14335	982947
chrM	14335	14336	986595
chrM	14336	14337	986002
chrM	14337	14338	984953
chrM	14338	14339	978377
chrM	14339	14340	978725
chrM	14340	14341	978474
chrM	14341	14342	978350
chrM	14342	14343	978566
chrM	14343	14344	971883
chrM	14344	14345	979189
chrM	14345	14346	975571
chrM	14346	14347	975926
chrM	14347	14348	977783
chrM	14348	14349	980473
chrM	14349	14350	980160
chrM	14350	14351	975379
chrM	14351	14352	975578
chrM	14352	14353	975662
chrM	14353	14354	971620
chrM	14354	14355	967520
chrM	14355	14356	967131
chrM	14356	14357	964732
chrM	14357	14358	966365
chrM	14358	14359	963477
chrM	14359	14360	961450
chrM	14360	14361	956765
chrM	14361	14362	955689
chrM	14362	14363	974321
chrM	14363	14364	974245
chrM	14364	14365	989739
chrM	14365	14366	989254
chrM	14366	14367	988058
chrM	14367	14368	991479
chrM	14368	14369	986204
chrM	14369	14370	992443
chrM	14370	14371	989211
chrM	14371	14372	989082
chrM	14372	14373	985808
chrM	14373	14374	979222
chrM	14374	14375	979683
chrM	14375	14376	994996
chrM	14376	14377	996779
chrM	14377	14378	1047620
chrM	14378	14379	1060628
chrM	14379	14380	1061507
chrM	14380	14381	1062256
chrM	14381	14382	1060594
chrM	14382	14383	1067499
chrM	14383	14384	1067785
chrM	14384	14385	1079165
chrM	14385	14386	1087745
chrM	14386	14387	1096228
chrM	14387	14388	1103649
chrM	14388	14389	1084087
chrM	14389	14390	1084432
chrM	14390	14391	1085102
chrM	14391	14392	1085170
chrM	14392	14393	1086927
chrM	14393	14394	1090999
chrM	14394	14395	1090613
chrM	14395	14396	1089801
chrM	14396	14397	1089396
chrM	14397	14398	1090250
chrM	14398	14399	1110620
chrM	14399	14400	1114713
chrM	14400	14401	1118890
chrM	14401	14402	1119229
chrM	14402	14403	1118514
chrM	14403	14404	1130087
chrM	14404	14405	1132150
chrM	14405	14406	1133053
chrM	14406	14407	1134852
chrM	14407	14408	1134104
chrM	14408	14409	1135592
chrM	14409	14410	1132735
chrM	14410	14411	1135567
chrM	14411	14412	1136690
chrM	14412	14413	1136611
chrM	14413	14414	1125180
chrM	14414	14415	1118344
chrM	14415	14416	1117890
chrM	14416	14417	1117983
chrM	14417	14418	1117890
chrM	14418	14419	1117627
chrM	14419	14420	1117430
chrM	14420	14421	1117340
chrM	14421	14422	1106681
chrM	14422	14423	1099681
chrM	14423	14424	1100520
chrM	14424	14425	1127336
chrM	14425	14426	1128658
chrM	14426	14427	1169075
chrM	14427	14428	1170577
chrM	14428	14429	1190485
chrM	14429	14430	1192623
chrM	14430	14431	1196653
chrM	14431	14432	1197381
chrM	14432	14433	1200527
chrM	14433	14434	1235407
chrM	14434	14435	1234221
chrM	14435	14436	1229842
chrM	14436	14437	1228680
chrM	14437	14438	1231269
chrM	14438	14439	1244137
chrM	14439	14440	1223858
chrM	14440	14441	1219400
chrM	14441	14442	1217048
chrM	14442	14443	1204286
chrM	14443	14444	1212471
chrM	14444	14445	1208120
chrM	14445	14446	1236178
chrM	14446	14447	1237093
chrM	14447	14448	1239476
chrM	14448	14449	1230640
chrM	14449	14450	1230095
chrM	14450	14451	1266051
chrM	14451	14452	1266624
chrM	14452	14453	1265138
chrM	14453	14454	1246770
chrM	14454	14455	1248240
chrM	14455	14456	1247982
chrM	14456	14457	1249102
chrM	14457	14458	1256328
chrM	14458	14459	1259962
chrM	14459	14460	1259313
chrM	14460	14461	1233243
chrM	14461	14462	1235944
chrM	14462	14463	1238126
chrM	14463	14464	1239010
chrM	14464	14465	1239820
chrM	14465	14466	1241041
chrM	14466	14467	1241935
chrM	14467	14468	1242420
chrM	14468	14469	1242423
chrM	14469	14470	1244239
chrM	14470	14471	1246866
chrM	14471	14472	1246662
chrM	14472	14473	1239051
chrM	14473	14474	1247179
chrM	14474	14475	1248223
chrM	14475	14476	1246883
chrM	14476	14477	1241264
chrM	14477	14478	1245509
chrM	14478	14479	1245227
chrM	14479	14480	1233298
chrM	14480	14481	1227709
chrM	14481	14482	1226371
chrM	14482	14483	1226346
chrM	14483	14484	1220409
chrM	14484	14485	1218958
chrM	14485	14486	1217058
chrM	14486	14487	1216035
chrM	14487	14488	1214657
chrM	14488	14489	1213651
chrM	14489	14490	1212249
chrM	14490	14491	1211787
chrM	14491	14492	1210664
chrM	14492	14493	1213200
chrM	14493	14494	1212462
chrM	14494	14495	1211568
chrM	14495	14496	1212647
chrM	14496	14497	1202335
chrM	14497	14498	1200335
chrM	14498	14499	1194389
chrM	14499	14500	1192055
chrM	14500	14501	1192788
chrM	14501	14502	1189577
chrM	14502	14503	1189434
chrM	14503	14504	1189084
chrM	14504	14505	1185658
chrM	14505	14506	1186102
chrM	14506	14507	1175613
chrM	14507	14508	1149179
chrM	14508	14509	1108136
chrM	14509	14510	1108737
chrM	14510	14511	1105419
chrM	14511	14512	1088128
chrM	14512	14513	1079933
chrM	14513	14514	1086126
chrM	14514	14515	1097130
chrM	14515	14516	1081611
chrM	14516	14517	1081587
chrM	14517	14518	1075266
chrM	14518	14519	1085858
chrM	14519	14520	1089694
chrM	14520	14521	1090292
chrM	14521	14522	1086190
chrM	14522	14523	1081527
chrM	14523	14524	1081066
chrM	14524	14525	1076597
chrM	14525	14526	1073558
chrM	14526	14527	1072929
chrM	14527	14528	1072060
chrM	14528	14529	1054677
chrM	14529	14530	1041492
chrM	14530	14531	963526
chrM	14531	14532	961589
chrM	14532	14533	961324
chrM	14533	14534	957008
chrM	14534	14535	933165
chrM	14535	14536	914886
chrM	14536	14537	910264
chrM	14537	14538	906183
chrM	14538	14539	900791
chrM	14539	14540	896386
chrM	14540	14541	879650
chrM	14541	14542	883163
chrM	14542	14543	879014
chrM	14543	14544	878435
chrM	14544	14545	894585
chrM	14545	14546	893212
chrM	14546	14547	892864
chrM	14547	14548	894143
chrM	14548	14549	888331
chrM	14549	14550	876164
chrM	14550	14551	859350
chrM	14551	14552	847340
chrM	14552	14553	850318
chrM	14553	14554	862932
chrM	14554	14555	865803
chrM	14555	14556	867272
chrM	14556	14557	867652
chrM	14557	14558	868202
chrM	14558	14559	877998
chrM	14559	14560	881382
chrM	14560	14561	881418
chrM	14561	14562	887372
chrM	14562	14563	894686
chrM	14563	14564	895441
chrM	14564	14565	896271
chrM	14565	14566	899654
chrM	14566	14567	912679
chrM	14567	14568	912623
chrM	14568	14569	912209
chrM	14569	14570	907305
chrM	14570	14571	903293
chrM	14571	14572	903536
chrM	14572	14573	886270
chrM	14573	14574	885543
chrM	14574	14575	883393
chrM	14575	14576	882911
chrM	14576	14577	882396
chrM	14577	14578	881242
chrM	14578	14579	860653
chrM	14579	14580	860643
chrM	14580	14581	863107
chrM	14581	14582	862961
chrM	14582	14583	862838
chrM	14583	14584	860297
chrM	14584	14585	860634
chrM	14585	14586	865257
chrM	14586	14587	867060
chrM	14587	14588	866783
chrM	14588	14589	865387
chrM	14589	14590	871328
chrM	14590	14591	892214
chrM	14591	14592	903164
chrM	14592	14593	903701
chrM	14593	14594	905563
chrM	14594	14595	909836
chrM	14595	14596	913574
chrM	14596	14597	933459
chrM	14597	14598	935117
chrM	14598	14599	935609
chrM	14599	14600	936207
chrM	14600	14601	937110
chrM	14601	14602	939536
chrM	14602	14603	940206
chrM	14603	14604	940356
chrM	14604	14605	940484
chrM	14605	14606	939733
chrM	14606	14607	937044
chrM	14607	14608	937218
chrM	14608	14609	938447
chrM	14609	14610	945969
chrM	14610	14611	947662
chrM	14611	14612	945807
chrM	14612	14613	921184
chrM	14613	14614	918773
chrM	14614	14615	1011292
chrM	14615	14616	1016293
chrM	14616	14617	1016967
chrM	14617	14618	1018887
chrM	14618	14619	1017685
chrM	14619	14620	1020831
chrM	14620	14621	1020817
chrM	14621	14622	1020936
chrM	14622	14623	1023297
chrM	14623	14624	1024233
chrM	14624	14625	1024997
chrM	14625	14626	982288
chrM	14626	14627	984468
chrM	14627	14628	983625
chrM	14628	14629	985369
chrM	14629	14630	973922
chrM	14630	14631	956971
chrM	14631	14632	956469
chrM	14632	14633	953734
chrM	14633	14634	953050
chrM	14634	14635	950366
chrM	14635	14636	950081
chrM	14636	14637	951772
chrM	14637	14638	951633
chrM	14638	14639	950802
chrM	14639	14640	939836
chrM	14640	14641	939497
chrM	14641	14642	939059
chrM	14642	14643	939438
chrM	14643	14644	946289
chrM	14644	14645	947285
chrM	14645	14646	948494
chrM	14646	14647	931950
chrM	14647	14648	936194
chrM	14648	14649	941644
chrM	14649	14650	937714
chrM	14650	14651	929778
chrM	14651	14652	921519
chrM	14652	14653	912656
chrM	14653	14654	913012
chrM	14654	14655	913618
chrM	14655	14656	935593
chrM	14656	14657	937216
chrM	14657	14658	943300
chrM	14658	14659	941401
chrM	14659	14660	936529
chrM	14660	14661	948740
chrM	14661	14662	950627
chrM	14662	14663	951207
chrM	14663	14664	950680
chrM	14664	14665	950639
chrM	14665	14666	942016
chrM	14666	14667	940671
chrM	14667	14668	940222
chrM	14668	14669	1030310
chrM	14669	14670	1030685
chrM	14670	14671	1036384
chrM	14671	14672	1036497
chrM	14672	14673	1031847
chrM	14673	14674	1036085
chrM	14674	14675	1030528
chrM	14675	14676	1030684
chrM	14676	14677	1028271
chrM	14677	14678	1026810
chrM	14678	14679	1034757
chrM	14679	14680	1040187
chrM	14680	14681	1041424
chrM	14681	14682	1042558
chrM	14682	14683	1042747
chrM	14683	14684	1042400
chrM	14684	14685	1040371
chrM	14685	14686	1043552
chrM	14686	14687	1043516
chrM	14687	14688	1045971
chrM	14688	14689	1046442
chrM	14689	14690	1045796
chrM	14690	14691	1046116
chrM	14691	14692	1046607
chrM	14692	14693	1046691
chrM	14693	14694	1043735
chrM	14694	14695	1041298
chrM	14695	14696	1040973
chrM	14696	14697	1040321
chrM	14697	14698	1039460
chrM	14698	14699	1035531
chrM	14699	14700	1035559
chrM	14700	14701	1034647
chrM	14701	14702	1032435
chrM	14702	14703	1030182
chrM	14703	14704	1026908
chrM	14704	14705	1026137
chrM	14705	14706	1022487
chrM	14706	14707	1022316
chrM	14707	14708	1022595
chrM	14708	14709	1019675
chrM	14709	14710	1018624
chrM	14710	14711	1009631
chrM	14711	14712	1009678
chrM	14712	14713	1009633
chrM	14713	14714	1007829
chrM	14714	14715	1006746
chrM	14715	14716	1006675
chrM	14716	14717	1006513
chrM	14717	14718	1004931
chrM	14718	14719	1000487
chrM	14719	14720	1000567
chrM	14720	14721	1000394
chrM	14721	14722	998382
chrM	14722	14723	997215
chrM	14723	14724	995616
chrM	14724	14725	995349
chrM	14725	14726	988544
chrM	14726	14727	993739
chrM	14727	14728	993424
chrM	14728	14729	993421
chrM	14729	14730	995625
chrM	14730	14731	992629
chrM	14731	14732	992696
chrM	14732	14733	989478
chrM	14733	14734	989640
chrM	14734	14735	989396
chrM	14735	14736	981732
chrM	14736	14737	973000
chrM	14737	14738	983904
chrM	14738	14739	1023292
chrM	14739	14740	1024599
chrM	14740	14741	1023565
chrM	14741	14742	1056900
chrM	14742	14743	1064225
chrM	14743	14744	1074828
chrM	14744	14745	1073324
chrM	14745	14746	1072395
chrM	14746	14747	1081061
chrM	14747	14748	1075710
chrM	14748	14749	1066195
chrM	14749	14750	1059385
chrM	14750	14751	1060252
chrM	14751	14752	1068705
chrM	14752	14753	1055517
chrM	14753	14754	1004473
chrM	14754	14755	992558
chrM	14755	14756	991163
chrM	14756	14757	986840
chrM	14757	14758	944088
chrM	14758	14759	933198
chrM	14759	14760	930643
chrM	14760	14761	930254
chrM	14761	14762	926366
chrM	14762	14763	922178
chrM	14763	14764	909792
chrM	14764	14765	890195
chrM	14765	14766	892119
chrM	14766	14767	893031
chrM	14767	14768	894177
chrM	14768	14769	895748
chrM	14769	14770	897411
chrM	14770	14771	902592
chrM	14771	14772	908299
chrM	14772	14773	916183
chrM	14773	14774	917667
chrM	14774	14775	923198
chrM	14775	14776	927352
chrM	14776	14777	929543
chrM	14777	14778	933271
chrM	14778	14779	946543
chrM	14779	14780	957373
chrM	14780	14781	976118
chrM	14781	14782	978690
chrM	14782	14783	976817
chrM	14783	14784	975706
chrM	14784	14785	972228
chrM	14785	14786	959260
chrM	14786	14787	958534
chrM	14787	14788	956980
chrM	14788	14789	953612
chrM	14789	14790	952529
chrM	14790	14791	951301
chrM	14791	14792	948752
chrM	14792	14793	962036
chrM	14793	14794	962174
chrM	14794	14795	962104
chrM	14795	14796	961218
chrM	14796	14797	957423
chrM	14797	14798	959109
chrM	14798	14799	958777
chrM	14799	14800	958780
chrM	14800	14801	964411
chrM	14801	14802	964890
chrM	14802	14803	964091
chrM	14803	14804	964746
chrM	14804	14805	970000
chrM	14805	14806	973769
chrM	14806	14807	968354
chrM	14807	14808	969893
chrM	14808	14809	969876
chrM	14809	14810	969600
chrM	14810	14811	973277
chrM	14811	14812	972707
chrM	14812	14813	974297
chrM	14813	14814	973172
chrM	14814	14815	972789
chrM	14815	14816	972052
chrM	14816	14817	969091
chrM	14817	14818	961947
chrM	14818	14819	962662
chrM	14819	14820	962732
chrM	14820	14821	961693
chrM	14821	14822	957520
chrM	14822	14823	954532
chrM	14823	14824	954446
chrM	14824	14825	954918
chrM	14825	14826	951142
chrM	14826	14827	938918
chrM	14827	14828	929571
chrM	14828	14829	948070
chrM	14829	14830	951759
chrM	14830	14831	952781
chrM	14831	14832	955470
chrM	14832	14833	962831
chrM	14833	14834	963776
chrM	14834	14835	962523
chrM	14835	14836	960474
chrM	14836	14837	960336
chrM	14837	14838	961413
chrM	14838	14839	962725
chrM	14839	14840	957074
chrM	14840	14841	957804
chrM	14841	14842	958276
chrM	14842	14843	957772
chrM	14843	14844	957361
chrM	14844	14845	957358
chrM	14845	14846	955566
chrM	14846	14847	955056
chrM	14847	14848	956521
chrM	14848	14849	956225
chrM	14849	14850	955083
chrM	14850	14851	955255
chrM	14851	14852	944451
chrM	14852	14853	942513
chrM	14853	14854	940784
chrM	14854	14855	940236
chrM	14855	14856	938930
chrM	14856	14857	938607
chrM	14857	14858	938559
chrM	14858	14859	937799
chrM	14859	14860	937774
chrM	14860	14861	935908
chrM	14861	14862	935743
chrM	14862	14863	933855
chrM	14863	14864	933557
chrM	14864	14865	932576
chrM	14865	14866	931061
chrM	14866	14867	930929
chrM	14867	14868	930535
chrM	14868	14869	929597
chrM	14869	14870	929553
chrM	14870	14871	924583
chrM	14871	14872	924466
chrM	14872	14873	924445
chrM	14873	14874	924207
chrM	14874	14875	923848
chrM	14875	14876	923227
chrM	14876	14877	923026
chrM	14877	14878	922781
chrM	14878	14879	922070
chrM	14879	14880	919401
chrM	14880	14881	917810
chrM	14881	14882	916559
chrM	14882	14883	896801
chrM	14883	14884	895098
chrM	14884	14885	894831
chrM	14885	14886	894141
chrM	14886	14887	887382
chrM	14887	14888	887254
chrM	14888	14889	866228
chrM	14889	14890	865077
chrM	14890	14891	864204
chrM	14891	14892	840268
chrM	14892	14893	825775
chrM	14893	14894	821956
chrM	14894	14895	816974
chrM	14895	14896	815132
chrM	14896	14897	814087
chrM	14897	14898	813284
chrM	14898	14899	812634
chrM	14899	14900	807796
chrM	14900	14901	807765
chrM	14901	14902	807636
chrM	14902	14903	803191
chrM	14903	14904	802920
chrM	14904	14905	801076
chrM	14905	14906	800266
chrM	14906	14907	799515
chrM	14907	14908	799330
chrM	14908	14909	798200
chrM	14909	14910	781966
chrM	14910	14911	780867
chrM	14911	14912	780586
chrM	14912	14913	779193
chrM	14913	14914	775345
chrM	14914	14915	772285
chrM	14915	14916	732826
chrM	14916	14917	732432
chrM	14917	14918	729868
chrM	14918	14919	729299
chrM	14919	14920	719885
chrM	14920	14921	707861
chrM	14921	14922	700370
chrM	14922	14923	697764
chrM	14923	14924	696956
chrM	14924	14925	690581
chrM	14925	14926	678639
chrM	14926	14927	647925
chrM	14927	14928	639024
chrM	14928	14929	624498
chrM	14929	14930	620581
chrM	14930	14931	616784
chrM	14931	14932	597238
chrM	14932	14933	589819
chrM	14933	14934	584235
chrM	14934	14935	583352
chrM	14935	14936	578941
chrM	14936	14937	578718
chrM	14937	14938	575158
chrM	14938	14939	574470
chrM	14939	14940	573230
chrM	14940	14941	572999
chrM	14941	14942	572756
chrM	14942	14943	568445
chrM	14943	14944	565420
chrM	14944	14945	535780
chrM	14945	14946	535122
chrM	14946	14947	532441
chrM	14947	14948	529721
chrM	14948	14949	520665
chrM	14949	14950	513445
chrM	14950	14951	508752
chrM	14951	14952	502769
chrM	14952	14953	500697
chrM	14953	14954	497229
chrM	14954	14955	494636
chrM	14955	14956	469398
chrM	14956	14957	465988
chrM	14957	14958	460507
chrM	14958	14959	447864
chrM	14959	14960	284485
chrM	14960	14961	276120
chrM	14961	14962	260385
chrM	14962	14963	223715
chrM	14963	14964	89727
chrM	14964	14965	44162
chrM	14965	14966	24791
chrM	14966	14967	16406
chrM	14967	14968	15032
chrM	14968	14969	14392
chrM	14969	14970	10886
chrM	14970	14971	9521
chrM	14971	14972	7847
chrM	14972	14973	7590
chrM	14973	14974	6064
chrM	14974	14975	5902
chrM	14975	14976	4789
chrM	14976	14977	4776
chrM	14977	14978	4760
chrM	14978	14979	4675
chrM	14979	14980	4566
chrM	14980	14981	4326
chrM	14981	14982	4289
chrM	14982	14983	4232
chrM	14983	14984	4187
chrM	14984	14985	4144
chrM	14985	14986	3626
chrM	14986	14987	3564
chrM	14987	14988	3295
chrM	14988	14989	3274
chrM	14989	14990	3235
chrM	14990	14991	2869
chrM	14991	14992	2704
chrM	14992	14993	2496
chrM	14993	14994	2410
chrM	14994	14995	2281
chrM	14995	14996	2129
chrM	14996	14997	2087
chrM	14997	14998	1599
chrM	14998	14999	1542
chrM	14999	15000	1513
chrM	15000	15001	1454
chrM	15001	15002	1412
chrM	15002	15003	1406
chrM	15003	15004	1399
chrM	15004	15005	1389
chrM	15005	15006	1308
chrM	15006	15007	1308
chrM	15007	15008	1303
chrM	15008	15009	1301
chrM	15009	15010	1297
chrM	15010	15011	1288
chrM	15011	15012	1277
chrM	15012	15013	1269
chrM	15013	15014	1267
chrM	15014	15015	1255
chrM	15015	15016	1255
chrM	15016	15017	1253
chrM	15017	15018	1253
chrM	15018	15019	1252
chrM	15019	15020	1252
chrM	15020	15021	1250
chrM	15021	15022	1249
chrM	15022	15023	1236
chrM	15023	15024	1220
chrM	15024	15025	1219
chrM	15025	15026	1219
chrM	15026	15027	1217
chrM	15027	15028	1215
chrM	15028	15029	1215
chrM	15029	15030	1189
chrM	15030	15031	1187
chrM	15031	15032	1186
chrM	15032	15033	1175
chrM	15033	15034	1175
chrM	15034	15035	1176
chrM	15035	15036	1177
chrM	15036	15037	1182
chrM	15037	15038	1183
chrM	15038	15039	1183
chrM	15039	15040	1186
chrM	15040	15041	1197
chrM	15041	15042	1198
chrM	15042	15043	1197
chrM	15043	15044	1217
chrM	15044	15045	1215
chrM	15045	15046	1215
chrM	15046	15047	1214
chrM	15047	15048	1216
chrM	15048	15049	1212
chrM	15049	15050	1211
chrM	15050	15051	1212
chrM	15051	15052	1233
chrM	15052	15053	1269
chrM	15053	15054	1284
chrM	15054	15055	1301
chrM	15055	15056	1306
chrM	15056	15057	1360
chrM	15057	15058	1358
chrM	15058	15059	1363
chrM	15059	15060	1364
chrM	15060	15061	1438
chrM	15061	15062	1441
chrM	15062	15063	1453
chrM	15063	15064	1498
chrM	15064	15065	1505
chrM	15065	15066	1504
chrM	15066	15067	1616
chrM	15067	15068	1675
chrM	15068	15069	1674
chrM	15069	15070	1674
chrM	15070	15071	1813
chrM	15071	15072	1880
chrM	15072	15073	1896
chrM	15073	15074	1897
chrM	15074	15075	1932
chrM	15075	15076	1943
chrM	15076	15077	1945
chrM	15077	15078	2029
chrM	15078	15079	2032
chrM	15079	15080	2034
chrM	15080	15081	2037
chrM	15081	15082	2034
chrM	15082	15083	2068
chrM	15083	15084	2069
chrM	15084	15085	2102
chrM	15085	15086	2128
chrM	15086	15087	2177
chrM	15087	15088	2178
chrM	15088	15089	2180
chrM	15089	15090	2182
chrM	15090	15091	2195
chrM	15091	15092	2199
chrM	15092	15093	2215
chrM	15093	15094	2237
chrM	15094	15095	2243
chrM	15095	15096	2248
chrM	15096	15097	2293
chrM	15097	15098	2281
chrM	15098	15099	2420
chrM	15099	15100	2507
chrM	15100	15101	2516
chrM	15101	15102	2537
chrM	15102	15103	2549
chrM	15103	15104	2551
chrM	15104	15105	2553
chrM	15105	15106	2558
chrM	15106	15107	2568
chrM	15107	15108	2563
chrM	15108	15109	2561
chrM	15109	15110	2561
chrM	15110	15111	2560
chrM	15111	15112	2562
chrM	15112	15113	2563
chrM	15113	15114	2563
chrM	15114	15115	2572
chrM	15115	15116	2571
chrM	15116	15117	2568
chrM	15117	15118	2566
chrM	15118	15119	2567
chrM	15119	15120	2603
chrM	15120	15121	2604
chrM	15121	15122	2609
chrM	15122	15123	2611
chrM	15123	15124	2614
chrM	15124	15125	2634
chrM	15125	15126	2631
chrM	15126	15127	2636
chrM	15127	15128	2636
chrM	15128	15129	2639
chrM	15129	15130	2638
chrM	15130	15131	2629
chrM	15131	15132	2630
chrM	15132	15133	2631
chrM	15133	15134	2631
chrM	15134	15135	2629
chrM	15135	15136	2625
chrM	15136	15137	2623
chrM	15137	15138	2624
chrM	15138	15139	2626
chrM	15139	15140	2622
chrM	15140	15141	2618
chrM	15141	15142	2616
chrM	15142	15143	2612
chrM	15143	15144	2616
chrM	15144	15145	2621
chrM	15145	15146	2620
chrM	15146	15147	2616
chrM	15147	15148	2616
chrM	15148	15149	2618
chrM	15149	15150	2648
chrM	15150	15151	2677
chrM	15151	15152	2721
chrM	15152	15153	2740
chrM	15153	15154	2739
chrM	15154	15155	2821
chrM	15155	15156	2827
chrM	15156	15157	2857
chrM	15157	15158	2915
chrM	15158	15159	2931
chrM	15159	15160	2962
chrM	15160	15161	2979
chrM	15161	15162	2990
chrM	15162	15163	2999
chrM	15163	15164	3009
chrM	15164	15165	3011
chrM	15165	15166	3048
chrM	15166	15167	3107
chrM	15167	15168	3133
chrM	15168	15169	4416
chrM	15169	15170	4473
chrM	15170	15171	4477
chrM	15171	15172	4483
chrM	15172	15173	4496
chrM	15173	15174	4558
chrM	15174	15175	4588
chrM	15175	15176	4593
chrM	15176	15177	4761
chrM	15177	15178	4801
chrM	15178	15179	4808
chrM	15179	15180	4855
chrM	15180	15181	4871
chrM	15181	15182	4901
chrM	15182	15183	4905
chrM	15183	15184	4904
chrM	15184	15185	4944
chrM	15185	15186	5008
chrM	15186	15187	5056
chrM	15187	15188	5065
chrM	15188	15189	5065
chrM	15189	15190	5070
chrM	15190	15191	5070
chrM	15191	15192	5090
chrM	15192	15193	5180
chrM	15193	15194	5180
chrM	15194	15195	5191
chrM	15195	15196	5191
chrM	15196	15197	5266
chrM	15197	15198	5269
chrM	15198	15199	5279
chrM	15199	15200	5318
chrM	15200	15201	5330
chrM	15201	15202	5336
chrM	15202	15203	5360
chrM	15203	15204	5362
chrM	15204	15205	5377
chrM	15205	15206	5388
chrM	15206	15207	5395
chrM	15207	15208	5497
chrM	15208	15209	5493
chrM	15209	15210	5493
chrM	15210	15211	5517
chrM	15211	15212	5541
chrM	15212	15213	5557
chrM	15213	15214	5555
chrM	15214	15215	5551
chrM	15215	15216	5543
chrM	15216	15217	5554
chrM	15217	15218	5542
chrM	15218	15219	5558
chrM	15219	15220	5585
chrM	15220	15221	5584
chrM	15221	15222	5601
chrM	15222	15223	5618
chrM	15223	15224	5834
chrM	15224	15225	5920
chrM	15225	15226	5932
chrM	15226	15227	5937
chrM	15227	15228	5888
chrM	15228	15229	6621
chrM	15229	15230	7174
chrM	15230	15231	7188
chrM	15231	15232	7189
chrM	15232	15233	7194
chrM	15233	15234	7239
chrM	15234	15235	7229
chrM	15235	15236	7305
chrM	15236	15237	7307
chrM	15237	15238	7378
chrM	15238	15239	7390
chrM	15239	15240	7250
chrM	15240	15241	7247
chrM	15241	15242	7248
chrM	15242	15243	7277
chrM	15243	15244	7305
chrM	15244	15245	7298
chrM	15245	15246	7286
chrM	15246	15247	7291
chrM	15247	15248	7293
chrM	15248	15249	7307
chrM	15249	15250	7311
chrM	15250	15251	7333
chrM	15251	15252	7344
chrM	15252	15253	7356
chrM	15253	15254	7358
chrM	15254	15255	7353
chrM	15255	15256	7353
chrM	15256	15257	7358
chrM	15257	15258	7394
chrM	15258	15259	7395
chrM	15259	15260	7400
chrM	15260	15261	7455
chrM	15261	15262	7478
chrM	15262	15263	7480
chrM	15263	15264	7528
chrM	15264	15265	7627
chrM	15265	15266	7643
chrM	15266	15267	7644
chrM	15267	15268	7689
chrM	15268	15269	7691
chrM	15269	15270	7723
chrM	15270	15271	7729
chrM	15271	15272	7729
chrM	15272	15273	7734
chrM	15273	15274	7735
chrM	15274	15275	7740
chrM	15275	15276	7702
chrM	15276	15277	7693
chrM	15277	15278	7692
chrM	15278	15279	7692
chrM	15279	15280	7696
chrM	15280	15281	7662
chrM	15281	15282	7662
chrM	15282	15283	7667
chrM	15283	15284	7666
chrM	15284	15285	7662
chrM	15285	15286	7727
chrM	15286	15287	7720
chrM	15287	15288	7752
chrM	15288	15289	7715
chrM	15289	15290	7741
chrM	15290	15291	7711
chrM	15291	15292	7737
chrM	15292	15293	7761
chrM	15293	15294	7775
chrM	15294	15295	7779
chrM	15295	15296	8509
chrM	15296	15297	8591
chrM	15297	15298	8599
chrM	15298	15299	8986
chrM	15299	15300	9213
chrM	15300	15301	9292
chrM	15301	15302	9281
chrM	15302	15303	9611
chrM	15303	15304	9743
chrM	15304	15305	10032
chrM	15305	15306	10091
chrM	15306	15307	10225
chrM	15307	15308	10301
chrM	15308	15309	10312
chrM	15309	15310	10432
chrM	15310	15311	10485
chrM	15311	15312	10533
chrM	15312	15313	10554
chrM	15313	15314	10566
chrM	15314	15315	10625
chrM	15315	15316	10581
chrM	15316	15317	10610
chrM	15317	15318	10654
chrM	15318	15319	10688
chrM	15319	15320	10698
chrM	15320	15321	10753
chrM	15321	15322	10784
chrM	15322	15323	10805
chrM	15323	15324	10837
chrM	15324	15325	10816
chrM	15325	15326	10827
chrM	15326	15327	10874
chrM	15327	15328	10914
chrM	15328	15329	11771
chrM	15329	15330	11785
chrM	15330	15331	11854
chrM	15331	15332	11841
chrM	15332	15333	12080
chrM	15333	15334	12175
chrM	15334	15335	12206
chrM	15335	15336	12214
chrM	15336	15337	12237
chrM	15337	15338	12308
chrM	15338	15339	12314
chrM	15339	15340	12351
chrM	15340	15341	12364
chrM	15341	15342	12368
chrM	15342	15343	12367
chrM	15343	15344	12315
chrM	15344	15345	12468
chrM	15345	15346	12468
chrM	15346	15347	12471
chrM	15347	15348	13177
chrM	15348	15349	13368
chrM	15349	15350	13475
chrM	15350	15351	13482
chrM	15351	15352	13555
chrM	15352	15353	13745
chrM	15353	15354	13812
chrM	15354	15355	13772
chrM	15355	15356	13839
chrM	15356	15357	14034
chrM	15357	15358	14065
chrM	15358	15359	14020
chrM	15359	15360	14030
chrM	15360	15361	14053
chrM	15361	15362	14090
chrM	15362	15363	13985
chrM	15363	15364	14060
chrM	15364	15365	15090
chrM	15365	15366	15586
chrM	15366	15367	15664
chrM	15367	15368	15771
chrM	15368	15369	15951
chrM	15369	15370	15952
chrM	15370	15371	15952
chrM	15371	15372	15937
chrM	15372	15373	15929
chrM	15373	15374	15939
chrM	15374	15375	15941
chrM	15375	15376	15962
chrM	15376	15377	15958
chrM	15377	15378	15993
chrM	15378	15379	16015
chrM	15379	15380	16036
chrM	15380	15381	16029
chrM	15381	15382	15984
chrM	15382	15383	15945
chrM	15383	15384	15940
chrM	15384	15385	15951
chrM	15385	15386	15927
chrM	15386	15387	15958
chrM	15387	15388	16264
chrM	15388	15389	16262
chrM	15389	15390	16261
chrM	15390	15391	16265
chrM	15391	15392	16275
chrM	15392	15393	16237
chrM	15393	15394	16393
chrM	15394	15395	16607
chrM	15395	15396	16642
chrM	15396	15397	16654
chrM	15397	15398	16776
chrM	15398	15399	16772
chrM	15399	15400	16780
chrM	15400	15401	16779
chrM	15401	15402	16790
chrM	15402	15403	16792
chrM	15403	15404	16817
chrM	15404	15405	16850
chrM	15405	15406	16803
chrM	15406	15407	16807
chrM	15407	15408	16810
chrM	15408	15409	16789
chrM	15409	15410	16702
chrM	15410	15411	16678
chrM	15411	15412	16692
chrM	15412	15413	16710
chrM	15413	15414	16747
chrM	15414	15415	16751
chrM	15415	15416	16761
chrM	15416	15417	16874
chrM	15417	15418	16860
chrM	15418	15419	16840
chrM	15419	15420	16856
chrM	15420	15421	16859
chrM	15421	15422	18108
chrM	15422	15423	18179
chrM	15423	15424	18401
chrM	15424	15425	18402
chrM	15425	15426	18408
chrM	15426	15427	18484
chrM	15427	15428	18507
chrM	15428	15429	19310
chrM	15429	15430	19409
chrM	15430	15431	19427
chrM	15431	15432	19347
chrM	15432	15433	19575
chrM	15433	15434	19620
chrM	15434	15435	19615
chrM	15435	15436	19624
chrM	15436	15437	19659
chrM	15437	15438	19910
chrM	15438	15439	19915
chrM	15439	15440	19917
chrM	15440	15441	19930
chrM	15441	15442	19942
chrM	15442	15443	19971
chrM	15443	15444	19844
chrM	15444	15445	19980
chrM	15445	15446	20008
chrM	15446	15447	19997
chrM	15447	15448	20042
chrM	15448	15449	19812
chrM	15449	15450	20123
chrM	15450	15451	20126
chrM	15451	15452	20330
chrM	15452	15453	22376
chrM	15453	15454	22401
chrM	15454	15455	22485
chrM	15455	15456	22585
chrM	15456	15457	22769
chrM	15457	15458	23164
chrM	15458	15459	23230
chrM	15459	15460	23236
chrM	15460	15461	23245
chrM	15461	15462	23319
chrM	15462	15463	23363
chrM	15463	15464	23521
chrM	15464	15465	23547
chrM	15465	15466	23565
chrM	15466	15467	23579
chrM	15467	15468	23363
chrM	15468	15469	23369
chrM	15469	15470	23380
chrM	15470	15471	23379
chrM	15471	15472	23425
chrM	15472	15473	23425
chrM	15473	15474	23429
chrM	15474	15475	23426
chrM	15475	15476	23409
chrM	15476	15477	23606
chrM	15477	15478	23595
chrM	15478	15479	23621
chrM	15479	15480	23579
chrM	15480	15481	23698
chrM	15481	15482	23747
chrM	15482	15483	23916
chrM	15483	15484	24147
chrM	15484	15485	24170
chrM	15485	15486	24195
chrM	15486	15487	24199
chrM	15487	15488	24174
chrM	15488	15489	24407
chrM	15489	15490	24421
chrM	15490	15491	24429
chrM	15491	15492	24428
chrM	15492	15493	24409
chrM	15493	15494	24458
chrM	15494	15495	24559
chrM	15495	15496	24641
chrM	15496	15497	24655
chrM	15497	15498	24660
chrM	15498	15499	24665
chrM	15499	15500	24681
chrM	15500	15501	24686
chrM	15501	15502	24755
chrM	15502	15503	24766
chrM	15503	15504	24751
chrM	15504	15505	24743
chrM	15505	15506	24720
chrM	15506	15507	24714
chrM	15507	15508	24714
chrM	15508	15509	24714
chrM	15509	15510	24319
chrM	15510	15511	24318
chrM	15511	15512	24308
chrM	15512	15513	24310
chrM	15513	15514	24307
chrM	15514	15515	24300
chrM	15515	15516	24298
chrM	15516	15517	24330
chrM	15517	15518	24342
chrM	15518	15519	24330
chrM	15519	15520	24337
chrM	15520	15521	24341
chrM	15521	15522	24323
chrM	15522	15523	24232
chrM	15523	15524	24225
chrM	15524	15525	24225
chrM	15525	15526	24140
chrM	15526	15527	24087
chrM	15527	15528	24001
chrM	15528	15529	23876
chrM	15529	15530	23810
chrM	15530	15531	23783
chrM	15531	15532	23592
chrM	15532	15533	23416
chrM	15533	15534	23381
chrM	15534	15535	23381
chrM	15535	15536	23358
chrM	15536	15537	23315
chrM	15537	15538	23310
chrM	15538	15539	23267
chrM	15539	15540	23154
chrM	15540	15541	23114
chrM	15541	15542	23097
chrM	15542	15543	23071
chrM	15543	15544	23037
chrM	15544	15545	23027
chrM	15545	15546	22731
chrM	15546	15547	22773
chrM	15547	15548	22713
chrM	15548	15549	22666
chrM	15549	15550	22537
chrM	15550	15551	22214
chrM	15551	15552	22209
chrM	15552	15553	22130
chrM	15553	15554	22125
chrM	15554	15555	22118
chrM	15555	15556	22082
chrM	15556	15557	21888
chrM	15557	15558	20914
chrM	15558	15559	20874
chrM	15559	15560	20865
chrM	15560	15561	20827
chrM	15561	15562	20819
chrM	15562	15563	20810
chrM	15563	15564	20805
chrM	15564	15565	20745
chrM	15565	15566	20722
chrM	15566	15567	20709
chrM	15567	15568	20620
chrM	15568	15569	20604
chrM	15569	15570	19913
chrM	15570	15571	19868
chrM	15571	15572	19848
chrM	15572	15573	19833
chrM	15573	15574	19824
chrM	15574	15575	19778
chrM	15575	15576	19723
chrM	15576	15577	19155
chrM	15577	15578	19142
chrM	15578	15579	19140
chrM	15579	15580	19102
chrM	15580	15581	19046
chrM	15581	15582	19018
chrM	15582	15583	18841
chrM	15583	15584	18800
chrM	15584	15585	18738
chrM	15585	15586	18733
chrM	15586	15587	18453
chrM	15587	15588	18429
chrM	15588	15589	18411
chrM	15589	15590	18277
chrM	15590	15591	17940
chrM	15591	15592	17618
chrM	15592	15593	17526
chrM	15593	15594	17475
chrM	15594	15595	17244
chrM	15595	15596	17068
chrM	15596	15597	16527
chrM	15597	15598	16384
chrM	15598	15599	16287
chrM	15599	15600	15968
chrM	15600	15601	15834
chrM	15601	15602	15703
chrM	15602	15603	15702
chrM	15603	15604	15604
chrM	15604	15605	15537
chrM	15605	15606	15530
chrM	15606	15607	15316
chrM	15607	15608	15291
chrM	15608	15609	15124
chrM	15609	15610	14392
chrM	15610	15611	14246
chrM	15611	15612	14154
chrM	15612	15613	13872
chrM	15613	15614	13856
chrM	15614	15615	13823
chrM	15615	15616	13767
chrM	15616	15617	13755
chrM	15617	15618	13325
chrM	15618	15619	13314
chrM	15619	15620	13190
chrM	15620	15621	12566
chrM	15621	15622	11978
chrM	15622	15623	11891
chrM	15623	15624	11886
chrM	15624	15625	11866
chrM	15625	15626	11794
chrM	15626	15627	11794
chrM	15627	15628	11768
chrM	15628	15629	11720
chrM	15629	15630	11312
chrM	15630	15631	11302
chrM	15631	15632	11003
chrM	15632	15633	10967
chrM	15633	15634	10908
chrM	15634	15635	10867
chrM	15635	15636	10642
chrM	15636	15637	10270
chrM	15637	15638	10229
chrM	15638	15639	10204
chrM	15639	15640	9512
chrM	15640	15641	9456
chrM	15641	15642	9395
chrM	15642	15643	9328
chrM	15643	15644	8656
chrM	15644	15645	8646
chrM	15645	15646	4536
chrM	15646	15647	4124
chrM	15647	15648	4062
chrM	15648	15649	3630
chrM	15649	15650	3434
chrM	15650	15651	3285
chrM	15651	15652	3237
chrM	15652	15653	2350
chrM	15653	15654	2214
chrM	15654	15655	2050
chrM	15655	15656	2026
chrM	15656	15657	1308
chrM	15657	15658	851
chrM	15658	15659	754
chrM	15659	15660	678
chrM	15660	15661	676
chrM	15661	15662	664
chrM	15662	15663	460
chrM	15663	15664	396
chrM	15664	15665	391
chrM	15665	15666	390
chrM	15666	15667	365
chrM	15667	15668	357
chrM	15668	15669	341
chrM	15669	15670	341
chrM	15670	15671	341
chrM	15671	15672	341
chrM	15672	15673	337
chrM	15673	15674	335
chrM	15674	15675	334
chrM	15675	15676	333
chrM	15676	15677	330
chrM	15677	15678	330
chrM	15678	15679	330
chrM	15679	15680	330
chrM	15680	15681	331
chrM	15681	15682	331
chrM	15682	15683	330
chrM	15683	15684	330
chrM	15684	15685	331
chrM	15685	15686	331
chrM	15686	15687	331
chrM	15687	15688	330
chrM	15688	15689	329
chrM	15689	15690	328
chrM	15690	15691	324
chrM	15691	15692	322
chrM	15692	15693	322
chrM	15693	15694	322
chrM	15694	15695	322
chrM	15695	15696	322
chrM	15696	15697	320
chrM	15697	15698	319
chrM	15698	15699	319
chrM	15699	15700	317
chrM	15700	15701	317
chrM	15701	15702	317
chrM	15702	15703	317
chrM	15703	15704	316
chrM	15704	15705	315
chrM	15705	15706	313
chrM	15706	15707	312
chrM	15707	15708	312
chrM	15708	15709	312
chrM	15709	15710	309
chrM	15710	15711	306
chrM	15711	15712	306
chrM	15712	15713	306
chrM	15713	15714	306
chrM	15714	15715	305
chrM	15715	15716	304
chrM	15716	15717	301
chrM	15717	15718	300
chrM	15718	15719	300
chrM	15719	15720	299
chrM	15720	15721	298
chrM	15721	15722	298
chrM	15722	15723	298
chrM	15723	15724	298
chrM	15724	15725	295
chrM	15725	15726	294
chrM	15726	15727	294
chrM	15727	15728	292
chrM	15728	15729	292
chrM	15729	15730	290
chrM	15730	15731	287
chrM	15731	15732	285
chrM	15732	15733	284
chrM	15733	15734	282
chrM	15734	15735	282
chrM	15735	15736	256
chrM	15736	15737	254
chrM	15737	15738	254
chrM	15738	15739	253
chrM	15739	15740	252
chrM	15740	15741	252
chrM	15741	15742	252
chrM	15742	15743	252
chrM	15743	15744	252
chrM	15744	15745	251
chrM	15745	15746	251
chrM	15746	15747	245
chrM	15747	15748	245
chrM	15748	15749	245
chrM	15749	15750	243
chrM	15750	15751	243
chrM	15751	15752	233
chrM	15752	15753	233
chrM	15753	15754	229
chrM	15754	15755	229
chrM	15755	15756	229
chrM	15756	15757	229
chrM	15757	15758	229
chrM	15758	15759	229
chrM	15759	15760	229
chrM	15760	15761	228
chrM	15761	15762	228
chrM	15762	15763	227
chrM	15763	15764	226
chrM	15764	15765	226
chrM	15765	15766	225
chrM	15766	15767	225
chrM	15767	15768	223
chrM	15768	15769	223
chrM	15769	15770	223
chrM	15770	15771	223
chrM	15771	15772	222
chrM	15772	15773	222
chrM	15773	15774	222
chrM	15774	15775	222
chrM	15775	15776	222
chrM	15776	15777	221
chrM	15777	15778	221
chrM	15778	15779	221
chrM	15779	15780	221
chrM	15780	15781	221
chrM	15781	15782	220
chrM	15782	15783	219
chrM	15783	15784	219
chrM	15784	15785	219
chrM	15785	15786	219
chrM	15786	15787	219
chrM	15787	15788	219
chrM	15788	15789	219
chrM	15789	15790	219
chrM	15790	15791	219
chrM	15791	15792	217
chrM	15792	15793	217
chrM	15793	15794	216
chrM	15794	15795	216
chrM	15795	15796	216
chrM	15796	15797	216
chrM	15797	15798	216
chrM	15798	15799	216
chrM	15799	15800	215
chrM	15800	15801	215
chrM	15801	15802	215
chrM	15802	15803	215
chrM	15803	15804	215
chrM	15804	15805	214
chrM	15805	15806	213
chrM	15806	15807	213
chrM	15807	15808	213
chrM	15808	15809	213
chrM	15809	15810	213
chrM	15810	15811	213
chrM	15811	15812	212
chrM	15812	15813	212
chrM	15813	15814	208
chrM	15814	15815	208
chrM	15815	15816	208
chrM	15816	15817	208
chrM	15817	15818	208
chrM	15818	15819	208
chrM	15819	15820	208
chrM	15820	15821	208
chrM	15821	15822	208
chrM	15822	15823	207
chrM	15823	15824	207
chrM	15824	15825	205
chrM	15825	15826	205
chrM	15826	15827	205
chrM	15827	15828	205
chrM	15828	15829	205
chrM	15829	15830	204
chrM	15830	15831	204
chrM	15831	15832	204
chrM	15832	15833	204
chrM	15833	15834	203
chrM	15834	15835	202
chrM	15835	15836	201
chrM	15836	15837	201
chrM	15837	15838	201
chrM	15838	15839	201
chrM	15839	15840	194
chrM	15840	15841	188
chrM	15841	15842	188
chrM	15842	15843	188
chrM	15843	15844	187
chrM	15844	15845	187
chrM	15845	15846	187
chrM	15846	15847	184
chrM	15847	15848	184
chrM	15848	15849	184
chrM	15849	15850	184
chrM	15850	15851	184
chrM	15851	15852	184
chrM	15852	15853	184
chrM	15853	15854	183
chrM	15854	15855	183
chrM	15855	15856	183
chrM	15856	15857	183
chrM	15857	15858	183
chrM	15858	15859	183
chrM	15859	15860	183
chrM	15860	15861	182
chrM	15861	15862	182
chrM	15862	15863	182
chrM	15863	15864	181
chrM	15864	15865	180
chrM	15865	15866	180
chrM	15866	15867	180
chrM	15867	15868	180
chrM	15868	15869	180
chrM	15869	15870	180
chrM	15870	15871	180
chrM	15871	15872	180
chrM	15872	15873	179
chrM	15873	15874	168
chrM	15874	15875	166
chrM	15875	15876	165
chrM	15876	15877	165
chrM	15877	15878	165
chrM	15878	15879	165
chrM	15879	15880	165
chrM	15880	15881	165
chrM	15881	15882	165
chrM	15882	15883	165
chrM	15883	15884	165
chrM	15884	15885	163
chrM	15885	15886	163
chrM	15886	15887	163
chrM	15887	15888	163
chrM	15888	15889	163
chrM	15889	15890	163
chrM	15890	15891	163
chrM	15891	15892	163
chrM	15892	15893	163
chrM	15893	15894	163
chrM	15894	15895	163
chrM	15895	15896	163
chrM	15896	15897	162
chrM	15897	15898	162
chrM	15898	15899	162
chrM	15899	15900	162
chrM	15900	15901	159
chrM	15901	15902	159
chrM	15902	15903	159
chrM	15903	15904	159
chrM	15904	15905	159
chrM	15905	15906	159
chrM	15906	15907	159
chrM	15907	15908	159
chrM	15908	15909	159
chrM	15909	15910	159
chrM	15910	15911	159
chrM	15911	15912	159
chrM	15912	15913	159
chrM	15913	15914	159
chrM	15914	15915	159
chrM	15915	15916	159
chrM	15916	15917	159
chrM	15917	15918	159
chrM	15918	15919	159
chrM	15919	15920	160
chrM	15920	15921	160
chrM	15921	15922	159
chrM	15922	15923	159
chrM	15923	15924	159
chrM	15924	15925	159
chrM	15925	15926	159
chrM	15926	15927	159
chrM	15927	15928	159
chrM	15928	15929	158
chrM	15929	15930	158
chrM	15930	15931	158
chrM	15931	15932	158
chrM	15932	15933	158
chrM	15933	15934	157
chrM	15934	15935	157
chrM	15935	15936	157
chrM	15936	15937	157
chrM	15937	15938	157
chrM	15938	15939	157
chrM	15939	15940	157
chrM	15940	15941	157
chrM	15941	15942	157
chrM	15942	15943	157
chrM	15943	15944	156
chrM	15944	15945	156
chrM	15945	15946	156
chrM	15946	15947	156
chrM	15947	15948	156
chrM	15948	15949	156
chrM	15949	15950	157
chrM	15950	15951	157
chrM	15951	15952	157
chrM	15952	15953	156
chrM	15953	15954	156
chrM	15954	15955	156
chrM	15955	15956	155
chrM	15956	15957	155
chrM	15957	15958	155
chrM	15958	15959	155
chrM	15959	15960	154
chrM	15960	15961	154
chrM	15961	15962	154
chrM	15962	15963	154
chrM	15963	15964	154
chrM	15964	15965	154
chrM	15965	15966	154
chrM	15966	15967	154
chrM	15967	15968	154
chrM	15968	15969	154
chrM	15969	15970	154
chrM	15970	15971	154
chrM	15971	15972	154
chrM	15972	15973	154
chrM	15973	15974	154
chrM	15974	15975	154
chrM	15975	15976	154
chrM	15976	15977	154
chrM	15977	15978	154
chrM	15978	15979	153
chrM	15979	15980	154
chrM	15980	15981	153
chrM	15981	15982	153
chrM	15982	15983	155
chrM	15983	15984	155
chrM	15984	15985	156
chrM	15985	15986	156
chrM	15986	15987	156
chrM	15987	15988	156
chrM	15988	15989	161
chrM	15989	15990	161
chrM	15990	15991	162
chrM	15991	15992	163
chrM	15992	15993	163
chrM	15993	15994	162
chrM	15994	15995	162
chrM	15995	15996	162
chrM	15996	15997	162
chrM	15997	15998	162
chrM	15998	15999	161
chrM	15999	16000	161
chrM	16000	16001	162
chrM	16001	16002	162
chrM	16002	16003	163
chrM	16003	16004	159
chrM	16004	16005	146
chrM	16005	16006	146
chrM	16006	16007	146
chrM	16007	16008	146
chrM	16008	16009	146
chrM	16009	16010	147
chrM	16010	16011	146
chrM	16011	16012	146
chrM	16012	16013	146
chrM	16013	16014	146
chrM	16014	16015	147
chrM	16015	16016	146
chrM	16016	16017	145
chrM	16017	16018	143
chrM	16018	16019	142
chrM	16019	16020	142
chrM	16020	16021	143
chrM	16021	16022	143
chrM	16022	16023	143
chrM	16023	16024	143
chrM	16024	16025	143
chrM	16025	16026	143
chrM	16026	16027	143
chrM	16027	16028	143
chrM	16028	16029	143
chrM	16029	16030	144
chrM	16030	16031	145
chrM	16031	16032	145
chrM	16032	16033	145
chrM	16033	16034	146
chrM	16034	16035	146
chrM	16035	16036	146
chrM	16036	16037	146
chrM	16037	16038	146
chrM	16038	16039	146
chrM	16039	16040	146
chrM	16040	16041	146
chrM	16041	16042	146
chrM	16042	16043	146
chrM	16043	16044	146
chrM	16044	16045	146
chrM	16045	16046	146
chrM	16046	16047	147
chrM	16047	16048	147
chrM	16048	16049	147
chrM	16049	16050	146
chrM	16050	16051	146
chrM	16051	16052	146
chrM	16052	16053	146
chrM	16053	16054	146
chrM	16054	16055	146
chrM	16055	16056	144
chrM	16056	16057	143
chrM	16057	16058	141
chrM	16058	16059	140
chrM	16059	16060	140
chrM	16060	16061	140
chrM	16061	16062	140
chrM	16062	16063	140
chrM	16063	16064	140
chrM	16064	16065	140
chrM	16065	16066	141
chrM	16066	16067	141
chrM	16067	16068	141
chrM	16068	16069	141
chrM	16069	16070	141
chrM	16070	16071	141
chrM	16071	16072	141
chrM	16072	16073	143
chrM	16073	16074	143
chrM	16074	16075	143
chrM	16075	16076	152
chrM	16076	16077	157
chrM	16077	16078	158
chrM	16078	16079	159
chrM	16079	16080	159
chrM	16080	16081	160
chrM	16081	16082	161
chrM	16082	16083	164
chrM	16083	16084	164
chrM	16084	16085	164
chrM	16085	16086	174
chrM	16086	16087	178
chrM	16087	16088	180
chrM	16088	16089	180
chrM	16089	16090	180
chrM	16090	16091	179
chrM	16091	16092	178
chrM	16092	16093	177
chrM	16093	16094	177
chrM	16094	16095	177
chrM	16095	16096	177
chrM	16096	16097	176
chrM	16097	16098	176
chrM	16098	16099	175
chrM	16099	16100	175
chrM	16100	16101	175
chrM	16101	16102	175
chrM	16102	16103	176
chrM	16103	16104	176
chrM	16104	16105	176
chrM	16105	16106	176
chrM	16106	16107	175
chrM	16107	16108	175
chrM	16108	16109	175
chrM	16109	16110	175
chrM	16110	16111	175
chrM	16111	16112	175
chrM	16112	16113	175
chrM	16113	16114	175
chrM	16114	16115	175
chrM	16115	16116	178
chrM	16116	16117	178
chrM	16117	16118	178
chrM	16118	16119	178
chrM	16119	16120	178
chrM	16120	16121	177
chrM	16121	16122	177
chrM	16122	16123	177
chrM	16123	16124	177
chrM	16124	16125	177
chrM	16125	16126	177
chrM	16126	16127	177
chrM	16127	16128	177
chrM	16128	16129	177
chrM	16129	16130	178
chrM	16130	16131	179
chrM	16131	16132	179
chrM	16132	16133	179
chrM	16133	16134	179
chrM	16134	16135	179
chrM	16135	16136	179
chrM	16136	16137	179
chrM	16137	16138	180
chrM	16138	16139	180
chrM	16139	16140	180
chrM	16140	16141	180
chrM	16141	16142	180
chrM	16142	16143	180
chrM	16143	16144	180
chrM	16144	16145	181
chrM	16145	16146	182
chrM	16146	16147	182
chrM	16147	16148	182
chrM	16148	16149	181
chrM	16149	16150	181
chrM	16150	16151	181
chrM	16151	16152	181
chrM	16152	16153	181
chrM	16153	16154	181
chrM	16154	16155	181
chrM	16155	16156	180
chrM	16156	16157	180
chrM	16157	16158	180
chrM	16158	16159	180
chrM	16159	16160	179
chrM	16160	16161	179
chrM	16161	16162	179
chrM	16162	16163	180
chrM	16163	16164	180
chrM	16164	16165	180
chrM	16165	16166	178
chrM	16166	16167	177
chrM	16167	16168	176
chrM	16168	16169	176
chrM	16169	16170	177
chrM	16170	16171	177
chrM	16171	16172	177
chrM	16172	16173	177
chrM	16173	16174	180
chrM	16174	16175	180
chrM	16175	16176	180
chrM	16176	16177	179
chrM	16177	16178	180
chrM	16178	16179	176
chrM	16179	16180	175
chrM	16180	16181	173
chrM	16181	16182	173
chrM	16182	16183	173
chrM	16183	16184	173
chrM	16184	16185	172
chrM	16185	16186	171
chrM	16186	16187	169
chrM	16187	16188	169
chrM	16188	16189	168
chrM	16189	16190	168
chrM	16190	16191	167
chrM	16191	16192	167
chrM	16192	16193	167
chrM	16193	16194	166
chrM	16194	16195	166
chrM	16195	16196	165
chrM	16196	16197	165
chrM	16197	16198	166
chrM	16198	16199	165
chrM	16199	16200	165
chrM	16200	16201	165
chrM	16201	16202	165
chrM	16202	16203	165
chrM	16203	16204	167
chrM	16204	16205	167
chrM	16205	16206	165
chrM	16206	16207	163
chrM	16207	16208	159
chrM	16208	16209	159
chrM	16209	16210	158
chrM	16210	16211	159
chrM	16211	16212	159
chrM	16212	16213	159
chrM	16213	16214	161
chrM	16214	16215	157
chrM	16215	16216	156
chrM	16216	16217	155
chrM	16217	16218	154
chrM	16218	16219	154
chrM	16219	16220	154
chrM	16220	16221	152
chrM	16221	16222	153
chrM	16222	16223	147
chrM	16223	16224	145
chrM	16224	16225	145
chrM	16225	16226	144
chrM	16226	16227	144
chrM	16227	16228	144
chrM	16228	16229	144
chrM	16229	16230	145
chrM	16230	16231	145
chrM	16231	16232	144
chrM	16232	16233	144
chrM	16233	16234	144
chrM	16234	16235	143
chrM	16235	16236	141
chrM	16236	16237	141
chrM	16237	16238	141
chrM	16238	16239	141
chrM	16239	16240	141
chrM	16240	16241	139
chrM	16241	16242	140
chrM	16242	16243	140
chrM	16243	16244	140
chrM	16244	16245	140
chrM	16245	16246	140
chrM	16246	16247	139
chrM	16247	16248	138
chrM	16248	16249	138
chrM	16249	16250	138
chrM	16250	16251	138
chrM	16251	16252	138
chrM	16252	16253	138
chrM	16253	16254	138
chrM	16254	16255	138
chrM	16255	16256	138
chrM	16256	16257	138
chrM	16257	16258	138
chrM	16258	16259	138
chrM	16259	16260	138
chrM	16260	16261	138
chrM	16261	16262	139
chrM	16262	16263	139
chrM	16263	16264	140
chrM	16264	16265	140
chrM	16265	16266	139
chrM	16266	16267	139
chrM	16267	16268	139
chrM	16268	16269	139
chrM	16269	16270	139
chrM	16270	16271	139
chrM	16271	16272	139
chrM	16272	16273	139
chrM	16273	16274	139
chrM	16274	16275	139
chrM	16275	16276	138
chrM	16276	16277	136
chrM	16277	16278	133
chrM	16278	16279	133
chrM	16279	16280	133
chrM	16280	16281	133
chrM	16281	16282	133
chrM	16282	16283	133
chrM	16283	16284	133
chrM	16284	16285	133
chrM	16285	16286	133
chrM	16286	16287	130
chrM	16287	16288	130
chrM	16288	16289	128
chrM	16289	16290	127
chrM	16290	16291	127
chrM	16291	16292	127
chrM	16292	16293	127
chrM	16293	16294	126
chrM	16294	16295	124
chrM	16295	16296	120
chrM	16296	16297	120
chrM	16297	16298	120
chrM	16298	16299	119
chrM	16299	16300	119
chrM	16300	16301	119
chrM	16301	16302	119
chrM	16302	16303	119
chrM	16303	16304	119
chrM	16304	16305	119
chrM	16305	16306	119
chrM	16306	16307	119
chrM	16307	16308	118
chrM	16308	16309	113
chrM	16309	16310	111
chrM	16310	16311	110
chrM	16311	16312	105
chrM	16312	16313	105
chrM	16313	16314	105
chrM	16314	16315	104
chrM	16315	16316	104
chrM	16316	16317	103
chrM	16317	16318	100
chrM	16318	16319	99
chrM	16319	16320	91
chrM	16320	16321	91
chrM	16321	16322	84
chrM	16322	16323	82
chrM	16323	16324	80
chrM	16324	16325	80
chrM	16325	16326	80
chrM	16326	16327	80
chrM	16327	16328	80
chrM	16328	16329	79
chrM	16329	16330	79
chrM	16330	16331	75
chrM	16331	16332	75
chrM	16332	16333	73
chrM	16333	16334	73
chrM	16334	16335	71
chrM	16335	16336	71
chrM	16336	16337	70
chrM	16337	16338	70
chrM	16338	16339	70
chrM	16339	16340	68
chrM	16340	16341	66
chrM	16341	16342	65
chrM	16342	16343	65
chrM	16343	16344	65
chrM	16344	16345	65
chrM	16345	16346	61
chrM	16346	16347	61
chrM	16347	16348	61
chrM	16348	16349	60
chrM	16349	16350	59
chrM	16350	16351	59
chrM	16351	16352	59
chrM	16352	16353	59
chrM	16353	16354	59
chrM	16354	16355	59
chrM	16355	16356	59
chrM	16356	16357	59
chrM	16357	16358	59
chrM	16358	16359	59
chrM	16359	16360	59
chrM	16360	16361	59
chrM	16361	16362	58
chrM	16362	16363	58
chrM	16363	16364	58
chrM	16364	16365	58
chrM	16365	16366	55
chrM	16366	16367	49
chrM	16367	16368	49
chrM	16368	16369	49
chrM	16369	16370	49
chrM	16370	16371	46
chrM	16371	16372	46
chrM	16372	16373	45
chrM	16373	16374	44
chrM	16374	16375	44
chrM	16375	16376	43
chrM	16376	16377	43
chrM	16377	16378	43
chrM	16378	16379	43
chrM	16379	16380	43
chrM	16380	16381	41
chrM	16381	16382	41
chrM	16382	16383	38
chrM	16383	16384	36
chrM	16384	16385	36
chrM	16385	16386	36
chrM	16386	16387	36
chrM	16387	16388	36
chrM	16388	16389	36
chrM	16389	16390	36
chrM	16390	16391	36
chrM	16391	16392	34
chrM	16392	16393	28
chrM	16393	16394	28
chrM	16394	16395	28
chrM	16395	16396	28
chrM	16396	16397	26
chrM	16397	16398	26
chrM	16398	16399	26
chrM	16399	16400	26
chrM	16400	16401	26
chrM	16401	16402	23
chrM	16402	16403	22
chrM	16403	16404	22
chrM	16404	16405	22
chrM	16405	16406	22
chrM	16406	16407	22
chrM	16407	16408	22
chrM	16408	16409	22
chrM	16409	16410	22
chrM	16410	16411	22
chrM	16411	16412	22
chrM	16412	16413	21
chrM	16413	16414	21
chrM	16414	16415	20
chrM	16415	16416	20
chrM	16416	16417	20
chrM	16417	16418	20
chrM	16418	16419	20
chrM	16419	16420	20
chrM	16420	16421	20
chrM	16421	16422	20
chrM	16422	16423	20
chrM	16423	16424	20
chrM	16424	16425	18
chrM	16425	16426	18
chrM	16426	16427	18
chrM	16427	16428	16
chrM	16428	16429	15
chrM	16429	16430	15
chrM	16430	16431	15
chrM	16431	16432	15
chrM	16432	16433	14
chrM	16433	16434	13
chrM	16434	16435	13
chrM	16435	16436	13
chrM	16436	16437	13
chrM	16437	16438	13
chrM	16438	16439	13
chrM	16439	16440	13
chrM	16440	16441	13
chrM	16441	16442	13
chrM	16442	16443	13
chrM	16443	16444	13
chrM	16444	16445	13
chrM	16445	16446	12
chrM	16446	16447	12
chrM	16447	16448	12
chrM	16448	16449	11
chrM	16449	16450	11
chrM	16450	16451	11
chrM	16451	16452	11
chrM	16452	16453	11
chrM	16453	16454	11
chrM	16454	16455	10
chrM	16455	16456	10
chrM	16456	16457	9
chrM	16457	16458	9
chrM	16458	16459	8
chrM	16459	16460	8
chrM	16460	16461	8
chrM	16461	16462	8
chrM	16462	16463	7
chrM	16463	16464	1
chrM	16464	16465	1
