chrM	1	1	0
chrM	2	2	0
chrM	3	3	0
chrM	4	4	0
chrM	5	5	0
chrM	6	6	0
chrM	7	7	0
chrM	8	8	0
chrM	9	9	0
chrM	10	10	0
chrM	11	11	0
chrM	12	12	0
chrM	13	13	0
chrM	14	14	0
chrM	15	15	0
chrM	16	16	0
chrM	17	17	0
chrM	18	18	0
chrM	19	19	0
chrM	20	20	0
chrM	21	21	0
chrM	22	22	0
chrM	23	23	0
chrM	24	24	0
chrM	25	25	0
chrM	26	26	0
chrM	27	27	0
chrM	28	28	0
chrM	29	29	0
chrM	30	30	0
chrM	31	31	0
chrM	32	32	0
chrM	33	33	0
chrM	34	34	0
chrM	35	35	0
chrM	36	36	0
chrM	37	37	0
chrM	38	38	0
chrM	39	39	0
chrM	40	40	0
chrM	41	41	0
chrM	42	42	0
chrM	43	43	0
chrM	44	44	0
chrM	45	45	0
chrM	46	46	0
chrM	47	47	0
chrM	48	48	0
chrM	49	49	0
chrM	50	50	0
chrM	51	51	0
chrM	52	52	0
chrM	53	53	0
chrM	54	54	0
chrM	55	55	0
chrM	56	56	0
chrM	57	57	0
chrM	58	58	0
chrM	59	59	0
chrM	60	60	0
chrM	61	61	0
chrM	62	62	0
chrM	63	63	0
chrM	64	64	0
chrM	65	65	0
chrM	66	66	0
chrM	67	67	0
chrM	68	68	0
chrM	69	69	0
chrM	70	70	0
chrM	71	71	0
chrM	72	72	0
chrM	73	73	0
chrM	74	74	0
chrM	75	75	0
chrM	76	76	0
chrM	77	77	0
chrM	78	78	0
chrM	79	79	0
chrM	80	80	0
chrM	81	81	0
chrM	82	82	0
chrM	83	83	0
chrM	84	84	0
chrM	85	85	0
chrM	86	86	0
chrM	87	87	0
chrM	88	88	0
chrM	89	89	0
chrM	90	90	0
chrM	91	91	0
chrM	92	92	0
chrM	93	93	0
chrM	94	94	0
chrM	95	95	0
chrM	96	96	0
chrM	97	97	0
chrM	98	98	0
chrM	99	99	0
chrM	100	100	0
chrM	101	101	0
chrM	102	102	0
chrM	103	103	0
chrM	104	104	0
chrM	105	105	0
chrM	106	106	0
chrM	107	107	0
chrM	108	108	0
chrM	109	109	0
chrM	110	110	0
chrM	111	111	0
chrM	112	112	0
chrM	113	113	0
chrM	114	114	0
chrM	115	115	0
chrM	116	116	0
chrM	117	117	0
chrM	118	118	0
chrM	119	119	0
chrM	120	120	0
chrM	121	121	0
chrM	122	122	0
chrM	123	123	0
chrM	124	124	0
chrM	125	125	0
chrM	126	126	0
chrM	127	127	0
chrM	128	128	0
chrM	129	129	0
chrM	130	130	0
chrM	131	131	0
chrM	132	132	0
chrM	133	133	0
chrM	134	134	0
chrM	135	135	0
chrM	136	136	0
chrM	137	137	0.0240963855421687
chrM	138	138	0
chrM	139	139	0
chrM	140	140	0.0119047619047619
chrM	141	141	0
chrM	142	142	0
chrM	143	143	0
chrM	144	144	0
chrM	145	145	0
chrM	146	146	0
chrM	147	147	0
chrM	148	148	0
chrM	149	149	0
chrM	150	150	0
chrM	151	151	0
chrM	152	152	0
chrM	153	153	0
chrM	154	154	0
chrM	155	155	0
chrM	156	156	0
chrM	157	157	0
chrM	158	158	0
chrM	159	159	0.00917431192660551
chrM	160	160	0
chrM	161	161	0
chrM	162	162	0
chrM	163	163	0
chrM	164	164	0.0087719298245614
chrM	165	165	0
chrM	166	166	0
chrM	167	167	0
chrM	168	168	0
chrM	169	169	0
chrM	170	170	0
chrM	171	171	0.0065359477124183
chrM	172	172	0
chrM	173	173	0
chrM	174	174	0
chrM	175	175	0
chrM	176	176	0
chrM	177	177	0
chrM	178	178	0
chrM	179	179	0
chrM	180	180	0
chrM	181	181	0
chrM	182	182	0
chrM	183	183	0
chrM	184	184	0.0110497237569061
chrM	185	185	0
chrM	186	186	0.00558659217877095
chrM	187	187	0
chrM	188	188	0
chrM	189	189	0
chrM	190	190	0
chrM	191	191	0.00510204081632653
chrM	192	192	0
chrM	193	193	0
chrM	194	194	0
chrM	195	195	0.0112359550561798
chrM	196	196	0
chrM	197	197	0
chrM	198	198	0
chrM	199	199	0
chrM	200	200	0
chrM	201	201	0
chrM	202	202	0.0072202166064982
chrM	203	203	0
chrM	204	204	0
chrM	205	205	0
chrM	206	206	0
chrM	207	207	0
chrM	208	208	0
chrM	209	209	0
chrM	210	210	0
chrM	211	211	0
chrM	212	212	0
chrM	213	213	0
chrM	214	214	0
chrM	215	215	0
chrM	216	216	0
chrM	217	217	0
chrM	218	218	0
chrM	219	219	0
chrM	220	220	0
chrM	221	221	0
chrM	222	222	0
chrM	223	223	0
chrM	224	224	0
chrM	225	225	0
chrM	226	226	0
chrM	227	227	0.00206611570247934
chrM	228	228	0
chrM	229	229	0
chrM	230	230	0.00206611570247934
chrM	231	231	0
chrM	232	232	0
chrM	233	233	0
chrM	234	234	0
chrM	235	235	0
chrM	236	236	0.0099009900990099
chrM	237	237	0
chrM	238	238	0.00197628458498024
chrM	239	239	0.00196463654223969
chrM	240	240	0
chrM	241	241	0
chrM	242	242	0.00196850393700787
chrM	243	243	0
chrM	244	244	0
chrM	245	245	0
chrM	246	246	0
chrM	247	247	0
chrM	248	248	0.00383141762452107
chrM	249	249	0.00192307692307692
chrM	250	250	0
chrM	251	251	0
chrM	252	252	0
chrM	253	253	0
chrM	254	254	0.00500834724540901
chrM	255	255	0
chrM	256	256	0.00162074554294976
chrM	257	257	0
chrM	258	258	0
chrM	259	259	0.00130548302872063
chrM	260	260	0
chrM	261	261	0.0012987012987013
chrM	262	262	0
chrM	263	263	0.0120192307692308
chrM	264	264	0.00121506682867558
chrM	265	265	0.001194743130227
chrM	266	266	0
chrM	267	267	0.00237247924080664
chrM	268	268	0
chrM	269	269	0.00112739571589628
chrM	270	270	0
chrM	271	271	0
chrM	272	272	0.000858369098712446
chrM	273	273	0.000809061488673139
chrM	274	274	0.00240577385725742
chrM	275	275	0
chrM	276	276	0.00156372165754496
chrM	277	277	0
chrM	278	278	0
chrM	279	279	0
chrM	280	280	0.000769822940723634
chrM	281	281	0
chrM	282	282	0.0022189349112426
chrM	283	283	0
chrM	284	284	0.00296296296296296
chrM	285	285	0
chrM	286	286	0.000742942050520059
chrM	287	287	0.00148698884758364
chrM	288	288	0
chrM	289	289	0
chrM	290	290	0
chrM	291	291	0
chrM	292	292	0.000722543352601156
chrM	293	293	0
chrM	294	294	0
chrM	295	295	0
chrM	296	296	0
chrM	297	297	0
chrM	298	298	0
chrM	299	299	0.00428877769835597
chrM	300	300	0
chrM	301	301	0
chrM	302	302	0
chrM	303	303	0
chrM	304	304	0.000715819613457409
chrM	305	305	0.00143266475644699
chrM	306	306	0
chrM	307	307	0.00286944045911047
chrM	308	308	0.00359712230215827
chrM	309	309	0.00144404332129964
chrM	310	310	0.00361271676300578
chrM	311	311	0
chrM	312	312	0
chrM	313	313	0.00362581580855693
chrM	314	314	0
chrM	315	315	0
chrM	316	316	0.00727272727272727
chrM	317	317	0
chrM	318	318	0.00219298245614035
chrM	319	319	0
chrM	320	320	0.00512445095168375
chrM	321	321	0.00588235294117647
chrM	322	322	0
chrM	323	323	0.000739644970414201
chrM	324	324	0.00222057735011103
chrM	325	325	0.00148367952522255
chrM	326	326	0
chrM	327	327	0
chrM	328	328	0.000736919675755343
chrM	329	329	0
chrM	330	330	0.000734753857457752
chrM	331	331	0.00366837857666911
chrM	332	332	0.00368188512518409
chrM	333	333	0
chrM	334	334	0.00141442715700141
chrM	335	335	0.00424328147100424
chrM	336	336	0.00141743444365698
chrM	337	337	0.000709219858156028
chrM	338	338	0.0021291696238467
chrM	339	339	0.000710732054015636
chrM	340	340	0.00142247510668563
chrM	341	341	0
chrM	342	342	0
chrM	343	343	0
chrM	344	344	0
chrM	345	345	0.00142247510668563
chrM	346	346	0
chrM	347	347	0
chrM	348	348	0
chrM	349	349	0
chrM	350	350	0
chrM	351	351	0
chrM	352	352	0.0169252468265162
chrM	353	353	0
chrM	354	354	0
chrM	355	355	0
chrM	356	356	0.00286532951289398
chrM	357	357	0.00646551724137931
chrM	358	358	0
chrM	359	359	0.00361532899493854
chrM	360	360	0
chrM	361	361	0.000725163161711385
chrM	362	362	0.00435097897026831
chrM	363	363	0
chrM	364	364	0.00145560407569141
chrM	365	365	0.00728862973760933
chrM	366	366	0
chrM	367	367	0.00807635829662261
chrM	368	368	0.0170118343195266
chrM	369	369	0.00300978179082017
chrM	370	370	0.00150489089541008
chrM	371	371	0.000750187546886722
chrM	372	372	0.024024024024024
chrM	373	373	0.0138461538461538
chrM	374	374	0.000777000777000777
chrM	375	375	0.00388802488335925
chrM	376	376	0.00542635658914729
chrM	377	377	0.00155884645362432
chrM	378	378	0.00078064012490242
chrM	379	379	0.0179407176287051
chrM	380	380	0.0127084988085782
chrM	381	381	0.00159616919393456
chrM	382	382	0.00238473767885533
chrM	383	383	0
chrM	384	384	0.000792393026941363
chrM	385	385	0.00158604282315623
chrM	386	386	0.000782472613458529
chrM	387	387	0.00234558248631744
chrM	388	388	0.000783699059561128
chrM	389	389	0.000783699059561128
chrM	390	390	0.00392156862745098
chrM	391	391	0.0271950271950272
chrM	392	392	0.00955414012738853
chrM	393	393	0
chrM	394	394	0.0047808764940239
chrM	395	395	0.00235109717868339
chrM	396	396	0.00151515151515152
chrM	397	397	0
chrM	398	398	0
chrM	399	399	0.0192970365265334
chrM	400	400	0.000702247191011236
chrM	401	401	0.0132867132867133
chrM	402	402	0.00477815699658703
chrM	403	403	0.0164158686730506
chrM	404	404	0
chrM	405	405	0
chrM	406	406	0
chrM	407	407	0.00126422250316056
chrM	408	408	0.000630517023959647
chrM	409	409	0
chrM	410	410	0.00305250305250305
chrM	411	411	0.00421940928270042
chrM	412	412	0
chrM	413	413	0.00707130229817325
chrM	414	414	0.001185536455246
chrM	415	415	0.00118623962040332
chrM	416	416	0.00235571260306243
chrM	417	417	0.00117096018735363
chrM	418	418	0
chrM	419	419	0.00350877192982456
chrM	420	420	0.000586854460093897
chrM	421	421	0.00175953079178886
chrM	422	422	0.0146799765120376
chrM	423	423	0.00536352800953516
chrM	424	424	0.000599161174355902
chrM	425	425	0.000595947556615018
chrM	426	426	0.00231347599768652
chrM	427	427	0
chrM	428	428	0.00231481481481481
chrM	429	429	0.000580046403712297
chrM	430	430	0.00115673799884326
chrM	431	431	0
chrM	432	432	0.00401376146788991
chrM	433	433	0
chrM	434	434	0.000571428571428571
chrM	435	435	0
chrM	436	436	0.0107893242475866
chrM	437	437	0
chrM	438	438	0
chrM	439	439	0.000565930956423316
chrM	440	440	0.00339174674957603
chrM	441	441	0.00226244343891403
chrM	442	442	0.00340136054421769
chrM	443	443	0
chrM	444	444	0.00224719101123596
chrM	445	445	0.000562113546936481
chrM	446	446	0.000562113546936481
chrM	447	447	0.00449185850645705
chrM	448	448	0.00112803158488438
chrM	449	449	0.00225861095426313
chrM	450	450	0.0254524886877828
chrM	451	451	0.00174013921113689
chrM	452	452	0
chrM	453	453	0.000578703703703704
chrM	454	454	0.00289351851851852
chrM	455	455	0.00580046403712297
chrM	456	456	0.00350058343057176
chrM	457	457	0
chrM	458	458	0.00171919770773639
chrM	459	459	0
chrM	460	460	0.00631458094144661
chrM	461	461	0.00173310225303293
chrM	462	462	0
chrM	463	463	0.0223112128146453
chrM	464	464	0
chrM	465	465	0.000579710144927536
chrM	466	466	0.00174013921113689
chrM	467	467	0.00231615518239722
chrM	468	468	0.0103926096997691
chrM	469	469	0.0244612696563774
chrM	470	470	0.00774731823599523
chrM	471	471	0.00300120048019208
chrM	472	472	0.00120409391932571
chrM	473	473	0.0522836538461538
chrM	474	474	0.0132743362831858
chrM	475	475	0.00255918106206014
chrM	476	476	0.00383631713554987
chrM	477	477	0
chrM	478	478	0.00384368994234465
chrM	479	479	0.0057618437900128
chrM	480	480	0.018018018018018
chrM	481	481	0.00123152709359606
chrM	482	482	0
chrM	483	483	0.00123152709359606
chrM	484	484	0.0098340503995083
chrM	485	485	0.00310366232153942
chrM	486	486	0.00817279626386457
chrM	487	487	0.00117647058823529
chrM	488	488	0.000587889476778366
chrM	489	489	0
chrM	490	490	0.00117164616285882
chrM	491	491	0.00349040139616056
chrM	492	492	0.00291375291375291
chrM	493	493	0
chrM	494	494	0.00175336060783168
chrM	495	495	0
chrM	496	496	0.00638421358096344
chrM	497	497	0.00116822429906542
chrM	498	498	0
chrM	499	499	0
chrM	500	500	0
chrM	501	501	0.00287521564117309
chrM	502	502	0.00173010380622837
chrM	503	503	0.00115540150202195
chrM	504	504	0.00231080300404391
chrM	505	505	0
chrM	506	506	0.00172018348623853
chrM	507	507	0.00228963938179737
chrM	508	508	0.00114744693057946
chrM	509	509	0
chrM	510	510	0
chrM	511	511	0.0239862935465448
chrM	512	512	0
chrM	513	513	0.00116959064327485
chrM	514	514	0
chrM	515	515	0.00175644028103044
chrM	516	516	0.00175849941383353
chrM	517	517	0.00234879624192601
chrM	518	518	0.00117096018735363
chrM	519	519	0
chrM	520	520	0.000585137507314219
chrM	521	521	0.000584795321637427
chrM	522	522	0.0122878876535986
chrM	523	523	0.00117924528301887
chrM	524	524	0.00177095631641086
chrM	525	525	0
chrM	526	526	0.00236127508854782
chrM	527	527	0.000589275191514437
chrM	528	528	0
chrM	529	529	0
chrM	530	530	0.00281056773468241
chrM	531	531	0
chrM	532	532	0
chrM	533	533	0.00111296605453534
chrM	534	534	0.000555555555555556
chrM	535	535	0.0388026607538803
chrM	536	536	0.00172910662824207
chrM	537	537	0.00346220427005193
chrM	538	538	0.00810654313839027
chrM	539	539	0.00700525394045534
chrM	540	540	0
chrM	541	541	0
chrM	542	542	0
chrM	543	543	0.000587544065804935
chrM	544	544	0
chrM	545	545	0
chrM	546	546	0.000587544065804935
chrM	547	547	0.00548847420417124
chrM	548	548	0
chrM	549	549	0.00110253583241455
chrM	550	550	0.00110314396028682
chrM	551	551	0.000552181115405853
chrM	552	552	0.00110436223081171
chrM	553	553	0.000551571980143409
chrM	554	554	0
chrM	555	555	0.000550357732526142
chrM	556	556	0
chrM	557	557	0.00320341697810998
chrM	558	558	0
chrM	559	559	0.00160170848905499
chrM	560	560	0
chrM	561	561	0.000529380624669137
chrM	562	562	0
chrM	563	563	0.00048780487804878
chrM	564	564	0.00384985563041386
chrM	565	565	0
chrM	566	566	0.00191387559808612
chrM	567	567	0.0128510233222275
chrM	568	568	0
chrM	569	569	0
chrM	570	570	0
chrM	571	571	0.000911577028258888
chrM	572	572	0
chrM	573	573	0.00128424657534247
chrM	574	574	0.000415454923140839
chrM	575	575	0.000412031314379893
chrM	576	576	0.000821018062397373
chrM	577	577	0.00451189499589828
chrM	578	578	0.00515668385561285
chrM	579	579	0.00271739130434783
chrM	580	580	0.00272373540856031
chrM	581	581	0.000389863547758285
chrM	582	582	0
chrM	583	583	0
chrM	584	584	0.00192604006163328
chrM	585	585	0.00423728813559322
chrM	586	586	0.00382995021064726
chrM	587	587	0
chrM	588	588	0.00191717791411043
chrM	589	589	0.0145593869731801
chrM	590	590	0.00932038834951456
chrM	591	591	0.000777302759424796
chrM	592	592	0
chrM	593	593	0.0176079734219269
chrM	594	594	0.00371621621621622
chrM	595	595	0.00297717499173007
chrM	596	596	0.00360655737704918
chrM	597	597	0.00131319763624425
chrM	598	598	0
chrM	599	599	0.00601456157011713
chrM	600	600	0.000315357931251971
chrM	601	601	0
chrM	602	602	0.000626959247648903
chrM	603	603	0.00185070943861814
chrM	604	604	0.00150647785477553
chrM	605	605	0.00149745432764301
chrM	606	606	0.00389338125187182
chrM	607	607	0.000298864315600717
chrM	608	608	0.00029868578255675
chrM	609	609	0.00118588793359028
chrM	610	610	0
chrM	611	611	0.00264783759929391
chrM	612	612	0.000294031167303734
chrM	613	613	0.00205882352941176
chrM	614	614	0.0192307692307692
chrM	615	615	0.00147972773009766
chrM	616	616	0
chrM	617	617	0.000295333727111636
chrM	618	618	0.000295246530853262
chrM	619	619	0
chrM	620	620	0.00146113383985973
chrM	621	621	0.00087719298245614
chrM	622	622	0.000877963125548727
chrM	623	623	0.000292911540714704
chrM	624	624	0.00204858062628036
chrM	625	625	0.00117130307467057
chrM	626	626	0.000585308750365818
chrM	627	627	0
chrM	628	628	0.000290275761973875
chrM	629	629	0.00289184499710815
chrM	630	630	0.00491187518058365
chrM	631	631	0.00232018561484919
chrM	632	632	0.000571428571428571
chrM	633	633	0.000567375886524823
chrM	634	634	0.000282087447108604
chrM	635	635	0.00584144645340751
chrM	636	636	0.00503637381085618
chrM	637	637	0.00196684461927508
chrM	638	638	0.00196739741427768
chrM	639	639	0.000814774579033134
chrM	640	640	0.000271591526344378
chrM	641	641	0.000541858574911948
chrM	642	642	0
chrM	643	643	0.00487408610885459
chrM	644	644	0
chrM	645	645	0.000543035568829758
chrM	646	646	0.000543035568829758
chrM	647	647	0.000542888165038002
chrM	648	648	0.000543183052688756
chrM	649	649	0.0108607113765952
chrM	650	650	0.000822143052891203
chrM	651	651	0.000273224043715847
chrM	652	652	0
chrM	653	653	0
chrM	654	654	0.000272628135223555
chrM	655	655	0.000816993464052288
chrM	656	656	0.00488599348534202
chrM	657	657	0.000270343336036767
chrM	658	658	0.00268744961031981
chrM	659	659	0.000538793103448276
chrM	660	660	0
chrM	661	661	0.0010738255033557
chrM	662	662	0
chrM	663	663	0
chrM	664	664	0
chrM	665	665	0.00240706071142017
chrM	666	666	0.00133368898372899
chrM	667	667	0.00160042678047479
chrM	668	668	0.00106837606837607
chrM	669	669	0.00239170874302418
chrM	670	670	0.000265957446808511
chrM	671	671	0.000265957446808511
chrM	672	672	0.014346439957492
chrM	673	673	0
chrM	674	674	0
chrM	675	675	0.00215285252960172
chrM	676	676	0.00242522231204527
chrM	677	677	0.000806668459263243
chrM	678	678	0
chrM	679	679	0.00241028387787895
chrM	680	680	0.000267952840300107
chrM	681	681	0.000268024658268561
chrM	682	682	0.0032171581769437
chrM	683	683	0
chrM	684	684	0.00214707461084273
chrM	685	685	0.00134480903711673
chrM	686	686	0.000269251480883145
chrM	687	687	0.00106951871657754
chrM	688	688	0
chrM	689	689	0.000267451190157796
chrM	690	690	0.00374331550802139
chrM	691	691	0.00107324926214113
chrM	692	692	0.0013430029546065
chrM	693	693	0
chrM	694	694	0.0008058017727639
chrM	695	695	0.00295381310418904
chrM	696	696	0.000807102502017756
chrM	697	697	0.00134517083669626
chrM	698	698	0.00161637931034483
chrM	699	699	0
chrM	700	700	0.00134625740441572
chrM	701	701	0.00107671601615074
chrM	702	702	0.000807319698600646
chrM	703	703	0
chrM	704	704	0.00053835800807537
chrM	705	705	0.000807754442649435
chrM	706	706	0.00053850296176629
chrM	707	707	0.000263019463440295
chrM	708	708	0.000525762355415352
chrM	709	709	0.000262881177707676
chrM	710	710	0.00183775269099501
chrM	711	711	0
chrM	712	712	0
chrM	713	713	0.000257334019557386
chrM	714	714	0.00051440329218107
chrM	715	715	0.0018013381369017
chrM	716	716	0.000772797527047913
chrM	717	717	0.00180458881154937
chrM	718	718	0.0118770978569584
chrM	719	719	0.000521104742053153
chrM	720	720	0.00362506473329881
chrM	721	721	0.000519615484541439
chrM	722	722	0.00077720207253886
chrM	723	723	0.00362506473329881
chrM	724	724	0.00285714285714286
chrM	725	725	0.00182196772514315
chrM	726	726	0.00182529335071708
chrM	727	727	0.00781860828772478
chrM	728	728	0.00235478806907378
chrM	729	729	0.0548732688790175
chrM	730	730	0.0068662455369404
chrM	731	731	0.000552486187845304
chrM	732	732	0.000540686672073533
chrM	733	733	0.000266453503863576
chrM	734	734	0.00184891706286318
chrM	735	735	0.00150262960180316
chrM	736	736	0.000250125062531266
chrM	737	737	0.00149625935162095
chrM	738	738	0.00549313358302122
chrM	739	739	0.002002002002002
chrM	740	740	0.000501127536958156
chrM	741	741	0.00025
chrM	742	742	0.000749063670411985
chrM	743	743	0.00373785198106155
chrM	744	744	0.00224382946896036
chrM	745	745	0.00870430241233524
chrM	746	746	0.00472989793378143
chrM	747	747	0.00225
chrM	748	748	0.00574569073195104
chrM	749	749	0.0122991967871486
chrM	750	750	0.00404040404040404
chrM	751	751	0.00253292806484296
chrM	752	752	0.00506713959969597
chrM	753	753	0.00152477763659466
chrM	754	754	0.000508905852417303
chrM	755	755	0.000504922999242616
chrM	756	756	0.00853199498117942
chrM	757	757	0
chrM	758	758	0.00227387569479535
chrM	759	759	0.000500876533934385
chrM	760	760	0.000750187546886722
chrM	761	761	0.00399700224831376
chrM	762	762	0.000501002004008016
chrM	763	763	0
chrM	764	764	0.00049825610363727
chrM	765	765	0.00612745098039216
chrM	766	766	0.000986193293885602
chrM	767	767	0.00172413793103448
chrM	768	768	0.000740009866798224
chrM	769	769	0
chrM	770	770	0.00370187561697927
chrM	771	771	0.000247463499133878
chrM	772	772	0
chrM	773	773	0
chrM	774	774	0.00420271940667491
chrM	775	775	0.0272682201289043
chrM	776	776	0.000254777070063694
chrM	777	777	0.00432680071264953
chrM	778	778	0.000255036980362153
chrM	779	779	0.000763358778625954
chrM	780	780	0.00279116975386958
chrM	781	781	0.00483091787439614
chrM	782	782	0.000764525993883792
chrM	783	783	0.00102014792144861
chrM	784	784	0.00306356905795251
chrM	785	785	0.000255885363357216
chrM	786	786	0.00383337592639918
chrM	787	787	0.000256081946222791
chrM	788	788	0.00153688524590164
chrM	789	789	0.000768836494105587
chrM	790	790	0.00589290289520881
chrM	791	791	0.000515065670873036
chrM	792	792	0.00103039670273055
chrM	793	793	0.00180412371134021
chrM	794	794	0.000258064516129032
chrM	795	795	0.00385901723694366
chrM	796	796	0.00515331100231899
chrM	797	797	0.00103600103600104
chrM	798	798	0.000518537723619393
chrM	799	799	0.00389004149377593
chrM	800	800	0.00590349075975359
chrM	801	801	0.000257731958762887
chrM	802	802	0
chrM	803	803	0.00180319422977846
chrM	804	804	0.00128435653737478
chrM	805	805	0.00256805341551104
chrM	806	806	0.00566426364572606
chrM	807	807	0.00284752782811287
chrM	808	808	0.00051907604464054
chrM	809	809	0.000519210799584631
chrM	810	810	0.00259672812256557
chrM	811	811	0.025767829255596
chrM	812	812	0.000801496126102057
chrM	813	813	0.00106524633821571
chrM	814	814	0.00106439595529537
chrM	815	815	0.00582627118644068
chrM	816	816	0.00692410119840213
chrM	817	817	0.0013401232913428
chrM	818	818	0.00429184549356223
chrM	819	819	0.000269323996768112
chrM	820	820	0
chrM	821	821	0.00242065626681011
chrM	822	822	0.000808189655172414
chrM	823	823	0.00404203718674212
chrM	824	824	0.00135281385281385
chrM	825	825	0.00270416441319632
chrM	826	826	0
chrM	827	827	0.00189291508923743
chrM	828	828	0.000270929287455974
chrM	829	829	0.00243638332430969
chrM	830	830	0.00243836358710377
chrM	831	831	0.0029810298102981
chrM	832	832	0
chrM	833	833	0.00244034707158351
chrM	834	834	0.000542740841248304
chrM	835	835	0.000540540540540541
chrM	836	836	0.000540540540540541
chrM	837	837	0.00486092357547934
chrM	838	838	0.00569105691056911
chrM	839	839	0.000272405339144647
chrM	840	840	0.0050411249668347
chrM	841	841	0.000530222693531283
chrM	842	842	0.00106072659771944
chrM	843	843	0.00345010615711253
chrM	844	844	0.00132731616671091
chrM	845	845	0.000265392781316348
chrM	846	846	0.00318471337579618
chrM	847	847	0.00452488687782805
chrM	848	848	0
chrM	849	849	0.000800854244527496
chrM	850	850	0.00452850293020778
chrM	851	851	0.00587606837606838
chrM	852	852	0.00161030595813205
chrM	853	853	0
chrM	854	854	0.000802782981000803
chrM	855	855	0.00106382978723404
chrM	856	856	0.0154255319148936
chrM	857	857	0.00107613666935701
chrM	858	858	0.0064550833781603
chrM	859	859	0.016504329004329
chrM	860	860	0.0078804347826087
chrM	861	861	0.0079408543263965
chrM	862	862	0.00710188473094783
chrM	863	863	0.00137513751375138
chrM	864	864	0.012859097127223
chrM	865	865	0.00277008310249307
chrM	866	866	0.00832177531206657
chrM	867	867	0.00027972027972028
chrM	868	868	0.00194228634850166
chrM	869	869	0.0046448087431694
chrM	870	870	0.00273897562311695
chrM	871	871	0.00453857791225416
chrM	872	872	0.00244857982370225
chrM	873	873	0.00735113942661112
chrM	874	874	0.0113911778962676
chrM	875	875	0.00170981924767953
chrM	876	876	0.00459825750242014
chrM	877	877	0
chrM	878	878	0.000955109837631328
chrM	879	879	0.00977353992848629
chrM	880	880	0.00312124849939976
chrM	881	881	0.00931098696461825
chrM	882	882	0.0112755461592671
chrM	883	883	0.00285103349964362
chrM	884	884	0.00309671272034302
chrM	885	885	0.00261655566127498
chrM	886	886	0.00166865315852205
chrM	887	887	0.00166984732824427
chrM	888	888	0.00381406436233611
chrM	889	889	0.000717531690983018
chrM	890	890	0.00191387559808612
chrM	891	891	0.00503235082674335
chrM	892	892	0.00649975926817525
chrM	893	893	0
chrM	894	894	0
chrM	895	895	0.000236798484489699
chrM	896	896	0.00165798199905258
chrM	897	897	0.00189618392984119
chrM	898	898	0.0011839924224485
chrM	899	899	0.000236406619385343
chrM	900	900	0.000236406619385343
chrM	901	901	0.000234741784037559
chrM	902	902	0.0011731581417175
chrM	903	903	0.00187837520544729
chrM	904	904	0.0232831608654751
chrM	905	905	0.00433212996389892
chrM	906	906	0.000241312741312741
chrM	907	907	0.000241254523522316
chrM	908	908	0.0254944007624494
chrM	909	909	0.00244498777506112
chrM	910	910	0.00343137254901961
chrM	911	911	0.0012278978388998
chrM	912	912	0.00860585197934595
chrM	913	913	0
chrM	914	914	0
chrM	915	915	0.000742942050520059
chrM	916	916	0.00247831474597274
chrM	917	917	0.0143493320138545
chrM	918	918	0.00524213679480779
chrM	919	919	0.00150037509377344
chrM	920	920	0.0150187734668335
chrM	921	921	0.00711201422402845
chrM	922	922	0.0193679918450561
chrM	923	923	0.0111659309270319
chrM	924	924	0.00261574679571018
chrM	925	925	0.0123230204509701
chrM	926	926	0.00291390728476821
chrM	927	927	0.047808764940239
chrM	928	928	0.00834956860562204
chrM	929	929	0.000561324726354196
chrM	930	930	0.00336794835812518
chrM	931	931	0.000281293952180028
chrM	932	932	0.00561482313307131
chrM	933	933	0.000282326369282891
chrM	934	934	0.0212171970965941
chrM	935	935	0.000855675984027382
chrM	936	936	0.00113798008534851
chrM	937	937	0.00423250564334086
chrM	938	938	0
chrM	939	939	0.00226308345120226
chrM	940	940	0.000283446712018141
chrM	941	941	0.000566251415628539
chrM	942	942	0.0016849199663016
chrM	943	943	0.000561482313307131
chrM	944	944	0.0005616399887672
chrM	945	945	0
chrM	946	946	0
chrM	947	947	0.000558347292015634
chrM	948	948	0
chrM	949	949	0.00139392249790912
chrM	950	950	0
chrM	951	951	0
chrM	952	952	0.00222965440356745
chrM	953	953	0.00111607142857143
chrM	954	954	0.0328820116054159
chrM	955	955	0.00627853881278539
chrM	956	956	0.000574382538770821
chrM	957	957	0.0100574712643678
chrM	958	958	0.0339622641509434
chrM	959	959	0
chrM	960	960	0.000300210147102972
chrM	961	961	0
chrM	962	962	0
chrM	963	963	0.000598981731057203
chrM	964	964	0.00239664469742361
chrM	965	965	0.000899820035992801
chrM	966	966	0.00359820089955022
chrM	967	967	0
chrM	968	968	0.00360252176523566
chrM	969	969	0.00512048192771084
chrM	970	970	0.000908265213442325
chrM	971	971	0.00272727272727273
chrM	972	972	0.000909918107370337
chrM	973	973	0
chrM	974	974	0.000302480338777979
chrM	975	975	0.00030229746070133
chrM	976	976	0.0153660741187105
chrM	977	977	0.000917992656058752
chrM	978	978	0.000306278713629403
chrM	979	979	0
chrM	980	980	0.00061143381228982
chrM	981	981	0
chrM	982	982	0
chrM	983	983	0.000610314311870613
chrM	984	984	0.000305250305250305
chrM	985	985	0.000916030534351145
chrM	986	986	0.000305623471882641
chrM	987	987	0
chrM	988	988	0.00122286762457964
chrM	989	989	0.00183654729109275
chrM	990	990	0.00337319840539712
chrM	991	991	0.000613685179502915
chrM	992	992	0.000614062020264047
chrM	993	993	0.000307125307125307
chrM	994	994	0.00122774708410068
chrM	995	995	0.00184218606079214
chrM	996	996	0
chrM	997	997	0.000307219662058372
chrM	998	998	0.000614439324116743
chrM	999	999	0
chrM	1000	1000	0.000614817091915155
chrM	1001	1001	0
chrM	1002	1002	0
chrM	1003	1003	0
chrM	1004	1004	0
chrM	1005	1005	0.000306842589751458
chrM	1006	1006	0.000613496932515337
chrM	1007	1007	0.00489895897121862
chrM	1008	1008	0
chrM	1009	1009	0.00122249388753056
chrM	1010	1010	0.000917992656058752
chrM	1011	1011	0
chrM	1012	1012	0
chrM	1013	1013	0
chrM	1014	1014	0
chrM	1015	1015	0.000304321363359708
chrM	1016	1016	0
chrM	1017	1017	0.000303306035790112
chrM	1018	1018	0.000303398058252427
chrM	1019	1019	0.0118181818181818
chrM	1020	1020	0.0036697247706422
chrM	1021	1021	0.000610687022900763
chrM	1022	1022	0.000304599451720987
chrM	1023	1023	0.000301750150875075
chrM	1024	1024	0.000904159132007233
chrM	1025	1025	0.000301659125188537
chrM	1026	1026	0.0111404280269716
chrM	1027	1027	0
chrM	1028	1028	0.000885216878135143
chrM	1029	1029	0.000585480093676815
chrM	1030	1030	0.00644216691068814
chrM	1031	1031	0.0180547466511357
chrM	1032	1032	0
chrM	1033	1033	0.00164428610578241
chrM	1034	1034	0.00107729598707245
chrM	1035	1035	0
chrM	1036	1036	0.00107613666935701
chrM	1037	1037	0.0021505376344086
chrM	1038	1038	0
chrM	1039	1039	0.000265041081367612
chrM	1040	1040	0
chrM	1041	1041	0.000254582484725051
chrM	1042	1042	0.00050709939148073
chrM	1043	1043	0.000252589037635767
chrM	1044	1044	0.0564231738035264
chrM	1045	1045	0.000775995861355406
chrM	1046	1046	0.00155199172271081
chrM	1047	1047	0.000258598396689941
chrM	1048	1048	0.00332650972364381
chrM	1049	1049	0.00152671755725191
chrM	1050	1050	0.00203614151183507
chrM	1051	1051	0.00151285930408472
chrM	1052	1052	0.000252206809583859
chrM	1053	1053	0.00126039828585833
chrM	1054	1054	0.000252143217347453
chrM	1055	1055	0.00352733686067019
chrM	1056	1056	0.000505305709954523
chrM	1057	1057	0
chrM	1058	1058	0.000757384498863923
chrM	1059	1059	0.000753768844221105
chrM	1060	1060	0.00343389747363257
chrM	1061	1061	0.000244319569997557
chrM	1062	1062	0.02001953125
chrM	1063	1063	0.000249003984063745
chrM	1064	1064	0.0139442231075697
chrM	1065	1065	0.00176723049734915
chrM	1066	1066	0.00126454223571067
chrM	1067	1067	0.000252844500632111
chrM	1068	1068	0.000252844500632111
chrM	1069	1069	0
chrM	1070	1070	0.000252143217347453
chrM	1071	1071	0.00275896664158515
chrM	1072	1072	0.00577454180266131
chrM	1073	1073	0.00277777777777778
chrM	1074	1074	0
chrM	1075	1075	0.00252716704574172
chrM	1076	1076	0.00177260065839453
chrM	1077	1077	0.000507356671740233
chrM	1078	1078	0.00380035469977198
chrM	1079	1079	0.000508646998982706
chrM	1080	1080	0.000254388196387688
chrM	1081	1081	0.00126518218623482
chrM	1082	1082	0.000506713959969597
chrM	1083	1083	0.00101394169835234
chrM	1084	1084	0.0177619893428064
chrM	1085	1085	0.000773594636410521
chrM	1086	1086	0.0134055168857953
chrM	1087	1087	0.00235171152338646
chrM	1088	1088	0.00550026191723415
chrM	1089	1089	0.000263296471827277
chrM	1090	1090	0.000526731630234396
chrM	1091	1091	0.0460890176455096
chrM	1092	1092	0.000828043058239028
chrM	1093	1093	0.00110314396028682
chrM	1094	1094	0.0033085194375517
chrM	1095	1095	0.00571584104518236
chrM	1096	1096	0.0130293159609121
chrM	1097	1097	0.052962052962053
chrM	1098	1098	0.00431530494821634
chrM	1099	1099	0.00519031141868512
chrM	1100	1100	0.000289435600578871
chrM	1101	1101	0.0379888268156425
chrM	1102	1102	0
chrM	1103	1103	0
chrM	1104	1104	0.000866300895177592
chrM	1105	1105	0.000288600288600289
chrM	1106	1106	0.000577034045008655
chrM	1107	1107	0.00635103926096998
chrM	1108	1108	0.00231481481481481
chrM	1109	1109	0.000580046403712297
chrM	1110	1110	0
chrM	1111	1111	0.0252393385552654
chrM	1112	1112	0.00267857142857143
chrM	1113	1113	0.00029753049687593
chrM	1114	1114	0.000594530321046373
chrM	1115	1115	0.000594530321046373
chrM	1116	1116	0.00654177817424918
chrM	1117	1117	0.000597371565113501
chrM	1118	1118	0.000895522388059702
chrM	1119	1119	0.00208955223880597
chrM	1120	1120	0.00208955223880597
chrM	1121	1121	0.00119402985074627
chrM	1122	1122	0
chrM	1123	1123	0.00118063754427391
chrM	1124	1124	0.00177200236266982
chrM	1125	1125	0.000887573964497041
chrM	1126	1126	0
chrM	1127	1127	0.000883652430044183
chrM	1128	1128	0
chrM	1129	1129	0.00117612466921494
chrM	1130	1130	0.00293513354857646
chrM	1131	1131	0.000588754783632617
chrM	1132	1132	0.000294204177699323
chrM	1133	1133	0.00117612466921494
chrM	1134	1134	0.000292141396435875
chrM	1135	1135	0
chrM	1136	1136	0.00116279069767442
chrM	1137	1137	0.000581564408258215
chrM	1138	1138	0.00116346713205352
chrM	1139	1139	0
chrM	1140	1140	0.00087361677344205
chrM	1141	1141	0.00262237762237762
chrM	1142	1142	0.00115640358485111
chrM	1143	1143	0.000289435600578871
chrM	1144	1144	0.00231548480463097
chrM	1145	1145	0.0118944009283435
chrM	1146	1146	0.00411039342337052
chrM	1147	1147	0
chrM	1148	1148	0.00383028874484384
chrM	1149	1149	0
chrM	1150	1150	0.00177357375110848
chrM	1151	1151	0.00088809946714032
chrM	1152	1152	0.000592417061611374
chrM	1153	1153	0.000888888888888889
chrM	1154	1154	0
chrM	1155	1155	0.00740302043233639
chrM	1156	1156	0.000894988066825776
chrM	1157	1157	0.00268736936398925
chrM	1158	1158	0.00119617224880383
chrM	1159	1159	0
chrM	1160	1160	0.00385527876631079
chrM	1161	1161	0.000893122953259899
chrM	1162	1162	0.00148853825543316
chrM	1163	1163	0.00118941421349985
chrM	1164	1164	0.0023788284269997
chrM	1165	1165	0.00387135199523526
chrM	1166	1166	0.00119438638399522
chrM	1167	1167	0.00119438638399522
chrM	1168	1168	0.000298953662182362
chrM	1169	1169	0.00179372197309417
chrM	1170	1170	0.020746887966805
chrM	1171	1171	0
chrM	1172	1172	0
chrM	1173	1173	0.00181323662737987
chrM	1174	1174	0.00121102028458977
chrM	1175	1175	0.00303122158229767
chrM	1176	1176	0.00668489820723184
chrM	1177	1177	0
chrM	1178	1178	0.000611807892321811
chrM	1179	1179	0.000612182430364249
chrM	1180	1180	0.0104102878138396
chrM	1181	1181	0.00123762376237624
chrM	1182	1182	0.00123915737298637
chrM	1183	1183	0.0062015503875969
chrM	1184	1184	0
chrM	1185	1185	0.00062402496099844
chrM	1186	1186	0.00717628705148206
chrM	1187	1187	0.00314267756128221
chrM	1188	1188	0.000945477466120391
chrM	1189	1189	0.00189214758751183
chrM	1190	1190	0.014218009478673
chrM	1191	1191	0.00128164049983979
chrM	1192	1192	0.0016010246557797
chrM	1193	1193	0.00288
chrM	1194	1194	0.00320821302534488
chrM	1195	1195	0.000643707756678468
chrM	1196	1196	0.000643915003219575
chrM	1197	1197	0.00483247422680412
chrM	1198	1198	0.00387722132471729
chrM	1199	1199	0.00648298217179903
chrM	1200	1200	0.00358773646444879
chrM	1201	1201	0.0157119476268412
chrM	1202	1202	0.00399068839374792
chrM	1203	1203	0.0484140233722871
chrM	1204	1204	0.00105226236408278
chrM	1205	1205	0.00558659217877095
chrM	1206	1206	0
chrM	1207	1207	0.00491573033707865
chrM	1208	1208	0.00810144417048256
chrM	1209	1209	0.0177556818181818
chrM	1210	1210	0.00180570603105814
chrM	1211	1211	0.038712011577424
chrM	1212	1212	0.00451637184794881
chrM	1213	1213	0.00976342470897484
chrM	1214	1214	0.00834281380356466
chrM	1215	1215	0.0252197172334734
chrM	1216	1216	0.210897687181497
chrM	1217	1217	0.0113917781079742
chrM	1218	1218	0.00701051577366049
chrM	1219	1219	0.0282400403429148
chrM	1220	1220	0.0337311883757135
chrM	1221	1221	0.082662372517445
chrM	1222	1222	0.00116618075801749
chrM	1223	1223	0.0768782760629004
chrM	1224	1224	0.01198738170347
chrM	1225	1225	0.0108556832694764
chrM	1226	1226	0.0419625564880568
chrM	1227	1227	0.00202156334231806
chrM	1228	1228	0.0626262626262626
chrM	1229	1229	0.000716845878136201
chrM	1230	1230	0.0156695156695157
chrM	1231	1231	0.0455531453362256
chrM	1232	1232	0.012112036336109
chrM	1233	1233	0.0551724137931034
chrM	1234	1234	0.0549717057396928
chrM	1235	1235	0.0076988879384089
chrM	1236	1236	0.00171673819742489
chrM	1237	1237	0
chrM	1238	1238	0.00429553264604811
chrM	1239	1239	0
chrM	1240	1240	0.00171673819742489
chrM	1241	1241	0
chrM	1242	1242	0
chrM	1243	1243	0
chrM	1244	1244	0
chrM	1245	1245	0.00171086398631309
chrM	1246	1246	0.000856898029134533
chrM	1247	1247	0.0128424657534247
chrM	1248	1248	0.000867302688638335
chrM	1249	1249	0.000868055555555556
chrM	1250	1250	0.00607638888888889
chrM	1251	1251	0.0218340611353712
chrM	1252	1252	0.000892857142857143
chrM	1253	1253	0
chrM	1254	1254	0.0491228070175439
chrM	1255	1255	0.0211786372007366
chrM	1256	1256	0.0310442144873001
chrM	1257	1257	0.00776699029126214
chrM	1258	1258	0.00880626223091976
chrM	1259	1259	0.0365251727541955
chrM	1260	1260	0
chrM	1261	1261	0
chrM	1262	1262	0
chrM	1263	1263	0.0040650406504065
chrM	1264	1264	0.00505561172901921
chrM	1265	1265	0.0121580547112462
chrM	1266	1266	0.00102564102564103
chrM	1267	1267	0
chrM	1268	1268	0.00102669404517454
chrM	1269	1269	0
chrM	1270	1270	0
chrM	1271	1271	0.00102249488752556
chrM	1272	1272	0
chrM	1273	1273	0
chrM	1274	1274	0
chrM	1275	1275	0.00714285714285714
chrM	1276	1276	0
chrM	1277	1277	0
chrM	1278	1278	0
chrM	1279	1279	0
chrM	1280	1280	0.00101626016260163
chrM	1281	1281	0.00712105798575788
chrM	1282	1282	0
chrM	1283	1283	0.00307377049180328
chrM	1284	1284	0
chrM	1285	1285	0.00102774922918808
chrM	1286	1286	0.00205761316872428
chrM	1287	1287	0.0164948453608247
chrM	1288	1288	0.00943396226415094
chrM	1289	1289	0.00846560846560847
chrM	1290	1290	0.0032017075773746
chrM	1291	1291	0.00534188034188034
chrM	1292	1292	0.00429184549356223
chrM	1293	1293	0.0193965517241379
chrM	1294	1294	0.010989010989011
chrM	1295	1295	0.00222222222222222
chrM	1296	1296	0.01
chrM	1297	1297	0.0224466891133558
chrM	1298	1298	0.00114810562571757
chrM	1299	1299	0.0114942528735632
chrM	1300	1300	0.00464576074332172
chrM	1301	1301	0.029171528588098
chrM	1302	1302	0.00360576923076923
chrM	1303	1303	0
chrM	1304	1304	0.00120481927710843
chrM	1305	1305	0
chrM	1306	1306	0.00602409638554217
chrM	1307	1307	0.00121212121212121
chrM	1308	1308	0.00364077669902913
chrM	1309	1309	0.0414129110840439
chrM	1310	1310	0.0190114068441065
chrM	1311	1311	0.00775193798449612
chrM	1312	1312	0
chrM	1313	1313	0.00130208333333333
chrM	1314	1314	0.00260756192959583
chrM	1315	1315	0
chrM	1316	1316	0.00130548302872063
chrM	1317	1317	0.00261437908496732
chrM	1318	1318	0
chrM	1319	1319	0.00131061598951507
chrM	1320	1320	0.0249343832020997
chrM	1321	1321	0.00269179004037685
chrM	1322	1322	0
chrM	1323	1323	0
chrM	1324	1324	0
chrM	1325	1325	0
chrM	1326	1326	0.00134770889487871
chrM	1327	1327	0
chrM	1328	1328	0.00134952766531714
chrM	1329	1329	0.00135135135135135
chrM	1330	1330	0
chrM	1331	1331	0
chrM	1332	1332	0
chrM	1333	1333	0
chrM	1334	1334	0.00540540540540541
chrM	1335	1335	0.00271370420624152
chrM	1336	1336	0.0136054421768707
chrM	1337	1337	0
chrM	1338	1338	0.0110344827586207
chrM	1339	1339	0.00557880055788006
chrM	1340	1340	0.0238429172510519
chrM	1341	1341	0.00574712643678161
chrM	1342	1342	0.0505780346820809
chrM	1343	1343	0.0015220700152207
chrM	1344	1344	0.00152439024390244
chrM	1345	1345	0.00152671755725191
chrM	1346	1346	0
chrM	1347	1347	0.00152905198776758
chrM	1348	1348	0.00153139356814701
chrM	1349	1349	0.00153374233128834
chrM	1350	1350	0
chrM	1351	1351	0.00153374233128834
chrM	1352	1352	0
chrM	1353	1353	0.00920245398773006
chrM	1354	1354	0
chrM	1355	1355	0
chrM	1356	1356	0
chrM	1357	1357	0
chrM	1358	1358	0
chrM	1359	1359	0.00154559505409583
chrM	1360	1360	0.0462962962962963
chrM	1361	1361	0
chrM	1362	1362	0
chrM	1363	1363	0.00485436893203883
chrM	1364	1364	0.0130081300813008
chrM	1365	1365	0.0873146622734761
chrM	1366	1366	0.00541516245487365
chrM	1367	1367	0.00362976406533575
chrM	1368	1368	0.0181818181818182
chrM	1369	1369	0.00739371534195933
chrM	1370	1370	0.0837988826815642
chrM	1371	1371	0.0284552845528455
chrM	1372	1372	0.0376569037656904
chrM	1373	1373	0.00869565217391304
chrM	1374	1374	0.037280701754386
chrM	1375	1375	0.00911161731207289
chrM	1376	1376	0
chrM	1377	1377	0.00459770114942529
chrM	1378	1378	0.0369515011547344
chrM	1379	1379	0.0191387559808612
chrM	1380	1380	0
chrM	1381	1381	0
chrM	1382	1382	0
chrM	1383	1383	0
chrM	1384	1384	0
chrM	1385	1385	0
chrM	1386	1386	0.00232558139534884
chrM	1387	1387	0
chrM	1388	1388	0
chrM	1389	1389	0.00233100233100233
chrM	1390	1390	0.00233644859813084
chrM	1391	1391	0
chrM	1392	1392	0
chrM	1393	1393	0
chrM	1394	1394	0.00234192037470726
chrM	1395	1395	0
chrM	1396	1396	0.00234741784037559
chrM	1397	1397	0
chrM	1398	1398	0
chrM	1399	1399	0
chrM	1400	1400	0
chrM	1401	1401	0.00702576112412178
chrM	1402	1402	0.0117647058823529
chrM	1403	1403	0.0212765957446809
chrM	1404	1404	0.00480769230769231
chrM	1405	1405	0
chrM	1406	1406	0.00241545893719807
chrM	1407	1407	0.0290556900726392
chrM	1408	1408	0.00498753117206983
chrM	1409	1409	0.012531328320802
chrM	1410	1410	0.0761421319796954
chrM	1411	1411	0.0356164383561644
chrM	1412	1412	0
chrM	1413	1413	0
chrM	1414	1414	0.0170454545454545
chrM	1415	1415	0.0606936416184971
chrM	1416	1416	0.0553846153846154
chrM	1417	1417	0.00325732899022801
chrM	1418	1418	0.00326797385620915
chrM	1419	1419	0.0262295081967213
chrM	1420	1420	0.0134228187919463
chrM	1421	1421	0
chrM	1422	1422	0.0102040816326531
chrM	1423	1423	0.0240549828178694
chrM	1424	1424	0.0807017543859649
chrM	1425	1425	0
chrM	1426	1426	0
chrM	1427	1427	0
chrM	1428	1428	0
chrM	1429	1429	0.0113207547169811
chrM	1430	1430	0.00760456273764259
chrM	1431	1431	0
chrM	1432	1432	0.00383141762452107
chrM	1433	1433	0
chrM	1434	1434	0
chrM	1435	1435	0
chrM	1436	1436	0
chrM	1437	1437	0
chrM	1438	1438	0.0451127819548872
chrM	1439	1439	0
chrM	1440	1440	0
chrM	1441	1441	0.0196078431372549
chrM	1442	1442	0.008
chrM	1443	1443	0
chrM	1444	1444	0
chrM	1445	1445	0
chrM	1446	1446	0
chrM	1447	1447	0.004
chrM	1448	1448	0
chrM	1449	1449	0
chrM	1450	1450	0
chrM	1451	1451	0
chrM	1452	1452	0
chrM	1453	1453	0
chrM	1454	1454	0
chrM	1455	1455	0
chrM	1456	1456	0
chrM	1457	1457	0
chrM	1458	1458	0
chrM	1459	1459	0
chrM	1460	1460	0
chrM	1461	1461	0.00389105058365759
chrM	1462	1462	0
chrM	1463	1463	0
chrM	1464	1464	0
chrM	1465	1465	0
chrM	1466	1466	0
chrM	1467	1467	0
chrM	1468	1468	0
chrM	1469	1469	0
chrM	1470	1470	0
chrM	1471	1471	0
chrM	1472	1472	0.00378787878787879
chrM	1473	1473	0
chrM	1474	1474	0
chrM	1475	1475	0
chrM	1476	1476	0
chrM	1477	1477	0
chrM	1478	1478	0.00740740740740741
chrM	1479	1479	0.00371747211895911
chrM	1480	1480	0
chrM	1481	1481	0
chrM	1482	1482	0
chrM	1483	1483	0
chrM	1484	1484	0
chrM	1485	1485	0
chrM	1486	1486	0
chrM	1487	1487	0
chrM	1488	1488	0.00364963503649635
chrM	1489	1489	0
chrM	1490	1490	0
chrM	1491	1491	0
chrM	1492	1492	0
chrM	1493	1493	0
chrM	1494	1494	0
chrM	1495	1495	0
chrM	1496	1496	0
chrM	1497	1497	0
chrM	1498	1498	0
chrM	1499	1499	0
chrM	1500	1500	0
chrM	1501	1501	0
chrM	1502	1502	0
chrM	1503	1503	0
chrM	1504	1504	0
chrM	1505	1505	0
chrM	1506	1506	0
chrM	1507	1507	0
chrM	1508	1508	0
chrM	1509	1509	0
chrM	1510	1510	0
chrM	1511	1511	0
chrM	1512	1512	0
chrM	1513	1513	0
chrM	1514	1514	0
chrM	1515	1515	0
chrM	1516	1516	0
chrM	1517	1517	0
chrM	1518	1518	0
chrM	1519	1519	0
chrM	1520	1520	0
chrM	1521	1521	0
chrM	1522	1522	0
chrM	1523	1523	0.00341296928327645
chrM	1524	1524	0
chrM	1525	1525	0
chrM	1526	1526	0
chrM	1527	1527	0
chrM	1528	1528	0.00298507462686567
chrM	1529	1529	0
chrM	1530	1530	0
chrM	1531	1531	0
chrM	1532	1532	0
chrM	1533	1533	0
chrM	1534	1534	0
chrM	1535	1535	0
chrM	1536	1536	0
chrM	1537	1537	0
chrM	1538	1538	0
chrM	1539	1539	0
chrM	1540	1540	0
chrM	1541	1541	0
chrM	1542	1542	0.00407331975560081
chrM	1543	1543	0
chrM	1544	1544	0
chrM	1545	1545	0
chrM	1546	1546	0.00196850393700787
chrM	1547	1547	0
chrM	1548	1548	0
chrM	1549	1549	0
chrM	1550	1550	0
chrM	1551	1551	0
chrM	1552	1552	0
chrM	1553	1553	0
chrM	1554	1554	0
chrM	1555	1555	0
chrM	1556	1556	0
chrM	1557	1557	0
chrM	1558	1558	0
chrM	1559	1559	0
chrM	1560	1560	0
chrM	1561	1561	0.0016260162601626
chrM	1562	1562	0
chrM	1563	1563	0
chrM	1564	1564	0.00158730158730159
chrM	1565	1565	0
chrM	1566	1566	0
chrM	1567	1567	0
chrM	1568	1568	0
chrM	1569	1569	0
chrM	1570	1570	0
chrM	1571	1571	0
chrM	1572	1572	0
chrM	1573	1573	0
chrM	1574	1574	0
chrM	1575	1575	0
chrM	1576	1576	0
chrM	1577	1577	0
chrM	1578	1578	0
chrM	1579	1579	0
chrM	1580	1580	0
chrM	1581	1581	0
chrM	1582	1582	0
chrM	1583	1583	0
chrM	1584	1584	0
chrM	1585	1585	0
chrM	1586	1586	0.000407996736026112
chrM	1587	1587	0.000275330396475771
chrM	1588	1588	0
chrM	1589	1589	0
chrM	1590	1590	0
chrM	1591	1591	0
chrM	1592	1592	0
chrM	1593	1593	0
chrM	1594	1594	0.000146134736226801
chrM	1595	1595	0
chrM	1596	1596	0
chrM	1597	1597	0
chrM	1598	1598	0
chrM	1599	1599	0
chrM	1600	1600	0
chrM	1601	1601	0
chrM	1602	1602	0
chrM	1603	1603	0
chrM	1604	1604	0
chrM	1605	1605	0
chrM	1606	1606	0
chrM	1607	1607	0
chrM	1608	1608	0
chrM	1609	1609	0.00012639029322548
chrM	1610	1610	0
chrM	1611	1611	0
chrM	1612	1612	0.000123977188197372
chrM	1613	1613	0
chrM	1614	1614	0.000123716441915131
chrM	1615	1615	0
chrM	1616	1616	0
chrM	1617	1617	0
chrM	1618	1618	0
chrM	1619	1619	0
chrM	1620	1620	0.000120918984280532
chrM	1621	1621	0.000362669245647969
chrM	1622	1622	0.000119189511323004
chrM	1623	1623	0
chrM	1624	1624	0
chrM	1625	1625	0
chrM	1626	1626	0
chrM	1627	1627	0
chrM	1628	1628	0
chrM	1629	1629	0.000338104361546264
chrM	1630	1630	0
chrM	1631	1631	0.000111470293166871
chrM	1632	1632	0
chrM	1633	1633	0.000327689787001638
chrM	1634	1634	0
chrM	1635	1635	0.000106723585912487
chrM	1636	1636	0
chrM	1637	1637	0
chrM	1638	1638	0
chrM	1639	1639	0
chrM	1640	1640	0
chrM	1641	1641	0
chrM	1642	1642	9.7570494682408e-05
chrM	1643	1643	9.75324295328197e-05
chrM	1644	1644	0
chrM	1645	1645	0
chrM	1646	1646	0
chrM	1647	1647	0
chrM	1648	1648	0
chrM	1649	1649	0
chrM	1650	1650	9.46611132146914e-05
chrM	1651	1651	0
chrM	1652	1652	0.000373936617743293
chrM	1653	1653	0
chrM	1654	1654	0
chrM	1655	1655	0
chrM	1656	1656	8.86210563629918e-05
chrM	1657	1657	0.000177147918511957
chrM	1658	1658	0.000174886323889472
chrM	1659	1659	0
chrM	1660	1660	0
chrM	1661	1661	0
chrM	1662	1662	8.71004267920913e-05
chrM	1663	1663	8.66851595006935e-05
chrM	1664	1664	0
chrM	1665	1665	0
chrM	1666	1666	0
chrM	1667	1667	0
chrM	1668	1668	0
chrM	1669	1669	0.000257687682528775
chrM	1670	1670	0
chrM	1671	1671	0
chrM	1672	1672	8.55285665412248e-05
chrM	1673	1673	0
chrM	1674	1674	8.50195544975344e-05
chrM	1675	1675	0
chrM	1676	1676	0
chrM	1677	1677	0
chrM	1678	1678	8.41821702163482e-05
chrM	1679	1679	0
chrM	1680	1680	8.3139341536415e-05
chrM	1681	1681	8.29668962084128e-05
chrM	1682	1682	0.000497182631753397
chrM	1683	1683	0
chrM	1684	1684	8.26104915324246e-05
chrM	1685	1685	8.25627476882431e-05
chrM	1686	1686	0.000165125495376486
chrM	1687	1687	8.25354902608122e-05
chrM	1688	1688	8.25218682950982e-05
chrM	1689	1689	0.000165057357431708
chrM	1690	1690	8.24606250515379e-05
chrM	1691	1691	8.24402308326463e-05
chrM	1692	1692	0.000493380478579064
chrM	1693	1693	0
chrM	1694	1694	0.000904084819593984
chrM	1695	1695	8.22571358065312e-05
chrM	1696	1696	0
chrM	1697	1697	0
chrM	1698	1698	0
chrM	1699	1699	0
chrM	1700	1700	0.000163158753467124
chrM	1701	1701	0
chrM	1702	1702	0.000244081034903588
chrM	1703	1703	8.13008130081301e-05
chrM	1704	1704	0
chrM	1705	1705	0.00235446943249168
chrM	1706	1706	0.000162760416666667
chrM	1707	1707	0
chrM	1708	1708	0.000406967279830702
chrM	1709	1709	0.000162853187851152
chrM	1710	1710	8.12281699293315e-05
chrM	1711	1711	0
chrM	1712	1712	0
chrM	1713	1713	0
chrM	1714	1714	0.000715591953566033
chrM	1715	1715	0.000158957240502305
chrM	1716	1716	0
chrM	1717	1717	0.00015886885376122
chrM	1718	1718	0
chrM	1719	1719	0
chrM	1720	1720	0.000476077124494168
chrM	1721	1721	0.000317535921251092
chrM	1722	1722	0.000317309217832778
chrM	1723	1723	0.000793210121361149
chrM	1724	1724	0.00149842271293375
chrM	1725	1725	7.89203693473285e-05
chrM	1726	1726	0.0022075055187638
chrM	1727	1727	0.00537209669774056
chrM	1728	1728	0
chrM	1729	1729	0.00108024691358025
chrM	1730	1730	0.000539374325782093
chrM	1731	1731	0.000455235204855842
chrM	1732	1732	0.00159332321699545
chrM	1733	1733	0.0022772126916654
chrM	1734	1734	0.0052463503649635
chrM	1735	1735	0.000457875457875458
chrM	1736	1736	0.00045689917758148
chrM	1737	1737	0.000228397411496003
chrM	1738	1738	0.000149711804775807
chrM	1739	1739	0.000149532710280374
chrM	1740	1740	0.00111923593493508
chrM	1741	1741	0.00134098189674439
chrM	1742	1742	0.00178957572142271
chrM	1743	1743	0.0001478633742422
chrM	1744	1744	0.0016996748448123
chrM	1745	1745	0.000887508320390504
chrM	1746	1746	0.00366327203458129
chrM	1747	1747	0.00664476086162833
chrM	1748	1748	0.00123798427031751
chrM	1749	1749	0.00298920968212307
chrM	1750	1750	0.00102294315358761
chrM	1751	1751	0.00109697235629662
chrM	1752	1752	0.00453813497291758
chrM	1753	1753	0.00153801083931449
chrM	1754	1754	0.00422432629278951
chrM	1755	1755	0.00285087719298246
chrM	1756	1756	0.00344524263304501
chrM	1757	1757	0.0216208265921459
chrM	1758	1758	0.0260784608447317
chrM	1759	1759	7.71426367353236e-05
chrM	1760	1760	0.00337242277918295
chrM	1761	1761	0.00122972869110752
chrM	1762	1762	0.000846284043699031
chrM	1763	1763	0.00954433497536946
chrM	1764	1764	0.00340451872485299
chrM	1765	1765	0.00130009177118385
chrM	1766	1766	0.000152951973080453
chrM	1767	1767	0.000152683410947401
chrM	1768	1768	0.00343144730822022
chrM	1769	1769	0.00114643839804341
chrM	1770	1770	0.000918062887307781
chrM	1771	1771	0.000836247529268664
chrM	1772	1772	0
chrM	1773	1773	0.000227963525835866
chrM	1774	1774	0.00129081245254366
chrM	1775	1775	0.00810483260112104
chrM	1776	1776	0.000763650248186331
chrM	1777	1777	0.00114617559410102
chrM	1778	1778	0.000152299725860493
chrM	1779	1779	0.000380720322850834
chrM	1780	1780	0.000683890577507599
chrM	1781	1781	0.00752679996958869
chrM	1782	1782	0.00275777539451509
chrM	1783	1783	0.000998003992015968
chrM	1784	1784	0.00207309582309582
chrM	1785	1785	0.000230715988618011
chrM	1786	1786	0.000691828733953417
chrM	1787	1787	0.000384231153461923
chrM	1788	1788	0.000230361667818475
chrM	1789	1789	0.00192012288786482
chrM	1790	1790	0.00261437908496732
chrM	1791	1791	0.00107791807822605
chrM	1792	1792	0.000231231694157546
chrM	1793	1793	0.000154142581888247
chrM	1794	1794	0.000384941104011086
chrM	1795	1795	0.000770119368502118
chrM	1796	1796	0
chrM	1797	1797	0.00275925500114969
chrM	1798	1798	7.67400813444862e-05
chrM	1799	1799	0.000918554807103491
chrM	1800	1800	0.000992821139453185
chrM	1801	1801	0.0265189147879251
chrM	1802	1802	0.00353162768796107
chrM	1803	1803	0.00110244901173321
chrM	1804	1804	0.0255726388453091
chrM	1805	1805	0.00104191712751463
chrM	1806	1806	0.000160012801024082
chrM	1807	1807	0.00207634563168823
chrM	1808	1808	0.04088
chrM	1809	1809	0.00391993327773144
chrM	1810	1810	0.0149753200033464
chrM	1811	1811	0.00118674239213359
chrM	1812	1812	0.000169176112332939
chrM	1813	1813	0.000924913814849071
chrM	1814	1814	0.00210402289176906
chrM	1815	1815	0.00674593136014841
chrM	1816	1816	0.000764071652941676
chrM	1817	1817	0.00670912951167728
chrM	1818	1818	0.000683994528043776
chrM	1819	1819	0.00136530420684359
chrM	1820	1820	0.00153806716226609
chrM	1821	1821	0.00436456996148909
chrM	1822	1822	0.00283553875236295
chrM	1823	1823	0.005858533643491
chrM	1824	1824	0.00606638356876679
chrM	1825	1825	0.00261529073315317
chrM	1826	1826	0.000349436533589587
chrM	1827	1827	0.00192156520220107
chrM	1828	1828	0.00192526472389954
chrM	1829	1829	0.0028045574057844
chrM	1830	1830	0.000439251515417728
chrM	1831	1831	0.000175762369276738
chrM	1832	1832	0.000175746924428823
chrM	1833	1833	0.000175700606167091
chrM	1834	1834	0.00078975078975079
chrM	1835	1835	0.000525486074619023
chrM	1836	1836	0.00122624156958921
chrM	1837	1837	0.00245527884952648
chrM	1838	1838	0.00157604412923562
chrM	1839	1839	8.76501007976159e-05
chrM	1840	1840	0.000437560164522622
chrM	1841	1841	0.00096254812740637
chrM	1842	1842	0.00288890834281712
chrM	1843	1843	0.000526685393258427
chrM	1844	1844	0.00105355575065847
chrM	1845	1845	0.00351493848857645
chrM	1846	1846	0.00774988991633642
chrM	1847	1847	0
chrM	1848	1848	0.00283637652898422
chrM	1849	1849	0.00106647707074298
chrM	1850	1850	0.00452810086122703
chrM	1851	1851	0.00365679628968962
chrM	1852	1852	0.000447107216310471
chrM	1853	1853	0.00168574217017124
chrM	1854	1854	8.88178346211919e-05
chrM	1855	1855	0.000529801324503311
chrM	1856	1856	0.00114668783628826
chrM	1857	1857	0.000264200792602378
chrM	1858	1858	0.000789542942363365
chrM	1859	1859	0.000789127575624726
chrM	1860	1860	0.000174596246180707
chrM	1861	1861	0.00419664268585132
chrM	1862	1862	0.000171939477303989
chrM	1863	1863	0.00265775034293553
chrM	1864	1864	0.00557270233196159
chrM	1865	1865	0.00188452972417338
chrM	1866	1866	0.00111358574610245
chrM	1867	1867	0.00145697634556051
chrM	1868	1868	0.00094137783483098
chrM	1869	1869	0.00102424035506999
chrM	1870	1870	0
chrM	1871	1871	0.00822800916108236
chrM	1872	1872	0.00606526567572185
chrM	1873	1873	0.000429000429000429
chrM	1874	1874	0.00454662434588659
chrM	1875	1875	0.00757967269595177
chrM	1876	1876	0.00707445431800535
chrM	1877	1877	0.000521104742053153
chrM	1878	1878	0.00985221674876847
chrM	1879	1879	0.00314081312161926
chrM	1880	1880	0.0693484914735461
chrM	1881	1881	0.00253140821301331
chrM	1882	1882	0.00836466165413534
chrM	1883	1883	0.00180009474182852
chrM	1884	1884	0.00284575981787137
chrM	1885	1885	0.000855350693784452
chrM	1886	1886	0.011965811965812
chrM	1887	1887	0.0031703333653569
chrM	1888	1888	0.00758958593524834
chrM	1889	1889	0.0155435412241746
chrM	1890	1890	0.001960399921584
chrM	1891	1891	0.0266155961500687
chrM	1892	1892	0.00301598471901076
chrM	1893	1893	0.00157186364082916
chrM	1894	1894	0.00234329232571763
chrM	1895	1895	0.000488949735967143
chrM	1896	1896	0.0363920954803365
chrM	1897	1897	0.00151042191118719
chrM	1898	1898	0.0105989401059894
chrM	1899	1899	0.0165872069924513
chrM	1900	1900	0.0106854838709677
chrM	1901	1901	0.00254608412261941
chrM	1902	1902	0.0127564037146648
chrM	1903	1903	0.0109572048790573
chrM	1904	1904	0.0409698996655518
chrM	1905	1905	0.00272331154684096
chrM	1906	1906	0.000109217999126256
chrM	1907	1907	0.043464123130284
chrM	1908	1908	0.00373937677053824
chrM	1909	1909	0.00955414012738853
chrM	1910	1910	0.0166494431048341
chrM	1911	1911	0.0189119775858043
chrM	1912	1912	0
chrM	1913	1913	0.00035650623885918
chrM	1914	1914	0.0574985180794309
chrM	1915	1915	0.0186116700201207
chrM	1916	1916	0.00294645144760441
chrM	1917	1917	0.0128485159964024
chrM	1918	1918	0.00156188988676298
chrM	1919	1919	0.0057328990228013
chrM	1920	1920	0.00130941469163284
chrM	1921	1921	0.00183534347142108
chrM	1922	1922	0.00564600840336134
chrM	1923	1923	0.00368663594470046
chrM	1924	1924	0.0227002771545467
chrM	1925	1925	0.000810044552450385
chrM	1926	1926	0.00513236088600756
chrM	1927	1927	0.00108548168249661
chrM	1928	1928	0.00135814206165965
chrM	1929	1929	0.00135961930659415
chrM	1930	1930	0.000680272108843537
chrM	1931	1931	0.00878919060737243
chrM	1932	1932	0.00145560407569141
chrM	1933	1933	0.00410378607360339
chrM	1934	1934	0.00265498473383778
chrM	1935	1935	0.00532127178395637
chrM	1936	1936	0
chrM	1937	1937	0.0395189003436426
chrM	1938	1938	0.00440104524824646
chrM	1939	1939	0.000549828178694158
chrM	1940	1940	0.000687379708551004
chrM	1941	1941	0.0156464452374417
chrM	1942	1942	0.0043223647518126
chrM	1943	1943	0.00125997480050399
chrM	1944	1944	0.00560492139439508
chrM	1945	1945	0.00452861259777686
chrM	1946	1946	0.0152955766845804
chrM	1947	1947	0.0397369525675108
chrM	1948	1948	0.00247705085239691
chrM	1949	1949	0.000876296188111582
chrM	1950	1950	0.00160771704180064
chrM	1951	1951	0.00204588630717522
chrM	1952	1952	0.00131598186869425
chrM	1953	1953	0.00117096018735363
chrM	1954	1954	0.0300278306723305
chrM	1955	1955	0.0194570135746606
chrM	1956	1956	0.0156898938624827
chrM	1957	1957	0
chrM	1958	1958	0.000156274417877793
chrM	1959	1959	0
chrM	1960	1960	0
chrM	1961	1961	0
chrM	1962	1962	0
chrM	1963	1963	0
chrM	1964	1964	0
chrM	1965	1965	0
chrM	1966	1966	0.000151057401812689
chrM	1967	1967	0.000603409262332177
chrM	1968	1968	0.000603318250377074
chrM	1969	1969	0.000904568068747173
chrM	1970	1970	0.000150875075437538
chrM	1971	1971	0.00135685210312076
chrM	1972	1972	0.0105389942788317
chrM	1973	1973	0.00364963503649635
chrM	1974	1974	0.0027443207806068
chrM	1975	1975	0.00106609808102345
chrM	1976	1976	0.00228519195612431
chrM	1977	1977	0.0102258852258852
chrM	1978	1978	0.0132348414896891
chrM	1979	1979	0
chrM	1980	1980	0
chrM	1981	1981	0.000155183116076971
chrM	1982	1982	0.00061986672865334
chrM	1983	1983	0.0004649721016739
chrM	1984	1984	0
chrM	1985	1985	0
chrM	1986	1986	0.000154894671623296
chrM	1987	1987	0.000309310238168883
chrM	1988	1988	0.00139211136890951
chrM	1989	1989	0
chrM	1990	1990	0
chrM	1991	1991	0
chrM	1992	1992	0
chrM	1993	1993	0.0010752688172043
chrM	1994	1994	0.000458996328029376
chrM	1995	1995	0.00015255530129672
chrM	1996	1996	0.00030511060259344
chrM	1997	1997	0
chrM	1998	1998	0.00015001500150015
chrM	1999	1999	0
chrM	2000	2000	0.000592856084185564
chrM	2001	2001	0.000443524541691307
chrM	2002	2002	0.000440463955366319
chrM	2003	2003	0.000587457776472316
chrM	2004	2004	0
chrM	2005	2005	0.000292697204741695
chrM	2006	2006	0
chrM	2007	2007	0
chrM	2008	2008	0
chrM	2009	2009	0.00185132440900028
chrM	2010	2010	0.0005706948209445
chrM	2011	2011	0.000142592328532725
chrM	2012	2012	0.00241305890702626
chrM	2013	2013	0.000142227279192149
chrM	2014	2014	0.000563380281690141
chrM	2015	2015	0
chrM	2016	2016	0.00180907319788478
chrM	2017	2017	0.00528511821974965
chrM	2018	2018	0.00069851913942442
chrM	2019	2019	0.00420567087233754
chrM	2020	2020	0.00406834825061025
chrM	2021	2021	0.00013607293509321
chrM	2022	2022	0.00625935501428766
chrM	2023	2023	0.000547495209416918
chrM	2024	2024	0.00326486192354782
chrM	2025	2025	0.000136276914690651
chrM	2026	2026	0.000135281385281385
chrM	2027	2027	0.00160363490578645
chrM	2028	2028	0.000266169816342827
chrM	2029	2029	0.000665070497472732
chrM	2030	2030	0.00531773464504121
chrM	2031	2031	0.000631711939355654
chrM	2032	2032	0.000504286434694907
chrM	2033	2033	0.000126023944549464
chrM	2034	2034	0.00150734832307499
chrM	2035	2035	0.00238783461103431
chrM	2036	2036	0.00345167652859961
chrM	2037	2037	0.0148030340102765
chrM	2038	2038	0.00320512820512821
chrM	2039	2039	0.00221538461538462
chrM	2040	2040	0.00384122919334187
chrM	2041	2041	0.0194552529182879
chrM	2042	2042	0.0046133787985157
chrM	2043	2043	0.00150859901438198
chrM	2044	2044	0.00681772608782835
chrM	2045	2045	0.00050332192470304
chrM	2046	2046	0.014656048797018
chrM	2047	2047	0.00667739340305712
chrM	2048	2048	0.000976049252946918
chrM	2049	2049	0.000743826242189824
chrM	2050	2050	0.0155402433660754
chrM	2051	2051	0.00193394822969354
chrM	2052	2052	0.0064920854912831
chrM	2053	2053	0.000219683655536028
chrM	2054	2054	7.29341404711545e-05
chrM	2055	2055	0.000647388864911524
chrM	2056	2056	0.00258181564440723
chrM	2057	2057	0.000838984828357687
chrM	2058	2058	0.00174910795494298
chrM	2059	2059	7.00476323900252e-05
chrM	2060	2060	0.000558425240820885
chrM	2061	2061	0.000484999653571676
chrM	2062	2062	0.000138341287957391
chrM	2063	2063	0.000412484531830056
chrM	2064	2064	0.000476579520697168
chrM	2065	2065	0.000543736831373615
chrM	2066	2066	0.00155942775781409
chrM	2067	2067	0.013765511629484
chrM	2068	2068	0.000206242265915028
chrM	2069	2069	0.000408385515927035
chrM	2070	2070	0.00278759858580364
chrM	2071	2071	0.00440917107583774
chrM	2072	2072	0.007100351636462
chrM	2073	2073	0.000950376756499898
chrM	2074	2074	0.0010164667615369
chrM	2075	2075	0.00264281357999593
chrM	2076	2076	0.00027177605652942
chrM	2077	2077	0.00165354851511343
chrM	2078	2078	0.000596065964633419
chrM	2079	2079	0.000526766313294265
chrM	2080	2080	0.00646731126336684
chrM	2081	2081	0
chrM	2082	2082	0.000510986203372509
chrM	2083	2083	0.00108591504311721
chrM	2084	2084	0.000573906389491136
chrM	2085	2085	0.000509748948642793
chrM	2086	2086	0.000757575757575758
chrM	2087	2087	0.00395157749482531
chrM	2088	2088	0.000689395838556029
chrM	2089	2089	0.000250767976929346
chrM	2090	2090	0.00732119391777736
chrM	2091	2091	0
chrM	2092	2092	0.000123716441915131
chrM	2093	2093	0
chrM	2094	2094	0
chrM	2095	2095	0
chrM	2096	2096	0.000370622027302489
chrM	2097	2097	0.000786163522012579
chrM	2098	2098	0.000120897056156683
chrM	2099	2099	6.04156597390044e-05
chrM	2100	2100	0.000241575069452832
chrM	2101	2101	0
chrM	2102	2102	0.000181061017562919
chrM	2103	2103	0.0024737540726439
chrM	2104	2104	0.000302060049537848
chrM	2105	2105	0
chrM	2106	2106	0.0004814057046576
chrM	2107	2107	0.00252585999518884
chrM	2108	2108	0.0157774298446345
chrM	2109	2109	0.000733720574747784
chrM	2110	2110	0.000977576831429095
chrM	2111	2111	0.000550189509720015
chrM	2112	2112	0.000549920567029207
chrM	2113	2113	0.00188278165806256
chrM	2114	2114	0.000972348830142814
chrM	2115	2115	0.00291173794358508
chrM	2116	2116	0.00200121285627653
chrM	2117	2117	6.05877006967586e-05
chrM	2118	2118	0.00133260645708401
chrM	2119	2119	0.00309203346671517
chrM	2120	2120	0.000484995453167627
chrM	2121	2121	0.00174551583002287
chrM	2122	2122	0.000120394895256441
chrM	2123	2123	0.000421382133397544
chrM	2124	2124	0.00174604130290806
chrM	2125	2125	0.000299598537959135
chrM	2126	2126	0.000119796346211441
chrM	2127	2127	0.000236854571293226
chrM	2128	2128	0.00134573752267275
chrM	2129	2129	0.000935672514619883
chrM	2130	2130	0.00204522877344709
chrM	2131	2131	0.00140523449850694
chrM	2132	2132	0.00601190820278629
chrM	2133	2133	5.81192607230036e-05
chrM	2134	2134	0
chrM	2135	2135	0.000290410640645873
chrM	2136	2136	0.000345283996086781
chrM	2137	2137	0.000684033517642364
chrM	2138	2138	0.000454648783814503
chrM	2139	2139	0.000397005444646098
chrM	2140	2140	0.00324094769780957
chrM	2141	2141	0.000111638291934133
chrM	2142	2142	0.00359572937987498
chrM	2143	2143	0.00243134221141626
chrM	2144	2144	0.000166140554909453
chrM	2145	2145	0.000109313511149978
chrM	2146	2146	0.000272732231495118
chrM	2147	2147	0.00147026791548682
chrM	2148	2148	0.00119617224880383
chrM	2149	2149	0.00254770164787511
chrM	2150	2150	0.000432525951557093
chrM	2151	2151	0.00232558139534884
chrM	2152	2152	0.000702550799827064
chrM	2153	2153	0.000594048711994383
chrM	2154	2154	5.40336089047387e-05
chrM	2155	2155	5.39170755378228e-05
chrM	2156	2156	0.000323380403147569
chrM	2157	2157	0.000215447592373155
chrM	2158	2158	0.000107550010755001
chrM	2159	2159	0.000376425037642504
chrM	2160	2160	0.000268182793391976
chrM	2161	2161	0.000160608169602227
chrM	2162	2162	5.3501685303087e-05
chrM	2163	2163	0.000267451190157796
chrM	2164	2164	0.000695298711023159
chrM	2165	2165	0.00550772685952623
chrM	2166	2166	5.37663315232002e-05
chrM	2167	2167	0.000430084404064298
chrM	2168	2168	0.000697537157267801
chrM	2169	2169	0.000268470790378007
chrM	2170	2170	0.000643984115058495
chrM	2171	2171	0.0064419153961778
chrM	2172	2172	0.000540277702739208
chrM	2173	2173	0.0141270354793486
chrM	2174	2174	0.000164015089388224
chrM	2175	2175	0.00207310420076378
chrM	2176	2176	0.00076486013986014
chrM	2177	2177	0.00524389577757142
chrM	2178	2178	0.000931455810640513
chrM	2179	2179	0.00317703768624014
chrM	2180	2180	0.000494532666630035
chrM	2181	2181	0.0054270365091547
chrM	2182	2182	0.000275375888087239
chrM	2183	2183	0.000866645000541653
chrM	2184	2184	0.00448357821953328
chrM	2185	2185	0.00471723689204576
chrM	2186	2186	0.00653487992158144
chrM	2187	2187	0.0291363163371488
chrM	2188	2188	0.00921658986175115
chrM	2189	2189	0.0075907777714836
chrM	2190	2190	0.00319616460247703
chrM	2191	2191	0.00663919413919414
chrM	2192	2192	0.000806591000748977
chrM	2193	2193	0.000864254436506107
chrM	2194	2194	0.0681032495966813
chrM	2195	2195	0.0019147621988882
chrM	2196	2196	0.000371287128712871
chrM	2197	2197	0.00284759192769593
chrM	2198	2198	0.000620770997578993
chrM	2199	2199	0.00540003724163615
chrM	2200	2200	0.00118409572479123
chrM	2201	2201	0.00074719800747198
chrM	2202	2202	0.00335800012437037
chrM	2203	2203	0.00349366772724437
chrM	2204	2204	0.00256667084011519
chrM	2205	2205	0.00470131009841409
chrM	2206	2206	0.000188809868462458
chrM	2207	2207	0
chrM	2208	2208	0.000687929956222639
chrM	2209	2209	0.00125140783381304
chrM	2210	2210	0.000814434281418369
chrM	2211	2211	0.00448430493273543
chrM	2212	2212	0.000486440471847258
chrM	2213	2213	0.000728818706346796
chrM	2214	2214	0.000546481267836541
chrM	2215	2215	0.0018136751103319
chrM	2216	2216	0.00144473874307729
chrM	2217	2217	0.00317650584357207
chrM	2218	2218	0.0541496761813385
chrM	2219	2219	0.00154741272592226
chrM	2220	2220	0.000185781520931385
chrM	2221	2221	0.0021050024764735
chrM	2222	2222	0.0488152834635901
chrM	2223	2223	0.00286906624934794
chrM	2224	2224	0.00193336340787523
chrM	2225	2225	0.000129073894804776
chrM	2226	2226	0.00366913421306727
chrM	2227	2227	0.0267303719008264
chrM	2228	2228	0.010934393638171
chrM	2229	2229	0.00180880284049039
chrM	2230	2230	0.011085141903172
chrM	2231	2231	0.000472398434336618
chrM	2232	2232	0.000134998312521093
chrM	2233	2233	0.000134889053753288
chrM	2234	2234	0.00113220113220113
chrM	2235	2235	0.00253790590225809
chrM	2236	2236	0.00312764709715254
chrM	2237	2237	0.00123754315117567
chrM	2238	2238	6.50999283900788e-05
chrM	2239	2239	0.00103292446739832
chrM	2240	2240	0.00890839842489187
chrM	2241	2241	0.00531983079092424
chrM	2242	2242	0.000128774708647222
chrM	2243	2243	0.00205867215645908
chrM	2244	2244	0.00038677238445175
chrM	2245	2245	0.0163809038179616
chrM	2246	2246	0.000518403317781234
chrM	2247	2247	0.00304680409697913
chrM	2248	2248	0.00032492851572654
chrM	2249	2249	0.00103997400064998
chrM	2250	2250	0.00780234070221066
chrM	2251	2251	0.0146721687299404
chrM	2252	2252	0.00478405315614618
chrM	2253	2253	0.00140158846692919
chrM	2254	2254	0.00380456547857429
chrM	2255	2255	0.00194174757281553
chrM	2256	2256	0.0118033666420763
chrM	2257	2257	0.000814166497048646
chrM	2258	2258	0.00088165479823669
chrM	2259	2259	0.00128848501288485
chrM	2260	2260	0.0082734300827343
chrM	2261	2261	0.00831006062257339
chrM	2262	2262	0.00157880285557386
chrM	2263	2263	0.00240516767454645
chrM	2264	2264	0.00640143171806167
chrM	2265	2265	0.000622966705890496
chrM	2266	2266	0.00316129475637413
chrM	2267	2267	0.000482525677259254
chrM	2268	2268	0.00294702213693373
chrM	2269	2269	0.0177307401553158
chrM	2270	2270	0.00475158968625533
chrM	2271	2271	0.00484312486839335
chrM	2272	2272	0.0114732174280284
chrM	2273	2273	0.00220201733200739
chrM	2274	2274	0.0111584932480455
chrM	2275	2275	0.0118461428673375
chrM	2276	2276	0.0147292418772563
chrM	2277	2277	0.0387110884304148
chrM	2278	2278	0.0397120121258052
chrM	2279	2279	0.00354386517561821
chrM	2280	2280	0.00126302494474266
chrM	2281	2281	0.00394695295232081
chrM	2282	2282	0.00751463376048094
chrM	2283	2283	0.00461562947636479
chrM	2284	2284	0.00230396440772225
chrM	2285	2285	0.00586696265757552
chrM	2286	2286	0.000557014402800987
chrM	2287	2287	0.00189963590311857
chrM	2288	2288	0.00277315585135885
chrM	2289	2289	0.00484357630617754
chrM	2290	2290	0.011398717644265
chrM	2291	2291	0.00198082560811346
chrM	2292	2292	0.0100633914421553
chrM	2293	2293	0.0104707857085765
chrM	2294	2294	0.00975806451612903
chrM	2295	2295	0.000876284553493189
chrM	2296	2296	0.00159261028826246
chrM	2297	2297	0.00438666453979901
chrM	2298	2298	0.00488508048370305
chrM	2299	2299	0.00611571578015611
chrM	2300	2300	0.00348149947372682
chrM	2301	2301	0.0231729055258467
chrM	2302	2302	0.000165768752590137
chrM	2303	2303	0.000497223833595757
chrM	2304	2304	0.000580238726790451
chrM	2305	2305	0.0018202879364554
chrM	2306	2306	0.00124131082423039
chrM	2307	2307	0.000248467782010933
chrM	2308	2308	0.00107633714191091
chrM	2309	2309	0.00231999337144751
chrM	2310	2310	0.00091324200913242
chrM	2311	2311	0.00481927710843374
chrM	2312	2312	0.0045894526034713
chrM	2313	2313	0.00274679540536041
chrM	2314	2314	8.34585211150058e-05
chrM	2315	2315	0.000415489446568057
chrM	2316	2316	0.00033217073575818
chrM	2317	2317	0.0041407867494824
chrM	2318	2318	0.00457342424746383
chrM	2319	2319	0.00634602538410154
chrM	2320	2320	0.00075541379889206
chrM	2321	2321	0.00939282120093928
chrM	2322	2322	0.0023666638492097
chrM	2323	2323	0.0298747461069736
chrM	2324	2324	0.00148122331619761
chrM	2325	2325	0.00182974644942058
chrM	2326	2326	0.00122110771914522
chrM	2327	2327	0.0054044630404463
chrM	2328	2328	0.00122677882930249
chrM	2329	2329	0.00149018232819074
chrM	2330	2330	0.00363699341877381
chrM	2331	2331	0.0061275567446276
chrM	2332	2332	0
chrM	2333	2333	0.00487679671457906
chrM	2334	2334	0.00145822611082518
chrM	2335	2335	0.000944692545517004
chrM	2336	2336	0.0105200644778145
chrM	2337	2337	0.00539845758354756
chrM	2338	2338	0.000602824664140544
chrM	2339	2339	0.00610857781983997
chrM	2340	2340	0.00528001384921665
chrM	2341	2341	0.00469769464984776
chrM	2342	2342	0.0102165560600768
chrM	2343	2343	0.00202911336568152
chrM	2344	2344	0.00591089545655051
chrM	2345	2345	0.0035498757543486
chrM	2346	2346	0.0206515933772476
chrM	2347	2347	0.000272529069767442
chrM	2348	2348	0.000181719062329638
chrM	2349	2349	0.00153166951977656
chrM	2350	2350	0.000540881637068422
chrM	2351	2351	0.00150883109967161
chrM	2352	2352	0.000884329678103997
chrM	2353	2353	0.00247459125055236
chrM	2354	2354	0.00124014527416069
chrM	2355	2355	0.00549158547387068
chrM	2356	2356	8.86917960088692e-05
chrM	2357	2357	0.00292423571112096
chrM	2358	2358	0.00373101181487075
chrM	2359	2359	0.014426930269837
chrM	2360	2360	0.0252017937219731
chrM	2361	2361	0.00536509957261071
chrM	2362	2362	0.0300566416955966
chrM	2363	2363	0.00828859376471696
chrM	2364	2364	0.013104168644953
chrM	2365	2365	0.00644416658651534
chrM	2366	2366	0.00784048010841158
chrM	2367	2367	0.0317042239781485
chrM	2368	2368	0.00110786584751737
chrM	2369	2369	0.00292250327521919
chrM	2370	2370	0.00606121830487928
chrM	2371	2371	0.00772279239914643
chrM	2372	2372	0.0110576430838538
chrM	2373	2373	0.00476141186212607
chrM	2374	2374	0.00114380784028283
chrM	2375	2375	0.00124843945068664
chrM	2376	2376	0.000624934902614311
chrM	2377	2377	0.000312662845231892
chrM	2378	2378	0.00218863991662324
chrM	2379	2379	0.00104449550866931
chrM	2380	2380	0.00491220735785953
chrM	2381	2381	0.0014704337779645
chrM	2382	2382	0.00788809423643248
chrM	2383	2383	0.0025439898240407
chrM	2384	2384	0.000106269925611052
chrM	2385	2385	0.0010558547143913
chrM	2386	2386	0.000526592943654555
chrM	2387	2387	0.000421363109659749
chrM	2388	2388	0.000316022332244812
chrM	2389	2389	0.00157894736842105
chrM	2390	2390	0.00105362975450427
chrM	2391	2391	0.000421762969211303
chrM	2392	2392	0.000738240877452014
chrM	2393	2393	0.000738786279683377
chrM	2394	2394	0.00168936754302608
chrM	2395	2395	0
chrM	2396	2396	0.0567533291058973
chrM	2397	2397	0.000336134453781513
chrM	2398	2398	0.00156915489800493
chrM	2399	2399	0.00213291423439605
chrM	2400	2400	0.0103498706266172
chrM	2401	2401	0.000113675116516994
chrM	2402	2402	0.000340986587860877
chrM	2403	2403	0
chrM	2404	2404	0.000113675116516994
chrM	2405	2405	0.00022737608003638
chrM	2406	2406	0.00113430127041742
chrM	2407	2407	0.00113558937088349
chrM	2408	2408	0.00125056844020009
chrM	2409	2409	0.000796359499431172
chrM	2410	2410	0.00295757024229325
chrM	2411	2411	0.00501939310974219
chrM	2412	2412	0.0612174710535366
chrM	2413	2413	0.014041514041514
chrM	2414	2414	0.00458147597820703
chrM	2415	2415	0.0054726368159204
chrM	2416	2416	0.00175087543771886
chrM	2417	2417	0.00275551102204409
chrM	2418	2418	0.00163255054627653
chrM	2419	2419	0.0247798742138365
chrM	2420	2420	0.00399845221204695
chrM	2421	2421	0.00336700336700337
chrM	2422	2422	0.000259773996622938
chrM	2423	2423	0.000259841496687021
chrM	2424	2424	0.00337837837837838
chrM	2425	2425	0.00508474576271186
chrM	2426	2426	0.000655136268343816
chrM	2427	2427	0.00222833923187836
chrM	2428	2428	0.00919238345370978
chrM	2429	2429	0.00251755664502451
chrM	2430	2430	0.0119553666312434
chrM	2431	2431	0.000941113202473783
chrM	2432	2432	0.000941746266648729
chrM	2433	2433	0.0293563156477242
chrM	2434	2434	0.00277392510402219
chrM	2435	2435	0.0062586926286509
chrM	2436	2436	0.00139958012596221
chrM	2437	2437	0.00224246671338472
chrM	2438	2438	0.0765556960247226
chrM	2439	2439	0.00684514755095832
chrM	2440	2440	0.00199081163859112
chrM	2441	2441	0
chrM	2442	2442	0.000920245398773006
chrM	2443	2443	0.0141212586339217
chrM	2444	2444	0.00358032378580324
chrM	2445	2445	0.0104654795376445
chrM	2446	2446	0.00315656565656566
chrM	2447	2447	0.000316656111462951
chrM	2448	2448	0.00174188440221694
chrM	2449	2449	0.00602409638554217
chrM	2450	2450	0.0165869218500797
chrM	2451	2451	0.000648718780408693
chrM	2452	2452	0.00210970464135021
chrM	2453	2453	0.00699300699300699
chrM	2454	2454	0.000982640026203734
chrM	2455	2455	0.0132743362831858
chrM	2456	2456	0.00049825610363727
chrM	2457	2457	0.00149551345962114
chrM	2458	2458	0.00532534531536029
chrM	2459	2459	0.0299481345156433
chrM	2460	2460	0.00758882373232149
chrM	2461	2461	0.00660410149461244
chrM	2462	2462	0.00104950148679377
chrM	2463	2463	0.000175070028011204
chrM	2464	2464	0.00770443004727718
chrM	2465	2465	0.03476266101994
chrM	2466	2466	0.00237659963436929
chrM	2467	2467	0.00128275609309144
chrM	2468	2468	0.0225646670335718
chrM	2469	2469	0.0106961906549071
chrM	2470	2470	0.00151745068285281
chrM	2471	2471	0.00968844984802432
chrM	2472	2472	0.00633032802608862
chrM	2473	2473	0.0202702702702703
chrM	2474	2474	0.0401970443349754
chrM	2475	2475	0.000615889960993636
chrM	2476	2476	0.00205423171733772
chrM	2477	2477	0.039917695473251
chrM	2478	2478	0.0205655526992288
chrM	2479	2479	0.00524819593264815
chrM	2480	2480	0.00835348428225984
chrM	2481	2481	0.0203945909997783
chrM	2482	2482	0.0221769631138267
chrM	2483	2483	0.00138856746123582
chrM	2484	2484	0.00880648899188876
chrM	2485	2485	0.0037400654511454
chrM	2486	2486	0.00281557954012201
chrM	2487	2487	0.00235294117647059
chrM	2488	2488	0.0351415094339623
chrM	2489	2489	0.00879980444879003
chrM	2490	2490	0
chrM	2491	2491	0
chrM	2492	2492	0.0192260290855312
chrM	2493	2493	0.0391959798994975
chrM	2494	2494	0.0993723849372385
chrM	2495	2495	0.00638792102206736
chrM	2496	2496	0.0189947399181765
chrM	2497	2497	0.00417039022937146
chrM	2498	2498	0.00538438528268023
chrM	2499	2499	0.00330827067669173
chrM	2500	2500	0.0126735063367532
chrM	2501	2501	0.0128361858190709
chrM	2502	2502	0.00556930693069307
chrM	2503	2503	0.00995644057249533
chrM	2504	2504	0.0119421747328724
chrM	2505	2505	0.0254452926208651
chrM	2506	2506	0.00195758564437194
chrM	2507	2507	0.00849673202614379
chrM	2508	2508	0.0856954515491101
chrM	2509	2509	0.0111751982696467
chrM	2510	2510	0.012395187750638
chrM	2511	2511	0.0025830258302583
chrM	2512	2512	0.0628930817610063
chrM	2513	2513	0.153117600631413
chrM	2514	2514	0.0232991612301957
chrM	2515	2515	0.0743565300285987
chrM	2516	2516	0.00669412976313079
chrM	2517	2517	0.0689119170984456
chrM	2518	2518	0.229271007234279
chrM	2519	2519	0.0389891696750903
chrM	2520	2520	0.0232907588279489
chrM	2521	2521	0.107692307692308
chrM	2522	2522	0.292241379310345
chrM	2523	2523	0.0401948842874543
chrM	2524	2524	0.120558375634518
chrM	2525	2525	0.00721500721500722
chrM	2526	2526	0.0479651162790698
chrM	2527	2527	0.00916030534351145
chrM	2528	2528	0.00770416024653313
chrM	2529	2529	0.0093167701863354
chrM	2530	2530	0
chrM	2531	2531	0.00469483568075117
chrM	2532	2532	0.0141287284144427
chrM	2533	2533	0
chrM	2534	2534	0.00635930047694754
chrM	2535	2535	0.0096
chrM	2536	2536	0.0113085621970921
chrM	2537	2537	0.0065359477124183
chrM	2538	2538	0
chrM	2539	2539	0
chrM	2540	2540	0.0114754098360656
chrM	2541	2541	0.00165837479270315
chrM	2542	2542	0.00996677740863787
chrM	2543	2543	0.0318791946308725
chrM	2544	2544	0.0121317157712305
chrM	2545	2545	0.00350262697022767
chrM	2546	2546	0.193861066235864
chrM	2547	2547	0.00400801603206413
chrM	2548	2548	0.0120724346076459
chrM	2549	2549	0.0162932790224033
chrM	2550	2550	0.0082815734989648
chrM	2551	2551	0
chrM	2552	2552	0
chrM	2553	2553	0.00625
chrM	2554	2554	0
chrM	2555	2555	0
chrM	2556	2556	0.00209643605870021
chrM	2557	2557	0
chrM	2558	2558	0
chrM	2559	2559	0
chrM	2560	2560	0
chrM	2561	2561	0.00210084033613445
chrM	2562	2562	0.00210526315789474
chrM	2563	2563	0.00210970464135021
chrM	2564	2564	0
chrM	2565	2565	0
chrM	2566	2566	0
chrM	2567	2567	0
chrM	2568	2568	0
chrM	2569	2569	0
chrM	2570	2570	0
chrM	2571	2571	0
chrM	2572	2572	0
chrM	2573	2573	0
chrM	2574	2574	0
chrM	2575	2575	0
chrM	2576	2576	0
chrM	2577	2577	0
chrM	2578	2578	0
chrM	2579	2579	0.00210970464135021
chrM	2580	2580	0
chrM	2581	2581	0
chrM	2582	2582	0.00842105263157895
chrM	2583	2583	0
chrM	2584	2584	0.00212314225053079
chrM	2585	2585	0
chrM	2586	2586	0
chrM	2587	2587	0.00212765957446809
chrM	2588	2588	0.00213219616204691
chrM	2589	2589	0
chrM	2590	2590	0
chrM	2591	2591	0
chrM	2592	2592	0
chrM	2593	2593	0.00424628450106157
chrM	2594	2594	0.00213219616204691
chrM	2595	2595	0.00426439232409382
chrM	2596	2596	0
chrM	2597	2597	0.00428265524625268
chrM	2598	2598	0.00213219616204691
chrM	2599	2599	0
chrM	2600	2600	0
chrM	2601	2601	0
chrM	2602	2602	0.00421940928270042
chrM	2603	2603	0
chrM	2604	2604	0
chrM	2605	2605	0
chrM	2606	2606	0
chrM	2607	2607	0
chrM	2608	2608	0
chrM	2609	2609	0
chrM	2610	2610	0.00423728813559322
chrM	2611	2611	0
chrM	2612	2612	0
chrM	2613	2613	0
chrM	2614	2614	0
chrM	2615	2615	0
chrM	2616	2616	0
chrM	2617	2617	0.00425531914893617
chrM	2618	2618	0
chrM	2619	2619	0
chrM	2620	2620	0
chrM	2621	2621	0.00213219616204691
chrM	2622	2622	0.00213675213675214
chrM	2623	2623	0
chrM	2624	2624	0
chrM	2625	2625	0
chrM	2626	2626	0
chrM	2627	2627	0.00422832980972516
chrM	2628	2628	0
chrM	2629	2629	0
chrM	2630	2630	0
chrM	2631	2631	0
chrM	2632	2632	0
chrM	2633	2633	0
chrM	2634	2634	0
chrM	2635	2635	0
chrM	2636	2636	0
chrM	2637	2637	0
chrM	2638	2638	0.00194552529182879
chrM	2639	2639	0
chrM	2640	2640	0
chrM	2641	2641	0
chrM	2642	2642	0
chrM	2643	2643	0
chrM	2644	2644	0
chrM	2645	2645	0
chrM	2646	2646	0
chrM	2647	2647	0
chrM	2648	2648	0
chrM	2649	2649	0.00529100529100529
chrM	2650	2650	0
chrM	2651	2651	0
chrM	2652	2652	0.00510204081632653
chrM	2653	2653	0.00169779286926995
chrM	2654	2654	0
chrM	2655	2655	0
chrM	2656	2656	0
chrM	2657	2657	0
chrM	2658	2658	0
chrM	2659	2659	0
chrM	2660	2660	0
chrM	2661	2661	0.0016
chrM	2662	2662	0
chrM	2663	2663	0
chrM	2664	2664	0
chrM	2665	2665	0
chrM	2666	2666	0.00148367952522255
chrM	2667	2667	0.0029585798816568
chrM	2668	2668	0
chrM	2669	2669	0
chrM	2670	2670	0
chrM	2671	2671	0
chrM	2672	2672	0
chrM	2673	2673	0
chrM	2674	2674	0
chrM	2675	2675	0
chrM	2676	2676	0
chrM	2677	2677	0
chrM	2678	2678	0
chrM	2679	2679	0
chrM	2680	2680	0
chrM	2681	2681	0
chrM	2682	2682	0
chrM	2683	2683	0
chrM	2684	2684	0
chrM	2685	2685	0
chrM	2686	2686	0
chrM	2687	2687	0
chrM	2688	2688	0
chrM	2689	2689	0.000168719419605197
chrM	2690	2690	0
chrM	2691	2691	0
chrM	2692	2692	6.68136567114318e-05
chrM	2693	2693	0
chrM	2694	2694	0
chrM	2695	2695	0
chrM	2696	2696	0
chrM	2697	2697	0
chrM	2698	2698	0
chrM	2699	2699	0
chrM	2700	2700	0
chrM	2701	2701	0
chrM	2702	2702	4.73866274937213e-05
chrM	2703	2703	0
chrM	2704	2704	0
chrM	2705	2705	0
chrM	2706	2706	0
chrM	2707	2707	0
chrM	2708	2708	4.22119037568594e-05
chrM	2709	2709	8.2047915982934e-05
chrM	2710	2710	0
chrM	2711	2711	0
chrM	2712	2712	0
chrM	2713	2713	0
chrM	2714	2714	3.91159788773714e-05
chrM	2715	2715	0
chrM	2716	2716	0
chrM	2717	2717	3.89211069162807e-05
chrM	2718	2718	0
chrM	2719	2719	0
chrM	2720	2720	0
chrM	2721	2721	0
chrM	2722	2722	0
chrM	2723	2723	0
chrM	2724	2724	0
chrM	2725	2725	0
chrM	2726	2726	0
chrM	2727	2727	0
chrM	2728	2728	0
chrM	2729	2729	6.87710611374733e-05
chrM	2730	2730	0
chrM	2731	2731	0
chrM	2732	2732	0
chrM	2733	2733	0
chrM	2734	2734	0
chrM	2735	2735	3.40924587481249e-05
chrM	2736	2736	0
chrM	2737	2737	0
chrM	2738	2738	0
chrM	2739	2739	0
chrM	2740	2740	0
chrM	2741	2741	0
chrM	2742	2742	3.34001336005344e-05
chrM	2743	2743	3.33889816360601e-05
chrM	2744	2744	3.32778702163062e-05
chrM	2745	2745	0
chrM	2746	2746	0
chrM	2747	2747	0
chrM	2748	2748	0
chrM	2749	2749	3.27621793401697e-05
chrM	2750	2750	0
chrM	2751	2751	0
chrM	2752	2752	0
chrM	2753	2753	0
chrM	2754	2754	0
chrM	2755	2755	0
chrM	2756	2756	0
chrM	2757	2757	0
chrM	2758	2758	0
chrM	2759	2759	0
chrM	2760	2760	0
chrM	2761	2761	0
chrM	2762	2762	0
chrM	2763	2763	0
chrM	2764	2764	0
chrM	2765	2765	0
chrM	2766	2766	3.04117754394502e-05
chrM	2767	2767	0
chrM	2768	2768	0
chrM	2769	2769	0
chrM	2770	2770	0
chrM	2771	2771	0
chrM	2772	2772	0
chrM	2773	2773	0
chrM	2774	2774	0
chrM	2775	2775	0
chrM	2776	2776	2.90284188220268e-05
chrM	2777	2777	0
chrM	2778	2778	0
chrM	2779	2779	0
chrM	2780	2780	2.86524741411421e-05
chrM	2781	2781	0
chrM	2782	2782	0.000170687300864816
chrM	2783	2783	0
chrM	2784	2784	0
chrM	2785	2785	2.84082838555723e-05
chrM	2786	2786	8.5166784953868e-05
chrM	2787	2787	0.000283776497630466
chrM	2788	2788	2.83784550769056e-05
chrM	2789	2789	2.74838532362237e-05
chrM	2790	2790	2.621987991295e-05
chrM	2791	2791	5.00976904964681e-05
chrM	2792	2792	0.000171299921691464
chrM	2793	2793	0.000687537241600587
chrM	2794	2794	0.00014158862436538
chrM	2795	2795	0.000271733856097514
chrM	2796	2796	0.000165926144429491
chrM	2797	2797	0.000183012755989092
chrM	2798	2798	1.82076399257128e-05
chrM	2799	2799	0
chrM	2800	2800	0.000163695348075836
chrM	2801	2801	0.000163357440931434
chrM	2802	2802	0.000103368330896794
chrM	2803	2803	0
chrM	2804	2804	7.26079316904579e-05
chrM	2805	2805	0.00036205123749113
chrM	2806	2806	0.00115531807350711
chrM	2807	2807	0.000443789099967074
chrM	2808	2808	0.000184198594423033
chrM	2809	2809	0.000178888414911037
chrM	2810	2810	0.0079706373770851
chrM	2811	2811	0.000151795324703999
chrM	2812	2812	0.000302401341562315
chrM	2813	2813	0.000274228048044754
chrM	2814	2814	4.07464754298753e-05
chrM	2815	2815	0.00222689931427795
chrM	2816	2816	0.000107224232676585
chrM	2817	2817	0.000589164725101095
chrM	2818	2818	0.00138911150291179
chrM	2819	2819	0.000426734944257748
chrM	2820	2820	0.000546440804467487
chrM	2821	2821	0.000133223202152887
chrM	2822	2822	0.000346218890235296
chrM	2823	2823	0.000226428162335673
chrM	2824	2824	0.00212162198000371
chrM	2825	2825	0.00114255347415969
chrM	2826	2826	0.0003723701359151
chrM	2827	2827	0.00214087203967927
chrM	2828	2828	0.000905700586041556
chrM	2829	2829	0.000559873095431702
chrM	2830	2830	0.00202707208108288
chrM	2831	2831	0.00454235748353395
chrM	2832	2832	0.0026701373980249
chrM	2833	2833	0.00123757381724263
chrM	2834	2834	0.0165141559506053
chrM	2835	2835	0.000163608104054754
chrM	2836	2836	0.000244688226418172
chrM	2837	2837	0.00104555638536221
chrM	2838	2838	0.0136757928978043
chrM	2839	2839	0.00392711494363354
chrM	2840	2840	0.000950648921220137
chrM	2841	2841	0.000839838640838187
chrM	2842	2842	0.00138959591651418
chrM	2843	2843	0.000344153520002203
chrM	2844	2844	0.00129383912349282
chrM	2845	2845	0.00185597624350408
chrM	2846	2846	6.88070238209916e-05
chrM	2847	2847	0.000233760519223365
chrM	2848	2848	0.000379357530924413
chrM	2849	2849	2.70175343798125e-05
chrM	2850	2850	1.34575012111751e-05
chrM	2851	2851	0.000107483541582695
chrM	2852	2852	0.000481605351170569
chrM	2853	2853	0
chrM	2854	2854	6.67699375033385e-05
chrM	2855	2855	1.33404482390608e-05
chrM	2856	2856	0.000146697962231943
chrM	2857	2857	7.97989067549775e-05
chrM	2858	2858	0.0111453484560414
chrM	2859	2859	0.000185590243255783
chrM	2860	2860	0.000145832504739556
chrM	2861	2861	0.000331472666763899
chrM	2862	2862	0.000981419344571027
chrM	2863	2863	3.97035468501853e-05
chrM	2864	2864	0
chrM	2865	2865	2.64459312934705e-05
chrM	2866	2866	2.64323002709311e-05
chrM	2867	2867	0.0001037115781013
chrM	2868	2868	0.000401804230609706
chrM	2869	2869	0.000596395695578893
chrM	2870	2870	0.00097227083576401
chrM	2871	2871	0.000181667185715769
chrM	2872	2872	0.000168647190078356
chrM	2873	2873	0.000908170943719349
chrM	2874	2874	0.00290841102080033
chrM	2875	2875	0.00199185033783344
chrM	2876	2876	0.00151295796324556
chrM	2877	2877	0.00111009533759958
chrM	2878	2878	0.0010066806991855
chrM	2879	2879	0.000915942635821208
chrM	2880	2880	0.00175422519538665
chrM	2881	2881	0.00374836173001311
chrM	2882	2882	5.26045844895383e-05
chrM	2883	2883	0.00144654997830175
chrM	2884	2884	0.000987543781107629
chrM	2885	2885	0.00364617612215348
chrM	2886	2886	0.00637682690149585
chrM	2887	2887	0.00260029717682021
chrM	2888	2888	0.00501758810645782
chrM	2889	2889	0.00109333333333333
chrM	2890	2890	0.00234920380677799
chrM	2891	2891	0.00557456820490883
chrM	2892	2892	0.000107291820339847
chrM	2893	2893	0
chrM	2894	2894	5.36042132911647e-05
chrM	2895	2895	2.67970791183761e-05
chrM	2896	2896	0.000436889347843355
chrM	2897	2897	0.00060882800608828
chrM	2898	2898	0.00339798765089313
chrM	2899	2899	0.000358033204264573
chrM	2900	2900	0.000106043133044366
chrM	2901	2901	0.000105768340891363
chrM	2902	2902	0.000581218709958654
chrM	2903	2903	0.000554645819026993
chrM	2904	2904	0.00401404917210236
chrM	2905	2905	0
chrM	2906	2906	0.0014154375289371
chrM	2907	2907	0.000781394856037931
chrM	2908	2908	0.000158961451847927
chrM	2909	2909	0.000912867462228455
chrM	2910	2910	0.000145622071010617
chrM	2911	2911	0.00015885833807702
chrM	2912	2912	0.00108563257956892
chrM	2913	2913	0.00014528740490279
chrM	2914	2914	0.00115340253748558
chrM	2915	2915	0.00027534483662873
chrM	2916	2916	0.00131133782685095
chrM	2917	2917	0.000551412666736687
chrM	2918	2918	7.87680674254657e-05
chrM	2919	2919	0.00231001443759023
chrM	2920	2920	0.000551456106719887
chrM	2921	2921	0.000380957385318691
chrM	2922	2922	0.000210183385003415
chrM	2923	2923	0.000538446385186158
chrM	2924	2924	0.0111510980350951
chrM	2925	2925	0.0013665733504929
chrM	2926	2926	0.000743780797173633
chrM	2927	2927	3.98697587879593e-05
chrM	2928	2928	0.00128877964525344
chrM	2929	2929	0.00203534091960403
chrM	2930	2930	0.000659909196494562
chrM	2931	2931	0.00244024035055496
chrM	2932	2932	0.000249835634451019
chrM	2933	2933	0.000723179887709887
chrM	2934	2934	7.89110278161373e-05
chrM	2935	2935	0.00199600798403194
chrM	2936	2936	0.000328424482074592
chrM	2937	2937	9.1905730978796e-05
chrM	2938	2938	0.00010498687664042
chrM	2939	2939	0.0017300131061599
chrM	2940	2940	0.00333438353287125
chrM	2941	2941	0.00121288000313001
chrM	2942	2942	0.000848641520765605
chrM	2943	2943	0.000195993884990788
chrM	2944	2944	0.00152865243408503
chrM	2945	2945	0.000771423341439816
chrM	2946	2946	0.00411855172953106
chrM	2947	2947	0.000929149108802052
chrM	2948	2948	0.000366003503176388
chrM	2949	2949	0.00201244054152945
chrM	2950	2950	0.000641369651435228
chrM	2951	2951	0.000746425017023728
chrM	2952	2952	0.00254222851227215
chrM	2953	2953	0.00010473260456896
chrM	2954	2954	3.92510892177258e-05
chrM	2955	2955	0.000130403599139336
chrM	2956	2956	0.00692271589486859
chrM	2957	2957	0.000210009581687164
chrM	2958	2958	3.93809317528453e-05
chrM	2959	2959	0.00110249242036461
chrM	2960	2960	6.55643120336738e-05
chrM	2961	2961	0.000248860480955624
chrM	2962	2962	5.22370517407997e-05
chrM	2963	2963	0.000378688952729172
chrM	2964	2964	0.00350991649269311
chrM	2965	2965	0.000418202253064638
chrM	2966	2966	0.00263824674137346
chrM	2967	2967	0.000182777168520549
chrM	2968	2968	0.00168394120564969
chrM	2969	2969	0.00651989285947606
chrM	2970	2970	0.0356570196882475
chrM	2971	2971	0.00885377647619696
chrM	2972	2972	0.00463013849197626
chrM	2973	2973	0.00233209598851891
chrM	2974	2974	0.000691018146136518
chrM	2975	2975	0.00141041773254608
chrM	2976	2976	0.00448598130841121
chrM	2977	2977	0.0308866885464761
chrM	2978	2978	0.0106247221943421
chrM	2979	2979	0.000579458206576851
chrM	2980	2980	0.00179561811257367
chrM	2981	2981	0.000724564174648949
chrM	2982	2982	0.00140451471844548
chrM	2983	2983	0.00153618735688821
chrM	2984	2984	0.000377369444686348
chrM	2985	2985	0.00118733891286091
chrM	2986	2986	0.000549577692930695
chrM	2987	2987	0.000575589259504418
chrM	2988	2988	0.00165450961773634
chrM	2989	2989	0.00188681962868542
chrM	2990	2990	0.000389548556506182
chrM	2991	2991	0.0066618601297765
chrM	2992	2992	0.00245272339375644
chrM	2993	2993	0.00575153929735603
chrM	2994	2994	0.000801048645499563
chrM	2995	2995	0.00252116760663956
chrM	2996	2996	0.018669031798421
chrM	2997	2997	0.017644359577838
chrM	2998	2998	0.0258058688026017
chrM	2999	2999	0.00389069013432145
chrM	3000	3000	0.00277325896661244
chrM	3001	3001	0.00655503432849731
chrM	3002	3002	0.00264140916834685
chrM	3003	3003	0.00799849734687808
chrM	3004	3004	0.00119760479041916
chrM	3005	3005	0.00214423107243086
chrM	3006	3006	0.00710717493735916
chrM	3007	3007	0.00307312127740464
chrM	3008	3008	0.00390848427073403
chrM	3009	3009	0.00649640150308898
chrM	3010	3010	0.00213151273298396
chrM	3011	3011	0.00243515596212692
chrM	3012	3012	0.00107595953107435
chrM	3013	3013	0.00194471231115397
chrM	3014	3014	0.00529211169733625
chrM	3015	3015	0.00103447718492896
chrM	3016	3016	0.00328176277543366
chrM	3017	3017	0.00922509225092251
chrM	3018	3018	0.000326141904342579
chrM	3019	3019	0.00152788388082506
chrM	3020	3020	0.00557560388829286
chrM	3021	3021	0.0265642581087031
chrM	3022	3022	0.00128941507443442
chrM	3023	3023	0.00483510620560872
chrM	3024	3024	0.0341790169974043
chrM	3025	3025	0.00244210818019641
chrM	3026	3026	0.0221336950735787
chrM	3027	3027	0.000561718859710715
chrM	3028	3028	0.00135154110791266
chrM	3029	3029	0.00788646303549787
chrM	3030	3030	0.0211949796712038
chrM	3031	3031	0.00968282875637859
chrM	3032	3032	0.00149218423016032
chrM	3033	3033	0.00473484848484848
chrM	3034	3034	0.00232277416050918
chrM	3035	3035	0.000934356851034205
chrM	3036	3036	0.0213821167750609
chrM	3037	3037	0.000166904660349016
chrM	3038	3038	0.000519172291033153
chrM	3039	3039	0.0013342969922722
chrM	3040	3040	0.00066803985971163
chrM	3041	3041	0.000612529002320186
chrM	3042	3042	0.00558638481097233
chrM	3043	3043	0.000371781764104471
chrM	3044	3044	0.000816265954289107
chrM	3045	3045	0.000482580693060118
chrM	3046	3046	0.00354596762215951
chrM	3047	3047	0.00650161143091339
chrM	3048	3048	0.000504305272791797
chrM	3049	3049	0.00065354595361691
chrM	3050	3050	0.000742900655609829
chrM	3051	3051	0.00193032277224047
chrM	3052	3052	0.0470303931592155
chrM	3053	3053	0.00585080448561677
chrM	3054	3054	0.0287467890268055
chrM	3055	3055	0.000645356458606433
chrM	3056	3056	0.00106951871657754
chrM	3057	3057	0.000525199474800525
chrM	3058	3058	0.000646516890253758
chrM	3059	3059	0.0100454775138959
chrM	3060	3060	0.00191535749943966
chrM	3061	3061	0.00399624841985075
chrM	3062	3062	0.00595445151521352
chrM	3063	3063	0.00525354511687086
chrM	3064	3064	0.00315574531279005
chrM	3065	3065	0.00733914692724761
chrM	3066	3066	0.00157781099485135
chrM	3067	3067	0.00078766271453445
chrM	3068	3068	8.27300930713547e-05
chrM	3069	3069	0.00394897347364939
chrM	3070	3070	0.000372825186412593
chrM	3071	3071	0.00318300194287132
chrM	3072	3072	0.000673414415149784
chrM	3073	3073	0.00165275765675692
chrM	3074	3074	0.00181207370457091
chrM	3075	3075	0.00113957794916668
chrM	3076	3076	0.00329744142970547
chrM	3077	3077	0.000163205353135583
chrM	3078	3078	0.00466124880935492
chrM	3079	3079	0.000305144740321826
chrM	3080	3080	0.000404907478641131
chrM	3081	3081	0.00783809313262455
chrM	3082	3082	0.00192198753742818
chrM	3083	3083	0.00285384662092416
chrM	3084	3084	0.00370497843824024
chrM	3085	3085	0.000771965464702895
chrM	3086	3086	0.00464899102683828
chrM	3087	3087	0.000610413656988219
chrM	3088	3088	0.00269954470365446
chrM	3089	3089	0.00926558668649757
chrM	3090	3090	0.00101391085695746
chrM	3091	3091	0.0644376406658691
chrM	3092	3092	0.0123245908019633
chrM	3093	3093	0.00207913858005778
chrM	3094	3094	0.00362553411886573
chrM	3095	3095	0.000237268393692975
chrM	3096	3096	0.0001724286576429
chrM	3097	3097	0.00297170420776089
chrM	3098	3098	0.00295621776751613
chrM	3099	3099	0.0178208839158422
chrM	3100	3100	0.00109911850695742
chrM	3101	3101	0.00404075514327301
chrM	3102	3102	4.3624307464119e-05
chrM	3103	3103	6.54378885374632e-05
chrM	3104	3104	0.00028321823053964
chrM	3105	3105	0.0010845045982995
chrM	3106	3106	2.17060994139353e-05
chrM	3107	3107	2.17046860417164e-05
chrM	3108	3108	0.0179991808756009
chrM	3109	3109	0.00956748809549933
chrM	3110	3110	0.00461837627613029
chrM	3111	3111	0.00102072515865619
chrM	3112	3112	0.00319850736323049
chrM	3113	3113	0.00957705071382436
chrM	3114	3114	0.0161916952996923
chrM	3115	3115	0.00508934888285369
chrM	3116	3116	0.00568755160077057
chrM	3117	3117	0.00484306173750605
chrM	3118	3118	0.00129722717690936
chrM	3119	3119	0.0080846923647146
chrM	3120	3120	0.0237984460056763
chrM	3121	3121	0.00354694343934489
chrM	3122	3122	0.00368407292087562
chrM	3123	3123	0.000905732332260756
chrM	3124	3124	0.00309310238168883
chrM	3125	3125	0.0013517359134889
chrM	3126	3126	0.00269331632291445
chrM	3127	3127	0.00250840077618439
chrM	3128	3128	0.000427026001138736
chrM	3129	3129	0.00354744111247753
chrM	3130	3130	0.0274053302542593
chrM	3131	3131	0.00200944195617964
chrM	3132	3132	0.00977072651639741
chrM	3133	3133	0.00713047300432224
chrM	3134	3134	0.00589709568037741
chrM	3135	3135	0.00805714144484813
chrM	3136	3136	0.0120701546950438
chrM	3137	3137	0.0057332303013685
chrM	3138	3138	0.00255619878204646
chrM	3139	3139	0.0021835705142685
chrM	3140	3140	0.154091445501795
chrM	3141	3141	0.00745871070857752
chrM	3142	3142	0.0177423195999047
chrM	3143	3143	0.00293565764784214
chrM	3144	3144	0.00209376422394174
chrM	3145	3145	0.0105359040534386
chrM	3146	3146	0.0367958812840703
chrM	3147	3147	0.00238881030960239
chrM	3148	3148	0.000814051786217477
chrM	3149	3149	0.000219051195393666
chrM	3150	3150	0.000431087572361128
chrM	3151	3151	0.00702934903421551
chrM	3152	3152	0.00220823013338904
chrM	3153	3153	0.00660746853230484
chrM	3154	3154	0.0113775861552741
chrM	3155	3155	0.000893788172203188
chrM	3156	3156	0.025101864794932
chrM	3157	3157	0.00234099477076493
chrM	3158	3158	0.00249164387724096
chrM	3159	3159	0.00333591469589563
chrM	3160	3160	0.00178613955703739
chrM	3161	3161	0.0118572364893047
chrM	3162	3162	0.0460956210638361
chrM	3163	3163	0.00859696323097381
chrM	3164	3164	0.00130828894495842
chrM	3165	3165	0.00227634163834232
chrM	3166	3166	0.00350311560281489
chrM	3167	3167	0.00592597189041606
chrM	3168	3168	0.00137315482320632
chrM	3169	3169	0.0125448587923233
chrM	3170	3170	0.0327082149396982
chrM	3171	3171	0.000163126814785814
chrM	3172	3172	0.00860691813647182
chrM	3173	3173	0.00138048908756245
chrM	3174	3174	0.00177701724364881
chrM	3175	3175	0.00253782011140042
chrM	3176	3176	0.0152033697512176
chrM	3177	3177	0.0376881076042083
chrM	3178	3178	0.000656666897076104
chrM	3179	3179	0.0029374157652832
chrM	3180	3180	0.00543158623075592
chrM	3181	3181	0.0173880367574215
chrM	3182	3182	0.00202394429007581
chrM	3183	3183	0.0070933739931718
chrM	3184	3184	0.00155773564894604
chrM	3185	3185	0.0209611621505091
chrM	3186	3186	0.0143190030731823
chrM	3187	3187	0.00600990268055318
chrM	3188	3188	0.000853766819206338
chrM	3189	3189	0.00020184350400323
chrM	3190	3190	0.000403496973772697
chrM	3191	3191	0.005015212812197
chrM	3192	3192	0.00662402923709456
chrM	3193	3193	0.000160390068646949
chrM	3194	3194	0.00149519628427817
chrM	3195	3195	0.000888494002665482
chrM	3196	3196	0.00121875
chrM	3197	3197	0.000856543698496618
chrM	3198	3198	0.000343613091658792
chrM	3199	3199	0.00651857654431513
chrM	3200	3200	0.000104575163398693
chrM	3201	3201	2.46968462127386e-05
chrM	3202	3202	0.000925407300976548
chrM	3203	3203	0.000193395542232752
chrM	3204	3204	0.00205557130705982
chrM	3205	3205	6.96120289586041e-05
chrM	3206	3206	2.30096640589047e-05
chrM	3207	3207	0.000289216667779038
chrM	3208	3208	0.000377509326701013
chrM	3209	3209	0.000155462278188642
chrM	3210	3210	8.88000888000888e-05
chrM	3211	3211	0.000464180721027387
chrM	3212	3212	6.63217933412919e-05
chrM	3213	3213	0.000154761115164378
chrM	3214	3214	0.000198925800676348
chrM	3215	3215	0.000286950379657425
chrM	3216	3216	0
chrM	3217	3217	0.00030724663126015
chrM	3218	3218	4.39010470399719e-05
chrM	3219	3219	0.00010972130787799
chrM	3220	3220	0
chrM	3221	3221	0.000108837614279495
chrM	3222	3222	0.000478344059836493
chrM	3223	3223	4.3484878133629e-05
chrM	3224	3224	8.67829558274755e-05
chrM	3225	3225	0.000368611635117847
chrM	3226	3226	0.000281855039784923
chrM	3227	3227	0.000681706823459236
chrM	3228	3228	0.000191787244017303
chrM	3229	3229	0.000127765592725879
chrM	3230	3230	0.0011460831547
chrM	3231	3231	0.000849292963607797
chrM	3232	3232	0.000722098332802379
chrM	3233	3233	0.00031878267522421
chrM	3234	3234	0.000716256925572479
chrM	3235	3235	0.000210712630115049
chrM	3236	3236	0.000421514078570224
chrM	3237	3237	0.00233625189425829
chrM	3238	3238	0.000316262202449978
chrM	3239	3239	0.000168662506324844
chrM	3240	3240	0.000253009761959982
chrM	3241	3241	0.000736888645598669
chrM	3242	3242	0.00185212468166607
chrM	3243	3243	0.000421647376299201
chrM	3244	3244	0.000991184782150238
chrM	3245	3245	0.00594059405940594
chrM	3246	3246	0.000254226515825601
chrM	3247	3247	0.000614458852445122
chrM	3248	3248	0.00107758620689655
chrM	3249	3249	0.000253699788583509
chrM	3250	3250	0.000211336066613128
chrM	3251	3251	0.00337403260159001
chrM	3252	3252	0.000740333361536509
chrM	3253	3253	0.000464164398590628
chrM	3254	3254	0.000358725469508335
chrM	3255	3255	0.00111360914420188
chrM	3256	3256	0.00253791267084105
chrM	3257	3257	0.000333639169238469
chrM	3258	3258	0.00154054335380452
chrM	3259	3259	0.000998606112301579
chrM	3260	3260	0.00147342644281653
chrM	3261	3261	0.00186780118294075
chrM	3262	3262	0.000166309793567969
chrM	3263	3263	0.00237976988659879
chrM	3264	3264	0.000124432277732844
chrM	3265	3265	0.000661498708010336
chrM	3266	3266	0.0037046184243023
chrM	3267	3267	0.000950059895080342
chrM	3268	3268	0.00185923523457351
chrM	3269	3269	0.00603621730382294
chrM	3270	3270	0.00304526748971193
chrM	3271	3271	0.002241101807143
chrM	3272	3272	0.000873522122455613
chrM	3273	3273	0.00975184494363799
chrM	3274	3274	0.0114334714877805
chrM	3275	3275	0.000391510405934474
chrM	3276	3276	0.00152063126746671
chrM	3277	3277	0.000163275302569545
chrM	3278	3278	8.14879703383788e-05
chrM	3279	3279	0.000671304772366654
chrM	3280	3280	0.00207958973530659
chrM	3281	3281	0.000869178525226391
chrM	3282	3282	0.00466299279355659
chrM	3283	3283	0.000425652667423383
chrM	3284	3284	0.00111315752190896
chrM	3285	3285	0.00159974080149039
chrM	3286	3286	0.00108270676691729
chrM	3287	3287	0.000902726233224337
chrM	3288	3288	0.000902762453106506
chrM	3289	3289	0.000220861359301275
chrM	3290	3290	0.005869092039801
chrM	3291	3291	0.000175829328331966
chrM	3292	3292	0.00417720548785161
chrM	3293	3293	3.8184699390954e-05
chrM	3294	3294	0.00177066233838095
chrM	3295	3295	0.000938155329090173
chrM	3296	3296	0.0037881574108128
chrM	3297	3297	0.000988847992089216
chrM	3298	3298	0.000712550015529936
chrM	3299	3299	0.000853056483229273
chrM	3300	3300	0.00648280607717799
chrM	3301	3301	0.003626688050154
chrM	3302	3302	0.00144323870071979
chrM	3303	3303	0.0036941533622282
chrM	3304	3304	0.00787746170678337
chrM	3305	3305	0.000784270810534763
chrM	3306	3306	9.07473955497477e-05
chrM	3307	3307	0.000558387520939532
chrM	3308	3308	0.000951953300404131
chrM	3309	3309	0.00355891075761661
chrM	3310	3310	0.0320337272989334
chrM	3311	3311	0.000186105372862115
chrM	3312	3312	0.000260532976030966
chrM	3313	3313	0.00020444956600933
chrM	3314	3314	0.000836291326729729
chrM	3315	3315	0.0120113561913081
chrM	3316	3316	0.00114188890526006
chrM	3317	3317	0.000479368708285704
chrM	3318	3318	0.000590264327744268
chrM	3319	3319	0.00195254936634247
chrM	3320	3320	1.84392978315386e-05
chrM	3321	3321	3.68738361695459e-05
chrM	3322	3322	0.000110564431422411
chrM	3323	3323	0.00916081086052757
chrM	3324	3324	0.00014851668956299
chrM	3325	3325	0.00350051859534746
chrM	3326	3326	0.000390008357321943
chrM	3327	3327	0.000296846011131725
chrM	3328	3328	0.000742225191122987
chrM	3329	3329	0.000723991980396525
chrM	3330	3330	0.0104970841432935
chrM	3331	3331	0.0017759664996635
chrM	3332	3332	0.00209420167910099
chrM	3333	3333	0.002112781392566
chrM	3334	3334	0.000318441509787393
chrM	3335	3335	0.0186893339024888
chrM	3336	3336	0.00484649619069171
chrM	3337	3337	0.00125887790763218
chrM	3338	3338	0.00154724627003131
chrM	3339	3339	0.000257684520522731
chrM	3340	3340	0.00387829791882886
chrM	3341	3341	0.00308208560538362
chrM	3342	3342	0.000693443311009325
chrM	3343	3343	0.00809406909310848
chrM	3344	3344	0.000721107339465677
chrM	3345	3345	0.000514804789345202
chrM	3346	3346	0.0116543160756619
chrM	3347	3347	0.00130341059104657
chrM	3348	3348	0.00998966011807478
chrM	3349	3349	0.0044946835273203
chrM	3350	3350	0.00575544355174077
chrM	3351	3351	0.000768613821681593
chrM	3352	3352	0.00236721901777081
chrM	3353	3353	0.0149022094653227
chrM	3354	3354	0.000440185555141706
chrM	3355	3355	0.00187617260787992
chrM	3356	3356	0.000717791206223083
chrM	3357	3357	0.000316925489149472
chrM	3358	3358	0.00025026277591471
chrM	3359	3359	0.00345314186104424
chrM	3360	3360	0.00233180616450728
chrM	3361	3361	0.000378084263475416
chrM	3362	3362	0.000509499704161462
chrM	3363	3363	0.00225169699061519
chrM	3364	3364	0.000970267070122352
chrM	3365	3365	0.00187432179145704
chrM	3366	3366	0.00415824334763243
chrM	3367	3367	0.00086364228914092
chrM	3368	3368	0.0007661211449436
chrM	3369	3369	0.00389295196520776
chrM	3370	3370	0.00916328188464663
chrM	3371	3371	0.00147526472805954
chrM	3372	3372	0.00246095288095551
chrM	3373	3373	0.00153094462540717
chrM	3374	3374	0.000277179938694319
chrM	3375	3375	0.00379980104046054
chrM	3376	3376	0.00977134720199028
chrM	3377	3377	0.0197221717513751
chrM	3378	3378	0.00116762022318227
chrM	3379	3379	0.000400467211747038
chrM	3380	3380	0.00113391919158232
chrM	3381	3381	0.000417327435105584
chrM	3382	3382	0.00105159491896042
chrM	3383	3383	0.000816081808037573
chrM	3384	3384	0.000836079279988197
chrM	3385	3385	0.000702798117154812
chrM	3386	3386	0.000228549040094032
chrM	3387	3387	0.000293896744277177
chrM	3388	3388	0.00138583190674166
chrM	3389	3389	0.00241745761336903
chrM	3390	3390	6.46976999967651e-05
chrM	3391	3391	0
chrM	3392	3392	0.000882598369600103
chrM	3393	3393	0.000738161336392959
chrM	3394	3394	0.00330727118018206
chrM	3395	3395	0.00192857831635113
chrM	3396	3396	0.000914898398125261
chrM	3397	3397	6.35626887017321e-05
chrM	3398	3398	7.87649653434153e-05
chrM	3399	3399	0.0031134523154336
chrM	3400	3400	0.0024179999685974
chrM	3401	3401	0.00826845972636079
chrM	3402	3402	0.00298493393869888
chrM	3403	3403	0.000740414001701377
chrM	3404	3404	0.00169451635678983
chrM	3405	3405	0.00075324838365451
chrM	3406	3406	0.0257035472448282
chrM	3407	3407	0.013726672591088
chrM	3408	3408	0.00185715886713309
chrM	3409	3409	0.000913944874693347
chrM	3410	3410	0.000882201976132427
chrM	3411	3411	6.41488252746372e-05
chrM	3412	3412	0.00055762674059204
chrM	3413	3413	0.000175268080495849
chrM	3414	3414	0.00019115890083632
chrM	3415	3415	0.00128954197379523
chrM	3416	3416	0.00332988130327412
chrM	3417	3417	0.00996395347006879
chrM	3418	3418	0.000476175359512396
chrM	3419	3419	4.74691055238216e-05
chrM	3420	3420	0.000363343391099667
chrM	3421	3421	0.000568325334680475
chrM	3422	3422	0.000157631740727313
chrM	3423	3423	0.00209670045559882
chrM	3424	3424	0.000355993295459602
chrM	3425	3425	0.00050407709414381
chrM	3426	3426	0.00123485828531107
chrM	3427	3427	0.0310318531119845
chrM	3428	3428	0.00968394972202079
chrM	3429	3429	0.00144724414246976
chrM	3430	3430	0.00178440702781845
chrM	3431	3431	1.52685742205393e-05
chrM	3432	3432	0.000244230064720967
chrM	3433	3433	0.000777131015146436
chrM	3434	3434	0.00788909663003329
chrM	3435	3435	0.000750693242228793
chrM	3436	3436	0.0013182096873084
chrM	3437	3437	0.00899255735440804
chrM	3438	3438	0.0013767712394035
chrM	3439	3439	0.00141938071802151
chrM	3440	3440	0.00222690340054168
chrM	3441	3441	0.00117572578457086
chrM	3442	3442	0.00102598147198165
chrM	3443	3443	0.0222838705786569
chrM	3444	3444	0.00166420118343195
chrM	3445	3445	0.00192402413495875
chrM	3446	3446	0.000678488820354665
chrM	3447	3447	0.000909707660046873
chrM	3448	3448	0.00186693822131704
chrM	3449	3449	0.0204147864251715
chrM	3450	3450	0.00607013681396446
chrM	3451	3451	0.003999114820435
chrM	3452	3452	0.000158672230772892
chrM	3453	3453	0.000142825403878503
chrM	3454	3454	0.000157713781030186
chrM	3455	3455	0.00133951084215835
chrM	3456	3456	0
chrM	3457	3457	0
chrM	3458	3458	0.00710019502681619
chrM	3459	3459	0.000198324917237486
chrM	3460	3460	0.00752062844441738
chrM	3461	3461	9.20245398773006e-05
chrM	3462	3462	0.000413324352458514
chrM	3463	3463	0.000137128230131643
chrM	3464	3464	4.5544253833308e-05
chrM	3465	3465	0.000424873296713302
chrM	3466	3466	0.000757679077449955
chrM	3467	3467	0.00480572442126647
chrM	3468	3468	0.00159858715344914
chrM	3469	3469	0.0136174620340894
chrM	3470	3470	0.00074082076767552
chrM	3471	3471	0.000862932429308884
chrM	3472	3472	0.000230598942319518
chrM	3473	3473	0.00094681062260434
chrM	3474	3474	0.000519615484541439
chrM	3475	3475	0.00449383244424744
chrM	3476	3476	0.00107454255188505
chrM	3477	3477	0.00307029603152782
chrM	3478	3478	0.000382795633067418
chrM	3479	3479	0.000229319227652841
chrM	3480	3480	0.000290528762347472
chrM	3481	3481	9.16338312104829e-05
chrM	3482	3482	1.51630022744503e-05
chrM	3483	3483	0.000848729179612313
chrM	3484	3484	0.000196763989162845
chrM	3485	3485	0.00110487203160237
chrM	3486	3486	4.53741095331004e-05
chrM	3487	3487	0.00533629127756209
chrM	3488	3488	0.000760796598791676
chrM	3489	3489	0.000312802562001936
chrM	3490	3490	0.000342583076396026
chrM	3491	3491	0
chrM	3492	3492	0.000193596425912137
chrM	3493	3493	0.000415639937060238
chrM	3494	3494	0.000757260794678387
chrM	3495	3495	0.000177851553236898
chrM	3496	3496	0.000192504183263982
chrM	3497	3497	0.0038651206184193
chrM	3498	3498	0.00202020202020202
chrM	3499	3499	0.00148800666626986
chrM	3500	3500	0.000133769322235434
chrM	3501	3501	0.000237497959001915
chrM	3502	3502	0.000634845643925413
chrM	3503	3503	0.00123643964261007
chrM	3504	3504	0.00576784426820476
chrM	3505	3505	0.000266008541829843
chrM	3506	3506	0.00220108133660295
chrM	3507	3507	0.000873065198733316
chrM	3508	3508	0.00232334443211247
chrM	3509	3509	0.00419810351407686
chrM	3510	3510	0.00113422106999764
chrM	3511	3511	0.018325765170726
chrM	3512	3512	0.00845484990013366
chrM	3513	3513	0.00865923452962919
chrM	3514	3514	0.000255082901943132
chrM	3515	3515	0.00166416791604198
chrM	3516	3516	0.00456319423596518
chrM	3517	3517	0.0556728073084693
chrM	3518	3518	0.010905612244898
chrM	3519	3519	0.0740525815239293
chrM	3520	3520	0.0408497016301606
chrM	3521	3521	0.00518313126370539
chrM	3522	3522	0.00125568698817106
chrM	3523	3523	0.00238593934978599
chrM	3524	3524	0.031833430571762
chrM	3525	3525	0.00439197432384241
chrM	3526	3526	0.00552081572869134
chrM	3527	3527	0.00446052064396424
chrM	3528	3528	0.00530394994864133
chrM	3529	3529	0.00753915971307276
chrM	3530	3530	0.0014878492312779
chrM	3531	3531	0.00862242932359794
chrM	3532	3532	0.00378766984757387
chrM	3533	3533	0.000875365465081672
chrM	3534	3534	0.000944865356686672
chrM	3535	3535	0.00180361416530818
chrM	3536	3536	0.00013882863340564
chrM	3537	3537	0.00102284941576228
chrM	3538	3538	0.000577171182182386
chrM	3539	3539	0.000404653515427415
chrM	3540	3540	0.00104466798092638
chrM	3541	3541	0.00168571524898014
chrM	3542	3542	0.00141793690180787
chrM	3543	3543	0.00906497408801634
chrM	3544	3544	0.00229482559325491
chrM	3545	3545	0.00152741713762028
chrM	3546	3546	0.000118895966029724
chrM	3547	3547	6.79417060162381e-05
chrM	3548	3548	0.00261531145981931
chrM	3549	3549	0.00221092195445501
chrM	3550	3550	0.00227678192167191
chrM	3551	3551	0.000391216342637479
chrM	3552	3552	0.000288678700606225
chrM	3553	3553	0.000865889064330464
chrM	3554	3554	0.00079644818003118
chrM	3555	3555	0.00223850223850224
chrM	3556	3556	0.00316571695158119
chrM	3557	3557	0.00089454328595567
chrM	3558	3558	8.25504796182866e-05
chrM	3559	3559	0.00133757442296713
chrM	3560	3560	0.00523807969713782
chrM	3561	3561	0.00231223351918662
chrM	3562	3562	0.00170881188281494
chrM	3563	3563	0.000246499704200355
chrM	3564	3564	0.000526559333663098
chrM	3565	3565	0.00110574037216062
chrM	3566	3566	0.000942403442913911
chrM	3567	3567	0.0297657341011439
chrM	3568	3568	0.00122735053777333
chrM	3569	3569	0.0232569345175953
chrM	3570	3570	0.000899854387199162
chrM	3571	3571	0.0021933055078157
chrM	3572	3572	0.00068886337543054
chrM	3573	3573	0.000328197049508525
chrM	3574	3574	0.0108750756349245
chrM	3575	3575	0.000972345825505125
chrM	3576	3576	0.00554190238994541
chrM	3577	3577	0.00457211012821787
chrM	3578	3578	0.00019962736225712
chrM	3579	3579	0.0136580659113972
chrM	3580	3580	0.00721008403361345
chrM	3581	3581	0.00540028101775829
chrM	3582	3582	0.000577083015089023
chrM	3583	3583	0.0004753174441502
chrM	3584	3584	0.0257864090855077
chrM	3585	3585	0.0033921302578019
chrM	3586	3586	0.00326295585412668
chrM	3587	3587	0.000612594952217594
chrM	3588	3588	0.00246740747221979
chrM	3589	3589	0.00203305466463361
chrM	3590	3590	0.000385890442195366
chrM	3591	3591	0.00325915542316453
chrM	3592	3592	0.000526251162137983
chrM	3593	3593	0.000736415759297249
chrM	3594	3594	0.00222799200028069
chrM	3595	3595	0.00932265880122195
chrM	3596	3596	0.00236707295530825
chrM	3597	3597	0.000177038151721696
chrM	3598	3598	0.00163212298836454
chrM	3599	3599	0.0018138691223664
chrM	3600	3600	0.0016586064214257
chrM	3601	3601	0.00298898793917147
chrM	3602	3602	0.00774150705997484
chrM	3603	3603	0.000492654174364388
chrM	3604	3604	0.00160143601295227
chrM	3605	3605	0.00140959227543433
chrM	3606	3606	0.00287548953886321
chrM	3607	3607	0.00357319748107267
chrM	3608	3608	0.000337244182537851
chrM	3609	3609	0.00634750423743471
chrM	3610	3610	0.000173478592741656
chrM	3611	3611	0.000398793217047543
chrM	3612	3612	0.00155976499540736
chrM	3613	3613	0.0124876595597277
chrM	3614	3614	0.00087521223896795
chrM	3615	3615	0.000402513081675154
chrM	3616	3616	8.74676369743195e-05
chrM	3617	3617	6.9219720698427e-05
chrM	3618	3618	1.72884755022302e-05
chrM	3619	3619	0.000812291526243929
chrM	3620	3620	0.00706093066510523
chrM	3621	3621	0.000104034816985418
chrM	3622	3622	0.000170981089491502
chrM	3623	3623	0.000716772475936924
chrM	3624	3624	0.000785116914149172
chrM	3625	3625	0.00469371383706839
chrM	3626	3626	0.00126593105807886
chrM	3627	3627	0.0021529437691773
chrM	3628	3628	0.000696378830083565
chrM	3629	3629	0.000576769750122988
chrM	3630	3630	0.010591784164859
chrM	3631	3631	0.00108958425550751
chrM	3632	3632	0.00109071697598718
chrM	3633	3633	0.00315247767704996
chrM	3634	3634	0.00182765394141259
chrM	3635	3635	0.00194991789819376
chrM	3636	3636	0.00246934604904632
chrM	3637	3637	0.00228427261259418
chrM	3638	3638	0.00211770331659665
chrM	3639	3639	0.00148824797290362
chrM	3640	3640	0.000668002672010688
chrM	3641	3641	0.00325300178829941
chrM	3642	3642	0.00413279595600792
chrM	3643	3643	0.000291490200785309
chrM	3644	3644	0.00345739271913769
chrM	3645	3645	0.00116998728274693
chrM	3646	3646	0.0116348094503146
chrM	3647	3647	0.0285895588941483
chrM	3648	3648	0.00383026794224591
chrM	3649	3649	0.00258613054645293
chrM	3650	3650	0.0232640112795206
chrM	3651	3651	0.0267297540650765
chrM	3652	3652	0.0057165599334274
chrM	3653	3653	0.00203617852922462
chrM	3654	3654	0.00142011834319527
chrM	3655	3655	0.00125625853436504
chrM	3656	3656	0.00021647754947414
chrM	3657	3657	0.00326196655132641
chrM	3658	3658	0.00162337662337662
chrM	3659	3659	0.00101123189714327
chrM	3660	3660	0.00070467070196043
chrM	3661	3661	0.0327462654640094
chrM	3662	3662	0.00248207391064534
chrM	3663	3663	0.000737123376025062
chrM	3664	3664	0.00315224805058344
chrM	3665	3665	0.00216326153277249
chrM	3666	3666	0.0459287484739743
chrM	3667	3667	0.0484342056906323
chrM	3668	3668	0.00418036446284346
chrM	3669	3669	0.000833079345727929
chrM	3670	3670	0.000467337193944935
chrM	3671	3671	0.0129854294946046
chrM	3672	3672	0.00159891765574073
chrM	3673	3673	0.00270897038602828
chrM	3674	3674	0.000833773945580998
chrM	3675	3675	0.00020351676978183
chrM	3676	3676	0.000549551199853453
chrM	3677	3677	0.000977079346985303
chrM	3678	3678	0.0024850287204139
chrM	3679	3679	0.00176728690988868
chrM	3680	3680	0.000969207470974255
chrM	3681	3681	0.00239808153477218
chrM	3682	3682	0.000504979093865514
chrM	3683	3683	0.00513110581390651
chrM	3684	3684	0.0236025851415142
chrM	3685	3685	0.000371754889609451
chrM	3686	3686	0.000494824955671931
chrM	3687	3687	0.0004123371268349
chrM	3688	3688	0.00121651992824594
chrM	3689	3689	0.0112287654550333
chrM	3690	3690	0.00200129250140716
chrM	3691	3691	0.00276265874979383
chrM	3692	3692	2.06620108268937e-05
chrM	3693	3693	0.000144562388996737
chrM	3694	3694	0.000698654063495325
chrM	3695	3695	0.00112684136122436
chrM	3696	3696	0.00165847665847666
chrM	3697	3697	0.00084016393442623
chrM	3698	3698	0.000285481239804241
chrM	3699	3699	0.000244688226418172
chrM	3700	3700	0.000427167876975651
chrM	3701	3701	0.00353148911124191
chrM	3702	3702	0.00162919517758227
chrM	3703	3703	0.000405737122918061
chrM	3704	3704	0.000405695971439004
chrM	3705	3705	0.000323919425043021
chrM	3706	3706	0.0021259364243774
chrM	3707	3707	0.000547778454047474
chrM	3708	3708	0.008773173943876
chrM	3709	3709	0.00228898426323319
chrM	3710	3710	0.000941947373809768
chrM	3711	3711	0.00174141074757739
chrM	3712	3712	0.000676132521974307
chrM	3713	3713	0.00457366873570729
chrM	3714	3714	0.0101802539942646
chrM	3715	3715	0.0243232072742302
chrM	3716	3716	0.0346710693421387
chrM	3717	3717	0.00718654434250765
chrM	3718	3718	0.0178372595681506
chrM	3719	3719	0.00124463805480853
chrM	3720	3720	0.00175719560478669
chrM	3721	3721	0.00326732013069281
chrM	3722	3722	0.000266998932004272
chrM	3723	3723	0.010851099974518
chrM	3724	3724	0.0136918896947136
chrM	3725	3725	0.0029903787813123
chrM	3726	3726	0.0042397503497256
chrM	3727	3727	0.0145054850874186
chrM	3728	3728	0.0172273583290532
chrM	3729	3729	0.000761763809689636
chrM	3730	3730	0.000261170479030187
chrM	3731	3731	0.000151679306608884
chrM	3732	3732	0.00127708391956536
chrM	3733	3733	0.00781967738489478
chrM	3734	3734	0.000365890405062201
chrM	3735	3735	0.000987845208950736
chrM	3736	3736	0.000531756498064406
chrM	3737	3737	0.00764274886306215
chrM	3738	3738	0.00238015700684817
chrM	3739	3739	0.005620325101333
chrM	3740	3740	0.000690333242683514
chrM	3741	3741	4.18427549269844e-05
chrM	3742	3742	0.00496853262669758
chrM	3743	3743	0.000416025294337896
chrM	3744	3744	0.00228650756384868
chrM	3745	3745	0.000510579201045666
chrM	3746	3746	0.00112350369734853
chrM	3747	3747	0.00351565693729049
chrM	3748	3748	0.00901822048628862
chrM	3749	3749	0.00164785367059405
chrM	3750	3750	0.000577105404179892
chrM	3751	3751	0.00307888092941152
chrM	3752	3752	0.024761747936521
chrM	3753	3753	0.00048515018562268
chrM	3754	3754	0.0159175240344071
chrM	3755	3755	0.0125761950593519
chrM	3756	3756	0.000974426712284273
chrM	3757	3757	0.00309899445214979
chrM	3758	3758	0.00267062953630118
chrM	3759	3759	0.00956349035015759
chrM	3760	3760	0.00304308133721688
chrM	3761	3761	0.0366211893726745
chrM	3762	3762	0.00481008084549027
chrM	3763	3763	0.000907358678885764
chrM	3764	3764	0.0108133841131665
chrM	3765	3765	0.000961516448799249
chrM	3766	3766	0.00148925445630757
chrM	3767	3767	0.00032067433231023
chrM	3768	3768	4.57938361496543e-05
chrM	3769	3769	0.00379967039003845
chrM	3770	3770	0.000436460534779013
chrM	3771	3771	0.00314054512527795
chrM	3772	3772	2.29753015508329e-05
chrM	3773	3773	0.000551280578844608
chrM	3774	3774	0.00146708233999633
chrM	3775	3775	0.00167561860166185
chrM	3776	3776	0.00339847068819031
chrM	3777	3777	0.00064492353049567
chrM	3778	3778	0.00499482103809414
chrM	3779	3779	0.0012448706717691
chrM	3780	3780	0.000920979922637686
chrM	3781	3781	0.00103665138565735
chrM	3782	3782	0.00647033088489258
chrM	3783	3783	0.000532999629217649
chrM	3784	3784	0.00212898896165506
chrM	3785	3785	0.0140906987505784
chrM	3786	3786	0.0013595096548228
chrM	3787	3787	0.00122055132072865
chrM	3788	3788	0.000874850354544617
chrM	3789	3789	0.00198097344113514
chrM	3790	3790	0.00235068580687861
chrM	3791	3791	0.000181933957973256
chrM	3792	3792	0.00143097260709581
chrM	3793	3793	0.00138658422930921
chrM	3794	3794	0.00327577970381492
chrM	3795	3795	0.00661647273556924
chrM	3796	3796	0.0429409876656426
chrM	3797	3797	0.00316122233930453
chrM	3798	3798	0.000648555163219716
chrM	3799	3799	0.00466122056703508
chrM	3800	3800	0.0125382779157524
chrM	3801	3801	0.00224636796483946
chrM	3802	3802	0.00608385457388585
chrM	3803	3803	0.0015240155351261
chrM	3804	3804	0.00378862428655776
chrM	3805	3805	0.000863621783008858
chrM	3806	3806	0.0119708749845736
chrM	3807	3807	0.00284516322252171
chrM	3808	3808	0.00279755214187586
chrM	3809	3809	0.00102459016393443
chrM	3810	3810	0.00364890532840148
chrM	3811	3811	0.00210352340169784
chrM	3812	3812	0.00130361753866981
chrM	3813	3813	0.00429012268245566
chrM	3814	3814	0.000602077166223471
chrM	3815	3815	0.00277486125693715
chrM	3816	3816	0.00072367928530432
chrM	3817	3817	0.00541538768685583
chrM	3818	3818	0.00172053582401376
chrM	3819	3819	0.00017234587354737
chrM	3820	3820	9.81956548422732e-05
chrM	3821	3821	4.90773458971339e-05
chrM	3822	3822	0.000171598068296031
chrM	3823	3823	2.45110054414432e-05
chrM	3824	3824	0.0033498789642272
chrM	3825	3825	0.00600416615610832
chrM	3826	3826	0.000961040881200562
chrM	3827	3827	0.000418956551741134
chrM	3828	3828	0.000295821521015654
chrM	3829	3829	0.00081158850003689
chrM	3830	3830	0.00258308937489237
chrM	3831	3831	0.00727514858566179
chrM	3832	3832	0.00824496485956242
chrM	3833	3833	0.0220661486351863
chrM	3834	3834	0.00474282235974434
chrM	3835	3835	0.0357224697644812
chrM	3836	3836	0.00314091904875023
chrM	3837	3837	0.00354647469828499
chrM	3838	3838	0.0018300930960401
chrM	3839	3839	0.00350457984866587
chrM	3840	3840	0.00237093079013267
chrM	3841	3841	0.00316699933466401
chrM	3842	3842	0.00205431940664852
chrM	3843	3843	0.00656875834445928
chrM	3844	3844	0.00411201892066222
chrM	3845	3845	0.00121391961154572
chrM	3846	3846	0.000107994276303356
chrM	3847	3847	0.0021276029892822
chrM	3848	3848	0.000319803853636436
chrM	3849	3849	0.00311534774736394
chrM	3850	3850	0.000266035276277634
chrM	3851	3851	0.000106414110511054
chrM	3852	3852	0.000877286261165461
chrM	3853	3853	0.00180879927648029
chrM	3854	3854	0.00287994081589516
chrM	3855	3855	0.00618752974773917
chrM	3856	3856	0.0259414225941423
chrM	3857	3857	0.00923242082662373
chrM	3858	3858	0.00276033773544057
chrM	3859	3859	0.000888171174808236
chrM	3860	3860	0.00395310062926908
chrM	3861	3861	0.00180744017912541
chrM	3862	3862	0.0114513050724443
chrM	3863	3863	0.000733655779577197
chrM	3864	3864	0.00381710387395436
chrM	3865	3865	0.00317891590816465
chrM	3866	3866	0.00377768718575893
chrM	3867	3867	0.00236895847515317
chrM	3868	3868	0.000218173884586015
chrM	3869	3869	0.00259894959120689
chrM	3870	3870	0.000325115144947169
chrM	3871	3871	0.00478455965832297
chrM	3872	3872	0.000543124049532913
chrM	3873	3873	0.0124843945068664
chrM	3874	3874	0.00367289618666955
chrM	3875	3875	0.000352179448974616
chrM	3876	3876	0.00513647976334543
chrM	3877	3877	0.00643191092614112
chrM	3878	3878	0.000842757720748151
chrM	3879	3879	0.000843285003128315
chrM	3880	3880	0.0157762735632804
chrM	3881	3881	0.00185878686821748
chrM	3882	3882	0.00235056167491185
chrM	3883	3883	0.00210843373493976
chrM	3884	3884	0.0388974965342901
chrM	3885	3885	0.00141099446890168
chrM	3886	3886	0.00765126062282955
chrM	3887	3887	0.000227524814425073
chrM	3888	3888	0.000369633210122263
chrM	3889	3889	0.00053934370387192
chrM	3890	3890	0.00127320054323223
chrM	3891	3891	0.000692262633793067
chrM	3892	3892	0.000452946818714697
chrM	3893	3893	0.000372866007936719
chrM	3894	3894	0.000985667856572007
chrM	3895	3895	0.00562636659378167
chrM	3896	3896	2.68031842182851e-05
chrM	3897	3897	0.0113900697842304
chrM	3898	3898	0.00551500405515004
chrM	3899	3899	0.00231009648050007
chrM	3900	3900	0.00465813129937347
chrM	3901	3901	0.0314400239958553
chrM	3902	3902	0.000843953076208963
chrM	3903	3903	0.000140745953553835
chrM	3904	3904	0.000422261633307998
chrM	3905	3905	0.00101385603244339
chrM	3906	3906	0.00186036023339065
chrM	3907	3907	0.00482887156895967
chrM	3908	3908	0.00164259416595865
chrM	3909	3909	0.000141835924202882
chrM	3910	3910	0.000453862082659632
chrM	3911	3911	0.000822951843128352
chrM	3912	3912	0.00613392400749702
chrM	3913	3913	0.00097062433983271
chrM	3914	3914	0.00437205315045006
chrM	3915	3915	0.000401813902761036
chrM	3916	3916	0.00120017145306472
chrM	3917	3917	0.0212025137292646
chrM	3918	3918	0.000896109151876048
chrM	3919	3919	0.0312807169702226
chrM	3920	3920	0.00480267279181457
chrM	3921	3921	0.00587389115320067
chrM	3922	3922	0.000360869695967281
chrM	3923	3923	0.00541949240382622
chrM	3924	3924	0.00157766267785914
chrM	3925	3925	0
chrM	3926	3926	0
chrM	3927	3927	5.93559875352426e-05
chrM	3928	3928	0.000474045982460299
chrM	3929	3929	2.96331417056836e-05
chrM	3930	3930	0.000177730383008975
chrM	3931	3931	2.96006867359323e-05
chrM	3932	3932	5.91540964211772e-05
chrM	3933	3933	0.0816338473242239
chrM	3934	3934	0.000191161946028611
chrM	3935	3935	0.000159332079920971
chrM	3936	3936	3.18714941356451e-05
chrM	3937	3937	0.00207065719473735
chrM	3938	3938	6.38406537282942e-05
chrM	3939	3939	0.000414739192853725
chrM	3940	3940	0.000159571072955895
chrM	3941	3941	0.00317349497001047
chrM	3942	3942	0.00490071283095723
chrM	3943	3943	0.0175203018095786
chrM	3944	3944	0.00640379676884569
chrM	3945	3945	0.000523098048190408
chrM	3946	3946	0.00466329691831078
chrM	3947	3947	0.0011788591263344
chrM	3948	3948	0.00121263765076036
chrM	3949	3949	0.00261113649716039
chrM	3950	3950	0.000196168181520957
chrM	3951	3951	0.000882497140055565
chrM	3952	3952	0.00104173448792239
chrM	3953	3953	0.0161816478795905
chrM	3954	3954	0.0112521733425188
chrM	3955	3955	0.0117038559729452
chrM	3956	3956	0.0409948714510777
chrM	3957	3957	0.00516489268888501
chrM	3958	3958	0.000280583613916947
chrM	3959	3959	0.00217048835988097
chrM	3960	3960	0.00203387453098152
chrM	3961	3961	0.00245286985773355
chrM	3962	3962	0.000140488901376791
chrM	3963	3963	0.00815027284175178
chrM	3964	3964	0.000317303624312509
chrM	3965	3965	0.0016196042532216
chrM	3966	3966	0.000843881856540084
chrM	3967	3967	0.00105514912774339
chrM	3968	3968	0.00073902027027027
chrM	3969	3969	0.000633668943181018
chrM	3970	3970	0.00172589905251664
chrM	3971	3971	0.000634271820712499
chrM	3972	3972	0.00220897615708275
chrM	3973	3973	0.00214110214110214
chrM	3974	3974	0.00345200320792217
chrM	3975	3975	0.00327731678404574
chrM	3976	3976	0.00545806273317673
chrM	3977	3977	0.00238589211618257
chrM	3978	3978	0.0137716262975779
chrM	3979	3979	0.00725653789525345
chrM	3980	3980	0.000529661016949153
chrM	3981	3981	0.000878641970969669
chrM	3982	3982	0.00404132696092213
chrM	3983	3983	0.00162034590862658
chrM	3984	3984	0.00315911404401699
chrM	3985	3985	0.0127319659550719
chrM	3986	3986	0.0154404766101456
chrM	3987	3987	0.00239696622781912
chrM	3988	3988	0.0325401376146789
chrM	3989	3989	0.0022223045297974
chrM	3990	3990	7.42197647233458e-05
chrM	3991	3991	0.000590863768972266
chrM	3992	3992	0.00191458026509573
chrM	3993	3993	0.00124825611278361
chrM	3994	3994	0.00426110274400323
chrM	3995	3995	0.0220317787259085
chrM	3996	3996	0.00213883677298311
chrM	3997	3997	0.00505807418508805
chrM	3998	3998	0.00526691998043715
chrM	3999	3999	0.00117197837510869
chrM	4000	4000	0.00751766083638699
chrM	4001	4001	0.0168712239236995
chrM	4002	4002	0.0377511591962906
chrM	4003	4003	0.00521836865767502
chrM	4004	4004	0.000645499657078307
chrM	4005	4005	0.00129131189217546
chrM	4006	4006	0.000969579444915768
chrM	4007	4007	0.00287031047865459
chrM	4008	4008	0.00182407782732063
chrM	4009	4009	0.00088623912342894
chrM	4010	4010	0.00370728562217924
chrM	4011	4011	0.00844376212023271
chrM	4012	4012	0.0320491936797524
chrM	4013	4013	0.002313743637205
chrM	4014	4014	0.00362502107570393
chrM	4015	4015	0.00689480140433992
chrM	4016	4016	4.25423296179699e-05
chrM	4017	4017	0.00221210703194793
chrM	4018	4018	0.00353793691389599
chrM	4019	4019	0.0125267208208636
chrM	4020	4020	0.0118192051259849
chrM	4021	4021	0.00748802786242926
chrM	4022	4022	0.0118802332208145
chrM	4023	4023	0.00255675556535155
chrM	4024	4024	0.00300499359229308
chrM	4025	4025	0.0108565604643949
chrM	4026	4026	0.00767001114827202
chrM	4027	4027	0.0115035499236092
chrM	4028	4028	0.00104535951277157
chrM	4029	4029	0.00373083397788798
chrM	4030	4030	0.00200940768141755
chrM	4031	4031	0.00933424845573095
chrM	4032	4032	0.00281742182809108
chrM	4033	4033	0.00162052041855727
chrM	4034	4034	0.00143764782265918
chrM	4035	4035	0.000417827298050139
chrM	4036	4036	0.00747411912167495
chrM	4037	4037	0.00280583613916947
chrM	4038	4038	0.00482955877526141
chrM	4039	4039	0.00424048247267245
chrM	4040	4040	0.00070958891149061
chrM	4041	4041	0.00099394168875426
chrM	4042	4042	0.00207380873827591
chrM	4043	4043	0.00113293051359517
chrM	4044	4044	0.00548178252445537
chrM	4045	4045	0.00365847864303701
chrM	4046	4046	0.142686880244088
chrM	4047	4047	0.000556080742923873
chrM	4048	4048	0.00111216148584775
chrM	4049	4049	0.00272722212945956
chrM	4050	4050	0.000223226742563759
chrM	4051	4051	0.00083700686345628
chrM	4052	4052	0.0308156087757495
chrM	4053	4053	0.00092107535547752
chrM	4054	4054	0.0010371650821089
chrM	4055	4055	0.000173040318394186
chrM	4056	4056	0.000922988174214018
chrM	4057	4057	0.000808267421049593
chrM	4058	4058	0.000750577367205543
chrM	4059	4059	0.000808921245738718
chrM	4060	4060	0.000115640358485111
chrM	4061	4061	0.00346860908775581
chrM	4062	4062	0.000580046403712297
chrM	4063	4063	0.012463768115942
chrM	4064	4064	0.000469593801361822
chrM	4065	4065	0.00211416490486258
chrM	4066	4066	0.00911979289244528
chrM	4067	4067	0.00279031109000237
chrM	4068	4068	0.0129189736262428
chrM	4069	4069	0.0243667068757539
chrM	4070	4070	0.0146486185796403
chrM	4071	4071	0.00319889606723954
chrM	4072	4072	0.00950163604329222
chrM	4073	4073	0.0202007368822259
chrM	4074	4074	0.0097899377593361
chrM	4075	4075	0.00661254419274584
chrM	4076	4076	0.00158154859967051
chrM	4077	4077	0.00871229621807141
chrM	4078	4078	0.00153139356814701
chrM	4079	4079	0.0024671600986864
chrM	4080	4080	0.00648395721925134
chrM	4081	4081	0.0238832077502691
chrM	4082	4082	0.00254961411245865
chrM	4083	4083	0.000552677029360967
chrM	4084	4084	0.020182471661598
chrM	4085	4085	0.000775959367945824
chrM	4086	4086	0.00042339990120669
chrM	4087	4087	0.00755223037831733
chrM	4088	4088	0.000924543062371097
chrM	4089	4089	0.00192198177676538
chrM	4090	4090	0.00328055912138069
chrM	4091	4091	0.00364911276473955
chrM	4092	4092	0.00710900473933649
chrM	4093	4093	0.00245877928840035
chrM	4094	4094	0.0049296795708279
chrM	4095	4095	0.00706688037301472
chrM	4096	4096	0.00440237728373322
chrM	4097	4097	0.0166531574681306
chrM	4098	4098	0.00284750843012364
chrM	4099	4099	0.0400541068610506
chrM	4100	4100	0.00939261114589856
chrM	4101	4101	0.0269437420986094
chrM	4102	4102	0.00535931790499391
chrM	4103	4103	0.0731946144430844
chrM	4104	4104	0.0149621545502552
chrM	4105	4105	0.0134917798427448
chrM	4106	4106	0.0342329288172433
chrM	4107	4107	0.00290670417252696
chrM	4108	4108	0.00629995298542548
chrM	4109	4109	0.00217638152914459
chrM	4110	4110	0.00199146514935989
chrM	4111	4111	0.00692796811236595
chrM	4112	4112	0.00114678899082569
chrM	4113	4113	0.0057399789534105
chrM	4114	4114	0.0120273260848648
chrM	4115	4115	0.00681729645500584
chrM	4116	4116	0.0176487890969703
chrM	4117	4117	0.0449101796407186
chrM	4118	4118	0.0262277951933124
chrM	4119	4119	0.0104088421504453
chrM	4120	4120	0.00140967252222945
chrM	4121	4121	0.00651536540340971
chrM	4122	4122	0.0161695618922758
chrM	4123	4123	0.0018876304685765
chrM	4124	4124	0.00344789233678123
chrM	4125	4125	0.000446428571428571
chrM	4126	4126	0.00636373785865803
chrM	4127	4127	0.00269662921348315
chrM	4128	4128	0.0103603603603604
chrM	4129	4129	0.00739560814654682
chrM	4130	4130	0.000229252636405319
chrM	4131	4131	0.00401146131805158
chrM	4132	4132	0.00863060989643268
chrM	4133	4133	0.004062681369704
chrM	4134	4134	0.00256350501048707
chrM	4135	4135	0.00268660203247284
chrM	4136	4136	0.00761302412743031
chrM	4137	4137	0.00247846099374484
chrM	4138	4138	0.000828206341694274
chrM	4139	4139	0.0373001776198934
chrM	4140	4140	0.00885608856088561
chrM	4141	4141	0.0184863523573201
chrM	4142	4142	0.000379170879676441
chrM	4143	4143	0.00530973451327434
chrM	4144	4144	0.0442297915607524
chrM	4145	4145	0.0285866241191331
chrM	4146	4146	0.0804707814424524
chrM	4147	4147	0.00803691025450216
chrM	4148	4148	0.00735073507350735
chrM	4149	4149	0.017379477104428
chrM	4150	4150	0.0253573075149839
chrM	4151	4151	0.0258593503626616
chrM	4152	4152	0.0341423948220065
chrM	4153	4153	0.012899983246775
chrM	4154	4154	0.00848608282416836
chrM	4155	4155	0.0046217048955837
chrM	4156	4156	0.0154718927282104
chrM	4157	4157	0.00314190958282423
chrM	4158	4158	0.00629590766002099
chrM	4159	4159	0.0133755719816966
chrM	4160	4160	0.01123795932929
chrM	4161	4161	0.0169491525423729
chrM	4162	4162	0.0238313473877177
chrM	4163	4163	0.104651162790698
chrM	4164	4164	0.00481675392670157
chrM	4165	4165	0.00336629497159689
chrM	4166	4166	0.0546759552459362
chrM	4167	4167	0.00513507479348069
chrM	4168	4168	0.0412926391382406
chrM	4169	4169	0.0215204678362573
chrM	4170	4170	0.00382409177820268
chrM	4171	4171	0.00671785028790787
chrM	4172	4172	0.00410628019323672
chrM	4173	4173	0.106857281318149
chrM	4174	4174	0.00406945198046663
chrM	4175	4175	0.017691888949374
chrM	4176	4176	0.027431421446384
chrM	4177	4177	0.123687943262411
chrM	4178	4178	0.0471881060116354
chrM	4179	4179	0.126779661016949
chrM	4180	4180	0.0453488372093023
chrM	4181	4181	0.0418189200162404
chrM	4182	4182	0.00593220338983051
chrM	4183	4183	0.227756492124308
chrM	4184	4184	0.177508269018743
chrM	4185	4185	0.0107166778298727
chrM	4186	4186	0.00202839756592292
chrM	4187	4187	0.012863913337847
chrM	4188	4188	0.0397805212620027
chrM	4189	4189	0.0485714285714286
chrM	4190	4190	0.0397897897897898
chrM	4191	4191	0.00859375
chrM	4192	4192	0.0125786163522013
chrM	4193	4193	0.00791765637371338
chrM	4194	4194	0.00239425379090184
chrM	4195	4195	0.0032
chrM	4196	4196	0.00642054574638844
chrM	4197	4197	0.0435132957292506
chrM	4198	4198	0.00420875420875421
chrM	4199	4199	0
chrM	4200	4200	0.00422654268808115
chrM	4201	4201	0.0432937181663837
chrM	4202	4202	0.105496453900709
chrM	4203	4203	0.0356435643564356
chrM	4204	4204	0.0163934426229508
chrM	4205	4205	0.0156087408949011
chrM	4206	4206	0.00739957716701903
chrM	4207	4207	0.0053248136315229
chrM	4208	4208	0
chrM	4209	4209	0.00107066381156317
chrM	4210	4210	0
chrM	4211	4211	0
chrM	4212	4212	0.00319829424307036
chrM	4213	4213	0.00533617929562433
chrM	4214	4214	0.00213675213675214
chrM	4215	4215	0.00641711229946524
chrM	4216	4216	0
chrM	4217	4217	0.00517063081695967
chrM	4218	4218	0
chrM	4219	4219	0
chrM	4220	4220	0.00199401794616152
chrM	4221	4221	0
chrM	4222	4222	0
chrM	4223	4223	0
chrM	4224	4224	0
chrM	4225	4225	0
chrM	4226	4226	0.00260642919200695
chrM	4227	4227	0.000858369098712446
chrM	4228	4228	0
chrM	4229	4229	0
chrM	4230	4230	0
chrM	4231	4231	0
chrM	4232	4232	0
chrM	4233	4233	0.000803858520900322
chrM	4234	4234	0
chrM	4235	4235	0
chrM	4236	4236	0.00470219435736677
chrM	4237	4237	0.000783699059561128
chrM	4238	4238	0
chrM	4239	4239	0
chrM	4240	4240	0
chrM	4241	4241	0
chrM	4242	4242	0.00150602409638554
chrM	4243	4243	0
chrM	4244	4244	0
chrM	4245	4245	0
chrM	4246	4246	0
chrM	4247	4247	0.00145137880986938
chrM	4248	4248	0
chrM	4249	4249	0.00286532951289398
chrM	4250	4250	0
chrM	4251	4251	0
chrM	4252	4252	0.000716332378223496
chrM	4253	4253	0.0121689334287759
chrM	4254	4254	0.00289855072463768
chrM	4255	4255	0.000725689404934688
chrM	4256	4256	0.000697350069735007
chrM	4257	4257	0.00138888888888889
chrM	4258	4258	0.00268456375838926
chrM	4259	4259	0.00200267022696929
chrM	4260	4260	0.00133600534402138
chrM	4261	4261	0
chrM	4262	4262	0
chrM	4263	4263	0
chrM	4264	4264	0
chrM	4265	4265	0
chrM	4266	4266	0.00126262626262626
chrM	4267	4267	0
chrM	4268	4268	0.00121654501216545
chrM	4269	4269	0
chrM	4270	4270	0
chrM	4271	4271	0
chrM	4272	4272	0
chrM	4273	4273	0
chrM	4274	4274	0
chrM	4275	4275	0
chrM	4276	4276	0.00164925783397471
chrM	4277	4277	0.00107296137339056
chrM	4278	4278	0
chrM	4279	4279	0.000511247443762781
chrM	4280	4280	0
chrM	4281	4281	0
chrM	4282	4282	0
chrM	4283	4283	0
chrM	4284	4284	0
chrM	4285	4285	0.000556483027267668
chrM	4286	4286	7.63941940412529e-05
chrM	4287	4287	0.000143864192202561
chrM	4288	4288	0
chrM	4289	4289	0
chrM	4290	4290	4.87614589428516e-05
chrM	4291	4291	0.000102207686017989
chrM	4292	4292	0.000157030244024999
chrM	4293	4293	0
chrM	4294	4294	8.60461781155887e-05
chrM	4295	4295	0
chrM	4296	4296	2.56917503789533e-05
chrM	4297	4297	0
chrM	4298	4298	0.000124097192921496
chrM	4299	4299	4.84590036828843e-05
chrM	4300	4300	0
chrM	4301	4301	2.35849056603774e-05
chrM	4302	4302	0
chrM	4303	4303	0
chrM	4304	4304	0
chrM	4305	4305	0
chrM	4306	4306	2.130787752232e-05
chrM	4307	4307	1.89003761174847e-05
chrM	4308	4308	0
chrM	4309	4309	0
chrM	4310	4310	0
chrM	4311	4311	0
chrM	4312	4312	0
chrM	4313	4313	1.82618382366369e-05
chrM	4314	4314	0
chrM	4315	4315	0
chrM	4316	4316	1.64406083025072e-05
chrM	4317	4317	0
chrM	4318	4318	3.26168498646401e-05
chrM	4319	4319	1.60498186370494e-05
chrM	4320	4320	0
chrM	4321	4321	0
chrM	4322	4322	1.55865207768322e-05
chrM	4323	4323	0
chrM	4324	4324	0
chrM	4325	4325	5.68820124856017e-05
chrM	4326	4326	0
chrM	4327	4327	1.41402714932127e-05
chrM	4328	4328	2.82246683601468e-05
chrM	4329	4329	4.2154369300378e-05
chrM	4330	4330	1.40358756982848e-05
chrM	4331	4331	0.000140140420701543
chrM	4332	4332	2.79853356841015e-05
chrM	4333	4333	0
chrM	4334	4334	0
chrM	4335	4335	6.8683205582571e-05
chrM	4336	4336	1.37283435380687e-05
chrM	4337	4337	0
chrM	4338	4338	1.34060836807743e-05
chrM	4339	4339	0
chrM	4340	4340	0
chrM	4341	4341	1.33895695253398e-05
chrM	4342	4342	0
chrM	4343	4343	1.33849098526321e-05
chrM	4344	4344	0
chrM	4345	4345	0
chrM	4346	4346	0
chrM	4347	4347	1.33518478957488e-05
chrM	4348	4348	1.33365341015177e-05
chrM	4349	4349	0
chrM	4350	4350	0
chrM	4351	4351	0
chrM	4352	4352	0
chrM	4353	4353	0
chrM	4354	4354	0
chrM	4355	4355	0
chrM	4356	4356	1.30659175540602e-05
chrM	4357	4357	0
chrM	4358	4358	5.18887505188875e-05
chrM	4359	4359	1.29095556530944e-05
chrM	4360	4360	0
chrM	4361	4361	0
chrM	4362	4362	1.29003960421585e-05
chrM	4363	4363	7.7145612343298e-05
chrM	4364	4364	1.28377944669106e-05
chrM	4365	4365	1.28289009480558e-05
chrM	4366	4366	2.56574727389352e-05
chrM	4367	4367	0
chrM	4368	4368	8.95678988650468e-05
chrM	4369	4369	1.27651969669892e-05
chrM	4370	4370	1.27634047658553e-05
chrM	4371	4371	0
chrM	4372	4372	1.27567291746396e-05
chrM	4373	4373	0
chrM	4374	4374	3.82394554701541e-05
chrM	4375	4375	0
chrM	4376	4376	1.2710841076354e-05
chrM	4377	4377	0
chrM	4378	4378	1.27038975557701e-05
chrM	4379	4379	2.54039223656132e-05
chrM	4380	4380	0
chrM	4381	4381	1.24753611617056e-05
chrM	4382	4382	1.24710049135759e-05
chrM	4383	4383	1.24677397234655e-05
chrM	4384	4384	0
chrM	4385	4385	3.73775883979966e-05
chrM	4386	4386	3.73636227768644e-05
chrM	4387	4387	0
chrM	4388	4388	0
chrM	4389	4389	2.4876240702505e-05
chrM	4390	4390	4.97339235092256e-05
chrM	4391	4391	0.000360521637514141
chrM	4392	4392	2.44430050230375e-05
chrM	4393	4393	9.76467141880676e-05
chrM	4394	4394	0
chrM	4395	4395	0.000329573751281676
chrM	4396	4396	0.000485660863019354
chrM	4397	4397	0.000109061825937326
chrM	4398	4398	0.000193779672512353
chrM	4399	4399	1.21115229028898e-05
chrM	4400	4400	0.000157426917580954
chrM	4401	4401	6.05392839413495e-05
chrM	4402	4402	0.000968640271219276
chrM	4403	4403	0.000484548945500357
chrM	4404	4404	0.000193744475255198
chrM	4405	4405	3.63310485140601e-05
chrM	4406	4406	0
chrM	4407	4407	0.000520694582354508
chrM	4408	4408	0.00111435458278322
chrM	4409	4409	0.000289428619666675
chrM	4410	4410	6.03027196526563e-05
chrM	4411	4411	0.000156645378961321
chrM	4412	4412	0.000421519155034745
chrM	4413	4413	0.000674235765799391
chrM	4414	4414	0.000252966331385894
chrM	4415	4415	0.00195847551304849
chrM	4416	4416	4.81341981444267e-05
chrM	4417	4417	0.000685120857723235
chrM	4418	4418	4.80555522183644e-05
chrM	4419	4419	0.00253385444679503
chrM	4420	4420	0.000334912205157648
chrM	4421	4421	0.000461582161624769
chrM	4422	4422	0.00062713729573665
chrM	4423	4423	0.000532468761832639
chrM	4424	4424	0.00587342129733165
chrM	4425	4425	0.00884820568259265
chrM	4426	4426	0.00116135760333713
chrM	4427	4427	0.00474417060037479
chrM	4428	4428	0.00442029762543041
chrM	4429	4429	0.000514329457920674
chrM	4430	4430	0.00175604161938097
chrM	4431	4431	0.00182294769450733
chrM	4432	4432	0.00114052178871834
chrM	4433	4433	0.000915337248282257
chrM	4434	4434	0.000963597430406852
chrM	4435	4435	0.0148320973252229
chrM	4436	4436	0.000337223446664499
chrM	4437	4437	0.000623344241857566
chrM	4438	4438	8.37370656139721e-05
chrM	4439	4439	0.000847225039676384
chrM	4440	4440	0.00235181758491017
chrM	4441	4441	0.001172290871682
chrM	4442	4442	0.00596414328315309
chrM	4443	4443	0.000360971735913078
chrM	4444	4444	0.00159767436273214
chrM	4445	4445	0.000756965888473692
chrM	4446	4446	0.00122487210894157
chrM	4447	4447	0.00961076982146285
chrM	4448	4448	0.000617321309689524
chrM	4449	4449	0.00204550956184943
chrM	4450	4450	0.000133355963436219
chrM	4451	4451	0.00258260078811761
chrM	4452	4452	0.00122750088112687
chrM	4453	4453	0.00605348862549487
chrM	4454	4454	0.00361665854846566
chrM	4455	4455	0.0108101512933138
chrM	4456	4456	0.00158915922389898
chrM	4457	4457	0.00307102670564823
chrM	4458	4458	0.000209066089480286
chrM	4459	4459	0.000885140700490515
chrM	4460	4460	0.00876632158752797
chrM	4461	4461	0.000508375801311858
chrM	4462	4462	0.000594987232565635
chrM	4463	4463	0.00232500618352708
chrM	4464	4464	0.000991497905460675
chrM	4465	4465	0.00193505172542112
chrM	4466	4466	0.00393813280327971
chrM	4467	4467	0.0078934570349033
chrM	4468	4468	0.00180795500200884
chrM	4469	4469	0.00719234493077997
chrM	4470	4470	0.00207673800177283
chrM	4471	4471	0.0019531745427796
chrM	4472	4472	0.00132139000063528
chrM	4473	4473	0.0301271980945624
chrM	4474	4474	0.00456287643730608
chrM	4475	4475	0.000209440531978951
chrM	4476	4476	0.00070603925055241
chrM	4477	4477	0.000875931494312982
chrM	4478	4478	0.000862824049259409
chrM	4479	4479	0.000849773175929194
chrM	4480	4480	0.000569667780108237
chrM	4481	4481	0.00203341536070457
chrM	4482	4482	0.000881674143609159
chrM	4483	4483	0.0155675173295124
chrM	4484	4484	0.00403400086442876
chrM	4485	4485	0.001391898102554
chrM	4486	4486	0.00687995395924347
chrM	4487	4487	0.000513529527947857
chrM	4488	4488	0.00379745177890974
chrM	4489	4489	0.0106229318766742
chrM	4490	4490	0.00886400127386845
chrM	4491	4491	0.00301200787138057
chrM	4492	4492	0.00350265047305912
chrM	4493	4493	0.00350500235009736
chrM	4494	4494	0.00164338537387017
chrM	4495	4495	0.00630778769172709
chrM	4496	4496	0.00493632948643187
chrM	4497	4497	0.00600563794582669
chrM	4498	4498	0.00284962735642262
chrM	4499	4499	0.009983543609435
chrM	4500	4500	0.00427965984321764
chrM	4501	4501	0.000806675938803894
chrM	4502	4502	0.00108568565224653
chrM	4503	4503	0.016174196514398
chrM	4504	4504	0.00258836508677388
chrM	4505	4505	0.00127516683432749
chrM	4506	4506	0.000510602084958514
chrM	4507	4507	0.00104196001126443
chrM	4508	4508	0.00138972724848042
chrM	4509	4509	0.00084290972436852
chrM	4510	4510	0.000899419593293703
chrM	4511	4511	0.00559866417837148
chrM	4512	4512	0.000578368999421631
chrM	4513	4513	0.00142153413089374
chrM	4514	4514	0.00626897835243413
chrM	4515	4515	0.00699566465852148
chrM	4516	4516	0.0054096155207817
chrM	4517	4517	0.00679691721411711
chrM	4518	4518	0.00306366408498089
chrM	4519	4519	0.00118931621482203
chrM	4520	4520	0.000530321489486735
chrM	4521	4521	0.00159111250017758
chrM	4522	4522	0.000469243238631516
chrM	4523	4523	0.00524326474934637
chrM	4524	4524	0.0155486197215215
chrM	4525	4525	0.0434556260936212
chrM	4526	4526	0.0002116242158567
chrM	4527	4527	0.00521374862498681
chrM	4528	4528	0.000211928549803209
chrM	4529	4529	6.05555976080539e-05
chrM	4530	4530	0.00277639461017307
chrM	4531	4531	0.000650313057681256
chrM	4532	4532	0.000680642526545058
chrM	4533	4533	0.000390044855158343
chrM	4534	4534	0.000432958600200057
chrM	4535	4535	0.000462783268145583
chrM	4536	4536	0.00091100524201377
chrM	4537	4537	0.000807126629200048
chrM	4538	4538	0.00318242940385477
chrM	4539	4539	0.000224749404414078
chrM	4540	4540	0.000771776719058432
chrM	4541	4541	0.000118201563215674
chrM	4542	4542	2.95372982233315e-05
chrM	4543	4543	0.000191966922622563
chrM	4544	4544	0.00293831025012551
chrM	4545	4545	0.00235346358792185
chrM	4546	4546	8.84368781782003e-05
chrM	4547	4547	1.47342674858919e-05
chrM	4548	4548	0.000278874521143092
chrM	4549	4549	0.00086606775879279
chrM	4550	4550	0.00280564654729204
chrM	4551	4551	0.00230699150674464
chrM	4552	4552	0.00281888653981677
chrM	4553	4553	0.000161931399970558
chrM	4554	4554	0.00136746607066712
chrM	4555	4555	0.00166252262060645
chrM	4556	4556	0.00166244924380627
chrM	4557	4557	0.00564581342350952
chrM	4558	4558	0.0036808183538316
chrM	4559	4559	0.00210393126177024
chrM	4560	4560	0.000560025938043446
chrM	4561	4561	0.0096609871772352
chrM	4562	4562	0.00304220692914316
chrM	4563	4563	0.0133329387217544
chrM	4564	4564	0.0122551586885933
chrM	4565	4565	0.00214878034017311
chrM	4566	4566	0.00347905006806837
chrM	4567	4567	0.00841391625429397
chrM	4568	4568	0.00341411370217955
chrM	4569	4569	0.0029347477186922
chrM	4570	4570	0.000701262272089762
chrM	4571	4571	0.000289687137891078
chrM	4572	4572	0.0105382180009046
chrM	4573	4573	9.12894636744009e-05
chrM	4574	4574	0.00311630664457383
chrM	4575	4575	0.000884052006645632
chrM	4576	4576	0.00260519820835492
chrM	4577	4577	0.00189099338152316
chrM	4578	4578	0.00256893563980178
chrM	4579	4579	0.000457031428527902
chrM	4580	4580	0.00327284905315716
chrM	4581	4581	0.00932468523464327
chrM	4582	4582	0.00349682666830982
chrM	4583	4583	0.00912082026168796
chrM	4584	4584	0.00231563672291091
chrM	4585	4585	0.00822917955698552
chrM	4586	4586	0.00196463654223969
chrM	4587	4587	0.0201132046212297
chrM	4588	4588	0.0143135053062774
chrM	4589	4589	0.000160415797747762
chrM	4590	4590	0.00596641485829765
chrM	4591	4591	0.00053243840655706
chrM	4592	4592	0.000565008232977109
chrM	4593	4593	0.00252854681032678
chrM	4594	4594	0.000710330465105016
chrM	4595	4595	0.000839440803280276
chrM	4596	4596	0.00113089275905522
chrM	4597	4597	0.0113940802427294
chrM	4598	4598	0.00804953560371517
chrM	4599	4599	0.000673500229975688
chrM	4600	4600	0.000295872577543271
chrM	4601	4601	0.000147909545095977
chrM	4602	4602	0.000525745079354648
chrM	4603	4603	3.28725694843938e-05
chrM	4604	4604	0.0204051504961863
chrM	4605	4605	0.000753453327752198
chrM	4606	4606	0.00051941088752241
chrM	4607	4607	3.35255464664074e-05
chrM	4608	4608	0.00217894136971607
chrM	4609	4609	0.00134052749757029
chrM	4610	4610	0.000586992251702278
chrM	4611	4611	0.000822106269818633
chrM	4612	4612	0.0256410256410256
chrM	4613	4613	0.00201463624623332
chrM	4614	4614	0.00192973690104929
chrM	4615	4615	0.0051098532422621
chrM	4616	4616	0.000432114769682828
chrM	4617	4617	0.00509983576800069
chrM	4618	4618	0.0277893566763929
chrM	4619	4619	0.0136636422090448
chrM	4620	4620	0.0717797621199523
chrM	4621	4621	0.00206378256298431
chrM	4622	4622	0.00930721601308462
chrM	4623	4623	0.0103111006363422
chrM	4624	4624	0.00729912529503937
chrM	4625	4625	0.112564138399185
chrM	4626	4626	0.0279519155151107
chrM	4627	4627	0.00444598018889657
chrM	4628	4628	0.00464933382679497
chrM	4629	4629	0.00199790916482751
chrM	4630	4630	0.000581841878651058
chrM	4631	4631	0.0303093742730868
chrM	4632	4632	0.00416457241329791
chrM	4633	4633	0.0155612122376447
chrM	4634	4634	0.00185501939338457
chrM	4635	4635	0.012066801814847
chrM	4636	4636	0.00400556871748528
chrM	4637	4637	0.00676122583964136
chrM	4638	4638	0.00415312828280361
chrM	4639	4639	0.000244869974043783
chrM	4640	4640	0.000635556967904373
chrM	4641	4641	0.000562470959379815
chrM	4642	4642	0.00935195585290814
chrM	4643	4643	0.000443546399881721
chrM	4644	4644	0.00906723019461372
chrM	4645	4645	0.00103834458206631
chrM	4646	4646	7.39189355673278e-05
chrM	4647	4647	0.000885129819040126
chrM	4648	4648	0.00068904419726351
chrM	4649	4649	0.00572411251688982
chrM	4650	4650	0.00495228892378307
chrM	4651	4651	0.000965833635156344
chrM	4652	4652	0.00115944829585256
chrM	4653	4653	0.00805223068552775
chrM	4654	4654	0.020506076325467
chrM	4655	4655	0.00643638170974155
chrM	4656	4656	0.00566290795290845
chrM	4657	4657	0.00054876527812422
chrM	4658	4658	0.00074703055354964
chrM	4659	4659	0.000423254076932653
chrM	4660	4660	0.00149402390438247
chrM	4661	4661	0.00271678173525087
chrM	4662	4662	0.0153109570594983
chrM	4663	4663	0.000379497039923089
chrM	4664	4664	0.00452809187726088
chrM	4665	4665	0.0293296089385475
chrM	4666	4666	0.00397603913259567
chrM	4667	4667	0.00144394854292465
chrM	4668	4668	0.00117896722471115
chrM	4669	4669	0.000131137221989089
chrM	4670	4670	0.00041900172838213
chrM	4671	4671	0.00426835655179638
chrM	4672	4672	0.00105072368593869
chrM	4673	4673	0.000446992006731174
chrM	4674	4674	0.0131185391194837
chrM	4675	4675	0.000691011534577154
chrM	4676	4676	0.0044749245352963
chrM	4677	4677	0.00203849310353957
chrM	4678	4678	0.00729423622715578
chrM	4679	4679	0.00667824228663016
chrM	4680	4680	0.00867929598280263
chrM	4681	4681	0.00132658310095568
chrM	4682	4682	8.13052197951108e-05
chrM	4683	4683	0.00368453848446263
chrM	4684	4684	0.00138658546532177
chrM	4685	4685	0.0121048909199717
chrM	4686	4686	0.00131824673184664
chrM	4687	4687	0.00628137257591135
chrM	4688	4688	0.000634605303093011
chrM	4689	4689	0.000828065914046758
chrM	4690	4690	0.00754862526860984
chrM	4691	4691	0.00105470593133309
chrM	4692	4692	0.00563247412668905
chrM	4693	4693	0.00348684761081202
chrM	4694	4694	0.00173509081241429
chrM	4695	4695	0.00263445531235111
chrM	4696	4696	0.0127185118780816
chrM	4697	4697	0.0234551833408782
chrM	4698	4698	0.0153217864797544
chrM	4699	4699	0.00038237543384905
chrM	4700	4700	0.0286724732565616
chrM	4701	4701	0.0107368421052632
chrM	4702	4702	0.00203647416413374
chrM	4703	4703	0.00112691499406085
chrM	4704	4704	0.00740763321546153
chrM	4705	4705	0.00150459053643259
chrM	4706	4706	0.00234892163143284
chrM	4707	4707	0.00100569896077774
chrM	4708	4708	0.00173780487804878
chrM	4709	4709	0.00668620626488368
chrM	4710	4710	0.00258167624550512
chrM	4711	4711	0.00286197876596399
chrM	4712	4712	0.00200573950072515
chrM	4713	4713	0.00185288123031314
chrM	4714	4714	0.00321027287319422
chrM	4715	4715	0.0154369682907966
chrM	4716	4716	0.0108842257143753
chrM	4717	4717	0.0615667501505881
chrM	4718	4718	0.00675424673263314
chrM	4719	4719	0.00186782585070977
chrM	4720	4720	0.000441711120926914
chrM	4721	4721	0.00621899000883572
chrM	4722	4722	0.0654084179573973
chrM	4723	4723	0.000475563359672227
chrM	4724	4724	0.0110830681444091
chrM	4725	4725	0.00647701762779229
chrM	4726	4726	0.00255574486999037
chrM	4727	4727	0.00886367007862335
chrM	4728	4728	0.000448967375037414
chrM	4729	4729	0.00224500486417721
chrM	4730	4730	0.00386201724784402
chrM	4731	4731	0.00613519883281583
chrM	4732	4732	0.00206899146070797
chrM	4733	4733	0.000753295668549906
chrM	4734	4734	0.00331587475036738
chrM	4735	4735	0.0168953396076653
chrM	4736	4736	0.00215111589136865
chrM	4737	4737	0.00681135996305703
chrM	4738	4738	0.00270824467056138
chrM	4739	4739	0.000271528316524438
chrM	4740	4740	0.00697944939899186
chrM	4741	4741	0.00516464740602672
chrM	4742	4742	0.0682691934293814
chrM	4743	4743	0.0044529526821757
chrM	4744	4744	0.0219556736116876
chrM	4745	4745	0.00152743009885867
chrM	4746	4746	0.0156742446526873
chrM	4747	4747	0.00336901360399164
chrM	4748	4748	0.00350382429603042
chrM	4749	4749	0.00387695978186776
chrM	4750	4750	0.00128259940145361
chrM	4751	4751	0.0038908842141269
chrM	4752	4752	0.0025747757799425
chrM	4753	4753	0.00880508547375655
chrM	4754	4754	0.000953041067405995
chrM	4755	4755	0.0030778567712849
chrM	4756	4756	0.00347826086956522
chrM	4757	4757	0.00410122164048866
chrM	4758	4758	0.00420333639826612
chrM	4759	4759	0.00497425604328475
chrM	4760	4760	0.00354594405288272
chrM	4761	4761	0.00588467787975934
chrM	4762	4762	0.0312292945801493
chrM	4763	4763	0.0132094379156418
chrM	4764	4764	0.00903808908973531
chrM	4765	4765	0.000325732899022801
chrM	4766	4766	0.00107051431231091
chrM	4767	4767	0.000186367236639799
chrM	4768	4768	0.00312223309567081
chrM	4769	4769	0.00247663551401869
chrM	4770	4770	0.000234192037470726
chrM	4771	4771	0.000701098387473709
chrM	4772	4772	0
chrM	4773	4773	0.000467486326024964
chrM	4774	4774	0.000701426233341127
chrM	4775	4775	0.00926532522227422
chrM	4776	4776	0.00719593641237889
chrM	4777	4777	0.00156176053005206
chrM	4778	4778	0.00444633650253063
chrM	4779	4779	0.00987701220380835
chrM	4780	4780	0.0210818839538115
chrM	4781	4781	0.009542451676046
chrM	4782	4782	0.0150850382055706
chrM	4783	4783	0.00130065032516258
chrM	4784	4784	0.000801081459970961
chrM	4785	4785	0.00370797214010122
chrM	4786	4786	0.0148728770977791
chrM	4787	4787	0.00458926112895824
chrM	4788	4788	0.00306764149496396
chrM	4789	4789	0.00199876998769988
chrM	4790	4790	0.00318111852231914
chrM	4791	4791	0.0318995678123071
chrM	4792	4792	0.0409605270148223
chrM	4793	4793	0.0234780687216882
chrM	4794	4794	0.00339059674502712
chrM	4795	4795	0.00124688279301746
chrM	4796	4796	0.0131832069706914
chrM	4797	4797	0.00480274442538594
chrM	4798	4798	0.00635920939558866
chrM	4799	4799	0.00224796818260418
chrM	4800	4800	0.00155835161029666
chrM	4801	4801	0.000809108247124776
chrM	4802	4802	0.00190828658994969
chrM	4803	4803	0.0366135366135366
chrM	4804	4804	0.00371502187069327
chrM	4805	4805	0.00114244483194035
chrM	4806	4806	0.0475473969304845
chrM	4807	4807	0.0196969696969697
chrM	4808	4808	0.00463618802318094
chrM	4809	4809	0.000388123423248593
chrM	4810	4810	0
chrM	4811	4811	0.000129407958589453
chrM	4812	4812	0
chrM	4813	4813	6.46746863277713e-05
chrM	4814	4814	6.45953103804664e-05
chrM	4815	4815	6.45869663501905e-05
chrM	4816	4816	0.00103345820953365
chrM	4817	4817	0.00459041830995022
chrM	4818	4818	0.0136399064692128
chrM	4819	4819	0.000131682907558599
chrM	4820	4820	0.00230475437903332
chrM	4821	4821	0.00158374026659628
chrM	4822	4822	0.000660938532716457
chrM	4823	4823	0.00085978835978836
chrM	4824	4824	0.00377308532468392
chrM	4825	4825	0.165625830454425
chrM	4826	4826	0.000318496695596783
chrM	4827	4827	0.00390127388535032
chrM	4828	4828	0.00823209718670077
chrM	4829	4829	0.00757392635565224
chrM	4830	4830	0.00876836892100349
chrM	4831	4831	0.0271908271908272
chrM	4832	4832	0.00446127946127946
chrM	4833	4833	0.000591866069163778
chrM	4834	4834	0.0615696887686062
chrM	4835	4835	0.000901225666906993
chrM	4836	4836	0.00315713512538337
chrM	4837	4837	0.00723916387657226
chrM	4838	4838	0.0259775772491113
chrM	4839	4839	0.000374321542204754
chrM	4840	4840	0.0008424599831508
chrM	4841	4841	0.00365339578454333
chrM	4842	4842	0.0736179014667168
chrM	4843	4843	0.00263852242744063
chrM	4844	4844	0.0019330552446841
chrM	4845	4845	0.00795025991234329
chrM	4846	4846	0.010376001643723
chrM	4847	4847	0.0257421631720988
chrM	4848	4848	0.0593373814850325
chrM	4849	4849	0.00226500566251416
chrM	4850	4850	0.00147559591373439
chrM	4851	4851	0.000113675116516994
chrM	4852	4852	0.000682128240109141
chrM	4853	4853	0.00545578540577404
chrM	4854	4854	0.00125671198446247
chrM	4855	4855	0.00102939494452705
chrM	4856	4856	0.00114468864468864
chrM	4857	4857	0.00584326306141155
chrM	4858	4858	0.00714450334178382
chrM	4859	4859	0.00626740947075209
chrM	4860	4860	0.00291987853305302
chrM	4861	4861	0.014290734450041
chrM	4862	4862	0.0279263220439691
chrM	4863	4863	0.0154015401540154
chrM	4864	4864	0.0665425201738051
chrM	4865	4865	0.00212765957446809
chrM	4866	4866	0.00146354443853113
chrM	4867	4867	0.000133244503664224
chrM	4868	4868	0.000532978014656895
chrM	4869	4869	0.00613251566457806
chrM	4870	4870	0.00576794097920858
chrM	4871	4871	0.00121424716675661
chrM	4872	4872	0.0826691881669593
chrM	4873	4873	0.0129583271977617
chrM	4874	4874	0.000596658711217184
chrM	4875	4875	0.00970149253731343
chrM	4876	4876	0.0299924642049736
chrM	4877	4877	0.0262585456805469
chrM	4878	4878	0.0019147917663954
chrM	4879	4879	0.0131095123900879
chrM	4880	4880	0.008909768346023
chrM	4881	4881	0.0161817587446878
chrM	4882	4882	0.00764246552583486
chrM	4883	4883	0.0205926670015068
chrM	4884	4884	0.0295726495726496
chrM	4885	4885	0.00193764312136692
chrM	4886	4886	0.00123543946346629
chrM	4887	4887	0.000883548330093656
chrM	4888	4888	0.00336045277679519
chrM	4889	4889	0.00159687721788502
chrM	4890	4890	0.00764172738581838
chrM	4891	4891	0.0034025787965616
chrM	4892	4892	0.00197663971248877
chrM	4893	4893	0
chrM	4894	4894	0.021962196219622
chrM	4895	4895	0.00239278483342536
chrM	4896	4896	0.0025830258302583
chrM	4897	4897	0.04661487236404
chrM	4898	4898	0.0242530073729142
chrM	4899	4899	0.0244581427719228
chrM	4900	4900	0.103342845495312
chrM	4901	4901	0.0118154964780732
chrM	4902	4902	0.00229885057471264
chrM	4903	4903	0.0144894204231831
chrM	4904	4904	0.149988336832284
chrM	4905	4905	0.0449931412894376
chrM	4906	4906	0.0215455328928469
chrM	4907	4907	0.0361021426474905
chrM	4908	4908	0.00913520097442144
chrM	4909	4909	0.00215119852489244
chrM	4910	4910	0.0117031105635972
chrM	4911	4911	0.00218136491118729
chrM	4912	4912	0
chrM	4913	4913	0.00124882922260381
chrM	4914	4914	0.00156298843388559
chrM	4915	4915	0
chrM	4916	4916	0.000313087038196619
chrM	4917	4917	0.150577944392377
chrM	4918	4918	0.0294225818315557
chrM	4919	4919	0.0826070481242895
chrM	4920	4920	0.0966542750929368
chrM	4921	4921	0.0914494741655235
chrM	4922	4922	0.0573729240060393
chrM	4923	4923	0.0106780565936999
chrM	4924	4924	0.0750134916351862
chrM	4925	4925	0.0338192419825073
chrM	4926	4926	0.0102595051297526
chrM	4927	4927	0.0286236297198538
chrM	4928	4928	0.038871473354232
chrM	4929	4929	0.246414602346806
chrM	4930	4930	0.0155574762316335
chrM	4931	4931	0.0166812993854258
chrM	4932	4932	0.00535714285714286
chrM	4933	4933	0.000896057347670251
chrM	4934	4934	0.00626118067978533
chrM	4935	4935	0.00449640287769784
chrM	4936	4936	0.017163504968383
chrM	4937	4937	0.00918273645546373
chrM	4938	4938	0.0138376383763838
chrM	4939	4939	0.00935453695042095
chrM	4940	4940	0.00755429650613787
chrM	4941	4941	0.0180780209324453
chrM	4942	4942	0.000968054211035818
chrM	4943	4943	0
chrM	4944	4944	0.0184108527131783
chrM	4945	4945	0.109575518262586
chrM	4946	4946	0
chrM	4947	4947	0
chrM	4948	4948	0.0199556541019956
chrM	4949	4949	0.0260180995475113
chrM	4950	4950	0
chrM	4951	4951	0
chrM	4952	4952	0
chrM	4953	4953	0
chrM	4954	4954	0
chrM	4955	4955	0
chrM	4956	4956	0
chrM	4957	4957	0
chrM	4958	4958	0
chrM	4959	4959	0
chrM	4960	4960	0
chrM	4961	4961	0
chrM	4962	4962	0
chrM	4963	4963	0
chrM	4964	4964	0.00111982082866741
chrM	4965	4965	0.00111731843575419
chrM	4966	4966	0
chrM	4967	4967	0.00110864745011086
chrM	4968	4968	0
chrM	4969	4969	0
chrM	4970	4970	0
chrM	4971	4971	0
chrM	4972	4972	0
chrM	4973	4973	0
chrM	4974	4974	0
chrM	4975	4975	0.00107642626480086
chrM	4976	4976	0
chrM	4977	4977	0.00107642626480086
chrM	4978	4978	0
chrM	4979	4979	0
chrM	4980	4980	0
chrM	4981	4981	0
chrM	4982	4982	0
chrM	4983	4983	0
chrM	4984	4984	0
chrM	4985	4985	0.00107296137339056
chrM	4986	4986	0
chrM	4987	4987	0
chrM	4988	4988	0
chrM	4989	4989	0
chrM	4990	4990	0
chrM	4991	4991	0
chrM	4992	4992	0
chrM	4993	4993	0
chrM	4994	4994	0
chrM	4995	4995	0
chrM	4996	4996	0
chrM	4997	4997	0
chrM	4998	4998	0
chrM	4999	4999	0
chrM	5000	5000	0
chrM	5001	5001	0
chrM	5002	5002	0
chrM	5003	5003	0
chrM	5004	5004	0.00106157112526539
chrM	5005	5005	0
chrM	5006	5006	0
chrM	5007	5007	0
chrM	5008	5008	0
chrM	5009	5009	0
chrM	5010	5010	0
chrM	5011	5011	0
chrM	5012	5012	0
chrM	5013	5013	0
chrM	5014	5014	0
chrM	5015	5015	0.00105042016806723
chrM	5016	5016	0
chrM	5017	5017	0
chrM	5018	5018	0
chrM	5019	5019	0
chrM	5020	5020	0
chrM	5021	5021	0.00309597523219814
chrM	5022	5022	0.00103412616339193
chrM	5023	5023	0
chrM	5024	5024	0
chrM	5025	5025	0
chrM	5026	5026	0
chrM	5027	5027	0
chrM	5028	5028	0
chrM	5029	5029	0
chrM	5030	5030	0
chrM	5031	5031	0
chrM	5032	5032	0
chrM	5033	5033	0.00170794192997438
chrM	5034	5034	0.00169348010160881
chrM	5035	5035	0.000835421888053467
chrM	5036	5036	0
chrM	5037	5037	0
chrM	5038	5038	0.000601322910402886
chrM	5039	5039	0.00481058328322309
chrM	5040	5040	0
chrM	5041	5041	0
chrM	5042	5042	0.00116959064327485
chrM	5043	5043	0.00058411214953271
chrM	5044	5044	0
chrM	5045	5045	0
chrM	5046	5046	0.00231884057971014
chrM	5047	5047	0.00342075256556442
chrM	5048	5048	0
chrM	5049	5049	0
chrM	5050	5050	0
chrM	5051	5051	0.00619718309859155
chrM	5052	5052	0.00280426247896803
chrM	5053	5053	0
chrM	5054	5054	0
chrM	5055	5055	0
chrM	5056	5056	0
chrM	5057	5057	0
chrM	5058	5058	0.00108932461873638
chrM	5059	5059	0
chrM	5060	5060	0
chrM	5061	5061	0
chrM	5062	5062	0.000506585612968592
chrM	5063	5063	0
chrM	5064	5064	0
chrM	5065	5065	0
chrM	5066	5066	0.000497512437810945
chrM	5067	5067	0.00347222222222222
chrM	5068	5068	0.000497265042267529
chrM	5069	5069	0.000987654320987654
chrM	5070	5070	0.000489476260401371
chrM	5071	5071	0.000919117647058824
chrM	5072	5072	0
chrM	5073	5073	0
chrM	5074	5074	0
chrM	5075	5075	0.00177777777777778
chrM	5076	5076	0
chrM	5077	5077	0.0012987012987013
chrM	5078	5078	0
chrM	5079	5079	0
chrM	5080	5080	0.000385802469135802
chrM	5081	5081	0.000309119010819165
chrM	5082	5082	0.000866050808314088
chrM	5083	5083	0
chrM	5084	5084	0
chrM	5085	5085	0
chrM	5086	5086	0
chrM	5087	5087	0.000199362041467305
chrM	5088	5088	0
chrM	5089	5089	0
chrM	5090	5090	0
chrM	5091	5091	0.000144300144300144
chrM	5092	5092	0.000132065504490227
chrM	5093	5093	0
chrM	5094	5094	0.000106439595529537
chrM	5095	5095	9.81643270835378e-05
chrM	5096	5096	0
chrM	5097	5097	0
chrM	5098	5098	0
chrM	5099	5099	0
chrM	5100	5100	0
chrM	5101	5101	0
chrM	5102	5102	5.46000546000546e-05
chrM	5103	5103	5.35331905781585e-05
chrM	5104	5104	0
chrM	5105	5105	5.31377862798236e-05
chrM	5106	5106	0
chrM	5107	5107	0
chrM	5108	5108	0
chrM	5109	5109	4.56829602558246e-05
chrM	5110	5110	0
chrM	5111	5111	0
chrM	5112	5112	0
chrM	5113	5113	0
chrM	5114	5114	0
chrM	5115	5115	0
chrM	5116	5116	0
chrM	5117	5117	0
chrM	5118	5118	0
chrM	5119	5119	0
chrM	5120	5120	0
chrM	5121	5121	3.98025792071326e-05
chrM	5122	5122	0
chrM	5123	5123	0
chrM	5124	5124	0
chrM	5125	5125	0
chrM	5126	5126	0
chrM	5127	5127	0
chrM	5128	5128	0
chrM	5129	5129	0
chrM	5130	5130	0
chrM	5131	5131	0
chrM	5132	5132	0
chrM	5133	5133	0
chrM	5134	5134	7.4956899782625e-05
chrM	5135	5135	3.73357228195938e-05
chrM	5136	5136	0
chrM	5137	5137	3.70274373310623e-05
chrM	5138	5138	0.000110562394044372
chrM	5139	5139	0.000257997936016512
chrM	5140	5140	7.00623554963918e-05
chrM	5141	5141	6.97958471470947e-05
chrM	5142	5142	0
chrM	5143	5143	6.96718456071901e-05
chrM	5144	5144	6.96306096159872e-05
chrM	5145	5145	0
chrM	5146	5146	3.47439371829616e-05
chrM	5147	5147	0
chrM	5148	5148	0
chrM	5149	5149	3.4447123665174e-05
chrM	5150	5150	0
chrM	5151	5151	6.43231595535973e-05
chrM	5152	5152	0
chrM	5153	5153	6.42776795757673e-05
chrM	5154	5154	0
chrM	5155	5155	0
chrM	5156	5156	0
chrM	5157	5157	0
chrM	5158	5158	0
chrM	5159	5159	0
chrM	5160	5160	0.000346216794661966
chrM	5161	5161	0
chrM	5162	5162	0
chrM	5163	5163	0
chrM	5164	5164	0
chrM	5165	5165	0.000247586036147561
chrM	5166	5166	9.25840199981483e-05
chrM	5167	5167	3.06063110213326e-05
chrM	5168	5168	5.97175360544624e-05
chrM	5169	5169	5.95521676989042e-05
chrM	5170	5170	5.91733483239149e-05
chrM	5171	5171	2.93366972746208e-05
chrM	5172	5172	5.84692743963047e-05
chrM	5173	5173	0
chrM	5174	5174	0.00011622838878396
chrM	5175	5175	0.000115817818571387
chrM	5176	5176	5.78921469302689e-05
chrM	5177	5177	0.000202300445060979
chrM	5178	5178	0.000144316804248687
chrM	5179	5179	2.88051618850098e-05
chrM	5180	5180	8.56408792463603e-05
chrM	5181	5181	0.000170570843757107
chrM	5182	5182	8.51933889930141e-05
chrM	5183	5183	0.000170130717100973
chrM	5184	5184	0.000254208564004067
chrM	5185	5185	0.000522566627244974
chrM	5186	5186	5.48380905376875e-05
chrM	5187	5187	0.000409209951986032
chrM	5188	5188	0.000108005940326718
chrM	5189	5189	0.000107921433196633
chrM	5190	5190	0.000188811566057075
chrM	5191	5191	0.00212337051471576
chrM	5192	5192	0
chrM	5193	5193	2.68456375838926e-05
chrM	5194	5194	0.000586666666666667
chrM	5195	5195	0.000240121661641899
chrM	5196	5196	0.000186646757679181
chrM	5197	5197	0.000106660978081169
chrM	5198	5198	0.000422442244224422
chrM	5199	5199	2.63921879123779e-05
chrM	5200	5200	0.000158348948299068
chrM	5201	5201	0.000211109645071909
chrM	5202	5202	0.000263935810810811
chrM	5203	5203	2.63991552270327e-05
chrM	5204	5204	0.000711950216221917
chrM	5205	5205	0.000158273760848347
chrM	5206	5206	7.90763877906057e-05
chrM	5207	5207	0.000158140270419862
chrM	5208	5208	0.00242334843535981
chrM	5209	5209	0.000870115488055687
chrM	5210	5210	0.000659682824497981
chrM	5211	5211	0.000263914913831781
chrM	5212	5212	0.000263740900938918
chrM	5213	5213	0
chrM	5214	5214	0.000316163878276907
chrM	5215	5215	0.00131755777490843
chrM	5216	5216	0.000105410177352623
chrM	5217	5217	0.000131547791312584
chrM	5218	5218	0.000157736999842263
chrM	5219	5219	0.000210282830406897
chrM	5220	5220	0.000341601849905403
chrM	5221	5221	0.000104997900041999
chrM	5222	5222	0.000236220472440945
chrM	5223	5223	0.000104714783109505
chrM	5224	5224	0.000261745844784714
chrM	5225	5225	0.000182930016202373
chrM	5226	5226	2.60756192959583e-05
chrM	5227	5227	0.000312053049018333
chrM	5228	5228	0.000155484723625904
chrM	5229	5229	0.000803254476200347
chrM	5230	5230	7.74313442081354e-05
chrM	5231	5231	0.000335457900033546
chrM	5232	5232	0.000566047445067668
chrM	5233	5233	0.00174721858218351
chrM	5234	5234	0.00113180368350653
chrM	5235	5235	0.000254576003665894
chrM	5236	5236	0.00129823846858772
chrM	5237	5237	0.00416486781623791
chrM	5238	5238	0.00101999184006528
chrM	5239	5239	7.65013387734285e-05
chrM	5240	5240	0.00028044054660412
chrM	5241	5241	0.00163173729029626
chrM	5242	5242	5.10568773613806e-05
chrM	5243	5243	0.0391386436699495
chrM	5244	5244	0.000371737341015905
chrM	5245	5245	0.0187524726361598
chrM	5246	5246	0.000937332619175147
chrM	5247	5247	0.00013366124893071
chrM	5248	5248	0.00194154099843081
chrM	5249	5249	0.0042322444121148
chrM	5250	5250	0.0359140806417564
chrM	5251	5251	0.00246062992125984
chrM	5252	5252	0.0181728611308774
chrM	5253	5253	0.00298191344090516
chrM	5254	5254	0.00323092777762304
chrM	5255	5255	0.00117125407847402
chrM	5256	5256	0.00235391858211022
chrM	5257	5257	0.00321080602302923
chrM	5258	5258	0.00030519948948449
chrM	5259	5259	0.000190486557091542
chrM	5260	5260	0.000135976720785402
chrM	5261	5261	0
chrM	5262	5262	2.66297400937367e-05
chrM	5263	5263	2.6621233095517e-05
chrM	5264	5264	0.000497577582820479
chrM	5265	5265	0.000497486384583159
chrM	5266	5266	0.000130589218554116
chrM	5267	5267	5.2216594433711e-05
chrM	5268	5268	2.61055709288362e-05
chrM	5269	5269	2.53363399123363e-05
chrM	5270	5270	5.06470156246043e-05
chrM	5271	5271	0.00010124788012251
chrM	5272	5272	0.00088594137599352
chrM	5273	5273	7.5980143855739e-05
chrM	5274	5274	2.53087669568739e-05
chrM	5275	5275	0.000303528519033768
chrM	5276	5276	0.00012648301333131
chrM	5277	5277	0.000252953228947968
chrM	5278	5278	0
chrM	5279	5279	0.00320788077797424
chrM	5280	5280	0.000253254317986122
chrM	5281	5281	0.000101294031249209
chrM	5282	5282	0.000329072269332996
chrM	5283	5283	0.000833291247916772
chrM	5284	5284	0.000960032337931383
chrM	5285	5285	0.0092271911418965
chrM	5286	5286	0.00191326530612245
chrM	5287	5287	0.00117352926169703
chrM	5288	5288	0.000331438186778166
chrM	5289	5289	0.000764954867662808
chrM	5290	5290	0.00295956116851639
chrM	5291	5291	0.00112554998465159
chrM	5292	5292	0.00204849819476097
chrM	5293	5293	0.0138418007086594
chrM	5294	5294	0.000258458039337314
chrM	5295	5295	0.000982165934349961
chrM	5296	5296	0.001345094285936
chrM	5297	5297	0.0007510423950483
chrM	5298	5298	0.00688441430715876
chrM	5299	5299	0.00554759734340409
chrM	5300	5300	0.000523738445020557
chrM	5301	5301	0.00164499451668494
chrM	5302	5302	0.000183030461498235
chrM	5303	5303	0.00250104210087536
chrM	5304	5304	0.000939261114589856
chrM	5305	5305	0.000234754029944181
chrM	5306	5306	0.000521716447110995
chrM	5307	5307	0.00117410702637827
chrM	5308	5308	0.00274165752780824
chrM	5309	5309	0.00141268803139307
chrM	5310	5310	0.000235017626321974
chrM	5311	5311	0.00176788685524126
chrM	5312	5312	0.0021341384066835
chrM	5313	5313	0.000443193075759946
chrM	5314	5314	0.000208599515006128
chrM	5315	5315	0.000312223552063277
chrM	5316	5316	0.000156156468781719
chrM	5317	5317	2.60287878393503e-05
chrM	5318	5318	0.000311817898347365
chrM	5319	5319	7.79079128470148e-05
chrM	5320	5320	0.000512689054088695
chrM	5321	5321	0.000153720024595204
chrM	5322	5322	0.00161323363720168
chrM	5323	5323	0.000435238997414168
chrM	5324	5324	0.0005370294599018
chrM	5325	5325	0.00176335292614362
chrM	5326	5326	0.00754881138207221
chrM	5327	5327	0.000464108910891089
chrM	5328	5328	0.00121234007428807
chrM	5329	5329	0.0173599484867997
chrM	5330	5330	0.0133482514571191
chrM	5331	5331	0.00534182411452029
chrM	5332	5332	0.000317015824373233
chrM	5333	5333	0.000579313250473984
chrM	5334	5334	0.00685399159663866
chrM	5335	5335	0.00227272727272727
chrM	5336	5336	0.0250138966092273
chrM	5337	5337	0.00143787303309821
chrM	5338	5338	0.000542976597708639
chrM	5339	5339	0.0108103736453335
chrM	5340	5340	0.00243823146944083
chrM	5341	5341	0.00539675652221077
chrM	5342	5342	0.0014948089362396
chrM	5343	5343	0.000435090009245663
chrM	5344	5344	0.00238942137989085
chrM	5345	5345	0.0131332082551595
chrM	5346	5346	0.00543269494594743
chrM	5347	5347	0.0005500247511138
chrM	5348	5348	0.010641474604338
chrM	5349	5349	0.00575515908904053
chrM	5350	5350	0.0341096795507103
chrM	5351	5351	0.00262003759184371
chrM	5352	5352	0.00285379983447961
chrM	5353	5353	0.000343298526677156
chrM	5354	5354	0.0004571036768277
chrM	5355	5355	0.000771626989797377
chrM	5356	5356	0.00208642963301703
chrM	5357	5357	0.00131650496551329
chrM	5358	5358	0.00601981997330835
chrM	5359	5359	5.70841420253454e-05
chrM	5360	5360	0.000798266621051431
chrM	5361	5361	0.00219623502567028
chrM	5362	5362	0.0160041153439456
chrM	5363	5363	0.000753382979339921
chrM	5364	5364	0.0191806977955216
chrM	5365	5365	0.000265212907028142
chrM	5366	5366	5.89431493324688e-05
chrM	5367	5367	0.000530097773589351
chrM	5368	5368	0.00041226184516623
chrM	5369	5369	0.00150136889516912
chrM	5370	5370	0.000441488109253591
chrM	5371	5371	0.000353200883002208
chrM	5372	5372	0.0026345832967419
chrM	5373	5373	2.93504740101553e-05
chrM	5374	5374	0.000233767751738648
chrM	5375	5375	0.000233467577190218
chrM	5376	5376	0.000875094801936876
chrM	5377	5377	5.83498657953087e-05
chrM	5378	5378	0.00271503668187857
chrM	5379	5379	2.89134331810559e-05
chrM	5380	5380	0.000518851608439986
chrM	5381	5381	8.64952139314958e-05
chrM	5382	5382	0
chrM	5383	5383	0.0011454753722795
chrM	5384	5384	0.000715696659127995
chrM	5385	5385	0.000372162262746558
chrM	5386	5386	0.000543758227920554
chrM	5387	5387	0.000171688556957679
chrM	5388	5388	0.000114468864468864
chrM	5389	5389	0.000572409845449342
chrM	5390	5390	0.00449534717251253
chrM	5391	5391	2.84478834774693e-05
chrM	5392	5392	2.81167407074172e-05
chrM	5393	5393	0.000140540236669759
chrM	5394	5394	0.000505930631288999
chrM	5395	5395	0.00053412796581581
chrM	5396	5396	0.000253072013047268
chrM	5397	5397	0.000618690064400011
chrM	5398	5398	0.0102143335565975
chrM	5399	5399	0.000281952237291003
chrM	5400	5400	5.64047605617914e-05
chrM	5401	5401	0.00214048329859742
chrM	5402	5402	0.0176996138778501
chrM	5403	5403	2.86401649673502e-05
chrM	5404	5404	0
chrM	5405	5405	0.00857085907913096
chrM	5406	5406	0.014505217291595
chrM	5407	5407	0.00168604651162791
chrM	5408	5408	0.0194154974675438
chrM	5409	5409	0.00201523278902291
chrM	5410	5410	0.00112709476494142
chrM	5411	5411	0.00130625816411353
chrM	5412	5412	0.000385208012326656
chrM	5413	5413	0.00159990519080351
chrM	5414	5414	0.00243272910671374
chrM	5415	5415	0.000415713988775722
chrM	5416	5416	0.00460370055420344
chrM	5417	5417	0.00182176123174566
chrM	5418	5418	0.0138468322798765
chrM	5419	5419	0.00234755735171758
chrM	5420	5420	0.00300452165635412
chrM	5421	5421	0.00355054302422723
chrM	5422	5422	0.00321932778073129
chrM	5423	5423	0.00183584034111098
chrM	5424	5424	0.00705728857786739
chrM	5425	5425	0.0147453883350248
chrM	5426	5426	0.135354204959773
chrM	5427	5427	0.0191743973514501
chrM	5428	5428	0.0292549459800758
chrM	5429	5429	0.00191211487120283
chrM	5430	5430	0.00333979745744452
chrM	5431	5431	0.00165640416261568
chrM	5432	5432	0.00684158555508534
chrM	5433	5433	0.000531011045029737
chrM	5434	5434	0.00134161841547804
chrM	5435	5435	0.000353469301191192
chrM	5436	5436	0.000318144861960479
chrM	5437	5437	0.00129569967782603
chrM	5438	5438	0.00121675647488267
chrM	5439	5439	0.00271379862222532
chrM	5440	5440	0.0172509932390047
chrM	5441	5441	0.000495926319518243
chrM	5442	5442	0.0201968247436821
chrM	5443	5443	0.00313829416277286
chrM	5444	5444	0.000802988513772999
chrM	5445	5445	0.00212973954332798
chrM	5446	5446	0.00178415252754941
chrM	5447	5447	0.00223776223776224
chrM	5448	5448	0.00707852962820198
chrM	5449	5449	0.00479734734911284
chrM	5450	5450	0.000283486888731396
chrM	5451	5451	0.0011335860285522
chrM	5452	5452	0.00162924134022809
chrM	5453	5453	0.00645596112234401
chrM	5454	5454	0.00296206416616109
chrM	5455	5455	0.00522305298179086
chrM	5456	5456	0.00262429449617141
chrM	5457	5457	0.000683772987368194
chrM	5458	5458	0.00803053764989737
chrM	5459	5459	0.000362818373122415
chrM	5460	5460	0.00118564294183164
chrM	5461	5461	0.00837858247330001
chrM	5462	5462	0.0205953805431669
chrM	5463	5463	0.0152109548482605
chrM	5464	5464	0.000482804724058531
chrM	5465	5465	0.00945565114209433
chrM	5466	5466	0.00112237644505967
chrM	5467	5467	0.00350890290790996
chrM	5468	5468	0.00737082351180454
chrM	5469	5469	0.00290160907412292
chrM	5470	5470	0.0174510245440216
chrM	5471	5471	0.00076367940738478
chrM	5472	5472	0.00179286667938203
chrM	5473	5473	0.00034373448420731
chrM	5474	5474	0.002092687010121
chrM	5475	5475	0.00224488242903889
chrM	5476	5476	0.000609849062357067
chrM	5477	5477	0.000762485703393061
chrM	5478	5478	0.00110354275276837
chrM	5479	5479	0.00167529698446543
chrM	5480	5480	0.00236334527712129
chrM	5481	5481	0.00496505366077226
chrM	5482	5482	0.00586701434159061
chrM	5483	5483	0.045263754963131
chrM	5484	5484	0.00348501049463388
chrM	5485	5485	0.00466274153396294
chrM	5486	5486	0.0025386751289171
chrM	5487	5487	0.0193997217253031
chrM	5488	5488	0.000607927372943179
chrM	5489	5489	0.0280497592295345
chrM	5490	5490	0.0038572014772261
chrM	5491	5491	0.000493969456221957
chrM	5492	5492	0.00094724270005354
chrM	5493	5493	0.00123558484349259
chrM	5494	5494	0.00468807829913229
chrM	5495	5495	0.00681649177889779
chrM	5496	5496	0.000955625727106532
chrM	5497	5497	0.000373800722681397
chrM	5498	5498	0.000664010624169987
chrM	5499	5499	0.00239681507962301
chrM	5500	5500	0.011645836714819
chrM	5501	5501	0.000201743060038735
chrM	5502	5502	0.000200867748674273
chrM	5503	5503	0
chrM	5504	5504	0.00213567351376539
chrM	5505	5505	0.000311066179329652
chrM	5506	5506	0.000193963845139266
chrM	5507	5507	0.00119598765432099
chrM	5508	5508	0.000231749710312862
chrM	5509	5509	0.000917957544463569
chrM	5510	5510	0.00266372388599262
chrM	5511	5511	0.0012187690432663
chrM	5512	5512	0.00205831903945111
chrM	5513	5513	0.00141323860815095
chrM	5514	5514	0.0100513992004569
chrM	5515	5515	0.000691748971984167
chrM	5516	5516	3.79319500815537e-05
chrM	5517	5517	0.000720024253448537
chrM	5518	5518	0.000530785562632696
chrM	5519	5519	0.000265533722782793
chrM	5520	5520	0.00257419745608722
chrM	5521	5521	0.00120287185655753
chrM	5522	5522	0.000451161741484322
chrM	5523	5523	0
chrM	5524	5524	0.000451144779878943
chrM	5525	5525	0.000825051565722858
chrM	5526	5526	0.000150071283859833
chrM	5527	5527	0.00496490966104226
chrM	5528	5528	0.000150054394718085
chrM	5529	5529	0.000374770453097478
chrM	5530	5530	0.00212345862981038
chrM	5531	5531	0.000671666853240793
chrM	5532	5532	0.00324735918778694
chrM	5533	5533	0.000524089394676749
chrM	5534	5534	0.00011077468429215
chrM	5535	5535	7.37680731779286e-05
chrM	5536	5536	0.00106940039825946
chrM	5537	5537	0.00416958783808716
chrM	5538	5538	0.00859259259259259
chrM	5539	5539	0.000111852652772082
chrM	5540	5540	0.0383633605859939
chrM	5541	5541	0.00134553283100108
chrM	5542	5542	0.000423158299673014
chrM	5543	5543	0.00169295883031935
chrM	5544	5544	0.00250515767757147
chrM	5545	5545	0.00467771639042357
chrM	5546	5546	0.00794471953292439
chrM	5547	5547	0.0016706886950065
chrM	5548	5548	0.00319690717817182
chrM	5549	5549	0.000186101909405591
chrM	5550	5550	0.0142165984369185
chrM	5551	5551	0.00109240215466908
chrM	5552	5552	0.00015076702725114
chrM	5553	5553	0.000338983050847458
chrM	5554	5554	0.00168671989204993
chrM	5555	5555	0.00664439355831675
chrM	5556	5556	0.00060459492140266
chrM	5557	5557	0.00323868343752354
chrM	5558	5558	0.000301193479161176
chrM	5559	5559	0.00198568805964557
chrM	5560	5560	0.00138883675537705
chrM	5561	5561	0.00101188022336319
chrM	5562	5562	0.0231975156209077
chrM	5563	5563	0.000191109582234453
chrM	5564	5564	0.012615198670494
chrM	5565	5565	0.00523240270404461
chrM	5566	5566	0.00064803872984409
chrM	5567	5567	0.000798873968121124
chrM	5568	5568	0.00412675576420702
chrM	5569	5569	0.0372503694721285
chrM	5570	5570	0.00167412886898968
chrM	5571	5571	3.89893948845914e-05
chrM	5572	5572	0.00439363894397138
chrM	5573	5573	0.000663829122574095
chrM	5574	5574	0.00531291507148996
chrM	5575	5575	0.000308142670056236
chrM	5576	5576	0.000269562538508934
chrM	5577	5577	0.000307609489752759
chrM	5578	5578	0.00192263323848343
chrM	5579	5579	0.00111654410349209
chrM	5580	5580	0.000115540150202195
chrM	5581	5581	0.00134480903711673
chrM	5582	5582	0.000384659768434819
chrM	5583	5583	0.000537820291191272
chrM	5584	5584	3.84201629014907e-05
chrM	5585	5585	0.00769613661599724
chrM	5586	5586	0.00181299182224965
chrM	5587	5587	0.000501911123122659
chrM	5588	5588	0.000231311924129689
chrM	5589	5589	0.000115606936416185
chrM	5590	5590	0.000655131218929438
chrM	5591	5591	0.00605102906035612
chrM	5592	5592	0.0039922480620155
chrM	5593	5593	0.00393866391342587
chrM	5594	5594	0.00107464977931299
chrM	5595	5595	0.00334127045087948
chrM	5596	5596	0.000847620882296282
chrM	5597	5597	0.000308356460067838
chrM	5598	5598	0.00323849178811011
chrM	5599	5599	0.0085089924579385
chrM	5600	5600	0.00241583541147132
chrM	5601	5601	0.00557831090306222
chrM	5602	5602	0.00278453212016629
chrM	5603	5603	0.0688817490792258
chrM	5604	5604	0.00234800838574423
chrM	5605	5605	0.000795811518324607
chrM	5606	5606	0.00100275758335422
chrM	5607	5607	0.0142379958246347
chrM	5608	5608	0.00152355156798849
chrM	5609	5609	0.000551010893061501
chrM	5610	5610	0.0105927714927334
chrM	5611	5611	0.00303107923497268
chrM	5612	5612	0.00102713344175297
chrM	5613	5613	0.00478837109876015
chrM	5614	5614	0.00678694158075601
chrM	5615	5615	0.0100876255610173
chrM	5616	5616	0.000560006892392522
chrM	5617	5617	0.00283031004760067
chrM	5618	5618	0.00133264551629267
chrM	5619	5619	0.0016322322924273
chrM	5620	5620	0.000514999356250805
chrM	5621	5621	0.00257378174330817
chrM	5622	5622	0.000644800756566221
chrM	5623	5623	8.58922052823706e-05
chrM	5624	5624	4.29202970084553e-05
chrM	5625	5625	0.000772233901068257
chrM	5626	5626	0.000986066452304395
chrM	5627	5627	0.00124388779274256
chrM	5628	5628	0.000594530321046373
chrM	5629	5629	0.000339026147391618
chrM	5630	5630	0.00105869399508766
chrM	5631	5631	0.00216046767770906
chrM	5632	5632	0.00673072852728273
chrM	5633	5633	0.000468085106382979
chrM	5634	5634	0.00353221550770278
chrM	5635	5635	0.000896784387410855
chrM	5636	5636	0.00118228265000211
chrM	5637	5637	0.000295321267350124
chrM	5638	5638	0.0010124873439082
chrM	5639	5639	0.00878155872667398
chrM	5640	5640	0.00519613271434047
chrM	5641	5641	0.00650267379679144
chrM	5642	5642	0.0171263823744567
chrM	5643	5643	0.0014437590234939
chrM	5644	5644	0.00223165448737584
chrM	5645	5645	0.00140049892774301
chrM	5646	5646	0.000919278585186482
chrM	5647	5647	0.0503609713410632
chrM	5648	5648	0.00119765995669999
chrM	5649	5649	0.00377375857149432
chrM	5650	5650	0.00041558921315109
chrM	5651	5651	0.000737429137668802
chrM	5652	5652	0.00345590268178048
chrM	5653	5653	0.000228906285766607
chrM	5654	5654	0.00238040741588464
chrM	5655	5655	0.00917138163898522
chrM	5656	5656	0.00174200055010544
chrM	5657	5657	0.00151376146788991
chrM	5658	5658	0.000734248084071406
chrM	5659	5659	0.0160166821953059
chrM	5660	5660	0.000134952766531714
chrM	5661	5661	0.001798965594783
chrM	5662	5662	0.00409025530384754
chrM	5663	5663	0.00129998206921284
chrM	5664	5664	0.0030938929244014
chrM	5665	5665	0.000987743007228483
chrM	5666	5666	0.00574480499079934
chrM	5667	5667	0.00446892068794294
chrM	5668	5668	0.00344593062797552
chrM	5669	5669	0.0706583557031712
chrM	5670	5670	0.000146828504306969
chrM	5671	5671	0.000146799765120376
chrM	5672	5672	0.00014642717688403
chrM	5673	5673	0.000195188600985702
chrM	5674	5674	0.00185402029664325
chrM	5675	5675	0
chrM	5676	5676	0.00151337629369264
chrM	5677	5677	0.000244009565174955
chrM	5678	5678	0.000536768652710682
chrM	5679	5679	0.000487947692007417
chrM	5680	5680	0.00165667787360522
chrM	5681	5681	0.00736585365853658
chrM	5682	5682	0.00393081761006289
chrM	5683	5683	0.000394516224479732
chrM	5684	5684	0.000343676355066771
chrM	5685	5685	4.90869821323385e-05
chrM	5686	5686	0.000932515337423313
chrM	5687	5687	0.00372750012261514
chrM	5688	5688	0.0168174665617624
chrM	5689	5689	0.013613923103775
chrM	5690	5690	0.000959692898272553
chrM	5691	5691	0.00343625246348982
chrM	5692	5692	0.000810331729551785
chrM	5693	5693	5.06842372022301e-05
chrM	5694	5694	0.00238107300268504
chrM	5695	5695	0.00785685320356853
chrM	5696	5696	0.00142959256611866
chrM	5697	5697	0.000814207928349702
chrM	5698	5698	0.00178189593727726
chrM	5699	5699	0.00346585117227319
chrM	5700	5700	0.00107383923092657
chrM	5701	5701	0.0105936540429887
chrM	5702	5702	0.000258411287405034
chrM	5703	5703	0.000723551604734095
chrM	5704	5704	0.00103423311614438
chrM	5705	5705	0.00573940020682523
chrM	5706	5706	0.00544492843808339
chrM	5707	5707	0.0133798417326114
chrM	5708	5708	0.0266905791750185
chrM	5709	5709	0.00400845024646552
chrM	5710	5710	0.0158704277406381
chrM	5711	5711	0.0197495448778066
chrM	5712	5712	0.00876897133220911
chrM	5713	5713	0.00458897512888788
chrM	5714	5714	0.00267166894042747
chrM	5715	5715	0.00723440615209342
chrM	5716	5716	0.00481734243275793
chrM	5717	5717	0.00414603247725441
chrM	5718	5718	0.0117769310703152
chrM	5719	5719	0.0103357664233577
chrM	5720	5720	0.00683680084870631
chrM	5721	5721	0.0258007117437722
chrM	5722	5722	0.0230675593426659
chrM	5723	5723	0.00846982624400573
chrM	5724	5724	0.00332893662458388
chrM	5725	5725	0.00207690855308704
chrM	5726	5726	0.0137322834645669
chrM	5727	5727	0.00146880388275113
chrM	5728	5728	0.0137503197748785
chrM	5729	5729	0.00784389990924413
chrM	5730	5730	0.00274420124142437
chrM	5731	5731	0.00242384539796921
chrM	5732	5732	0.000654878847413229
chrM	5733	5733	0.000524177696239025
chrM	5734	5734	6.553509404286e-05
chrM	5735	5735	0.000393236335037357
chrM	5736	5736	0.00222833923187836
chrM	5737	5737	0.00873620599054125
chrM	5738	5738	0.00311443906964416
chrM	5739	5739	0.0117639239665027
chrM	5740	5740	0.00316008875142876
chrM	5741	5741	0.0200202224469161
chrM	5742	5742	0.0745601979109401
chrM	5743	5743	0.0118057618057618
chrM	5744	5744	0.00758827948910594
chrM	5745	5745	0.000302755071147442
chrM	5746	5746	0.00219397790891209
chrM	5747	5747	0.00189508793208005
chrM	5748	5748	0.00356952988531936
chrM	5749	5749	0.00160048776770063
chrM	5750	5750	0.00877862595419847
chrM	5751	5751	0.0108586830958799
chrM	5752	5752	0.00956602893140457
chrM	5753	5753	0.00102080879466038
chrM	5754	5754	0.000785916378497328
chrM	5755	5755	0.00440459336164858
chrM	5756	5756	0.00347496446059074
chrM	5757	5757	0.0221112696148359
chrM	5758	5758	0.00551098144095956
chrM	5759	5759	0.0070898867247983
chrM	5760	5760	0.0128857518056467
chrM	5761	5761	0.00099767209843698
chrM	5762	5762	0.0518475366178429
chrM	5763	5763	0.00131659791099798
chrM	5764	5764	0.000878811846383689
chrM	5765	5765	0.000175916967191486
chrM	5766	5766	0.00131937725393614
chrM	5767	5767	0.0026422406200458
chrM	5768	5768	0.00282585658777817
chrM	5769	5769	0.00903294367693943
chrM	5770	5770	0.0100089365504915
chrM	5771	5771	0.00333995306011915
chrM	5772	5772	0.00896657911421067
chrM	5773	5773	0.00219298245614035
chrM	5774	5774	0.000366300366300366
chrM	5775	5775	0.00137412971784536
chrM	5776	5776	0.0161453077699294
chrM	5777	5777	0.00214372262093392
chrM	5778	5778	0.00130767793760508
chrM	5779	5779	0.00916573138795361
chrM	5780	5780	0.0508778553898433
chrM	5781	5781	0.00805249030718759
chrM	5782	5782	0.00310683503708158
chrM	5783	5783	0.000703729767769177
chrM	5784	5784	0.000704225352112676
chrM	5785	5785	0.00100664384940608
chrM	5786	5786	0.00251914550584442
chrM	5787	5787	0.000807917592405575
chrM	5788	5788	0.0184941889843355
chrM	5789	5789	0.000205846027171676
chrM	5790	5790	0.00123507616303005
chrM	5791	5791	0.000927452596867271
chrM	5792	5792	0.00185662712738525
chrM	5793	5793	0.0126072129792291
chrM	5794	5794	0.0010465724751439
chrM	5795	5795	0.00429544264012572
chrM	5796	5796	0.000841750841750842
chrM	5797	5797	0.0232680564329333
chrM	5798	5798	0.00927023822356365
chrM	5799	5799	0.00271975630983464
chrM	5800	5800	0.00818152067197556
chrM	5801	5801	0.00516937967443907
chrM	5802	5802	0.000110558319513543
chrM	5803	5803	0.0061885291192397
chrM	5804	5804	0.0135585685707935
chrM	5805	5805	0.00270392068499324
chrM	5806	5806	0.00158156348847718
chrM	5807	5807	0.00147092102285585
chrM	5808	5808	0.00181303116147309
chrM	5809	5809	0.0610739016914519
chrM	5810	5810	0.00374803530407448
chrM	5811	5811	0.00012134449702706
chrM	5812	5812	0.000728155339805825
chrM	5813	5813	0.00327908671362643
chrM	5814	5814	0.0236383574996954
chrM	5815	5815	0.00449269936353426
chrM	5816	5816	0.0528888331871162
chrM	5817	5817	0.00277888050813815
chrM	5818	5818	0.0676751592356688
chrM	5819	5819	0.0306006262453743
chrM	5820	5820	0.162630265668575
chrM	5821	5821	0.00871383757406762
chrM	5822	5822	0.0059774964838256
chrM	5823	5823	0.00389105058365759
chrM	5824	5824	0.0124289772727273
chrM	5825	5825	0.00305370935872103
chrM	5826	5826	0.0118897495946676
chrM	5827	5827	0.00564971751412429
chrM	5828	5828	0.0069609818648104
chrM	5829	5829	0.00756178531907045
chrM	5830	5830	0.00223006876045345
chrM	5831	5831	0.148258521139877
chrM	5832	5832	0.00262295081967213
chrM	5833	5833	0.000657462195923734
chrM	5834	5834	0.00043859649122807
chrM	5835	5835	0.000438788942518649
chrM	5836	5836	0.0114110160193109
chrM	5837	5837	0.00443557329784875
chrM	5838	5838	0.000668300289596792
chrM	5839	5839	0.00156041016495765
chrM	5840	5840	0.000223264121455682
chrM	5841	5841	0.00178651183564091
chrM	5842	5842	0
chrM	5843	5843	0.0100648624468799
chrM	5844	5844	0.016260162601626
chrM	5845	5845	0.000229568411386593
chrM	5846	5846	0.00413033501606241
chrM	5847	5847	0
chrM	5848	5848	0.0027643400138217
chrM	5849	5849	0.0168630168630169
chrM	5850	5850	0.0573308270676692
chrM	5851	5851	0.0112163509471585
chrM	5852	5852	0.0592237903225806
chrM	5853	5853	0.00935828877005348
chrM	5854	5854	0.0094441446303292
chrM	5855	5855	0.000817216017433942
chrM	5856	5856	0.0111777535441658
chrM	5857	5857	0.017921146953405
chrM	5858	5858	0.00168397417906259
chrM	5859	5859	0.0064624894633324
chrM	5860	5860	0.0141322781232335
chrM	5861	5861	0.00630733944954128
chrM	5862	5862	0.00634737449509521
chrM	5863	5863	0.278228141285466
chrM	5864	5864	0.0160384923817161
chrM	5865	5865	0.00366598778004073
chrM	5866	5866	0.0427698574338086
chrM	5867	5867	0.041154009333899
chrM	5868	5868	0.0760773966578716
chrM	5869	5869	0.019020446980504
chrM	5870	5870	0.0741638390693165
chrM	5871	5871	0.00523012552301255
chrM	5872	5872	0.0619747899159664
chrM	5873	5873	0.00279955207166853
chrM	5874	5874	0.0151430173864274
chrM	5875	5875	0.0113442994895065
chrM	5876	5876	0.0126074498567335
chrM	5877	5877	0.156123041207197
chrM	5878	5878	0.0624571036376115
chrM	5879	5879	0.0196793002915452
chrM	5880	5880	0.00811808118081181
chrM	5881	5881	0.00813609467455621
chrM	5882	5882	0.107988165680473
chrM	5883	5883	0.0057660626029654
chrM	5884	5884	0.000819672131147541
chrM	5885	5885	0.004
chrM	5886	5886	0.0529225908372828
chrM	5887	5887	0
chrM	5888	5888	0.0016220600162206
chrM	5889	5889	0.000809061488673139
chrM	5890	5890	0
chrM	5891	5891	0.00139178844815588
chrM	5892	5892	0.000606796116504854
chrM	5893	5893	0
chrM	5894	5894	0
chrM	5895	5895	0.00108225108225108
chrM	5896	5896	0.000447227191413238
chrM	5897	5897	0.000782472613458529
chrM	5898	5898	0.00352216025829175
chrM	5899	5899	0
chrM	5900	5900	0
chrM	5901	5901	0.000361663652802893
chrM	5902	5902	0.000336587007741501
chrM	5903	5903	0
chrM	5904	5904	0
chrM	5905	5905	0
chrM	5906	5906	0
chrM	5907	5907	0.000109541023113156
chrM	5908	5908	0
chrM	5909	5909	0
chrM	5910	5910	0
chrM	5911	5911	0
chrM	5912	5912	8.61178091629349e-05
chrM	5913	5913	8.54554776961203e-05
chrM	5914	5914	0
chrM	5915	5915	0
chrM	5916	5916	0
chrM	5917	5917	0.00022445429549408
chrM	5918	5918	0
chrM	5919	5919	0
chrM	5920	5920	0
chrM	5921	5921	0
chrM	5922	5922	0
chrM	5923	5923	0
chrM	5924	5924	0.000365533512777058
chrM	5925	5925	0
chrM	5926	5926	0.000130492937069781
chrM	5927	5927	3.17621649091602e-05
chrM	5928	5928	0
chrM	5929	5929	0
chrM	5930	5930	0
chrM	5931	5931	0.000188123157960745
chrM	5932	5932	9.38673341677096e-05
chrM	5933	5933	0
chrM	5934	5934	0
chrM	5935	5935	3.08899391468199e-05
chrM	5936	5936	0
chrM	5937	5937	0
chrM	5938	5938	0
chrM	5939	5939	0
chrM	5940	5940	0
chrM	5941	5941	3.00932891965092e-05
chrM	5942	5942	0
chrM	5943	5943	2.94985250737463e-05
chrM	5944	5944	0
chrM	5945	5945	2.92740046838407e-05
chrM	5946	5946	2.91579192908794e-05
chrM	5947	5947	0
chrM	5948	5948	0
chrM	5949	5949	0
chrM	5950	5950	2.91222552274448e-05
chrM	5951	5951	0
chrM	5952	5952	0
chrM	5953	5953	0
chrM	5954	5954	2.89142691918462e-05
chrM	5955	5955	2.89034048210879e-05
chrM	5956	5956	2.88892098801098e-05
chrM	5957	5957	5.77500577500577e-05
chrM	5958	5958	2.8825089357777e-05
chrM	5959	5959	2.87662169548083e-05
chrM	5960	5960	2.86861732644865e-05
chrM	5961	5961	0.000143131136747488
chrM	5962	5962	0.00011424980720345
chrM	5963	5963	0.000199623566987966
chrM	5964	5964	0.000199492718515774
chrM	5965	5965	0
chrM	5966	5966	0
chrM	5967	5967	5.41345242928678e-05
chrM	5968	5968	0
chrM	5969	5969	5.37518813158461e-05
chrM	5970	5970	0.000214534727809064
chrM	5971	5971	2.67995926461918e-05
chrM	5972	5972	7.9914757591902e-05
chrM	5973	5973	0
chrM	5974	5974	0
chrM	5975	5975	0
chrM	5976	5976	0
chrM	5977	5977	2.65266061860046e-05
chrM	5978	5978	0
chrM	5979	5979	2.64529270163744e-05
chrM	5980	5980	0
chrM	5981	5981	0
chrM	5982	5982	0
chrM	5983	5983	0
chrM	5984	5984	0
chrM	5985	5985	0
chrM	5986	5986	0
chrM	5987	5987	0
chrM	5988	5988	5.2080620801e-05
chrM	5989	5989	0
chrM	5990	5990	2.58564964447317e-05
chrM	5991	5991	2.58491443933206e-05
chrM	5992	5992	0
chrM	5993	5993	0
chrM	5994	5994	0
chrM	5995	5995	0
chrM	5996	5996	0.000103055598495388
chrM	5997	5997	0.000103052943449697
chrM	5998	5998	0
chrM	5999	5999	0.000180226570545829
chrM	6000	6000	2.5720826152936e-05
chrM	6001	6001	2.5666692333359e-05
chrM	6002	6002	0.000102443272038109
chrM	6003	6003	0
chrM	6004	6004	0.000102430155437761
chrM	6005	6005	0.000102372482276764
chrM	6006	6006	0.000460499386000819
chrM	6007	6007	0.000408935234882176
chrM	6008	6008	0
chrM	6009	6009	0.000204478069727022
chrM	6010	6010	7.63941940412529e-05
chrM	6011	6011	0.000203319185706661
chrM	6012	6012	0.000228745711017918
chrM	6013	6013	0.00076244694639998
chrM	6014	6014	0.000178030977390066
chrM	6015	6015	2.54355843825512e-05
chrM	6016	6016	0.000101744925471842
chrM	6017	6017	0.000610438498321294
chrM	6018	6018	0
chrM	6019	6019	0
chrM	6020	6020	2.5360113613309e-05
chrM	6021	6021	7.60687661646128e-05
chrM	6022	6022	0.000405648657556474
chrM	6023	6023	0.000202772919676577
chrM	6024	6024	7.58648593971273e-05
chrM	6025	6025	0
chrM	6026	6026	0
chrM	6027	6027	2.52786976414975e-05
chrM	6028	6028	0.000303083878463365
chrM	6029	6029	2.52589037635767e-05
chrM	6030	6030	0.000224254354272045
chrM	6031	6031	4.98268516903759e-05
chrM	6032	6032	7.47365536483894e-05
chrM	6033	6033	7.47142181157074e-05
chrM	6034	6034	0.000124072557631703
chrM	6035	6035	0.000812607732085693
chrM	6036	6036	0.000516783147947633
chrM	6037	6037	0
chrM	6038	6038	0.000861602087538772
chrM	6039	6039	0.00123152709359606
chrM	6040	6040	0.00300699990140984
chrM	6041	6041	0.00395481622463356
chrM	6042	6042	0.000421626984126984
chrM	6043	6043	4.95957942766453e-05
chrM	6044	6044	0.0014626406862016
chrM	6045	6045	0.00915155874110265
chrM	6046	6046	0.0283106164811804
chrM	6047	6047	0.00246571120357528
chrM	6048	6048	0.000514734268433921
chrM	6049	6049	0.000231594657883225
chrM	6050	6050	0.000231636382354455
chrM	6051	6051	0.0100758257293407
chrM	6052	6052	7.78856638454748e-05
chrM	6053	6053	0.000675009086660782
chrM	6054	6054	0.00275103163686382
chrM	6055	6055	0.00028587764436821
chrM	6056	6056	0.00690958024946949
chrM	6057	6057	0.0015015015015015
chrM	6058	6058	0.00207553938400041
chrM	6059	6059	0.00107255037156209
chrM	6060	6060	5.10699147132424e-05
chrM	6061	6061	0.00733776656730108
chrM	6062	6062	5.13202124656796e-05
chrM	6063	6063	0.000381727955210587
chrM	6064	6064	0.00157276578473402
chrM	6065	6065	2.54026317126454e-05
chrM	6066	6066	0.000905000125694462
chrM	6067	6067	0.000828916631081862
chrM	6068	6068	0.00562106525432197
chrM	6069	6069	0.000627904056260203
chrM	6070	6070	0.00333084762614964
chrM	6071	6071	0.00431066703211821
chrM	6072	6072	0.00105089325927038
chrM	6073	6073	0.00896591449823437
chrM	6074	6074	0.00101066248926171
chrM	6075	6075	0.000328756037731078
chrM	6076	6076	0.00364261863806536
chrM	6077	6077	0.000228206298493838
chrM	6078	6078	0.00103958011105758
chrM	6079	6079	0.000152291994517488
chrM	6080	6080	0.00258902962154479
chrM	6081	6081	0.00239130987814495
chrM	6082	6082	0.00219175289260411
chrM	6083	6083	0.00306380371230883
chrM	6084	6084	0.000998591729612085
chrM	6085	6085	0.00326547272820042
chrM	6086	6086	0.00734956361966008
chrM	6087	6087	0.0131866437035704
chrM	6088	6088	0.0483535888646515
chrM	6089	6089	0.00335561314963852
chrM	6090	6090	0.000218896215831669
chrM	6091	6091	0.0241316170643054
chrM	6092	6092	0.00310541629364369
chrM	6093	6093	0.00490594600655995
chrM	6094	6094	0.00389169495735696
chrM	6095	6095	0.0025175676423394
chrM	6096	6096	0.0108374927612167
chrM	6097	6097	0.0021184668989547
chrM	6098	6098	0.00438351574715211
chrM	6099	6099	0.000251748251748252
chrM	6100	6100	0.000139047248254957
chrM	6101	6101	0.000834144306965105
chrM	6102	6102	0.00102720710716269
chrM	6103	6103	0.00183272242585805
chrM	6104	6104	0.00061197808005786
chrM	6105	6105	0.0090125173852573
chrM	6106	6106	0.0130945719082261
chrM	6107	6107	5.6668461167937e-05
chrM	6108	6108	0.00110231769361221
chrM	6109	6109	0.00130138342716496
chrM	6110	6110	0.0211074328721388
chrM	6111	6111	0.00045853155270247
chrM	6112	6112	0.000315095961042681
chrM	6113	6113	0.000992485467177088
chrM	6114	6114	5.67504681913626e-05
chrM	6115	6115	0.000680638665948215
chrM	6116	6116	0.00826794904243651
chrM	6117	6117	0.000226269940038466
chrM	6118	6118	0.00104599553331637
chrM	6119	6119	0.00254546483016093
chrM	6120	6120	0.000283502962605959
chrM	6121	6121	0.00581098701740462
chrM	6122	6122	0.00687079484547839
chrM	6123	6123	0.0114659175600527
chrM	6124	6124	0.000202980919793539
chrM	6125	6125	0.000521240552514986
chrM	6126	6126	0.00217051571453377
chrM	6127	6127	0.0106756445672192
chrM	6128	6128	0.0161533553738182
chrM	6129	6129	0.00267970199358049
chrM	6130	6130	0.00256765929817312
chrM	6131	6131	0.0079519924323046
chrM	6132	6132	0.00134032286888664
chrM	6133	6133	0.01086072714601
chrM	6134	6134	0.00366439962476548
chrM	6135	6135	0.00440554511278196
chrM	6136	6136	0.00117959304040106
chrM	6137	6137	0.00751038199864519
chrM	6138	6138	0.0058206191022136
chrM	6139	6139	0.000738508803024932
chrM	6140	6140	0.00138741291769985
chrM	6141	6141	0.0103708080957305
chrM	6142	6142	0.00421865715983363
chrM	6143	6143	0.00492184703496003
chrM	6144	6144	0.0134533169900445
chrM	6145	6145	0.000272471314825467
chrM	6146	6146	0.000242211389990614
chrM	6147	6147	0.00197220977140296
chrM	6148	6148	0.00158630391188531
chrM	6149	6149	0.00169668105372823
chrM	6150	6150	0.00476914364064503
chrM	6151	6151	0.00341286710774481
chrM	6152	6152	0.000660859116851907
chrM	6153	6153	0.000510955486760242
chrM	6154	6154	0.00279396743375593
chrM	6155	6155	0.000180744668032293
chrM	6156	6156	0.000782826001866739
chrM	6157	6157	0.00517298089286248
chrM	6158	6158	0.00219410297255868
chrM	6159	6159	0.000662650602409639
chrM	6160	6160	6.02809090361083e-05
chrM	6161	6161	6.01250601250601e-05
chrM	6162	6162	0
chrM	6163	6163	0
chrM	6164	6164	0.000120094874951211
chrM	6165	6165	0.00296340198547933
chrM	6166	6166	0.00208036138849263
chrM	6167	6167	0.00256097197820196
chrM	6168	6168	0.00507462686567164
chrM	6169	6169	0.001260012600126
chrM	6170	6170	0.0580066584685522
chrM	6171	6171	0.00716400802368899
chrM	6172	6172	0.00760053877236867
chrM	6173	6173	0.00668928744546777
chrM	6174	6174	0.0111262931875854
chrM	6175	6175	0.000131557309653018
chrM	6176	6176	9.86712274700697e-05
chrM	6177	6177	9.86517592897073e-05
chrM	6178	6178	0.000295945546019532
chrM	6179	6179	0.00259305455261603
chrM	6180	6180	0.000756529175712124
chrM	6181	6181	0.000920295809367297
chrM	6182	6182	0.0055459498254657
chrM	6183	6183	0.00101692691247868
chrM	6184	6184	0.000262699898203789
chrM	6185	6185	0.000328374872754737
chrM	6186	6186	0.0011479173499508
chrM	6187	6187	3.28127050794067e-05
chrM	6188	6188	0
chrM	6189	6189	0.00408977882476116
chrM	6190	6190	0.00177339901477833
chrM	6191	6191	0.000427209990141308
chrM	6192	6192	0.000360620266858997
chrM	6193	6193	0.000261917234154007
chrM	6194	6194	0.000457830537296838
chrM	6195	6195	0.000457920387269813
chrM	6196	6196	0.000229035107810097
chrM	6197	6197	0.00644528054964829
chrM	6198	6198	0.000248115870111342
chrM	6199	6199	0.00012388503468781
chrM	6200	6200	0.000216745107753282
chrM	6201	6201	0.00154259093573566
chrM	6202	6202	0.0011735276859887
chrM	6203	6203	0.00169685002930923
chrM	6204	6204	0.0110297525257206
chrM	6205	6205	0.00137268359643102
chrM	6206	6206	0.00145946267945434
chrM	6207	6207	0.00294862248696947
chrM	6208	6208	0.00731758310683671
chrM	6209	6209	0.0578770413064361
chrM	6210	6210	0.000761687137008474
chrM	6211	6211	0.000475873227372228
chrM	6212	6212	0.000755572346052134
chrM	6213	6213	0.000314406086901842
chrM	6214	6214	0.00669011872605063
chrM	6215	6215	0.00113629190076384
chrM	6216	6216	0.032648430606328
chrM	6217	6217	0.00363188274207147
chrM	6218	6218	9.75736681194302e-05
chrM	6219	6219	0.00246417223266974
chrM	6220	6220	0.00375671999481832
chrM	6221	6221	0.0344347713518237
chrM	6222	6222	0.00708088161962701
chrM	6223	6223	0.0155212123235088
chrM	6224	6224	0.00951671351644258
chrM	6225	6225	0.00252413275573899
chrM	6226	6226	0.00255658576493046
chrM	6227	6227	0.00105874316939891
chrM	6228	6228	0.000170102742056202
chrM	6229	6229	0.000169497271093935
chrM	6230	6230	0.000710972678335647
chrM	6231	6231	0.00152402885494632
chrM	6232	6232	0.00118423278633057
chrM	6233	6233	0.000577496871891944
chrM	6234	6234	0.000685550465862703
chrM	6235	6235	0.00104960115156241
chrM	6236	6236	0.00156098135658116
chrM	6237	6237	0.000322855214111708
chrM	6238	6238	0.000205477441512314
chrM	6239	6239	0.00340610866045005
chrM	6240	6240	0.000278442947040151
chrM	6241	6241	0.000527426160337553
chrM	6242	6242	5.55216256731997e-05
chrM	6243	6243	0.0034373710985838
chrM	6244	6244	0.00175746924428822
chrM	6245	6245	0.000935144947466857
chrM	6246	6246	0.00060456169277274
chrM	6247	6247	0.00042641650231864
chrM	6248	6248	0.000318869077671193
chrM	6249	6249	0.00196448007645544
chrM	6250	6250	0.0193584364544054
chrM	6251	6251	0.000589796520200531
chrM	6252	6252	0.000106646759271603
chrM	6253	6253	0.000372637742879957
chrM	6254	6254	0.00087812666311868
chrM	6255	6255	0.000692170486915316
chrM	6256	6256	0.000479373618471863
chrM	6257	6257	0.000452512776831346
chrM	6258	6258	0.00987384893809549
chrM	6259	6259	0.000429841764500443
chrM	6260	6260	0.000402803512446629
chrM	6261	6261	0.000510217782432396
chrM	6262	6262	0.00282038196029977
chrM	6263	6263	0.0052949872328988
chrM	6264	6264	0.0238018741633199
chrM	6265	6265	0.0180734421567823
chrM	6266	6266	0.00272381111203758
chrM	6267	6267	0.00217354957364989
chrM	6268	6268	0.00329360538141625
chrM	6269	6269	0.0109444102334434
chrM	6270	6270	0.00324656992829315
chrM	6271	6271	0.00208939209983906
chrM	6272	6272	0.00839338702840186
chrM	6273	6273	0.00890824225865209
chrM	6274	6274	0.00576906518182601
chrM	6275	6275	0.00228027132342329
chrM	6276	6276	0.000679443988336212
chrM	6277	6277	0.000650103168546313
chrM	6278	6278	0.00098833761612967
chrM	6279	6279	0.0042999269293463
chrM	6280	6280	0.00301578354002255
chrM	6281	6281	0.00358878715948909
chrM	6282	6282	0.0155493244965588
chrM	6283	6283	0
chrM	6284	6284	0.00182004322602662
chrM	6285	6285	0.000681837552203188
chrM	6286	6286	0.00298016064485
chrM	6287	6287	0.0162691652470187
chrM	6288	6288	0.00118121578795736
chrM	6289	6289	0.000945748430917376
chrM	6290	6290	0.000487329434697856
chrM	6291	6291	0.000487553057244465
chrM	6292	6292	0.00101723650748799
chrM	6293	6293	0.000929106368601836
chrM	6294	6294	0.00245412460259914
chrM	6295	6295	0.00474860335195531
chrM	6296	6296	0.00622895622895623
chrM	6297	6297	0.00208897922312556
chrM	6298	6298	0.00305447140675378
chrM	6299	6299	0.000283221932706469
chrM	6300	6300	0.000705915572497529
chrM	6301	6301	0.000423800644176979
chrM	6302	6302	0.00121321558558813
chrM	6303	6303	0.00310690580426493
chrM	6304	6304	0.00540877297312604
chrM	6305	6305	0.00784625881282693
chrM	6306	6306	0.000200377855384439
chrM	6307	6307	0.000340647798563602
chrM	6308	6308	2.83921524090741e-05
chrM	6309	6309	0.00104899070083919
chrM	6310	6310	0.000567231061572932
chrM	6311	6311	0.00515914408953793
chrM	6312	6312	0.000948052310180409
chrM	6313	6313	0.00152244920555832
chrM	6314	6314	0.000194029437037448
chrM	6315	6315	0.00442943358618017
chrM	6316	6316	0.000499472778733559
chrM	6317	6317	0.00688413471722093
chrM	6318	6318	0.000559164980296091
chrM	6319	6319	0.000878524079546362
chrM	6320	6320	0.0059485872105375
chrM	6321	6321	0.00181376863780641
chrM	6322	6322	0.0108753598464655
chrM	6323	6323	0.0048333825622298
chrM	6324	6324	0.00183461486577634
chrM	6325	6325	0.000456964679318316
chrM	6326	6326	0.000510766418452109
chrM	6327	6327	0.010855614973262
chrM	6328	6328	0.00343099150293511
chrM	6329	6329	0.000134264232008593
chrM	6330	6330	0.00164086277623396
chrM	6331	6331	0.00134767328171657
chrM	6332	6332	0.00179159531023581
chrM	6333	6333	0.00906240944176612
chrM	6334	6334	0.000132086437364611
chrM	6335	6335	0.00108250825082508
chrM	6336	6336	0.000896175439521337
chrM	6337	6337	0.00089671906319232
chrM	6338	6338	0.00555526712008722
chrM	6339	6339	0.000278431670336902
chrM	6340	6340	0.0113294565871265
chrM	6341	6341	0.00143259274153011
chrM	6342	6342	0.00118221149008955
chrM	6343	6343	0.00188669752465285
chrM	6344	6344	0.000554463430616463
chrM	6345	6345	0.0203857574169723
chrM	6346	6346	0.00111341667088415
chrM	6347	6347	0.00068350969571161
chrM	6348	6348	0.00195025581277544
chrM	6349	6349	0.00592555077234743
chrM	6350	6350	0.0008911067545892
chrM	6351	6351	0.000455950149450327
chrM	6352	6352	0.000151768098345728
chrM	6353	6353	0.000101022856421265
chrM	6354	6354	0.00156344563243898
chrM	6355	6355	0.000454419226982404
chrM	6356	6356	0.0131050411729263
chrM	6357	6357	0.000559028307160644
chrM	6358	6358	0.00043211916321395
chrM	6359	6359	0.000431559707554833
chrM	6360	6360	0.00066006600660066
chrM	6361	6361	0.00233698275205121
chrM	6362	6362	0.0016256032512065
chrM	6363	6363	0.00149348183774206
chrM	6364	6364	0.000126492612831411
chrM	6365	6365	0.000126447827626321
chrM	6366	6366	0.00631217492299147
chrM	6367	6367	0.00220890671812319
chrM	6368	6368	0.00434694188825055
chrM	6369	6369	0.00124236200907685
chrM	6370	6370	0.00695634640588769
chrM	6371	6371	0.000304259634888438
chrM	6372	6372	0.00159728208508696
chrM	6373	6373	0.00326789107029766
chrM	6374	6374	0.00143029208069858
chrM	6375	6375	0.000251073338522182
chrM	6376	6376	0.00136676523943242
chrM	6377	6377	0.00047142892588641
chrM	6378	6378	0.00359533845772378
chrM	6379	6379	0
chrM	6380	6380	0.00320260149783209
chrM	6381	6381	0.00105934813135917
chrM	6382	6382	0.000242977937603266
chrM	6383	6383	0.000315902021772939
chrM	6384	6384	0.00230772967983287
chrM	6385	6385	0.00184977851336222
chrM	6386	6386	0.000219394471259324
chrM	6387	6387	0.000240969661919564
chrM	6388	6388	2.40818783865141e-05
chrM	6389	6389	4.80838582487859e-05
chrM	6390	6390	0
chrM	6391	6391	0.000743744152011708
chrM	6392	6392	0.000334049152946791
chrM	6393	6393	0.000119163945756572
chrM	6394	6394	9.52358277183877e-05
chrM	6395	6395	0.000142755174875089
chrM	6396	6396	0.00014237577713445
chrM	6397	6397	0.000284245683018689
chrM	6398	6398	0.00139787239083564
chrM	6399	6399	0.00126419290647314
chrM	6400	6400	7.02757150554007e-05
chrM	6401	6401	2.34082397003745e-05
chrM	6402	6402	0.00151886902675546
chrM	6403	6403	0.00240986406494935
chrM	6404	6404	0.0152564910070684
chrM	6405	6405	0.00440466041489059
chrM	6406	6406	0.0125463358996293
chrM	6407	6407	0.00168378514901499
chrM	6408	6408	0.000313147371970901
chrM	6409	6409	0.0020476500204765
chrM	6410	6410	0.0027999710347824
chrM	6411	6411	0.000314610004598146
chrM	6412	6412	0.00544385570153154
chrM	6413	6413	0.00094846664558963
chrM	6414	6414	0.00236118887076751
chrM	6415	6415	0.000243979798472686
chrM	6416	6416	0.000488031038774066
chrM	6417	6417	0.00322179102291865
chrM	6418	6418	0.000367044314483569
chrM	6419	6419	0.00252104953984727
chrM	6420	6420	0.000759766678104014
chrM	6421	6421	0.00460400646520057
chrM	6422	6422	0.0019122333905369
chrM	6423	6423	0.000269733454304701
chrM	6424	6424	0.00674217907227616
chrM	6425	6425	0.00064094662886725
chrM	6426	6426	0.00863930885529158
chrM	6427	6427	0.00266199817737062
chrM	6428	6428	0.00196996996996997
chrM	6429	6429	0.00903773313515846
chrM	6430	6430	0.00705160713854476
chrM	6431	6431	0.00265026259482591
chrM	6432	6432	0.00719006463795483
chrM	6433	6433	0.0208970925784239
chrM	6434	6434	0.00133852518861037
chrM	6435	6435	0.00154809994920297
chrM	6436	6436	0.00118572292800968
chrM	6437	6437	0.0082456507095905
chrM	6438	6438	0.00540049814939826
chrM	6439	6439	0.0012712354096845
chrM	6440	6440	0.00247393123858408
chrM	6441	6441	0.00588616981831665
chrM	6442	6442	0.00158508158508159
chrM	6443	6443	0.0203201826952206
chrM	6444	6444	0.00133079847908745
chrM	6445	6445	0.000975308054617251
chrM	6446	6446	0.0004523271039162
chrM	6447	6447	0.000450087648647368
chrM	6448	6448	0.0138368002981667
chrM	6449	6449	0.00251681798936821
chrM	6450	6450	0.0171906275756505
chrM	6451	6451	0.00502789283405559
chrM	6452	6452	0.00107763781790316
chrM	6453	6453	0.00710271433696042
chrM	6454	6454	0.000409313076348927
chrM	6455	6455	0.00184967210358164
chrM	6456	6456	0.000721483369808326
chrM	6457	6457	9.59508731529457e-05
chrM	6458	6458	0.0076902805395175
chrM	6459	6459	0.000552446376672351
chrM	6460	6460	0.00114763897190675
chrM	6461	6461	9.56960692839542e-05
chrM	6462	6462	0.00174620260734362
chrM	6463	6463	0.0158756764522772
chrM	6464	6464	4.78869867113612e-05
chrM	6465	6465	4.77737435505446e-05
chrM	6466	6466	2.3872045834328e-05
chrM	6467	6467	0.000236535231922795
chrM	6468	6468	0.000354341869035245
chrM	6469	6469	0.000448917871656743
chrM	6470	6470	0.0043097390734061
chrM	6471	6471	0.000727631208337245
chrM	6472	6472	0.000117346100589077
chrM	6473	6473	0.000492842055855433
chrM	6474	6474	0.00663089575669533
chrM	6475	6475	0.00744159758854559
chrM	6476	6476	0.00348754448398577
chrM	6477	6477	0.00521230007616146
chrM	6478	6478	0.00207751271581059
chrM	6479	6479	0.000262529832935561
chrM	6480	6480	0.0130659736296226
chrM	6481	6481	0.00234158117079059
chrM	6482	6482	0.0020295737895042
chrM	6483	6483	0.0047592588118764
chrM	6484	6484	0.000679166565600213
chrM	6485	6485	0.00437072991189529
chrM	6486	6486	0.000552231937413714
chrM	6487	6487	0.000252989880404784
chrM	6488	6488	0.0048664013644116
chrM	6489	6489	0.000387915297553852
chrM	6490	6490	0.000570515746234596
chrM	6491	6491	0.00260101759109266
chrM	6492	6492	0.00288138306387066
chrM	6493	6493	0.00624745348363439
chrM	6494	6494	0.0122716116716662
chrM	6495	6495	0.0194960872121952
chrM	6496	6496	0.00119636489129184
chrM	6497	6497	0.00135900861473257
chrM	6498	6498	0.000161364684186261
chrM	6499	6499	0.00319166035223072
chrM	6500	6500	0.000391407455160822
chrM	6501	6501	0.000575532943505686
chrM	6502	6502	0.000690655432004973
chrM	6503	6503	0.00172703617565109
chrM	6504	6504	0.0062482707737711
chrM	6505	6505	0.00914732990597934
chrM	6506	6506	0.00126118130649041
chrM	6507	6507	0.00121597605462539
chrM	6508	6508	0.000233748626726818
chrM	6509	6509	0.0057508883486067
chrM	6510	6510	0.00488951574988246
chrM	6511	6511	0.00444683689470358
chrM	6512	6512	0.00162006057617807
chrM	6513	6513	0.00184977053479442
chrM	6514	6514	0.0174685800037516
chrM	6515	6515	0.0114476508466492
chrM	6516	6516	0.00884635780745312
chrM	6517	6517	0.000778153344843518
chrM	6518	6518	0.000364334118675767
chrM	6519	6519	0.000337658578939752
chrM	6520	6520	4.82299604514324e-05
chrM	6521	6521	0.000313253012048193
chrM	6522	6522	0.0036563071297989
chrM	6523	6523	2.35216634520393e-05
chrM	6524	6524	0.000234818954586014
chrM	6525	6525	0.00065652184107482
chrM	6526	6526	0.00269706137573583
chrM	6527	6527	2.34670171074555e-05
chrM	6528	6528	0.00109710550887021
chrM	6529	6529	0.00121279970146469
chrM	6530	6530	0.000186680356559481
chrM	6531	6531	0.00025654181631606
chrM	6532	6532	0.00176477417856728
chrM	6533	6533	6.95829660899012e-05
chrM	6534	6534	0.000787675199814665
chrM	6535	6535	0.00166770898478216
chrM	6536	6536	0.00598041932206521
chrM	6537	6537	0.00448980536462311
chrM	6538	6538	0.00278914094458907
chrM	6539	6539	0.00999440872239307
chrM	6540	6540	0.000541010984875215
chrM	6541	6541	0.00150439565605754
chrM	6542	6542	0.00164698131852619
chrM	6543	6543	0.00174388462082292
chrM	6544	6544	0.00526488976637052
chrM	6545	6545	0.00044811320754717
chrM	6546	6546	0.00162169784713735
chrM	6547	6547	0.0117550252733043
chrM	6548	6548	0.00142694063926941
chrM	6549	6549	0.000928460897512201
chrM	6550	6550	0.0025184129246852
chrM	6551	6551	0.0032088612108103
chrM	6552	6552	0.00385224399120838
chrM	6553	6553	0.000213361149305391
chrM	6554	6554	0.000260830389111517
chrM	6555	6555	0.0403569399734899
chrM	6556	6556	0.00324467823607492
chrM	6557	6557	0.0207564802518322
chrM	6558	6558	0.000953145379753185
chrM	6559	6559	0.000770607537038878
chrM	6560	6560	0.00814849462100884
chrM	6561	6561	0.00151394817829842
chrM	6562	6562	0.000372448726225356
chrM	6563	6563	0.000297722423460527
chrM	6564	6564	0.000744121440619109
chrM	6565	6565	0
chrM	6566	6566	0.00882845879659136
chrM	6567	6567	0.0040677482277939
chrM	6568	6568	0.00195289242420634
chrM	6569	6569	0.000381133873272987
chrM	6570	6570	0.0024538415723645
chrM	6571	6571	0.00198156902067517
chrM	6572	6572	0.0209497873966843
chrM	6573	6573	0.00172808255853575
chrM	6574	6574	0.00350475819602307
chrM	6575	6575	0.00148900334415505
chrM	6576	6576	0.0114352734203196
chrM	6577	6577	0.00130970914572368
chrM	6578	6578	2.47414518283933e-05
chrM	6579	6579	0.000989388805065671
chrM	6580	6580	9.88410882403815e-05
chrM	6581	6581	0.000639763779527559
chrM	6582	6582	0.00233260490583642
chrM	6583	6583	0.00139952857984679
chrM	6584	6584	0.00712513206063733
chrM	6585	6585	0.000121862052156958
chrM	6586	6586	0.0031347200622084
chrM	6587	6587	0.000827996006136912
chrM	6588	6588	0.00160560502116479
chrM	6589	6589	0.0144557202307075
chrM	6590	6590	0.00449404908884389
chrM	6591	6591	0.0416542990006926
chrM	6592	6592	0.00175388821541874
chrM	6593	6593	0.00390397241868837
chrM	6594	6594	0.00399277739630223
chrM	6595	6595	0.0132565135369398
chrM	6596	6596	0.033500837520938
chrM	6597	6597	0.00933084510797121
chrM	6598	6598	0.00302648846988242
chrM	6599	6599	0.00327631119585359
chrM	6600	6600	0.00143453646540462
chrM	6601	6601	0.0030242452201548
chrM	6602	6602	0.0234433174990371
chrM	6603	6603	0.00496232310237089
chrM	6604	6604	0.00261055296258207
chrM	6605	6605	0.00174101136933182
chrM	6606	6606	0.0012094441815218
chrM	6607	6607	0.000183727034120735
chrM	6608	6608	0.00184257649287624
chrM	6609	6609	0.000259605399792316
chrM	6610	6610	0.0171234651054349
chrM	6611	6611	0.00320907783939207
chrM	6612	6612	0.00036036036036036
chrM	6613	6613	0.000617315705540408
chrM	6614	6614	0.00162045372704357
chrM	6615	6615	0.00558917034150344
chrM	6616	6616	0.0197856977670427
chrM	6617	6617	0.00141442715700141
chrM	6618	6618	0.000865051903114187
chrM	6619	6619	0.00277457857815936
chrM	6620	6620	0.000104948312955869
chrM	6621	6621	0.00159556380947399
chrM	6622	6622	0.00502578331544643
chrM	6623	6623	0.000762937044539739
chrM	6624	6624	0.00294806664736385
chrM	6625	6625	0.00245253164556962
chrM	6626	6626	0.00301053687907677
chrM	6627	6627	0.00307773247402341
chrM	6628	6628	0.00226799229937498
chrM	6629	6629	0.00946720664808289
chrM	6630	6630	0.0129835718071012
chrM	6631	6631	0.01649147270192
chrM	6632	6632	0.0093961924993872
chrM	6633	6633	0.000961247974513197
chrM	6634	6634	0.000247049135328026
chrM	6635	6635	0.00247089830880738
chrM	6636	6636	0.00263425074774305
chrM	6637	6637	0.0111239288068556
chrM	6638	6638	0.000358650371065192
chrM	6639	6639	0.00190266096787536
chrM	6640	6640	0.00316473113545049
chrM	6641	6641	0.00126966602263318
chrM	6642	6642	0.00124011353928404
chrM	6643	6643	8.26719576719577e-05
chrM	6644	6644	0.000523127753303965
chrM	6645	6645	0.00109862945974896
chrM	6646	6646	0.000439294931634726
chrM	6647	6647	0.00260681063578739
chrM	6648	6648	0.00211225105612553
chrM	6649	6649	0.00782939582249719
chrM	6650	6650	0.002151605428666
chrM	6651	6651	0.00151971484623249
chrM	6652	6652	0.00276548672566372
chrM	6653	6653	0.000996981361987316
chrM	6654	6654	0.000554415922825304
chrM	6655	6655	0.00632104241752149
chrM	6656	6656	0.00721750034833496
chrM	6657	6657	0.00128728941624223
chrM	6658	6658	0.000811801920331439
chrM	6659	6659	0.0102376701629101
chrM	6660	6660	0.00399707256657096
chrM	6661	6661	0.00710559706753137
chrM	6662	6662	0.00306548210382901
chrM	6663	6663	0.00223264121455682
chrM	6664	6664	0.00242894633982914
chrM	6665	6665	0.00145632401835518
chrM	6666	6666	0.00131737841695027
chrM	6667	6667	0.00915971917507679
chrM	6668	6668	0.00104946284073021
chrM	6669	6669	0.000966663904769796
chrM	6670	6670	0.0121816474227943
chrM	6671	6671	0.000806990204808549
chrM	6672	6672	0.00169698992933845
chrM	6673	6673	0.00364811050154557
chrM	6674	6674	0.00490264352767487
chrM	6675	6675	0.000727272727272727
chrM	6676	6676	0.00482472041721282
chrM	6677	6677	0.00142841138247815
chrM	6678	6678	0.0080024622960911
chrM	6679	6679	0.000846166864105602
chrM	6680	6680	0.00538164605111155
chrM	6681	6681	0.00415900410241901
chrM	6682	6682	0.00465670963711738
chrM	6683	6683	0.0014528258887876
chrM	6684	6684	0.00835805568233683
chrM	6685	6685	0.00852744233960968
chrM	6686	6686	0.00259410849138179
chrM	6687	6687	0.0054002541296061
chrM	6688	6688	0.00287214598624851
chrM	6689	6689	0.00668701846198575
chrM	6690	6690	0.000117075455130832
chrM	6691	6691	0.00304058004911706
chrM	6692	6692	0.00187540291859579
chrM	6693	6693	0.00909197216862539
chrM	6694	6694	0.0015630990650898
chrM	6695	6695	0.0327772210104345
chrM	6696	6696	0.0182327336925091
chrM	6697	6697	0.00545584178058836
chrM	6698	6698	0.00255539281373679
chrM	6699	6699	0.00212122157407119
chrM	6700	6700	0.000467901927755942
chrM	6701	6701	0.00262008733624454
chrM	6702	6702	0.0106579152992655
chrM	6703	6703	0.0256491150582074
chrM	6704	6704	0.00676660083530288
chrM	6705	6705	0.035240855942416
chrM	6706	6706	0.00492793735444021
chrM	6707	6707	0.000101729399796541
chrM	6708	6708	0.00144971511412292
chrM	6709	6709	0.00091160780606388
chrM	6710	6710	0.00161910544424206
chrM	6711	6711	0.0063500641761805
chrM	6712	6712	0.00047583440962545
chrM	6713	6713	0.00139162310773199
chrM	6714	6714	0.00139351505676025
chrM	6715	6715	0.00231363342519819
chrM	6716	6716	6.81895669962496e-05
chrM	6717	6717	0.00030682166842805
chrM	6718	6718	0.00204589627305896
chrM	6719	6719	0.000478321773890464
chrM	6720	6720	0.000409276944065484
chrM	6721	6721	0.000102361130066876
chrM	6722	6722	0
chrM	6723	6723	0.000818861100685796
chrM	6724	6724	0.000170695070326369
chrM	6725	6725	0.000443776882638083
chrM	6726	6726	0.0010531322190515
chrM	6727	6727	0.000305592339818682
chrM	6728	6728	0.000577269177221637
chrM	6729	6729	6.79532481652623e-05
chrM	6730	6730	0.00407608695652174
chrM	6731	6731	0.000884925632211293
chrM	6732	6732	0.000238411498245973
chrM	6733	6733	0.00119205749122986
chrM	6734	6734	0.000306769377599018
chrM	6735	6735	0.00258855585831063
chrM	6736	6736	0.00381146843627701
chrM	6737	6737	0.00689584542382139
chrM	6738	6738	0.000653033167210861
chrM	6739	6739	0.000343914434088799
chrM	6740	6740	0.000894331315354981
chrM	6741	6741	0.00670910029244796
chrM	6742	6742	0.00294402881684677
chrM	6743	6743	0.000416565418127538
chrM	6744	6744	0.00076359723716636
chrM	6745	6745	0.00135289832448746
chrM	6746	6746	0.00340336864038896
chrM	6747	6747	0.00745514718690124
chrM	6748	6748	0.00396227076685718
chrM	6749	6749	0.0190875721027792
chrM	6750	6750	0.000285052556565117
chrM	6751	6751	0.000534625940050611
chrM	6752	6752	0.000534854697807096
chrM	6753	6753	0.000891519863062549
chrM	6754	6754	3.56036600562538e-05
chrM	6755	6755	7.1118697105469e-05
chrM	6756	6756	0.0325841905030295
chrM	6757	6757	0.00907841435185185
chrM	6758	6758	0.00598474619567201
chrM	6759	6759	0.000954513748669188
chrM	6760	6760	0.0254922127534528
chrM	6761	6761	0.0022960020408907
chrM	6762	6762	0.000146012045993794
chrM	6763	6763	0.00174045469378875
chrM	6764	6764	0.017386894628174
chrM	6765	6765	0.153521333627084
chrM	6766	6766	0.00571354369562395
chrM	6767	6767	0.0491440252107998
chrM	6768	6768	0.000446328944432046
chrM	6769	6769	0.00066657778962805
chrM	6770	6770	0.00127455720124819
chrM	6771	6771	0.0354823242230068
chrM	6772	6772	0.00468236459412003
chrM	6773	6773	0.00943438811899066
chrM	6774	6774	0.00186262038887879
chrM	6775	6775	0.00176470588235294
chrM	6776	6776	0.0514232008592911
chrM	6777	6777	0.00294282511210762
chrM	6778	6778	0.00645493241030918
chrM	6779	6779	0.00715260458331373
chrM	6780	6780	0.00568693426851808
chrM	6781	6781	0.0364822078351685
chrM	6782	6782	0.000436723602484472
chrM	6783	6783	0.000291276275547357
chrM	6784	6784	0.000533643817008684
chrM	6785	6785	0.00507319901434991
chrM	6786	6786	0.00227580863838853
chrM	6787	6787	0.00164888457807953
chrM	6788	6788	0.00174842156386595
chrM	6789	6789	0.000632264967657215
chrM	6790	6790	0
chrM	6791	6791	0.00194571456367351
chrM	6792	6792	0.0106657575609994
chrM	6793	6793	0.000687589018221109
chrM	6794	6794	0.000835257701567337
chrM	6795	6795	0.0148967551622419
chrM	6796	6796	0.0564314938628879
chrM	6797	6797	0.0568797684819784
chrM	6798	6798	0.000278629144608526
chrM	6799	6799	0.000501169395255596
chrM	6800	6800	0.000889778667556445
chrM	6801	6801	0.00712219007344759
chrM	6802	6802	0.000168095478231636
chrM	6803	6803	0.0117515388919978
chrM	6804	6804	0.000339750849377123
chrM	6805	6805	0.0456783834267278
chrM	6806	6806	0.000296524730162496
chrM	6807	6807	0.000118645073263333
chrM	6808	6808	0.000949160586106662
chrM	6809	6809	0.00077137601613956
chrM	6810	6810	0
chrM	6811	6811	5.93718458706881e-05
chrM	6812	6812	0.000237261996559701
chrM	6813	6813	0.000414863983879571
chrM	6814	6814	0.000355618776671408
chrM	6815	6815	0.000651427217813573
chrM	6816	6816	0.0236706689536878
chrM	6817	6817	0.0115834395610486
chrM	6818	6818	0.00267335004177109
chrM	6819	6819	0.0371841728905133
chrM	6820	6820	0.019232870724511
chrM	6821	6821	0.0440916131887586
chrM	6822	6822	0.0255336240532476
chrM	6823	6823	0.00831722602940315
chrM	6824	6824	0.00960299800913456
chrM	6825	6825	0.00111685868798495
chrM	6826	6826	0.00335512234627177
chrM	6827	6827	0.0031915510938316
chrM	6828	6828	0.000579307148650214
chrM	6829	6829	0.00143976042386547
chrM	6830	6830	0.00200653557300923
chrM	6831	6831	0
chrM	6832	6832	0.00594237022087678
chrM	6833	6833	0.000451110860493966
chrM	6834	6834	0.000841987089531294
chrM	6835	6835	0.000112302768263238
chrM	6836	6836	0.000336775931746745
chrM	6837	6837	0.000392200806813088
chrM	6838	6838	0.00162464985994398
chrM	6839	6839	0.0152193375111907
chrM	6840	6840	0.00159090909090909
chrM	6841	6841	0.000113817436831323
chrM	6842	6842	0.000170687300864816
chrM	6843	6843	0.000227505403253327
chrM	6844	6844	0
chrM	6845	6845	0.00017061934823409
chrM	6846	6846	0.000284300904076875
chrM	6847	6847	0.00062563985894665
chrM	6848	6848	0.000170735871606625
chrM	6849	6849	0.000511974515046362
chrM	6850	6850	5.68990042674253e-05
chrM	6851	6851	0.000227518343666458
chrM	6852	6852	0.00113778586869951
chrM	6853	6853	0.00284689403860388
chrM	6854	6854	0.0012559228178341
chrM	6855	6855	0
chrM	6856	6856	0
chrM	6857	6857	0
chrM	6858	6858	0.000113733295422235
chrM	6859	6859	0.000454933181688939
chrM	6860	6860	0.000624396889368224
chrM	6861	6861	0.000283994092922867
chrM	6862	6862	5.66347624171717e-05
chrM	6863	6863	0.000339347321984051
chrM	6864	6864	0.0001130390549935
chrM	6865	6865	0
chrM	6866	6866	0.000282055621368534
chrM	6867	6867	0.00591515970931215
chrM	6868	6868	0.00153009180550833
chrM	6869	6869	0.000113417262107293
chrM	6870	6870	0.000170145190562613
chrM	6871	6871	0.00051043557168784
chrM	6872	6872	0.000113481615978212
chrM	6873	6873	0.0355076574021554
chrM	6874	6874	0.000411643634225228
chrM	6875	6875	0.00570420464569244
chrM	6876	6876	0.000117924528301887
chrM	6877	6877	0
chrM	6878	6878	0.000588096918372148
chrM	6879	6879	0.0151800423629089
chrM	6880	6880	0.00645122752523744
chrM	6881	6881	0.00251753281783852
chrM	6882	6882	0.00168208578637511
chrM	6883	6883	0.00210602322642758
chrM	6884	6884	0.00265092179780696
chrM	6885	6885	0.00054364240410752
chrM	6886	6886	0.0289198816639498
chrM	6887	6887	0.00323282561392602
chrM	6888	6888	0.00666127124447488
chrM	6889	6889	0.0018173842200915
chrM	6890	6890	0.00232295328980412
chrM	6891	6891	0.00528202225995095
chrM	6892	6892	0.0228766430738119
chrM	6893	6893	0.0042027673606621
chrM	6894	6894	0.0100642815401597
chrM	6895	6895	0.00419782237964056
chrM	6896	6896	0.00263469898564089
chrM	6897	6897	0.00752872804120988
chrM	6898	6898	0.000731966994942773
chrM	6899	6899	0.000332955983219018
chrM	6900	6900	6.66133759658939e-05
chrM	6901	6901	6.66178136033575e-05
chrM	6902	6902	0.000199866755496336
chrM	6903	6903	0.00379721537539138
chrM	6904	6904	0.00675314255148435
chrM	6905	6905	0.0524120298728386
chrM	6906	6906	0.000568020448736154
chrM	6907	6907	0.000355164085807643
chrM	6908	6908	0.00447602131438721
chrM	6909	6909	0.0106337425064231
chrM	6910	6910	0.00036067229315444
chrM	6911	6911	0.0165223665223665
chrM	6912	6912	0.000366784037558685
chrM	6913	6913	0.0105664807748753
chrM	6914	6914	0.00170572530406408
chrM	6915	6915	0.00193150583166184
chrM	6916	6916	0.00535754148374135
chrM	6917	6917	0.0148874092915389
chrM	6918	6918	0.0188321057027868
chrM	6919	6919	0.00580360597384508
chrM	6920	6920	0.00731460586724769
chrM	6921	6921	0.00164563905650027
chrM	6922	6922	0.00510083967668524
chrM	6923	6923	0.00362833254456539
chrM	6924	6924	0.0116343490304709
chrM	6925	6925	0.00448430493273543
chrM	6926	6926	0.00796267996461031
chrM	6927	6927	0.0327523307661127
chrM	6928	6928	0.000167630542284804
chrM	6929	6929	0
chrM	6930	6930	0.00502765208647562
chrM	6931	6931	0.00463157894736842
chrM	6932	6932	0.0109127823365198
chrM	6933	6933	0.00299349982894287
chrM	6934	6934	0.00840696577163936
chrM	6935	6935	0.00501773509819188
chrM	6936	6936	0.0229505346431366
chrM	6937	6937	0.00231337307589643
chrM	6938	6938	0.0114153215018282
chrM	6939	6939	0.00252570810030669
chrM	6940	6940	0.0763248327003075
chrM	6941	6941	0.0294693557861758
chrM	6942	6942	0.00090789871885403
chrM	6943	6943	0.00706785137318255
chrM	6944	6944	0.0025414252312697
chrM	6945	6945	0.000611496127191194
chrM	6946	6946	0.0191719355496635
chrM	6947	6947	0.00259902276743944
chrM	6948	6948	0.00375234521575985
chrM	6949	6949	0.000836995187277673
chrM	6950	6950	0.00293132328308208
chrM	6951	6951	0.00514435695538058
chrM	6952	6952	0.0249050232165471
chrM	6953	6953	0.00757575757575758
chrM	6954	6954	0.00567066521264995
chrM	6955	6955	0.0014257512612415
chrM	6956	6956	0.00252608456891818
chrM	6957	6957	0.0115613301035014
chrM	6958	6958	0.00479001893728417
chrM	6959	6959	0.0312290127602418
chrM	6960	6960	0.0391681109185442
chrM	6961	6961	0.00132275132275132
chrM	6962	6962	0.000240789790512882
chrM	6963	6963	0.000120380402070543
chrM	6964	6964	0.000601974476282206
chrM	6965	6965	0.00252981568485725
chrM	6966	6966	0.000120772946859903
chrM	6967	6967	0.00096630027781133
chrM	6968	6968	0.000846330552532946
chrM	6969	6969	0.000120962864400629
chrM	6970	6970	0.000604887490926688
chrM	6971	6971	0.001694710083525
chrM	6972	6972	0.00218181818181818
chrM	6973	6973	0.00558794946550049
chrM	6974	6974	0.000488639139995114
chrM	6975	6975	0.000855431993156544
chrM	6976	6976	0.00122309197651663
chrM	6977	6977	0.00306147440607397
chrM	6978	6978	0.0522048888342955
chrM	6979	6979	0.00648004147226542
chrM	6980	6980	0.000652230628750326
chrM	6981	6981	0.000261028452101279
chrM	6982	6982	0.000783289817232376
chrM	6983	6983	0.0129344133786256
chrM	6984	6984	0.0508272667107876
chrM	6985	6985	0.110847741215839
chrM	6986	6986	0.0304170586390718
chrM	6987	6987	0.0129198966408269
chrM	6988	6988	0.00376247341730738
chrM	6989	6989	0.035133803973075
chrM	6990	6990	0.00731665815892462
chrM	6991	6991	0.000856898029134533
chrM	6992	6992	0.0905039424065821
chrM	6993	6993	0.000188465887674331
chrM	6994	6994	0.0054655107425556
chrM	6995	6995	0.00170454545454545
chrM	6996	6996	0.00341491178144565
chrM	6997	6997	0.0285551113649343
chrM	6998	6998	0.0538898687046835
chrM	6999	6999	0.00849037067715883
chrM	7000	7000	0.0037593984962406
chrM	7001	7001	0.00712638859777824
chrM	7002	7002	0.474139750897192
chrM	7003	7003	0.0638297872340425
chrM	7004	7004	0.00385934819897084
chrM	7005	7005	0.0658631080499354
chrM	7006	7006	0.00967296176877015
chrM	7007	7007	0.0172093023255814
chrM	7008	7008	0.0227165168007572
chrM	7009	7009	0.0164648910411622
chrM	7010	7010	0.0231413096996553
chrM	7011	7011	0.03125
chrM	7012	7012	0.0463059313215401
chrM	7013	7013	0.0190839694656489
chrM	7014	7014	0.00277932184546971
chrM	7015	7015	0.0479375696767001
chrM	7016	7016	0.0244755244755245
chrM	7017	7017	0.1194743130227
chrM	7018	7018	0.0115332428765265
chrM	7019	7019	0.00205902539464653
chrM	7020	7020	0.00481099656357388
chrM	7021	7021	0.0448895027624309
chrM	7022	7022	0.0267341040462428
chrM	7023	7023	0.0898292501855976
chrM	7024	7024	0.000815660685154976
chrM	7025	7025	0.00408163265306122
chrM	7026	7026	0.00327868852459016
chrM	7027	7027	0.00821018062397373
chrM	7028	7028	0.000827814569536424
chrM	7029	7029	0
chrM	7030	7030	0.000827814569536424
chrM	7031	7031	0
chrM	7032	7032	0.00165700082850041
chrM	7033	7033	0.00990916597853014
chrM	7034	7034	0
chrM	7035	7035	0
chrM	7036	7036	0.00333333333333333
chrM	7037	7037	0.00250208507089241
chrM	7038	7038	0.00835421888053467
chrM	7039	7039	0.00505050505050505
chrM	7040	7040	0.00591715976331361
chrM	7041	7041	0.00509337860780985
chrM	7042	7042	0
chrM	7043	7043	0
chrM	7044	7044	0.00851788756388416
chrM	7045	7045	0.00428082191780822
chrM	7046	7046	0.00342759211653813
chrM	7047	7047	0.00171821305841924
chrM	7048	7048	0.00258175559380379
chrM	7049	7049	0.00172562553925798
chrM	7050	7050	0
chrM	7051	7051	0.00431034482758621
chrM	7052	7052	0.0025974025974026
chrM	7053	7053	0
chrM	7054	7054	0
chrM	7055	7055	0.00346620450606586
chrM	7056	7056	0.00173913043478261
chrM	7057	7057	0.00174216027874564
chrM	7058	7058	0
chrM	7059	7059	0
chrM	7060	7060	0
chrM	7061	7061	0.00174520069808028
chrM	7062	7062	0.0183566433566434
chrM	7063	7063	0.0088809946714032
chrM	7064	7064	0
chrM	7065	7065	0.000896057347670251
chrM	7066	7066	0.000896860986547085
chrM	7067	7067	0
chrM	7068	7068	0.0116487455197133
chrM	7069	7069	0
chrM	7070	7070	0
chrM	7071	7071	0
chrM	7072	7072	0.00452898550724638
chrM	7073	7073	0.0154686078252957
chrM	7074	7074	0
chrM	7075	7075	0.00184842883548983
chrM	7076	7076	0
chrM	7077	7077	0.000925925925925926
chrM	7078	7078	0.0222222222222222
chrM	7079	7079	0
chrM	7080	7080	0
chrM	7081	7081	0
chrM	7082	7082	0
chrM	7083	7083	0
chrM	7084	7084	0
chrM	7085	7085	0
chrM	7086	7086	0
chrM	7087	7087	0
chrM	7088	7088	0
chrM	7089	7089	0
chrM	7090	7090	0
chrM	7091	7091	0
chrM	7092	7092	0
chrM	7093	7093	0
chrM	7094	7094	0
chrM	7095	7095	0.00092678405931418
chrM	7096	7096	0
chrM	7097	7097	0.00185185185185185
chrM	7098	7098	0
chrM	7099	7099	0
chrM	7100	7100	0
chrM	7101	7101	0
chrM	7102	7102	0
chrM	7103	7103	0
chrM	7104	7104	0
chrM	7105	7105	0
chrM	7106	7106	0
chrM	7107	7107	0
chrM	7108	7108	0.000923361034164358
chrM	7109	7109	0
chrM	7110	7110	0
chrM	7111	7111	0
chrM	7112	7112	0
chrM	7113	7113	0
chrM	7114	7114	0
chrM	7115	7115	0.000898472596585804
chrM	7116	7116	0
chrM	7117	7117	0
chrM	7118	7118	0
chrM	7119	7119	0
chrM	7120	7120	0
chrM	7121	7121	0.000898472596585804
chrM	7122	7122	0
chrM	7123	7123	0
chrM	7124	7124	0
chrM	7125	7125	0
chrM	7126	7126	0
chrM	7127	7127	0
chrM	7128	7128	0
chrM	7129	7129	0
chrM	7130	7130	0
chrM	7131	7131	0
chrM	7132	7132	0
chrM	7133	7133	0
chrM	7134	7134	0
chrM	7135	7135	0
chrM	7136	7136	0.000890471950133571
chrM	7137	7137	0
chrM	7138	7138	0.000889679715302491
chrM	7139	7139	0
chrM	7140	7140	0
chrM	7141	7141	0
chrM	7142	7142	0
chrM	7143	7143	0.00177777777777778
chrM	7144	7144	0
chrM	7145	7145	0
chrM	7146	7146	0
chrM	7147	7147	0
chrM	7148	7148	0
chrM	7149	7149	0
chrM	7150	7150	0
chrM	7151	7151	0
chrM	7152	7152	0
chrM	7153	7153	0.000890471950133571
chrM	7154	7154	0
chrM	7155	7155	0
chrM	7156	7156	0
chrM	7157	7157	0
chrM	7158	7158	0
chrM	7159	7159	0.000890471950133571
chrM	7160	7160	0
chrM	7161	7161	0.00089126559714795
chrM	7162	7162	0
chrM	7163	7163	0
chrM	7164	7164	0
chrM	7165	7165	0.00445235975066785
chrM	7166	7166	0
chrM	7167	7167	0
chrM	7168	7168	0
chrM	7169	7169	0.000892857142857143
chrM	7170	7170	0.000893655049151028
chrM	7171	7171	0.00178890876565295
chrM	7172	7172	0
chrM	7173	7173	0
chrM	7174	7174	0.000895255147717099
chrM	7175	7175	0
chrM	7176	7176	0.0017921146953405
chrM	7177	7177	0
chrM	7178	7178	0
chrM	7179	7179	0.000897666068222621
chrM	7180	7180	0
chrM	7181	7181	0
chrM	7182	7182	0
chrM	7183	7183	0.00359066427289048
chrM	7184	7184	0.000900900900900901
chrM	7185	7185	0
chrM	7186	7186	0.000901713255184851
chrM	7187	7187	0
chrM	7188	7188	0
chrM	7189	7189	0
chrM	7190	7190	0.000900900900900901
chrM	7191	7191	0
chrM	7192	7192	0
chrM	7193	7193	0.0018034265103697
chrM	7194	7194	0
chrM	7195	7195	0
chrM	7196	7196	0.000903342366757001
chrM	7197	7197	0
chrM	7198	7198	0
chrM	7199	7199	0.000903342366757001
chrM	7200	7200	0.0027124773960217
chrM	7201	7201	0
chrM	7202	7202	0
chrM	7203	7203	0
chrM	7204	7204	0
chrM	7205	7205	0
chrM	7206	7206	0
chrM	7207	7207	0
chrM	7208	7208	0.000906618313689937
chrM	7209	7209	0
chrM	7210	7210	0.000907441016333938
chrM	7211	7211	0
chrM	7212	7212	0.0036330608537693
chrM	7213	7213	0
chrM	7214	7214	0
chrM	7215	7215	0
chrM	7216	7216	0
chrM	7217	7217	0
chrM	7218	7218	0.000910746812386157
chrM	7219	7219	0
chrM	7220	7220	0
chrM	7221	7221	0.000911577028258888
chrM	7222	7222	0
chrM	7223	7223	0
chrM	7224	7224	0.000911577028258888
chrM	7225	7225	0
chrM	7226	7226	0
chrM	7227	7227	0
chrM	7228	7228	0.000912408759124088
chrM	7229	7229	0
chrM	7230	7230	0.00091324200913242
chrM	7231	7231	0
chrM	7232	7232	0
chrM	7233	7233	0
chrM	7234	7234	0
chrM	7235	7235	0.00274223034734918
chrM	7236	7236	0
chrM	7237	7237	0
chrM	7238	7238	0
chrM	7239	7239	0.00274977085242896
chrM	7240	7240	0
chrM	7241	7241	0
chrM	7242	7242	0
chrM	7243	7243	0
chrM	7244	7244	0
chrM	7245	7245	0.00183823529411765
chrM	7246	7246	0
chrM	7247	7247	0
chrM	7248	7248	0.00184162062615101
chrM	7249	7249	0
chrM	7250	7250	0
chrM	7251	7251	0.00276752767527675
chrM	7252	7252	0.0388529139685476
chrM	7253	7253	0
chrM	7254	7254	0.00288739172281039
chrM	7255	7255	0
chrM	7256	7256	0
chrM	7257	7257	0
chrM	7258	7258	0
chrM	7259	7259	0
chrM	7260	7260	0
chrM	7261	7261	0
chrM	7262	7262	0
chrM	7263	7263	0.00193050193050193
chrM	7264	7264	0.00193423597678917
chrM	7265	7265	0
chrM	7266	7266	0.00193798449612403
chrM	7267	7267	0
chrM	7268	7268	0.000970873786407767
chrM	7269	7269	0.00388726919339164
chrM	7270	7270	0
chrM	7271	7271	0
chrM	7272	7272	0
chrM	7273	7273	0.000975609756097561
chrM	7274	7274	0.0068359375
chrM	7275	7275	0
chrM	7276	7276	0.0147492625368732
chrM	7277	7277	0.00199600798403194
chrM	7278	7278	0
chrM	7279	7279	0
chrM	7280	7280	0.006
chrM	7281	7281	0.0160965794768612
chrM	7282	7282	0.0224948875255624
chrM	7283	7283	0.00313807531380753
chrM	7284	7284	0.00104931794333683
chrM	7285	7285	0.00525210084033613
chrM	7286	7286	0.00211193241816262
chrM	7287	7287	0.00528541226215645
chrM	7288	7288	0.00212314225053079
chrM	7289	7289	0.00106382978723404
chrM	7290	7290	0
chrM	7291	7291	0.0159744408945687
chrM	7292	7292	0.00972972972972973
chrM	7293	7293	0
chrM	7294	7294	0.00109170305676856
chrM	7295	7295	0
chrM	7296	7296	0
chrM	7297	7297	0
chrM	7298	7298	0
chrM	7299	7299	0
chrM	7300	7300	0
chrM	7301	7301	0
chrM	7302	7302	0
chrM	7303	7303	0
chrM	7304	7304	0.00109289617486339
chrM	7305	7305	0
chrM	7306	7306	0
chrM	7307	7307	0
chrM	7308	7308	0
chrM	7309	7309	0
chrM	7310	7310	0
chrM	7311	7311	0
chrM	7312	7312	0.00109409190371991
chrM	7313	7313	0
chrM	7314	7314	0
chrM	7315	7315	0
chrM	7316	7316	0.00109529025191676
chrM	7317	7317	0
chrM	7318	7318	0
chrM	7319	7319	0
chrM	7320	7320	0
chrM	7321	7321	0.00109529025191676
chrM	7322	7322	0
chrM	7323	7323	0.00109649122807018
chrM	7324	7324	0
chrM	7325	7325	0.00109769484083425
chrM	7326	7326	0.0010989010989011
chrM	7327	7327	0
chrM	7328	7328	0
chrM	7329	7329	0
chrM	7330	7330	0
chrM	7331	7331	0
chrM	7332	7332	0
chrM	7333	7333	0
chrM	7334	7334	0
chrM	7335	7335	0
chrM	7336	7336	0
chrM	7337	7337	0
chrM	7338	7338	0
chrM	7339	7339	0
chrM	7340	7340	0
chrM	7341	7341	0.00107066381156317
chrM	7342	7342	0
chrM	7343	7343	0
chrM	7344	7344	0
chrM	7345	7345	0
chrM	7346	7346	0
chrM	7347	7347	0
chrM	7348	7348	0
chrM	7349	7349	0
chrM	7350	7350	0
chrM	7351	7351	0.00103092783505155
chrM	7352	7352	0
chrM	7353	7353	0.00102986611740474
chrM	7354	7354	0
chrM	7355	7355	0
chrM	7356	7356	0
chrM	7357	7357	0
chrM	7358	7358	0
chrM	7359	7359	0
chrM	7360	7360	0
chrM	7361	7361	0
chrM	7362	7362	0
chrM	7363	7363	0
chrM	7364	7364	0
chrM	7365	7365	0
chrM	7366	7366	0
chrM	7367	7367	0
chrM	7368	7368	0
chrM	7369	7369	0
chrM	7370	7370	0
chrM	7371	7371	0
chrM	7372	7372	0
chrM	7373	7373	0
chrM	7374	7374	0
chrM	7375	7375	0
chrM	7376	7376	0
chrM	7377	7377	0
chrM	7378	7378	0
chrM	7379	7379	0
chrM	7380	7380	0
chrM	7381	7381	0
chrM	7382	7382	0
chrM	7383	7383	0
chrM	7384	7384	0
chrM	7385	7385	0
chrM	7386	7386	0
chrM	7387	7387	0
chrM	7388	7388	0
chrM	7389	7389	0
chrM	7390	7390	0
chrM	7391	7391	0
chrM	7392	7392	0
chrM	7393	7393	0
chrM	7394	7394	0
chrM	7395	7395	0
chrM	7396	7396	0
chrM	7397	7397	0
chrM	7398	7398	0
chrM	7399	7399	0
chrM	7400	7400	0
chrM	7401	7401	0
chrM	7402	7402	0
chrM	7403	7403	0
chrM	7404	7404	0
chrM	7405	7405	0
chrM	7406	7406	0
chrM	7407	7407	0
chrM	7408	7408	0
chrM	7409	7409	0
chrM	7410	7410	0
chrM	7411	7411	0
chrM	7412	7412	0
chrM	7413	7413	0
chrM	7414	7414	0
chrM	7415	7415	0
chrM	7416	7416	0
chrM	7417	7417	0
chrM	7418	7418	0
chrM	7419	7419	0
chrM	7420	7420	0
chrM	7421	7421	0.000442477876106195
chrM	7422	7422	0
chrM	7423	7423	0.000368324125230203
chrM	7424	7424	0
chrM	7425	7425	0
chrM	7426	7426	0
chrM	7427	7427	0
chrM	7428	7428	0
chrM	7429	7429	0
chrM	7430	7430	0
chrM	7431	7431	0
chrM	7432	7432	0
chrM	7433	7433	0
chrM	7434	7434	0
chrM	7435	7435	0
chrM	7436	7436	0
chrM	7437	7437	0
chrM	7438	7438	0
chrM	7439	7439	0
chrM	7440	7440	0
chrM	7441	7441	0
chrM	7442	7442	0
chrM	7443	7443	0.000168350168350168
chrM	7444	7444	0
chrM	7445	7445	0
chrM	7446	7446	0
chrM	7447	7447	0
chrM	7448	7448	0
chrM	7449	7449	0
chrM	7450	7450	0
chrM	7451	7451	0
chrM	7452	7452	0
chrM	7453	7453	0.000142836737608913
chrM	7454	7454	0.000142612664004564
chrM	7455	7455	0
chrM	7456	7456	0
chrM	7457	7457	0
chrM	7458	7458	0
chrM	7459	7459	0
chrM	7460	7460	0
chrM	7461	7461	0.000137155397064874
chrM	7462	7462	0
chrM	7463	7463	0
chrM	7464	7464	0
chrM	7465	7465	0.000256311674996796
chrM	7466	7466	0
chrM	7467	7467	0.000127697612054655
chrM	7468	7468	0.000125881168177241
chrM	7469	7469	0
chrM	7470	7470	0
chrM	7471	7471	0
chrM	7472	7472	0
chrM	7473	7473	0
chrM	7474	7474	0.000248262164846077
chrM	7475	7475	0
chrM	7476	7476	0
chrM	7477	7477	0
chrM	7478	7478	0
chrM	7479	7479	0
chrM	7480	7480	0.000122503981379395
chrM	7481	7481	0
chrM	7482	7482	0
chrM	7483	7483	0.000118343195266272
chrM	7484	7484	0.000232423009877978
chrM	7485	7485	0.000115620302925194
chrM	7486	7486	0.00119643245594953
chrM	7487	7487	0.000107422924051993
chrM	7488	7488	0.000426212040490144
chrM	7489	7489	0
chrM	7490	7490	0
chrM	7491	7491	9.78569331637147e-05
chrM	7492	7492	9.76848686138517e-05
chrM	7493	7493	0
chrM	7494	7494	0.000194193611030197
chrM	7495	7495	0
chrM	7496	7496	0.000477008204541118
chrM	7497	7497	9.43307235166494e-05
chrM	7498	7498	0
chrM	7499	7499	9.3475415965601e-05
chrM	7500	7500	9.33009889904833e-05
chrM	7501	7501	9.30578820026056e-05
chrM	7502	7502	0.000463907960660605
chrM	7503	7503	0
chrM	7504	7504	0.000738620625980981
chrM	7505	7505	0
chrM	7506	7506	0.00018279864729001
chrM	7507	7507	0.00034837136387389
chrM	7508	7508	8.71080139372822e-05
chrM	7509	7509	8.70549316618787e-05
chrM	7510	7510	0.00026032627559875
chrM	7511	7511	0.000173490631505899
chrM	7512	7512	0.000173475583311649
chrM	7513	7513	0.00138456213222568
chrM	7514	7514	0.000517285972928701
chrM	7515	7515	0
chrM	7516	7516	0.00249226538329323
chrM	7517	7517	0.00149625935162095
chrM	7518	7518	0.000165906262961427
chrM	7519	7519	0
chrM	7520	7520	0.000163492193247772
chrM	7521	7521	7.99041150619257e-05
chrM	7522	7522	0.000159159637116027
chrM	7523	7523	7.95798185580137e-05
chrM	7524	7524	0.000792393026941363
chrM	7525	7525	0.000234778525590859
chrM	7526	7526	0.000309669427885732
chrM	7527	7527	0.00015420200462606
chrM	7528	7528	0.000230397050917748
chrM	7529	7529	0.000153468385512584
chrM	7530	7530	0
chrM	7531	7531	0.000454063871651279
chrM	7532	7532	0.00060560181680545
chrM	7533	7533	0.000227221086116792
chrM	7534	7534	0
chrM	7535	7535	0.000670391061452514
chrM	7536	7536	0.000148875986303409
chrM	7537	7537	7.44324525493115e-05
chrM	7538	7538	0.000148709941259573
chrM	7539	7539	0
chrM	7540	7540	0
chrM	7541	7541	0.000148367952522255
chrM	7542	7542	0.000222568439795237
chrM	7543	7543	0.00022258495325716
chrM	7544	7544	0
chrM	7545	7545	0
chrM	7546	7546	0.00566093221585061
chrM	7547	7547	0
chrM	7548	7548	0.00021624738701074
chrM	7549	7549	0
chrM	7550	7550	0.00103619784470848
chrM	7551	7551	0.000204485038511349
chrM	7552	7552	0.00231072448008699
chrM	7553	7553	0.00163376446562287
chrM	7554	7554	0.000612036722203332
chrM	7555	7555	0.000271057803076506
chrM	7556	7556	0.00141882305249645
chrM	7557	7557	0.00135107748429372
chrM	7558	7558	0.000337381916329285
chrM	7559	7559	0.000472175379426644
chrM	7560	7560	0.000134970981239034
chrM	7561	7561	0.00154944758825115
chrM	7562	7562	0.0010073875083949
chrM	7563	7563	0
chrM	7564	7564	0.000268726906281491
chrM	7565	7565	0.00133707714935152
chrM	7566	7566	0.000334672021419009
chrM	7567	7567	0.00227546513184313
chrM	7568	7568	0.0019452642876308
chrM	7569	7569	0.00120232449402178
chrM	7570	7570	0.000267004872838929
chrM	7571	7571	0.00212483399734396
chrM	7572	7572	0.00172745996943725
chrM	7573	7573	0.000465239930878639
chrM	7574	7574	0.000529450694904037
chrM	7575	7575	0.000198229152900753
chrM	7576	7576	0.00177049180327869
chrM	7577	7577	0.000788073816247455
chrM	7578	7578	0.0020374630299047
chrM	7579	7579	0.000856164383561644
chrM	7580	7580	0.00926656151419558
chrM	7581	7581	0.000397746105402718
chrM	7582	7582	0.000463453389830508
chrM	7583	7583	0.000395673964653126
chrM	7584	7584	6.59674120984234e-05
chrM	7585	7585	0.00138531565406689
chrM	7586	7586	0.00171594508975713
chrM	7587	7587	0.0017838266384778
chrM	7588	7588	0.000330665961245949
chrM	7589	7589	0.000396379731783048
chrM	7590	7590	0.000858369098712446
chrM	7591	7591	0.000198216055500496
chrM	7592	7592	0.00184818481848185
chrM	7593	7593	0.00258281139019823
chrM	7594	7594	0.00179018976011457
chrM	7595	7595	0.000238905811383862
chrM	7596	7596	0.000179008294050958
chrM	7597	7597	0.000826153664581612
chrM	7598	7598	0.0078452191352563
chrM	7599	7599	0
chrM	7600	7600	0.0132238145170686
chrM	7601	7601	0.00807783018867925
chrM	7602	7602	0.00213738645134477
chrM	7603	7603	0.00612803426939553
chrM	7604	7604	0.0032888835735215
chrM	7605	7605	0.00173819228002877
chrM	7606	7606	0.000660264105642257
chrM	7607	7607	0.00215220900340766
chrM	7608	7608	0.0101638168121488
chrM	7609	7609	0.00168796720520858
chrM	7610	7610	0.0236837419125067
chrM	7611	7611	0.00139613937113027
chrM	7612	7612	0.0103755840058249
chrM	7613	7613	0.00310880829015544
chrM	7614	7614	0.00691495814630596
chrM	7615	7615	0.00276259684103057
chrM	7616	7616	0.00299347422618691
chrM	7617	7617	0.00281639501438159
chrM	7618	7618	0.00132060747944054
chrM	7619	7619	0.00390366944928233
chrM	7620	7620	0.00281757688387986
chrM	7621	7621	0.00103956107421311
chrM	7622	7622	0.000289034048210879
chrM	7623	7623	0.00225098480585256
chrM	7624	7624	0.00307778399552322
chrM	7625	7625	0.00116511318242344
chrM	7626	7626	0.0164079822616408
chrM	7627	7627	0.00371433395238899
chrM	7628	7628	0.000450095645324631
chrM	7629	7629	0.000896258122339234
chrM	7630	7630	0.00245002505707445
chrM	7631	7631	0.00770003347840643
chrM	7632	7632	0.000337097589752233
chrM	7633	7633	5.60978346235835e-05
chrM	7634	7634	0.000504682330510851
chrM	7635	7635	0.00179111160864211
chrM	7636	7636	0.00291528844536637
chrM	7637	7637	0.000336549248373345
chrM	7638	7638	0.000107497984412792
chrM	7639	7639	0.00074754378470739
chrM	7640	7640	0.00480538202787122
chrM	7641	7641	0.0102910435761376
chrM	7642	7642	0.00102847244776443
chrM	7643	7643	0.000378890392422192
chrM	7644	7644	0.0021100470702808
chrM	7645	7645	0.00096867936712948
chrM	7646	7646	0.000161437873325082
chrM	7647	7647	0.000753417285545151
chrM	7648	7648	0.00509984968864076
chrM	7649	7649	0.0118448637316562
chrM	7650	7650	0.000158822595161205
chrM	7651	7651	0.00147913365029054
chrM	7652	7652	0.00010522992739135
chrM	7653	7653	0.000841352474102119
chrM	7654	7654	0.00121039890537838
chrM	7655	7655	0.00705671704671125
chrM	7656	7656	0.00115856548528095
chrM	7657	7657	0
chrM	7658	7658	0.000209051949409428
chrM	7659	7659	0.00470391470234673
chrM	7660	7660	0.0120722233886206
chrM	7661	7661	0.000848131460376358
chrM	7662	7662	0.00180313958421723
chrM	7663	7663	0.000530166472272294
chrM	7664	7664	0.0026474637297469
chrM	7665	7665	0.00482610292189057
chrM	7666	7666	0.000474233322794815
chrM	7667	7667	0.00445259298061812
chrM	7668	7668	0.00167961368885156
chrM	7669	7669	0.00751484576173209
chrM	7670	7670	0.000263949743968748
chrM	7671	7671	0.00950580326663516
chrM	7672	7672	0.000423190859077444
chrM	7673	7673	0.00865344027015618
chrM	7674	7674	0.00202073916511566
chrM	7675	7675	0.0124675049074221
chrM	7676	7676	0.00219886302692266
chrM	7677	7677	0.000535217298223079
chrM	7678	7678	0.00464895134449786
chrM	7679	7679	0.0020323084940073
chrM	7680	7680	0.00221375617792422
chrM	7681	7681	0.00745587340231284
chrM	7682	7682	0.025203333668039
chrM	7683	7683	0.00195654412521882
chrM	7684	7684	0.00257294293212577
chrM	7685	7685	0.00576517218304422
chrM	7686	7686	0.0074492679167737
chrM	7687	7687	0.000515118734868387
chrM	7688	7688	0.00277749722250278
chrM	7689	7689	0.00296750581136555
chrM	7690	7690	0.000841542497896144
chrM	7691	7691	0.00474918373404571
chrM	7692	7692	0.00600645321419707
chrM	7693	7693	0.00258977040689277
chrM	7694	7694	0.000695963412209187
chrM	7695	7695	0.00039763407724042
chrM	7696	7696	0.000644681378626333
chrM	7697	7697	0.00133842264412829
chrM	7698	7698	0.00172167839047666
chrM	7699	7699	0.000292169848071679
chrM	7700	7700	0.00232591946503852
chrM	7701	7701	0.000194231329513451
chrM	7702	7702	0.00019400523814143
chrM	7703	7703	9.69838037047813e-05
chrM	7704	7704	0.00144675925925926
chrM	7705	7705	0.000239223003684034
chrM	7706	7706	0.000333889816360601
chrM	7707	7707	9.47418285172904e-05
chrM	7708	7708	0.000331564986737401
chrM	7709	7709	0.00165704005302528
chrM	7710	7710	0.00582745060880277
chrM	7711	7711	0.000190448983478551
chrM	7712	7712	0.000380608021314049
chrM	7713	7713	0.000999286224125625
chrM	7714	7714	0.000428449014567267
chrM	7715	7715	0.00337741413757016
chrM	7716	7716	4.77099236641221e-05
chrM	7717	7717	0.00214489990467112
chrM	7718	7718	9.54608371915422e-05
chrM	7719	7719	0.000333476251726931
chrM	7720	7720	0.00175997716786377
chrM	7721	7721	0.000285442435775452
chrM	7722	7722	0.00513503233168505
chrM	7723	7723	0.00800113625603636
chrM	7724	7724	0.00133377792597533
chrM	7725	7725	0.017223382045929
chrM	7726	7726	0.00028947749312491
chrM	7727	7727	0.00226637091329926
chrM	7728	7728	0.00218527315914489
chrM	7729	7729	0.000142714428428714
chrM	7730	7730	0.000951203272139256
chrM	7731	7731	0.00986979287336083
chrM	7732	7732	0.000697252823873937
chrM	7733	7733	0.00141082237291221
chrM	7734	7734	0.00200218420094649
chrM	7735	7735	0.00245789713245335
chrM	7736	7736	0.000774946437525642
chrM	7737	7737	0.000911120222313334
chrM	7738	7738	0.00531142182676593
chrM	7739	7739	0.000728763379640173
chrM	7740	7740	0.000409593592135803
chrM	7741	7741	0.00090293453724605
chrM	7742	7742	0.00497289547959321
chrM	7743	7743	0.00265359359539444
chrM	7744	7744	0.00606414518012757
chrM	7745	7745	0.00404131118096093
chrM	7746	7746	0.00219465221480718
chrM	7747	7747	0.000762879195835577
chrM	7748	7748	0.0109284722533256
chrM	7749	7749	0.000527356624917601
chrM	7750	7750	0.00297736328210517
chrM	7751	7751	0.00201949249275617
chrM	7752	7752	0.00736971398490963
chrM	7753	7753	0.00123609394313968
chrM	7754	7754	0.000353434945880274
chrM	7755	7755	0.034090407938258
chrM	7756	7756	0.00360483686972393
chrM	7757	7757	0.00118683525813667
chrM	7758	7758	0.00191745799853908
chrM	7759	7759	0.0197745249568143
chrM	7760	7760	0.00408049707873505
chrM	7761	7761	0.00239797094765967
chrM	7762	7762	0.000229969644006991
chrM	7763	7763	0.00146138740466731
chrM	7764	7764	0.000318979266347687
chrM	7765	7765	0.00227541640120142
chrM	7766	7766	0.00227603787327021
chrM	7767	7767	0.000956501935777727
chrM	7768	7768	0.00548255156209207
chrM	7769	7769	0.000682041007715589
chrM	7770	7770	0.000754558792705932
chrM	7771	7771	0.000754274220583305
chrM	7772	7772	0.000293144604045396
chrM	7773	7773	0.001963979775187
chrM	7774	7774	0.00784182864770168
chrM	7775	7775	8.39313441604767e-05
chrM	7776	7776	0.00117405341943058
chrM	7777	7777	0.00041583499667332
chrM	7778	7778	0.000826719576719577
chrM	7779	7779	0.0037628183923255
chrM	7780	7780	0.00169232674289016
chrM	7781	7781	0.000495581068803172
chrM	7782	7782	0.000413069519600149
chrM	7783	7783	0.00355386586222571
chrM	7784	7784	0.0118085767557489
chrM	7785	7785	0.000668281680728427
chrM	7786	7786	0
chrM	7787	7787	0.000250678922080635
chrM	7788	7788	0.00075191110739797
chrM	7789	7789	0.000291278295605859
chrM	7790	7790	0.000124610591900312
chrM	7791	7791	0.00174165457184325
chrM	7792	7792	0.000248725282925009
chrM	7793	7793	0.000497450565850019
chrM	7794	7794	4.14662464753691e-05
chrM	7795	7795	0.00590957930407472
chrM	7796	7796	0.000413787396035917
chrM	7797	7797	8.27129859387924e-05
chrM	7798	7798	0.000413376875697574
chrM	7799	7799	0.00338283828382838
chrM	7800	7800	0.00148965295112328
chrM	7801	7801	0.00335054594189759
chrM	7802	7802	0.000473410130976803
chrM	7803	7803	7.89203693473285e-05
chrM	7804	7804	0.000274930285534739
chrM	7805	7805	0.000234503243961541
chrM	7806	7806	0.00190143577803648
chrM	7807	7807	0.00733732380768488
chrM	7808	7808	0.000116500330084269
chrM	7809	7809	0.000116486759338355
chrM	7810	7810	0.00190099317194289
chrM	7811	7811	0.00683760683760684
chrM	7812	7812	0.0161870503597122
chrM	7813	7813	0.00114988104678826
chrM	7814	7814	0.00480292144643353
chrM	7815	7815	0.000239310784939375
chrM	7816	7816	0.0263430575482225
chrM	7817	7817	0.00240855649902025
chrM	7818	7818	0.000480403538972737
chrM	7819	7819	0.000359913620731025
chrM	7820	7820	0.0025121620543903
chrM	7821	7821	0.00179798625539396
chrM	7822	7822	0.0284459566387087
chrM	7823	7823	0.00138357613738097
chrM	7824	7824	0.000529553138620718
chrM	7825	7825	0.00170974964380216
chrM	7826	7826	0.00101853738032186
chrM	7827	7827	0.00954990530684611
chrM	7828	7828	0.00578783340753633
chrM	7829	7829	0.00012206534564837
chrM	7830	7830	0.00072484194418717
chrM	7831	7831	0.000119961612284069
chrM	7832	7832	0.0013684570646596
chrM	7833	7833	0.000303847468570777
chrM	7834	7834	0.000455390687260446
chrM	7835	7835	0.000227799081210372
chrM	7836	7836	0.000982615268329554
chrM	7837	7837	0.000224971878515186
chrM	7838	7838	0.000299333981890294
chrM	7839	7839	3.73943609303717e-05
chrM	7840	7840	0.000185935814956677
chrM	7841	7841	0.00026013601397302
chrM	7842	7842	0.00304481823920389
chrM	7843	7843	0.0126836525943835
chrM	7844	7844	0.00531153469449258
chrM	7845	7845	0.000831758034026465
chrM	7846	7846	0.00807821524291269
chrM	7847	7847	0.00801222329880003
chrM	7848	7848	0.00333833458364591
chrM	7849	7849	0.00224139863274683
chrM	7850	7850	0.000484586424124949
chrM	7851	7851	0.0073318694406193
chrM	7852	7852	3.74770453097478e-05
chrM	7853	7853	0.00194508865115583
chrM	7854	7854	0.000334311504030311
chrM	7855	7855	0.000110996004143851
chrM	7856	7856	0.00121421738170579
chrM	7857	7857	0.00147280827718252
chrM	7858	7858	0.00360705215502963
chrM	7859	7859	0.000184454200022135
chrM	7860	7860	0.00245584889306223
chrM	7861	7861	0.000853272656166673
chrM	7862	7862	0.00287550143775072
chrM	7863	7863	0.00199075719872023
chrM	7864	7864	0.000569820862566331
chrM	7865	7865	0.00305430266008453
chrM	7866	7866	0.000320604160729553
chrM	7867	7867	0.00049864653084485
chrM	7868	7868	0.00153024911032028
chrM	7869	7869	0.000320729838565981
chrM	7870	7870	0.0107649533043416
chrM	7871	7871	0.00558498180376896
chrM	7872	7872	0.00456339864546739
chrM	7873	7873	7.27669637984355e-05
chrM	7874	7874	0.000581712415924377
chrM	7875	7875	0.00109134562916076
chrM	7876	7876	0.00262180467555167
chrM	7877	7877	0.00167944505293903
chrM	7878	7878	0.00767964893033461
chrM	7879	7879	0.00198909680271107
chrM	7880	7880	0.000848896434634975
chrM	7881	7881	0.00373065415727847
chrM	7882	7882	0.0002966038855109
chrM	7883	7883	0.00426336472158375
chrM	7884	7884	0.00167348456675344
chrM	7885	7885	0.00104294707043618
chrM	7886	7886	0.000484640620339994
chrM	7887	7887	0.000522173734661146
chrM	7888	7888	0.000746352203604881
chrM	7889	7889	0.00293800438841162
chrM	7890	7890	0.000261086867330573
chrM	7891	7891	0.00029845178138407
chrM	7892	7892	0.000485092727340572
chrM	7893	7893	0.000485310038451488
chrM	7894	7894	0.0246106733390596
chrM	7895	7895	0.000421149354875761
chrM	7896	7896	0.000382980353107886
chrM	7897	7897	0.000536316273368066
chrM	7898	7898	0.00080475186817398
chrM	7899	7899	0.00789544287302135
chrM	7900	7900	0.0084883092831237
chrM	7901	7901	0.000505875943653203
chrM	7902	7902	0.00414086687306502
chrM	7903	7903	3.87641973872931e-05
chrM	7904	7904	0.00437703973891342
chrM	7905	7905	0.00103448275862069
chrM	7906	7906	0.00260456565037536
chrM	7907	7907	0.00268476968511487
chrM	7908	7908	0
chrM	7909	7909	0.0037640190505454
chrM	7910	7910	0.000961353585848875
chrM	7911	7911	7.69734056883347e-05
chrM	7912	7912	0.000230450145951759
chrM	7913	7913	0.00153562653562654
chrM	7914	7914	0.0012683526789146
chrM	7915	7915	0.00352612011804837
chrM	7916	7916	0.00194842406876791
chrM	7917	7917	0.000449926886880882
chrM	7918	7918	0.00339193230724342
chrM	7919	7919	0.0004023997658765
chrM	7920	7920	0.0107794058537655
chrM	7921	7921	0.000257163850110213
chrM	7922	7922	0.00413537925780825
chrM	7923	7923	0.000327713651094199
chrM	7924	7924	0.000218348557079952
chrM	7925	7925	0.00189104662157248
chrM	7926	7926	0.00210985813022917
chrM	7927	7927	0.00735080058224163
chrM	7928	7928	0.0392164029092504
chrM	7929	7929	0.00136876924831755
chrM	7930	7930	0.000342635245745612
chrM	7931	7931	0.010989010989011
chrM	7932	7932	0.0013836042891733
chrM	7933	7933	0.00452753030524317
chrM	7934	7934	0.00204372103207912
chrM	7935	7935	0.00145772594752187
chrM	7936	7936	0.00196965275751386
chrM	7937	7937	0.0176674575652491
chrM	7938	7938	0.000622277535780958
chrM	7939	7939	0.000146108046900683
chrM	7940	7940	0.000292056074766355
chrM	7941	7941	0.000255586388199211
chrM	7942	7942	0.00036071132272842
chrM	7943	7943	7.15435521373636e-05
chrM	7944	7944	0.000822074487097005
chrM	7945	7945	0.000500071438776968
chrM	7946	7946	0.000106723585912487
chrM	7947	7947	0.000318302387267905
chrM	7948	7948	0.00519967457818966
chrM	7949	7949	0.0154512840549853
chrM	7950	7950	0.00050372395927032
chrM	7951	7951	0.000536980024343094
chrM	7952	7952	0.000142949038667715
chrM	7953	7953	0.00474762618690655
chrM	7954	7954	0.00261208716499088
chrM	7955	7955	0.000430462388348818
chrM	7956	7956	0.000322951054973446
chrM	7957	7957	0.00821701532168359
chrM	7958	7958	0.00382361349342481
chrM	7959	7959	3.58179017873133e-05
chrM	7960	7960	0.000823634735899731
chrM	7961	7961	0.000537499552083707
chrM	7962	7962	0.00301140030114003
chrM	7963	7963	0.000501630298470028
chrM	7964	7964	0.000537557339449541
chrM	7965	7965	0.00017921146953405
chrM	7966	7966	0.000573065902578797
chrM	7967	7967	0.00207758713328796
chrM	7968	7968	0.00989070059129188
chrM	7969	7969	0.014672930972172
chrM	7970	7970	0.000657534246575342
chrM	7971	7971	0.000328803156510303
chrM	7972	7972	0.000292120061345213
chrM	7973	7973	0.00198623820671065
chrM	7974	7974	0.00198927213953323
chrM	7975	7975	0.00897354046960346
chrM	7976	7976	0.0129786778863296
chrM	7977	7977	0.000467390522758323
chrM	7978	7978	0.00735452392910956
chrM	7979	7979	0.00219891135863884
chrM	7980	7980	0.00742342342342342
chrM	7981	7981	0.000616746480917138
chrM	7982	7982	0.00223222322232223
chrM	7983	7983	0.00367859203693018
chrM	7984	7984	0.00408192753675541
chrM	7985	7985	0.000652646845540247
chrM	7986	7986	0.00572858126971466
chrM	7987	7987	0.00136505460218409
chrM	7988	7988	0.00415436045568141
chrM	7989	7989	0.00164385293838713
chrM	7990	7990	0.00442100609467269
chrM	7991	7991	0.000664409782643085
chrM	7992	7992	0.000253012429235586
chrM	7993	7993	0.00417153872894479
chrM	7994	7994	0.00094717898525558
chrM	7995	7995	0.00062992125984252
chrM	7996	7996	0.000626919942323365
chrM	7997	7997	0.0105818454238981
chrM	7998	7998	0.00752114346347096
chrM	7999	7999	0.000910289409253563
chrM	8000	8000	0.00317300744557193
chrM	8001	8001	0.00046505859738327
chrM	8002	8002	0.00339778834867486
chrM	8003	8003	0.0013325069724202
chrM	8004	8004	0.00636092838525506
chrM	8005	8005	0.00621408943292531
chrM	8006	8006	0.00241887349605755
chrM	8007	8007	0.00195177233520116
chrM	8008	8008	0.00147854536303007
chrM	8009	8009	6.2996094242157e-05
chrM	8010	8010	6.29941100507103e-05
chrM	8011	8011	0.00031499039279302
chrM	8012	8012	0.000724477903423946
chrM	8013	8013	0.00478996628115842
chrM	8014	8014	0.00613977383078032
chrM	8015	8015	0.000125207374714371
chrM	8016	8016	0.0011540500920121
chrM	8017	8017	0.00205742074254185
chrM	8018	8018	0.0253777000874017
chrM	8019	8019	0.00325597727200179
chrM	8020	8020	0.00608202776716342
chrM	8021	8021	0.000384455194950822
chrM	8022	8022	3.18847049070561e-05
chrM	8023	8023	0.000860310986489931
chrM	8024	8024	0.00989846907921958
chrM	8025	8025	0.000128287363694676
chrM	8026	8026	0.0138115463268838
chrM	8027	8027	0.000605384737932133
chrM	8028	8028	0.00130606523955148
chrM	8029	8029	0.00019133263178035
chrM	8030	8030	0.000286962344163505
chrM	8031	8031	0.00019128383332802
chrM	8032	8032	0.00074831628835121
chrM	8033	8033	0.000278267322140803
chrM	8034	8034	0.000154392465647676
chrM	8035	8035	0.00326797385620915
chrM	8036	8036	0.00291050206160563
chrM	8037	8037	0.00102980373152411
chrM	8038	8038	0.000393533934733911
chrM	8039	8039	6.05235285217128e-05
chrM	8040	8040	0
chrM	8041	8041	0.000302169577566931
chrM	8042	8042	0.00527362584378013
chrM	8043	8043	0.00160072485653881
chrM	8044	8044	0.000151135024030469
chrM	8045	8045	0.00157147174372922
chrM	8046	8046	0.000968229954614221
chrM	8047	8047	0.00573827428951104
chrM	8048	8048	0.00455497859160062
chrM	8049	8049	0.000548947849954254
chrM	8050	8050	0.00237833882180754
chrM	8051	8051	0.0108844781853105
chrM	8052	8052	0.00400678070580983
chrM	8053	8053	0.0181621287128713
chrM	8054	8054	0.00623680977730179
chrM	8055	8055	0.000221870047543582
chrM	8056	8056	9.49817951559285e-05
chrM	8057	8057	0.00258454943738771
chrM	8058	8058	0.00177969276882728
chrM	8059	8059	0.000249571049758228
chrM	8060	8060	0.000530321936610931
chrM	8061	8061	0.00772754183155205
chrM	8062	8062	0.000878376258744549
chrM	8063	8063	6.25234462923596e-05
chrM	8064	8064	0.000687650423530147
chrM	8065	8065	0.00093764650726676
chrM	8066	8066	0.000218941573877143
chrM	8067	8067	0.00669251938954216
chrM	8068	8068	0.00238073153387132
chrM	8069	8069	0.00381538461538462
chrM	8070	8070	0.000920509546574814
chrM	8071	8071	0.00115809478560399
chrM	8072	8072	0.000861454372623574
chrM	8073	8073	0.000207518083718724
chrM	8074	8074	0.00752212389380531
chrM	8075	8075	0.000326700326700327
chrM	8076	8076	0.000622406639004149
chrM	8077	8077	0.000563163198766969
chrM	8078	8078	0.00872272313430644
chrM	8079	8079	0.0108076184851617
chrM	8080	8080	0.00273744346584147
chrM	8081	8081	0.00583785071781736
chrM	8082	8082	5.98927919024945e-05
chrM	8083	8083	0.000957739734227224
chrM	8084	8084	0.00342465753424658
chrM	8085	8085	0.00278420913806747
chrM	8086	8086	0.00276040290135965
chrM	8087	8087	0.000412189018106875
chrM	8088	8088	0.00480938416422287
chrM	8089	8089	0.00377244189888754
chrM	8090	8090	0.00232424598725766
chrM	8091	8091	0.000519864288059538
chrM	8092	8092	0.000847133409848609
chrM	8093	8093	8.19873739444126e-05
chrM	8094	8094	0.00254140022954583
chrM	8095	8095	0.00541338582677165
chrM	8096	8096	0.000219508848950473
chrM	8097	8097	5.48516263507213e-05
chrM	8098	8098	0.000301411152212632
chrM	8099	8099	0.00361138264364071
chrM	8100	8100	0.00133514986376022
chrM	8101	8101	0.000736598008457236
chrM	8102	8102	0.000351779190907861
chrM	8103	8103	0.000459335314779789
chrM	8104	8104	0.000971188086759469
chrM	8105	8105	0.0113247229487421
chrM	8106	8106	0.0131912458095991
chrM	8107	8107	8.28569061231254e-05
chrM	8108	8108	0.0147163802097633
chrM	8109	8109	0.00939839201552537
chrM	8110	8110	0.000447052249231629
chrM	8111	8111	0.00162239454435462
chrM	8112	8112	0.00335856847900895
chrM	8113	8113	0.0451819600755771
chrM	8114	8114	0.00174910394265233
chrM	8115	8115	0.00965080090226423
chrM	8116	8116	0.00345383375546857
chrM	8117	8117	0.00710202667590507
chrM	8118	8118	0.0103658536585366
chrM	8119	8119	0.0121157005397794
chrM	8120	8120	0.0191746069205581
chrM	8121	8121	0.00502336448598131
chrM	8122	8122	0.00150080812745324
chrM	8123	8123	0.00401409264179277
chrM	8124	8124	0.00627167630057804
chrM	8125	8125	0.0023726487908067
chrM	8126	8126	0.00168923755260973
chrM	8127	8127	0.00050734237154373
chrM	8128	8128	0.00239146948766283
chrM	8129	8129	0.0043675505086083
chrM	8130	8130	5.66027056093281e-05
chrM	8131	8131	0.0144796380090498
chrM	8132	8132	0.00180536451169188
chrM	8133	8133	0.000430181536608449
chrM	8134	8134	0.000485423031895149
chrM	8135	8135	0.00276905509563232
chrM	8136	8136	0.00968184154909465
chrM	8137	8137	0.00198927521190106
chrM	8138	8138	0.00447188482732754
chrM	8139	8139	0.00370821020916623
chrM	8140	8140	0.00472094303009239
chrM	8141	8141	0.000868507903421921
chrM	8142	8142	0.0121905313450123
chrM	8143	8143	0.0021034180543383
chrM	8144	8144	0.00280948200175593
chrM	8145	8145	0.00161323438829085
chrM	8146	8146	0.00742719586660404
chrM	8147	8147	0.000646982707916716
chrM	8148	8148	0.000176201104193586
chrM	8149	8149	0.00163804955099892
chrM	8150	8150	0.00081998418601927
chrM	8151	8151	0.00464531962136263
chrM	8152	8152	0.000909811287529716
chrM	8153	8153	0.00167332080789103
chrM	8154	8154	8.81393777359932e-05
chrM	8155	8155	0.000146735143066764
chrM	8156	8156	0.00032273207370027
chrM	8157	8157	0.000410834287055785
chrM	8158	8158	0.00119610245638602
chrM	8159	8159	8.73387871553757e-05
chrM	8160	8160	0.00165635079766367
chrM	8161	8161	0.00622799103634935
chrM	8162	8162	0.000789796992921079
chrM	8163	8163	0.000556140967099871
chrM	8164	8164	0.00228203627852545
chrM	8165	8165	0.0121441022661243
chrM	8166	8166	0.00017636684303351
chrM	8167	8167	8.81911985183879e-05
chrM	8168	8168	0.00191047232754313
chrM	8169	8169	0.000205809714218511
chrM	8170	8170	0.00114332619975961
chrM	8171	8171	0.000352143674619245
chrM	8172	8172	0.000616287600880411
chrM	8173	8173	0.000410991075622358
chrM	8174	8174	0.000528556746439583
chrM	8175	8175	0.013866854691815
chrM	8176	8176	0.00765496083162065
chrM	8177	8177	3.00138063509214e-05
chrM	8178	8178	6.00294144130624e-05
chrM	8179	8179	0.000419450519819037
chrM	8180	8180	0.00260744470418989
chrM	8181	8181	0.0028541385008262
chrM	8182	8182	0.00144486920923512
chrM	8183	8183	0.000391766868577284
chrM	8184	8184	0.00234791246500707
chrM	8185	8185	0.00111617243355757
chrM	8186	8186	0.00835368979764167
chrM	8187	8187	0.000790634027672191
chrM	8188	8188	0.000304136253041363
chrM	8189	8189	6.02300789014034e-05
chrM	8190	8190	0.000963391136801541
chrM	8191	8191	0.00207749977418481
chrM	8192	8192	0.00123449355654583
chrM	8193	8193	0.000210837022981235
chrM	8194	8194	0.0013840830449827
chrM	8195	8195	0.00429339177950581
chrM	8196	8196	0.00167820432137613
chrM	8197	8197	0.00497408709120152
chrM	8198	8198	0.000568692008380724
chrM	8199	8199	0.00275218379801364
chrM	8200	8200	0.010915851976249
chrM	8201	8201	0.000969961504652784
chrM	8202	8202	3.0304866961634e-05
chrM	8203	8203	0.0104606899859125
chrM	8204	8204	0.00783399114938405
chrM	8205	8205	0.00273199435587979
chrM	8206	8206	0.00970328077389581
chrM	8207	8207	0.00387204384345029
chrM	8208	8208	0.00185334648611485
chrM	8209	8209	0.0126998922256852
chrM	8210	8210	0.0012094395280236
chrM	8211	8211	0.00307224156596542
chrM	8212	8212	0.000879249706916764
chrM	8213	8213	0.00738569753810082
chrM	8214	8214	0.0546485193823625
chrM	8215	8215	0.0449960967993755
chrM	8216	8216	0.00578696135486824
chrM	8217	8217	0.00401025573598054
chrM	8218	8218	0.00122071923457605
chrM	8219	8219	0.0111045597484277
chrM	8220	8220	0.00102669404517454
chrM	8221	8221	0.000865245954174011
chrM	8222	8222	0.0243972813541934
chrM	8223	8223	0.00374544140355488
chrM	8224	8224	0.00616591928251121
chrM	8225	8225	0.0011572160687717
chrM	8226	8226	9.92785756833675e-05
chrM	8227	8227	0.000294021561581183
chrM	8228	8228	0.000521869597834241
chrM	8229	8229	0.000554016620498615
chrM	8230	8230	0.00355338223308883
chrM	8231	8231	0.00320345188284519
chrM	8232	8232	0.0147728389400242
chrM	8233	8233	0.00212546909767195
chrM	8234	8234	0.00049881946060989
chrM	8235	8235	0.011936030854141
chrM	8236	8236	0.000739545515664919
chrM	8237	8237	0.00144532956875399
chrM	8238	8238	0.000538412356563583
chrM	8239	8239	0.000235539553820788
chrM	8240	8240	0.000672404518558365
chrM	8241	8241	0.000571755288736421
chrM	8242	8242	0.00259067357512953
chrM	8243	8243	0.00128161888701518
chrM	8244	8244	0.00121510784082087
chrM	8245	8245	0.000370919881305638
chrM	8246	8246	0.000269450993600539
chrM	8247	8247	0.000269342131842974
chrM	8248	8248	0.000100989699050697
chrM	8249	8249	0.000504880511612252
chrM	8250	8250	0.000168287839520716
chrM	8251	8251	0.00354978065034661
chrM	8252	8252	0.000201626453390685
chrM	8253	8253	0.000268763018208694
chrM	8254	8254	0.00120906801007557
chrM	8255	8255	0.00382460495856678
chrM	8256	8256	0.000774567252643632
chrM	8257	8257	0.000707761787604058
chrM	8258	8258	0.000101163378856854
chrM	8259	8259	6.74468013354467e-05
chrM	8260	8260	0.000876837987319574
chrM	8261	8261	0.0268947830195046
chrM	8262	8262	0.000138705874193772
chrM	8263	8263	0.000346740638002774
chrM	8264	8264	0.00790788013318535
chrM	8265	8265	0.00192274077958399
chrM	8266	8266	0.0131311716506758
chrM	8267	8267	0.000212879191059074
chrM	8268	8268	3.5486160397445e-05
chrM	8269	8269	0.00134794792664325
chrM	8270	8270	0.000532670454545455
chrM	8271	8271	0.00561139325922506
chrM	8272	8272	0.000321417092246705
chrM	8273	8273	0.000464368637256653
chrM	8274	8274	0.00332261521972133
chrM	8275	8275	0.00025088706497975
chrM	8276	8276	0.000215084599942644
chrM	8277	8277	0.0461747073936626
chrM	8278	8278	0.000299266796348945
chrM	8279	8279	0.000299356383774884
chrM	8280	8280	0.00183410690223087
chrM	8281	8281	0.00449943757030371
chrM	8282	8282	0
chrM	8283	8283	0.000112926296770308
chrM	8284	8284	0.000376166114956365
chrM	8285	8285	0.0019503413097292
chrM	8286	8286	0.00198204936424832
chrM	8287	8287	0.00570874221111153
chrM	8288	8288	0.000595503945213637
chrM	8289	8289	0.0038529934795495
chrM	8290	8290	0.00182156133828996
chrM	8291	8291	0.0233149171270718
chrM	8292	8292	0.00425628083920298
chrM	8293	8293	0.0307309552176046
chrM	8294	8294	0.00180616262688292
chrM	8295	8295	0.00718395939812002
chrM	8296	8296	0.00268701633705933
chrM	8297	8297	0.00789974505368236
chrM	8298	8298	0.00405121898285466
chrM	8299	8299	0.038123911781776
chrM	8300	8300	0.000675194118309014
chrM	8301	8301	0.00592620201267238
chrM	8302	8302	0.00756115641215715
chrM	8303	8303	0.0306297567527235
chrM	8304	8304	0.0372962165487542
chrM	8305	8305	0.000317611561060823
chrM	8306	8306	0.00438319380824514
chrM	8307	8307	0.000315395229647152
chrM	8308	8308	0.0004336000630691
chrM	8309	8309	0.000591039836084952
chrM	8310	8310	0.000354526116757268
chrM	8311	8311	0.00422982023264011
chrM	8312	8312	0.0010161012974832
chrM	8313	8313	0.00432158847576406
chrM	8314	8314	0.000742709717770307
chrM	8315	8315	0.0157141740286139
chrM	8316	8316	0.016109193349998
chrM	8317	8317	0.00441838046272494
chrM	8318	8318	0.00169348010160881
chrM	8319	8319	0.000403648986841043
chrM	8320	8320	0.00165262606312225
chrM	8321	8321	0.00157365936327321
chrM	8322	8322	0.00525146435063624
chrM	8323	8323	0.0207327463788696
chrM	8324	8324	0.000537545484617929
chrM	8325	8325	0.00215107139902374
chrM	8326	8326	0.00459989225477601
chrM	8327	8327	0.00514245427777547
chrM	8328	8328	0.000958572976577478
chrM	8329	8329	0.000834202294056309
chrM	8330	8330	0.00158551341427797
chrM	8331	8331	0.00250563768479078
chrM	8332	8332	0.00389170188726618
chrM	8333	8333	0.000629881582262535
chrM	8334	8334	0.00426100760297435
chrM	8335	8335	0.000415161705484286
chrM	8336	8336	0.00207279661719592
chrM	8337	8337	0.00107870389578061
chrM	8338	8338	0.0201007099224038
chrM	8339	8339	0.000294786490356271
chrM	8340	8340	8.424599831508e-05
chrM	8341	8341	0.00105241001894338
chrM	8342	8342	0.000202453739320565
chrM	8343	8343	0.000525231303785706
chrM	8344	8344	0.000564948952826762
chrM	8345	8345	0.000962386719063277
chrM	8346	8346	0.00100108116766107
chrM	8347	8347	0.00376632743008254
chrM	8348	8348	0.00808267653208943
chrM	8349	8349	0.0130827494025679
chrM	8350	8350	0.000614905304583094
chrM	8351	8351	0.00151577222449816
chrM	8352	8352	0.0363414137298839
chrM	8353	8353	0.00625607642558228
chrM	8354	8354	0.00182862002976823
chrM	8355	8355	0.00178692988427502
chrM	8356	8356	0.00617625761383482
chrM	8357	8357	0.00878202668712964
chrM	8358	8358	0.00236538792361947
chrM	8359	8359	0.0187314300477974
chrM	8360	8360	0.00675527481686187
chrM	8361	8361	0.042188879082083
chrM	8362	8362	0.00707720588235294
chrM	8363	8363	0.00221996115067986
chrM	8364	8364	0.000503248238631165
chrM	8365	8365	0.000594883997620464
chrM	8366	8366	0.00541468568409931
chrM	8367	8367	0.00415598196126979
chrM	8368	8368	0.0153947948831054
chrM	8369	8369	0.00303598535583534
chrM	8370	8370	0.00524724297403059
chrM	8371	8371	0.0125739644970414
chrM	8372	8372	0.014989010989011
chrM	8373	8373	0.0106743035667795
chrM	8374	8374	0.00275217334323533
chrM	8375	8375	0.000612128896856281
chrM	8376	8376	0.00244680386245467
chrM	8377	8377	0.000437885886937864
chrM	8378	8378	8.71080139372822e-05
chrM	8379	8379	0.00251889168765743
chrM	8380	8380	0.00155689140682437
chrM	8381	8381	0.0014291901255955
chrM	8382	8382	0.00190344350233604
chrM	8383	8383	0.00329510441629579
chrM	8384	8384	0.00201760034342134
chrM	8385	8385	0.00124656121045392
chrM	8386	8386	0.00618317660698184
chrM	8387	8387	4.30348151654689e-05
chrM	8388	8388	0.0011997600479904
chrM	8389	8389	0.0132814482700279
chrM	8390	8390	0.00241484494153533
chrM	8391	8391	0.00163378157597084
chrM	8392	8392	0.000960013356707572
chrM	8393	8393	0.00324661810613944
chrM	8394	8394	0.0145084182082727
chrM	8395	8395	0.000874162261166382
chrM	8396	8396	0.00116274241102944
chrM	8397	8397	8.31462542612455e-05
chrM	8398	8398	0.0126776318515143
chrM	8399	8399	0.0018816642274723
chrM	8400	8400	0.000418550142307048
chrM	8401	8401	0.00581467790837729
chrM	8402	8402	0.000292336604719148
chrM	8403	8403	0.000334029227557411
chrM	8404	8404	0.00104371059992485
chrM	8405	8405	0.00677031093279839
chrM	8406	8406	0.0146310962901209
chrM	8407	8407	0.000928936367858802
chrM	8408	8408	0.0010948290382348
chrM	8409	8409	0.00439661669876895
chrM	8410	8410	0.0011345967979157
chrM	8411	8411	0.0443867509735773
chrM	8412	8412	0.00333030578262186
chrM	8413	8413	0.000910075839653304
chrM	8414	8414	0.0012972972972973
chrM	8415	8415	4.31331953071084e-05
chrM	8416	8416	0.000386647763887099
chrM	8417	8417	0.000171880371261602
chrM	8418	8418	0.002249289139753
chrM	8419	8419	0.00127496812579686
chrM	8420	8420	0.000170010200612037
chrM	8421	8421	0.00259023354564756
chrM	8422	8422	0.00157406619586489
chrM	8423	8423	0.000934500042477275
chrM	8424	8424	0.000552486187845304
chrM	8425	8425	0.000974122231163441
chrM	8426	8426	0.00389417989417989
chrM	8427	8427	0.000722267068870289
chrM	8428	8428	0.00178472782900608
chrM	8429	8429	0.00412397432081969
chrM	8430	8430	4.26366504647395e-05
chrM	8431	8431	0.00537543384407009
chrM	8432	8432	0.000255026140179368
chrM	8433	8433	0.00962472033433239
chrM	8434	8434	0.000722758386123039
chrM	8435	8435	0.000722942802466511
chrM	8436	8436	0.0123776016277394
chrM	8437	8437	0.000213730016243481
chrM	8438	8438	0.000170910955392241
chrM	8439	8439	0.0105074320861097
chrM	8440	8440	0.000690369347600966
chrM	8441	8441	0.0173744341452899
chrM	8442	8442	0.000524017467248908
chrM	8443	8443	0.00348842279684298
chrM	8444	8444	0.00117996678612009
chrM	8445	8445	0.000437196694792987
chrM	8446	8446	0.00308977762304713
chrM	8447	8447	0.000349009685018759
chrM	8448	8448	0.00542652485348383
chrM	8449	8449	0.000436414419132408
chrM	8450	8450	0.000785340314136126
chrM	8451	8451	0.000742098830103021
chrM	8452	8452	0.00165656741793452
chrM	8453	8453	0.00108975197245107
chrM	8454	8454	0.000261768683739802
chrM	8455	8455	0.000567140738155484
chrM	8456	8456	0.000958689210388705
chrM	8457	8457	0.00270411723656664
chrM	8458	8458	0.00260631597237305
chrM	8459	8459	0.00173882802990784
chrM	8460	8460	0.00104103409386657
chrM	8461	8461	0.00112793371220338
chrM	8462	8462	0.00529123476601466
chrM	8463	8463	0.00692629377940408
chrM	8464	8464	0.00048220234964054
chrM	8465	8465	0.000219038857493319
chrM	8466	8466	0.000613389414651244
chrM	8467	8467	0.00175277157004513
chrM	8468	8468	0.00214884006490374
chrM	8469	8469	0.00599195241427572
chrM	8470	8470	0.00224234963067183
chrM	8471	8471	0.0142706131078224
chrM	8472	8472	0.00328130542745654
chrM	8473	8473	0.0145949782627983
chrM	8474	8474	0.00233760395594516
chrM	8475	8475	0.00126012601260126
chrM	8476	8476	0.000315244314343616
chrM	8477	8477	4.49195939268709e-05
chrM	8478	8478	0.0027189659014932
chrM	8479	8479	0.00120385232744783
chrM	8480	8480	0.00022226173541963
chrM	8481	8481	0.000399769022342646
chrM	8482	8482	0.000133138064172547
chrM	8483	8483	0.00898548158640227
chrM	8484	8484	8.87784090909091e-05
chrM	8485	8485	0.000487178351565614
chrM	8486	8486	0.00270990864985358
chrM	8487	8487	8.76501007976159e-05
chrM	8488	8488	0.00153018843177546
chrM	8489	8489	0.0010069170825672
chrM	8490	8490	0.00201295291440574
chrM	8491	8491	8.75733426744899e-05
chrM	8492	8492	0.00598619243205453
chrM	8493	8493	0.00501054852320675
chrM	8494	8494	0.00326638711101302
chrM	8495	8495	0.000707964601769912
chrM	8496	8496	0.000398494576046048
chrM	8497	8497	0.000575756233668453
chrM	8498	8498	0.000886171296911693
chrM	8499	8499	0.00381205673758865
chrM	8500	8500	0.000266607420573206
chrM	8501	8501	0.0331942841927754
chrM	8502	8502	0.0111513927768345
chrM	8503	8503	0.00180974477958237
chrM	8504	8504	0.0030114899925871
chrM	8505	8505	0.000557103064066852
chrM	8506	8506	0.00315750371471025
chrM	8507	8507	0.00470401937497089
chrM	8508	8508	0.00360284484372076
chrM	8509	8509	0.00356841017935956
chrM	8510	8510	0.00875047045540083
chrM	8511	8511	0.000427127331403351
chrM	8512	8512	0.000142429853297251
chrM	8513	8513	0.000142389292325217
chrM	8514	8514	0.000284481532407188
chrM	8515	8515	0.00213239823721746
chrM	8516	8516	0.00787962215787725
chrM	8517	8517	0.000526164737395963
chrM	8518	8518	0.000334960283280697
chrM	8519	8519	0.00214961306964746
chrM	8520	8520	0.0052458390958081
chrM	8521	8521	0.000383160113032233
chrM	8522	8522	0.000142863945902186
chrM	8523	8523	9.48271774690626e-05
chrM	8524	8524	0.00122774708410068
chrM	8525	8525	0.00259409489670786
chrM	8526	8526	0.00741825741825742
chrM	8527	8527	0.00247489410308886
chrM	8528	8528	0.000333523918429579
chrM	8529	8529	0.0155961128229438
chrM	8530	8530	0.00360542255552351
chrM	8531	8531	0.00110699330991
chrM	8532	8532	0.00182280424041829
chrM	8533	8533	0.00052800844813517
chrM	8534	8534	0.00168051087530609
chrM	8535	8535	0.00149095806079261
chrM	8536	8536	0.0414480335050306
chrM	8537	8537	0.00105458745543113
chrM	8538	8538	0.00391861341371515
chrM	8539	8539	0.00862373291643552
chrM	8540	8540	0.00203231378924906
chrM	8541	8541	0.00137306753458096
chrM	8542	8542	0.0209743929135061
chrM	8543	8543	0.00851212106127732
chrM	8544	8544	0.00318439645735894
chrM	8545	8545	0.00299069027060923
chrM	8546	8546	0.00207980652962515
chrM	8547	8547	0.00261181847861574
chrM	8548	8548	0.00213536347600037
chrM	8549	8549	0.000881547812369508
chrM	8550	8550	0.0003150031500315
chrM	8551	8551	0.000224587881237928
chrM	8552	8552	0.000134210173131123
chrM	8553	8553	0.000134198165958399
chrM	8554	8554	0.000710732054015636
chrM	8555	8555	0.000398282957914767
chrM	8556	8556	0.000619112899659488
chrM	8557	8557	0.000437273164545892
chrM	8558	8558	0.000568604295149368
chrM	8559	8559	0.000346110582331055
chrM	8560	8560	0.00138026224982747
chrM	8561	8561	0.000560828300258844
chrM	8562	8562	0.000129010062784897
chrM	8563	8563	0.00331040412725709
chrM	8564	8564	0.000301516195727085
chrM	8565	8565	0.00617469233737833
chrM	8566	8566	0.000215554405932057
chrM	8567	8567	0.00224195912736052
chrM	8568	8568	0.00772917656202772
chrM	8569	8569	0.000912726008344923
chrM	8570	8570	0.0183705376530878
chrM	8571	8571	0.0019024023359731
chrM	8572	8572	0.00598298174082609
chrM	8573	8573	0.00490414623272403
chrM	8574	8574	0.00215034495116925
chrM	8575	8575	4.45930880713489e-05
chrM	8576	8576	0.0388607931860527
chrM	8577	8577	0.0333738683961627
chrM	8578	8578	0.00697414915380324
chrM	8579	8579	0.0132014740868592
chrM	8580	8580	0.00828742289400575
chrM	8581	8581	0.00331706392456049
chrM	8582	8582	0.0017029502462374
chrM	8583	8583	0.00207354160906829
chrM	8584	8584	0.00183542367696543
chrM	8585	8585	0.00395188257263213
chrM	8586	8586	0.0130769561663871
chrM	8587	8587	0.00186785978020069
chrM	8588	8588	0.000521739130434783
chrM	8589	8589	0.000390811585392331
chrM	8590	8590	0.000216694114587848
chrM	8591	8591	0.00047076949413678
chrM	8592	8592	0.00106324161102369
chrM	8593	8593	0.000931138104710712
chrM	8594	8594	0.000127059421456101
chrM	8595	8595	0.00118563685636856
chrM	8596	8596	0.00324771183938589
chrM	8597	8597	0.00012660364618501
chrM	8598	8598	0.000253196607165464
chrM	8599	8599	0.000421905324445194
chrM	8600	8600	0.000506222315967096
chrM	8601	8601	0.000927409156057668
chrM	8602	8602	0.00145790811013454
chrM	8603	8603	0.000617996044825313
chrM	8604	8604	0.000450432005241391
chrM	8605	8605	0.000368369351669941
chrM	8606	8606	0.00053121935272965
chrM	8607	8607	0.0017970919784349
chrM	8608	8608	0.00138781174741826
chrM	8609	8609	0.000815594160345812
chrM	8610	8610	8.16159967353601e-05
chrM	8611	8611	0.000652262535670607
chrM	8612	8612	0.00566468334827614
chrM	8613	8613	0.00258038091337293
chrM	8614	8614	0.00652762952623368
chrM	8615	8615	0.000288671697801971
chrM	8616	8616	0.000206219582611565
chrM	8617	8617	0.00202036861419206
chrM	8618	8618	0.00289065080938223
chrM	8619	8619	0.0574845838678972
chrM	8620	8620	0.00179982440737489
chrM	8621	8621	0.00639341390786478
chrM	8622	8622	0.00641955766609506
chrM	8623	8623	0.00464108910891089
chrM	8624	8624	0.00315037493898922
chrM	8625	8625	0.00546666666666667
chrM	8626	8626	0.00320812725571448
chrM	8627	8627	0.000536240950933953
chrM	8628	8628	0.0017825311942959
chrM	8629	8629	0.000309105360770114
chrM	8630	8630	0.00321926265655318
chrM	8631	8631	0.00269137436576219
chrM	8632	8632	0.00265298903431199
chrM	8633	8633	0.000663951841359773
chrM	8634	8634	0.000835274981316218
chrM	8635	8635	0.000601477917167898
chrM	8636	8636	0.000891454769283016
chrM	8637	8637	0.00359697008167238
chrM	8638	8638	4.22297297297297e-05
chrM	8639	8639	0.00565233897161176
chrM	8640	8640	0.00110253583241455
chrM	8641	8641	0.00504879083580823
chrM	8642	8642	0.00233644859813084
chrM	8643	8643	0.000765827093260722
chrM	8644	8644	0.0145593869731801
chrM	8645	8645	0.00155420282346846
chrM	8646	8646	0.00176800344976283
chrM	8647	8647	0.00384233475801925
chrM	8648	8648	0.000693120776295269
chrM	8649	8649	0.00428905640759033
chrM	8650	8650	0.00149594847288593
chrM	8651	8651	0.0040417371221182
chrM	8652	8652	0.00165631469979296
chrM	8653	8653	0.00922211653777759
chrM	8654	8654	0.00354107648725212
chrM	8655	8655	0.000376128385155466
chrM	8656	8656	0.00200518004845852
chrM	8657	8657	0.000836995187277673
chrM	8658	8658	0.000836995187277673
chrM	8659	8659	0.000125381368328666
chrM	8660	8660	0.00125099036737417
chrM	8661	8661	0.00539649845520082
chrM	8662	8662	4.13838768415825e-05
chrM	8663	8663	0.00782537067545305
chrM	8664	8664	0.000785773366418528
chrM	8665	8665	0.0307597788244931
chrM	8666	8666	0.000211121901786091
chrM	8667	8667	0.00413327709827077
chrM	8668	8668	0.000381033022861981
chrM	8669	8669	0.00405525281966798
chrM	8670	8670	0.00316482403578361
chrM	8671	8671	0.00326332524474939
chrM	8672	8672	0.000584770895117163
chrM	8673	8673	0
chrM	8674	8674	0.00411865041394517
chrM	8675	8675	0.000667306168411394
chrM	8676	8676	0.00166729190112959
chrM	8677	8677	0.00330469266358229
chrM	8678	8678	0.000124295657938349
chrM	8679	8679	0.00078557843380468
chrM	8680	8680	0.00712344560652228
chrM	8681	8681	0.00380448267306261
chrM	8682	8682	0.00483491053349312
chrM	8683	8683	0.0131481936593758
chrM	8684	8684	0.00194705663034923
chrM	8685	8685	0.00207357027329656
chrM	8686	8686	0.00930480406624037
chrM	8687	8687	0.00392318810654553
chrM	8688	8688	0.000165467030694134
chrM	8689	8689	8.26651235843598e-05
chrM	8690	8690	0.00139917695473251
chrM	8691	8691	0.00100977461830519
chrM	8692	8692	0.000361286178796516
chrM	8693	8693	0.00164275983652536
chrM	8694	8694	0.00440563921819929
chrM	8695	8695	0.000400657077607276
chrM	8696	8696	0.000320564192979644
chrM	8697	8697	0.00563657863618447
chrM	8698	8698	0.00015844094113919
chrM	8699	8699	0.000118291865462718
chrM	8700	8700	3.93421984420489e-05
chrM	8701	8701	0.00182829283156852
chrM	8702	8702	0.000343288705801579
chrM	8703	8703	0.00114455762847659
chrM	8704	8704	0.000572388002747462
chrM	8705	8705	0.000228458287324373
chrM	8706	8706	0.000302720702312029
chrM	8707	8707	0.00124228278873664
chrM	8708	8708	0.000451875282422052
chrM	8709	8709	0
chrM	8710	8710	0.000677404786993828
chrM	8711	8711	0.00381479542224549
chrM	8712	8712	0.00138878462577885
chrM	8713	8713	0.000187871045314496
chrM	8714	8714	0.00108973395460694
chrM	8715	8715	0.00131588841266261
chrM	8716	8716	0.0297567739759397
chrM	8717	8717	0.0117265854034871
chrM	8718	8718	0.00594521080240917
chrM	8719	8719	0.000703399765533411
chrM	8720	8720	0.00171186242851029
chrM	8721	8721	0.00271086670281156
chrM	8722	8722	0.0617703010183147
chrM	8723	8723	0.00557759534938529
chrM	8724	8724	0.00216765853466283
chrM	8725	8725	0.00129615082482325
chrM	8726	8726	0.00596840257460503
chrM	8727	8727	0.0140861027190332
chrM	8728	8728	0.014862475072431
chrM	8729	8729	0.00689915174363808
chrM	8730	8730	0.000530765439587519
chrM	8731	8731	0.0333396048918156
chrM	8732	8732	0.00208349409676673
chrM	8733	8733	0.00157385895225961
chrM	8734	8734	3.73692077727952e-05
chrM	8735	8735	0.000485400642222388
chrM	8736	8736	0.000261398857313567
chrM	8737	8737	0.00645568211330835
chrM	8738	8738	0.00205139681474022
chrM	8739	8739	0.00403090359422237
chrM	8740	8740	0.000149857635246516
chrM	8741	8741	0.000673980604335942
chrM	8742	8742	0.00901069318776639
chrM	8743	8743	0.00448194041655682
chrM	8744	8744	0.00431148594985061
chrM	8745	8745	0.000189818154208268
chrM	8746	8746	0.000151808417776766
chrM	8747	8747	0.000979801025022611
chrM	8748	8748	0.000678195998643608
chrM	8749	8749	0.00286403376545071
chrM	8750	8750	0.00041561189405675
chrM	8751	8751	0.000302160447197462
chrM	8752	8752	0.000638042335985588
chrM	8753	8753	0.00304133969136034
chrM	8754	8754	0.000601684717208183
chrM	8755	8755	0.000300672755289961
chrM	8756	8756	0.00187835756414591
chrM	8757	8757	0.00199300567818599
chrM	8758	8758	0.0120418454128095
chrM	8759	8759	0.00117736422331941
chrM	8760	8760	0.000911646281242878
chrM	8761	8761	0.0023553546328306
chrM	8762	8762	0.000456742663570966
chrM	8763	8763	0.0139697765597046
chrM	8764	8764	0.00177270800416201
chrM	8765	8765	0.000308641975308642
chrM	8766	8766	0.00335402289988049
chrM	8767	8767	0.0076203001701996
chrM	8768	8768	0.00654333008763389
chrM	8769	8769	0.000392033871726517
chrM	8770	8770	0.00623358293801702
chrM	8771	8771	7.87742723226594e-05
chrM	8772	8772	0.000228684681937722
chrM	8773	8773	0.000374672161858374
chrM	8774	8774	0.000635110397130795
chrM	8775	8775	0.000822337681755317
chrM	8776	8776	0.00227867015315652
chrM	8777	8777	0.00100025932649205
chrM	8778	8778	3.70480142264375e-05
chrM	8779	8779	0.000146966969173678
chrM	8780	8780	0.000439013682593108
chrM	8781	8781	7.30727073438071e-05
chrM	8782	8782	0.000876808417360807
chrM	8783	8783	0.00358291898215853
chrM	8784	8784	0.00399311279627798
chrM	8785	8785	0
chrM	8786	8786	3.67161110295198e-05
chrM	8787	8787	0.00296746776084408
chrM	8788	8788	0.00187238416917542
chrM	8789	8789	0.000367741698231162
chrM	8790	8790	0.00099304865938431
chrM	8791	8791	0.0022822645954502
chrM	8792	8792	0.000221361372440509
chrM	8793	8793	7.37925690882928e-05
chrM	8794	8794	0.000922168941350055
chrM	8795	8795	0.00103130755064457
chrM	8796	8796	3.68432687348022e-05
chrM	8797	8797	3.6831055946374e-05
chrM	8798	8798	0.000331479503517366
chrM	8799	8799	0.00154667648683484
chrM	8800	8800	0.00235779546124374
chrM	8801	8801	0.000406173842404549
chrM	8802	8802	0.00084949215143121
chrM	8803	8803	0.000295683027794205
chrM	8804	8804	0.00014786884033862
chrM	8805	8805	0.000850371575405775
chrM	8806	8806	0.00878293601003764
chrM	8807	8807	0.000148345942738466
chrM	8808	8808	0
chrM	8809	8809	3.69740442209569e-05
chrM	8810	8810	7.37762366741673e-05
chrM	8811	8811	0.00047878609310548
chrM	8812	8812	0.000368391969055075
chrM	8813	8813	3.68324125230203e-05
chrM	8814	8814	7.35510444248308e-05
chrM	8815	8815	0.00166725789286981
chrM	8816	8816	0.00127899953813906
chrM	8817	8817	0.00156522357795881
chrM	8818	8818	0.000711921119139999
chrM	8819	8819	0.00113887109402804
chrM	8820	8820	0
chrM	8821	8821	3.54773477134849e-05
chrM	8822	8822	0.00753472222222222
chrM	8823	8823	0.00178415252754941
chrM	8824	8824	0.00185743323754118
chrM	8825	8825	0.000561699139898192
chrM	8826	8826	0.00462314373774166
chrM	8827	8827	0.000384749912556838
chrM	8828	8828	0.000104326053693142
chrM	8829	8829	0.00111064834096904
chrM	8830	8830	0.00779041709755257
chrM	8831	8831	0.0108231865958997
chrM	8832	8832	0.01263118205241
chrM	8833	8833	0.00034965034965035
chrM	8834	8834	3.17178381121543e-05
chrM	8835	8835	0.000472679145396105
chrM	8836	8836	0.000189095493224078
chrM	8837	8837	0.000408355583477305
chrM	8838	8838	0.000156966158096314
chrM	8839	8839	0.000187324383390571
chrM	8840	8840	0.000186892599053077
chrM	8841	8841	0.000496231740222684
chrM	8842	8842	0.0015179677819083
chrM	8843	8843	0.000682466807296191
chrM	8844	8844	0
chrM	8845	8845	0.0026105743263518
chrM	8846	8846	6.01106035104592e-05
chrM	8847	8847	0.00110536850596003
chrM	8848	8848	0.00166820578509935
chrM	8849	8849	0.0125364778750521
chrM	8850	8850	0.00204948913469363
chrM	8851	8851	0.0118983234180638
chrM	8852	8852	0.00231101380526668
chrM	8853	8853	6.09198903441974e-05
chrM	8854	8854	0.00351121469867119
chrM	8855	8855	0.0024573006097746
chrM	8856	8856	0.00270303103930025
chrM	8857	8857	0.00453701166225145
chrM	8858	8858	0.00027518728023238
chrM	8859	8859	0.00229336758095588
chrM	8860	8860	0.000673998958365246
chrM	8861	8861	0.00162397352616742
chrM	8862	8862	0.000827839950942818
chrM	8863	8863	0.000122706914534634
chrM	8864	8864	0.00187139526322248
chrM	8865	8865	3.07342410179181e-05
chrM	8866	8866	0.000921913893242371
chrM	8867	8867	0.00243442273750837
chrM	8868	8868	0
chrM	8869	8869	0.000576157552901739
chrM	8870	8870	0.000706380974805745
chrM	8871	8871	0.0013854760286506
chrM	8872	8872	0.00083422404129409
chrM	8873	8873	0.000441455244228622
chrM	8874	8874	0.00189635017534745
chrM	8875	8875	0.000103966314913968
chrM	8876	8876	2.59302476338649e-05
chrM	8877	8877	0.00062140748796023
chrM	8878	8878	0.000854435295945316
chrM	8879	8879	0.0104831005189909
chrM	8880	8880	5.2147159283498e-05
chrM	8881	8881	0.000104239960388815
chrM	8882	8882	0.000130215115370592
chrM	8883	8883	0.00265176134147927
chrM	8884	8884	0.000338444716357293
chrM	8885	8885	0.000232000618668316
chrM	8886	8886	5.1505240658237e-05
chrM	8887	8887	0.000180231210896264
chrM	8888	8888	0.00054040144107051
chrM	8889	8889	0.00120943876894573
chrM	8890	8890	0.00466158442361183
chrM	8891	8891	0.000595114883046988
chrM	8892	8892	0.000491883915395967
chrM	8893	8893	0.00108785743887277
chrM	8894	8894	0.000699898903491718
chrM	8895	8895	0
chrM	8896	8896	2.59268861809697e-05
chrM	8897	8897	0.000103688726443217
chrM	8898	8898	0.0107415195196717
chrM	8899	8899	0.00271446862996159
chrM	8900	8900	0.000513531556514148
chrM	8901	8901	7.69803186985194e-05
chrM	8902	8902	0.00205222923400544
chrM	8903	8903	0.00084682696502348
chrM	8904	8904	0.000128409266012635
chrM	8905	8905	0.000410825245211318
chrM	8906	8906	0.000790816326530612
chrM	8907	8907	0.0037260106165782
chrM	8908	8908	0.00378836358051552
chrM	8909	8909	0.00474395466317922
chrM	8910	8910	0.000231827314409356
chrM	8911	8911	0.000230911330049261
chrM	8912	8912	0.00405242504296084
chrM	8913	8913	0.00117454805433561
chrM	8914	8914	0.00130248237817959
chrM	8915	8915	0
chrM	8916	8916	0.000997238416692237
chrM	8917	8917	0.0137939859245042
chrM	8918	8918	0
chrM	8919	8919	0.00103737130112295
chrM	8920	8920	7.78755548633284e-05
chrM	8921	8921	0.000597076919083097
chrM	8922	8922	0.000467544611548352
chrM	8923	8923	0.0035340280123691
chrM	8924	8924	0.0010161012974832
chrM	8925	8925	2.60803797303289e-05
chrM	8926	8926	0.000339044936494275
chrM	8927	8927	0.000573933006365439
chrM	8928	8928	0.00200991908117985
chrM	8929	8929	0.00170010200612037
chrM	8930	8930	0.00241020670142255
chrM	8931	8931	2.62611938338717e-05
chrM	8932	8932	5.25182500919069e-05
chrM	8933	8933	0.000630252100840336
chrM	8934	8934	0.00564838167297184
chrM	8935	8935	0.00132089926822181
chrM	8936	8936	0.000105811708065497
chrM	8937	8937	0.000317460317460317
chrM	8938	8938	0.000132313636243351
chrM	8939	8939	0.00436658109931987
chrM	8940	8940	0.000877123036440475
chrM	8941	8941	0.000239393536374518
chrM	8942	8942	0.00106419772793785
chrM	8943	8943	0.000346232721655525
chrM	8944	8944	0.0118825598124367
chrM	8945	8945	0.000727900142884102
chrM	8946	8946	0.00051230889530024
chrM	8947	8947	0.000269745360379801
chrM	8948	8948	0.000161890885543144
chrM	8949	8949	0.00207788002266778
chrM	8950	8950	0.00127081981397361
chrM	8951	8951	0.000974526948377142
chrM	8952	8952	0.00140902316759247
chrM	8953	8953	0.000108527552432374
chrM	8954	8954	0.000677837427471395
chrM	8955	8955	0.000216972688562827
chrM	8956	8956	0.00200732402007324
chrM	8957	8957	0.00372343316845138
chrM	8958	8958	0.00177319475134354
chrM	8959	8959	0.000273253907530878
chrM	8960	8960	0.00300480769230769
chrM	8961	8961	0.0104623137598598
chrM	8962	8962	0.00149447873135361
chrM	8963	8963	0.00282712935502647
chrM	8964	8964	0.00019456334426594
chrM	8965	8965	0.0018068605103686
chrM	8966	8966	5.56963435350469e-05
chrM	8967	8967	0.000862452704206544
chrM	8968	8968	0.00258937520882058
chrM	8969	8969	0.000279142474318892
chrM	8970	8970	0.0056121736702499
chrM	8971	8971	0.00336908304789713
chrM	8972	8972	0.00036618686797555
chrM	8973	8973	0.00287388707314324
chrM	8974	8974	0.00132802124833997
chrM	8975	8975	0.0112311870544302
chrM	8976	8976	0.000715287116248462
chrM	8977	8977	0.007644734581687
chrM	8978	8978	0.0804223036316958
chrM	8979	8979	0.00144295617804824
chrM	8980	8980	0.000753934596173782
chrM	8981	8981	0.004118201823326
chrM	8982	8982	0.011489898989899
chrM	8983	8983	0.0215836526181354
chrM	8984	8984	0.0102140712700692
chrM	8985	8985	0.00365938087231728
chrM	8986	8986	0.00519420366571826
chrM	8987	8987	0.00315940004655958
chrM	8988	8988	0.0130446386868619
chrM	8989	8989	0.0184534270650264
chrM	8990	8990	0.000929688038013911
chrM	8991	8991	0.000930521091811414
chrM	8992	8992	0.00848568471886858
chrM	8993	8993	0.00114802574360758
chrM	8994	8994	0.0118413262285376
chrM	8995	8995	0.00345374449339207
chrM	8996	8996	0.0263697419582891
chrM	8997	8997	0.00406622131861748
chrM	8998	8998	0.00586820236186033
chrM	8999	8999	0.0186251145737855
chrM	9000	9000	0.0300709749719836
chrM	9001	9001	0.00300404390525708
chrM	9002	9002	0.00262680109707575
chrM	9003	9003	0.00898493474303861
chrM	9004	9004	0.000273555043182618
chrM	9005	9005	0.00457334948989563
chrM	9006	9006	0.0273305583915809
chrM	9007	9007	0.00165522809850626
chrM	9008	9008	0.00558026688232915
chrM	9009	9009	0.00585556278464541
chrM	9010	9010	0.001717861671234
chrM	9011	9011	0.00159790224116032
chrM	9012	9012	0.00102585145670907
chrM	9013	9013	0.00702374106629426
chrM	9014	9014	4.13633355393779e-05
chrM	9015	9015	4.13650465356774e-05
chrM	9016	9016	0.0433453163092434
chrM	9017	9017	0.00315307532826538
chrM	9018	9018	0.0115689587937086
chrM	9019	9019	0.0028054179634419
chrM	9020	9020	0.00461558749835158
chrM	9021	9021	0.000927397986221516
chrM	9022	9022	0.00207753171551076
chrM	9023	9023	0.00819454287739192
chrM	9024	9024	0.0322004376758519
chrM	9025	9025	0.0305491462851869
chrM	9026	9026	0.0271299381247025
chrM	9027	9027	0.00298434442270059
chrM	9028	9028	0.00171745424211198
chrM	9029	9029	0.00142548171451042
chrM	9030	9030	0.00551262489540779
chrM	9031	9031	0.0336550358822074
chrM	9032	9032	0.00696542893725992
chrM	9033	9033	0.0149053587085461
chrM	9034	9034	0.00382178943510811
chrM	9035	9035	0.00677877036258539
chrM	9036	9036	0.0264522272775368
chrM	9037	9037	0.0148896859037061
chrM	9038	9038	0.00755736981465137
chrM	9039	9039	0.0415207603801901
chrM	9040	9040	0.042913477151473
chrM	9041	9041	0.231617201695942
chrM	9042	9042	0.00157591994326688
chrM	9043	9043	0.00615530303030303
chrM	9044	9044	0.0358107035096078
chrM	9045	9045	0.00782343737132504
chrM	9046	9046	0.341024151381857
chrM	9047	9047	0.00894206549118388
chrM	9048	9048	0.00228716645489199
chrM	9049	9049	0.00420221571373997
chrM	9050	9050	0.00332183467484349
chrM	9051	9051	0.0394568280809634
chrM	9052	9052	0.0330754867964791
chrM	9053	9053	0.0151724137931034
chrM	9054	9054	0.0284313725490196
chrM	9055	9055	0.000432463600980251
chrM	9056	9056	0.0148521989906273
chrM	9057	9057	0.0223946135831382
chrM	9058	9058	0.0103308878574637
chrM	9059	9059	0.00423472474289171
chrM	9060	9060	0.0258123291831157
chrM	9061	9061	0.154769326683292
chrM	9062	9062	0.000184399778720266
chrM	9063	9063	0.180276497695853
chrM	9064	9064	0.101866426804587
chrM	9065	9065	0.104156234351527
chrM	9066	9066	0.277529346003354
chrM	9067	9067	0.00851063829787234
chrM	9068	9068	0.0105345298478346
chrM	9069	9069	0.00946372239747634
chrM	9070	9070	0.0553123756466375
chrM	9071	9071	0.00923206042803189
chrM	9072	9072	0.00381194409148666
chrM	9073	9073	0.0820229494262643
chrM	9074	9074	0.012494215640907
chrM	9075	9075	0.0253045923149016
chrM	9076	9076	0.00240384615384615
chrM	9077	9077	0.00192122958693564
chrM	9078	9078	0
chrM	9079	9079	0.00192492781520693
chrM	9080	9080	0.029893924783028
chrM	9081	9081	0.0283300198807157
chrM	9082	9082	0.0040920716112532
chrM	9083	9083	0
chrM	9084	9084	0.000513083632632119
chrM	9085	9085	0.00205338809034908
chrM	9086	9086	0.00308641975308642
chrM	9087	9087	0.00309597523219814
chrM	9088	9088	0.0041407867494824
chrM	9089	9089	0.00467775467775468
chrM	9090	9090	0.002088772845953
chrM	9091	9091	0.00784929356357928
chrM	9092	9092	0.00263296471827278
chrM	9093	9093	0.00578947368421053
chrM	9094	9094	0.0322069693769799
chrM	9095	9095	0.0283378746594005
chrM	9096	9096	0.00333518621456365
chrM	9097	9097	0
chrM	9098	9098	0.00334448160535117
chrM	9099	9099	0.00335382895472331
chrM	9100	9100	0.00224340998317443
chrM	9101	9101	0.000560538116591928
chrM	9102	9102	0.00112107623318386
chrM	9103	9103	0.00224466891133558
chrM	9104	9104	0.00505050505050505
chrM	9105	9105	0.0191765369430344
chrM	9106	9106	0.0109132682366456
chrM	9107	9107	0
chrM	9108	9108	0
chrM	9109	9109	0.00116144018583043
chrM	9110	9110	0.000580720092915215
chrM	9111	9111	0.000581057524694945
chrM	9112	9112	0.00348837209302326
chrM	9113	9113	0
chrM	9114	9114	0
chrM	9115	9115	0.00466472303206997
chrM	9116	9116	0.000584795321637427
chrM	9117	9117	0
chrM	9118	9118	0.00584453535943892
chrM	9119	9119	0.00117577895355673
chrM	9120	9120	0.0123602118893467
chrM	9121	9121	0.00178571428571429
chrM	9122	9122	0.000595947556615018
chrM	9123	9123	0
chrM	9124	9124	0.00119189511323004
chrM	9125	9125	0.0167064439140811
chrM	9126	9126	0.00606060606060606
chrM	9127	9127	0.00609756097560976
chrM	9128	9128	0.00306748466257669
chrM	9129	9129	0
chrM	9130	9130	0.000615384615384615
chrM	9131	9131	0
chrM	9132	9132	0.0123152709359606
chrM	9133	9133	0.000623052959501558
chrM	9134	9134	0
chrM	9135	9135	0
chrM	9136	9136	0
chrM	9137	9137	0.000620732464307883
chrM	9138	9138	0
chrM	9139	9139	0.000616142945163278
chrM	9140	9140	0
chrM	9141	9141	0
chrM	9142	9142	0.000605326876513317
chrM	9143	9143	0
chrM	9144	9144	0
chrM	9145	9145	0
chrM	9146	9146	0
chrM	9147	9147	0.000590318772136954
chrM	9148	9148	0.00176159718144451
chrM	9149	9149	0
chrM	9150	9150	0.000551267916207277
chrM	9151	9151	0.0010911074740862
chrM	9152	9152	0
chrM	9153	9153	0.00590762620837809
chrM	9154	9154	0
chrM	9155	9155	0
chrM	9156	9156	0.000529941706412295
chrM	9157	9157	0.00105042016806723
chrM	9158	9158	0.000521920668058455
chrM	9159	9159	0
chrM	9160	9160	0
chrM	9161	9161	0.000486381322957198
chrM	9162	9162	0
chrM	9163	9163	0.000458505272810637
chrM	9164	9164	0.000910332271279017
chrM	9165	9165	0
chrM	9166	9166	0.0004516711833785
chrM	9167	9167	0
chrM	9168	9168	0.000439367311072056
chrM	9169	9169	0.001573564122738
chrM	9170	9170	0.00117233294255569
chrM	9171	9171	0
chrM	9172	9172	0
chrM	9173	9173	0
chrM	9174	9174	0
chrM	9175	9175	0
chrM	9176	9176	0
chrM	9177	9177	0
chrM	9178	9178	0.00109849871841816
chrM	9179	9179	0.00175254118471784
chrM	9180	9180	0.00104493207941484
chrM	9181	9181	0.00174034110685694
chrM	9182	9182	0
chrM	9183	9183	0
chrM	9184	9184	0
chrM	9185	9185	0.000338409475465313
chrM	9186	9186	0
chrM	9187	9187	0
chrM	9188	9188	0.00122473974280465
chrM	9189	9189	0.000306091215182124
chrM	9190	9190	0
chrM	9191	9191	0
chrM	9192	9192	0
chrM	9193	9193	0
chrM	9194	9194	0.000580888759802498
chrM	9195	9195	0
chrM	9196	9196	0
chrM	9197	9197	0
chrM	9198	9198	0
chrM	9199	9199	0
chrM	9200	9200	0
chrM	9201	9201	0
chrM	9202	9202	0.000704390702042733
chrM	9203	9203	0.000464360343626654
chrM	9204	9204	0
chrM	9205	9205	0
chrM	9206	9206	0
chrM	9207	9207	0.00183150183150183
chrM	9208	9208	0
chrM	9209	9209	0
chrM	9210	9210	0
chrM	9211	9211	0.000446229361892012
chrM	9212	9212	0.000440528634361233
chrM	9213	9213	0.000439077936333699
chrM	9214	9214	0
chrM	9215	9215	0.000872410032715376
chrM	9216	9216	0
chrM	9217	9217	0
chrM	9218	9218	0.000206825232678387
chrM	9219	9219	0.0010078613182826
chrM	9220	9220	0
chrM	9221	9221	0.0002
chrM	9222	9222	0.000196540880503145
chrM	9223	9223	0
chrM	9224	9224	0.000192159877017679
chrM	9225	9225	0.00038109756097561
chrM	9226	9226	0.000189789333839438
chrM	9227	9227	0
chrM	9228	9228	0
chrM	9229	9229	0.000539374325782093
chrM	9230	9230	0
chrM	9231	9231	0
chrM	9232	9232	0
chrM	9233	9233	0.000355682020273875
chrM	9234	9234	0
chrM	9235	9235	0
chrM	9236	9236	0.000175592625109745
chrM	9237	9237	0.000173010380622837
chrM	9238	9238	0
chrM	9239	9239	0.000172294968986906
chrM	9240	9240	0.000648929266709929
chrM	9241	9241	0.000478621569878749
chrM	9242	9242	0
chrM	9243	9243	0.00140296180826189
chrM	9244	9244	0.000311817898347365
chrM	9245	9245	0
chrM	9246	9246	0
chrM	9247	9247	0
chrM	9248	9248	0.000148279952550415
chrM	9249	9249	0
chrM	9250	9250	0
chrM	9251	9251	0.000875656742556918
chrM	9252	9252	0.000291375291375291
chrM	9253	9253	0
chrM	9254	9254	0
chrM	9255	9255	0
chrM	9256	9256	0.000420757363253857
chrM	9257	9257	0.000139684313451599
chrM	9258	9258	0
chrM	9259	9259	0.000404639870515241
chrM	9260	9260	0.000133886731824876
chrM	9261	9261	0
chrM	9262	9262	0.000385356454720617
chrM	9263	9263	0
chrM	9264	9264	0
chrM	9265	9265	0
chrM	9266	9266	0
chrM	9267	9267	0.000122699386503067
chrM	9268	9268	0.000245398773006135
chrM	9269	9269	0.000122309197651663
chrM	9270	9270	0
chrM	9271	9271	0
chrM	9272	9272	0.000239664469742361
chrM	9273	9273	0.002263251935676
chrM	9274	9274	0
chrM	9275	9275	0.000117980179329873
chrM	9276	9276	0.00046849379245725
chrM	9277	9277	0.00105324751316559
chrM	9278	9278	0.00233890773009005
chrM	9279	9279	0
chrM	9280	9280	0.000467508181393174
chrM	9281	9281	0.0020910780669145
chrM	9282	9282	0
chrM	9283	9283	0.00034794711203897
chrM	9284	9284	0.000348027842227378
chrM	9285	9285	0
chrM	9286	9286	0.000463499420625724
chrM	9287	9287	0.000231722859460086
chrM	9288	9288	0.000691881918819188
chrM	9289	9289	0.000576767793286423
chrM	9290	9290	0.000115393491807062
chrM	9291	9291	0.00219272937103289
chrM	9292	9292	0.000809622947027527
chrM	9293	9293	0.000343760742523204
chrM	9294	9294	0.000226526220410012
chrM	9295	9295	0
chrM	9296	9296	0.00043108093544563
chrM	9297	9297	0.00129101667563206
chrM	9298	9298	0.00172283837622483
chrM	9299	9299	0.000107446008380789
chrM	9300	9300	0.00032071840923669
chrM	9301	9301	0.00117433543290274
chrM	9302	9302	0
chrM	9303	9303	0
chrM	9304	9304	0.000106860440265014
chrM	9305	9305	0.000203355363497712
chrM	9306	9306	0
chrM	9307	9307	0
chrM	9308	9308	0.000100847115772489
chrM	9309	9309	0.00998629332289015
chrM	9310	9310	0.000889855645639707
chrM	9311	9311	0.00226511719519401
chrM	9312	9312	9.81836033382425e-05
chrM	9313	9313	0.000294290759270159
chrM	9314	9314	0.000392079984316801
chrM	9315	9315	0.000880195599022005
chrM	9316	9316	0.00895813047711782
chrM	9317	9317	0.00480674906807926
chrM	9318	9318	0.000984639621898385
chrM	9319	9319	0.000589448865310934
chrM	9320	9320	0.00235040642444423
chrM	9321	9321	0.0002940599882376
chrM	9322	9322	0.0069221019791362
chrM	9323	9323	0.000391581008321096
chrM	9324	9324	0.000293685756240822
chrM	9325	9325	0.000777227241814826
chrM	9326	9326	0.00164298830578912
chrM	9327	9327	0.00105779401865564
chrM	9328	9328	0.000382738493924026
chrM	9329	9329	0.000382153434603994
chrM	9330	9330	0.000476099790516092
chrM	9331	9331	0.00314345589636121
chrM	9332	9332	0.000952834683182468
chrM	9333	9333	0.00066552576535463
chrM	9334	9334	0.0012346851552854
chrM	9335	9335	0.00271104047863887
chrM	9336	9336	0.00103083122481492
chrM	9337	9337	0.000880514220304658
chrM	9338	9338	0.000524980313238254
chrM	9339	9339	8.73743993010048e-05
chrM	9340	9340	0.000436109899694723
chrM	9341	9341	0.00981328701693443
chrM	9342	9342	0.00678302589130615
chrM	9343	9343	0.00324000996926144
chrM	9344	9344	0.00166680556713059
chrM	9345	9345	0.00398704211313232
chrM	9346	9346	0.000249625561657514
chrM	9347	9347	0.000577510106426862
chrM	9348	9348	0.000330169211721007
chrM	9349	9349	0.000165125495376486
chrM	9350	9350	8.25150589982672e-05
chrM	9351	9351	8.25082508250825e-05
chrM	9352	9352	0.000981675392670157
chrM	9353	9353	0.000654503804303362
chrM	9354	9354	0
chrM	9355	9355	8.18263644546273e-05
chrM	9356	9356	0.000245459008345606
chrM	9357	9357	0.000981755706455044
chrM	9358	9358	0.00875184034025847
chrM	9359	9359	0.000659521846661171
chrM	9360	9360	0.000658870037885027
chrM	9361	9361	0.000494315373208107
chrM	9362	9362	0.00309547083740632
chrM	9363	9363	0.000979751796211626
chrM	9364	9364	0.00204281745383233
chrM	9365	9365	0.000654610915637018
chrM	9366	9366	0.000245318505192575
chrM	9367	9367	8.0768920119538e-05
chrM	9368	9368	0.00345909419998391
chrM	9369	9369	0.00199537073988347
chrM	9370	9370	0.000319514338205927
chrM	9371	9371	0.000716503463100072
chrM	9372	9372	0.000158919348430671
chrM	9373	9373	0.00158818391169697
chrM	9374	9374	0.000632111251580278
chrM	9375	9375	0.00221046814557512
chrM	9376	9376	0.00109272556977833
chrM	9377	9377	0.00792139538426384
chrM	9378	9378	0.00628111834546151
chrM	9379	9379	0.000844529750479846
chrM	9380	9380	0.000842847291395295
chrM	9381	9381	0.000302777988040269
chrM	9382	9382	0.000663374364266234
chrM	9383	9383	0.00476854229330203
chrM	9384	9384	0.000294290759270159
chrM	9385	9385	0
chrM	9386	9386	0.000279095729835334
chrM	9387	9387	0.00663808601853132
chrM	9388	9388	0.00152915826788073
chrM	9389	9389	0.00083513118519034
chrM	9390	9390	0.000208666620296307
chrM	9391	9391	6.95168578380257e-05
chrM	9392	9392	0.0015986654618753
chrM	9393	9393	0.00451420237516494
chrM	9394	9394	6.97301443413988e-05
chrM	9395	9395	0.000278784499581823
chrM	9396	9396	0.00403141725168555
chrM	9397	9397	0.00369183616606297
chrM	9398	9398	0.00311267897904129
chrM	9399	9399	0.00246947455069282
chrM	9400	9400	0.00212649197420771
chrM	9401	9401	0.000480736213172172
chrM	9402	9402	0.00796648581828171
chrM	9403	9403	0.000414765657403567
chrM	9404	9404	0.00344684957948435
chrM	9405	9405	0.000343335851129575
chrM	9406	9406	0.00178204249485949
chrM	9407	9407	0.0202359720126218
chrM	9408	9408	0.000909218072457686
chrM	9409	9409	0.00321745820801567
chrM	9410	9410	0.00195653692963455
chrM	9411	9411	0.00020996640537514
chrM	9412	9412	0.00062989921612542
chrM	9413	9413	0.000349919518510743
chrM	9414	9414	0.000490058807056847
chrM	9415	9415	0.00574310127468833
chrM	9416	9416	0.00195804195804196
chrM	9417	9417	0.000488587980735674
chrM	9418	9418	0.000343430180644275
chrM	9419	9419	0.000410593307329091
chrM	9420	9420	0.000955500955500955
chrM	9421	9421	0.000614166780401256
chrM	9422	9422	0.00238989416182998
chrM	9423	9423	0
chrM	9424	9424	0.000266435755678412
chrM	9425	9425	0.000590473691116651
chrM	9426	9426	0.000326861476106426
chrM	9427	9427	0.0100496120086503
chrM	9428	9428	0.000829928498467824
chrM	9429	9429	0.00209803547587259
chrM	9430	9430	0.000252700739149662
chrM	9431	9431	0.00113414403629261
chrM	9432	9432	0.00175857304358749
chrM	9433	9433	6.28970375495314e-05
chrM	9434	9434	0.0113785557986871
chrM	9435	9435	0.00173155003582517
chrM	9436	9436	0.000179222175757214
chrM	9437	9437	0.00125915750915751
chrM	9438	9438	0.00011444921316166
chrM	9439	9439	0.000114285714285714
chrM	9440	9440	0.000628248329430579
chrM	9441	9441	0.0023879918125995
chrM	9442	9442	0.000113791533909877
chrM	9443	9443	0
chrM	9444	9444	0.000113707430780602
chrM	9445	9445	0.000511683438512707
chrM	9446	9446	5.68407889501506e-05
chrM	9447	9447	0.000282885431400283
chrM	9448	9448	0.000112879557512135
chrM	9449	9449	0
chrM	9450	9450	0.00107078449053201
chrM	9451	9451	0.000282055621368534
chrM	9452	9452	0.000563602547483515
chrM	9453	9453	0
chrM	9454	9454	5.62145145876665e-05
chrM	9455	9455	0
chrM	9456	9456	5.6173463655769e-05
chrM	9457	9457	0.000280662363177098
chrM	9458	9458	0.000336813742000674
chrM	9459	9459	0.00224202679222017
chrM	9460	9460	0.000112309074573226
chrM	9461	9461	0.000168189718001906
chrM	9462	9462	0.000223613595706619
chrM	9463	9463	0.0025619604566973
chrM	9464	9464	0.000724799286351472
chrM	9465	9465	0.0005576622797234
chrM	9466	9466	0.000725203614861096
chrM	9467	9467	0.000669456066945607
chrM	9468	9468	0.00668523676880223
chrM	9469	9469	0.00381037767566962
chrM	9470	9470	0.00302487116289491
chrM	9471	9471	0.000336417157275021
chrM	9472	9472	0.00140150241058415
chrM	9473	9473	0.00308745930167284
chrM	9474	9474	0.00585153811859117
chrM	9475	9475	0.00117693213024716
chrM	9476	9476	0.0012891654055266
chrM	9477	9477	0.00129003309215323
chrM	9478	9478	0.00328599275967697
chrM	9479	9479	0.000773908236594804
chrM	9480	9480	0.00180643748631487
chrM	9481	9481	0.000930232558139535
chrM	9482	9482	0.000869754294411829
chrM	9483	9483	0.000271164379847063
chrM	9484	9484	0.000974289580514208
chrM	9485	9485	0.000974606096702583
chrM	9486	9486	0.000899233007140968
chrM	9487	9487	0.00110613642349223
chrM	9488	9488	0.000632044664489624
chrM	9489	9489	0.00479391381376687
chrM	9490	9490	0.0147343121375202
chrM	9491	9491	0.00199642744562362
chrM	9492	9492	0.00146997060058799
chrM	9493	9493	0.0003147128245476
chrM	9494	9494	0.00209599664640537
chrM	9495	9495	0.00010497034587729
chrM	9496	9496	0.00647587215374974
chrM	9497	9497	0.000524769101595298
chrM	9498	9498	0.00155178455223507
chrM	9499	9499	0.00159616919393456
chrM	9500	9500	0.0172035504138825
chrM	9501	9501	0.00645982186551825
chrM	9502	9502	0.0363538242653191
chrM	9503	9503	0.000551212667869313
chrM	9504	9504	0.000651727076753396
chrM	9505	9505	0.000547127580203929
chrM	9506	9506	0.000895656068069861
chrM	9507	9507	0.0011454753722795
chrM	9508	9508	0.000199381916060213
chrM	9509	9509	0.00128319020827164
chrM	9510	9510	4.93388592855733e-05
chrM	9511	9511	0.000686409099823495
chrM	9512	9512	0.00127301214257736
chrM	9513	9513	0.00117589416952474
chrM	9514	9514	0.000833823817932117
chrM	9515	9515	0.00544064307420841
chrM	9516	9516	0.00103483959986202
chrM	9517	9517	0.000295843400226813
chrM	9518	9518	0.000295639320029564
chrM	9519	9519	0.00489979910823656
chrM	9520	9520	0.00285236549621324
chrM	9521	9521	0.000443677594281489
chrM	9522	9522	0.000295537385479263
chrM	9523	9523	4.92586572090045e-05
chrM	9524	9524	0.000590667454223272
chrM	9525	9525	0.0100418410041841
chrM	9526	9526	0.000546964347869325
chrM	9527	9527	0.000149253731343284
chrM	9528	9528	0.000596777402029043
chrM	9529	9529	0.00383065519128402
chrM	9530	9530	0
chrM	9531	9531	0
chrM	9532	9532	0.00263537367609766
chrM	9533	9533	9.96611520829181e-05
chrM	9534	9534	0.00174407016145107
chrM	9535	9535	0.00129057877494292
chrM	9536	9536	4.95024998762438e-05
chrM	9537	9537	0.0024205898335227
chrM	9538	9538	0.000198068828918049
chrM	9539	9539	0.00699162973904481
chrM	9540	9540	0.00533669706966815
chrM	9541	9541	0.000240673886883273
chrM	9542	9542	0.000335393608356092
chrM	9543	9543	0.0199895292941792
chrM	9544	9544	0.00217928228969926
chrM	9545	9545	0.000388236435989518
chrM	9546	9546	0.00160124217574846
chrM	9547	9547	0.0284190106692532
chrM	9548	9548	0.00119778409941608
chrM	9549	9549	0.00124595066035385
chrM	9550	9550	0.0127169359664871
chrM	9551	9551	0.00131226972189976
chrM	9552	9552	0.00267528140931806
chrM	9553	9553	0.00455235204855842
chrM	9554	9554	0.000901126408010013
chrM	9555	9555	0.00104644209687064
chrM	9556	9556	0.000495933346558223
chrM	9557	9557	0.00282738095238095
chrM	9558	9558	0.000347722418161045
chrM	9559	9559	0.00178571428571429
chrM	9560	9560	0.000890736342042755
chrM	9561	9561	0.000593325092707046
chrM	9562	9562	0.000838388321743848
chrM	9563	9563	0.000588148801646817
chrM	9564	9564	0.000588119976475201
chrM	9565	9565	0.0133172496984318
chrM	9566	9566	0.000879163817524665
chrM	9567	9567	0.000242895312120476
chrM	9568	9568	0.000194231329513451
chrM	9569	9569	0.0015514399301852
chrM	9570	9570	0.000775531966458242
chrM	9571	9571	0.00101675220296311
chrM	9572	9572	0.000620288195438496
chrM	9573	9573	0.00127901468498342
chrM	9574	9574	0.000750715525735467
chrM	9575	9575	0.00215577842346987
chrM	9576	9576	0.00220150826736615
chrM	9577	9577	0.000594149908592322
chrM	9578	9578	0.00199160981397517
chrM	9579	9579	0.000295296350980806
chrM	9580	9580	0.00208307294921468
chrM	9581	9581	0.00130772374335922
chrM	9582	9582	0.000244688226418172
chrM	9583	9583	0.00393206048076533
chrM	9584	9584	0.00557250355908074
chrM	9585	9585	0.000620997477197749
chrM	9586	9586	0.000683760683760684
chrM	9587	9587	0.00125308524776913
chrM	9588	9588	0.00354436107235775
chrM	9589	9589	0.00181371622898167
chrM	9590	9590	0.00011316057485572
chrM	9591	9591	0.000528142447563
chrM	9592	9592	0.00011277347567852
chrM	9593	9593	0.00026254594554047
chrM	9594	9594	0.000147797812592374
chrM	9595	9595	0.000664844500258551
chrM	9596	9596	0.00532111447786564
chrM	9597	9597	0.000185638969332442
chrM	9598	9598	0.00155555555555556
chrM	9599	9599	3.70288084129453e-05
chrM	9600	9600	0.00184747265740467
chrM	9601	9601	0.000111028867505551
chrM	9602	9602	0.000221434898139947
chrM	9603	9603	0.00051622418879056
chrM	9604	9604	0.000553321775056254
chrM	9605	9605	0.0148396361895644
chrM	9606	9606	0.000298976007175424
chrM	9607	9607	0.000224123118299653
chrM	9608	9608	0.0111057280214661
chrM	9609	9609	0.000713561422616142
chrM	9610	9610	0.00407000407000407
chrM	9611	9611	0.000848395426042051
chrM	9612	9612	0.000807546892779797
chrM	9613	9613	0.00253558879994204
chrM	9614	9614	0.000324687037771925
chrM	9615	9615	0.000504850167682377
chrM	9616	9616	0.00208820882088209
chrM	9617	9617	0
chrM	9618	9618	0.00064246707356248
chrM	9619	9619	0.000212246630584739
chrM	9620	9620	0.000812778288218249
chrM	9621	9621	0.00102411978670057
chrM	9622	9622	0.000141218005295675
chrM	9623	9623	0.0119984472597664
chrM	9624	9624	0.000351790614226412
chrM	9625	9625	0.00190013723213343
chrM	9626	9626	0.0019311119693831
chrM	9627	9627	0.00281293952180028
chrM	9628	9628	0.00518226045265459
chrM	9629	9629	0.00665604531775536
chrM	9630	9630	0.00174607133948616
chrM	9631	9631	0.00329646958740961
chrM	9632	9632	0.000177689327978962
chrM	9633	9633	0.00191877198592901
chrM	9634	9634	0.0179680645727321
chrM	9635	9635	0.00403254585682678
chrM	9636	9636	3.5830735605002e-05
chrM	9637	9637	0.0044132825568566
chrM	9638	9638	0.000390486332978346
chrM	9639	9639	0.00577788805784977
chrM	9640	9640	7.12580610681583e-05
chrM	9641	9641	0.0088974304220941
chrM	9642	9642	0.00208183776022972
chrM	9643	9643	0
chrM	9644	9644	0.00129212878216862
chrM	9645	9645	0.000319307457603065
chrM	9646	9646	0.000530729221950961
chrM	9647	9647	0.00227503412551188
chrM	9648	9648	0.00232558139534884
chrM	9649	9649	0.00303155573928621
chrM	9650	9650	0.00231010585111885
chrM	9651	9651	0.000345315791291136
chrM	9652	9652	0.00200338502987807
chrM	9653	9653	0.00196925202971152
chrM	9654	9654	0.0017976285131538
chrM	9655	9655	0.0123567273603414
chrM	9656	9656	0.000870322019147084
chrM	9657	9657	0.00107949994776613
chrM	9658	9658	0.000972931651551478
chrM	9659	9659	0.00243385139598762
chrM	9660	9660	0.000556870388417096
chrM	9661	9661	0.00236801782978131
chrM	9662	9662	0.00663129973474801
chrM	9663	9663	0.000526981450252951
chrM	9664	9664	0.0011243851018974
chrM	9665	9665	0.000948733265399346
chrM	9666	9666	0.000246192804136039
chrM	9667	9667	0.000246192804136039
chrM	9668	9668	3.51790614226412e-05
chrM	9669	9669	0.000386493798531324
chrM	9670	9670	0.000737955511824859
chrM	9671	9671	0.00274271247230915
chrM	9672	9672	0.000387788197137418
chrM	9673	9673	0.0020785626211027
chrM	9674	9674	0
chrM	9675	9675	0.00253672973258641
chrM	9676	9676	0.000776370116808413
chrM	9677	9677	7.06139886311478e-05
chrM	9678	9678	6.912999896305e-05
chrM	9679	9679	0.000102979541397776
chrM	9680	9680	0.000960450039447055
chrM	9681	9681	0.00849868064836709
chrM	9682	9682	0.000310956016998929
chrM	9683	9683	6.90774703830346e-05
chrM	9684	9684	0.00332476435304199
chrM	9685	9685	0.000275008594018563
chrM	9686	9686	0.00154713607921337
chrM	9687	9687	0.000481911121820247
chrM	9688	9688	0.000964120928310722
chrM	9689	9689	0.00832731151715357
chrM	9690	9690	0.00371696035242291
chrM	9691	9691	0.000483275225240775
chrM	9692	9692	0.000516920532083534
chrM	9693	9693	0.00144672935827219
chrM	9694	9694	0.00486156604489191
chrM	9695	9695	0.051261720904578
chrM	9696	9696	0.00399622175397806
chrM	9697	9697	7.2947441368494e-05
chrM	9698	9698	0.00411912659935115
chrM	9699	9699	0.00380422854634575
chrM	9700	9700	0.0123546511627907
chrM	9701	9701	0.00181930648036968
chrM	9702	9702	0.00291955017301038
chrM	9703	9703	0.00281446200476294
chrM	9704	9704	0.000759054435046628
chrM	9705	9705	0.00791708651216352
chrM	9706	9706	0.000538348347270574
chrM	9707	9707	0.000322291853178156
chrM	9708	9708	0.00046189376443418
chrM	9709	9709	0.000177613583886896
chrM	9710	9710	0.00124201561391057
chrM	9711	9711	0.000461844536023874
chrM	9712	9712	0.00195160031225605
chrM	9713	9713	0.000497371038794941
chrM	9714	9714	0.000105793983848785
chrM	9715	9715	0.00130460844116921
chrM	9716	9716	0.00483176976793398
chrM	9717	9717	0.00347050074367873
chrM	9718	9718	0.00412122073400362
chrM	9719	9719	0.00574343607305936
chrM	9720	9720	0.0445273007564622
chrM	9721	9721	0.000112549240292628
chrM	9722	9722	0.00697700588919314
chrM	9723	9723	0.00339904826648538
chrM	9724	9724	0.00575953923686105
chrM	9725	9725	0.00475918522748905
chrM	9726	9726	0.000305845471575486
chrM	9727	9727	0.00558317399617591
chrM	9728	9728	0.00173023685019994
chrM	9729	9729	0.00535109331690792
chrM	9730	9730	0.00116049669258443
chrM	9731	9731	0.0148497621717777
chrM	9732	9732	0.00525943951644556
chrM	9733	9733	0.0039024005676219
chrM	9734	9734	0.00451617970468112
chrM	9735	9735	0.00184995670314099
chrM	9736	9736	0.00743392070484581
chrM	9737	9737	0.00252914443785813
chrM	9738	9738	0.000632836293161413
chrM	9739	9739	0.00260037035577794
chrM	9740	9740	0.00114326263502326
chrM	9741	9741	0.00323484161110892
chrM	9742	9742	0.000197308709206424
chrM	9743	9743	0.000355183708907218
chrM	9744	9744	0.000315806095057635
chrM	9745	9745	0.000315831030398737
chrM	9746	9746	0.00027630851819689
chrM	9747	9747	0.00071000315556958
chrM	9748	9748	0.000394337316140226
chrM	9749	9749	0.00323305602649529
chrM	9750	9750	0.00988806708064707
chrM	9751	9751	0.000479367235249471
chrM	9752	9752	0.0179683756588404
chrM	9753	9753	0.00020329335230738
chrM	9754	9754	0.000569244531186468
chrM	9755	9755	0.000610177765122239
chrM	9756	9756	0.0012196113505163
chrM	9757	9757	0.00606381246947745
chrM	9758	9758	0.000859810022928267
chrM	9759	9759	0.00355784566310882
chrM	9760	9760	4.1023957991467e-05
chrM	9761	9761	4.1023957991467e-05
chrM	9762	9762	0.000574335411880538
chrM	9763	9763	0.002175519251293
chrM	9764	9764	4.11370274383973e-05
chrM	9765	9765	4.11370274383973e-05
chrM	9766	9766	0.000699185654355515
chrM	9767	9767	0.000699415782111413
chrM	9768	9768	4.11709004075919e-05
chrM	9769	9769	4.11709004075919e-05
chrM	9770	9770	0.000288208168642951
chrM	9771	9771	0
chrM	9772	9772	0.000123512701222776
chrM	9773	9773	0.0011940544324124
chrM	9774	9774	0.000412201154163232
chrM	9775	9775	0.00548363156592727
chrM	9776	9776	0.00352375424923307
chrM	9777	9777	0.00345300994300453
chrM	9778	9778	0.00763836714249937
chrM	9779	9779	0.000588829071332436
chrM	9780	9780	0.00126246686024492
chrM	9781	9781	0.000379202831381141
chrM	9782	9782	0.0427397260273973
chrM	9783	9783	0.0556998811148783
chrM	9784	9784	0.00111908980695701
chrM	9785	9785	0.000560145637865845
chrM	9786	9786	0.00126015121814618
chrM	9787	9787	0.00130731160705948
chrM	9788	9788	0.00696229148170646
chrM	9789	9789	0.00117608317260197
chrM	9790	9790	0.000706380974805745
chrM	9791	9791	0.00164829989639258
chrM	9792	9792	0.00251338142890389
chrM	9793	9793	0.00506571741511501
chrM	9794	9794	0.000594992905853815
chrM	9795	9795	0.00228812008054183
chrM	9796	9796	0.00082538517975055
chrM	9797	9797	0.0098097756546959
chrM	9798	9798	0.00368387234953952
chrM	9799	9799	0.00244761250429406
chrM	9800	9800	0.00455835555173304
chrM	9801	9801	0.00548548721492744
chrM	9802	9802	0.00572817219232772
chrM	9803	9803	0.0462173913043478
chrM	9804	9804	0.0031797946761152
chrM	9805	9805	0.000546721946330129
chrM	9806	9806	0.00145686319144093
chrM	9807	9807	0.0127130228743279
chrM	9808	9808	0.104956669264982
chrM	9809	9809	0.00122586576769844
chrM	9810	9810	0.0165559529892693
chrM	9811	9811	0.000155747066763576
chrM	9812	9812	0.000518941359626362
chrM	9813	9813	0.0105350563080596
chrM	9814	9814	0.00254439713365874
chrM	9815	9815	0.00155585520174256
chrM	9816	9816	0.00175983436853002
chrM	9817	9817	0.00072049817302249
chrM	9818	9818	0.00725868725868726
chrM	9819	9819	0.00248601615910503
chrM	9820	9820	0.0224794933028761
chrM	9821	9821	0.00296515937731653
chrM	9822	9822	0.000901808922603575
chrM	9823	9823	0.0062649323068755
chrM	9824	9824	0.00315086782376502
chrM	9825	9825	0.00498071979434447
chrM	9826	9826	5.38242101297163e-05
chrM	9827	9827	0.0011803208326627
chrM	9828	9828	0.00139567341242149
chrM	9829	9829	0.00075058974908857
chrM	9830	9830	0.00579212699774751
chrM	9831	9831	0.00532601678502259
chrM	9832	9832	0.00878469415251954
chrM	9833	9833	0.00374938868662718
chrM	9834	9834	0.000762984358820644
chrM	9835	9835	0.00135420616434646
chrM	9836	9836	0.000270533492046315
chrM	9837	9837	0.00526542015903718
chrM	9838	9838	0.00604686318972033
chrM	9839	9839	0.000542652485348383
chrM	9840	9840	0.00998426393184655
chrM	9841	9841	0.00131434830230011
chrM	9842	9842	0.0106284406169946
chrM	9843	9843	0.000658833864060613
chrM	9844	9844	0.00208356179405637
chrM	9845	9845	0.00879072578429757
chrM	9846	9846	0.000942141432054977
chrM	9847	9847	0.00842431968076262
chrM	9848	9848	0.00150451354062187
chrM	9849	9849	0.000779032886316844
chrM	9850	9850	0.00222655162816588
chrM	9851	9851	0.000111569786901707
chrM	9852	9852	0.0434274260898614
chrM	9853	9853	0.000868357068426537
chrM	9854	9854	0.00482841869287808
chrM	9855	9855	0.000173220162826953
chrM	9856	9856	0.000980901275171658
chrM	9857	9857	0.0020176399377414
chrM	9858	9858	0.00305581180811808
chrM	9859	9859	0.0243001443001443
chrM	9860	9860	0.00465445118717964
chrM	9861	9861	0.000591715976331361
chrM	9862	9862	0.000236784466938969
chrM	9863	9863	0.0159245060454143
chrM	9864	9864	0.00869462352871592
chrM	9865	9865	0.00119317503877819
chrM	9866	9866	0.00803236746593681
chrM	9867	9867	0.00209895052473763
chrM	9868	9868	0.00209756682248592
chrM	9869	9869	0.0574857485748575
chrM	9870	9870	0.00292825768667643
chrM	9871	9871	0.00943937751132088
chrM	9872	9872	0.0010945145506052
chrM	9873	9873	0.00815933183424349
chrM	9874	9874	0.014832566876093
chrM	9875	9875	0.0123432473245355
chrM	9876	9876	0.0127574750830565
chrM	9877	9877	0.00154705051456245
chrM	9878	9878	0.022294066141308
chrM	9879	9879	0.0139797534605055
chrM	9880	9880	0.000418906653634015
chrM	9881	9881	0.00286372843472795
chrM	9882	9882	0.00112068361700637
chrM	9883	9883	0.00287477212172206
chrM	9884	9884	0.0074281709880869
chrM	9885	9885	0.00132969417034082
chrM	9886	9886	0.00587864791098047
chrM	9887	9887	0.000843525938422606
chrM	9888	9888	0.00217987483299346
chrM	9889	9889	7.02049985959e-05
chrM	9890	9890	0.00175389364388943
chrM	9891	9891	0.000632422176937671
chrM	9892	9892	0.00253128955139924
chrM	9893	9893	0.00310164951360496
chrM	9894	9894	0.000989958987413379
chrM	9895	9895	0.0198089847895295
chrM	9896	9896	0.0376704914483654
chrM	9897	9897	0.0010498687664042
chrM	9898	9898	7.50694392312889e-05
chrM	9899	9899	0.00105089325927038
chrM	9900	9900	0.00804027652539826
chrM	9901	9901	7.57346258709482e-05
chrM	9902	9902	0
chrM	9903	9903	0.0321729957805907
chrM	9904	9904	0.00463314598207504
chrM	9905	9905	0.0138645753098523
chrM	9906	9906	0.000558425240820885
chrM	9907	9907	6.89797889218459e-05
chrM	9908	9908	0.000480934386808657
chrM	9909	9909	0.000137390945936663
chrM	9910	9910	0.00156985871271586
chrM	9911	9911	0.0170504721146661
chrM	9912	9912	0
chrM	9913	9913	0.000138140627158447
chrM	9914	9914	0.000967051184637701
chrM	9915	9915	0.00414107253778729
chrM	9916	9916	0
chrM	9917	9917	0
chrM	9918	9918	0.000413194683561738
chrM	9919	9919	0.0881108118507118
chrM	9920	9920	0.00537671950282801
chrM	9921	9921	0.000772146567457532
chrM	9922	9922	0.00547829751369574
chrM	9923	9923	0.0101694915254237
chrM	9924	9924	7.13470319634703e-05
chrM	9925	9925	7.13521227256511e-05
chrM	9926	9926	0.000213797035347777
chrM	9927	9927	0
chrM	9928	9928	0.000142551674982181
chrM	9929	9929	0.000570247344785801
chrM	9930	9930	0.00485812856438781
chrM	9931	9931	0.00119735173968165
chrM	9932	9932	0.00292378231111702
chrM	9933	9933	0.000865627913170862
chrM	9934	9934	0.00928853754940711
chrM	9935	9935	0.00619603190297278
chrM	9936	9936	0.0226705217505585
chrM	9937	9937	0.00100684655658478
chrM	9938	9938	0.00274137469911741
chrM	9939	9939	0
chrM	9940	9940	0.00391688242713935
chrM	9941	9941	0.0019296027679819
chrM	9942	9942	0.000798243863500299
chrM	9943	9943	0.000862583770154602
chrM	9944	9944	0.000331718967690573
chrM	9945	9945	0.000131544330439358
chrM	9946	9946	0.00150375939849624
chrM	9947	9947	0.00202283849918434
chrM	9948	9948	0.000587697531670367
chrM	9949	9949	0.00633035306402141
chrM	9950	9950	0.00949574328749181
chrM	9951	9951	0.00652905097935765
chrM	9952	9952	0.00185038329368226
chrM	9953	9953	0.0116125626814463
chrM	9954	9954	0.00146637339198827
chrM	9955	9955	0.00506295383385517
chrM	9956	9956	0.00234051090009362
chrM	9957	9957	0.00180734988955084
chrM	9958	9958	0.00113727588975114
chrM	9959	9959	0.00153425388566473
chrM	9960	9960	0.00040016006402561
chrM	9961	9961	0.00172723045240151
chrM	9962	9962	0.00125827814569536
chrM	9963	9963	0.00695410292072323
chrM	9964	9964	0.00146510388918487
chrM	9965	9965	0.00273023906239595
chrM	9966	9966	0.00146442122079478
chrM	9967	9967	0.00425758382118148
chrM	9968	9968	0.000600881292562425
chrM	9969	9969	0.00895214787144973
chrM	9970	9970	0.00578297595841456
chrM	9971	9971	0.00143518820536239
chrM	9972	9972	0.0113775938974724
chrM	9973	9973	0.0101954120645709
chrM	9974	9974	0.000197954470471791
chrM	9975	9975	0.0180380367296255
chrM	9976	9976	0.00153037460908909
chrM	9977	9977	0.000999067536965499
chrM	9978	9978	0.000399866711096301
chrM	9979	9979	0.000932897980942227
chrM	9980	9980	0.0001999600079984
chrM	9981	9981	0.000133324445036998
chrM	9982	9982	0.00126514848848049
chrM	9983	9983	0.00246453074002531
chrM	9984	9984	0.00013339558460615
chrM	9985	9985	0.000533049040511727
chrM	9986	9986	0.000199893390191898
chrM	9987	9987	0.000133111480865225
chrM	9988	9988	0.000330862890418211
chrM	9989	9989	0.000859106529209622
chrM	9990	9990	0.000264288074000661
chrM	9991	9991	6.60283922086497e-05
chrM	9992	9992	6.59717640849716e-05
chrM	9993	9993	0.000263313804226187
chrM	9994	9994	0.00710199250345236
chrM	9995	9995	0.000463545460565525
chrM	9996	9996	0.000264988406757204
chrM	9997	9997	0.000397587966337552
chrM	9998	9998	0.00238631844093862
chrM	9999	9999	6.60894851629106e-05
chrM	10000	10000	0
chrM	10001	10001	0.000131926121372032
chrM	10002	10002	6.59587098476354e-05
chrM	10003	10003	0.00875467867791664
chrM	10004	10004	0.000447971329834891
chrM	10005	10005	0.000703864857947274
chrM	10006	10006	0.00019208605455244
chrM	10007	10007	0.000255640058797214
chrM	10008	10008	0.000319447993866598
chrM	10009	10009	0.00440810068357503
chrM	10010	10010	0.00166816373668677
chrM	10011	10011	0.00276225348493608
chrM	10012	10012	0.000515231532169769
chrM	10013	10013	0.000499843798812871
chrM	10014	10014	0.000124804992199688
chrM	10015	10015	0
chrM	10016	10016	0.000495601536364763
chrM	10017	10017	0
chrM	10018	10018	0.000488848151542927
chrM	10019	10019	0.00262563351041094
chrM	10020	10020	0.00012187690432663
chrM	10021	10021	0
chrM	10022	10022	0.000304655130392396
chrM	10023	10023	0.00720775287704422
chrM	10024	10024	0.000121661901575522
chrM	10025	10025	0.000421458245529532
chrM	10026	10026	0.000180657593640853
chrM	10027	10027	0.000300444658093979
chrM	10028	10028	0.00144031686971134
chrM	10029	10029	0.00330350171181452
chrM	10030	10030	0.000361293430481122
chrM	10031	10031	0.00661773553122368
chrM	10032	10032	0.000181653042688465
chrM	10033	10033	0.0170179263565891
chrM	10034	10034	0.00332471370520872
chrM	10035	10035	0.00364444993514115
chrM	10036	10036	0.000991756028017108
chrM	10037	10037	0.000124054087582186
chrM	10038	10038	0.00148772625836846
chrM	10039	10039	0.000682763329402272
chrM	10040	10040	0.00664554996584063
chrM	10041	10041	0.00393774610913182
chrM	10042	10042	0.000878403814782281
chrM	10043	10043	0.00232339089481947
chrM	10044	10044	0.00125841565469074
chrM	10045	10045	0.00195263290501386
chrM	10046	10046	0.000378596668349319
chrM	10047	10047	0.0191846522781775
chrM	10048	10048	0.000256492465533825
chrM	10049	10049	0.00121670081967213
chrM	10050	10050	0.000128213347009424
chrM	10051	10051	0.00294682895579757
chrM	10052	10052	0.00147682034159497
chrM	10053	10053	0.000833333333333333
chrM	10054	10054	0.000705580500320718
chrM	10055	10055	0.000706078695680082
chrM	10056	10056	0.000449380496886435
chrM	10057	10057	0.00186171920138666
chrM	10058	10058	0.00141424530727693
chrM	10059	10059	0.00218860637270679
chrM	10060	10060	0.000387021866735471
chrM	10061	10061	0.000967929276634187
chrM	10062	10062	0.0152415396538362
chrM	10063	10063	0.00649265477439664
chrM	10064	10064	0.00316727152754866
chrM	10065	10065	0.000132362673726009
chrM	10066	10066	0.00297835727050103
chrM	10067	10067	0.0132749236691889
chrM	10068	10068	0.00181622494282255
chrM	10069	10069	0.000471698113207547
chrM	10070	10070	0.000404503471988135
chrM	10071	10071	0.00127731092436975
chrM	10072	10072	0.00216124173161307
chrM	10073	10073	0.00610825914614335
chrM	10074	10074	0.00449980435633233
chrM	10075	10075	0.00314321262523738
chrM	10076	10076	0.00457426648369601
chrM	10077	10077	0.005175983436853
chrM	10078	10078	0.000370278943470748
chrM	10079	10079	0.000290951411114344
chrM	10080	10080	5.78770691052205e-05
chrM	10081	10081	0.00062810483640724
chrM	10082	10082	0.00494739835086722
chrM	10083	10083	0.000341374601729631
chrM	10084	10084	0.000853145262199977
chrM	10085	10085	0.00022700187276545
chrM	10086	10086	0.000340020401224073
chrM	10087	10087	0.00810290117860381
chrM	10088	10088	0.000342739632126128
chrM	10089	10089	0.0014853747714808
chrM	10090	10090	0.000286073921501316
chrM	10091	10091	0.000286155783208379
chrM	10092	10092	0
chrM	10093	10093	0
chrM	10094	10094	5.71787981016639e-05
chrM	10095	10095	0.000114266125807005
chrM	10096	10096	0.0153905560458959
chrM	10097	10097	0.000727272727272727
chrM	10098	10098	0.00139914931721513
chrM	10099	10099	0.00195672835019847
chrM	10100	10100	0.00218218442256043
chrM	10101	10101	0.000391433204719566
chrM	10102	10102	0.0011744966442953
chrM	10103	10103	0.00509033954242882
chrM	10104	10104	0.00252752190518984
chrM	10105	10105	0.0364618501012829
chrM	10106	10106	0.00751529274686863
chrM	10107	10107	0.00933508962831453
chrM	10108	10108	0.000748373726325485
chrM	10109	10109	0.0034443168771527
chrM	10110	10110	0.00028770355026181
chrM	10111	10111	0.000172077549615693
chrM	10112	10112	0.00106615790359688
chrM	10113	10113	5.37750053775005e-05
chrM	10114	10114	5.03651473180559e-05
chrM	10115	10115	0.000449415759512634
chrM	10116	10116	0.000249675421951463
chrM	10117	10117	0.000398803589232303
chrM	10118	10118	4.97834420271818e-05
chrM	10119	10119	0.00124105011933174
chrM	10120	10120	0.000142585551330798
chrM	10121	10121	0.000283580678703091
chrM	10122	10122	0.000282765446062491
chrM	10123	10123	0.000282579004379975
chrM	10124	10124	0.000376311209370149
chrM	10125	10125	0.00705019740552735
chrM	10126	10126	4.73238370167053e-05
chrM	10127	10127	4.7317119333775e-05
chrM	10128	10128	0.00028390271600265
chrM	10129	10129	0.00344193502758263
chrM	10130	10130	0
chrM	10131	10131	0
chrM	10132	10132	4.72880313992529e-05
chrM	10133	10133	0.00586260908480644
chrM	10134	10134	0.000494604316546763
chrM	10135	10135	0.000404858299595142
chrM	10136	10136	0.000224931395924243
chrM	10137	10137	0.000809753025327275
chrM	10138	10138	0.00184593219575886
chrM	10139	10139	0.00085577875867039
chrM	10140	10140	0.00982424515547544
chrM	10141	10141	0.00177896375361352
chrM	10142	10142	0.00226858235843601
chrM	10143	10143	0.014816443174324
chrM	10144	10144	0.0106029013797081
chrM	10145	10145	0.000806957769210078
chrM	10146	10146	0
chrM	10147	10147	0.000178635226866738
chrM	10148	10148	0
chrM	10149	10149	0.000175116014359513
chrM	10150	10150	0.000130912899284343
chrM	10151	10151	0.000174200853584183
chrM	10152	10152	0.000565684696053261
chrM	10153	10153	4.35085276714236e-05
chrM	10154	10154	0.00862812769628991
chrM	10155	10155	0.000390066311272916
chrM	10156	10156	4.33425797503467e-05
chrM	10157	10157	0.000433350667360028
chrM	10158	10158	0.0010365379632029
chrM	10159	10159	0.00367154766532763
chrM	10160	10160	0.000648901193978197
chrM	10161	10161	0.000173092734432472
chrM	10162	10162	0.00242162162162162
chrM	10163	10163	0.00212268237740426
chrM	10164	10164	0.00701693593797375
chrM	10165	10165	0.0022242574905142
chrM	10166	10166	0.00358313305658728
chrM	10167	10167	0
chrM	10168	10168	0.000131469389543801
chrM	10169	10169	0.0021463927460686
chrM	10170	10170	0.0108357095854354
chrM	10171	10171	0.000399024606517402
chrM	10172	10172	0.000304242002781641
chrM	10173	10173	0.0007377191459816
chrM	10174	10174	0.000563771195628605
chrM	10175	10175	0.00220473802524641
chrM	10176	10176	0.000173152677373274
chrM	10177	10177	8.64603147155456e-05
chrM	10178	10178	0.00012967925996369
chrM	10179	10179	0.000512185752699646
chrM	10180	10180	0.0012779552715655
chrM	10181	10181	0.000127877237851662
chrM	10182	10182	0.000554134697357204
chrM	10183	10183	0.00042647560559536
chrM	10184	10184	0.000212856534695615
chrM	10185	10185	0.00164814266999113
chrM	10186	10186	0
chrM	10187	10187	0.000126860622462788
chrM	10188	10188	0.000843953076208963
chrM	10189	10189	0.000506265029743071
chrM	10190	10190	0.00738521269412559
chrM	10191	10191	0.00964397994731923
chrM	10192	10192	0.000386034142575277
chrM	10193	10193	4.2877969299374e-05
chrM	10194	10194	0.000214270409256482
chrM	10195	10195	0.0078834618680377
chrM	10196	10196	0.00237519433408188
chrM	10197	10197	0.000518717039854759
chrM	10198	10198	0.00121081081081081
chrM	10199	10199	0.00276840557141621
chrM	10200	10200	4.33557337957945e-05
chrM	10201	10201	0.026576206732639
chrM	10202	10202	0.000354594211249501
chrM	10203	10203	0.000841564423971298
chrM	10204	10204	0.00101491483540729
chrM	10205	10205	4.41598586884522e-05
chrM	10206	10206	0.000957229256406909
chrM	10207	10207	0.0029459482537785
chrM	10208	10208	0.00122244235551996
chrM	10209	10209	0.000206500640151984
chrM	10210	10210	0.00119120969398234
chrM	10211	10211	0.00139310005736294
chrM	10212	10212	0.00310876590174664
chrM	10213	10213	0.00122654237703913
chrM	10214	10214	0.000653621471465338
chrM	10215	10215	0.000528390846644718
chrM	10216	10216	0.000162575191025849
chrM	10217	10217	0.00251460090850097
chrM	10218	10218	0.00211227557072061
chrM	10219	10219	0.0376232069877394
chrM	10220	10220	0.000915941546275865
chrM	10221	10221	0.00125010417534795
chrM	10222	10222	0.00133144711658484
chrM	10223	10223	0.00370709763412196
chrM	10224	10224	0.000125407574617507
chrM	10225	10225	0.000376191272362481
chrM	10226	10226	0.011255627813907
chrM	10227	10227	0.000590219224283305
chrM	10228	10228	0.0051022559561459
chrM	10229	10229	0.00508517670989067
chrM	10230	10230	0.00208501765882303
chrM	10231	10231	0.000596735007032948
chrM	10232	10232	0.00995798319327731
chrM	10233	10233	0.0113920298140855
chrM	10234	10234	0.00560763665938958
chrM	10235	10235	0.0103092783505155
chrM	10236	10236	0.00916523235800344
chrM	10237	10237	0.00251736111111111
chrM	10238	10238	0.0016533240515141
chrM	10239	10239	0.000949012164610474
chrM	10240	10240	0.00322197727658131
chrM	10241	10241	0.000679492079670446
chrM	10242	10242	0.000928701084891722
chrM	10243	10243	0.00046417419191493
chrM	10244	10244	0.000590119709998314
chrM	10245	10245	0.000674678473539954
chrM	10246	10246	0.011165416701778
chrM	10247	10247	0.000170386777986028
chrM	10248	10248	0.00153113303844845
chrM	10249	10249	0.00315188687281711
chrM	10250	10250	0.00690743188504669
chrM	10251	10251	0.00171379605826907
chrM	10252	10252	0.00701214297930563
chrM	10253	10253	0.00352733686067019
chrM	10254	10254	0.000776799585706888
chrM	10255	10255	0.00439844760672704
chrM	10256	10256	0.00886869997836902
chrM	10257	10257	0.000174550532379124
chrM	10258	10258	0.00252987874029486
chrM	10259	10259	0.00078712611509533
chrM	10260	10260	8.7527352297593e-05
chrM	10261	10261	0.00069988189493023
chrM	10262	10262	0.000388567481219238
chrM	10263	10263	0.00034430815579944
chrM	10264	10264	0.000387263339070568
chrM	10265	10265	0.000129121115606439
chrM	10266	10266	0.000559524834294568
chrM	10267	10267	0.000215285252960172
chrM	10268	10268	0.00753498385360603
chrM	10269	10269	0.0007374311369453
chrM	10270	10270	0.000520923771488106
chrM	10271	10271	0.00160632109056178
chrM	10272	10272	0.00121712671158444
chrM	10273	10273	0.0312758275697073
chrM	10274	10274	0.000269396551724138
chrM	10275	10275	0.000449115242971346
chrM	10276	10276	0.000404276345341838
chrM	10277	10277	0.00678377285592345
chrM	10278	10278	0.00926930728884066
chrM	10279	10279	0.00629389765575116
chrM	10280	10280	0.0014680919392577
chrM	10281	10281	0.00165334802976026
chrM	10282	10282	0.0260361562169373
chrM	10283	10283	0.00329473783300386
chrM	10284	10284	0.00197489686649697
chrM	10285	10285	0
chrM	10286	10286	0.000390218522372529
chrM	10287	10287	0.00233019763528092
chrM	10288	10288	0.00443678656041353
chrM	10289	10289	0.000951762924507895
chrM	10290	10290	0.00694977402575254
chrM	10291	10291	0.000643749195313506
chrM	10292	10292	0.00090024435203841
chrM	10293	10293	0.000513830607176501
chrM	10294	10294	0.0225103778833398
chrM	10295	10295	0.00315029534018814
chrM	10296	10296	0.00193126453934951
chrM	10297	10297	0.00123114804555248
chrM	10298	10298	0.00118743952854253
chrM	10299	10299	0.000880165471108568
chrM	10300	10300	0.00506206532265164
chrM	10301	10301	0.0200282960473959
chrM	10302	10302	0.00329318356114946
chrM	10303	10303	0.0294064422728918
chrM	10304	10304	0.0130281533038861
chrM	10305	10305	0.00193658800216177
chrM	10306	10306	0.00194695625838273
chrM	10307	10307	0.000523876687487407
chrM	10308	10308	0.0106459617385736
chrM	10309	10309	0.00125151392813888
chrM	10310	10310	0.00195992160313587
chrM	10311	10311	0.00202100400591865
chrM	10312	10312	0
chrM	10313	10313	0.000288340241484952
chrM	10314	10314	0.000287738733230227
chrM	10315	10315	0.000142414640225015
chrM	10316	10316	0.000639795265515035
chrM	10317	10317	0.0114506522972206
chrM	10318	10318	0.000745103604882203
chrM	10319	10319	7.09622480840193e-05
chrM	10320	10320	0.000390209294075913
chrM	10321	10321	0.0045777146912704
chrM	10322	10322	0.00197356828193833
chrM	10323	10323	0.000175783996624947
chrM	10324	10324	0.000210194429847609
chrM	10325	10325	0.00143051533442657
chrM	10326	10326	0.0206055949428981
chrM	10327	10327	0.000891202053329531
chrM	10328	10328	0.00253290999250829
chrM	10329	10329	0.00202868633661957
chrM	10330	10330	0.000356455407428531
chrM	10331	10331	0.000427776985598175
chrM	10332	10332	0.000426848788816562
chrM	10333	10333	0.00238357821338361
chrM	10334	10334	0.00274128662465734
chrM	10335	10335	0.00603140613847252
chrM	10336	10336	0.0023675431359185
chrM	10337	10337	0.000107592439837894
chrM	10338	10338	0.00118330464716007
chrM	10339	10339	0.00762760193897918
chrM	10340	10340	0.002511571167163
chrM	10341	10341	0.00130871533672892
chrM	10342	10342	0.000176947305092543
chrM	10343	10343	0.000990694547641793
chrM	10344	10344	0.00165039679752792
chrM	10345	10345	0.00407861889525685
chrM	10346	10346	0.00024693100042331
chrM	10347	10347	0.00112339827979638
chrM	10348	10348	0.000631800631800632
chrM	10349	10349	0.00063149031714847
chrM	10350	10350	0.000561383811094348
chrM	10351	10351	0.00145990475859432
chrM	10352	10352	0.00104246299256376
chrM	10353	10353	0.00013909656779219
chrM	10354	10354	0.00128668799554876
chrM	10355	10355	0.000417492954806388
chrM	10356	10356	0.000451514309530425
chrM	10357	10357	0.000694927032661571
chrM	10358	10358	0.00194552529182879
chrM	10359	10359	0.00504295203978715
chrM	10360	10360	0.000174727425216662
chrM	10361	10361	0.00146745396736662
chrM	10362	10362	0.0196003074558032
chrM	10363	10363	0.000977141860059326
chrM	10364	10364	0.000383288616328095
chrM	10365	10365	0.00304235090751945
chrM	10366	10366	0.00187097221259788
chrM	10367	10367	0.0116499500224037
chrM	10368	10368	0.00143924336920019
chrM	10369	10369	0.00267370513831282
chrM	10370	10370	0.00102986611740474
chrM	10371	10371	0.00267104992808712
chrM	10372	10372	0.000818777292576419
chrM	10373	10373	0.0170689829310171
chrM	10374	10374	0.0089865372787535
chrM	10375	10375	0.00124035281146637
chrM	10376	10376	0.00024144591611479
chrM	10377	10377	0.000103451843167006
chrM	10378	10378	0.00129542510397491
chrM	10379	10379	0.000781542016378402
chrM	10380	10380	0.000611246943765281
chrM	10381	10381	0.00016977352212149
chrM	10382	10382	0.000373286276639066
chrM	10383	10383	0.00166163654243955
chrM	10384	10384	0.0150878144707398
chrM	10385	10385	0.0031723291035612
chrM	10386	10386	0.000205219413756541
chrM	10387	10387	0.00574417889014258
chrM	10388	10388	0.00570760555631963
chrM	10389	10389	0.00248096206195514
chrM	10390	10390	0.00079340439477043
chrM	10391	10391	0.000965583833367818
chrM	10392	10392	0.00348432055749129
chrM	10393	10393	0.00504614108457471
chrM	10394	10394	0.0127817720815533
chrM	10395	10395	0.0266151685393258
chrM	10396	10396	0.000684265495012065
chrM	10397	10397	0.000430277170210477
chrM	10398	10398	0.000565530892124982
chrM	10399	10399	0.000813324374977899
chrM	10400	10400	0.00615167049672972
chrM	10401	10401	0.000675555555555556
chrM	10402	10402	0.000284444444444444
chrM	10403	10403	0.000816703359136425
chrM	10404	10404	0.000177198142963462
chrM	10405	10405	0.000955245002653458
chrM	10406	10406	0.000566532115289286
chrM	10407	10407	0.000956497095082896
chrM	10408	10408	0.00518939527659124
chrM	10409	10409	0.000177154195011338
chrM	10410	10410	0.000141673160019834
chrM	10411	10411	0
chrM	10412	10412	0.00010584250635055
chrM	10413	10413	0.000844862181856585
chrM	10414	10414	0.000598401914886128
chrM	10415	10415	0.000316957210776545
chrM	10416	10416	0.0002465483234714
chrM	10417	10417	0.00010568590150074
chrM	10418	10418	0.00186646006479786
chrM	10419	10419	0.000211409041259998
chrM	10420	10420	0.00197301201423387
chrM	10421	10421	3.53020086842941e-05
chrM	10422	10422	0.000211744776962168
chrM	10423	10423	0.00151766491370487
chrM	10424	10424	0.00265073867251007
chrM	10425	10425	0
chrM	10426	10426	0.00823234286118079
chrM	10427	10427	0.00153155720188061
chrM	10428	10428	0.018226565843915
chrM	10429	10429	0.0490028697010425
chrM	10430	10430	0.00259631171012943
chrM	10431	10431	0.00264044083881831
chrM	10432	10432	0.00118933435641665
chrM	10433	10433	0.00195814935688232
chrM	10434	10434	0.0012683526789146
chrM	10435	10435	0.000499231950844854
chrM	10436	10436	0.012460223133842
chrM	10437	10437	0.00517914428168361
chrM	10438	10438	0.00118623962040332
chrM	10439	10439	0.000456204379562044
chrM	10440	10440	0.00105022317242414
chrM	10441	10441	0.000447427293064877
chrM	10442	10442	0.00343731519810763
chrM	10443	10443	0.00129008477699963
chrM	10444	10444	0.000184345389521808
chrM	10445	10445	0.00342125593201633
chrM	10446	10446	0.00169766755240626
chrM	10447	10447	0.00261336866902238
chrM	10448	10448	0.00161610225519724
chrM	10449	10449	0.000735348187366718
chrM	10450	10450	0.00227706772440135
chrM	10451	10451	0.00231745447857274
chrM	10452	10452	0.0030541654400942
chrM	10453	10453	0.010530579181855
chrM	10454	10454	0.010290894230412
chrM	10455	10455	0.00149694996444744
chrM	10456	10456	0.000224618149146451
chrM	10457	10457	0.00138286739422933
chrM	10458	10458	0.00235610905419051
chrM	10459	10459	0.00254471970660879
chrM	10460	10460	0.0011624418779061
chrM	10461	10461	0.000562894025818073
chrM	10462	10462	0.00236264766547909
chrM	10463	10463	0.0125229650181845
chrM	10464	10464	0.000151877586665148
chrM	10465	10465	0.00436233973143161
chrM	10466	10466	0.00220775760344106
chrM	10467	10467	0.0165910217780999
chrM	10468	10468	0.000154894671623296
chrM	10469	10469	0.00664908861630173
chrM	10470	10470	0.00511577813677975
chrM	10471	10471	0.000849814585908529
chrM	10472	10472	0.00274385530993971
chrM	10473	10473	0.00255111901356731
chrM	10474	10474	0.0014265335235378
chrM	10475	10475	0.0129664647088334
chrM	10476	10476	0.00925925925925926
chrM	10477	10477	0.0283111477598461
chrM	10478	10478	0.000202012039917579
chrM	10479	10479	0.0413687846413367
chrM	10480	10480	0.0059050171706173
chrM	10481	10481	0.0024391269607637
chrM	10482	10482	0.0138008672448299
chrM	10483	10483	0.0305295160881682
chrM	10484	10484	0.0130824061196106
chrM	10485	10485	0.0532148825754244
chrM	10486	10486	0.0104171489420807
chrM	10487	10487	0.00242729776408533
chrM	10488	10488	0.000748083037217131
chrM	10489	10489	0.0381650861867613
chrM	10490	10490	0.000485484027575493
chrM	10491	10491	0.000631221170186939
chrM	10492	10492	0.00580832526621491
chrM	10493	10493	0.00204449204108455
chrM	10494	10494	0.000926061315007067
chrM	10495	10495	0.00121915536916025
chrM	10496	10496	0.00102419040187281
chrM	10497	10497	0.003273007316134
chrM	10498	10498	9.65390741902785e-05
chrM	10499	10499	0.000811998471532289
chrM	10500	10500	0.000285727891804372
chrM	10501	10501	0.000902227076309416
chrM	10502	10502	0.000664735767532406
chrM	10503	10503	0.00317866970300788
chrM	10504	10504	0.000284575981787137
chrM	10505	10505	0.000662471016893011
chrM	10506	10506	0.00671299579255898
chrM	10507	10507	0.0054476551397442
chrM	10508	10508	0.00185634727973726
chrM	10509	10509	0.00261655566127498
chrM	10510	10510	0.000712758374910905
chrM	10511	10511	0.000901114536400285
chrM	10512	10512	0.000853808936533536
chrM	10513	10513	0.00270411309834432
chrM	10514	10514	0.00195015220700152
chrM	10515	10515	4.76553564620663e-05
chrM	10516	10516	0.00238208670795617
chrM	10517	10517	0.00090571074458957
chrM	10518	10518	0.000616259777198388
chrM	10519	10519	0.000379003221527383
chrM	10520	10520	0.000705218617771509
chrM	10521	10521	0.000373360713118962
chrM	10522	10522	0.00544540631108629
chrM	10523	10523	0.00388285928143713
chrM	10524	10524	0.00837458936751029
chrM	10525	10525	0.00027972027972028
chrM	10526	10526	0.00191973672182101
chrM	10527	10527	0.00480637187585828
chrM	10528	10528	0.0123672474828744
chrM	10529	10529	0.00651132505464862
chrM	10530	10530	0.00940130963517306
chrM	10531	10531	0.00136908696062695
chrM	10532	10532	0.00731891585607706
chrM	10533	10533	0.000570776255707763
chrM	10534	10534	0.00176047961174287
chrM	10535	10535	0.00152359186782841
chrM	10536	10536	0.000285564704202561
chrM	10537	10537	0.000380789185587129
chrM	10538	10538	0.000190448983478551
chrM	10539	10539	0.000713131121042122
chrM	10540	10540	9.51112801978315e-05
chrM	10541	10541	4.75194829880251e-05
chrM	10542	10542	0.000189933523266857
chrM	10543	10543	0
chrM	10544	10544	0
chrM	10545	10545	0.000330937972768533
chrM	10546	10546	0.00018910741301059
chrM	10547	10547	0
chrM	10548	10548	0
chrM	10549	10549	0.000329753156208781
chrM	10550	10550	0.00122416309619097
chrM	10551	10551	4.71364600518501e-05
chrM	10552	10552	0
chrM	10553	10553	9.40114693992667e-05
chrM	10554	10554	0.000140845070422535
chrM	10555	10555	0
chrM	10556	10556	0
chrM	10557	10557	0.000419013920573583
chrM	10558	10558	0
chrM	10559	10559	0.000279264603211543
chrM	10560	10560	0.0166085136078158
chrM	10561	10561	0.000141917782298122
chrM	10562	10562	0.000331188493565481
chrM	10563	10563	0.000378626532254248
chrM	10564	10564	0.00113630983381469
chrM	10565	10565	0
chrM	10566	10566	0
chrM	10567	10567	4.73798919738463e-05
chrM	10568	10568	0
chrM	10569	10569	0
chrM	10570	10570	0.000142112742775936
chrM	10571	10571	0.00553139183055976
chrM	10572	10572	0.00166333998669328
chrM	10573	10573	0.000666381074777476
chrM	10574	10574	0.0019527529053153
chrM	10575	10575	0.00767507269866997
chrM	10576	10576	0.0198885472713297
chrM	10577	10577	0.0112787461549729
chrM	10578	10578	0.0380209362038317
chrM	10579	10579	0.00205254515599343
chrM	10580	10580	0.0155776052645108
chrM	10581	10581	0.000678851174934726
chrM	10582	10582	0.00146237008408628
chrM	10583	10583	0.00219630811065209
chrM	10584	10584	0.0015180067001675
chrM	10585	10585	0.00010482180293501
chrM	10586	10586	0.00136147038801906
chrM	10587	10587	0.00548732688790175
chrM	10588	10588	0.0050404284364171
chrM	10589	10589	0.000790638836179633
chrM	10590	10590	0.00446545836616759
chrM	10591	10591	0.00010546854400675
chrM	10592	10592	0.00299794877189292
chrM	10593	10593	0.000158211159160426
chrM	10594	10594	0.00495649881360401
chrM	10595	10595	0.000582874099194574
chrM	10596	10596	0.00063582896200922
chrM	10597	10597	0.00164342893495202
chrM	10598	10598	0.00127368253462824
chrM	10599	10599	0.00106258633513973
chrM	10600	10600	0.000425418771603297
chrM	10601	10601	0.0015956598053295
chrM	10602	10602	0.0184238551650692
chrM	10603	10603	0.00227827502034174
chrM	10604	10604	0.00114161456917641
chrM	10605	10605	0.000217663383577298
chrM	10606	10606	0.00136069232025254
chrM	10607	10607	0.00190735694822888
chrM	10608	10608	0.003003003003003
chrM	10609	10609	0.00864758360243008
chrM	10610	10610	0
chrM	10611	10611	0.000165480721495946
chrM	10612	10612	0.000772200772200772
chrM	10613	10613	0.00132464951981455
chrM	10614	10614	0.00364761799491544
chrM	10615	10615	0.00277346350122032
chrM	10616	10616	0.000333463013394098
chrM	10617	10617	0.00311318656882366
chrM	10618	10618	0.000836213624707325
chrM	10619	10619	0.00446328944432046
chrM	10620	10620	0.000616453709930509
chrM	10621	10621	0.00185050187853979
chrM	10622	10622	0.00887640449438202
chrM	10623	10623	5.66829157691872e-05
chrM	10624	10624	0.00844623320673431
chrM	10625	10625	0.00074319689000686
chrM	10626	10626	0.0013730762629441
chrM	10627	10627	0.0116299054712117
chrM	10628	10628	0.00457917922559703
chrM	10629	10629	5.8230943923601e-05
chrM	10630	10630	0.00681341719077568
chrM	10631	10631	0.00240398710055702
chrM	10632	10632	0.00764031736702909
chrM	10633	10633	0.00349422564406278
chrM	10634	10634	0.002258409604184
chrM	10635	10635	0.00976830067305974
chrM	10636	10636	0.00126315789473684
chrM	10637	10637	0.00102384967477716
chrM	10638	10638	6.02881774883945e-05
chrM	10639	10639	0.00156758712166888
chrM	10640	10640	0.00821256038647343
chrM	10641	10641	0.000669751583049196
chrM	10642	10642	0.00956558825321391
chrM	10643	10643	0.00215305118110236
chrM	10644	10644	0.00191086728718486
chrM	10645	10645	0.00277915019762846
chrM	10646	10646	0.0154827522140336
chrM	10647	10647	0.0110083663584324
chrM	10648	10648	0.00038163083577153
chrM	10649	10649	0.00579027742428099
chrM	10650	10650	0.000512
chrM	10651	10651	0.00716845878136201
chrM	10652	10652	0.00683297879198092
chrM	10653	10653	6.49055624066983e-05
chrM	10654	10654	0.0217447747630793
chrM	10655	10655	0.00258757961783439
chrM	10656	10656	0.000598682897625224
chrM	10657	10657	0.000133120340788072
chrM	10658	10658	0.00292903741179603
chrM	10659	10659	0.00453938584779706
chrM	10660	10660	0.000536444712666801
chrM	10661	10661	0.0103915258782515
chrM	10662	10662	0.00548112058465286
chrM	10663	10663	0.0216947769314472
chrM	10664	10664	0.000973100715924098
chrM	10665	10665	0.00139140114094894
chrM	10666	10666	0.000208826395656411
chrM	10667	10667	0.0112719176175898
chrM	10668	10668	0.000633267661131438
chrM	10669	10669	0.00570302048862916
chrM	10670	10670	0.000991360997025917
chrM	10671	10671	0.00290553468924952
chrM	10672	10672	0.013992471056183
chrM	10673	10673	0.0202420400518657
chrM	10674	10674	0.0289663284811057
chrM	10675	10675	0.000302846759539673
chrM	10676	10676	0.00174189639503181
chrM	10677	10677	0.0079660116834838
chrM	10678	10678	0.128862037320281
chrM	10679	10679	0.00500395048722676
chrM	10680	10680	8.82301041115229e-05
chrM	10681	10681	0.00211770934439248
chrM	10682	10682	0.00539393403483951
chrM	10683	10683	0.136201991465149
chrM	10684	10684	0.0159530671058049
chrM	10685	10685	0.0225917791026043
chrM	10686	10686	0.00812921168039362
chrM	10687	10687	0.0122924304507225
chrM	10688	10688	0.0221518987341772
chrM	10689	10689	0.0130507529280535
chrM	10690	10690	0.0431687196293366
chrM	10691	10691	0.00106295027754813
chrM	10692	10692	0.0515488295105226
chrM	10693	10693	0.00809968847352025
chrM	10694	10694	0.00113036925395629
chrM	10695	10695	0.0317998994469583
chrM	10696	10696	0.0151888874464494
chrM	10697	10697	0.0079093066174532
chrM	10698	10698	0.0010629816635663
chrM	10699	10699	0.014365522745411
chrM	10700	10700	0.0195549561699258
chrM	10701	10701	0.00605226960110041
chrM	10702	10702	0.00373650705784666
chrM	10703	10703	0.00986248090012502
chrM	10704	10704	0.00659186535764376
chrM	10705	10705	0.0582921665490473
chrM	10706	10706	0.402636309167166
chrM	10707	10707	0.00250752256770311
chrM	10708	10708	0.00150791656195024
chrM	10709	10709	0.0148502391140196
chrM	10710	10710	0.194941236586612
chrM	10711	10711	0.0361789907965725
chrM	10712	10712	0.0253539677313138
chrM	10713	10713	0.00574324324324324
chrM	10714	10714	0.00169894665307509
chrM	10715	10715	0.0452688904016338
chrM	10716	10716	0.00249376558603491
chrM	10717	10717	0.000714030703320243
chrM	10718	10718	0
chrM	10719	10719	0.000357270453733476
chrM	10720	10720	0.00142959256611866
chrM	10721	10721	0
chrM	10722	10722	0.00250536864710093
chrM	10723	10723	0.000716845878136201
chrM	10724	10724	0.000358680057388809
chrM	10725	10725	0.00107604017216643
chrM	10726	10726	0.000359066427289048
chrM	10727	10727	0.0021551724137931
chrM	10728	10728	0
chrM	10729	10729	0.0104279036317871
chrM	10730	10730	0
chrM	10731	10731	0
chrM	10732	10732	0.000726744186046512
chrM	10733	10733	0.00218023255813953
chrM	10734	10734	0.00145666423889294
chrM	10735	10735	0.00218818380743982
chrM	10736	10736	0.00109609061015711
chrM	10737	10737	0.000365764447695684
chrM	10738	10738	0.00475667764361508
chrM	10739	10739	0.00441176470588235
chrM	10740	10740	0.000738552437223043
chrM	10741	10741	0.00073909830007391
chrM	10742	10742	0.000739644970414201
chrM	10743	10743	0.000370096225018505
chrM	10744	10744	0.00296186597556461
chrM	10745	10745	0.000742666171555886
chrM	10746	10746	0
chrM	10747	10747	0.00445765230312036
chrM	10748	10748	0.000373134328358209
chrM	10749	10749	0
chrM	10750	10750	0.00410600970511385
chrM	10751	10751	0.000374812593703148
chrM	10752	10752	0.00487073810415886
chrM	10753	10753	0.000753012048192771
chrM	10754	10754	0.00112866817155756
chrM	10755	10755	0.00225818592397441
chrM	10756	10756	0.000377216144851
chrM	10757	10757	0
chrM	10758	10758	0.0184696569920844
chrM	10759	10759	0.00115207373271889
chrM	10760	10760	0
chrM	10761	10761	0.000768935024990388
chrM	10762	10762	0.0015390534821085
chrM	10763	10763	0.00385356454720617
chrM	10764	10764	0
chrM	10765	10765	0.00580270793036751
chrM	10766	10766	0.00116686114352392
chrM	10767	10767	0.00311526479750779
chrM	10768	10768	0.02421875
chrM	10769	10769	0.00360288230584468
chrM	10770	10770	0.010847730012053
chrM	10771	10771	0.00243704305442729
chrM	10772	10772	0.000814332247557003
chrM	10773	10773	0.0105777054515867
chrM	10774	10774	0.00287828947368421
chrM	10775	10775	0.00123660346248969
chrM	10776	10776	0.00371287128712871
chrM	10777	10777	0.00620860927152318
chrM	10778	10778	0.0307948397836038
chrM	10779	10779	0.038643194504079
chrM	10780	10780	0
chrM	10781	10781	0.0071396697902722
chrM	10782	10782	0.00134831460674157
chrM	10783	10783	0.00855085508550855
chrM	10784	10784	0.0186109850204267
chrM	10785	10785	0
chrM	10786	10786	0.000462107208872458
chrM	10787	10787	0
chrM	10788	10788	0.000923361034164358
chrM	10789	10789	0
chrM	10790	10790	0
chrM	10791	10791	0.000461041954817888
chrM	10792	10792	0.000460829493087558
chrM	10793	10793	0
chrM	10794	10794	0
chrM	10795	10795	0
chrM	10796	10796	0
chrM	10797	10797	0.0221096269000461
chrM	10798	10798	0.000470809792843691
chrM	10799	10799	0.000471031559114461
chrM	10800	10800	0.000471253534401508
chrM	10801	10801	0.00188590287600189
chrM	10802	10802	0
chrM	10803	10803	0.000471698113207547
chrM	10804	10804	0.000471475719000471
chrM	10805	10805	0.000471698113207547
chrM	10806	10806	0.0428638718794159
chrM	10807	10807	0.00196850393700787
chrM	10808	10808	0.0014792899408284
chrM	10809	10809	0.00740740740740741
chrM	10810	10810	0.00198906016907011
chrM	10811	10811	0.00939199209095403
chrM	10812	10812	0.00449101796407186
chrM	10813	10813	0.0358744394618834
chrM	10814	10814	0.00720535254760679
chrM	10815	10815	0
chrM	10816	10816	0.00358606557377049
chrM	10817	10817	0.00102827763496144
chrM	10818	10818	0.00202326757713708
chrM	10819	10819	0
chrM	10820	10820	0
chrM	10821	10821	0.00200100050025012
chrM	10822	10822	0
chrM	10823	10823	0
chrM	10824	10824	0.00411522633744856
chrM	10825	10825	0.000441111601235112
chrM	10826	10826	0.0016604400166044
chrM	10827	10827	0.000403388463089956
chrM	10828	10828	0.000397772474144789
chrM	10829	10829	0.00396667988893296
chrM	10830	10830	0
chrM	10831	10831	0.019485580670304
chrM	10832	10832	0
chrM	10833	10833	0
chrM	10834	10834	0.0121283255086072
chrM	10835	10835	0.000792079207920792
chrM	10836	10836	0.000754716981132075
chrM	10837	10837	0.000752728641324802
chrM	10838	10838	0.000375657400450789
chrM	10839	10839	0.00300525920360631
chrM	10840	10840	0.00865963855421687
chrM	10841	10841	0.000376647834274953
chrM	10842	10842	0
chrM	10843	10843	0
chrM	10844	10844	0.00037202380952381
chrM	10845	10845	0
chrM	10846	10846	0
chrM	10847	10847	0
chrM	10848	10848	0.00182882223847842
chrM	10849	10849	0
chrM	10850	10850	0
chrM	10851	10851	0
chrM	10852	10852	0
chrM	10853	10853	0
chrM	10854	10854	0
chrM	10855	10855	0.000349772647778944
chrM	10856	10856	0
chrM	10857	10857	0.000346860908775581
chrM	10858	10858	0
chrM	10859	10859	0
chrM	10860	10860	0
chrM	10861	10861	0
chrM	10862	10862	0
chrM	10863	10863	0.000684462696783025
chrM	10864	10864	0.000683526999316473
chrM	10865	10865	0
chrM	10866	10866	0
chrM	10867	10867	0
chrM	10868	10868	0
chrM	10869	10869	0.00166333998669328
chrM	10870	10870	0
chrM	10871	10871	0
chrM	10872	10872	0
chrM	10873	10873	0.0003269042170644
chrM	10874	10874	0
chrM	10875	10875	0
chrM	10876	10876	0.000320410124959949
chrM	10877	10877	0.000319386777387416
chrM	10878	10878	0
chrM	10879	10879	0
chrM	10880	10880	0
chrM	10881	10881	0
chrM	10882	10882	0.000228102189781022
chrM	10883	10883	0.000901306894997747
chrM	10884	10884	0
chrM	10885	10885	0.000418526785714286
chrM	10886	10886	0
chrM	10887	10887	0.000135281385281385
chrM	10888	10888	0
chrM	10889	10889	0
chrM	10890	10890	0
chrM	10891	10891	0.000129332643559234
chrM	10892	10892	0
chrM	10893	10893	0
chrM	10894	10894	0
chrM	10895	10895	0.000242306760358614
chrM	10896	10896	0
chrM	10897	10897	0
chrM	10898	10898	0.0001056970721911
chrM	10899	10899	0
chrM	10900	10900	0
chrM	10901	10901	0.000104547830632514
chrM	10902	10902	0.000102249488752556
chrM	10903	10903	0
chrM	10904	10904	0
chrM	10905	10905	0
chrM	10906	10906	0
chrM	10907	10907	0
chrM	10908	10908	0
chrM	10909	10909	0
chrM	10910	10910	0
chrM	10911	10911	0.000177053824362606
chrM	10912	10912	8.80669308674593e-05
chrM	10913	10913	0.000439908499032201
chrM	10914	10914	8.79816998064403e-05
chrM	10915	10915	0
chrM	10916	10916	0
chrM	10917	10917	0.000174049255939431
chrM	10918	10918	0
chrM	10919	10919	0
chrM	10920	10920	8.61326442721792e-05
chrM	10921	10921	0
chrM	10922	10922	0
chrM	10923	10923	0
chrM	10924	10924	0.000156825844899239
chrM	10925	10925	0
chrM	10926	10926	0
chrM	10927	10927	0.000308904162483589
chrM	10928	10928	0
chrM	10929	10929	0
chrM	10930	10930	7.39699681929137e-05
chrM	10931	10931	0
chrM	10932	10932	0.000145011600928074
chrM	10933	10933	0
chrM	10934	10934	0.00012955885210857
chrM	10935	10935	0
chrM	10936	10936	0
chrM	10937	10937	0
chrM	10938	10938	0.000128353228083686
chrM	10939	10939	0
chrM	10940	10940	6.33673404727204e-05
chrM	10941	10941	0
chrM	10942	10942	0
chrM	10943	10943	0
chrM	10944	10944	0
chrM	10945	10945	0.000246639536317672
chrM	10946	10946	6.15043975644259e-05
chrM	10947	10947	0.000184343124001475
chrM	10948	10948	0.000485761126965815
chrM	10949	10949	6.06943432872056e-05
chrM	10950	10950	0.00096905093573981
chrM	10951	10951	0.000118455342335939
chrM	10952	10952	0.000117966261649168
chrM	10953	10953	0
chrM	10954	10954	0.000176128691363823
chrM	10955	10955	0.000176087339320303
chrM	10956	10956	0
chrM	10957	10957	0.000292654375182909
chrM	10958	10958	0.000117006961914234
chrM	10959	10959	0.000291443226859408
chrM	10960	10960	0.000291290416545296
chrM	10961	10961	0.00150978456535625
chrM	10962	10962	0.00143951171762538
chrM	10963	10963	5.75010062676097e-05
chrM	10964	10964	0.000516706854977609
chrM	10965	10965	0
chrM	10966	10966	5.73131591013297e-05
chrM	10967	10967	0
chrM	10968	10968	0
chrM	10969	10969	5.67955926620094e-05
chrM	10970	10970	0.000112949680917151
chrM	10971	10971	0.000168709931391295
chrM	10972	10972	0.000393236335037357
chrM	10973	10973	0.000224001792014336
chrM	10974	10974	0.00011100627185436
chrM	10975	10975	5.52333609500138e-05
chrM	10976	10976	0.000496661332156062
chrM	10977	10977	0.000220774919969092
chrM	10978	10978	0.000384594253063018
chrM	10979	10979	0.000219478737997257
chrM	10980	10980	0.000493339911198816
chrM	10981	10981	0.000767670121182212
chrM	10982	10982	0.000274258131753606
chrM	10983	10983	0.000327618215572786
chrM	10984	10984	0
chrM	10985	10985	0.000272910867310736
chrM	10986	10986	0.00376391010255291
chrM	10987	10987	5.4719562243502e-05
chrM	10988	10988	0.00195164263254906
chrM	10989	10989	0
chrM	10990	10990	0.000270621346611821
chrM	10991	10991	0.000378685420611306
chrM	10992	10992	5.41184110834506e-05
chrM	10993	10993	0.000270109664523797
chrM	10994	10994	5.40160967968455e-05
chrM	10995	10995	0
chrM	10996	10996	0.000106837606837607
chrM	10997	10997	5.34102440848155e-05
chrM	10998	10998	0.00074694552632983
chrM	10999	10999	0.00229418983087019
chrM	11000	11000	0.000320461464508893
chrM	11001	11001	0.000266965668215068
chrM	11002	11002	0.000480538202787122
chrM	11003	11003	0.000213515533255044
chrM	11004	11004	0.000373731980779498
chrM	11005	11005	0.000370821634793664
chrM	11006	11006	0.00430808027739834
chrM	11007	11007	0.00100195116806412
chrM	11008	11008	0.000422185867328091
chrM	11009	11009	0.00232300300934481
chrM	11010	11010	0.000475712246947513
chrM	11011	11011	0.00163856440615255
chrM	11012	11012	5.29184526644441e-05
chrM	11013	11013	0.000317325999576899
chrM	11014	11014	0.000158671391548104
chrM	11015	11015	0.000475109539143747
chrM	11016	11016	0.000950168918918919
chrM	11017	11017	0.000105602196525688
chrM	11018	11018	0.000263907948907421
chrM	11019	11019	0.000211126359125937
chrM	11020	11020	5.2792735719565e-05
chrM	11021	11021	0.000527899487937497
chrM	11022	11022	0.000105529759392149
chrM	11023	11023	0
chrM	11024	11024	5.25762355415352e-05
chrM	11025	11025	0.000262054507337526
chrM	11026	11026	0.000209687565527364
chrM	11027	11027	0.000576429282607556
chrM	11028	11028	0.000419045623592269
chrM	11029	11029	0.000366799413120939
chrM	11030	11030	0.000209500864191065
chrM	11031	11031	5.23834468308015e-05
chrM	11032	11032	0.000890471950133571
chrM	11033	11033	5.24191434711957e-05
chrM	11034	11034	0.00172955974842767
chrM	11035	11035	0.000209676573884783
chrM	11036	11036	0
chrM	11037	11037	5.23395791897833e-05
chrM	11038	11038	5.23231477605693e-05
chrM	11039	11039	0.000366185394433982
chrM	11040	11040	0
chrM	11041	11041	0.000313725490196078
chrM	11042	11042	0.000209041024301019
chrM	11043	11043	0.00155706648673898
chrM	11044	11044	0.000207835394367661
chrM	11045	11045	0.000674903955975496
chrM	11046	11046	0.000880965953256983
chrM	11047	11047	0.000829445308449974
chrM	11048	11048	0.00194612311789409
chrM	11049	11049	0.000204718767593019
chrM	11050	11050	0.00117725341659415
chrM	11051	11051	0.00465735196274118
chrM	11052	11052	0.013883217639853
chrM	11053	11053	0.00191204588910134
chrM	11054	11054	0.00579350300020691
chrM	11055	11055	0.000728066982162359
chrM	11056	11056	0.000572409845449342
chrM	11057	11057	0.00213452728029988
chrM	11058	11058	0.0178813470962361
chrM	11059	11059	0.00100849256900212
chrM	11060	11060	0.00189853390992511
chrM	11061	11061	0.000264061262212833
chrM	11062	11062	0.00200495963699678
chrM	11063	11063	0.00227260715606998
chrM	11064	11064	0.00752078809385096
chrM	11065	11065	0.000745116823673426
chrM	11066	11066	0.00117102251556928
chrM	11067	11067	0.000585947903904544
chrM	11068	11068	0.0026116618697367
chrM	11069	11069	0.00299145299145299
chrM	11070	11070	0.00578437148519094
chrM	11071	11071	0.000969305331179321
chrM	11072	11072	5.37432149191165e-05
chrM	11073	11073	0.000107457554266065
chrM	11074	11074	5.37172324881822e-05
chrM	11075	11075	0.00220228823118655
chrM	11076	11076	0.000484417891167447
chrM	11077	11077	0.000161524794055888
chrM	11078	11078	0.000753701211305518
chrM	11079	11079	5.38589971454732e-05
chrM	11080	11080	0.0240963855421687
chrM	11081	11081	0.000219478737997257
chrM	11082	11082	0.000548787180331467
chrM	11083	11083	0.0014276301339776
chrM	11084	11084	0.00060456169277274
chrM	11085	11085	0
chrM	11086	11086	5.49601538884309e-05
chrM	11087	11087	5.49510935267612e-05
chrM	11088	11088	0.0144594150509366
chrM	11089	11089	0.000555740802489719
chrM	11090	11090	0.00105649466192171
chrM	11091	11091	0.00584209647805041
chrM	11092	11092	0.000783523617640475
chrM	11093	11093	0.00284884370461401
chrM	11094	11094	0.00924162652626862
chrM	11095	11095	0.0108492964909307
chrM	11096	11096	0.00805392128862741
chrM	11097	11097	0.0102499136243234
chrM	11098	11098	0.00145450314172679
chrM	11099	11099	0.000524383848977452
chrM	11100	11100	0.000291273447512525
chrM	11101	11101	0.00133666531062939
chrM	11102	11102	0.000523164564320177
chrM	11103	11103	0.000697836706210747
chrM	11104	11104	0.011114990689013
chrM	11105	11105	0.0002353771919501
chrM	11106	11106	0.00209399720800372
chrM	11107	11107	0.000116563702063178
chrM	11108	11108	0.000116570496007461
chrM	11109	11109	0.00151515151515152
chrM	11110	11110	0.00227617602427921
chrM	11111	11111	0.00456113677562716
chrM	11112	11112	0.00875183553597651
chrM	11113	11113	0.00135965949397021
chrM	11114	11114	0.000473568933877938
chrM	11115	11115	0.000236868597145733
chrM	11116	11116	0.00556674167949781
chrM	11117	11117	0.00934746368182901
chrM	11118	11118	0.000120105693009849
chrM	11119	11119	0.0021615130591414
chrM	11120	11120	0.000360815442900956
chrM	11121	11121	0.00108283703302653
chrM	11122	11122	0.00216099405726634
chrM	11123	11123	0.00390812890812891
chrM	11124	11124	0.00488894253983583
chrM	11125	11125	0.000788404390805992
chrM	11126	11126	0.0205728850588664
chrM	11127	11127	0.000867463907305285
chrM	11128	11128	0.0247969747690782
chrM	11129	11129	0.00425369817789347
chrM	11130	11130	0.0024219247928617
chrM	11131	11131	0.00153335037055967
chrM	11132	11132	0.000383288616328095
chrM	11133	11133	0.0119897959183673
chrM	11134	11134	0.00619594681812314
chrM	11135	11135	0.0035716604974349
chrM	11136	11136	0.0192745979032363
chrM	11137	11137	0.00132758048456688
chrM	11138	11138	0.000930108955620516
chrM	11139	11139	0.0051081332094998
chrM	11140	11140	0.000733284447703486
chrM	11141	11141	0.00653681963713981
chrM	11142	11142	0.0085825398954003
chrM	11143	11143	0.0136774019673898
chrM	11144	11144	0.00423352680095596
chrM	11145	11145	0.00801919122686772
chrM	11146	11146	0.00214162348877375
chrM	11147	11147	0.00179769065892277
chrM	11148	11148	0.00815423951350978
chrM	11149	11149	0.00494360116975352
chrM	11150	11150	0.000349577011815703
chrM	11151	11151	0.00139869920973495
chrM	11152	11152	0.000770362070172981
chrM	11153	11153	0.00803046036690896
chrM	11154	11154	0.000418468405635375
chrM	11155	11155	0.00320915306264825
chrM	11156	11156	0.00139967807404297
chrM	11157	11157	7.00819959352442e-05
chrM	11158	11158	0.00692695214105793
chrM	11159	11159	0.00464985205016204
chrM	11160	11160	0.000707764172977564
chrM	11161	11161	0.00127478753541076
chrM	11162	11162	0.000708666997377932
chrM	11163	11163	0.00552799433026223
chrM	11164	11164	0.0313211845102506
chrM	11165	11165	0.00110213078618663
chrM	11166	11166	0.00455446999191949
chrM	11167	11167	0.000664157626743414
chrM	11168	11168	0.0341135642029093
chrM	11169	11169	0.0298484733115054
chrM	11170	11170	0.000626959247648903
chrM	11171	11171	0.000547687974336906
chrM	11172	11172	0.00641727969948349
chrM	11173	11173	0.00204772780971883
chrM	11174	11174	0.00339304032194429
chrM	11175	11175	0.00174119509299565
chrM	11176	11176	0.0167588932806324
chrM	11177	11177	8.03987779385753e-05
chrM	11178	11178	0
chrM	11179	11179	0.00594759684938113
chrM	11180	11180	8.08538163001294e-05
chrM	11181	11181	0.00450088410223437
chrM	11182	11182	8.07037365830038e-05
chrM	11183	11183	8.06711842529848e-05
chrM	11184	11184	0.000241896468311563
chrM	11185	11185	8.06516654568917e-05
chrM	11186	11186	0.00403160780519271
chrM	11187	11187	0.00533764658309745
chrM	11188	11188	0.00089372765680858
chrM	11189	11189	0.000650565178498821
chrM	11190	11190	0.00154559505409583
chrM	11191	11191	0.00391038696537678
chrM	11192	11192	0.0142284733011694
chrM	11193	11193	0.00273745333886354
chrM	11194	11194	0.00216216216216216
chrM	11195	11195	0.00025
chrM	11196	11196	0.00850212553138284
chrM	11197	11197	0.011514540258867
chrM	11198	11198	0.0265283564322762
chrM	11199	11199	0.00139725788140774
chrM	11200	11200	0.00288562434417629
chrM	11201	11201	0.0010515247108307
chrM	11202	11202	0.00254385964912281
chrM	11203	11203	0.00623408552111687
chrM	11204	11204	0.00671437406131284
chrM	11205	11205	0.00987280974828782
chrM	11206	11206	0.000359324469996407
chrM	11207	11207	0.026677445432498
chrM	11208	11208	0.000184552920549968
chrM	11209	11209	0.00203026947212994
chrM	11210	11210	0.0048081368469718
chrM	11211	11211	0.00613154960981048
chrM	11212	11212	0.0157958687727825
chrM	11213	11213	0.00712047849615494
chrM	11214	11214	0.00477646159724876
chrM	11215	11215	0.000383877159309021
chrM	11216	11216	0.00479892504079086
chrM	11217	11217	0.0229419703103914
chrM	11218	11218	0.160007891881227
chrM	11219	11219	0.00234852043212776
chrM	11220	11220	0.00764975873837825
chrM	11221	11221	0.00177872643187478
chrM	11222	11222	0.0137799952482775
chrM	11223	11223	0.00337268128161889
chrM	11224	11224	0.00737160120845921
chrM	11225	11225	0.00608716824933041
chrM	11226	11226	0.00355087547447043
chrM	11227	11227	0.00356352912263455
chrM	11228	11228	0.00567131056589816
chrM	11229	11229	0.00123992560446373
chrM	11230	11230	0.00347567030784508
chrM	11231	11231	0.011333914559721
chrM	11232	11232	0.00125976316452507
chrM	11233	11233	0.00176544766708701
chrM	11234	11234	0.00265285497726124
chrM	11235	11235	0.000506329113924051
chrM	11236	11236	0.00329280648429585
chrM	11237	11237	0.00279542566709022
chrM	11238	11238	0.030828025477707
chrM	11239	11239	0.00183992640294388
chrM	11240	11240	0.000131665569453588
chrM	11241	11241	0.00618909665525415
chrM	11242	11242	0.00238505366370743
chrM	11243	11243	0.00225763612217795
chrM	11244	11244	0.000798615732729935
chrM	11245	11245	0.000666045024643666
chrM	11246	11246	0.00173287123433751
chrM	11247	11247	0.00427122263747998
chrM	11248	11248	0.0347091932457786
chrM	11249	11249	0.000971682398667407
chrM	11250	11250	0.00638888888888889
chrM	11251	11251	0.00195694716242661
chrM	11252	11252	0.0275910364145658
chrM	11253	11253	0.00158432954054443
chrM	11254	11254	0.00519180847995385
chrM	11255	11255	0.00159466512032473
chrM	11256	11256	0
chrM	11257	11257	0.024390243902439
chrM	11258	11258	0.0066884661117717
chrM	11259	11259	0.00179560077809367
chrM	11260	11260	0.00644484412470024
chrM	11261	11261	0.0037656273535171
chrM	11262	11262	0.00619616140244824
chrM	11263	11263	0.0112530413625304
chrM	11264	11264	0.0413718855736696
chrM	11265	11265	0.00705920102679288
chrM	11266	11266	0.012924071082391
chrM	11267	11267	0.0125919869174162
chrM	11268	11268	0.0086106971352873
chrM	11269	11269	0.00334057123768164
chrM	11270	11270	0.000335120643431635
chrM	11271	11271	0.0184378142809252
chrM	11272	11272	0.00614754098360656
chrM	11273	11273	0.0261168384879725
chrM	11274	11274	0.00458553791887125
chrM	11275	11275	0.000354233085370174
chrM	11276	11276	0.00513456090651558
chrM	11277	11277	0.0049813200498132
chrM	11278	11278	0.0178794922224209
chrM	11279	11279	0.000363967242948135
chrM	11280	11280	0.000728066982162359
chrM	11281	11281	0.00382374362709395
chrM	11282	11282	0.00146172117668555
chrM	11283	11283	0.00512351326623971
chrM	11284	11284	0.000367849917233769
chrM	11285	11285	0.00919793966151582
chrM	11286	11286	0.000927471712112781
chrM	11287	11287	0.00334137739001299
chrM	11288	11288	0.000931098696461825
chrM	11289	11289	0.00223630264629146
chrM	11290	11290	0.0147553231228988
chrM	11291	11291	0.0119363395225464
chrM	11292	11292	0.0799616490891659
chrM	11293	11293	0.00125052105043768
chrM	11294	11294	0.00146076794657763
chrM	11295	11295	0.00459770114942529
chrM	11296	11296	0.00754558792705932
chrM	11297	11297	0.0126662444585181
chrM	11298	11298	0.00534302201325069
chrM	11299	11299	0.00429737859905458
chrM	11300	11300	0.00453074433656958
chrM	11301	11301	0.00108342361863489
chrM	11302	11302	0.0281995661605206
chrM	11303	11303	0.00513392857142857
chrM	11304	11304	0.0221873599282833
chrM	11305	11305	0.00183360073344029
chrM	11306	11306	0.0165327210103329
chrM	11307	11307	0.0730796170908242
chrM	11308	11308	0.00100755667506297
chrM	11309	11309	0.00302267002518892
chrM	11310	11310	0.0030310684516292
chrM	11311	11311	0.00986842105263158
chrM	11312	11312	0.0191326530612245
chrM	11313	11313	0.0025953802232027
chrM	11314	11314	0.00156128024980484
chrM	11315	11315	0.0218921032056294
chrM	11316	11316	0
chrM	11317	11317	0.00851063829787234
chrM	11318	11318	0.00080450522928399
chrM	11319	11319	0.00509930220075148
chrM	11320	11320	0.0428802588996764
chrM	11321	11321	0.0470422535211268
chrM	11322	11322	0.0450795521508544
chrM	11323	11323	0.00339192106074622
chrM	11324	11324	0.00340241261985772
chrM	11325	11325	0.000310366232153942
chrM	11326	11326	0.0170754424091897
chrM	11327	11327	0.00157778479015462
chrM	11328	11328	0.0104232469993683
chrM	11329	11329	0.000956937799043062
chrM	11330	11330	0.0028735632183908
chrM	11331	11331	0.00608194622279129
chrM	11332	11332	0.00418544752092724
chrM	11333	11333	0.231589147286822
chrM	11334	11334	0.00210172341319882
chrM	11335	11335	0.0037910699241786
chrM	11336	11336	0
chrM	11337	11337	0.0337837837837838
chrM	11338	11338	0.00436871996505024
chrM	11339	11339	0.00394736842105263
chrM	11340	11340	0.00484368119771026
chrM	11341	11341	0.00398053958425475
chrM	11342	11342	0.0044404973357016
chrM	11343	11343	0.0164810690423163
chrM	11344	11344	0.052536231884058
chrM	11345	11345	0.00621414913957935
chrM	11346	11346	0.000962000962000962
chrM	11347	11347	0.00288461538461538
chrM	11348	11348	0.00673400673400673
chrM	11349	11349	0.00096665055582407
chrM	11350	11350	0.00145137880986938
chrM	11351	11351	0.00678294573643411
chrM	11352	11352	0.00195026816187226
chrM	11353	11353	0.00439667806546165
chrM	11354	11354	0.00490677134445535
chrM	11355	11355	0
chrM	11356	11356	0.00147710487444609
chrM	11357	11357	0.00443131462333826
chrM	11358	11358	0.0103806228373702
chrM	11359	11359	0.000999000999000999
chrM	11360	11360	0.0005
chrM	11361	11361	0.00150075037518759
chrM	11362	11362	0
chrM	11363	11363	0
chrM	11364	11364	0.0014985014985015
chrM	11365	11365	0.000998502246630055
chrM	11366	11366	0.000998003992015968
chrM	11367	11367	0.0004995004995005
chrM	11368	11368	0.000499251123315027
chrM	11369	11369	0.003996003996004
chrM	11370	11370	0.0015
chrM	11371	11371	0.001001001001001
chrM	11372	11372	0.000500751126690035
chrM	11373	11373	0.00250501002004008
chrM	11374	11374	0.0005005005005005
chrM	11375	11375	0
chrM	11376	11376	0.00175901495162709
chrM	11377	11377	0
chrM	11378	11378	0
chrM	11379	11379	0.000405679513184584
chrM	11380	11380	0.00102845389098389
chrM	11381	11381	0
chrM	11382	11382	0
chrM	11383	11383	0
chrM	11384	11384	0
chrM	11385	11385	0
chrM	11386	11386	0.00172334558823529
chrM	11387	11387	0
chrM	11388	11388	0
chrM	11389	11389	0
chrM	11390	11390	0
chrM	11391	11391	0.000188661447033299
chrM	11392	11392	0
chrM	11393	11393	0
chrM	11394	11394	0
chrM	11395	11395	0
chrM	11396	11396	0.000172280127487294
chrM	11397	11397	0
chrM	11398	11398	0.000412984224002643
chrM	11399	11399	0.000150647785477553
chrM	11400	11400	0
chrM	11401	11401	0
chrM	11402	11402	0
chrM	11403	11403	0
chrM	11404	11404	0
chrM	11405	11405	0.000139207907009118
chrM	11406	11406	6.84369011771147e-05
chrM	11407	11407	0
chrM	11408	11408	0
chrM	11409	11409	0
chrM	11410	11410	0.000403415585288778
chrM	11411	11411	0
chrM	11412	11412	0.000523800170235055
chrM	11413	11413	0
chrM	11414	11414	0
chrM	11415	11415	0.000130378096479791
chrM	11416	11416	0.000844869045297979
chrM	11417	11417	0
chrM	11418	11418	0.00012970168612192
chrM	11419	11419	6.48298217179903e-05
chrM	11420	11420	0
chrM	11421	11421	0.000129449838187702
chrM	11422	11422	0.000128957379586047
chrM	11423	11423	0.000322351879311456
chrM	11424	11424	0.000257964658841739
chrM	11425	11425	0
chrM	11426	11426	0.000570233795856301
chrM	11427	11427	6.30318310746927e-05
chrM	11428	11428	0.00119707661290323
chrM	11429	11429	0.000314366551398931
chrM	11430	11430	6.26762770291445e-05
chrM	11431	11431	0.000310887272275073
chrM	11432	11432	0.000185839063371121
chrM	11433	11433	0.000309482545184452
chrM	11434	11434	0
chrM	11435	11435	0.000184763195171522
chrM	11436	11436	0
chrM	11437	11437	0.000121787845573012
chrM	11438	11438	0
chrM	11439	11439	0
chrM	11440	11440	6.03828271239659e-05
chrM	11441	11441	0
chrM	11442	11442	5.9506099375186e-05
chrM	11443	11443	0
chrM	11444	11444	0
chrM	11445	11445	5.90318772136954e-05
chrM	11446	11446	0
chrM	11447	11447	0
chrM	11448	11448	0
chrM	11449	11449	0
chrM	11450	11450	0
chrM	11451	11451	5.87440521647183e-05
chrM	11452	11452	5.76335657887153e-05
chrM	11453	11453	0.000115114538966271
chrM	11454	11454	0.00011461974898275
chrM	11455	11455	0
chrM	11456	11456	0
chrM	11457	11457	0
chrM	11458	11458	0
chrM	11459	11459	0
chrM	11460	11460	0
chrM	11461	11461	5.68214103074038e-05
chrM	11462	11462	0.000227195274338294
chrM	11463	11463	0.000624574153985919
chrM	11464	11464	0
chrM	11465	11465	0
chrM	11466	11466	0
chrM	11467	11467	0
chrM	11468	11468	5.62936275613601e-05
chrM	11469	11469	0.0002814681378068
chrM	11470	11470	0.00022521254433872
chrM	11471	11471	0
chrM	11472	11472	0
chrM	11473	11473	0.000168529857873153
chrM	11474	11474	0
chrM	11475	11475	0
chrM	11476	11476	0
chrM	11477	11477	0.000111650756433875
chrM	11478	11478	0
chrM	11479	11479	0
chrM	11480	11480	0
chrM	11481	11481	0.000222345747637576
chrM	11482	11482	0
chrM	11483	11483	0.000111154337798033
chrM	11484	11484	0
chrM	11485	11485	0
chrM	11486	11486	0
chrM	11487	11487	0.000110834026045996
chrM	11488	11488	0.000166260252715584
chrM	11489	11489	0
chrM	11490	11490	0.000110296145149727
chrM	11491	11491	5.495713343592e-05
chrM	11492	11492	0.000927289587083402
chrM	11493	11493	0
chrM	11494	11494	0.000108565845185105
chrM	11495	11495	0.000377745399600669
chrM	11496	11496	0.000485620244968435
chrM	11497	11497	0.000429069455618128
chrM	11498	11498	0.000375556628574494
chrM	11499	11499	0.00134091396695988
chrM	11500	11500	0.00257262300353736
chrM	11501	11501	5.36711034778875e-05
chrM	11502	11502	0
chrM	11503	11503	5.34188034188034e-05
chrM	11504	11504	0.000106809078771696
chrM	11505	11505	0.00122745223609777
chrM	11506	11506	5.32339632685653e-05
chrM	11507	11507	0.000478570668935446
chrM	11508	11508	0.000212788594531333
chrM	11509	11509	0.000896766365986179
chrM	11510	11510	0.000422386483632524
chrM	11511	11511	0.000158019489070319
chrM	11512	11512	0.00317923594100172
chrM	11513	11513	0.000313463246434356
chrM	11514	11514	0
chrM	11515	11515	0.000260457363129656
chrM	11516	11516	0.000832899531494014
chrM	11517	11517	0.000721537906509303
chrM	11518	11518	0.000103124677735382
chrM	11519	11519	0.000103114044132811
chrM	11520	11520	0.000360416023066626
chrM	11521	11521	0.00252239266961804
chrM	11522	11522	0.00366017115166512
chrM	11523	11523	0.00356921166977033
chrM	11524	11524	0.000363296657670749
chrM	11525	11525	0.000570894747768321
chrM	11526	11526	0
chrM	11527	11527	0.000516929439131559
chrM	11528	11528	0.000155134967421657
chrM	11529	11529	0.00015470297029703
chrM	11530	11530	0.00587386644682605
chrM	11531	11531	0.00243057351192015
chrM	11532	11532	0.0121106378611382
chrM	11533	11533	0.00280402949423616
chrM	11534	11534	0.00842872008324662
chrM	11535	11535	5.24631446408898e-05
chrM	11536	11536	0.00624544602893723
chrM	11537	11537	0.00638309004342594
chrM	11538	11538	0.000786575773466177
chrM	11539	11539	0.00434055015165778
chrM	11540	11540	0.0119209453100491
chrM	11541	11541	0.00613269891620407
chrM	11542	11542	0.0285941644562334
chrM	11543	11543	0.000327367961588826
chrM	11544	11544	0.000858323051338448
chrM	11545	11545	0.000426098535286285
chrM	11546	11546	0.000426234748787895
chrM	11547	11547	0.000743375988955557
chrM	11548	11548	0.000566047445067668
chrM	11549	11549	0.000922556506586028
chrM	11550	11550	0.00138454438233937
chrM	11551	11551	0.00286049956581703
chrM	11552	11552	0.000867479716283105
chrM	11553	11553	0.000712540716612378
chrM	11554	11554	0.002995684183803
chrM	11555	11555	0.0014255893284456
chrM	11556	11556	0.000968004890972081
chrM	11557	11557	0.000610283273152622
chrM	11558	11558	0.0126569409851065
chrM	11559	11559	0.00221364221364221
chrM	11560	11560	0.000309421896756227
chrM	11561	11561	0.000257851580630189
chrM	11562	11562	0.00147725536141817
chrM	11563	11563	0.00137705921354618
chrM	11564	11564	0.00229591836734694
chrM	11565	11565	0.00545528703986948
chrM	11566	11566	0.00112733794517038
chrM	11567	11567	0.00148717948717949
chrM	11568	11568	0.0108366288326229
chrM	11569	11569	0.00487501296546001
chrM	11570	11570	0.000156168662155128
chrM	11571	11571	0.00197597628828454
chrM	11572	11572	0.00473884288913191
chrM	11573	11573	0.00493634710314367
chrM	11574	11574	0.000362393870366535
chrM	11575	11575	0.000569505565622573
chrM	11576	11576	0.000828586224754013
chrM	11577	11577	0.00755473327166204
chrM	11578	11578	0.00262900149492242
chrM	11579	11579	0.000103343150932672
chrM	11580	11580	0.0053117425609819
chrM	11581	11581	0.000777041027766266
chrM	11582	11582	0.00165443077241237
chrM	11583	11583	0.000362393870366535
chrM	11584	11584	0.00370238880154182
chrM	11585	11585	0.000304924531178533
chrM	11586	11586	0.000101584721657863
chrM	11587	11587	0.00370558375634518
chrM	11588	11588	0.00167589253973897
chrM	11589	11589	0.00213436324829759
chrM	11590	11590	0.000405165864775893
chrM	11591	11591	0.000253267146185797
chrM	11592	11592	0.0029832633867624
chrM	11593	11593	0.0015563030272604
chrM	11594	11594	0.00215906808596104
chrM	11595	11595	0.00130699240939024
chrM	11596	11596	0.000753579502637528
chrM	11597	11597	0.000200350613573754
chrM	11598	11598	0.00339033753801665
chrM	11599	11599	0.00910402467538928
chrM	11600	11600	0.00915969733174034
chrM	11601	11601	0.00545607856753137
chrM	11602	11602	0.00900542315538086
chrM	11603	11603	0.00159362549800797
chrM	11604	11604	0.0114564654313608
chrM	11605	11605	0.000502765208647562
chrM	11606	11606	0.000447516284620357
chrM	11607	11607	9.9299935455042e-05
chrM	11608	11608	0.00133882084593643
chrM	11609	11609	0.00450963873333664
chrM	11610	11610	9.95272455834785e-05
chrM	11611	11611	0.00166585007349339
chrM	11612	11612	0.00244295695509845
chrM	11613	11613	0.000195474759321703
chrM	11614	11614	0.00344610008251226
chrM	11615	11615	0.000486310363273841
chrM	11616	11616	0.00189707169958167
chrM	11617	11617	0.00738222438076736
chrM	11618	11618	0.0013190034196385
chrM	11619	11619	0.0025385666861941
chrM	11620	11620	0.00256633740073601
chrM	11621	11621	0.00779736536226269
chrM	11622	11622	0.00604347402280924
chrM	11623	11623	0.000882136731193335
chrM	11624	11624	0.000245254328738902
chrM	11625	11625	4.89931899465974e-05
chrM	11626	11626	9.79431929480901e-05
chrM	11627	11627	0.000244834002546274
chrM	11628	11628	0.000342801175318315
chrM	11629	11629	0.00723792868940056
chrM	11630	11630	0.000146792582081519
chrM	11631	11631	0.000685065570561754
chrM	11632	11632	0.000292954445583712
chrM	11633	11633	0.00029272576474606
chrM	11634	11634	0
chrM	11635	11635	9.7508653893033e-05
chrM	11636	11636	0.00441147954236959
chrM	11637	11637	0.00111003861003861
chrM	11638	11638	4.83045116413873e-05
chrM	11639	11639	0.000144801621778164
chrM	11640	11640	0.00130039011703511
chrM	11641	11641	0.000192641109612791
chrM	11642	11642	0.00245629244328854
chrM	11643	11643	0.0117164898746384
chrM	11644	11644	0.00126755070202808
chrM	11645	11645	0.000683326825458805
chrM	11646	11646	0.00131842375115972
chrM	11647	11647	0.00254117187118213
chrM	11648	11648	0.000489164995352933
chrM	11649	11649	9.78186442335909e-05
chrM	11650	11650	0.000293455932700773
chrM	11651	11651	0.00268712136017198
chrM	11652	11652	0.00489572113972388
chrM	11653	11653	0.00122333137600313
chrM	11654	11654	0.005409620351869
chrM	11655	11655	0.00034261661201116
chrM	11656	11656	0.000636256851996868
chrM	11657	11657	0.000733460466480857
chrM	11658	11658	0.00339340578713257
chrM	11659	11659	0.000551369233596765
chrM	11660	11660	0.000401176785236694
chrM	11661	11661	0.00213077640165135
chrM	11662	11662	0.0006227480983942
chrM	11663	11663	0.00723550692667431
chrM	11664	11664	0.0113249281132493
chrM	11665	11665	4.31257547007073e-05
chrM	11666	11666	0.000467190486302824
chrM	11667	11667	0
chrM	11668	11668	0.00406248691209113
chrM	11669	11669	0.000335979169291504
chrM	11670	11670	0.000839137366786943
chrM	11671	11671	0.00300544228738527
chrM	11672	11672	8.11359026369168e-05
chrM	11673	11673	8.08996035919424e-05
chrM	11674	11674	0.000889859644865105
chrM	11675	11675	0.00125308217793767
chrM	11676	11676	0.00399241046723061
chrM	11677	11677	7.91546285669055e-05
chrM	11678	11678	0.000316643578072432
chrM	11679	11679	0.00366502463054187
chrM	11680	11680	0.000586418546463896
chrM	11681	11681	0.00684345594525235
chrM	11682	11682	0.00242376856919468
chrM	11683	11683	0.00430815023694826
chrM	11684	11684	0.000353606789250354
chrM	11685	11685	0.00035306578792515
chrM	11686	11686	0.00164396430248943
chrM	11687	11687	0.00325196881244368
chrM	11688	11688	0.000314354198593265
chrM	11689	11689	7.83760482796457e-05
chrM	11690	11690	0.000391818822976256
chrM	11691	11691	0.00842992623814542
chrM	11692	11692	0.00322707595434868
chrM	11693	11693	0.000512375847390825
chrM	11694	11694	7.88270534447422e-05
chrM	11695	11695	0.000433360910845842
chrM	11696	11696	0.000708159571956881
chrM	11697	11697	0.000275568852846233
chrM	11698	11698	0.000629871663648532
chrM	11699	11699	0.000551485070511305
chrM	11700	11700	0.00342762587660547
chrM	11701	11701	0.00125761446256632
chrM	11702	11702	0.00129854798725062
chrM	11703	11703	0.00275623105091153
chrM	11704	11704	0.00288013887792946
chrM	11705	11705	0.00778944883748377
chrM	11706	11706	0.0139868359191349
chrM	11707	11707	0.00683713393668735
chrM	11708	11708	0.0112061455610992
chrM	11709	11709	0.00714370758423622
chrM	11710	11710	0.00278840025493945
chrM	11711	11711	0.00311563810665069
chrM	11712	11712	0.0191566312944637
chrM	11713	11713	0.000526251872242238
chrM	11714	11714	4.04989470273773e-05
chrM	11715	11715	0.0074280408542247
chrM	11716	11716	0.00264131008980454
chrM	11717	11717	0.00056980056980057
chrM	11718	11718	0.00284900284900285
chrM	11719	11719	0.00383469995512585
chrM	11720	11720	0.00338443973250693
chrM	11721	11721	0.000572246065808298
chrM	11722	11722	0.00081662651586297
chrM	11723	11723	0.00546713643542704
chrM	11724	11724	0.000366285458467299
chrM	11725	11725	0.00357171848364315
chrM	11726	11726	0.00585763916942716
chrM	11727	11727	0.000365704997968306
chrM	11728	11728	0.00231359337581686
chrM	11729	11729	0.00350283850706607
chrM	11730	11730	0.00302956858943286
chrM	11731	11731	0.00449065458370418
chrM	11732	11732	0.00150180622640744
chrM	11733	11733	0.00418444038188097
chrM	11734	11734	0.000326197757390418
chrM	11735	11735	0.00110064815947169
chrM	11736	11736	0.00207908683245006
chrM	11737	11737	0.000612619971411068
chrM	11738	11738	0.0011441647597254
chrM	11739	11739	0.00363057844497022
chrM	11740	11740	0.00147094876195146
chrM	11741	11741	0.000204323484941359
chrM	11742	11742	0.000607066251163544
chrM	11743	11743	0.000728803951736983
chrM	11744	11744	0.000566618099401004
chrM	11745	11745	0.0013763510504797
chrM	11746	11746	0.00433496738646032
chrM	11747	11747	0.00085414463515822
chrM	11748	11748	0.00183172548540725
chrM	11749	11749	0.00346570985892522
chrM	11750	11750	0.00139104819572866
chrM	11751	11751	0.00158820654829777
chrM	11752	11752	0.000406752084604434
chrM	11753	11753	0.00329549615525449
chrM	11754	11754	0.000693679356918431
chrM	11755	11755	0.0128205128205128
chrM	11756	11756	0.00460658906757702
chrM	11757	11757	0.00466884270544974
chrM	11758	11758	0.00485396614669764
chrM	11759	11759	0.00232394073951114
chrM	11760	11760	0.0088981288981289
chrM	11761	11761	0.00318778574724215
chrM	11762	11762	0.034201337764503
chrM	11763	11763	0.000388500388500389
chrM	11764	11764	4.30885901413306e-05
chrM	11765	11765	0.00210743623930154
chrM	11766	11766	0.000516795865633075
chrM	11767	11767	0.00460849341028512
chrM	11768	11768	0.000821834854448722
chrM	11769	11769	0.000216132099939483
chrM	11770	11770	0.0012927691114367
chrM	11771	11771	0.000256267885362833
chrM	11772	11772	0.000170641184249819
chrM	11773	11773	0.000213328782319311
chrM	11774	11774	0.000724761255115962
chrM	11775	11775	0.00519945448346403
chrM	11776	11776	0.000462962962962963
chrM	11777	11777	0.000925731117189144
chrM	11778	11778	0.00130356166687692
chrM	11779	11779	0.00311410064773293
chrM	11780	11780	0.00388847522131215
chrM	11781	11781	0.0016597510373444
chrM	11782	11782	0.00556848404255319
chrM	11783	11783	0.00158769950697752
chrM	11784	11784	0.0125523012552301
chrM	11785	11785	0.00224547726983858
chrM	11786	11786	0.0352611702804769
chrM	11787	11787	0.000747417014728512
chrM	11788	11788	0.000175878292221783
chrM	11789	11789	0.000967330607219804
chrM	11790	11790	0.00158387962514849
chrM	11791	11791	0.00497556250275197
chrM	11792	11792	0.002389486260454
chrM	11793	11793	0.00061878453038674
chrM	11794	11794	0.000750982904095066
chrM	11795	11795	0.00342616182025828
chrM	11796	11796	0.000528517947588637
chrM	11797	11797	0.00317082837891399
chrM	11798	11798	0.00022047799629597
chrM	11799	11799	0.00141006433418525
chrM	11800	11800	0.000425658706848849
chrM	11801	11801	0.00106351299612881
chrM	11802	11802	0.00190138167068069
chrM	11803	11803	0.00122569737954353
chrM	11804	11804	0.000717239051556831
chrM	11805	11805	0.000840089049439241
chrM	11806	11806	0.00213684166422257
chrM	11807	11807	0.000251351011687822
chrM	11808	11808	0.00121222254733938
chrM	11809	11809	0.000248375212153827
chrM	11810	11810	0.00190420995984601
chrM	11811	11811	0.000953130827566201
chrM	11812	11812	0.00119958634953464
chrM	11813	11813	0.000703293066357769
chrM	11814	11814	0.000780736357659435
chrM	11815	11815	0.00213569903072121
chrM	11816	11816	0.00855192829537045
chrM	11817	11817	0.00157526012519173
chrM	11818	11818	0.00510415802141257
chrM	11819	11819	0.000582580833090591
chrM	11820	11820	0.000666000666000666
chrM	11821	11821	0.000873507757580799
chrM	11822	11822	0.008799601527478
chrM	11823	11823	0.0183820485219839
chrM	11824	11824	0.00586201079622132
chrM	11825	11825	0.0253223617237869
chrM	11826	11826	0.0040905134899913
chrM	11827	11827	0.0124688279301746
chrM	11828	11828	0.00498453076658646
chrM	11829	11829	0.00798170679092243
chrM	11830	11830	0.00439168623358553
chrM	11831	11831	0.00658095445630856
chrM	11832	11832	0.0355985637971801
chrM	11833	11833	0.00976114434798255
chrM	11834	11834	0.00417120058034095
chrM	11835	11835	0.000722412858948889
chrM	11836	11836	0.00333663991342772
chrM	11837	11837	0.0012214983713355
chrM	11838	11838	0.00740072202166065
chrM	11839	11839	0.0003168854685378
chrM	11840	11840	0
chrM	11841	11841	0.000180946349407401
chrM	11842	11842	0.00122144311241801
chrM	11843	11843	0.00496696084083551
chrM	11844	11844	0.000623274864215119
chrM	11845	11845	0.00138047737798361
chrM	11846	11846	0.00631111111111111
chrM	11847	11847	0.00423351158645276
chrM	11848	11848	0.00104739460591778
chrM	11849	11849	0.00903220176280653
chrM	11850	11850	0.00457847237508254
chrM	11851	11851	0.00667609868246529
chrM	11852	11852	0.000620237462342725
chrM	11853	11853	0.00531585009302738
chrM	11854	11854	0.0302733505475915
chrM	11855	11855	0.00289110183103116
chrM	11856	11856	0.00869565217391304
chrM	11857	11857	0.000278396436525612
chrM	11858	11858	0.0394266895496081
chrM	11859	11859	0.00680206474021902
chrM	11860	11860	0.00344309199359876
chrM	11861	11861	0.00208434318952981
chrM	11862	11862	0.00493659858677766
chrM	11863	11863	0.0157999321475307
chrM	11864	11864	0.00593573706156488
chrM	11865	11865	0.00137013114112351
chrM	11866	11866	0.000244033383766899
chrM	11867	11867	0.000389692629938136
chrM	11868	11868	0.000290965520585811
chrM	11869	11869	0.000433192144782441
chrM	11870	11870	0.00696055684454756
chrM	11871	11871	0.00142038729226836
chrM	11872	11872	0.00610182123061158
chrM	11873	11873	0.00703962703962704
chrM	11874	11874	0.00169014084507042
chrM	11875	11875	0.0146289523633165
chrM	11876	11876	0.00168895144264602
chrM	11877	11877	0.00154776980441818
chrM	11878	11878	0.0032137866790871
chrM	11879	11879	4.65657741559953e-05
chrM	11880	11880	0.00437566210676616
chrM	11881	11881	0.00166158958737192
chrM	11882	11882	0.000831639253372759
chrM	11883	11883	0.00390553207131042
chrM	11884	11884	0.00197474167623421
chrM	11885	11885	0.000458232140402328
chrM	11886	11886	0.000731395136222344
chrM	11887	11887	0.000503018108651912
chrM	11888	11888	0.00136587142596977
chrM	11889	11889	0.00414333196739972
chrM	11890	11890	0.00466933057962556
chrM	11891	11891	0.00381495286121465
chrM	11892	11892	0.00455840455840456
chrM	11893	11893	0.0430678725085609
chrM	11894	11894	0.00977153867327278
chrM	11895	11895	0.000185296706351045
chrM	11896	11896	0.0016663580818367
chrM	11897	11897	0.0018998192854826
chrM	11898	11898	4.63972532826057e-05
chrM	11899	11899	0.000324690384526184
chrM	11900	11900	0.00240785330616781
chrM	11901	11901	0.0185176590708683
chrM	11902	11902	0.000425210242842294
chrM	11903	11903	4.7254512805973e-05
chrM	11904	11904	0.000283540475402864
chrM	11905	11905	0.000803440616286214
chrM	11906	11906	0.00870099777746252
chrM	11907	11907	0.0140377501659869
chrM	11908	11908	0.000721257873731788
chrM	11909	11909	9.62186086789185e-05
chrM	11910	11910	4.81139337952271e-05
chrM	11911	11911	9.62324977144782e-05
chrM	11912	11912	0
chrM	11913	11913	0
chrM	11914	11914	0
chrM	11915	11915	0
chrM	11916	11916	0
chrM	11917	11917	0.000518330034869475
chrM	11918	11918	0.00654980680425973
chrM	11919	11919	0.00221270185019538
chrM	11920	11920	0.000798834641229266
chrM	11921	11921	0.00216206053769506
chrM	11922	11922	0.00197535509359421
chrM	11923	11923	0.0249564439421764
chrM	11924	11924	0.00732407850646242
chrM	11925	11925	0.014550009635768
chrM	11926	11926	0.00156356884589075
chrM	11927	11927	9.78425713027738e-05
chrM	11928	11928	0.00180955641414388
chrM	11929	11929	0.000824042656325739
chrM	11930	11930	0.00339344580182277
chrM	11931	11931	0.000582693988540352
chrM	11932	11932	0.000388029296211864
chrM	11933	11933	0.0037298973067235
chrM	11934	11934	0.00121306225435489
chrM	11935	11935	0.00786331424133579
chrM	11936	11936	0.00180206506916034
chrM	11937	11937	0.000243854857588763
chrM	11938	11938	0.00263119426984359
chrM	11939	11939	0.00608783881721989
chrM	11940	11940	0.00411045021519416
chrM	11941	11941	0.00247200814308565
chrM	11942	11942	0.00135909135035433
chrM	11943	11943	0.00136087484811665
chrM	11944	11944	0.00340218712029162
chrM	11945	11945	0.00396958247644555
chrM	11946	11946	0.00259838427741295
chrM	11947	11947	0.000945000945000945
chrM	11948	11948	0.00367387311007489
chrM	11949	11949	0.00103984496856832
chrM	11950	11950	0.0146281615704039
chrM	11951	11951	0.00171804905984538
chrM	11952	11952	0.000811998471532289
chrM	11953	11953	0.00138477700315156
chrM	11954	11954	9.56160061194244e-05
chrM	11955	11955	0.00379823058038816
chrM	11956	11956	0.00115950095079078
chrM	11957	11957	0.00440958039361307
chrM	11958	11958	0.00437922198928488
chrM	11959	11959	0.00481758652946679
chrM	11960	11960	0.0184155176443094
chrM	11961	11961	0.00618811881188119
chrM	11962	11962	0.0103443321679996
chrM	11963	11963	0.00278712157616531
chrM	11964	11964	0.000625481139337952
chrM	11965	11965	0.00548393303829132
chrM	11966	11966	0.00427350427350427
chrM	11967	11967	0.00368879946344735
chrM	11968	11968	0.00257990540346854
chrM	11969	11969	0.000523012552301255
chrM	11970	11970	0.0123439273552781
chrM	11971	11971	0.000908569242540168
chrM	11972	11972	0.00180806014178998
chrM	11973	11973	0.00629854139041485
chrM	11974	11974	0.00987332339791356
chrM	11975	11975	0.00460396504744903
chrM	11976	11976	0.00596653148743765
chrM	11977	11977	0.00781176910842923
chrM	11978	11978	0.00150765606595995
chrM	11979	11979	0.0153711629619403
chrM	11980	11980	0.00963462881079823
chrM	11981	11981	0.00112580917534478
chrM	11982	11982	0.000516504672019533
chrM	11983	11983	0.0153802869736472
chrM	11984	11984	0.00601696119770692
chrM	11985	11985	0.000190304010657025
chrM	11986	11986	0.000418410041841004
chrM	11987	11987	0.00195176355778614
chrM	11988	11988	0.000651223369615778
chrM	11989	11989	0.000604960677555959
chrM	11990	11990	0.00412476247856514
chrM	11991	11991	0.00055666372871921
chrM	11992	11992	0.000371178026260845
chrM	11993	11993	0.000276052449965493
chrM	11994	11994	0.000414097727063587
chrM	11995	11995	0.00151445617255622
chrM	11996	11996	0.00147018285399247
chrM	11997	11997	0.0184458575745276
chrM	11998	11998	0.00173944886935823
chrM	11999	11999	0.00489388949871936
chrM	12000	12000	0.00868338696169613
chrM	12001	12001	0.0367774277982343
chrM	12002	12002	4.60087416609156e-05
chrM	12003	12003	0.00523796622414883
chrM	12004	12004	0.00122033898305085
chrM	12005	12005	0.000226254581655279
chrM	12006	12006	0.00334614515035044
chrM	12007	12007	0.000859300800506535
chrM	12008	12008	0.00189830508474576
chrM	12009	12009	0.00031616982836495
chrM	12010	12010	0.00334100862341415
chrM	12011	12011	0.000860273476410396
chrM	12012	12012	0.000633197648123021
chrM	12013	12013	0.00438854454146496
chrM	12014	12014	0.00201117318435754
chrM	12015	12015	0.00943733786564093
chrM	12016	12016	0.00072234762979684
chrM	12017	12017	0.00049690563310295
chrM	12018	12018	0.0039677172099734
chrM	12019	12019	0.0015748031496063
chrM	12020	12020	0.000898351524951714
chrM	12021	12021	4.49539222297145e-05
chrM	12022	12022	0.0004487927475092
chrM	12023	12023	0.00202011133058
chrM	12024	12024	0.000314847299059956
chrM	12025	12025	0.0237774786899955
chrM	12026	12026	0.000321661611984193
chrM	12027	12027	9.19202132548948e-05
chrM	12028	12028	0.00100811070888512
chrM	12029	12029	0.00105499747717995
chrM	12030	12030	0.00169748130476671
chrM	12031	12031	0.00096476317361143
chrM	12032	12032	0.00137899333486555
chrM	12033	12033	0
chrM	12034	12034	0.000596713485724777
chrM	12035	12035	0.00192890603472031
chrM	12036	12036	0.000137950062077528
chrM	12037	12037	0.000137880319882342
chrM	12038	12038	0.000321440051430408
chrM	12039	12039	9.17894350360274e-05
chrM	12040	12040	0.00169173791779068
chrM	12041	12041	0.000273860057510612
chrM	12042	12042	0.000182107898930116
chrM	12043	12043	0.00113755289620967
chrM	12044	12044	0.002046570856831
chrM	12045	12045	0
chrM	12046	12046	0.000223903989969101
chrM	12047	12047	0.000179147259046937
chrM	12048	12048	8.95776414207014e-05
chrM	12049	12049	0.00318035248906754
chrM	12050	12050	0.000176819025727168
chrM	12051	12051	0.000530152418820411
chrM	12052	12052	0.00154668787838614
chrM	12053	12053	0.000442458298305385
chrM	12054	12054	0.000221317280453258
chrM	12055	12055	0.000442575791104227
chrM	12056	12056	0.00418354764840585
chrM	12057	12057	0
chrM	12058	12058	0.000176670641756106
chrM	12059	12059	0.00232741963815212
chrM	12060	12060	0.00113378684807256
chrM	12061	12061	0.0094114585592228
chrM	12062	12062	0.000437560164522622
chrM	12063	12063	0.00138840680319334
chrM	12064	12064	0.000258475854047301
chrM	12065	12065	0.000172265288544358
chrM	12066	12066	0.00501822860819215
chrM	12067	12067	0.00159434653337355
chrM	12068	12068	0
chrM	12069	12069	0.000517687661777394
chrM	12070	12070	0.000901016861886987
chrM	12071	12071	0.000772631669313645
chrM	12072	12072	0.00064419153961778
chrM	12073	12073	0.000128910278446201
chrM	12074	12074	0.00222355255280937
chrM	12075	12075	0.000342744526798338
chrM	12076	12076	0.00162775754979653
chrM	12077	12077	0.000343200343200343
chrM	12078	12078	0.000514955155988499
chrM	12079	12079	0.00592147607809483
chrM	12080	12080	0.0279882879779538
chrM	12081	12081	0.00119590733932763
chrM	12082	12082	0.000266075388026608
chrM	12083	12083	0.000133055395396283
chrM	12084	12084	0.000931263858093126
chrM	12085	12085	0.000798367781424643
chrM	12086	12086	0.00255833443606369
chrM	12087	12087	0.00110137010440989
chrM	12088	12088	0.000704070407040704
chrM	12089	12089	0.000791765637371338
chrM	12090	12090	0.00145259265780438
chrM	12091	12091	0.0152570622676183
chrM	12092	12092	0.000475634539715484
chrM	12093	12093	0.00034593098676814
chrM	12094	12094	0.00393615640814914
chrM	12095	12095	0.0151922909974824
chrM	12096	12096	0.0114998237574903
chrM	12097	12097	0.027694080113435
chrM	12098	12098	0.000546721946330129
chrM	12099	12099	0.00045526974732529
chrM	12100	12100	0
chrM	12101	12101	0.00587244503118314
chrM	12102	12102	0.00705893068585481
chrM	12103	12103	0.00114526547253653
chrM	12104	12104	0.00210941440821754
chrM	12105	12105	0.00459389930172731
chrM	12106	12106	0.00465781221176905
chrM	12107	12107	0.0192966219342897
chrM	12108	12108	0.0107035081101471
chrM	12109	12109	0.00133428639504408
chrM	12110	12110	0.00796565704746005
chrM	12111	12111	0.00153794396116691
chrM	12112	12112	0.00721153846153846
chrM	12113	12113	0.00276015689312866
chrM	12114	12114	0.00288336777355952
chrM	12115	12115	0.00361028208337345
chrM	12116	12116	0.0188497324398592
chrM	12117	12117	0.00260327128051476
chrM	12118	12118	0.100684021455637
chrM	12119	12119	0.00114541289407658
chrM	12120	12120	0.00109122653862942
chrM	12121	12121	0.00182758080517989
chrM	12122	12122	0.0047074646940148
chrM	12123	12123	0.001392901361948
chrM	12124	12124	0.00276186579378069
chrM	12125	12125	0.000461538461538462
chrM	12126	12126	0.000359066427289048
chrM	12127	12127	0.00503227774106644
chrM	12128	12128	0.000458668841096728
chrM	12129	12129	0.00091747795504358
chrM	12130	12130	0.0035195103289977
chrM	12131	12131	0.00991617256184829
chrM	12132	12132	0.000825423029302518
chrM	12133	12133	0.000774273473390802
chrM	12134	12134	0.00190879075526207
chrM	12135	12135	0.000103247121986475
chrM	12136	12136	0.000464180721027387
chrM	12137	12137	0.0116195372750643
chrM	12138	12138	0.00051915688921192
chrM	12139	12139	0.00108859053444611
chrM	12140	12140	0.00108926811556616
chrM	12141	12141	0.000519264721154845
chrM	12142	12142	0.0032561505065123
chrM	12143	12143	5.14376832467466e-05
chrM	12144	12144	0.000205233453052848
chrM	12145	12145	0.0018297331639136
chrM	12146	12146	0.00233870557730439
chrM	12147	12147	0.00533373971350198
chrM	12148	12148	0.000919070717385754
chrM	12149	12149	0.00480088942793612
chrM	12150	12150	5.07743082000508e-05
chrM	12151	12151	0.00096422227860949
chrM	12152	12152	0.00152392563242914
chrM	12153	12153	0.00776176948051948
chrM	12154	12154	0.000460052139242447
chrM	12155	12155	0.00357124636498138
chrM	12156	12156	0.0012772697082716
chrM	12157	12157	0.000102233808720544
chrM	12158	12158	0.000766675185279836
chrM	12159	12159	0.000101786350450405
chrM	12160	12160	0.0144398844809242
chrM	12161	12161	0.00102616726526424
chrM	12162	12162	0.000205444273240883
chrM	12163	12163	0.00302968059977406
chrM	12164	12164	0.00200761865541027
chrM	12165	12165	0.00149507655823065
chrM	12166	12166	0.00283870967741936
chrM	12167	12167	0.00253269240709154
chrM	12168	12168	0.00222751761292996
chrM	12169	12169	0.000622923588039867
chrM	12170	12170	0.029195568899472
chrM	12171	12171	0.00159261028826246
chrM	12172	12172	0.000425192665426521
chrM	12173	12173	0.00781540751767771
chrM	12174	12174	0.00342906129447064
chrM	12175	12175	0.00692097215515854
chrM	12176	12176	0.000108043865809519
chrM	12177	12177	0.000431755626315505
chrM	12178	12178	0.000646377592243469
chrM	12179	12179	0.000161690201573785
chrM	12180	12180	0.00181682163086459
chrM	12181	12181	0.000588109495295124
chrM	12182	12182	0.000212314225053079
chrM	12183	12183	0.000847547409683229
chrM	12184	12184	0.00100646254899883
chrM	12185	12185	0.0087361677344205
chrM	12186	12186	0.00890571672354949
chrM	12187	12187	0.00155321086176423
chrM	12188	12188	0.00395933654360621
chrM	12189	12189	0.000483351235230934
chrM	12190	12190	0.00112576391122547
chrM	12191	12191	0.00756275477365372
chrM	12192	12192	0.00534730474235713
chrM	12193	12193	0.0099316183653533
chrM	12194	12194	0.00109631091377515
chrM	12195	12195	0.000109697235629662
chrM	12196	12196	0.000491320013101867
chrM	12197	12197	0.000381700201755821
chrM	12198	12198	0.0011446012972148
chrM	12199	12199	0.00676228390685499
chrM	12200	12200	0.000219430577650996
chrM	12201	12201	0.00197227852955679
chrM	12202	12202	0.00126234906695939
chrM	12203	12203	0.00482985729967069
chrM	12204	12204	0.00380500716885409
chrM	12205	12205	0.000830288940551312
chrM	12206	12206	0.0419758555764758
chrM	12207	12207	0.0067618332081142
chrM	12208	12208	0.000116346713205352
chrM	12209	12209	0.00104602510460251
chrM	12210	12210	0.000581598231941375
chrM	12211	12211	0.00447882736156352
chrM	12212	12212	0.00391172349369454
chrM	12213	12213	0.00334075723830735
chrM	12214	12214	0.00508980284326917
chrM	12215	12215	0.000176211453744493
chrM	12216	12216	0.00117288294628196
chrM	12217	12217	0.000175839634253561
chrM	12218	12218	0.000234274335246574
chrM	12219	12219	0.000175377060680463
chrM	12220	12220	0.0022198855006426
chrM	12221	12221	5.85377275654159e-05
chrM	12222	12222	0.000468301820523327
chrM	12223	12223	0.00180842375452106
chrM	12224	12224	0.0028006301417819
chrM	12225	12225	0.00163790582041533
chrM	12226	12226	0.00122943621567824
chrM	12227	12227	0.00620863351490658
chrM	12228	12228	0.00229303857008467
chrM	12229	12229	0.000883080183680678
chrM	12230	12230	0.00516644161333881
chrM	12231	12231	0.00129579455766286
chrM	12232	12232	0.000235779546124374
chrM	12233	12233	0.00376138701146048
chrM	12234	12234	0.000471865046596673
chrM	12235	12235	5.85548659093571e-05
chrM	12236	12236	0
chrM	12237	12237	0.000346460330292182
chrM	12238	12238	0.00236611265004617
chrM	12239	12239	0.00184586986617443
chrM	12240	12240	0.000627638936437293
chrM	12241	12241	0.00100761307657859
chrM	12242	12242	0.0012870733072188
chrM	12243	12243	0.00246319207300006
chrM	12244	12244	0.000953609693162058
chrM	12245	12245	0.00156433320297223
chrM	12246	12246	0.00344827586206897
chrM	12247	12247	0.00189562890276539
chrM	12248	12248	0.000279298402413138
chrM	12249	12249	0.0011731843575419
chrM	12250	12250	0.00458356623812186
chrM	12251	12251	0.00106681639528355
chrM	12252	12252	0.00347904158015824
chrM	12253	12253	0.00157657657657658
chrM	12254	12254	0.00191592471542883
chrM	12255	12255	0.000676323056980218
chrM	12256	12256	0.0594427244582043
chrM	12257	12257	0.00447093889716841
chrM	12258	12258	0.00514507927011666
chrM	12259	12259	0.000601214453195455
chrM	12260	12260	0.00101942911969297
chrM	12261	12261	0.00696236720484965
chrM	12262	12262	0.00548457087753134
chrM	12263	12263	0.00581008291472493
chrM	12264	12264	0.000790898582466387
chrM	12265	12265	0.00920431149327843
chrM	12266	12266	0.0171624015146888
chrM	12267	12267	0.00627134430301149
chrM	12268	12268	0.00606098475381155
chrM	12269	12269	6.28535512256442e-05
chrM	12270	12270	0.00207273412474091
chrM	12271	12271	0.0031998996109926
chrM	12272	12272	0.0050761421319797
chrM	12273	12273	0.0156585815167332
chrM	12274	12274	0.0125186846038864
chrM	12275	12275	0.0156299237410979
chrM	12276	12276	0.0107218073903887
chrM	12277	12277	0.0105708245243129
chrM	12278	12278	0.00245589090674077
chrM	12279	12279	0.00226625226625227
chrM	12280	12280	0.00972951936174353
chrM	12281	12281	0.0151267107589549
chrM	12282	12282	0.0888136043576458
chrM	12283	12283	0.00284132303657293
chrM	12284	12284	0.00197224251278305
chrM	12285	12285	0.00211694284254325
chrM	12286	12286	0.00289184499710815
chrM	12287	12287	0.0100043497172684
chrM	12288	12288	0.00666178623718887
chrM	12289	12289	0.00235640648011782
chrM	12290	12290	0.0036026762738034
chrM	12291	12291	0.000659099231050897
chrM	12292	12292	0.00241228070175439
chrM	12293	12293	0.00570968450333065
chrM	12294	12294	0.00316455696202532
chrM	12295	12295	0.00472080843844508
chrM	12296	12296	0.00170294683844217
chrM	12297	12297	0.0188315539739027
chrM	12298	12298	0.000226688831796887
chrM	12299	12299	0.000225818592397441
chrM	12300	12300	0.0022339712562365
chrM	12301	12301	0.00447260529258293
chrM	12302	12302	7.4794315632012e-05
chrM	12303	12303	0.00291458037515881
chrM	12304	12304	0.000449640287769784
chrM	12305	12305	0.000374784498913125
chrM	12306	12306	0.0122470315883803
chrM	12307	12307	0.000680374962201391
chrM	12308	12308	0.00121037899992435
chrM	12309	12309	0.000454442172233583
chrM	12310	12310	0.0180568147476579
chrM	12311	12311	0.00253748558246828
chrM	12312	12312	0.00393154486586494
chrM	12313	12313	0.00309501702259362
chrM	12314	12314	0.00201785021342646
chrM	12315	12315	0.00194386128605863
chrM	12316	12316	0.0122312246805859
chrM	12317	12317	0.00701837394527245
chrM	12318	12318	0.00055582023185644
chrM	12319	12319	0
chrM	12320	12320	0.000317359568390987
chrM	12321	12321	0.00436438660530075
chrM	12322	12322	0.0021505376344086
chrM	12323	12323	0.000399042298483639
chrM	12324	12324	7.98403193612774e-05
chrM	12325	12325	0.00031936127744511
chrM	12326	12326	0.000399106002554278
chrM	12327	12327	0
chrM	12328	12328	0.000159655144887044
chrM	12329	12329	0.000877893056664006
chrM	12330	12330	0.000798722044728434
chrM	12331	12331	0.000479539641943734
chrM	12332	12332	0.000798722044728434
chrM	12333	12333	0.000239808153477218
chrM	12334	12334	7.9853070350555e-05
chrM	12335	12335	0.000239482717330566
chrM	12336	12336	0.000319208363259117
chrM	12337	12337	0.000319259318381355
chrM	12338	12338	0.000478927203065134
chrM	12339	12339	0.000558971492453885
chrM	12340	12340	0.00143804425980666
chrM	12341	12341	0.00032
chrM	12342	12342	0.00632202304737516
chrM	12343	12343	0
chrM	12344	12344	0
chrM	12345	12345	0.00169054902592175
chrM	12346	12346	0.0248347040799871
chrM	12347	12347	0.0136420008267879
chrM	12348	12348	0.00461022632020117
chrM	12349	12349	0.00252610306500505
chrM	12350	12350	0.00244705088178213
chrM	12351	12351	0
chrM	12352	12352	0.00245263870094723
chrM	12353	12353	0.0100890207715134
chrM	12354	12354	0.0108686350021395
chrM	12355	12355	0.00121107266435986
chrM	12356	12356	0.00354916897506925
chrM	12357	12357	0.000260620276257493
chrM	12358	12358	0.000521376433785193
chrM	12359	12359	0.000608484005563282
chrM	12360	12360	0.000434896059841698
chrM	12361	12361	0.00356583753696295
chrM	12362	12362	0.000610980186785371
chrM	12363	12363	0.000523925951798812
chrM	12364	12364	0
chrM	12365	12365	0.00331732867743344
chrM	12366	12366	0.000350354734168345
chrM	12367	12367	0.00183984580339933
chrM	12368	12368	0.000175546388133064
chrM	12369	12369	0.00122796245943338
chrM	12370	12370	0.00114155251141553
chrM	12371	12371	0.00140659340659341
chrM	12372	12372	0.00642662206180122
chrM	12373	12373	0.0049618996987418
chrM	12374	12374	0.00658890570741697
chrM	12375	12375	0.0013444474321054
chrM	12376	12376	0.00035896975679799
chrM	12377	12377	0.000269323996768112
chrM	12378	12378	0.00350215517241379
chrM	12379	12379	0.00495629449400739
chrM	12380	12380	0.0491714208095626
chrM	12381	12381	0.000666349357448834
chrM	12382	12382	0.000666666666666667
chrM	12383	12383	0.00381133873272987
chrM	12384	12384	0.00478194338179036
chrM	12385	12385	0.00788006919085143
chrM	12386	12386	0.00503680743897714
chrM	12387	12387	0.00311526479750779
chrM	12388	12388	0.000976467141880676
chrM	12389	12389	0.0016609672691744
chrM	12390	12390	0.00391466040321002
chrM	12391	12391	0.0683827864020436
chrM	12392	12392	0.0345699831365936
chrM	12393	12393	0.00545791944110905
chrM	12394	12394	0.0032927230819888
chrM	12395	12395	0.0634291377601586
chrM	12396	12396	0.00399764844209289
chrM	12397	12397	0.084109944555857
chrM	12398	12398	0.00167439464193715
chrM	12399	12399	0.0180528691166989
chrM	12400	12400	0.00919117647058824
chrM	12401	12401	0.00993904055128545
chrM	12402	12402	0.0121804309998661
chrM	12403	12403	0.0124661246612466
chrM	12404	12404	0.0098778982027713
chrM	12405	12405	0.0156509695290859
chrM	12406	12406	0.00492056797413187
chrM	12407	12407	0.0151172647640576
chrM	12408	12408	0.026108162387032
chrM	12409	12409	0.0182648401826484
chrM	12410	12410	0.0388597149287322
chrM	12411	12411	0.0373087730252888
chrM	12412	12412	0.00502675531052376
chrM	12413	12413	0.00554106910039113
chrM	12414	12414	0.0189945963648272
chrM	12415	12415	0.0776034712950601
chrM	12416	12416	0.0302153066763163
chrM	12417	12417	0.0104477611940299
chrM	12418	12418	0.00339302544769086
chrM	12419	12419	0.00208057499527142
chrM	12420	12420	0.0257771038665656
chrM	12421	12421	0.0340466926070039
chrM	12422	12422	0.0167170191339376
chrM	12423	12423	0.0147480540761983
chrM	12424	12424	0.0222453222453222
chrM	12425	12425	0.0263661492664257
chrM	12426	12426	0.0357844206851407
chrM	12427	12427	0.00180995475113122
chrM	12428	12428	0.000453206435531385
chrM	12429	12429	0.00045341192473362
chrM	12430	12430	0.00294851440235881
chrM	12431	12431	0.0184090909090909
chrM	12432	12432	0.00162037037037037
chrM	12433	12433	0.00231857175979597
chrM	12434	12434	0.00139437601673251
chrM	12435	12435	0.000232720502676286
chrM	12436	12436	0.00581936685288641
chrM	12437	12437	0.00234137204401779
chrM	12438	12438	0.00305092701243839
chrM	12439	12439	0.000941619585687382
chrM	12440	12440	0.000471253534401508
chrM	12441	12441	0.0223950966525224
chrM	12442	12442	0.00361707258258982
chrM	12443	12443	0.00726040658276864
chrM	12444	12444	0.00170648464163823
chrM	12445	12445	0.000488400488400488
chrM	12446	12446	0.0073295870999267
chrM	12447	12447	0.0258429731725326
chrM	12448	12448	0.0416877210712481
chrM	12449	12449	0.0100158144438587
chrM	12450	12450	0.0114483493077742
chrM	12451	12451	0.00807537012113055
chrM	12452	12452	0.030393487109905
chrM	12453	12453	0.00447802966694654
chrM	12454	12454	0.000281135788585887
chrM	12455	12455	0.025
chrM	12456	12456	0.0106597522327859
chrM	12457	12457	0.038136826783115
chrM	12458	12458	0.00151331719128329
chrM	12459	12459	0.0027280994240679
chrM	12460	12460	0.00455788514129444
chrM	12461	12461	0.0277185501066098
chrM	12462	12462	0.0466207759699625
chrM	12463	12463	0.00689202494256646
chrM	12464	12464	0.00264375413086583
chrM	12465	12465	0.00959311941779689
chrM	12466	12466	0.0163333333333333
chrM	12467	12467	0.00677736360555744
chrM	12468	12468	0.00204359673024523
chrM	12469	12469	0.00749318801089918
chrM	12470	12470	0.00377487989018531
chrM	12471	12471	0.0327134986225895
chrM	12472	12472	0.246175738171469
chrM	12473	12473	0.000937207122774133
chrM	12474	12474	0.00187617260787992
chrM	12475	12475	0.0125581395348837
chrM	12476	12476	0.0287058823529412
chrM	12477	12477	0.054642166344294
chrM	12478	12478	0.00102249488752556
chrM	12479	12479	0.0423685553854007
chrM	12480	12480	0.0069185737094199
chrM	12481	12481	0.00214247455811462
chrM	12482	12482	0.000536768652710682
chrM	12483	12483	0
chrM	12484	12484	0.00160599571734475
chrM	12485	12485	0.000534188034188034
chrM	12486	12486	0.00427578834847675
chrM	12487	12487	0.00107238605898123
chrM	12488	12488	0.0123456790123457
chrM	12489	12489	0.000543478260869565
chrM	12490	12490	0.000542299349240781
chrM	12491	12491	0.000541711809317443
chrM	12492	12492	0.00107758620689655
chrM	12493	12493	0.00107816711590297
chrM	12494	12494	0.0361380798274002
chrM	12495	12495	0.00335382895472331
chrM	12496	12496	0.00224340998317443
chrM	12497	12497	0.00112422709387296
chrM	12498	12498	0.0101010101010101
chrM	12499	12499	0
chrM	12500	12500	0
chrM	12501	12501	0
chrM	12502	12502	0
chrM	12503	12503	0
chrM	12504	12504	0
chrM	12505	12505	0
chrM	12506	12506	0
chrM	12507	12507	0
chrM	12508	12508	0
chrM	12509	12509	0
chrM	12510	12510	0.000563063063063063
chrM	12511	12511	0
chrM	12512	12512	0.00168728908886389
chrM	12513	12513	0
chrM	12514	12514	0
chrM	12515	12515	0
chrM	12516	12516	0
chrM	12517	12517	0.00112359550561798
chrM	12518	12518	0
chrM	12519	12519	0.00112485939257593
chrM	12520	12520	0
chrM	12521	12521	0
chrM	12522	12522	0.00056274620146314
chrM	12523	12523	0
chrM	12524	12524	0.000563063063063063
chrM	12525	12525	0.00338028169014085
chrM	12526	12526	0
chrM	12527	12527	0.00113058224985868
chrM	12528	12528	0.000565930956423316
chrM	12529	12529	0
chrM	12530	12530	0
chrM	12531	12531	0
chrM	12532	12532	0.000565610859728507
chrM	12533	12533	0
chrM	12534	12534	0.00225352112676056
chrM	12535	12535	0.000564652738565782
chrM	12536	12536	0.000564015792442188
chrM	12537	12537	0.00282007896221094
chrM	12538	12538	0
chrM	12539	12539	0.00280426247896803
chrM	12540	12540	0
chrM	12541	12541	0.00112233445566779
chrM	12542	12542	0
chrM	12543	12543	0
chrM	12544	12544	0
chrM	12545	12545	0
chrM	12546	12546	0
chrM	12547	12547	0.000558347292015634
chrM	12548	12548	0.000556792873051225
chrM	12549	12549	0
chrM	12550	12550	0
chrM	12551	12551	0
chrM	12552	12552	0
chrM	12553	12553	0.00110558319513543
chrM	12554	12554	0.00110680686220255
chrM	12555	12555	0
chrM	12556	12556	0
chrM	12557	12557	0
chrM	12558	12558	0.00328048113723346
chrM	12559	12559	0
chrM	12560	12560	0
chrM	12561	12561	0.000544959128065395
chrM	12562	12562	0.00218102508178844
chrM	12563	12563	0.00109051254089422
chrM	12564	12564	0
chrM	12565	12565	0
chrM	12566	12566	0
chrM	12567	12567	0
chrM	12568	12568	0.00107991360691145
chrM	12569	12569	0
chrM	12570	12570	0
chrM	12571	12571	0
chrM	12572	12572	0
chrM	12573	12573	0
chrM	12574	12574	0
chrM	12575	12575	0
chrM	12576	12576	0.000412881915772089
chrM	12577	12577	0
chrM	12578	12578	0
chrM	12579	12579	0
chrM	12580	12580	0
chrM	12581	12581	0
chrM	12582	12582	0.00033478406427854
chrM	12583	12583	0
chrM	12584	12584	0
chrM	12585	12585	0
chrM	12586	12586	0
chrM	12587	12587	0
chrM	12588	12588	0
chrM	12589	12589	0
chrM	12590	12590	0
chrM	12591	12591	0.000635727908455181
chrM	12592	12592	0
chrM	12593	12593	0
chrM	12594	12594	0
chrM	12595	12595	0
chrM	12596	12596	0
chrM	12597	12597	0
chrM	12598	12598	0.000931966449207828
chrM	12599	12599	0.000310945273631841
chrM	12600	12600	0
chrM	12601	12601	0.000620539869686627
chrM	12602	12602	0.000310269934843314
chrM	12603	12603	0.00465116279069767
chrM	12604	12604	0
chrM	12605	12605	0
chrM	12606	12606	0
chrM	12607	12607	0.000622083981337481
chrM	12608	12608	0.000311235605353252
chrM	12609	12609	0.000622277535780958
chrM	12610	12610	0
chrM	12611	12611	0.00186567164179104
chrM	12612	12612	0
chrM	12613	12613	0
chrM	12614	12614	0.000310077519379845
chrM	12615	12615	0.000303674460977832
chrM	12616	12616	0.0036003600360036
chrM	12617	12617	0.00329538645895746
chrM	12618	12618	0.00359820089955022
chrM	12619	12619	0.000294031167303734
chrM	12620	12620	0.000292997363023733
chrM	12621	12621	0.000288683602771363
chrM	12622	12622	0.00165745856353591
chrM	12623	12623	0
chrM	12624	12624	0
chrM	12625	12625	0
chrM	12626	12626	0
chrM	12627	12627	0.000268312315535283
chrM	12628	12628	0
chrM	12629	12629	0.000257864878803507
chrM	12630	12630	0
chrM	12631	12631	0
chrM	12632	12632	0.00386001029336078
chrM	12633	12633	0
chrM	12634	12634	0.000514933058702369
chrM	12635	12635	0.000256739409499358
chrM	12636	12636	0
chrM	12637	12637	0.000513347022587269
chrM	12638	12638	0
chrM	12639	12639	0.00102118968598417
chrM	12640	12640	0
chrM	12641	12641	0.000250941028858218
chrM	12642	12642	0
chrM	12643	12643	0.000250312891113892
chrM	12644	12644	0
chrM	12645	12645	0.001001001001001
chrM	12646	12646	0
chrM	12647	12647	0
chrM	12648	12648	0
chrM	12649	12649	0.000500250125062531
chrM	12650	12650	0.00025025025025025
chrM	12651	12651	0.00075
chrM	12652	12652	0.000500125031257815
chrM	12653	12653	0
chrM	12654	12654	0
chrM	12655	12655	0
chrM	12656	12656	0.00024919013207077
chrM	12657	12657	0
chrM	12658	12658	0.00024919013207077
chrM	12659	12659	0.00049838026414154
chrM	12660	12660	0
chrM	12661	12661	0.000248508946322068
chrM	12662	12662	0
chrM	12663	12663	0.000496647628507574
chrM	12664	12664	0.000247954376394743
chrM	12665	12665	0
chrM	12666	12666	0
chrM	12667	12667	0
chrM	12668	12668	0
chrM	12669	12669	0
chrM	12670	12670	0
chrM	12671	12671	0
chrM	12672	12672	0.00220102714600147
chrM	12673	12673	0.000490196078431373
chrM	12674	12674	0
chrM	12675	12675	0
chrM	12676	12676	0.000488519785051295
chrM	12677	12677	0
chrM	12678	12678	0.000244379276637341
chrM	12679	12679	0.000488519785051295
chrM	12680	12680	0.000244379276637341
chrM	12681	12681	0.000488758553274682
chrM	12682	12682	0.000488997555012225
chrM	12683	12683	0.000244618395303327
chrM	12684	12684	0.000244558571777941
chrM	12685	12685	0.00268817204301075
chrM	12686	12686	0.0019603038470963
chrM	12687	12687	0.000244558571777941
chrM	12688	12688	0.00122309197651663
chrM	12689	12689	0
chrM	12690	12690	0.00220372184133203
chrM	12691	12691	0.000736015701668302
chrM	12692	12692	0
chrM	12693	12693	0.00122518990443519
chrM	12694	12694	0.00147022788532222
chrM	12695	12695	0.000736015701668302
chrM	12696	12696	0
chrM	12697	12697	0.000245218244237371
chrM	12698	12698	0.000981113563895021
chrM	12699	12699	0.000736557819788853
chrM	12700	12700	0.000491159135559921
chrM	12701	12701	0
chrM	12702	12702	0
chrM	12703	12703	0.000490075961774075
chrM	12704	12704	0.00122579063495955
chrM	12705	12705	0.000245338567222767
chrM	12706	12706	0
chrM	12707	12707	0.000485908649173955
chrM	12708	12708	0.000729217306757414
chrM	12709	12709	0.000729749452687911
chrM	12710	12710	0
chrM	12711	12711	0
chrM	12712	12712	0.00266537436394475
chrM	12713	12713	0.000485908649173955
chrM	12714	12714	0
chrM	12715	12715	0
chrM	12716	12716	0.000486144871171609
chrM	12717	12717	0.0114271821055191
chrM	12718	12718	0
chrM	12719	12719	0.000245760629147211
chrM	12720	12720	0
chrM	12721	12721	0.000245760629147211
chrM	12722	12722	0.00712881022615536
chrM	12723	12723	0
chrM	12724	12724	0
chrM	12725	12725	0
chrM	12726	12726	0
chrM	12727	12727	0.00074147305981216
chrM	12728	12728	0.000742023250061835
chrM	12729	12729	0.0031988188976378
chrM	12730	12730	0.000246852628980499
chrM	12731	12731	0
chrM	12732	12732	0.000493827160493827
chrM	12733	12733	0.00197384653343203
chrM	12734	12734	0
chrM	12735	12735	0.000493096646942801
chrM	12736	12736	0.0014792899408284
chrM	12737	12737	0.00271604938271605
chrM	12738	12738	0.000247586036147561
chrM	12739	12739	0.00940128649183572
chrM	12740	12740	0.000998253057149988
chrM	12741	12741	0.00124906320259805
chrM	12742	12742	0.000748502994011976
chrM	12743	12743	0.000249625561657514
chrM	12744	12744	0.000998751560549313
chrM	12745	12745	0.000499875031242189
chrM	12746	12746	0.0200050012503126
chrM	12747	12747	0
chrM	12748	12748	0.000765110941086458
chrM	12749	12749	0.00127616130678918
chrM	12750	12750	0
chrM	12751	12751	0.00204342273307791
chrM	12752	12752	0.000255950857435372
chrM	12753	12753	0.003584229390681
chrM	12754	12754	0.000256871307474955
chrM	12755	12755	0.00102748522989982
chrM	12756	12756	0.00257135510413988
chrM	12757	12757	0.00025779840164991
chrM	12758	12758	0.00335224342444559
chrM	12759	12759	0.00103492884864166
chrM	12760	12760	0.00129433083096039
chrM	12761	12761	0.00103680663556247
chrM	12762	12762	0.00129735339906591
chrM	12763	12763	0.0111717329176409
chrM	12764	12764	0
chrM	12765	12765	0.0123456790123457
chrM	12766	12766	0.00904014889657006
chrM	12767	12767	0.00187818620874698
chrM	12768	12768	0.00429530201342282
chrM	12769	12769	0.00269614451334592
chrM	12770	12770	0.0089213300892133
chrM	12771	12771	0.035733769776323
chrM	12772	12772	0.00367647058823529
chrM	12773	12773	0.000283848992336077
chrM	12774	12774	0.0144762986091399
chrM	12775	12775	0.0129570976101353
chrM	12776	12776	0.0306122448979592
chrM	12777	12777	0.00240601503759398
chrM	12778	12778	0.0307506783237866
chrM	12779	12779	0.00404354587869362
chrM	12780	12780	0.00437090227911333
chrM	12781	12781	0.00282220131702728
chrM	12782	12782	0.00157232704402516
chrM	12783	12783	0.00816326530612245
chrM	12784	12784	0.00316355583676052
chrM	12785	12785	0.0469692161218661
chrM	12786	12786	0.047952047952048
chrM	12787	12787	0.00909408884225254
chrM	12788	12788	0.00423131170662906
chrM	12789	12789	0.00460339943342776
chrM	12790	12790	0
chrM	12791	12791	0.00106685633001422
chrM	12792	12792	0.00925266903914591
chrM	12793	12793	0
chrM	12794	12794	0.00969479353680431
chrM	12795	12795	0.000362581580855693
chrM	12796	12796	0.00326323422770123
chrM	12797	12797	0.000727537286285922
chrM	12798	12798	0.00254730713245997
chrM	12799	12799	0.00182415176942722
chrM	12800	12800	0
chrM	12801	12801	0.00109609061015711
chrM	12802	12802	0.00182882223847842
chrM	12803	12803	0.00256410256410256
chrM	12804	12804	0.00110132158590308
chrM	12805	12805	0.000367511944138185
chrM	12806	12806	0.000367647058823529
chrM	12807	12807	0.00551470588235294
chrM	12808	12808	0.0022181146025878
chrM	12809	12809	0.00296406076324565
chrM	12810	12810	0.000743218134522482
chrM	12811	12811	0.000371885459278542
chrM	12812	12812	0.00223214285714286
chrM	12813	12813	0.000372856077554064
chrM	12814	12814	0.010443864229765
chrM	12815	12815	0.00414624952883528
chrM	12816	12816	0.00189250567751703
chrM	12817	12817	0.00189609404626469
chrM	12818	12818	0
chrM	12819	12819	0.000759878419452888
chrM	12820	12820	0.00304182509505703
chrM	12821	12821	0
chrM	12822	12822	0.000762485703393061
chrM	12823	12823	0.00228920259442961
chrM	12824	12824	0.00267686424474187
chrM	12825	12825	0.00153374233128834
chrM	12826	12826	0.00268817204301075
chrM	12827	12827	0.00192529842125529
chrM	12828	12828	0.00231481481481481
chrM	12829	12829	0.00193348801237432
chrM	12830	12830	0.0065865943432778
chrM	12831	12831	0.00078003120124805
chrM	12832	12832	0.00039032006245121
chrM	12833	12833	0.000390472471690746
chrM	12834	12834	0.00703125
chrM	12835	12835	0.001573564122738
chrM	12836	12836	0.00748620961386919
chrM	12837	12837	0.00277557494052339
chrM	12838	12838	0.000794912559618442
chrM	12839	12839	0.00477326968973747
chrM	12840	12840	0.0191846522781775
chrM	12841	12841	0.00162999185004075
chrM	12842	12842	0.000408163265306122
chrM	12843	12843	0.00530828909759085
chrM	12844	12844	0.00369458128078818
chrM	12845	12845	0.0028830313014827
chrM	12846	12846	0.000826104915324246
chrM	12847	12847	0.00454733360892931
chrM	12848	12848	0.0402823920265781
chrM	12849	12849	0.077022933794894
chrM	12850	12850	0
chrM	12851	12851	0.00140646976090014
chrM	12852	12852	0.00140845070422535
chrM	12853	12853	0.00846262341325811
chrM	12854	12854	0.00284495021337127
chrM	12855	12855	0.0209224916785544
chrM	12856	12856	0.00437105390966489
chrM	12857	12857	0.0165772793759142
chrM	12858	12858	0.000991571641051066
chrM	12859	12859	0.000992555831265509
chrM	12860	12860	0.0193740685543964
chrM	12861	12861	0.00557244174265451
chrM	12862	12862	0.0275089149261335
chrM	12863	12863	0
chrM	12864	12864	0.000523834468308015
chrM	12865	12865	0.00262054507337526
chrM	12866	12866	0.00210084033613445
chrM	12867	12867	0.0215789473684211
chrM	12868	12868	0.000537923614846692
chrM	12869	12869	0.00322754168908015
chrM	12870	12870	0
chrM	12871	12871	0.00809498111171074
chrM	12872	12872	0.00544069640914037
chrM	12873	12873	0.00656096227446692
chrM	12874	12874	0.000550357732526142
chrM	12875	12875	0
chrM	12876	12876	0.00330396475770925
chrM	12877	12877	0.0204419889502762
chrM	12878	12878	0.00394811054709532
chrM	12879	12879	0.00849377123442809
chrM	12880	12880	0
chrM	12881	12881	0
chrM	12882	12882	0.00342661336379212
chrM	12883	12883	0.000573065902578797
chrM	12884	12884	0.00458715596330275
chrM	12885	12885	0.00864055299539171
chrM	12886	12886	0.00290528762347472
chrM	12887	12887	0
chrM	12888	12888	0
chrM	12889	12889	0.00874125874125874
chrM	12890	12890	0.00117577895355673
chrM	12891	12891	0
chrM	12892	12892	0.000588235294117647
chrM	12893	12893	0.00117647058823529
chrM	12894	12894	0
chrM	12895	12895	0.00235571260306243
chrM	12896	12896	0
chrM	12897	12897	0.00354191263282172
chrM	12898	12898	0
chrM	12899	12899	0
chrM	12900	12900	0.00118343195266272
chrM	12901	12901	0
chrM	12902	12902	0.00177725118483412
chrM	12903	12903	0.00474777448071217
chrM	12904	12904	0
chrM	12905	12905	0
chrM	12906	12906	0
chrM	12907	12907	0.00178465199286139
chrM	12908	12908	0.00119189511323004
chrM	12909	12909	0.00119331742243437
chrM	12910	12910	0.000597371565113501
chrM	12911	12911	0
chrM	12912	12912	0
chrM	12913	12913	0
chrM	12914	12914	0.000597728631201434
chrM	12915	12915	0
chrM	12916	12916	0
chrM	12917	12917	0
chrM	12918	12918	0
chrM	12919	12919	0
chrM	12920	12920	0
chrM	12921	12921	0
chrM	12922	12922	0
chrM	12923	12923	0
chrM	12924	12924	0
chrM	12925	12925	0
chrM	12926	12926	0
chrM	12927	12927	0
chrM	12928	12928	0
chrM	12929	12929	0
chrM	12930	12930	0
chrM	12931	12931	0
chrM	12932	12932	0.000584795321637427
chrM	12933	12933	0
chrM	12934	12934	0
chrM	12935	12935	0.00055005500550055
chrM	12936	12936	0
chrM	12937	12937	0
chrM	12938	12938	0.00105318588730911
chrM	12939	12939	0
chrM	12940	12940	0
chrM	12941	12941	0
chrM	12942	12942	0.00101677681748856
chrM	12943	12943	0
chrM	12944	12944	0.000505050505050505
chrM	12945	12945	0.000505305709954523
chrM	12946	12946	0
chrM	12947	12947	0.0014570179698883
chrM	12948	12948	0.00145560407569141
chrM	12949	12949	0.00242836328314716
chrM	12950	12950	0.000973709834469328
chrM	12951	12951	0
chrM	12952	12952	0.00291828793774319
chrM	12953	12953	0
chrM	12954	12954	0
chrM	12955	12955	0.000971817298347911
chrM	12956	12956	0.000964320154291225
chrM	12957	12957	0.000965250965250965
chrM	12958	12958	0.00240384615384615
chrM	12959	12959	0.000963855421686747
chrM	12960	12960	0.000472589792060492
chrM	12961	12961	0.00141843971631206
chrM	12962	12962	0.00142045454545455
chrM	12963	12963	0.0109056424845899
chrM	12964	12964	0.0124521072796935
chrM	12965	12965	0.00145419292292777
chrM	12966	12966	0.0270793036750484
chrM	12967	12967	0.0024703557312253
chrM	12968	12968	0.00049480455220188
chrM	12969	12969	0
chrM	12970	12970	0.0103397341211226
chrM	12971	12971	0
chrM	12972	12972	0.00048661800486618
chrM	12973	12973	0
chrM	12974	12974	0
chrM	12975	12975	0.000969932104752667
chrM	12976	12976	0
chrM	12977	12977	0
chrM	12978	12978	0
chrM	12979	12979	0
chrM	12980	12980	0
chrM	12981	12981	0
chrM	12982	12982	0
chrM	12983	12983	0
chrM	12984	12984	0
chrM	12985	12985	0.000464468183929401
chrM	12986	12986	0
chrM	12987	12987	0.00650557620817844
chrM	12988	12988	0.000466853408029879
chrM	12989	12989	0
chrM	12990	12990	0
chrM	12991	12991	0
chrM	12992	12992	0
chrM	12993	12993	0
chrM	12994	12994	0.000465549348230912
chrM	12995	12995	0
chrM	12996	12996	0
chrM	12997	12997	0
chrM	12998	12998	0
chrM	12999	12999	0.00226860254083485
chrM	13000	13000	0
chrM	13001	13001	0.00226860254083485
chrM	13002	13002	0.000452488687782805
chrM	13003	13003	0.000452693526482571
chrM	13004	13004	0
chrM	13005	13005	0.0004516711833785
chrM	13006	13006	0
chrM	13007	13007	0.000894854586129754
chrM	13008	13008	0.000442282176028306
chrM	13009	13009	0.000437636761487965
chrM	13010	13010	0
chrM	13011	13011	0
chrM	13012	13012	0
chrM	13013	13013	0
chrM	13014	13014	0
chrM	13015	13015	0
chrM	13016	13016	0
chrM	13017	13017	0
chrM	13018	13018	0
chrM	13019	13019	0.00038971161340608
chrM	13020	13020	0.000334560053529609
chrM	13021	13021	0
chrM	13022	13022	0
chrM	13023	13023	0
chrM	13024	13024	0
chrM	13025	13025	0
chrM	13026	13026	0
chrM	13027	13027	0.00024588148512417
chrM	13028	13028	0
chrM	13029	13029	0.00023089355806973
chrM	13030	13030	0.000459136822773186
chrM	13031	13031	0.000219490781387182
chrM	13032	13032	0
chrM	13033	13033	0
chrM	13034	13034	0
chrM	13035	13035	0
chrM	13036	13036	0
chrM	13037	13037	0.000399201596806387
chrM	13038	13038	0.000199600798403194
chrM	13039	13039	0
chrM	13040	13040	0
chrM	13041	13041	0
chrM	13042	13042	0
chrM	13043	13043	0
chrM	13044	13044	0.000780944943381492
chrM	13045	13045	0
chrM	13046	13046	0
chrM	13047	13047	0
chrM	13048	13048	0.000194325689856199
chrM	13049	13049	0.000194363459669582
chrM	13050	13050	0.000573284922606535
chrM	13051	13051	0
chrM	13052	13052	0
chrM	13053	13053	0
chrM	13054	13054	0
chrM	13055	13055	0.000549349935909174
chrM	13056	13056	0
chrM	13057	13057	0
chrM	13058	13058	0
chrM	13059	13059	0
chrM	13060	13060	0.000343170899107756
chrM	13061	13061	0
chrM	13062	13062	0.000169808116827984
chrM	13063	13063	0.000168719419605197
chrM	13064	13064	0
chrM	13065	13065	0
chrM	13066	13066	0
chrM	13067	13067	0
chrM	13068	13068	0
chrM	13069	13069	0
chrM	13070	13070	0.000158629441624365
chrM	13071	13071	0
chrM	13072	13072	0
chrM	13073	13073	0.000155617802676626
chrM	13074	13074	0.000462036038811027
chrM	13075	13075	0
chrM	13076	13076	0
chrM	13077	13077	0.000438981562774363
chrM	13078	13078	0
chrM	13079	13079	0
chrM	13080	13080	0.00130616509926855
chrM	13081	13081	0.000241225425159812
chrM	13082	13082	0.000241283628905779
chrM	13083	13083	0.0012045290291496
chrM	13084	13084	0.000600456346823586
chrM	13085	13085	0.000479328939484721
chrM	13086	13086	0
chrM	13087	13087	0.000713690971809207
chrM	13088	13088	0.000237812128418549
chrM	13089	13089	0.000356040826014716
chrM	13090	13090	0.000117591721542803
chrM	13091	13091	0
chrM	13092	13092	0
chrM	13093	13093	0
chrM	13094	13094	0.00110265740434447
chrM	13095	13095	0.000217864923747277
chrM	13096	13096	0.000107307651035519
chrM	13097	13097	0
chrM	13098	13098	0
chrM	13099	13099	0.000294406280667321
chrM	13100	13100	0.000289212378289791
chrM	13101	13101	0.000383288616328095
chrM	13102	13102	9.4553706505295e-05
chrM	13103	13103	0
chrM	13104	13104	0.00097734340293203
chrM	13105	13105	0.000793021411578113
chrM	13106	13106	0.000176180408738548
chrM	13107	13107	8.69565217391304e-05
chrM	13108	13108	0.000347735373380857
chrM	13109	13109	0.000681082921845735
chrM	13110	13110	0.00118764845605701
chrM	13111	13111	0.000169290672083968
chrM	13112	13112	0
chrM	13113	13113	8.43454790823212e-05
chrM	13114	13114	0.00159878828677213
chrM	13115	13115	0.000337069183449903
chrM	13116	13116	0
chrM	13117	13117	0.00100831862868667
chrM	13118	13118	0.000334616028107746
chrM	13119	13119	0.000714796283059328
chrM	13120	13120	0.0004739336492891
chrM	13121	13121	0.00149700598802395
chrM	13122	13122	0.00483908134265305
chrM	13123	13123	0.000765403750478377
chrM	13124	13124	0.00244408235816916
chrM	13125	13125	0
chrM	13126	13126	0
chrM	13127	13127	0
chrM	13128	13128	0.000220718069452619
chrM	13129	13129	0.00132051940429902
chrM	13130	13130	7.32171621027969e-05
chrM	13131	13131	0.000145655815308426
chrM	13132	13132	0.000942302116555523
chrM	13133	13133	0.000637123035537307
chrM	13134	13134	0.00176916000283066
chrM	13135	13135	0.00188127090301003
chrM	13136	13136	0.000348918353105373
chrM	13137	13137	0
chrM	13138	13138	0
chrM	13139	13139	0.000926845415425356
chrM	13140	13140	0.00013214403700033
chrM	13141	13141	0.000329924117452986
chrM	13142	13142	0
chrM	13143	13143	6.47123535883e-05
chrM	13144	13144	0
chrM	13145	13145	6.13045610593428e-05
chrM	13146	13146	6.09942055504727e-05
chrM	13147	13147	6.08531613217307e-05
chrM	13148	13148	0.000121647101757801
chrM	13149	13149	0.000121602723901015
chrM	13150	13150	0.00151039149347511
chrM	13151	13151	0.000180407721450478
chrM	13152	13152	0.000180440274269217
chrM	13153	13153	0.000180396873120866
chrM	13154	13154	0.000601250601250601
chrM	13155	13155	0.00186432523454414
chrM	13156	13156	0
chrM	13157	13157	0.00286961200454355
chrM	13158	13158	0.000705342973020631
chrM	13159	13159	0.000293962020107002
chrM	13160	13160	0.00401697312588402
chrM	13161	13161	0.000849810209053311
chrM	13162	13162	0.000170068027210884
chrM	13163	13163	0.000901611630790037
chrM	13164	13164	0.000112568244498227
chrM	13165	13165	5.59002739113422e-05
chrM	13166	13166	0.000837661249790585
chrM	13167	13167	0.000836446774103608
chrM	13168	13168	0.00316836010051349
chrM	13169	13169	0.000874651506040562
chrM	13170	13170	0.003157186481031
chrM	13171	13171	0.000830392360390284
chrM	13172	13172	0.000830694148798089
chrM	13173	13173	0.0011946190204124
chrM	13174	13174	0.000259956327337007
chrM	13175	13175	0.00233729808341557
chrM	13176	13176	0.00114357001767335
chrM	13177	13177	0.000103858337228021
chrM	13178	13178	0.000467144191840548
chrM	13179	13179	0.000984966303784344
chrM	13180	13180	0.000880372863801139
chrM	13181	13181	0.00253701977839909
chrM	13182	13182	0.000518054188468114
chrM	13183	13183	0.000155102884913659
chrM	13184	13184	0.00051703634765524
chrM	13185	13185	0.00248292985723153
chrM	13186	13186	0.000414572213297404
chrM	13187	13187	0.00179726815240834
chrM	13188	13188	0.000308594352723345
chrM	13189	13189	0.000462297102938155
chrM	13190	13190	0.000204865556978233
chrM	13191	13191	0.00388786576631881
chrM	13192	13192	0.000154043645699615
chrM	13193	13193	0.0047289738635208
chrM	13194	13194	0.00051062091503268
chrM	13195	13195	0
chrM	13196	13196	0.0002460024600246
chrM	13197	13197	0.000144439094848339
chrM	13198	13198	9.52471663967997e-05
chrM	13199	13199	4.76054460630296e-05
chrM	13200	13200	0.000142802741812643
chrM	13201	13201	0.000509707613178259
chrM	13202	13202	9.22509225092251e-05
chrM	13203	13203	0.00188076805318637
chrM	13204	13204	4.38173692051529e-05
chrM	13205	13205	4.37732545414752e-05
chrM	13206	13206	0.000262340955795549
chrM	13207	13207	0.00205410602683449
chrM	13208	13208	0
chrM	13209	13209	0.00369324353682381
chrM	13210	13210	0.000130730346871187
chrM	13211	13211	0.000217902902466661
chrM	13212	13212	0.000653822683288292
chrM	13213	13213	0.000959525471039777
chrM	13214	13214	0.00196326512804851
chrM	13215	13215	4.35142073887124e-05
chrM	13216	13216	0.000304109827091841
chrM	13217	13217	4.34348260435217e-05
chrM	13218	13218	0.0003473277471454
chrM	13219	13219	0.000347161951050165
chrM	13220	13220	0.000130191381330556
chrM	13221	13221	0.00266025916073114
chrM	13222	13222	0
chrM	13223	13223	0
chrM	13224	13224	0.000214979791899561
chrM	13225	13225	0.000859660434128519
chrM	13226	13226	4.29700928154005e-05
chrM	13227	13227	0.00433104631217839
chrM	13228	13228	0.000988227206324654
chrM	13229	13229	0.000257643421504638
chrM	13230	13230	0.00239132291399778
chrM	13231	13231	0.00269104267224809
chrM	13232	13232	0.00184106867614318
chrM	13233	13233	0.000287651530717074
chrM	13234	13234	0.000737100737100737
chrM	13235	13235	0.000816926721673066
chrM	13236	13236	0.00976995835117356
chrM	13237	13237	0.00125234815278647
chrM	13238	13238	3.87672029463074e-05
chrM	13239	13239	0.00270134681434029
chrM	13240	13240	0.000268610897927859
chrM	13241	13241	0.00122342865881633
chrM	13242	13242	0.000344484421648932
chrM	13243	13243	0.0017872123135281
chrM	13244	13244	0.00204044452541447
chrM	13245	13245	0.00101766373482591
chrM	13246	13246	0.014488041043428
chrM	13247	13247	0.000256410256410256
chrM	13248	13248	0.00120614035087719
chrM	13249	13249	0.000109757436066293
chrM	13250	13250	0.000108416754002385
chrM	13251	13251	0.000683428653645552
chrM	13252	13252	0.000179417252763026
chrM	13253	13253	0.000350680319820452
chrM	13254	13254	0.00696925124325839
chrM	13255	13255	0.000634048399027792
chrM	13256	13256	0.00169186845722745
chrM	13257	13257	0.000423280423280423
chrM	13258	13258	0.000316745266417963
chrM	13259	13259	0.00386629643949246
chrM	13260	13260	0
chrM	13261	13261	0.000951642464401523
chrM	13262	13262	0.000528373665856494
chrM	13263	13263	0.000455086466428621
chrM	13264	13264	3.49846067730199e-05
chrM	13265	13265	0.0138127299229541
chrM	13266	13266	0.00218171581392075
chrM	13267	13267	0.00045832745734029
chrM	13268	13268	0.000810686969088153
chrM	13269	13269	0.00489471089513346
chrM	13270	13270	0.000883766968325792
chrM	13271	13271	0.000106138333628162
chrM	13272	13272	0.000459802638559757
chrM	13273	13273	0.00162756961398295
chrM	13274	13274	0.0245829053168503
chrM	13275	13275	0.0121256126338718
chrM	13276	13276	0.00764172085675447
chrM	13277	13277	0.000702662721893491
chrM	13278	13278	0.00794563888689149
chrM	13279	13279	0.00445919319713782
chrM	13280	13280	0.0105044828047638
chrM	13281	13281	0.00128309022150189
chrM	13282	13282	0.00670446964643095
chrM	13283	13283	0
chrM	13284	13284	0.000265243194854282
chrM	13285	13285	0.00382081686429513
chrM	13286	13286	0.000494136249835288
chrM	13287	13287	0.000362235321236869
chrM	13288	13288	0.00115298458294901
chrM	13289	13289	0.00229350283411422
chrM	13290	13290	0.00166999574314811
chrM	13291	13291	0.000687757909215956
chrM	13292	13292	0.00173140374375225
chrM	13293	13293	0.00137430057916953
chrM	13294	13294	0.00949449973808277
chrM	13295	13295	0.00198288112627648
chrM	13296	13296	0.00039583058450983
chrM	13297	13297	0.000725641533082657
chrM	13298	13298	0.000395752259085812
chrM	13299	13299	0.000395817528119537
chrM	13300	13300	0.00145166611679314
chrM	13301	13301	0.000363444128725302
chrM	13302	13302	0.00820509440801397
chrM	13303	13303	0.000329304837488063
chrM	13304	13304	0.000697018661090517
chrM	13305	13305	0.000630735753256173
chrM	13306	13306	0.00365043899675866
chrM	13307	13307	0.000883866283657944
chrM	13308	13308	0.00875783637337366
chrM	13309	13309	9.52018278750952e-05
chrM	13310	13310	0.00047256001512192
chrM	13311	13311	0.000126071608673727
chrM	13312	13312	0.000441028225806452
chrM	13313	13313	0.00853408911982365
chrM	13314	13314	0.00286515296219847
chrM	13315	13315	0.00114257480776951
chrM	13316	13316	0.00179117383650906
chrM	13317	13317	0.00086617583369424
chrM	13318	13318	0.0190361222026186
chrM	13319	13319	0.000220841089062056
chrM	13320	13320	0.0116184646136548
chrM	13321	13321	0.000157659078009712
chrM	13322	13322	6.30159430335875e-05
chrM	13323	13323	0.000660356592559982
chrM	13324	13324	0.010144472361809
chrM	13325	13325	0.000790588830561002
chrM	13326	13326	0.0010421930267812
chrM	13327	13327	0.000158057785926535
chrM	13328	13328	0.000346020761245675
chrM	13329	13329	0.000597014925373134
chrM	13330	13330	0.00735134464468501
chrM	13331	13331	0.000486366537982187
chrM	13332	13332	0.000788069835111542
chrM	13333	13333	0.000272421830069316
chrM	13334	13334	0.000544761213001634
chrM	13335	13335	0.000755880752252525
chrM	13336	13336	0.0121327645154458
chrM	13337	13337	0.000857055402509948
chrM	13338	13338	0.00149925037481259
chrM	13339	13339	0.00110273846719353
chrM	13340	13340	0.000949493093203467
chrM	13341	13341	0.00150219197400288
chrM	13342	13342	0.00113591010959998
chrM	13343	13343	0.000952732190054705
chrM	13344	13344	0.000153803562090498
chrM	13345	13345	0.00738841057580754
chrM	13346	13346	0.000214829364105082
chrM	13347	13347	0.00153679262339541
chrM	13348	13348	0.00783439298520505
chrM	13349	13349	0.0214398350315381
chrM	13350	13350	0.0199828368272649
chrM	13351	13351	0.00162104869380884
chrM	13352	13352	0.00202922077922078
chrM	13353	13353	0.00228317643011291
chrM	13354	13354	0.00153263895405211
chrM	13355	13355	0.000939731863175041
chrM	13356	13356	0.0119676717438607
chrM	13357	13357	0.00119553248387604
chrM	13358	13358	0.00116462071136292
chrM	13359	13359	0.000314366551398931
chrM	13360	13360	0.0148180567712892
chrM	13361	13361	0.00107252137156557
chrM	13362	13362	0.0011030918087554
chrM	13363	13363	3.14792079831271e-05
chrM	13364	13364	0.00292664505774617
chrM	13365	13365	0.00040856092271913
chrM	13366	13366	0.00302935665209244
chrM	13367	13367	6.25919318999781e-05
chrM	13368	13368	3.12930279133809e-05
chrM	13369	13369	0.00319069069069069
chrM	13370	13370	0.000845070422535211
chrM	13371	13371	0.0038625673613058
chrM	13372	13372	0.00103163686382393
chrM	13373	13373	0.00199993750195306
chrM	13374	13374	0.0016269319817283
chrM	13375	13375	0.00050125313283208
chrM	13376	13376	0.0213234837668384
chrM	13377	13377	0.00669076610857433
chrM	13378	13378	0.00436528167218965
chrM	13379	13379	0.000896
chrM	13380	13380	0.00240192153722978
chrM	13381	13381	0.00840497882715257
chrM	13382	13382	0.00585476306000323
chrM	13383	13383	0.000162628069604814
chrM	13384	13384	0.000455417845873589
chrM	13385	13385	0.000325425493833187
chrM	13386	13386	0.00100908173562059
chrM	13387	13387	0.00931838915678353
chrM	13388	13388	0.000164414192233074
chrM	13389	13389	0.000394645969678035
chrM	13390	13390	3.29001480506662e-05
chrM	13391	13391	0.000427561256372307
chrM	13392	13392	0.00447456734881885
chrM	13393	13393	0.00122019589090789
chrM	13394	13394	0.000362868641551758
chrM	13395	13395	0.000130791616257398
chrM	13396	13396	0.00068479749559773
chrM	13397	13397	0.000652379554424764
chrM	13398	13398	0.00495517522412388
chrM	13399	13399	0.000327578864611655
chrM	13400	13400	0.000196431494516287
chrM	13401	13401	0.00971731448763251
chrM	13402	13402	0.000231274985958304
chrM	13403	13403	0.000132170235263019
chrM	13404	13404	0.000660916691451043
chrM	13405	13405	0.000886903393226686
chrM	13406	13406	9.84801234284214e-05
chrM	13407	13407	0
chrM	13408	13408	6.5603883749918e-05
chrM	13409	13409	0.0126468222043443
chrM	13410	13410	0.000944471584432503
chrM	13411	13411	0.00280276365532525
chrM	13412	13412	0.000588004704037632
chrM	13413	13413	0.00163414713860836
chrM	13414	13414	0.0135519984287538
chrM	13415	13415	0.00159267370097551
chrM	13416	13416	0.0082416669436044
chrM	13417	13417	0.00100505879593956
chrM	13418	13418	0.00157601770504996
chrM	13419	13419	0.00241789240378803
chrM	13420	13420	0.000302877334679455
chrM	13421	13421	0.00138019255369286
chrM	13422	13422	0.00286503977349333
chrM	13423	13423	0.0071995943890485
chrM	13424	13424	0.000306393409137332
chrM	13425	13425	0.00203507105789777
chrM	13426	13426	0.000743921820579583
chrM	13427	13427	0.00087956698240866
chrM	13428	13428	0.00104733268015811
chrM	13429	13429	0.0106760363525795
chrM	13430	13430	0.00221714363679776
chrM	13431	13431	0.000549930449972504
chrM	13432	13432	0.00074385510996119
chrM	13433	13433	0.00152662242577188
chrM	13434	13434	0.00146549842536871
chrM	13435	13435	0.00383476227591582
chrM	13436	13436	0.00443257028356306
chrM	13437	13437	0.000334631297152592
chrM	13438	13438	0.000151153299676532
chrM	13439	13439	0.000664933808861754
chrM	13440	13440	0.000151180721434403
chrM	13441	13441	0.00205128205128205
chrM	13442	13442	0.000180919068869859
chrM	13443	13443	0.000746033112392758
chrM	13444	13444	0.000401537314288992
chrM	13445	13445	8.47146528111146e-05
chrM	13446	13446	0.00222817656183895
chrM	13447	13447	0.00115835569995762
chrM	13448	13448	0.000649846014748679
chrM	13449	13449	0.0103116019608948
chrM	13450	13450	0.000368836179992056
chrM	13451	13451	0.000536314110706523
chrM	13452	13452	0.000449047178019141
chrM	13453	13453	0.00216116085211485
chrM	13454	13454	0.00553915366230845
chrM	13455	13455	0.00217152203953862
chrM	13456	13456	0.000741737864344386
chrM	13457	13457	5.40920646941094e-05
chrM	13458	13458	0.0060601269991832
chrM	13459	13459	0.0041699449252557
chrM	13460	13460	0.00178131712684026
chrM	13461	13461	0.00073212184599294
chrM	13462	13462	0.0059424371151735
chrM	13463	13463	0.000599808061420345
chrM	13464	13464	0.00014367472043294
chrM	13465	13465	0.000571442177194695
chrM	13466	13466	0.000689523990679538
chrM	13467	13467	0.015937388829598
chrM	13468	13468	0.00137233658360419
chrM	13469	13469	0.000409549736201788
chrM	13470	13470	0.000216288962053303
chrM	13471	13471	0.000143733231123036
chrM	13472	13472	0.00201986597595171
chrM	13473	13473	0.000380571809143238
chrM	13474	13474	0.000118784596013589
chrM	13475	13475	7.09605695768385e-05
chrM	13476	13476	0.0008706496929195
chrM	13477	13477	0.00102784526256774
chrM	13478	13478	0.000748135506043532
chrM	13479	13479	0.000491193600449091
chrM	13480	13480	0.000584453535943892
chrM	13481	13481	0.00660981303011394
chrM	13482	13482	0.000649365708852246
chrM	13483	13483	0.000439672328412089
chrM	13484	13484	4.62566783079307e-05
chrM	13485	13485	0.000416233090530697
chrM	13486	13486	0.0021047762229675
chrM	13487	13487	0.0285184756168192
chrM	13488	13488	0.000309826258967087
chrM	13489	13489	9.534706331045e-05
chrM	13490	13490	0.00050030971553819
chrM	13491	13491	0.00154750851129681
chrM	13492	13492	0.000832679085480456
chrM	13493	13493	0.0004516711833785
chrM	13494	13494	0.000142670312685769
chrM	13495	13495	0.000356565560521061
chrM	13496	13496	0.000498776809253497
chrM	13497	13497	0.00273256504692883
chrM	13498	13498	0.000236680788620388
chrM	13499	13499	0.000189120824566795
chrM	13500	13500	9.45671190127193e-05
chrM	13501	13501	4.72813238770686e-05
chrM	13502	13502	0.00223156608959151
chrM	13503	13503	0.00257344568435436
chrM	13504	13504	2.28154232261008e-05
chrM	13505	13505	0.000250598017997494
chrM	13506	13506	0.00382162724435801
chrM	13507	13507	0.000430468077393629
chrM	13508	13508	0.000791908953096364
chrM	13509	13509	0.00220352564102564
chrM	13510	13510	0.000177501664078101
chrM	13511	13511	2.21028667418164e-05
chrM	13512	13512	0.0120058501233328
chrM	13513	13513	0.000904338619670468
chrM	13514	13514	0.00608331496583646
chrM	13515	13515	0.00011077632045374
chrM	13516	13516	0.00079545943156899
chrM	13517	13517	0.0028169014084507
chrM	13518	13518	0.000344575095834949
chrM	13519	13519	0.00843427932095445
chrM	13520	13520	0.0106104242004287
chrM	13521	13521	0.00233752048061169
chrM	13522	13522	0.00739363447446134
chrM	13523	13523	0.00134299112745206
chrM	13524	13524	0.000925395496408584
chrM	13525	13525	6.60923971712454e-05
chrM	13526	13526	0.00096688421561518
chrM	13527	13527	0.00197723977327651
chrM	13528	13528	0.00598433512276688
chrM	13529	13529	0.00101675434330931
chrM	13530	13530	0.00208686578844398
chrM	13531	13531	0.00343090419525753
chrM	13532	13532	0.0100095743754896
chrM	13533	13533	0.000549450549450549
chrM	13534	13534	0.000241683877488245
chrM	13535	13535	0.000285582478416555
chrM	13536	13536	0.00175342465753425
chrM	13537	13537	0.000718515937989897
chrM	13538	13538	0.0012635064482398
chrM	13539	13539	0.00121206874161292
chrM	13540	13540	0.00272238186807251
chrM	13541	13541	0.00281175312807536
chrM	13542	13542	0.000281826233996296
chrM	13543	13543	0.000442611407303088
chrM	13544	13544	2.0049321330473e-05
chrM	13545	13545	0.000300528930918416
chrM	13546	13546	5.94365415857669e-05
chrM	13547	13547	0.000276822082492981
chrM	13548	13548	9.53052627566094e-05
chrM	13549	13549	0.00112365970251586
chrM	13550	13550	0.0010272604485704
chrM	13551	13551	0.0162286452691789
chrM	13552	13552	0.00276200409471936
chrM	13553	13553	5.80821281291747e-05
chrM	13554	13554	0.00224878911355424
chrM	13555	13555	0.000441145443734776
chrM	13556	13556	0.0102515952248644
chrM	13557	13557	0.00199372846579691
chrM	13558	13558	0.0170286707211121
chrM	13559	13559	0.00572657089807486
chrM	13560	13560	0.000684944910859312
chrM	13561	13561	0.00650139035757647
chrM	13562	13562	0.000923252205001277
chrM	13563	13563	0.00117421425496106
chrM	13564	13564	0.0140255472310792
chrM	13565	13565	0.00394645513138324
chrM	13566	13566	0.00455177897038362
chrM	13567	13567	0.000239420602142814
chrM	13568	13568	9.95817566221868e-05
chrM	13569	13569	0.00566223535204333
chrM	13570	13570	0.00109867212214203
chrM	13571	13571	0.00325819283955295
chrM	13572	13572	0.00136650913852986
chrM	13573	13573	0.000434306431511764
chrM	13574	13574	0.00142092031916056
chrM	13575	13575	0.000489157019403228
chrM	13576	13576	0.000216547866101236
chrM	13577	13577	0.000415087529326836
chrM	13578	13578	0.000468747183009718
chrM	13579	13579	0.00136760528807378
chrM	13580	13580	0.000157026956294164
chrM	13581	13581	5.23012552301255e-05
chrM	13582	13582	0.00012187690432663
chrM	13583	13583	5.20535110093176e-05
chrM	13584	13584	0.00136898469856343
chrM	13585	13585	0.000797351406631884
chrM	13586	13586	0.0023928837717397
chrM	13587	13587	0.000243101981281147
chrM	13588	13588	0.00143889880900785
chrM	13589	13589	0.00513630290305228
chrM	13590	13590	0.011842835344708
chrM	13591	13591	0.000350858726733681
chrM	13592	13592	0.000174984251417372
chrM	13593	13593	0.000297426386969225
chrM	13594	13594	0.00113741753722855
chrM	13595	13595	0.0334318336801245
chrM	13596	13596	0.00575146482619792
chrM	13597	13597	9.01485648348478e-05
chrM	13598	13598	0.00158612858456048
chrM	13599	13599	0.00353643794092705
chrM	13600	13600	0.00625836558984191
chrM	13601	13601	0.000885099618865266
chrM	13602	13602	0.00202195262853842
chrM	13603	13603	0.00167933693277235
chrM	13604	13604	0.000776201306906386
chrM	13605	13605	0.00337475894578959
chrM	13606	13606	0.00116871581506241
chrM	13607	13607	0.000186939182452642
chrM	13608	13608	0.000244738130200685
chrM	13609	13609	0.000241360706476986
chrM	13610	13610	5.62002978615787e-05
chrM	13611	13611	9.82994200334218e-05
chrM	13612	13612	0.00112033834217934
chrM	13613	13613	2.80355490762287e-05
chrM	13614	13614	0.00015415014223854
chrM	13615	13615	0.000139602412329685
chrM	13616	13616	0.00424000669474741
chrM	13617	13617	0.000140063869124321
chrM	13618	13618	0.000196114138428565
chrM	13619	13619	0.000770275758721622
chrM	13620	13620	0.000280084585544835
chrM	13621	13621	1.4005209938097e-05
chrM	13622	13622	2.79876854184159e-05
chrM	13623	13623	0.0122568093385214
chrM	13624	13624	0.000759354829637338
chrM	13625	13625	0.000646848721770678
chrM	13626	13626	0.00942480552546807
chrM	13627	13627	0.000198604096918799
chrM	13628	13628	0.00195556059403696
chrM	13629	13629	5.6757715501951e-05
chrM	13630	13630	0.00149956852037857
chrM	13631	13631	0.00308702884046122
chrM	13632	13632	0.022846605385774
chrM	13633	13633	0.00407634137558516
chrM	13634	13634	0.00254519161243673
chrM	13635	13635	0.00906003901452207
chrM	13636	13636	0.00124732971082023
chrM	13637	13637	0.00037309684733164
chrM	13638	13638	0.00163487738419619
chrM	13639	13639	0.000588505483148648
chrM	13640	13640	0.00252572363417189
chrM	13641	13641	0.0127390354322275
chrM	13642	13642	0.0100867052023121
chrM	13643	13643	0.00427251060861478
chrM	13644	13644	0.000977003951762253
chrM	13645	13645	0.00325371697039555
chrM	13646	13646	0.0207587687902649
chrM	13647	13647	0.0261362959432895
chrM	13648	13648	0.00146446386893048
chrM	13649	13649	0.000578642018546999
chrM	13650	13650	0.000227551995631002
chrM	13651	13651	0.00213345438039038
chrM	13652	13652	0.00434296338257295
chrM	13653	13653	0.000670896229854882
chrM	13654	13654	0.000591323410638052
chrM	13655	13655	0.000605676049838486
chrM	13656	13656	0.00350134001901962
chrM	13657	13657	0
chrM	13658	13658	0.00989985035109934
chrM	13659	13659	0.00108976780680596
chrM	13660	13660	0.000596259561967366
chrM	13661	13661	0.000218232606861233
chrM	13662	13662	0.000640009309226316
chrM	13663	13663	0.000130954806041382
chrM	13664	13664	0.000901818181818182
chrM	13665	13665	0.0011353546527707
chrM	13666	13666	0.00110727450209071
chrM	13667	13667	0.000772752456769603
chrM	13668	13668	7.29437166282496e-05
chrM	13669	13669	0.00267796067472966
chrM	13670	13670	0.000145921494236101
chrM	13671	13671	0.000422999504069547
chrM	13672	13672	7.29309489775081e-05
chrM	13673	13673	0.00469729360266422
chrM	13674	13674	0.000613595523674561
chrM	13675	13675	0.00102171882297992
chrM	13676	13676	0.000583890462149301
chrM	13677	13677	0.00146010980025698
chrM	13678	13678	0.000657933212468565
chrM	13679	13679	0.00534821872168805
chrM	13680	13680	0.000190848099593347
chrM	13681	13681	1.46582430629865e-05
chrM	13682	13682	0.000349798137324919
chrM	13683	13683	0.000947535678362658
chrM	13684	13684	0.000437713385275322
chrM	13685	13685	0.000102173373618835
chrM	13686	13686	0.00321725965177896
chrM	13687	13687	0.00103965113928437
chrM	13688	13688	0.000395150933544081
chrM	13689	13689	0.000648801128349788
chrM	13690	13690	0.000620846326424066
chrM	13691	13691	0.000310589696892691
chrM	13692	13692	0.00917637154482952
chrM	13693	13693	0.00145609318996416
chrM	13694	13694	7.00937854849789e-05
chrM	13695	13695	0.000182220851672227
chrM	13696	13696	0.00141567616057412
chrM	13697	13697	0.00279317846866447
chrM	13698	13698	0.0260352199842467
chrM	13699	13699	0.00306951810006917
chrM	13700	13700	8.67127207561349e-05
chrM	13701	13701	0.000317965023847377
chrM	13702	13702	0.00106979702769907
chrM	13703	13703	0.0256976626676484
chrM	13704	13704	0.00504811250925241
chrM	13705	13705	0.000758646336928226
chrM	13706	13706	0.00148643626904496
chrM	13707	13707	0.00023807752399375
chrM	13708	13708	0.0108315603100683
chrM	13709	13709	0.004385899034201
chrM	13710	13710	0.00271411338962606
chrM	13711	13711	0.00632643817001359
chrM	13712	13712	0.00018208579275602
chrM	13713	13713	0.00248812829032209
chrM	13714	13714	0.000575853551349467
chrM	13715	13715	0.00027287197756386
chrM	13716	13716	0.00189459963320551
chrM	13717	13717	0.00185255485536406
chrM	13718	13718	0.000561311952910478
chrM	13719	13719	0.000151604736131957
chrM	13720	13720	0.00206094955219809
chrM	13721	13721	0.000561729519645351
chrM	13722	13722	0.00346162605329082
chrM	13723	13723	0.000106621174965348
chrM	13724	13724	0.000654669468042995
chrM	13725	13725	0.000637068272483201
chrM	13726	13726	0.000470431127365434
chrM	13727	13727	0.00179140731744345
chrM	13728	13728	0.000364985704726565
chrM	13729	13729	0.00491374326832385
chrM	13730	13730	0.00265998104381325
chrM	13731	13731	0.000475146759039284
chrM	13732	13732	0.000704840414936488
chrM	13733	13733	0.000291326147288367
chrM	13734	13734	0.000720759404376696
chrM	13735	13735	0.0227872575497177
chrM	13736	13736	0.000753709664756222
chrM	13737	13737	0.000628417017532835
chrM	13738	13738	0.000706835888414174
chrM	13739	13739	0.000721398886536501
chrM	13740	13740	0.0049713606397925
chrM	13741	13741	0.00248983189768492
chrM	13742	13742	0.00992413686329153
chrM	13743	13743	0.0227478673874324
chrM	13744	13744	0.00293105645469606
chrM	13745	13745	0.00440767830336325
chrM	13746	13746	0.00134725496800269
chrM	13747	13747	0.00494128216646345
chrM	13748	13748	0.00195076337723894
chrM	13749	13749	0.00765864332603939
chrM	13750	13750	0.0143171449833371
chrM	13751	13751	0.00572685056037807
chrM	13752	13752	0.00315601106230682
chrM	13753	13753	0.00575387123064385
chrM	13754	13754	0.00450376678676711
chrM	13755	13755	0.00765025528212368
chrM	13756	13756	0.000479378461029837
chrM	13757	13757	0.00101742754931242
chrM	13758	13758	0.00101456390116184
chrM	13759	13759	0.0021758691206544
chrM	13760	13760	0.00675443054576455
chrM	13761	13761	0.000858015015262767
chrM	13762	13762	0.00358977736793571
chrM	13763	13763	0.00123862529107694
chrM	13764	13764	0.00112264945270839
chrM	13765	13765	0.00092410765854222
chrM	13766	13766	0.000297157196156767
chrM	13767	13767	0.0102382878940502
chrM	13768	13768	0.00438676963621504
chrM	13769	13769	0.00775619580233352
chrM	13770	13770	0.000117343346632246
chrM	13771	13771	0.00132432568353645
chrM	13772	13772	0.0354674182940742
chrM	13773	13773	0.00512847258440249
chrM	13774	13774	0.00558853740489911
chrM	13775	13775	0.0213731134955945
chrM	13776	13776	0.00825012392890022
chrM	13777	13777	0.00240791937929189
chrM	13778	13778	0.00205287491743873
chrM	13779	13779	0.00321376921566177
chrM	13780	13780	0.00317028174311762
chrM	13781	13781	0.0015040825096691
chrM	13782	13782	0.00184320251963995
chrM	13783	13783	0.002091676201373
chrM	13784	13784	0.00493235877548832
chrM	13785	13785	0.00174115957637767
chrM	13786	13786	0.000251576847742098
chrM	13787	13787	0.000611093137783529
chrM	13788	13788	0.00039564787339268
chrM	13789	13789	0.00408317444328525
chrM	13790	13790	0.000198649185538339
chrM	13791	13791	0.0014435482415778
chrM	13792	13792	0.000758930991489131
chrM	13793	13793	0.0105605786618445
chrM	13794	13794	0.00500703543299892
chrM	13795	13795	0.000697811076832672
chrM	13796	13796	0.000496150241643544
chrM	13797	13797	0.0033457112393838
chrM	13798	13798	0.000147555194865079
chrM	13799	13799	0.000221361372440509
chrM	13800	13800	0.012970958337946
chrM	13801	13801	0.00852416113655482
chrM	13802	13802	0.000716156876048322
chrM	13803	13803	0.000188590287600189
chrM	13804	13804	0.000810938236680811
chrM	13805	13805	0.000830470725906912
chrM	13806	13806	0.00800906686815262
chrM	13807	13807	0.00281818874247848
chrM	13808	13808	0.001297487072831
chrM	13809	13809	0.00603352808645511
chrM	13810	13810	0.000709954716401873
chrM	13811	13811	0.00322308341646842
chrM	13812	13812	0.0198383682893977
chrM	13813	13813	0.0453029351750118
chrM	13814	13814	0.00158221345497884
chrM	13815	13815	0.000432152117545376
chrM	13816	13816	0.00131755018013381
chrM	13817	13817	0.000267947317435126
chrM	13818	13818	0.00162725549971163
chrM	13819	13819	0.00107265151202607
chrM	13820	13820	0.000578201792425557
chrM	13821	13821	0.00764431221850337
chrM	13822	13822	0.0021025021857696
chrM	13823	13823	0.0210462642359518
chrM	13824	13824	0.00106430532791247
chrM	13825	13825	0.00108653969065576
chrM	13826	13826	0.000533117243144112
chrM	13827	13827	0.00433122106296273
chrM	13828	13828	0.00216431663309476
chrM	13829	13829	0.0329356735184311
chrM	13830	13830	0.000354995451620776
chrM	13831	13831	0.000532670454545455
chrM	13832	13832	0.00466335050630663
chrM	13833	13833	0.00136093882468431
chrM	13834	13834	0.00462456156028686
chrM	13835	13835	0.00316462798788015
chrM	13836	13836	0.00150829562594268
chrM	13837	13837	0.000338180588434224
chrM	13838	13838	0.00340542612931598
chrM	13839	13839	0.0258417813178856
chrM	13840	13840	0.00531803720303755
chrM	13841	13841	0.000419923014114079
chrM	13842	13842	0.00065307645659374
chrM	13843	13843	2.33372228704784e-05
chrM	13844	13844	0.000536756126021004
chrM	13845	13845	0.00492656844661328
chrM	13846	13846	0.00234642639260406
chrM	13847	13847	0.00154969593087417
chrM	13848	13848	0.000211620306144043
chrM	13849	13849	0.000751844368215779
chrM	13850	13850	0.000987074030552291
chrM	13851	13851	0.00221129643134395
chrM	13852	13852	0.00471397930563085
chrM	13853	13853	0.0200345750349303
chrM	13854	13854	0.0028743961352657
chrM	13855	13855	0.00421419748601322
chrM	13856	13856	0.00719914388559198
chrM	13857	13857	0.029717027318124
chrM	13858	13858	0.00191725529767911
chrM	13859	13859	0.000859236795552186
chrM	13860	13860	0.00151637687019814
chrM	13861	13861	0.000227801964159158
chrM	13862	13862	0.00118990354186182
chrM	13863	13863	0.000912362512038116
chrM	13864	13864	0.00134381338742394
chrM	13865	13865	0.00116783873670314
chrM	13866	13866	0.00157580378701233
chrM	13867	13867	0.000967290314369352
chrM	13868	13868	0.000815245083053093
chrM	13869	13869	0.00201422707223171
chrM	13870	13870	0.0832439335887612
chrM	13871	13871	0.000891563579627772
chrM	13872	13872	0.00103156016504963
chrM	13873	13873	0.00153494083500781
chrM	13874	13874	0.0308560887671539
chrM	13875	13875	0.00893886966551326
chrM	13876	13876	0.00238580157113762
chrM	13877	13877	0.00134157722818479
chrM	13878	13878	0.0302641179045673
chrM	13879	13879	0.00448349532091596
chrM	13880	13880	0.0265981562641681
chrM	13881	13881	0.0558884714503058
chrM	13882	13882	0.00124971223731378
chrM	13883	13883	0.0115192206424434
chrM	13884	13884	0.0013650286323079
chrM	13885	13885	0.002900096669889
chrM	13886	13886	0.000568333779085317
chrM	13887	13887	0.000167235266573015
chrM	13888	13888	0.00117072518062617
chrM	13889	13889	0.0105481699762248
chrM	13890	13890	0.010761421319797
chrM	13891	13891	0.00331816782403448
chrM	13892	13892	0.00229956068094454
chrM	13893	13893	0.0890608875128999
chrM	13894	13894	0.00615512423532966
chrM	13895	13895	0.0466945288753799
chrM	13896	13896	0.00111593798573194
chrM	13897	13897	0.000758059368017874
chrM	13898	13898	0.00914354162507486
chrM	13899	13899	0.0325596389426177
chrM	13900	13900	0.00670609796734422
chrM	13901	13901	0.0128318027424833
chrM	13902	13902	0.00717896436005267
chrM	13903	13903	0.010267818944126
chrM	13904	13904	0.000907754819745829
chrM	13905	13905	0.0319300826374767
chrM	13906	13906	0.0203798882681564
chrM	13907	13907	0.00168803321319403
chrM	13908	13908	0.0211132437619962
chrM	13909	13909	0.00214752567693744
chrM	13910	13910	0.0331228070175439
chrM	13911	13911	0.004403154787826
chrM	13912	13912	0.00655817342725285
chrM	13913	13913	0.00449855752774925
chrM	13914	13914	0.0355616680583526
chrM	13915	13915	0.23335879806468
chrM	13916	13916	0.00484953165481964
chrM	13917	13917	0.00780520346897932
chrM	13918	13918	0.124033613445378
chrM	13919	13919	0.0328472755180353
chrM	13920	13920	0.365646797717185
chrM	13921	13921	0.0091215794077221
chrM	13922	13922	0.151140804235472
chrM	13923	13923	0.0114311163895487
chrM	13924	13924	0.0097612254092206
chrM	13925	13925	0.00606612071580224
chrM	13926	13926	0.0234971010070186
chrM	13927	13927	0.0201499531396439
chrM	13928	13928	0.0302885381794994
chrM	13929	13929	0.00837988826815642
chrM	13930	13930	0.0183927091963546
chrM	13931	13931	0.189271255060729
chrM	13932	13932	0.00395339159384103
chrM	13933	13933	0.0327151489893728
chrM	13934	13934	0
chrM	13935	13935	0.000861697544161999
chrM	13936	13936	0.00129338219443846
chrM	13937	13937	0.000647528599179797
chrM	13938	13938	0.0120533792509686
chrM	13939	13939	0.00326726203441516
chrM	13940	13940	0.00218435998252512
chrM	13941	13941	0.00480874316939891
chrM	13942	13942	0.00439270810454645
chrM	13943	13943	0.00374696936301521
chrM	13944	13944	0.0442477876106195
chrM	13945	13945	0.00300856283267762
chrM	13946	13946	0.00394157199165314
chrM	13947	13947	0.00186046511627907
chrM	13948	13948	0.00952159777055272
chrM	13949	13949	0.0133614627285513
chrM	13950	13950	0.00118764845605701
chrM	13951	13951	0.0140309155766944
chrM	13952	13952	0.00578871201157742
chrM	13953	13953	0.0126121756002911
chrM	13954	13954	0.00663227708179808
chrM	13955	13955	0.00148367952522255
chrM	13956	13956	0.00742758108442684
chrM	13957	13957	0.0012465719272002
chrM	13958	13958	0.00223048327137546
chrM	13959	13959	0.0151064883605745
chrM	13960	13960	0.00528036208197134
chrM	13961	13961	0.00302724520686176
chrM	13962	13962	0.00201867272268483
chrM	13963	13963	0.00681646048977531
chrM	13964	13964	0.00330284552845528
chrM	13965	13965	0.00152671755725191
chrM	13966	13966	0.00280254777070064
chrM	13967	13967	0.00332141032192131
chrM	13968	13968	0.00461420148679826
chrM	13969	13969	0.0146755921730175
chrM	13970	13970	0.000261301280376274
chrM	13971	13971	0.000522602560752548
chrM	13972	13972	0.00966057441253264
chrM	13973	13973	0.00369100975481149
chrM	13974	13974	0.0023784355179704
chrM	13975	13975	0.00185430463576159
chrM	13976	13976	0.0023879013000796
chrM	13977	13977	0.00636604774535809
chrM	13978	13978	0
chrM	13979	13979	0.000533902829684997
chrM	13980	13980	0.00560897435897436
chrM	13981	13981	0.035101822079314
chrM	13982	13982	0.0576923076923077
chrM	13983	13983	0.0802092414995641
chrM	13984	13984	0.00873090115372622
chrM	13985	13985	0.00628930817610063
chrM	13986	13986	0.00252684775742262
chrM	13987	13987	0.0234103131920278
chrM	13988	13988	0.0187884677680596
chrM	13989	13989	0.0191292875989446
chrM	13990	13990	0.00874243443174176
chrM	13991	13991	0.0427263479145473
chrM	13992	13992	0.115044247787611
chrM	13993	13993	0.0499201277955272
chrM	13994	13994	0.00125786163522013
chrM	13995	13995	0
chrM	13996	13996	0
chrM	13997	13997	0
chrM	13998	13998	0
chrM	13999	13999	0.000416146483562214
chrM	14000	14000	0.000774893452150329
chrM	14001	14001	0.000668672684720829
chrM	14002	14002	0.000246305418719212
chrM	14003	14003	0.00113030841272404
chrM	14004	14004	0.000381776533469076
chrM	14005	14005	0.000123289360128221
chrM	14006	14006	0
chrM	14007	14007	0.000115513457317778
chrM	14008	14008	0.000105086170659941
chrM	14009	14009	0.000586624951114587
chrM	14010	14010	0
chrM	14011	14011	0
chrM	14012	14012	9.20612514192776e-05
chrM	14013	14013	5.74085768413801e-05
chrM	14014	14014	0
chrM	14015	14015	0.00087746464333643
chrM	14016	14016	0.000179101422577014
chrM	14017	14017	0
chrM	14018	14018	2.50966219946795e-05
chrM	14019	14019	0.000400430462747453
chrM	14020	14020	2.3835061375283e-05
chrM	14021	14021	0
chrM	14022	14022	0
chrM	14023	14023	0.000399307866364967
chrM	14024	14024	0.000265169929729969
chrM	14025	14025	2.0771883178929e-05
chrM	14026	14026	0
chrM	14027	14027	0
chrM	14028	14028	3.96361402326641e-05
chrM	14029	14029	0.000157353317204618
chrM	14030	14030	9.71817298347911e-05
chrM	14031	14031	1.94133291918231e-05
chrM	14032	14032	0
chrM	14033	14033	3.82782445597045e-05
chrM	14034	14034	3.7839371866427e-05
chrM	14035	14035	1.89085958476724e-05
chrM	14036	14036	1.88494307471914e-05
chrM	14037	14037	1.86971804651858e-05
chrM	14038	14038	0
chrM	14039	14039	0
chrM	14040	14040	0.000194414987628137
chrM	14041	14041	3.52895507640188e-05
chrM	14042	14042	0
chrM	14043	14043	0
chrM	14044	14044	0
chrM	14045	14045	3.50250429056776e-05
chrM	14046	14046	0
chrM	14047	14047	1.53817756721836e-05
chrM	14048	14048	1.48515586710825e-05
chrM	14049	14049	2.91928185666326e-05
chrM	14050	14050	0
chrM	14051	14051	0.000157194506766509
chrM	14052	14052	1.38220821584563e-05
chrM	14053	14053	1.2897567518766e-05
chrM	14054	14054	0
chrM	14055	14055	2.54501495196284e-05
chrM	14056	14056	0
chrM	14057	14057	3.80454770268728e-05
chrM	14058	14058	0
chrM	14059	14059	1.26276975918981e-05
chrM	14060	14060	0
chrM	14061	14061	0
chrM	14062	14062	2.46554402228852e-05
chrM	14063	14063	0
chrM	14064	14064	9.85670810591033e-05
chrM	14065	14065	1.21466833481118e-05
chrM	14066	14066	0.000108699590564876
chrM	14067	14067	0
chrM	14068	14068	1.19937152931864e-05
chrM	14069	14069	1.19848032694543e-05
chrM	14070	14070	2.35255369703813e-05
chrM	14071	14071	8.25337872691633e-05
chrM	14072	14072	0
chrM	14073	14073	0
chrM	14074	14074	1.40804415626474e-05
chrM	14075	14075	4.8190116895455e-05
chrM	14076	14076	0.000128294907226745
chrM	14077	14077	0
chrM	14078	14078	0
chrM	14079	14079	0
chrM	14080	14080	0
chrM	14081	14081	5.10777403207682e-06
chrM	14082	14082	4.46182905245624e-05
chrM	14083	14083	9.88034897392576e-06
chrM	14084	14084	0
chrM	14085	14085	9.80978820667262e-06
chrM	14086	14086	6.34452735711392e-05
chrM	14087	14087	1.95139085383107e-05
chrM	14088	14088	4.87595568731471e-06
chrM	14089	14089	1.95002096272535e-05
chrM	14090	14090	0
chrM	14091	14091	7.30104648332928e-05
chrM	14092	14092	2.86795916026156e-05
chrM	14093	14093	9.55794504181601e-06
chrM	14094	14094	0
chrM	14095	14095	1.42878234406031e-05
chrM	14096	14096	1.42808180052553e-05
chrM	14097	14097	9.49771342549281e-06
chrM	14098	14098	9.49730751331997e-06
chrM	14099	14099	1.42422415389217e-05
chrM	14100	14100	0
chrM	14101	14101	0
chrM	14102	14102	7.1145682642825e-05
chrM	14103	14103	9.4612302437686e-05
chrM	14104	14104	0
chrM	14105	14105	0
chrM	14106	14106	4.70360248914644e-06
chrM	14107	14107	4.70300522033579e-06
chrM	14108	14108	0
chrM	14109	14109	0.000236650147558327
chrM	14110	14110	6.96055684454756e-05
chrM	14111	14111	6.49323544007903e-05
chrM	14112	14112	3.2464520916427e-05
chrM	14113	14113	1.85515850010435e-05
chrM	14114	14114	1.3913624220837e-05
chrM	14115	14115	1.85478860046926e-05
chrM	14116	14116	1.38936487500347e-05
chrM	14117	14117	9.26238960389391e-06
chrM	14118	14118	1.38909468069344e-05
chrM	14119	14119	0.00017120831424592
chrM	14120	14120	7.86319884179707e-05
chrM	14121	14121	4.62543247793669e-05
chrM	14122	14122	0.00040656791994308
chrM	14123	14123	1.84748972333841e-05
chrM	14124	14124	1.38480499637643e-05
chrM	14125	14125	3.67075190764388e-05
chrM	14126	14126	0.00184899563838405
chrM	14127	14127	0.000388459552220389
chrM	14128	14128	4.6881987219249e-05
chrM	14129	14129	0.000140032889776163
chrM	14130	14130	0.00027485813493099
chrM	14131	14131	0.00025361752392864
chrM	14132	14132	0.000369277493054477
chrM	14133	14133	0.000492398387649969
chrM	14134	14134	6.98354211907272e-05
chrM	14135	14135	3.28861907596381e-05
chrM	14136	14136	0.000177278770867189
chrM	14137	14137	4.57434121318064e-05
chrM	14138	14138	0.000381896797245165
chrM	14139	14139	6.11355313594708e-05
chrM	14140	14140	1.73181664679888e-05
chrM	14141	14141	0.000120783124069549
chrM	14142	14142	0.000131518033752788
chrM	14143	14143	0.000974686885104537
chrM	14144	14144	0.000326109513503898
chrM	14145	14145	0.000234348844994978
chrM	14146	14146	4.88252868485602e-05
chrM	14147	14147	3.01984268942544e-05
chrM	14148	14148	0.000108383335716229
chrM	14149	14149	0.000117379536373847
chrM	14150	14150	0.000199747904368969
chrM	14151	14151	0.000193336927125626
chrM	14152	14152	3.84221600938405e-05
chrM	14153	14153	2.00756181617426e-05
chrM	14154	14154	0.000210603444682592
chrM	14155	14155	0.000364780945765592
chrM	14156	14156	0.000159079171306476
chrM	14157	14157	0.000227023100140971
chrM	14158	14158	0.000617394305005259
chrM	14159	14159	0.00038525109672288
chrM	14160	14160	0.00025894767806796
chrM	14161	14161	0.00326523170506836
chrM	14162	14162	0.000191166050571732
chrM	14163	14163	7.47126675327802e-05
chrM	14164	14164	0.000257248068046263
chrM	14165	14165	6.42561623732495e-05
chrM	14166	14166	9.94278754334434e-05
chrM	14167	14167	0.000118080630426271
chrM	14168	14168	0.000240330827815393
chrM	14169	14169	0.00843634768429809
chrM	14170	14170	8.31098025934414e-05
chrM	14171	14171	2.48802121452756e-05
chrM	14172	14172	1.61669724918963e-05
chrM	14173	14173	0.0005246960294637
chrM	14174	14174	0.000274508458291871
chrM	14175	14175	0.000603225136129151
chrM	14176	14176	0.000739802585288382
chrM	14177	14177	6.01982931777274e-06
chrM	14178	14178	5.93818350966439e-05
chrM	14179	14179	0.000282353127011519
chrM	14180	14180	0.000560829718560176
chrM	14181	14181	0.000373137199086006
chrM	14182	14182	0.000930674300230189
chrM	14183	14183	0.000509227119109558
chrM	14184	14184	0.00341348563215674
chrM	14185	14185	0.000274760673978459
chrM	14186	14186	0.000715877753012731
chrM	14187	14187	0.000985668307566133
chrM	14188	14188	0.000236990261006518
chrM	14189	14189	0.000564213239086757
chrM	14190	14190	0.00233173308797887
chrM	14191	14191	0.000502317891228714
chrM	14192	14192	0.000192845791975019
chrM	14193	14193	0.0011487120389454
chrM	14194	14194	0.0019914062875236
chrM	14195	14195	0.000208384814832573
chrM	14196	14196	0.000962098480547917
chrM	14197	14197	0.000591755245606079
chrM	14198	14198	0.000202867813177187
chrM	14199	14199	0.00520697303998205
chrM	14200	14200	3.69193054740254e-06
chrM	14201	14201	0.000917860650396057
chrM	14202	14202	0.000230854638529273
chrM	14203	14203	0.000337135884083888
chrM	14204	14204	0.0012813295118884
chrM	14205	14205	0.000850785100831757
chrM	14206	14206	0.00432149269958762
chrM	14207	14207	0.00342874909172209
chrM	14208	14208	0.00088848076798385
chrM	14209	14209	0.000745111395017954
chrM	14210	14210	0.00123915310769273
chrM	14211	14211	0.00164167405965496
chrM	14212	14212	1.89583261521492e-05
chrM	14213	14213	0.00502261362307691
chrM	14214	14214	0.000404624277456647
chrM	14215	14215	0.00138825871724895
chrM	14216	14216	0.000463457629860828
chrM	14217	14217	0.00380888639260622
chrM	14218	14218	0.00273064916566271
chrM	14219	14219	0.000145059232519946
chrM	14220	14220	0.0035584598205054
chrM	14221	14221	8.95252179275907e-05
chrM	14222	14222	0.000957876438868424
chrM	14223	14223	0.000194006832986423
chrM	14224	14224	0.00100726541361757
chrM	14225	14225	0.00259175517327758
chrM	14226	14226	0.00033155301401386
chrM	14227	14227	0.000394427126407532
chrM	14228	14228	0.00243977833905078
chrM	14229	14229	0.000600341778735419
chrM	14230	14230	0.0002807711848544
chrM	14231	14231	0.000492828747947784
chrM	14232	14232	0.00172151883770141
chrM	14233	14233	0.000709638570181341
chrM	14234	14234	0.000606401688357369
chrM	14235	14235	4.76817551373585e-05
chrM	14236	14236	7.41955037524726e-05
chrM	14237	14237	0.000180570350348473
chrM	14238	14238	0.00398900769793908
chrM	14239	14239	0.00183701778283201
chrM	14240	14240	0.000740140994814924
chrM	14241	14241	0.000395928887961488
chrM	14242	14242	0.00341932132963989
chrM	14243	14243	0.00311886041736161
chrM	14244	14244	0.0144350208254786
chrM	14245	14245	0.0090068646047364
chrM	14246	14246	6.08469649161367e-05
chrM	14247	14247	0.000261124263124574
chrM	14248	14248	0.00273236497398833
chrM	14249	14249	0.00207043667391668
chrM	14250	14250	0.000667456449082432
chrM	14251	14251	0.000465670935727555
chrM	14252	14252	0.000789239866417476
chrM	14253	14253	0.00020700104480409
chrM	14254	14254	8.07886934999376e-05
chrM	14255	14255	0.00021054358190941
chrM	14256	14256	0.000624573807667863
chrM	14257	14257	0.000340169231144383
chrM	14258	14258	0.000130276185513288
chrM	14259	14259	0.000166751868351226
chrM	14260	14260	0.00165723583202171
chrM	14261	14261	0.000219350577663362
chrM	14262	14262	0.00202663369528089
chrM	14263	14263	0.00121904651770689
chrM	14264	14264	0.00022668928736364
chrM	14265	14265	2.52752596130237e-05
chrM	14266	14266	0.000168329926656246
chrM	14267	14267	0.000681696335053749
chrM	14268	14268	0.000683186276599272
chrM	14269	14269	0.00131954848956077
chrM	14270	14270	0.00045113682956544
chrM	14271	14271	0.00645987708989986
chrM	14272	14272	0.000404984607053089
chrM	14273	14273	0.00308618035233696
chrM	14274	14274	0.000102302752649582
chrM	14275	14275	0.000563984645518026
chrM	14276	14276	0.000833278486606429
chrM	14277	14277	0.0191826677638404
chrM	14278	14278	0.00110603863903901
chrM	14279	14279	7.58817098994804e-05
chrM	14280	14280	0.000984036089227176
chrM	14281	14281	0.00651141485319352
chrM	14282	14282	0.00621659134116782
chrM	14283	14283	0.0057556147514452
chrM	14284	14284	0.00046038573575546
chrM	14285	14285	0.00238980158500607
chrM	14286	14286	0.00882521960430178
chrM	14287	14287	0.00584901432600552
chrM	14288	14288	0.0323701135262712
chrM	14289	14289	0.00346922063407886
chrM	14290	14290	0.0190218323086673
chrM	14291	14291	0.000152754961623552
chrM	14292	14292	0.0037738779313558
chrM	14293	14293	0.00223824079210082
chrM	14294	14294	0.00354764586032039
chrM	14295	14295	0.00872890112775522
chrM	14296	14296	0.00021437129371103
chrM	14297	14297	0.000620299294409553
chrM	14298	14298	0.00291535677885701
chrM	14299	14299	0.00302170249283993
chrM	14300	14300	0.0061346603141721
chrM	14301	14301	0.00373408407768499
chrM	14302	14302	0.00537164817888025
chrM	14303	14303	0.000652173640918952
chrM	14304	14304	0.000125886188914038
chrM	14305	14305	0.000976642079815488
chrM	14306	14306	0.00135026993310301
chrM	14307	14307	6.17168913080835e-05
chrM	14308	14308	6.12185369729954e-05
chrM	14309	14309	7.89421748569173e-05
chrM	14310	14310	0.000269108883607179
chrM	14311	14311	0.000539672949592181
chrM	14312	14312	0.00532477185229325
chrM	14313	14313	7.7150545021042e-05
chrM	14314	14314	0.000216031428884561
chrM	14315	14315	0.000123687912336716
chrM	14316	14316	0.00447850469559831
chrM	14317	14317	4.77173346924313e-05
chrM	14318	14318	1.82316513622082e-05
chrM	14319	14319	7.86905092183914e-05
chrM	14320	14320	0.000493025553645516
chrM	14321	14321	0.000243822082421939
chrM	14322	14322	0.000603928343199837
chrM	14323	14323	0.000615304575765004
chrM	14324	14324	5.50608422306649e-05
chrM	14325	14325	0.00109710698094377
chrM	14326	14326	0.00245392256867276
chrM	14327	14327	0.0014117316304195
chrM	14328	14328	1.00543134009922e-06
chrM	14329	14329	0.00209354308296582
chrM	14330	14330	0.000701974189103991
chrM	14331	14331	0.000636945884795437
chrM	14332	14332	0.00118731089201518
chrM	14333	14333	0.00250694552990233
chrM	14334	14334	0.00887522951875928
chrM	14335	14335	0.000332346089816531
chrM	14336	14336	0.000742853957749548
chrM	14337	14337	0.00149934308700448
chrM	14338	14338	0.00672688306533077
chrM	14339	14339	0.000877922793836165
chrM	14340	14340	0.000331018248913463
chrM	14341	14341	0.000517951038813637
chrM	14342	14342	0.000523961804920747
chrM	14343	14343	0.00903800878310104
chrM	14344	14344	0.000582795786723279
chrM	14345	14345	0.0041281523863967
chrM	14346	14346	0.000141384171529736
chrM	14347	14347	0.0015103210376794
chrM	14348	14348	0.000919118583619921
chrM	14349	14349	0.000933668747375331
chrM	14350	14350	0.00657645472359946
chrM	14351	14351	0.000545020540717747
chrM	14352	14352	0.00080495837976011
chrM	14353	14353	0.00449280485243416
chrM	14354	14354	0.0066213606387883
chrM	14355	14355	0.00107522217126709
chrM	14356	14356	0.00318243625828157
chrM	14357	14357	0.0014765538947338
chrM	14358	14358	0.00412520104024112
chrM	14359	14359	0.00533515689416692
chrM	14360	14360	0.00618146992467145
chrM	14361	14361	0.00149615356888001
chrM	14362	14362	0.00104373966385021
chrM	14363	14363	0.00132132760108822
chrM	14364	14364	0.00365322820948531
chrM	14365	14365	0.00358978181298083
chrM	14366	14366	0.00172666900391708
chrM	14367	14367	0.00247901539625512
chrM	14368	14368	0.00708488674954014
chrM	14369	14369	0.00108603533691252
chrM	14370	14370	0.00914715683888203
chrM	14371	14371	0.000193071073404409
chrM	14372	14372	0.00363350424447874
chrM	14373	14373	0.00815679521916386
chrM	14374	14374	0.000754776254739026
chrM	14375	14375	0.00147721753232417
chrM	14376	14376	9.42948600273054e-05
chrM	14377	14377	0.000195643356476511
chrM	14378	14378	9.33322146037576e-05
chrM	14379	14379	0.000541389459570918
chrM	14380	14380	0.00175637260660167
chrM	14381	14381	0.00305683341385877
chrM	14382	14382	7.96190276362328e-05
chrM	14383	14383	0.000749588708817072
chrM	14384	14384	0.00176306644059456
chrM	14385	14385	0.00245958693245857
chrM	14386	14386	0.00141740087303149
chrM	14387	14387	0.00112770896782047
chrM	14388	14388	0.0199670214631694
chrM	14389	14389	2.76634865951965e-05
chrM	14390	14390	0.000591299606537084
chrM	14391	14391	0.00188829706509152
chrM	14392	14392	0.000890710141410576
chrM	14393	14393	0.00142692653387738
chrM	14394	14394	0.000523284798897344
chrM	14395	14395	0.000851723157885086
chrM	14396	14396	0.000488105636335611
chrM	14397	14397	0.00071308893997221
chrM	14398	14398	0.000219648849904219
chrM	14399	14399	4.93376200249738e-05
chrM	14400	14400	4.64724713166545e-05
chrM	14401	14401	0.00010631188870664
chrM	14402	14402	0.000698653439304706
chrM	14403	14403	0.00434530170860576
chrM	14404	14404	0.00029492690404456
chrM	14405	14405	5.82463095226538e-05
chrM	14406	14406	0.000384924014942451
chrM	14407	14407	0.00118807207343677
chrM	14408	14408	0.00107844879303459
chrM	14409	14409	0.00278984843789616
chrM	14410	14410	0.000371482470340822
chrM	14411	14411	0.000393971532039207
chrM	14412	14412	0.000380812000239217
chrM	14413	14413	0.0104288511026017
chrM	14414	14414	0.00617174787987797
chrM	14415	14415	0.00143546610665326
chrM	14416	14416	0.000707917141516391
chrM	14417	14417	0.000122537291138765
chrM	14418	14418	0.000528519483678496
chrM	14419	14419	0.000521460841689676
chrM	14420	14420	0.000682405824865867
chrM	14421	14421	0.00986041001984429
chrM	14422	14422	0.0112756266284968
chrM	14423	14423	0.00017261585703773
chrM	14424	14424	0.000710905935266785
chrM	14425	14425	0.000175398810831497
chrM	14426	14426	0.0017734674918371
chrM	14427	14427	0.000753760264968501
chrM	14428	14428	0.00119472208029304
chrM	14429	14429	0.000396447561637957
chrM	14430	14430	0.000598812397170465
chrM	14431	14431	0.000976178735823507
chrM	14432	14432	0.00103015148552338
chrM	14433	14433	0.0013467273152029
chrM	14434	14434	0.00186974387258569
chrM	14435	14435	0.00461497121915529
chrM	14436	14436	0.00470075327080243
chrM	14437	14437	0.00146625068831873
chrM	14438	14438	0.00237351224483741
chrM	14439	14439	0.0167224778897573
chrM	14440	14440	0.00582044272542496
chrM	14441	14441	0.00253168291757401
chrM	14442	14442	0.0116164932208398
chrM	14443	14443	0.00448219520005255
chrM	14444	14444	0.0040592097236374
chrM	14445	14445	0.00115545471587126
chrM	14446	14446	0.000668056094093318
chrM	14447	14447	0.000296811534354322
chrM	14448	14448	0.00789322420997218
chrM	14449	14449	0.00210029496610648
chrM	14450	14450	0.00172680113637708
chrM	14451	14451	0.000138932743921692
chrM	14452	14452	0.00124652941422591
chrM	14453	14453	0.0149561507466224
chrM	14454	14454	0.0013904244714707
chrM	14455	14455	0.000799052026453586
chrM	14456	14456	0.000583278859301778
chrM	14457	14457	0.00205652954086727
chrM	14458	14458	0.00075342291928382
chrM	14459	14459	0.000711786130882948
chrM	14460	14460	0.0209707547836359
chrM	14461	14461	0.00118796134519247
chrM	14462	14462	7.99531587554766e-05
chrM	14463	14463	5.81075344488904e-05
chrM	14464	14464	0.000180638751528172
chrM	14465	14465	0.000527504316676546
chrM	14466	14466	6.68267287591645e-05
chrM	14467	14467	6.92149575132836e-05
chrM	14468	14468	0.000701362106338399
chrM	14469	14469	0.000322984700005865
chrM	14470	14470	0.000304671251701749
chrM	14471	14471	0.000501888898153434
chrM	14472	14472	0.00834429125145961
chrM	14473	14473	0.00113327470739087
chrM	14474	14474	0.00107717140870172
chrM	14475	14475	0.00137673974573163
chrM	14476	14476	0.00751997530921451
chrM	14477	14477	0.000622650517337527
chrM	14478	14478	0.00107495224885626
chrM	14479	14479	0.00971020346220585
chrM	14480	14480	0.00560250634605135
chrM	14481	14481	0.00205956211317094
chrM	14482	14482	0.000181807953731099
chrM	14483	14483	0.00499861398731391
chrM	14484	14484	0.00121267938232012
chrM	14485	14485	0.00181010690867039
chrM	14486	14486	0.00128941651849327
chrM	14487	14487	0.00202280960201919
chrM	14488	14488	0.00248218294017035
chrM	14489	14489	0.00132799389715956
chrM	14490	14490	0.000438003890068447
chrM	14491	14491	0.0025754043121133
chrM	14492	14492	0.000653216287079085
chrM	14493	14493	0.00094923097459324
chrM	14494	14494	0.0010413652025715
chrM	14495	14495	0.000657631783888021
chrM	14496	14496	0.0123536398838812
chrM	14497	14497	0.00575589505037754
chrM	14498	14498	0.00501661514264698
chrM	14499	14499	0.00208196949123597
chrM	14500	14500	9.47270561429658e-05
chrM	14501	14501	0.00819240905683911
chrM	14502	14502	0.000663740606810147
chrM	14503	14503	0.00322399470211999
chrM	14504	14504	0.00450369514584953
chrM	14505	14505	0.00033375530342234
chrM	14506	14506	0.00923250921986772
chrM	14507	14507	0.0227130668167945
chrM	14508	14508	0.0363112993416762
chrM	14509	14509	0.000674186672194757
chrM	14510	14510	0.00687021254804297
chrM	14511	14511	0.0220507017848171
chrM	14512	14512	0.00918942078941308
chrM	14513	14513	0.0295696739071193
chrM	14514	14514	0.000936113018345265
chrM	14515	14515	0.0221673563077068
chrM	14516	14516	0.00102060419768503
chrM	14517	14517	0.00730626488672243
chrM	14518	14518	0.00967471859592546
chrM	14519	14519	0.00088295403596181
chrM	14520	14520	0.00343949801426802
chrM	14521	14521	0.00428193876213376
chrM	14522	14522	0.00490496458599007
chrM	14523	14523	0.000489092497653928
chrM	14524	14524	0.00884821323356116
chrM	14525	14525	0.00353824591366012
chrM	14526	14526	0.000761818193671321
chrM	14527	14527	0.00114042508786118
chrM	14528	14528	0.0178855444349669
chrM	14529	14529	0.0127074017652908
chrM	14530	14530	0.0762444477893261
chrM	14531	14531	0.00234994096616293
chrM	14532	14532	0.00164709058998245
chrM	14533	14533	0.00550035799609478
chrM	14534	14534	0.027227598917526
chrM	14535	14535	0.0209929545512914
chrM	14536	14536	0.00650604382111381
chrM	14537	14537	0.0080141958874838
chrM	14538	14538	0.0160376111583848
chrM	14539	14539	0.00763328355185153
chrM	14540	14540	0.0263714808141002
chrM	14541	14541	0.000673261232147262
chrM	14542	14542	0.00673129401980404
chrM	14543	14543	0.00197574570482655
chrM	14544	14544	0.0179917121765142
chrM	14545	14545	0.00282447401148992
chrM	14546	14546	0.000495910140634743
chrM	14547	14547	0.00586158780985418
chrM	14548	14548	0.00797345754357204
chrM	14549	14549	0.0142224672453463
chrM	14550	14550	0.0203320850219737
chrM	14551	14551	0.0170970409904429
chrM	14552	14552	0.000936418697825793
chrM	14553	14553	0.000971322260182386
chrM	14554	14554	0.000943895889898814
chrM	14555	14555	0.000435659540137152
chrM	14556	14556	0.000178611142800185
chrM	14557	14557	0.000145106457467685
chrM	14558	14558	0.000629445530196881
chrM	14559	14559	0.000877395834750316
chrM	14560	14560	3.51693631735926e-05
chrM	14561	14561	5.070896771191e-05
chrM	14562	14562	0.000163159118136142
chrM	14563	14563	0.00133275933600703
chrM	14564	14564	5.46679757229561e-05
chrM	14565	14565	0.00717426930271311
chrM	14566	14566	0.00478590464393044
chrM	14567	14567	0.000102989206950238
chrM	14568	14568	0.00298271576871875
chrM	14569	14569	0.00556564512929329
chrM	14570	14570	0.00449649703043842
chrM	14571	14571	2.76683035235031e-05
chrM	14572	14572	0.022948209982295
chrM	14573	14573	0.000889058376610995
chrM	14574	14574	0.00268917050040925
chrM	14575	14575	0.00124432840767819
chrM	14576	14576	0.000722508986063957
chrM	14577	14577	0.00136099442116941
chrM	14578	14578	0.0234101606292637
chrM	14579	14579	0.00139236496670507
chrM	14580	14580	0.000103105204380002
chrM	14581	14581	0.000436677176262368
chrM	14582	14582	0.00438935569704676
chrM	14583	14583	0.0037900807114652
chrM	14584	14584	0.000775570009125719
chrM	14585	14585	0.00039394730579322
chrM	14586	14586	0.000993176806210696
chrM	14587	14587	0.000483163092336042
chrM	14588	14588	0.00228622156634424
chrM	14589	14589	0.000227187714422748
chrM	14590	14590	0.00935116961791445
chrM	14591	14591	0.00240241500697529
chrM	14592	14592	0.000177018368974876
chrM	14593	14593	0.00227076410495976
chrM	14594	14594	0.000234053331194254
chrM	14595	14595	0.000199177898695056
chrM	14596	14596	0.0123443858279214
chrM	14597	14597	0.000413680753903778
chrM	14598	14598	0.00032374838660045
chrM	14599	14599	8.11720387959623e-05
chrM	14600	14600	0.00270313414569255
chrM	14601	14601	0.00132549163834806
chrM	14602	14602	0.000527265807875395
chrM	14603	14603	0.00116097632479295
chrM	14604	14604	0.000533482963614761
chrM	14605	14605	0.000931311522641182
chrM	14606	14606	0.0046588700168892
chrM	14607	14607	0.000102420320191526
chrM	14608	14608	6.71276811115492e-05
chrM	14609	14609	0.00011838309827594
chrM	14610	14610	0.00288299056609729
chrM	14611	14611	0.00403207123571558
chrM	14612	14612	0.034991085140574
chrM	14613	14613	0.00327838619215769
chrM	14614	14614	0.00129172427414576
chrM	14615	14615	0.000286252783832915
chrM	14616	14616	0.000840029003106634
chrM	14617	14617	0.000673810826874754
chrM	14618	14618	0.00184588163406623
chrM	14619	14619	0.00317844399786737
chrM	14620	14620	0.000591333054636629
chrM	14621	14621	0.000336832210559298
chrM	14622	14622	0.00218616746900898
chrM	14623	14623	0.00642090232157477
chrM	14624	14624	0.00115379255706352
chrM	14625	14625	0.0428104667513138
chrM	14626	14626	0.000504586457386811
chrM	14627	14627	0.00131685554795202
chrM	14628	14628	0.00168282625654742
chrM	14629	14629	0.0130052545971391
chrM	14630	14630	0.0180007860336394
chrM	14631	14631	0.00180859568233003
chrM	14632	14632	0.0031804694301807
chrM	14633	14633	0.000808327767998398
chrM	14634	14634	0.00343838640164841
chrM	14635	14635	0.000753052439164196
chrM	14636	14636	0.00260202985575135
chrM	14637	14637	0.000254235062376888
chrM	14638	14638	0.00141679208444879
chrM	14639	14639	0.0117942953757572
chrM	14640	14640	0.000714765111378912
chrM	14641	14641	0.0019417867839462
chrM	14642	14642	0.000634019620566916
chrM	14643	14643	0.00125491040425213
chrM	14644	14644	0.000831159625893787
chrM	14645	14645	0.000675351767662135
chrM	14646	14646	0.0197295276041935
chrM	14647	14647	0.00102437806379741
chrM	14648	14648	0.000179441141712845
chrM	14649	14649	0.0053048906615467
chrM	14650	14650	0.0144455303443056
chrM	14651	14651	0.00910656911702087
chrM	14652	14652	0.0113933018044269
chrM	14653	14653	0.00335014043517986
chrM	14654	14654	0.000375289536424421
chrM	14655	14655	0.0018669793234707
chrM	14656	14656	0.00101367880132215
chrM	14657	14657	0.00321448271343764
chrM	14658	14658	0.00315339498231113
chrM	14659	14659	0.00936970785509003
chrM	14660	14660	0.00412211192368372
chrM	14661	14661	0.000167230060181786
chrM	14662	14662	0.000740614678667776
chrM	14663	14663	0.00158686650052353
chrM	14664	14664	0.000100974509195517
chrM	14665	14665	0.00918017889147867
chrM	14666	14666	0.00172557060035212
chrM	14667	14667	0.00113142962773309
chrM	14668	14668	0.00127662420622958
chrM	14669	14669	0.000340434281635171
chrM	14670	14670	0.000842606178983435
chrM	14671	14671	0.00133541063877142
chrM	14672	14672	0.00484246789369524
chrM	14673	14673	0.00133594095642191
chrM	14674	14674	0.00617016064791509
chrM	14675	14675	0.0030391961509964
chrM	14676	14676	0.00256664697545971
chrM	14677	14677	0.00230183476343765
chrM	14678	14678	0.0213323976271905
chrM	14679	14679	0.000307542380781677
chrM	14680	14680	8.06522849560445e-05
chrM	14681	14681	0.000292464110818008
chrM	14682	14682	9.78089828920582e-05
chrM	14683	14683	0.000487099533228243
chrM	14684	14684	0.00216280814021519
chrM	14685	14685	0.000992734941685199
chrM	14686	14686	6.99509097930316e-05
chrM	14687	14687	7.36103888158096e-05
chrM	14688	14688	0.000691389903797488
chrM	14689	14689	0.000718552804075876
chrM	14690	14690	3.53676756650318e-05
chrM	14691	14691	0.00424046490032957
chrM	14692	14692	0.000508010232777546
chrM	14693	14693	0.0028765335621058
chrM	14694	14694	0.00244097309373222
chrM	14695	14695	0.000412904514390683
chrM	14696	14696	0.000655137401141015
chrM	14697	14697	0.000891974917050177
chrM	14698	14698	0.00391113094785768
chrM	14699	14699	7.82125062763122e-05
chrM	14700	14700	0.000883578192324554
chrM	14701	14701	0.00214371388281868
chrM	14702	14702	0.00250684808152049
chrM	14703	14703	0.00336866337532112
chrM	14704	14704	0.000791664638005745
chrM	14705	14705	0.00358907393511796
chrM	14706	14706	0.00032855751516645
chrM	14707	14707	0.000234641951047823
chrM	14708	14708	0.0028983834960333
chrM	14709	14709	0.00103365964549593
chrM	14710	14710	0.00900466723268928
chrM	14711	14711	5.34795371445096e-05
chrM	14712	14712	0.000110919093434481
chrM	14713	14713	0.00178975393111973
chrM	14714	14714	0.00114396382970913
chrM	14715	14715	0.00035053642997017
chrM	14716	14716	0.000184762277503007
chrM	14717	14717	0.00158664239842309
chrM	14718	14718	0.00444696086196809
chrM	14719	14719	0.000172872074664748
chrM	14720	14720	0.000277813309456046
chrM	14721	14721	0.00260243140020799
chrM	14722	14722	0.0013109349399714
chrM	14723	14723	0.00164451254241639
chrM	14724	14724	0.000387653341501504
chrM	14725	14725	0.00799588966314505
chrM	14726	14726	0.000537075833297294
chrM	14727	14727	0.000602601750663717
chrM	14728	14728	0.000453780768549672
chrM	14729	14729	0.00023898869623633
chrM	14730	14730	0.00443408053758588
chrM	14731	14731	0.000756959599294578
chrM	14732	14732	0.00368227884426589
chrM	14733	14733	0.000208113181242335
chrM	14734	14734	0.000397054321678661
chrM	14735	14735	0.00831545389529316
chrM	14736	14736	0.0104034767078676
chrM	14737	14737	0.000592186590579662
chrM	14738	14738	0.000170987437797213
chrM	14739	14739	0.000300515071123526
chrM	14740	14740	0.00191413593778034
chrM	14741	14741	0.012230989722305
chrM	14742	14742	0.000223586916595504
chrM	14743	14743	0.000725171251980275
chrM	14744	14744	0.00260563799101966
chrM	14745	14745	0.000931623493681264
chrM	14746	14746	0.00248488125534023
chrM	14747	14747	0.0270887731411346
chrM	14748	14748	0.0102870478066458
chrM	14749	14749	0.00701957307048442
chrM	14750	14750	0.000667320162871362
chrM	14751	14751	0.00143052560369862
chrM	14752	14752	0.0132145781992648
chrM	14753	14753	0.0532378345567582
chrM	14754	14754	0.0131980159728305
chrM	14755	14755	0.00184291329344718
chrM	14756	14756	0.00444892812105927
chrM	14757	14757	0.0445865287113443
chrM	14758	14758	0.0126842624792766
chrM	14759	14759	0.00302634905535059
chrM	14760	14760	0.000541494137036695
chrM	14761	14761	0.0112582371487671
chrM	14762	14762	0.0060294986268178
chrM	14763	14763	0.020327995951199
chrM	14764	14764	0.0273123315242392
chrM	14765	14765	0.000525438388147723
chrM	14766	14766	0.00191339859602143
chrM	14767	14767	0.00124540373420069
chrM	14768	14768	0.000766369006118681
chrM	14769	14769	0.000389858770875545
chrM	14770	14770	0.000150654460701341
chrM	14771	14771	0.000244353185011684
chrM	14772	14772	0.000484384597006198
chrM	14773	14773	0.000361656167381446
chrM	14774	14774	0.00154224852480576
chrM	14775	14775	0.000157412738356309
chrM	14776	14776	0.000109719301453781
chrM	14777	14777	0.00210214095464572
chrM	14778	14778	0.000567005955146345
chrM	14779	14779	0.00111014078129288
chrM	14780	14780	0.00411162395883071
chrM	14781	14781	0.00352592722315159
chrM	14782	14782	0.00291016956764945
chrM	14783	14783	0.00125188217362777
chrM	14784	14784	0.0037300126656474
chrM	14785	14785	0.0143907215499154
chrM	14786	14786	0.00227537680073278
chrM	14787	14787	0.00176494150241167
chrM	14788	14788	0.00364850632742105
chrM	14789	14789	0.00122994394475423
chrM	14790	14790	0.00157011409565731
chrM	14791	14791	0.00320444798392943
chrM	14792	14792	0.000837105153285794
chrM	14793	14793	0.000147560676534527
chrM	14794	14794	0.000167313577860569
chrM	14795	14795	0.00130289504525846
chrM	14796	14796	0.00546699546892756
chrM	14797	14797	0.0014721146708616
chrM	14798	14798	0.00123130258688131
chrM	14799	14799	9.38604816085601e-05
chrM	14800	14800	8.29453048291793e-05
chrM	14801	14801	0.000377102814388752
chrM	14802	14802	0.0011852036032676
chrM	14803	14803	5.90794182853909e-05
chrM	14804	14804	0.0017484838411895
chrM	14805	14805	0.00015299029281726
chrM	14806	14806	0.00707507992789571
chrM	14807	14807	0.00258020859685603
chrM	14808	14808	0.000622372434259336
chrM	14809	14809	0.000509229002550268
chrM	14810	14810	0.000679714027264541
chrM	14811	14811	0.00568047071138261
chrM	14812	14812	0.000258581148818582
chrM	14813	14813	0.00227907668175457
chrM	14814	14814	0.00115308159258742
chrM	14815	14815	0.001341746818745
chrM	14816	14816	0.00586474464715103
chrM	14817	14817	0.00806379264297507
chrM	14818	14818	0.00131130397976608
chrM	14819	14819	6.23187562838079e-05
chrM	14820	14820	0.00114043442450127
chrM	14821	14821	0.00463730572641248
chrM	14822	14822	0.00431431945157239
chrM	14823	14823	0.00155241492577908
chrM	14824	14824	0.000302552221665042
chrM	14825	14825	0.00707367436461159
chrM	14826	14826	0.0151165022778076
chrM	14827	14827	0.0135701998919732
chrM	14828	14828	0.0105306003172748
chrM	14829	14829	0.00174738442981881
chrM	14830	14830	0.000176294848937351
chrM	14831	14831	0.00406101529551808
chrM	14832	14832	0.0028852018968183
chrM	14833	14833	0.000534071146572974
chrM	14834	14834	0.0016854258889714
chrM	14835	14835	0.00357395175320748
chrM	14836	14836	0.00773386814297272
chrM	14837	14837	5.09640526614676e-05
chrM	14838	14838	0.00474200671551681
chrM	14839	14839	0.0105778316272203
chrM	14840	14840	0.000137796261963221
chrM	14841	14841	0.000694515413862361
chrM	14842	14842	0.000559319133305785
chrM	14843	14843	0.000713953937445527
chrM	14844	14844	0.00064823967957544
chrM	14845	14845	0.00260838252101893
chrM	14846	14846	0.000541036634563764
chrM	14847	14847	0.000404427593875273
chrM	14848	14848	0.000569624883723361
chrM	14849	14849	0.00128618977259537
chrM	14850	14850	4.18718825074977e-05
chrM	14851	14851	0.0125825155830822
chrM	14852	14852	0.00213651007748819
chrM	14853	14853	0.00193505677863969
chrM	14854	14854	0.000600552082746511
chrM	14855	14855	0.00139538544332204
chrM	14856	14856	0.000346137952482182
chrM	14857	14857	5.75316983676979e-05
chrM	14858	14858	0.000826785286205151
chrM	14859	14859	0.000122615789288498
chrM	14860	14860	0.00216538602190548
chrM	14861	14861	0.000176299379853575
chrM	14862	14862	0.00202511354528453
chrM	14863	14863	0.000340516664435819
chrM	14864	14864	0.00105937990391671
chrM	14865	14865	0.00163844952063556
chrM	14866	14866	0.000144995403108701
chrM	14867	14867	0.000435044148924743
chrM	14868	14868	0.0010090958329393
chrM	14869	14869	4.73323386370653e-05
chrM	14870	14870	0.00535842610083867
chrM	14871	14871	0.000131950663430631
chrM	14872	14872	2.37974962870497e-05
chrM	14873	14873	0.000259614666930608
chrM	14874	14874	0.000389522704845662
chrM	14875	14875	0.000711128236878223
chrM	14876	14876	0.000296761615942814
chrM	14877	14877	0.000274096078800998
chrM	14878	14878	0.000775911208015726
chrM	14879	14879	0.00289998102106662
chrM	14880	14880	0.00173156029680162
chrM	14881	14881	0.0013684675016207
chrM	14882	14882	0.0215652538221428
chrM	14883	14883	0.00189897201274307
chrM	14884	14884	0.000302758791735467
chrM	14885	14885	0.000771095324145006
chrM	14886	14886	0.00755921046009522
chrM	14887	14887	0.000144244530540399
chrM	14888	14888	0.0237143414229507
chrM	14889	14889	0.00134027830688564
chrM	14890	14890	0.00101377790056654
chrM	14891	14891	0.0277174152011867
chrM	14892	14892	0.0172632726433181
chrM	14893	14893	0.0046331840606843
chrM	14894	14894	0.00607928990195518
chrM	14895	14895	0.0022571042478604
chrM	14896	14896	0.0012869018176108
chrM	14897	14897	0.000987608219258852
chrM	14898	14898	0.000801685999759002
chrM	14899	14899	0.00602075332630317
chrM	14900	14900	4.33275563258232e-05
chrM	14901	14901	0.000184455022066515
chrM	14902	14902	0.00550741110818076
chrM	14903	14903	0.000339893400465392
chrM	14904	14904	0.0022966173466846
chrM	14905	14905	0.00101238707390176
chrM	14906	14906	0.000943431591837755
chrM	14907	14907	0.000231390280357467
chrM	14908	14908	0.00141493323792021
chrM	14909	14909	0.0203431704175875
chrM	14910	14910	0.00141692509351322
chrM	14911	14911	0.000359856416009384
chrM	14912	14912	0.00178711432919799
chrM	14913	14913	0.00494355086069377
chrM	14914	14914	0.00394791486639513
chrM	14915	14915	0.0511024327585939
chrM	14916	14916	0.000541736203125149
chrM	14917	14917	0.00350338733592378
chrM	14918	14918	0.000782331100058915
chrM	14919	14919	0.0129082859019415
chrM	14920	14920	0.0167067654968551
chrM	14921	14921	0.0105853816345818
chrM	14922	14922	0.00372231288845483
chrM	14923	14923	0.00115798464810452
chrM	14924	14924	0.00914834057194346
chrM	14925	14925	0.0172926854344385
chrM	14926	14926	0.0452582300751946
chrM	14927	14927	0.0137377011228151
chrM	14928	14928	0.0227330699111928
chrM	14929	14929	0.00627542033626902
chrM	14930	14930	0.00611845995929621
chrM	14931	14931	0.0317137349444471
chrM	14932	14932	0.0124337583403796
chrM	14933	14933	0.00951601090450421
chrM	14934	14934	0.00152163234007884
chrM	14935	14935	0.00756827734693738
chrM	14936	14936	0.000386912678644838
chrM	14937	14937	0.00615667998914848
chrM	14938	14938	0.00120834890857406
chrM	14939	14939	0.00218109152054978
chrM	14940	14940	0.000423904738312964
chrM	14941	14941	0.000427573424828229
chrM	14942	14942	0.00753196370550266
chrM	14943	14943	0.00532153506495791
chrM	14944	14944	0.0524262366405328
chrM	14945	14945	0.0012299801598041
chrM	14946	14946	0.00501007246945556
chrM	14947	14947	0.00510854723809774
chrM	14948	14948	0.0171124912691371
chrM	14949	14949	0.0138668817761901
chrM	14950	14950	0.00914021949770667
chrM	14951	14951	0.011762092803384
chrM	14952	14952	0.00412117692220483
chrM	14953	14953	0.00692832805403657
chrM	14954	14954	0.00521890228083124
chrM	14955	14955	0.0510233788078506
chrM	14956	14956	0.00727096874527323
chrM	14957	14957	0.0117621054619432
chrM	14958	14958	0.0274566348467345
chrM	14959	14959	0.364797427796323
chrM	14960	14960	0.0294040107562789
chrM	14961	14961	0.0569895082228443
chrM	14962	14962	0.14082992491887
chrM	14963	14963	0.598922736517444
chrM	14964	14964	0.507829129935695
chrM	14965	14965	0.438647736793243
chrM	14966	14966	0.338227582590456
chrM	14967	14967	0.0837498476167256
chrM	14968	14968	0.0425758382118148
chrM	14969	14969	0.24360755975542
chrM	14970	14970	0.125390409700533
chrM	14971	14971	0.175821867450898
chrM	14972	14972	0.0327513699502995
chrM	14973	14973	0.201159267553682
chrM	14974	14974	0.0268755152514427
chrM	14975	14975	0.188580142324636
chrM	14976	14976	0.0027145541866778
chrM	14977	14977	0.0033500837520938
chrM	14978	14978	0.0178571428571429
chrM	14979	14979	0.0233155080213904
chrM	14980	14980	0.0546328671328671
chrM	14981	14981	0.00855293573740176
chrM	14982	14982	0.0142091777311903
chrM	14983	14983	0.0108669974013702
chrM	14984	14984	0.0105062082139446
chrM	14985	14985	0.125632987701953
chrM	14986	14986	0.0170987313844457
chrM	14987	14987	0.0759955131800337
chrM	14988	14988	0.00727713765918739
chrM	14989	14989	0.0125152625152625
chrM	14990	14990	0.113137557959815
chrM	14991	14991	0.0578397212543554
chrM	14992	14992	0.0769230769230769
chrM	14993	14993	0.0344551282051282
chrM	14994	14994	0.0535269709543568
chrM	14995	14995	0.0670464504820333
chrM	14996	14996	0.0197275716298732
chrM	14997	14997	0.233828461907044
chrM	14998	14998	0.0356472795497186
chrM	14999	14999	0.0200777202072539
chrM	15000	15000	0.038995373430271
chrM	15001	15001	0.029553264604811
chrM	15002	15002	0.00424929178470255
chrM	15003	15003	0.00497866287339972
chrM	15004	15004	0.00714796283059328
chrM	15005	15005	0.0603448275862069
chrM	15006	15006	0.000763941940412529
chrM	15007	15007	0.00382262996941896
chrM	15008	15008	0.00230061349693252
chrM	15009	15009	0.00384024577572965
chrM	15010	15010	0.00693909020817271
chrM	15011	15011	0.010077519379845
chrM	15012	15012	0.00704225352112676
chrM	15013	15013	0.00157604412923562
chrM	15014	15014	0.00947119179163378
chrM	15015	15015	0
chrM	15016	15016	0.00159362549800797
chrM	15017	15017	0.000797448165869219
chrM	15018	15018	0.000798084596967279
chrM	15019	15019	0
chrM	15020	15020	0.00159744408945687
chrM	15021	15021	0.0008
chrM	15022	15022	0.0104083266613291
chrM	15023	15023	0.0129449838187702
chrM	15024	15024	0.000819672131147541
chrM	15025	15025	0
chrM	15026	15026	0.00164068908941756
chrM	15027	15027	0.00164338537387017
chrM	15028	15028	0
chrM	15029	15029	0.0213991769547325
chrM	15030	15030	0.00168208578637511
chrM	15031	15031	0.0008424599831508
chrM	15032	15032	0.00927487352445194
chrM	15033	15033	0
chrM	15034	15034	0
chrM	15035	15035	0.000848896434634975
chrM	15036	15036	0
chrM	15037	15037	0
chrM	15038	15038	0.000844594594594595
chrM	15039	15039	0
chrM	15040	15040	0.00333055786844296
chrM	15041	15041	0
chrM	15042	15042	0.000834724540901503
chrM	15043	15043	0
chrM	15044	15044	0.00409836065573771
chrM	15045	15045	0
chrM	15046	15046	0.00164473684210526
chrM	15047	15047	0
chrM	15048	15048	0.00328947368421053
chrM	15049	15049	0.00164880461665293
chrM	15050	15050	0.00164744645799012
chrM	15051	15051	0.00242718446601942
chrM	15052	15052	0
chrM	15053	15053	0.0015552099533437
chrM	15054	15054	0.00306513409961686
chrM	15055	15055	0.003813882532418
chrM	15056	15056	0.000734753857457752
chrM	15057	15057	0.0130813953488372
chrM	15058	15058	0
chrM	15059	15059	0
chrM	15060	15060	0.000694927032661571
chrM	15061	15061	0.0027681660899654
chrM	15062	15062	0.00411240575736806
chrM	15063	15063	0.00133333333333333
chrM	15064	15064	0.000664010624169987
chrM	15065	15065	0.00132802124833997
chrM	15066	15066	0
chrM	15067	15067	0.00534441805225653
chrM	15068	15068	0.000597014925373134
chrM	15069	15069	0
chrM	15070	15070	0.00220143093010457
chrM	15071	15071	0.000531632110579479
chrM	15072	15072	0.0047244094488189
chrM	15073	15073	0.00576519916142558
chrM	15074	15074	0.00155038759689922
chrM	15075	15075	0.00102827763496144
chrM	15076	15076	0.00102722136620442
chrM	15077	15077	0.0107264748902974
chrM	15078	15078	0.000491883915395967
chrM	15079	15079	0
chrM	15080	15080	0
chrM	15081	15081	0.00147275405007364
chrM	15082	15082	0.00385356454720617
chrM	15083	15083	0.000483091787439614
chrM	15084	15084	0
chrM	15085	15085	0
chrM	15086	15086	0.00229147571035747
chrM	15087	15087	0.00954979536152797
chrM	15088	15088	0.00320073159579332
chrM	15089	15089	0.000458085203847916
chrM	15090	15090	0.000455373406193078
chrM	15091	15091	0
chrM	15092	15092	0.0009021199819576
chrM	15093	15093	0
chrM	15094	15094	0
chrM	15095	15095	0.000888888888888889
chrM	15096	15096	0.00304347826086957
chrM	15097	15097	0.00998263888888889
chrM	15098	15098	0.000413052457662123
chrM	15099	15099	0.000797130330809087
chrM	15100	15100	0.000397298371076679
chrM	15101	15101	0.000394011032308905
chrM	15102	15102	0.000392156862745098
chrM	15103	15103	0
chrM	15104	15104	0.000391542678151919
chrM	15105	15105	0.00078125
chrM	15106	15106	0.00116686114352392
chrM	15107	15107	0.00194704049844237
chrM	15108	15108	0.000780335544284042
chrM	15109	15109	0.00117004680187207
chrM	15110	15110	0.0015600624024961
chrM	15111	15111	0
chrM	15112	15112	0
chrM	15113	15113	0.000390015600624025
chrM	15114	15114	0
chrM	15115	15115	0.000388802488335925
chrM	15116	15116	0.00116686114352392
chrM	15117	15117	0.00116776956014013
chrM	15118	15118	0.000389408099688474
chrM	15119	15119	0
chrM	15120	15120	0.000767459708365311
chrM	15121	15121	0
chrM	15122	15122	0
chrM	15123	15123	0
chrM	15124	15124	0
chrM	15125	15125	0.00113895216400911
chrM	15126	15126	0
chrM	15127	15127	0.000379218809252939
chrM	15128	15128	0
chrM	15129	15129	0.000378931413414172
chrM	15130	15130	0.00378931413414172
chrM	15131	15131	0
chrM	15132	15132	0
chrM	15133	15133	0
chrM	15134	15134	0.000760167236792094
chrM	15135	15135	0.00152149106124002
chrM	15136	15136	0.000761904761904762
chrM	15137	15137	0
chrM	15138	15138	0
chrM	15139	15139	0.00152322924600152
chrM	15140	15140	0.0015255530129672
chrM	15141	15141	0.000763941940412529
chrM	15142	15142	0.00267277586865216
chrM	15143	15143	0
chrM	15144	15144	0.0003813882532418
chrM	15145	15145	0.000381533765738268
chrM	15146	15146	0.00152671755725191
chrM	15147	15147	0.000382116927779901
chrM	15148	15148	0.000381825124093165
chrM	15149	15149	0.00451127819548872
chrM	15150	15150	0.00149198060425214
chrM	15151	15151	0.000367376928728876
chrM	15152	15152	0.00145772594752187
chrM	15153	15153	0.00109409190371991
chrM	15154	15154	0.00808720112517581
chrM	15155	15155	0.00176553672316384
chrM	15156	15156	0
chrM	15157	15157	0
chrM	15158	15158	0
chrM	15159	15159	0.000674763832658569
chrM	15160	15160	0.00367892976588629
chrM	15161	15161	0.00100233879051119
chrM	15162	15162	0.00166444740346205
chrM	15163	15163	0.00199004975124378
chrM	15164	15164	0.00099535500995355
chrM	15165	15165	0.00196463654223969
chrM	15166	15166	0
chrM	15167	15167	0.000956632653061224
chrM	15168	15168	0.00113096584483149
chrM	15169	15169	0.00111656989727557
chrM	15170	15170	0
chrM	15171	15171	0.000668747213553277
chrM	15172	15172	0.000444642063139173
chrM	15173	15173	0.00065775049331287
chrM	15174	15174	0.000217912399215515
chrM	15175	15175	0
chrM	15176	15176	0.000209995800083998
chrM	15177	15177	0.000208246563931695
chrM	15178	15178	0.000207943439384487
chrM	15179	15179	0.00102880658436214
chrM	15180	15180	0
chrM	15181	15181	0.000611745513866232
chrM	15182	15182	0.000203832042397065
chrM	15183	15183	0.00040766408479413
chrM	15184	15184	0
chrM	15185	15185	0.000199640646835696
chrM	15186	15186	0.000197745699031046
chrM	15187	15187	0.0011831985801617
chrM	15188	15188	0.00019739439399921
chrM	15189	15189	0.000591366055588409
chrM	15190	15190	0.000591366055588409
chrM	15191	15191	0.000392772977219167
chrM	15192	15192	0.00057881535790083
chrM	15193	15193	0
chrM	15194	15194	0
chrM	15195	15195	0
chrM	15196	15196	0
chrM	15197	15197	0.000189753320683112
chrM	15198	15198	0.000378716152243893
chrM	15199	15199	0
chrM	15200	15200	0.000375093773443361
chrM	15201	15201	0.000561902978085784
chrM	15202	15202	0.00648748841519926
chrM	15203	15203	0
chrM	15204	15204	0.000185942729639271
chrM	15205	15205	0.000185563184264242
chrM	15206	15206	0
chrM	15207	15207	0.00470758645663589
chrM	15208	15208	0.000909421607857403
chrM	15209	15209	0.00018201674554059
chrM	15210	15210	0.00144796380090498
chrM	15211	15211	0.000360815442900956
chrM	15212	15212	0.00161696011498383
chrM	15213	15213	0.00215555954733249
chrM	15214	15214	0.00269493352497305
chrM	15215	15215	0.00144118176905062
chrM	15216	15216	0.00125876640891926
chrM	15217	15217	0.0147555555555556
chrM	15218	15218	0
chrM	15219	15219	0
chrM	15220	15220	0.00107334525939177
chrM	15221	15221	0
chrM	15222	15222	0.00248579545454545
chrM	15223	15223	0.000856311012159616
chrM	15224	15224	0.000168890390136801
chrM	15225	15225	0.00101044122600202
chrM	15226	15226	0.00184936112979153
chrM	15227	15227	0.00858730425997643
chrM	15228	15228	0.000301977955609241
chrM	15229	15229	0.00041800195067577
chrM	15230	15230	0
chrM	15231	15231	0.000139082058414465
chrM	15232	15232	0.00124947938359017
chrM	15233	15233	0.00110390506416448
chrM	15234	15234	0.00138140627158447
chrM	15235	15235	0.000957330415754923
chrM	15236	15236	0.000410396716826265
chrM	15237	15237	0.0002710027100271
chrM	15238	15238	0.000811249323958897
chrM	15239	15239	0.0209318028359217
chrM	15240	15240	0.00179063360881543
chrM	15241	15241	0.000137950062077528
chrM	15242	15242	0.000137400384721077
chrM	15243	15243	0.00177644165072424
chrM	15244	15244	0.00109499041883384
chrM	15245	15245	0.00205451308039995
chrM	15246	15246	0.00068530701754386
chrM	15247	15247	0.000274160383824537
chrM	15248	15248	0.00204862059546572
chrM	15249	15249	0.000136761487964989
chrM	15250	15250	0.000136351240796291
chrM	15251	15251	0.000136147038801906
chrM	15252	15252	0.000135924969416882
chrM	15253	15253	0.000271739130434783
chrM	15254	15254	0.000679532481652623
chrM	15255	15255	0
chrM	15256	15256	0.00013588802826471
chrM	15257	15257	0.000135226504394861
chrM	15258	15258	0
chrM	15259	15259	0.000135116876097825
chrM	15260	15260	0
chrM	15261	15261	0.00106866150146941
chrM	15262	15262	0
chrM	15263	15263	0.000265604249667995
chrM	15264	15264	0.000262157556691572
chrM	15265	15265	0.000130821559392988
chrM	15266	15266	0
chrM	15267	15267	0.00504658385093168
chrM	15268	15268	0.000130005200208008
chrM	15269	15269	0.000388299249288118
chrM	15270	15270	0
chrM	15271	15271	0.000129366106080207
chrM	15272	15272	0
chrM	15273	15273	0.000387697079348669
chrM	15274	15274	0.000387446726075165
chrM	15275	15275	0.0051666236114699
chrM	15276	15276	0.00155743024010383
chrM	15277	15277	0.000389863547758285
chrM	15278	15278	0.000129988301052905
chrM	15279	15279	0
chrM	15280	15280	0.00545171339563863
chrM	15281	15281	0.000260960334029228
chrM	15282	15282	0
chrM	15283	15283	0.000130429111777749
chrM	15284	15284	0.00156372165754496
chrM	15285	15285	0.00361057382333978
chrM	15286	15286	0.00206825232678387
chrM	15287	15287	0.000128982329420869
chrM	15288	15288	0.00567083387034412
chrM	15289	15289	0.00603492552645095
chrM	15290	15290	0.00886889460154242
chrM	15291	15291	0.00012923235978289
chrM	15292	15292	0.0012868356710848
chrM	15293	15293	0.000257168574000257
chrM	15294	15294	0.000899049576162343
chrM	15295	15295	0.00164261410301537
chrM	15296	15296	0.000349080754014429
chrM	15297	15297	0.000464954085784029
chrM	15298	15298	0.000333741239292469
chrM	15299	15299	0
chrM	15300	15300	0.002040597143164
chrM	15301	15301	0.00193569200989354
chrM	15302	15302	0.000416016640665627
chrM	15303	15303	0
chrM	15304	15304	0.000597728631201434
chrM	15305	15305	0.00561687031927473
chrM	15306	15306	0.0012697792537605
chrM	15307	15307	9.706853038245e-05
chrM	15308	15308	0.000775193798449612
chrM	15309	15309	0.000191681042744873
chrM	15310	15310	0.00028604118993135
chrM	15311	15311	0
chrM	15312	15312	9.47418285172904e-05
chrM	15313	15313	0.00273714016045304
chrM	15314	15314	0.000376328911468624
chrM	15315	15315	0.00945515821007302
chrM	15316	15316	0.000188465887674331
chrM	15317	15317	0.000562851782363977
chrM	15318	15318	0.00074794315632012
chrM	15319	15319	0.000186915887850467
chrM	15320	15320	0.00305952160207677
chrM	15321	15321	0.000370782350760104
chrM	15322	15322	0.000832254484926947
chrM	15323	15323	0.00321927888153054
chrM	15324	15324	0.0022140221402214
chrM	15325	15325	0.00230372281607077
chrM	15326	15326	0.00201908957415565
chrM	15327	15327	0.000457917391702537
chrM	15328	15328	0.00101841636255623
chrM	15329	15329	0
chrM	15330	15330	0.000253015096567429
chrM	15331	15331	0.00227502527805865
chrM	15332	15332	0.00033101621979477
chrM	15333	15333	0.000410509031198686
chrM	15334	15334	0.000163826998689384
chrM	15335	15335	0.000490998363338789
chrM	15336	15336	0.000326770688669226
chrM	15337	15337	0.000243684509787994
chrM	15338	15338	0.00396343929466958
chrM	15339	15339	0.00145525103080281
chrM	15340	15340	0.000727390285298634
chrM	15341	15341	0.000404105714054797
chrM	15342	15342	0.000404138376980278
chrM	15343	15343	0.00444624090541633
chrM	15344	15344	0.00518630814649326
chrM	15345	15345	0
chrM	15346	15346	0.000160346348111922
chrM	15347	15347	0.00181804408756912
chrM	15348	15348	0.00022436616558223
chrM	15349	15349	0.00148203038162282
chrM	15350	15350	0.000889284126278346
chrM	15351	15351	0.00103176357874567
chrM	15352	15352	0.000436331903134318
chrM	15353	15353	0.000434216239687364
chrM	15354	15354	0.00663589151759954
chrM	15355	15355	0.000361167292689974
chrM	15356	15356	0.000213720880530028
chrM	15357	15357	0.000568464435443758
chrM	15358	15358	0.00355366027007818
chrM	15359	15359	0.0013524094241583
chrM	15360	15360	0.000355669369753877
chrM	15361	15361	0.000425652667423383
chrM	15362	15362	0.00850762141084722
chrM	15363	15363	0.00874224478285392
chrM	15364	15364	0.00046366827846592
chrM	15365	15365	0.00140953357252691
chrM	15366	15366	0.000701754385964912
chrM	15367	15367	0.000823618854536239
chrM	15368	15368	0.00056390977443609
chrM	15369	15369	0.000313342106912327
chrM	15370	15370	0.000375986965785186
chrM	15371	15371	0.00169130543723378
chrM	15372	15372	0.00125399711580663
chrM	15373	15373	0.000188182160331201
chrM	15374	15374	0.000689568706118355
chrM	15375	15375	0.00560677797159233
chrM	15376	15376	0.000313224331266053
chrM	15377	15377	0.000562429696287964
chrM	15378	15378	0.00031210986267166
chrM	15379	15379	0.00143221869356747
chrM	15380	15380	0.00105945406955004
chrM	15381	15381	0.0038018074166407
chrM	15382	15382	0.00374882849109653
chrM	15383	15383	0.00100275758335422
chrM	15384	15384	0.00150234741784038
chrM	15385	15385	0.00181749811982953
chrM	15386	15386	0.000563662554017661
chrM	15387	15387	0.00024588148512417
chrM	15388	15388	0.000553131337963247
chrM	15389	15389	0.00208652961030991
chrM	15390	15390	0.00337009803921569
chrM	15391	15391	0.000184297825285662
chrM	15392	15392	0.00258001105719025
chrM	15393	15393	0.000609644577211486
chrM	15394	15394	0.000180614087898856
chrM	15395	15395	0.000180234304595975
chrM	15396	15396	0.00143902146540353
chrM	15397	15397	0.00202260559190958
chrM	15398	15398	0.00208246563931695
chrM	15399	15399	0.00017875230888399
chrM	15400	15400	0.00160656908247055
chrM	15401	15401	0.000416741084717509
chrM	15402	15402	0
chrM	15403	15403	0.00160294466872477
chrM	15404	15404	0.000474552141416538
chrM	15405	15405	0.0032625459722387
chrM	15406	15406	0.000535204567078972
chrM	15407	15407	0.000356803044719315
chrM	15408	15408	0.00160561370123692
chrM	15409	15409	0.00583333333333333
chrM	15410	15410	0.00167604453489764
chrM	15411	15411	0.00119674485399713
chrM	15412	15412	0.00017950098725543
chrM	15413	15413	0.00059676553082294
chrM	15414	15414	0.00119253473257409
chrM	15415	15415	0.00640227636492975
chrM	15416	15416	0.000177756710315814
chrM	15417	15417	0.00130316313233029
chrM	15418	15418	0.00219233276056171
chrM	15419	15419	0.0014218009478673
chrM	15420	15420	0
chrM	15421	15421	0.000882807327300817
chrM	15422	15422	0.00126359740687836
chrM	15423	15423	0.000760249796361662
chrM	15424	15424	0.000760208514335361
chrM	15425	15425	0.00168121915505179
chrM	15426	15426	0.000108189981607703
chrM	15427	15427	0.000755898709572917
chrM	15428	15428	0.000155335784186817
chrM	15429	15429	0.00102938905759432
chrM	15430	15430	0.000154400411734431
chrM	15431	15431	0.00452791355801389
chrM	15432	15432	0.00589101620029455
chrM	15433	15433	0.00030571690614491
chrM	15434	15434	0.000713230424372102
chrM	15435	15435	5.09554140127389e-05
chrM	15436	15436	0.000762427569380909
chrM	15437	15437	0.000953384515028351
chrM	15438	15438	0.00145407139991978
chrM	15439	15439	0.000802689008177394
chrM	15440	15440	0.000100341159943809
chrM	15441	15441	0.000200541461947258
chrM	15442	15442	5.00700981373924e-05
chrM	15443	15443	0.00908818535903326
chrM	15444	15444	5.00475451679095e-05
chrM	15445	15445	0.000149917545350057
chrM	15446	15446	0.00289204687110446
chrM	15447	15447	0.000299281723862729
chrM	15448	15448	0.0158462073419105
chrM	15449	15449	0.000844091360476663
chrM	15450	15450	4.96845034033885e-05
chrM	15451	15451	0.00024588148512417
chrM	15452	15452	0.00133892707310542
chrM	15453	15453	0.00280448717948718
chrM	15454	15454	0.00358947088540282
chrM	15455	15455	0.000619496437895482
chrM	15456	15456	8.78310131307365e-05
chrM	15457	15457	0.00155172413793103
chrM	15458	15458	0.000344263705998795
chrM	15459	15459	0.000172117039586919
chrM	15460	15460	0.000430015050526768
chrM	15461	15461	0.000171504523431806
chrM	15462	15462	0.000684374866333034
chrM	15463	15463	0.000297517851071064
chrM	15464	15464	8.49292963607797e-05
chrM	15465	15465	0.000169714455428741
chrM	15466	15466	0.000212008141112619
chrM	15467	15467	0.0104616687844134
chrM	15468	15468	0.000213912894669291
chrM	15469	15469	0.000427533133817871
chrM	15470	15470	0.000470286447199658
chrM	15471	15471	0.00038405735256465
chrM	15472	15472	0.00513887709165039
chrM	15473	15473	0.000810303650631184
chrM	15474	15474	0.000469343345991381
chrM	15475	15475	0.00119469215343261
chrM	15476	15476	0.000169419737399407
chrM	15477	15477	0.00169240533107679
chrM	15478	15478	0.0003808717731697
chrM	15479	15479	0.00203157404664155
chrM	15480	15480	0.00147473981376143
chrM	15481	15481	0.00016841396151741
chrM	15482	15482	0.00821099776063697
chrM	15483	15483	0.000165624611817316
chrM	15484	15484	0.000206825232678387
chrM	15485	15485	0
chrM	15486	15486	4.13223140495868e-05
chrM	15487	15487	0.00210526315789474
chrM	15488	15488	0.000245770695940687
chrM	15489	15489	0
chrM	15490	15490	0.00012278978388998
chrM	15491	15491	0.000286474319623491
chrM	15492	15492	0.00192181877657834
chrM	15493	15493	0.000286123032904149
chrM	15494	15494	0.000122139890888364
chrM	15495	15495	0
chrM	15496	15496	0.000243299136288066
chrM	15497	15497	0.000486381322957198
chrM	15498	15498	0.000162146823949086
chrM	15499	15499	0.00109276347741622
chrM	15500	15500	8.10110174983798e-05
chrM	15501	15501	0.000121172954196623
chrM	15502	15502	0.00161251310166895
chrM	15503	15503	0.000605669062424291
chrM	15504	15504	0.000323219263868127
chrM	15505	15505	0.00145419292292777
chrM	15506	15506	0.000727802037845706
chrM	15507	15507	0
chrM	15508	15508	4.04612583451345e-05
chrM	15509	15509	0.0176919659086319
chrM	15510	15510	0.000164460159526355
chrM	15511	15511	0.000575610558342242
chrM	15512	15512	4.11336432067788e-05
chrM	15513	15513	0.000123406005758947
chrM	15514	15514	0.000329109758104328
chrM	15515	15515	0.000164595506542671
chrM	15516	15516	0.00082135523613963
chrM	15517	15517	0.000656868379998358
chrM	15518	15518	0.000534034424680606
chrM	15519	15519	0.000246477426775664
chrM	15520	15520	0
chrM	15521	15521	0.000821591422585548
chrM	15522	15522	0.00500944403383428
chrM	15523	15523	0.000371379054221342
chrM	15524	15524	4.12779658218443e-05
chrM	15525	15525	0.00437185515136517
chrM	15526	15526	0.00219552609776305
chrM	15527	15527	0.00369447903694479
chrM	15528	15528	0.00529100529100529
chrM	15529	15529	0.00305656743290206
chrM	15530	15530	0.00117592709252026
chrM	15531	15531	0.00803094647437245
chrM	15532	15532	0.0075022252362989
chrM	15533	15533	0.00153734466413289
chrM	15534	15534	4.2767941151313e-05
chrM	15535	15535	0.00119729752843582
chrM	15536	15536	0.00184091103690384
chrM	15537	15537	0.000257334019557386
chrM	15538	15538	0.00188752091287375
chrM	15539	15539	0.00498495917490331
chrM	15540	15540	0.00172756327200484
chrM	15541	15541	0.000778715120051914
chrM	15542	15542	0.0011256873186994
chrM	15543	15543	0.00151699029126214
chrM	15544	15544	0.000520855939927948
chrM	15545	15545	0.012940205827435
chrM	15546	15546	0.00166586296085222
chrM	15547	15547	0.00276606954689146
chrM	15548	15548	0.00228893388502509
chrM	15549	15549	0.0056913438630548
chrM	15550	15550	0.0143319873985002
chrM	15551	15551	0.000225083280813901
chrM	15552	15552	0.00360198108959928
chrM	15553	15553	0.000361451226675101
chrM	15554	15554	0.00112902497403243
chrM	15555	15555	0.0016727700167277
chrM	15556	15556	0.00883032196712403
chrM	15557	15557	0.044499269005848
chrM	15558	15558	0.00200803212851406
chrM	15559	15559	0.000526920866066296
chrM	15560	15560	0.00191690228590598
chrM	15561	15561	0.000384116771498536
chrM	15562	15562	0.00043229742062539
chrM	15563	15563	0.000240269101393561
chrM	15564	15564	0.00293184658271652
chrM	15565	15565	0.00110870089178115
chrM	15566	15566	0.000627352572145546
chrM	15567	15567	0.00439380039592487
chrM	15568	15568	0.000775945683802134
chrM	15569	15569	0.0335371772471365
chrM	15570	15570	0.00225983026163813
chrM	15571	15571	0.00100664384940608
chrM	15572	15572	0.000806085948914303
chrM	15573	15573	0.000453789139313266
chrM	15574	15574	0.00232041969330105
chrM	15575	15575	0.00278086763070078
chrM	15576	15576	0.0287988642701415
chrM	15577	15577	0.000678673975463326
chrM	15578	15578	0.000104482290251802
chrM	15579	15579	0.00198537095088819
chrM	15580	15580	0.00298382453017851
chrM	15581	15581	0.00147012496062165
chrM	15582	15582	0.00935906199064094
chrM	15583	15583	0.00217610530226633
chrM	15584	15584	0.00329787234042553
chrM	15585	15585	0.00026683744262995
chrM	15586	15586	0.0149468851758928
chrM	15587	15587	0.0013006015282068
chrM	15588	15588	0.000976721471593684
chrM	15589	15589	0.00733217466869433
chrM	15590	15590	0.0184384745855447
chrM	15591	15591	0.0179487179487179
chrM	15592	15592	0.00522193211488251
chrM	15593	15593	0.00296685114394934
chrM	15594	15594	0.0132188841201717
chrM	15595	15595	0.0102064486198098
chrM	15596	15596	0.0318669087926894
chrM	15597	15597	0.008652508017184
chrM	15598	15598	0.00592041015625
chrM	15599	15599	0.0195861730214281
chrM	15600	15600	0.00839178356713427
chrM	15601	15601	0.00827333585954276
chrM	15602	15602	6.36820989619818e-05
chrM	15603	15603	0.00624124315373838
chrM	15604	15604	0.0043575776994553
chrM	15605	15605	0.000450537426787668
chrM	15606	15606	0.0138432811795763
chrM	15607	15607	0.00163227996866022
chrM	15608	15608	0.0109861365419827
chrM	15609	15609	0.0483998942078815
chrM	15610	15610	0.0101445247359644
chrM	15611	15611	0.00652769004000842
chrM	15612	15612	0.01992369648156
chrM	15613	15613	0.00115340253748558
chrM	15614	15614	0.00245363354261384
chrM	15615	15615	0.00412326388888889
chrM	15616	15616	0.000871649596862061
chrM	15617	15617	0.0312613595056343
chrM	15618	15618	0.00105042016806723
chrM	15619	15619	0.00931350458164338
chrM	15620	15620	0.0473085670962851
chrM	15621	15621	0.046792933312112
chrM	15622	15622	0.00726331607947904
chrM	15623	15623	0.000420486081910689
chrM	15624	15624	0.0016826518593303
chrM	15625	15625	0.0060677566155402
chrM	15626	15626	0
chrM	15627	15627	0.00220451076818721
chrM	15628	15628	0.00407885791978246
chrM	15629	15629	0.0348122866894198
chrM	15630	15630	0.000884016973125884
chrM	15631	15631	0.0264554946027252
chrM	15632	15632	0.00327183495410343
chrM	15633	15633	0.00537977569070849
chrM	15634	15634	0.0038500320836007
chrM	15635	15635	0.0207048863531793
chrM	15636	15636	0.0349558353692915
chrM	15637	15637	0.00399221032132425
chrM	15638	15638	0.0024440316746505
chrM	15639	15639	0.0679992161473643
chrM	15640	15640	0.00588730025231287
chrM	15641	15641	0.00645093062605753
chrM	15642	15642	0.00713145290047898
chrM	15643	15643	0.072041166380789
chrM	15644	15644	0.00115526802218115
chrM	15645	15645	0.475425002891176
chrM	15646	15646	0.0908289241622575
chrM	15647	15647	0.0150339476236663
chrM	15648	15648	0.106351550960118
chrM	15649	15649	0.0539944903581267
chrM	15650	15650	0.0433896330809552
chrM	15651	15651	0.0146118721461187
chrM	15652	15652	0.274019153537226
chrM	15653	15653	0.0578723404255319
chrM	15654	15654	0.0740740740740741
chrM	15655	15655	0.0117073170731707
chrM	15656	15656	0.354711396151949
chrM	15657	15657	0.349388379204893
chrM	15658	15658	0.113983548766157
chrM	15659	15659	0.10079575596817
chrM	15660	15660	0.00294985250737463
chrM	15661	15661	0.0177514792899408
chrM	15662	15662	0.307228915662651
chrM	15663	15663	0.139130434782609
chrM	15664	15664	0.0126262626262626
chrM	15665	15665	0.00255754475703325
chrM	15666	15666	0.0641025641025641
chrM	15667	15667	0.0219178082191781
chrM	15668	15668	0.0448179271708683
chrM	15669	15669	0
chrM	15670	15670	0
chrM	15671	15671	0
chrM	15672	15672	0.0117302052785924
chrM	15673	15673	0.00593471810089021
chrM	15674	15674	0.00298507462686567
chrM	15675	15675	0.0029940119760479
chrM	15676	15676	0.00900900900900901
chrM	15677	15677	0
chrM	15678	15678	0
chrM	15679	15679	0
chrM	15680	15680	0
chrM	15681	15681	0
chrM	15682	15682	0.00302114803625378
chrM	15683	15683	0
chrM	15684	15684	0
chrM	15685	15685	0
chrM	15686	15686	0
chrM	15687	15687	0.00302114803625378
chrM	15688	15688	0.00303030303030303
chrM	15689	15689	0.00303951367781155
chrM	15690	15690	0.0121951219512195
chrM	15691	15691	0.00617283950617284
chrM	15692	15692	0
chrM	15693	15693	0
chrM	15694	15694	0
chrM	15695	15695	0
chrM	15696	15696	0.0062111801242236
chrM	15697	15697	0.003125
chrM	15698	15698	0
chrM	15699	15699	0.00626959247648903
chrM	15700	15700	0
chrM	15701	15701	0
chrM	15702	15702	0
chrM	15703	15703	0.00315457413249211
chrM	15704	15704	0.00316455696202532
chrM	15705	15705	0.00634920634920635
chrM	15706	15706	0.00319488817891374
chrM	15707	15707	0
chrM	15708	15708	0
chrM	15709	15709	0.00961538461538462
chrM	15710	15710	0.00970873786407767
chrM	15711	15711	0
chrM	15712	15712	0
chrM	15713	15713	0
chrM	15714	15714	0.00326797385620915
chrM	15715	15715	0.00327868852459016
chrM	15716	15716	0.00986842105263158
chrM	15717	15717	0.00332225913621262
chrM	15718	15718	0
chrM	15719	15719	0.00333333333333333
chrM	15720	15720	0.00334448160535117
chrM	15721	15721	0
chrM	15722	15722	0
chrM	15723	15723	0
chrM	15724	15724	0.0100671140939597
chrM	15725	15725	0.00338983050847458
chrM	15726	15726	0
chrM	15727	15727	0.00680272108843537
chrM	15728	15728	0
chrM	15729	15729	0.00684931506849315
chrM	15730	15730	0.0103448275862069
chrM	15731	15731	0.00696864111498258
chrM	15732	15732	0.00350877192982456
chrM	15733	15733	0.00704225352112676
chrM	15734	15734	0
chrM	15735	15735	0.0921985815602837
chrM	15736	15736	0.0078125
chrM	15737	15737	0
chrM	15738	15738	0.00393700787401575
chrM	15739	15739	0.00395256916996047
chrM	15740	15740	0
chrM	15741	15741	0
chrM	15742	15742	0
chrM	15743	15743	0
chrM	15744	15744	0.00396825396825397
chrM	15745	15745	0
chrM	15746	15746	0.0239043824701195
chrM	15747	15747	0
chrM	15748	15748	0
chrM	15749	15749	0.00816326530612245
chrM	15750	15750	0
chrM	15751	15751	0.0411522633744856
chrM	15752	15752	0
chrM	15753	15753	0.0171673819742489
chrM	15754	15754	0
chrM	15755	15755	0
chrM	15756	15756	0
chrM	15757	15757	0
chrM	15758	15758	0
chrM	15759	15759	0
chrM	15760	15760	0.00436681222707424
chrM	15761	15761	0
chrM	15762	15762	0.0043859649122807
chrM	15763	15763	0.00440528634361234
chrM	15764	15764	0
chrM	15765	15765	0.00442477876106195
chrM	15766	15766	0
chrM	15767	15767	0.00888888888888889
chrM	15768	15768	0
chrM	15769	15769	0
chrM	15770	15770	0
chrM	15771	15771	0.00448430493273543
chrM	15772	15772	0
chrM	15773	15773	0
chrM	15774	15774	0
chrM	15775	15775	0
chrM	15776	15776	0.0045045045045045
chrM	15777	15777	0
chrM	15778	15778	0
chrM	15779	15779	0
chrM	15780	15780	0
chrM	15781	15781	0.00452488687782805
chrM	15782	15782	0.00454545454545455
chrM	15783	15783	0
chrM	15784	15784	0
chrM	15785	15785	0
chrM	15786	15786	0
chrM	15787	15787	0
chrM	15788	15788	0
chrM	15789	15789	0
chrM	15790	15790	0
chrM	15791	15791	0.0091324200913242
chrM	15792	15792	0
chrM	15793	15793	0.00460829493087558
chrM	15794	15794	0
chrM	15795	15795	0
chrM	15796	15796	0
chrM	15797	15797	0
chrM	15798	15798	0
chrM	15799	15799	0.00462962962962963
chrM	15800	15800	0
chrM	15801	15801	0
chrM	15802	15802	0
chrM	15803	15803	0
chrM	15804	15804	0.00465116279069767
chrM	15805	15805	0.00467289719626168
chrM	15806	15806	0
chrM	15807	15807	0
chrM	15808	15808	0
chrM	15809	15809	0
chrM	15810	15810	0
chrM	15811	15811	0.00469483568075117
chrM	15812	15812	0
chrM	15813	15813	0.0188679245283019
chrM	15814	15814	0
chrM	15815	15815	0
chrM	15816	15816	0
chrM	15817	15817	0
chrM	15818	15818	0
chrM	15819	15819	0
chrM	15820	15820	0
chrM	15821	15821	0
chrM	15822	15822	0.00480769230769231
chrM	15823	15823	0
chrM	15824	15824	0.00966183574879227
chrM	15825	15825	0
chrM	15826	15826	0
chrM	15827	15827	0
chrM	15828	15828	0
chrM	15829	15829	0.0048780487804878
chrM	15830	15830	0
chrM	15831	15831	0
chrM	15832	15832	0
chrM	15833	15833	0.00490196078431373
chrM	15834	15834	0.00492610837438424
chrM	15835	15835	0.00495049504950495
chrM	15836	15836	0
chrM	15837	15837	0
chrM	15838	15838	0
chrM	15839	15839	0.0348258706467662
chrM	15840	15840	0.0309278350515464
chrM	15841	15841	0
chrM	15842	15842	0
chrM	15843	15843	0.00531914893617021
chrM	15844	15844	0
chrM	15845	15845	0
chrM	15846	15846	0.0160427807486631
chrM	15847	15847	0
chrM	15848	15848	0
chrM	15849	15849	0
chrM	15850	15850	0
chrM	15851	15851	0
chrM	15852	15852	0
chrM	15853	15853	0.00543478260869565
chrM	15854	15854	0
chrM	15855	15855	0
chrM	15856	15856	0
chrM	15857	15857	0
chrM	15858	15858	0
chrM	15859	15859	0
chrM	15860	15860	0.00546448087431694
chrM	15861	15861	0
chrM	15862	15862	0
chrM	15863	15863	0.00549450549450549
chrM	15864	15864	0.00552486187845304
chrM	15865	15865	0
chrM	15866	15866	0
chrM	15867	15867	0
chrM	15868	15868	0
chrM	15869	15869	0
chrM	15870	15870	0
chrM	15871	15871	0
chrM	15872	15872	0.00555555555555556
chrM	15873	15873	0.0614525139664804
chrM	15874	15874	0.0119047619047619
chrM	15875	15875	0.00602409638554217
chrM	15876	15876	0
chrM	15877	15877	0
chrM	15878	15878	0
chrM	15879	15879	0
chrM	15880	15880	0
chrM	15881	15881	0
chrM	15882	15882	0
chrM	15883	15883	0
chrM	15884	15884	0.0121212121212121
chrM	15885	15885	0
chrM	15886	15886	0
chrM	15887	15887	0
chrM	15888	15888	0
chrM	15889	15889	0
chrM	15890	15890	0
chrM	15891	15891	0
chrM	15892	15892	0
chrM	15893	15893	0
chrM	15894	15894	0
chrM	15895	15895	0
chrM	15896	15896	0.00613496932515337
chrM	15897	15897	0
chrM	15898	15898	0
chrM	15899	15899	0
chrM	15900	15900	0.0185185185185185
chrM	15901	15901	0
chrM	15902	15902	0
chrM	15903	15903	0
chrM	15904	15904	0
chrM	15905	15905	0
chrM	15906	15906	0
chrM	15907	15907	0
chrM	15908	15908	0
chrM	15909	15909	0
chrM	15910	15910	0
chrM	15911	15911	0
chrM	15912	15912	0
chrM	15913	15913	0
chrM	15914	15914	0
chrM	15915	15915	0
chrM	15916	15916	0
chrM	15917	15917	0
chrM	15918	15918	0
chrM	15919	15919	0
chrM	15920	15920	0
chrM	15921	15921	0.00625
chrM	15922	15922	0
chrM	15923	15923	0
chrM	15924	15924	0
chrM	15925	15925	0
chrM	15926	15926	0
chrM	15927	15927	0
chrM	15928	15928	0.00628930817610063
chrM	15929	15929	0
chrM	15930	15930	0
chrM	15931	15931	0
chrM	15932	15932	0
chrM	15933	15933	0.00632911392405063
chrM	15934	15934	0
chrM	15935	15935	0
chrM	15936	15936	0
chrM	15937	15937	0
chrM	15938	15938	0
chrM	15939	15939	0
chrM	15940	15940	0
chrM	15941	15941	0
chrM	15942	15942	0
chrM	15943	15943	0.00636942675159236
chrM	15944	15944	0
chrM	15945	15945	0
chrM	15946	15946	0
chrM	15947	15947	0
chrM	15948	15948	0
chrM	15949	15949	0
chrM	15950	15950	0
chrM	15951	15951	0
chrM	15952	15952	0.00636942675159236
chrM	15953	15953	0
chrM	15954	15954	0
chrM	15955	15955	0.0127388535031847
chrM	15956	15956	0
chrM	15957	15957	0
chrM	15958	15958	0
chrM	15959	15959	0.00645161290322581
chrM	15960	15960	0
chrM	15961	15961	0
chrM	15962	15962	0
chrM	15963	15963	0
chrM	15964	15964	0
chrM	15965	15965	0.00645161290322581
chrM	15966	15966	0
chrM	15967	15967	0
chrM	15968	15968	0
chrM	15969	15969	0
chrM	15970	15970	0
chrM	15971	15971	0
chrM	15972	15972	0
chrM	15973	15973	0
chrM	15974	15974	0.00645161290322581
chrM	15975	15975	0
chrM	15976	15976	0
chrM	15977	15977	0
chrM	15978	15978	0.00649350649350649
chrM	15979	15979	0
chrM	15980	15980	0.00649350649350649
chrM	15981	15981	0
chrM	15982	15982	0
chrM	15983	15983	0
chrM	15984	15984	0
chrM	15985	15985	0
chrM	15986	15986	0
chrM	15987	15987	0
chrM	15988	15988	0
chrM	15989	15989	0
chrM	15990	15990	0
chrM	15991	15991	0
chrM	15992	15992	0
chrM	15993	15993	0.00613496932515337
chrM	15994	15994	0
chrM	15995	15995	0
chrM	15996	15996	0
chrM	15997	15997	0
chrM	15998	15998	0.00617283950617284
chrM	15999	15999	0
chrM	16000	16000	0
chrM	16001	16001	0
chrM	16002	16002	0
chrM	16003	16003	0.0245398773006135
chrM	16004	16004	0.0875
chrM	16005	16005	0
chrM	16006	16006	0
chrM	16007	16007	0
chrM	16008	16008	0
chrM	16009	16009	0
chrM	16010	16010	0.00680272108843537
chrM	16011	16011	0
chrM	16012	16012	0
chrM	16013	16013	0
chrM	16014	16014	0
chrM	16015	16015	0.00680272108843537
chrM	16016	16016	0.00684931506849315
chrM	16017	16017	0.0137931034482759
chrM	16018	16018	0.00699300699300699
chrM	16019	16019	0
chrM	16020	16020	0
chrM	16021	16021	0
chrM	16022	16022	0
chrM	16023	16023	0
chrM	16024	16024	0
chrM	16025	16025	0
chrM	16026	16026	0
chrM	16027	16027	0
chrM	16028	16028	0
chrM	16029	16029	0
chrM	16030	16030	0
chrM	16031	16031	0
chrM	16032	16032	0
chrM	16033	16033	0
chrM	16034	16034	0
chrM	16035	16035	0
chrM	16036	16036	0
chrM	16037	16037	0
chrM	16038	16038	0
chrM	16039	16039	0
chrM	16040	16040	0
chrM	16041	16041	0
chrM	16042	16042	0
chrM	16043	16043	0
chrM	16044	16044	0
chrM	16045	16045	0
chrM	16046	16046	0
chrM	16047	16047	0
chrM	16048	16048	0
chrM	16049	16049	0.00680272108843537
chrM	16050	16050	0
chrM	16051	16051	0
chrM	16052	16052	0
chrM	16053	16053	0
chrM	16054	16054	0
chrM	16055	16055	0.0136986301369863
chrM	16056	16056	0.00694444444444444
chrM	16057	16057	0.013986013986014
chrM	16058	16058	0.00709219858156028
chrM	16059	16059	0
chrM	16060	16060	0
chrM	16061	16061	0
chrM	16062	16062	0
chrM	16063	16063	0
chrM	16064	16064	0
chrM	16065	16065	0
chrM	16066	16066	0
chrM	16067	16067	0
chrM	16068	16068	0
chrM	16069	16069	0
chrM	16070	16070	0
chrM	16071	16071	0
chrM	16072	16072	0
chrM	16073	16073	0
chrM	16074	16074	0
chrM	16075	16075	0
chrM	16076	16076	0
chrM	16077	16077	0.00628930817610063
chrM	16078	16078	0
chrM	16079	16079	0
chrM	16080	16080	0
chrM	16081	16081	0
chrM	16082	16082	0
chrM	16083	16083	0
chrM	16084	16084	0
chrM	16085	16085	0
chrM	16086	16086	0.00558659217877095
chrM	16087	16087	0
chrM	16088	16088	0
chrM	16089	16089	0
chrM	16090	16090	0.00555555555555556
chrM	16091	16091	0.00558659217877095
chrM	16092	16092	0.00561797752808989
chrM	16093	16093	0
chrM	16094	16094	0
chrM	16095	16095	0
chrM	16096	16096	0.00564971751412429
chrM	16097	16097	0
chrM	16098	16098	0.00568181818181818
chrM	16099	16099	0
chrM	16100	16100	0
chrM	16101	16101	0
chrM	16102	16102	0.00564971751412429
chrM	16103	16103	0
chrM	16104	16104	0
chrM	16105	16105	0
chrM	16106	16106	0.00568181818181818
chrM	16107	16107	0
chrM	16108	16108	0
chrM	16109	16109	0
chrM	16110	16110	0
chrM	16111	16111	0
chrM	16112	16112	0
chrM	16113	16113	0
chrM	16114	16114	0
chrM	16115	16115	0
chrM	16116	16116	0
chrM	16117	16117	0
chrM	16118	16118	0
chrM	16119	16119	0
chrM	16120	16120	0.00561797752808989
chrM	16121	16121	0
chrM	16122	16122	0
chrM	16123	16123	0
chrM	16124	16124	0.00561797752808989
chrM	16125	16125	0
chrM	16126	16126	0
chrM	16127	16127	0
chrM	16128	16128	0
chrM	16129	16129	0
chrM	16130	16130	0
chrM	16131	16131	0
chrM	16132	16132	0
chrM	16133	16133	0
chrM	16134	16134	0
chrM	16135	16135	0
chrM	16136	16136	0
chrM	16137	16137	0
chrM	16138	16138	0
chrM	16139	16139	0
chrM	16140	16140	0
chrM	16141	16141	0
chrM	16142	16142	0
chrM	16143	16143	0
chrM	16144	16144	0
chrM	16145	16145	0.00546448087431694
chrM	16146	16146	0
chrM	16147	16147	0
chrM	16148	16148	0.00549450549450549
chrM	16149	16149	0
chrM	16150	16150	0
chrM	16151	16151	0
chrM	16152	16152	0.00549450549450549
chrM	16153	16153	0
chrM	16154	16154	0
chrM	16155	16155	0.00552486187845304
chrM	16156	16156	0
chrM	16157	16157	0
chrM	16158	16158	0
chrM	16159	16159	0.00555555555555556
chrM	16160	16160	0
chrM	16161	16161	0
chrM	16162	16162	0
chrM	16163	16163	0
chrM	16164	16164	0
chrM	16165	16165	0.0111111111111111
chrM	16166	16166	0.00561797752808989
chrM	16167	16167	0.00564971751412429
chrM	16168	16168	0
chrM	16169	16169	0.0166666666666667
chrM	16170	16170	0
chrM	16171	16171	0
chrM	16172	16172	0
chrM	16173	16173	0
chrM	16174	16174	0
chrM	16175	16175	0
chrM	16176	16176	0.00555555555555556
chrM	16177	16177	0
chrM	16178	16178	0.0222222222222222
chrM	16179	16179	0.00568181818181818
chrM	16180	16180	0.0114285714285714
chrM	16181	16181	0
chrM	16182	16182	0
chrM	16183	16183	0
chrM	16184	16184	0.00578034682080925
chrM	16185	16185	0.00581395348837209
chrM	16186	16186	0.0116959064327485
chrM	16187	16187	0.00588235294117647
chrM	16188	16188	0.00591715976331361
chrM	16189	16189	0
chrM	16190	16190	0.00595238095238095
chrM	16191	16191	0
chrM	16192	16192	0
chrM	16193	16193	0.00598802395209581
chrM	16194	16194	0
chrM	16195	16195	0.00602409638554217
chrM	16196	16196	0.00602409638554217
chrM	16197	16197	0
chrM	16198	16198	0.0178571428571429
chrM	16199	16199	0.00602409638554217
chrM	16200	16200	0
chrM	16201	16201	0.0236686390532544
chrM	16202	16202	0
chrM	16203	16203	0
chrM	16204	16204	0
chrM	16205	16205	0.0178571428571429
chrM	16206	16206	0.0121212121212121
chrM	16207	16207	0.0245398773006135
chrM	16208	16208	0
chrM	16209	16209	0.00628930817610063
chrM	16210	16210	0
chrM	16211	16211	0
chrM	16212	16212	0
chrM	16213	16213	0
chrM	16214	16214	0.0248447204968944
chrM	16215	16215	0.00636942675159236
chrM	16216	16216	0.00641025641025641
chrM	16217	16217	0.00645161290322581
chrM	16218	16218	0
chrM	16219	16219	0
chrM	16220	16220	0.012987012987013
chrM	16221	16221	0
chrM	16222	16222	0.0454545454545455
chrM	16223	16223	0.0136054421768707
chrM	16224	16224	0
chrM	16225	16225	0.00689655172413793
chrM	16226	16226	0
chrM	16227	16227	0
chrM	16228	16228	0
chrM	16229	16229	0
chrM	16230	16230	0
chrM	16231	16231	0.00689655172413793
chrM	16232	16232	0
chrM	16233	16233	0
chrM	16234	16234	0.00694444444444444
chrM	16235	16235	0.013986013986014
chrM	16236	16236	0
chrM	16237	16237	0
chrM	16238	16238	0
chrM	16239	16239	0
chrM	16240	16240	0.0141843971631206
chrM	16241	16241	0
chrM	16242	16242	0
chrM	16243	16243	0
chrM	16244	16244	0
chrM	16245	16245	0
chrM	16246	16246	0.00714285714285714
chrM	16247	16247	0.0142857142857143
chrM	16248	16248	0
chrM	16249	16249	0
chrM	16250	16250	0
chrM	16251	16251	0
chrM	16252	16252	0
chrM	16253	16253	0
chrM	16254	16254	0
chrM	16255	16255	0
chrM	16256	16256	0
chrM	16257	16257	0
chrM	16258	16258	0
chrM	16259	16259	0
chrM	16260	16260	0
chrM	16261	16261	0
chrM	16262	16262	0
chrM	16263	16263	0
chrM	16264	16264	0
chrM	16265	16265	0.00714285714285714
chrM	16266	16266	0
chrM	16267	16267	0
chrM	16268	16268	0
chrM	16269	16269	0
chrM	16270	16270	0
chrM	16271	16271	0
chrM	16272	16272	0
chrM	16273	16273	0
chrM	16274	16274	0
chrM	16275	16275	0.00719424460431655
chrM	16276	16276	0.0144927536231884
chrM	16277	16277	0.0220588235294118
chrM	16278	16278	0
chrM	16279	16279	0
chrM	16280	16280	0
chrM	16281	16281	0
chrM	16282	16282	0
chrM	16283	16283	0
chrM	16284	16284	0
chrM	16285	16285	0
chrM	16286	16286	0.0225563909774436
chrM	16287	16287	0
chrM	16288	16288	0.0229007633587786
chrM	16289	16289	0.0078125
chrM	16290	16290	0
chrM	16291	16291	0
chrM	16292	16292	0
chrM	16293	16293	0.0078740157480315
chrM	16294	16294	0.0158730158730159
chrM	16295	16295	0.032258064516129
chrM	16296	16296	0
chrM	16297	16297	0
chrM	16298	16298	0.00833333333333333
chrM	16299	16299	0
chrM	16300	16300	0
chrM	16301	16301	0
chrM	16302	16302	0
chrM	16303	16303	0
chrM	16304	16304	0
chrM	16305	16305	0
chrM	16306	16306	0
chrM	16307	16307	0.00840336134453781
chrM	16308	16308	0.0423728813559322
chrM	16309	16309	0.0176991150442478
chrM	16310	16310	0.00900900900900901
chrM	16311	16311	0.0454545454545455
chrM	16312	16312	0
chrM	16313	16313	0
chrM	16314	16314	0.00952380952380952
chrM	16315	16315	0
chrM	16316	16316	0.00961538461538462
chrM	16317	16317	0.029126213592233
chrM	16318	16318	0.01
chrM	16319	16319	0.0808080808080808
chrM	16320	16320	0
chrM	16321	16321	0.0769230769230769
chrM	16322	16322	0.0238095238095238
chrM	16323	16323	0.024390243902439
chrM	16324	16324	0
chrM	16325	16325	0
chrM	16326	16326	0
chrM	16327	16327	0
chrM	16328	16328	0.0125
chrM	16329	16329	0
chrM	16330	16330	0.0506329113924051
chrM	16331	16331	0
chrM	16332	16332	0.0266666666666667
chrM	16333	16333	0
chrM	16334	16334	0.0273972602739726
chrM	16335	16335	0
chrM	16336	16336	0.0140845070422535
chrM	16337	16337	0
chrM	16338	16338	0
chrM	16339	16339	0.0285714285714286
chrM	16340	16340	0.0294117647058824
chrM	16341	16341	0.0151515151515152
chrM	16342	16342	0
chrM	16343	16343	0
chrM	16344	16344	0
chrM	16345	16345	0.0615384615384615
chrM	16346	16346	0
chrM	16347	16347	0
chrM	16348	16348	0.0163934426229508
chrM	16349	16349	0.0166666666666667
chrM	16350	16350	0
chrM	16351	16351	0
chrM	16352	16352	0
chrM	16353	16353	0
chrM	16354	16354	0
chrM	16355	16355	0
chrM	16356	16356	0
chrM	16357	16357	0
chrM	16358	16358	0
chrM	16359	16359	0
chrM	16360	16360	0
chrM	16361	16361	0.0169491525423729
chrM	16362	16362	0
chrM	16363	16363	0
chrM	16364	16364	0
chrM	16365	16365	0.0517241379310345
chrM	16366	16366	0.109090909090909
chrM	16367	16367	0
chrM	16368	16368	0
chrM	16369	16369	0
chrM	16370	16370	0.0612244897959184
chrM	16371	16371	0
chrM	16372	16372	0.0217391304347826
chrM	16373	16373	0.0222222222222222
chrM	16374	16374	0
chrM	16375	16375	0.0227272727272727
chrM	16376	16376	0
chrM	16377	16377	0
chrM	16378	16378	0
chrM	16379	16379	0
chrM	16380	16380	0.0465116279069767
chrM	16381	16381	0
chrM	16382	16382	0.0731707317073171
chrM	16383	16383	0.0526315789473684
chrM	16384	16384	0
chrM	16385	16385	0
chrM	16386	16386	0
chrM	16387	16387	0
chrM	16388	16388	0
chrM	16389	16389	0
chrM	16390	16390	0
chrM	16391	16391	0.0555555555555556
chrM	16392	16392	0.176470588235294
chrM	16393	16393	0
chrM	16394	16394	0
chrM	16395	16395	0
chrM	16396	16396	0.0714285714285714
chrM	16397	16397	0
chrM	16398	16398	0
chrM	16399	16399	0
chrM	16400	16400	0
chrM	16401	16401	0.115384615384615
chrM	16402	16402	0.0434782608695652
chrM	16403	16403	0
chrM	16404	16404	0
chrM	16405	16405	0
chrM	16406	16406	0
chrM	16407	16407	0
chrM	16408	16408	0
chrM	16409	16409	0
chrM	16410	16410	0
chrM	16411	16411	0
chrM	16412	16412	0.0454545454545455
chrM	16413	16413	0
chrM	16414	16414	0.0476190476190476
chrM	16415	16415	0
chrM	16416	16416	0
chrM	16417	16417	0
chrM	16418	16418	0
chrM	16419	16419	0
chrM	16420	16420	0
chrM	16421	16421	0
chrM	16422	16422	0
chrM	16423	16423	0
chrM	16424	16424	0.1
chrM	16425	16425	0
chrM	16426	16426	0
chrM	16427	16427	0.111111111111111
chrM	16428	16428	0.0625
chrM	16429	16429	0
chrM	16430	16430	0
chrM	16431	16431	0
chrM	16432	16432	0.0666666666666667
chrM	16433	16433	0.0714285714285714
chrM	16434	16434	0
chrM	16435	16435	0
chrM	16436	16436	0
chrM	16437	16437	0
chrM	16438	16438	0
chrM	16439	16439	0
chrM	16440	16440	0
chrM	16441	16441	0
chrM	16442	16442	0
chrM	16443	16443	0
chrM	16444	16444	0
chrM	16445	16445	0.0769230769230769
chrM	16446	16446	0
chrM	16447	16447	0
chrM	16448	16448	0.0833333333333333
chrM	16449	16449	0
chrM	16450	16450	0
chrM	16451	16451	0
chrM	16452	16452	0
chrM	16453	16453	0
chrM	16454	16454	0.0909090909090909
chrM	16455	16455	0
chrM	16456	16456	0.1
chrM	16457	16457	0
chrM	16458	16458	0.111111111111111
chrM	16459	16459	0
chrM	16460	16460	0
chrM	16461	16461	0
chrM	16462	16462	0.125
chrM	16463	16463	0.857142857142857
chrM	16464	16464	0
chrM	16465	16465	1
