chrM	1	1	1
chrM	2	2	0.111111111111111
chrM	3	3	0.1
chrM	4	4	0.0909090909090909
chrM	5	5	0.676470588235294
chrM	6	6	0
chrM	7	7	0
chrM	8	8	0.0285714285714286
chrM	9	9	0.0540540540540541
chrM	10	10	0.0263157894736842
chrM	11	11	0.0256410256410256
chrM	12	12	0
chrM	13	13	0
chrM	14	14	0.025
chrM	15	15	0
chrM	16	16	0.024390243902439
chrM	17	17	0
chrM	18	18	0
chrM	19	19	0.0238095238095238
chrM	20	20	0
chrM	21	21	0
chrM	22	22	0
chrM	23	23	0.0869565217391304
chrM	24	24	0
chrM	25	25	0
chrM	26	26	0
chrM	27	27	0
chrM	28	28	0
chrM	29	29	0.0416666666666667
chrM	30	30	0
chrM	31	31	0
chrM	32	32	0.0204081632653061
chrM	33	33	0
chrM	34	34	0
chrM	35	35	0
chrM	36	36	0
chrM	37	37	0.02
chrM	38	38	0
chrM	39	39	0
chrM	40	40	0
chrM	41	41	0.0384615384615385
chrM	42	42	0
chrM	43	43	0.0188679245283019
chrM	44	44	0.0185185185185185
chrM	45	45	0.0181818181818182
chrM	46	46	0
chrM	47	47	0
chrM	48	48	0
chrM	49	49	0
chrM	50	50	0
chrM	51	51	0
chrM	52	52	0.0178571428571429
chrM	53	53	0
chrM	54	54	0
chrM	55	55	0
chrM	56	56	0
chrM	57	57	0.0344827586206897
chrM	58	58	0
chrM	59	59	0
chrM	60	60	0
chrM	61	61	0
chrM	62	62	0
chrM	63	63	0.0333333333333333
chrM	64	64	0
chrM	65	65	0.032258064516129
chrM	66	66	0
chrM	67	67	0
chrM	68	68	0
chrM	69	69	0
chrM	70	70	0
chrM	71	71	0
chrM	72	72	0
chrM	73	73	0
chrM	74	74	0
chrM	75	75	0.03125
chrM	76	76	0.0447761194029851
chrM	77	77	0
chrM	78	78	0
chrM	79	79	0
chrM	80	80	0
chrM	81	81	0
chrM	82	82	0
chrM	83	83	0
chrM	84	84	0
chrM	85	85	0
chrM	86	86	0
chrM	87	87	0
chrM	88	88	0
chrM	89	89	0
chrM	90	90	0
chrM	91	91	0
chrM	92	92	0
chrM	93	93	0
chrM	94	94	0.0147058823529412
chrM	95	95	0
chrM	96	96	0
chrM	97	97	0
chrM	98	98	0
chrM	99	99	0
chrM	100	100	0
chrM	101	101	0.0285714285714286
chrM	102	102	0.0140845070422535
chrM	103	103	0
chrM	104	104	0
chrM	105	105	0
chrM	106	106	0.0273972602739726
chrM	107	107	0.0266666666666667
chrM	108	108	0
chrM	109	109	0
chrM	110	110	0
chrM	111	111	0
chrM	112	112	0
chrM	113	113	0
chrM	114	114	0
chrM	115	115	0.0131578947368421
chrM	116	116	0
chrM	117	117	0
chrM	118	118	0
chrM	119	119	0
chrM	120	120	0
chrM	121	121	0
chrM	122	122	0
chrM	123	123	0.012987012987013
chrM	124	124	0.0253164556962025
chrM	125	125	0
chrM	126	126	0
chrM	127	127	0
chrM	128	128	0.0125
chrM	129	129	0.0123456790123457
chrM	130	130	0
chrM	131	131	0
chrM	132	132	0
chrM	133	133	0
chrM	134	134	0
chrM	135	135	0.0121951219512195
chrM	136	136	0.0120481927710843
chrM	137	137	0
chrM	138	138	0
chrM	139	139	0.0357142857142857
chrM	140	140	0
chrM	141	141	0
chrM	142	142	0.0235294117647059
chrM	143	143	0.0449438202247191
chrM	144	144	0.0111111111111111
chrM	145	145	0.0816326530612245
chrM	146	146	0.0101010101010101
chrM	147	147	0
chrM	148	148	0.01
chrM	149	149	0.0099009900990099
chrM	150	150	0
chrM	151	151	0.00980392156862745
chrM	152	152	0
chrM	153	153	0.0377358490566038
chrM	154	154	0
chrM	155	155	0
chrM	156	156	0.00934579439252336
chrM	157	157	0
chrM	158	158	0
chrM	159	159	0.018348623853211
chrM	160	160	0.00917431192660551
chrM	161	161	0
chrM	162	162	0
chrM	163	163	0.0353982300884956
chrM	164	164	0.0087719298245614
chrM	165	165	0
chrM	166	166	0.0504201680672269
chrM	167	167	0.0916030534351145
chrM	168	168	0.0150375939849624
chrM	169	169	0.0763888888888889
chrM	170	170	0
chrM	171	171	0.0588235294117647
chrM	172	172	0.0065359477124183
chrM	173	173	0.00649350649350649
chrM	174	174	0.00645161290322581
chrM	175	175	0.00641025641025641
chrM	176	176	0
chrM	177	177	0
chrM	178	178	0
chrM	179	179	0.037037037037037
chrM	180	180	0.0240963855421687
chrM	181	181	0.0568181818181818
chrM	182	182	0.0222222222222222
chrM	183	183	0
chrM	184	184	0.00552486187845304
chrM	185	185	0
chrM	186	186	0
chrM	187	187	0
chrM	188	188	0
chrM	189	189	0
chrM	190	190	0.0918367346938776
chrM	191	191	0
chrM	192	192	0.23828125
chrM	193	193	0
chrM	194	194	0.0303030303030303
chrM	195	195	0.0112359550561798
chrM	196	196	0.0075187969924812
chrM	197	197	0.00746268656716418
chrM	198	198	0
chrM	199	199	0.00740740740740741
chrM	200	200	0.00735294117647059
chrM	201	201	0
chrM	202	202	0.0180505415162455
chrM	203	203	0.0677966101694915
chrM	204	204	0.0895061728395062
chrM	205	205	0.0151975683890578
chrM	206	206	0.00303030303030303
chrM	207	207	0
chrM	208	208	0.00302114803625378
chrM	209	209	0.0207100591715976
chrM	210	210	0.0174418604651163
chrM	211	211	0.0114942528735632
chrM	212	212	0.00571428571428571
chrM	213	213	0
chrM	214	214	0
chrM	215	215	0.0437158469945355
chrM	216	216	0.0962962962962963
chrM	217	217	0.00491400491400491
chrM	218	218	0
chrM	219	219	0.00488997555012225
chrM	220	220	0.0238663484486874
chrM	221	221	0.066815144766147
chrM	222	222	0.00222222222222222
chrM	223	223	0
chrM	224	224	0.00221729490022173
chrM	225	225	0.0152838427947598
chrM	226	226	0.0213675213675214
chrM	227	227	0.0330578512396694
chrM	228	228	0
chrM	229	229	0
chrM	230	230	0.00206611570247934
chrM	231	231	0
chrM	232	232	0.034
chrM	233	233	0.00398406374501992
chrM	234	234	0.00594059405940594
chrM	235	235	0
chrM	236	236	0
chrM	237	237	0.00199600798403194
chrM	238	238	0.00988142292490119
chrM	239	239	0.00785854616895874
chrM	240	240	0
chrM	241	241	0
chrM	242	242	0
chrM	243	243	0.0136186770428016
chrM	244	244	0.00387596899224806
chrM	245	245	0.00386100386100386
chrM	246	246	0
chrM	247	247	0
chrM	248	248	0.00766283524904215
chrM	249	249	0
chrM	250	250	0.00764818355640535
chrM	251	251	0.00380952380952381
chrM	252	252	0.00379506641366224
chrM	253	253	0.0721830985915493
chrM	254	254	0.0517529215358932
chrM	255	255	0.0277324632952692
chrM	256	256	0.00648298217179903
chrM	257	257	0.0222222222222222
chrM	258	258	0.108910891089109
chrM	259	259	0.077023498694517
chrM	260	260	0.00260756192959583
chrM	261	261	0.0038961038961039
chrM	262	262	0.0153649167733675
chrM	263	263	0.0612980769230769
chrM	264	264	0.00121506682867558
chrM	265	265	0.017921146953405
chrM	266	266	0.00712589073634204
chrM	267	267	0.00118623962040332
chrM	268	268	0.00118764845605701
chrM	269	269	0.0507328072153326
chrM	270	270	0.0348583877995643
chrM	271	271	0.104390243902439
chrM	272	272	0.120171673819742
chrM	273	273	0.058252427184466
chrM	274	274	0.00962309542902967
chrM	275	275	0
chrM	276	276	0.0273651290070367
chrM	277	277	0.00390015600624025
chrM	278	278	0
chrM	279	279	0.00543056633048875
chrM	280	280	0.00769822940723634
chrM	281	281	0.0053639846743295
chrM	282	282	0.0347633136094675
chrM	283	283	0.000740740740740741
chrM	284	284	0
chrM	285	285	0
chrM	286	286	0
chrM	287	287	0
chrM	288	288	0
chrM	289	289	0.00222882615156018
chrM	290	290	0
chrM	291	291	0
chrM	292	292	0.0274566473988439
chrM	293	293	0
chrM	294	294	0
chrM	295	295	0
chrM	296	296	0
chrM	297	297	0
chrM	298	298	0
chrM	299	299	0.0114367405289492
chrM	300	300	0.000717360114777618
chrM	301	301	0.000716845878136201
chrM	302	302	0.00143163922691482
chrM	303	303	0
chrM	304	304	0
chrM	305	305	0
chrM	306	306	0
chrM	307	307	0
chrM	308	308	0
chrM	309	309	0
chrM	310	310	0.000722543352601156
chrM	311	311	0
chrM	312	312	0
chrM	313	313	0
chrM	314	314	0.000727272727272727
chrM	315	315	0
chrM	316	316	0
chrM	317	317	0.00146305779078274
chrM	318	318	0.000730994152046784
chrM	319	319	0
chrM	320	320	0.000732064421669107
chrM	321	321	0.000735294117647059
chrM	322	322	0
chrM	323	323	0
chrM	324	324	0
chrM	325	325	0
chrM	326	326	0.000742390497401633
chrM	327	327	0.00590405904059041
chrM	328	328	0.00147383935151069
chrM	329	329	0.00294117647058824
chrM	330	330	0.000734753857457752
chrM	331	331	0.00220102714600147
chrM	332	332	0
chrM	333	333	0
chrM	334	334	0.0431400282885431
chrM	335	335	0.00141442715700141
chrM	336	336	0.00212615166548547
chrM	337	337	0.000709219858156028
chrM	338	338	0
chrM	339	339	0.000710732054015636
chrM	340	340	0
chrM	341	341	0.00142247510668563
chrM	342	342	0
chrM	343	343	0
chrM	344	344	0
chrM	345	345	0
chrM	346	346	0
chrM	347	347	0.000711743772241993
chrM	348	348	0
chrM	349	349	0.000711237553342817
chrM	350	350	0.000710732054015636
chrM	351	351	0
chrM	352	352	0.0077574047954866
chrM	353	353	0.000716845878136201
chrM	354	354	0
chrM	355	355	0
chrM	356	356	0.000716332378223496
chrM	357	357	0
chrM	358	358	0
chrM	359	359	0
chrM	360	360	0
chrM	361	361	0.000725163161711385
chrM	362	362	0.000725163161711385
chrM	363	363	0
chrM	364	364	0.000727802037845706
chrM	365	365	0
chrM	366	366	0
chrM	367	367	0
chrM	368	368	0.000739644970414201
chrM	369	369	0
chrM	370	370	0.00300978179082017
chrM	371	371	0.00450112528132033
chrM	372	372	0
chrM	373	373	0
chrM	374	374	0.00388500388500389
chrM	375	375	0
chrM	376	376	0.00697674418604651
chrM	377	377	0
chrM	378	378	0
chrM	379	379	0.0015600624024961
chrM	380	380	0
chrM	381	381	0.00798084596967279
chrM	382	382	0.00556438791732909
chrM	383	383	0.00159108989657916
chrM	384	384	0.00396196513470681
chrM	385	385	0
chrM	386	386	0.014866979655712
chrM	387	387	0.00156372165754496
chrM	388	388	0
chrM	389	389	0.000783699059561128
chrM	390	390	0
chrM	391	391	0.0132090132090132
chrM	392	392	0.00318471337579618
chrM	393	393	0.00638977635782748
chrM	394	394	0.00239043824701195
chrM	395	395	0.0211598746081505
chrM	396	396	0.0356060606060606
chrM	397	397	0.0645848119233499
chrM	398	398	0.0242382271468144
chrM	399	399	0.00482425913163336
chrM	400	400	0.000702247191011236
chrM	401	401	0.0048951048951049
chrM	402	402	0.0368600682593857
chrM	403	403	0.0027359781121751
chrM	404	404	0.0197682344921609
chrM	405	405	0.000681198910081744
chrM	406	406	0.0673443456162643
chrM	407	407	0.00505689001264223
chrM	408	408	0.00378310214375788
chrM	409	409	0
chrM	410	410	0.0323565323565324
chrM	411	411	0.0156720916214587
chrM	412	412	0.0154946364719905
chrM	413	413	0.0111962286387743
chrM	414	414	0.001185536455246
chrM	415	415	0.000593119810201661
chrM	416	416	0.00824499411071849
chrM	417	417	0.00819672131147541
chrM	418	418	0.00175541252194266
chrM	419	419	0.000584795321637427
chrM	420	420	0
chrM	421	421	0.00117302052785924
chrM	422	422	0.000587199060481503
chrM	423	423	0
chrM	424	424	0
chrM	425	425	0.00595947556615018
chrM	426	426	0.0300751879699248
chrM	427	427	0.00115807759119861
chrM	428	428	0.000578703703703704
chrM	429	429	0
chrM	430	430	0.00347021399652979
chrM	431	431	0.00288683602771363
chrM	432	432	0.00688073394495413
chrM	433	433	0.0062929061784897
chrM	434	434	0.00114285714285714
chrM	435	435	0
chrM	436	436	0.00681431005110733
chrM	437	437	0.00114678899082569
chrM	438	438	0.0011454753722795
chrM	439	439	0.0118845500848896
chrM	440	440	0.00169587337478802
chrM	441	441	0.00282805429864253
chrM	442	442	0
chrM	443	443	0.000568504832291074
chrM	444	444	0.0117977528089888
chrM	445	445	0.00168634064080944
chrM	446	446	0.000562113546936481
chrM	447	447	0.00168444693992139
chrM	448	448	0
chrM	449	449	0
chrM	450	450	0.000565610859728507
chrM	451	451	0.000580046403712297
chrM	452	452	0.00347423277359583
chrM	453	453	0.000578703703703704
chrM	454	454	0.000578703703703704
chrM	455	455	0.000580046403712297
chrM	456	456	0
chrM	457	457	0.0144258511252164
chrM	458	458	0.00687679083094556
chrM	459	459	0
chrM	460	460	0
chrM	461	461	0
chrM	462	462	0
chrM	463	463	0.011441647597254
chrM	464	464	0.00870069605568445
chrM	465	465	0.000579710144927536
chrM	466	466	0
chrM	467	467	0.00347423277359583
chrM	468	468	0.00519630484988453
chrM	469	469	0.0017472335468841
chrM	470	470	0.00178784266984505
chrM	471	471	0.000600240096038415
chrM	472	472	0
chrM	473	473	0.00300480769230769
chrM	474	474	0.00316055625790139
chrM	475	475	0.00127959053103007
chrM	476	476	0.00319693094629156
chrM	477	477	0
chrM	478	478	0.00192184497117233
chrM	479	479	0.00448143405889885
chrM	480	480	0.000643500643500643
chrM	481	481	0.0603448275862069
chrM	482	482	0.000616142945163278
chrM	483	483	0.00061576354679803
chrM	484	484	0.00307314074984634
chrM	485	485	0
chrM	486	486	0.0624635143023935
chrM	487	487	0.000588235294117647
chrM	488	488	0.0017636684303351
chrM	489	489	0.00293255131964809
chrM	490	490	0.00117164616285882
chrM	491	491	0.00814426992437464
chrM	492	492	0.00174825174825175
chrM	493	493	0
chrM	494	494	0
chrM	495	495	0
chrM	496	496	0.00870574579222287
chrM	497	497	0
chrM	498	498	0.00116822429906542
chrM	499	499	0.000583771161704612
chrM	500	500	0.00982658959537572
chrM	501	501	0.00517538815411156
chrM	502	502	0
chrM	503	503	0
chrM	504	504	0.00115540150202195
chrM	505	505	0.00518433179723502
chrM	506	506	0.00458715596330275
chrM	507	507	0.00343445907269605
chrM	508	508	0
chrM	509	509	0.000574052812858783
chrM	510	510	0
chrM	511	511	0.00513992004568818
chrM	512	512	0.000584795321637427
chrM	513	513	0
chrM	514	514	0
chrM	515	515	0
chrM	516	516	0.000586166471277843
chrM	517	517	0
chrM	518	518	0.00526932084309133
chrM	519	519	0
chrM	520	520	0.00175541252194266
chrM	521	521	0.00116959064327485
chrM	522	522	0
chrM	523	523	0.00471698113207547
chrM	524	524	0
chrM	525	525	0.000591016548463357
chrM	526	526	0.00118063754427391
chrM	527	527	0.00412492634060106
chrM	528	528	0.0179502026635785
chrM	529	529	0.0170745589072282
chrM	530	530	0.0123664980326026
chrM	531	531	0.00560538116591928
chrM	532	532	0.00557413600891862
chrM	533	533	0.00166944908180301
chrM	534	534	0.00277777777777778
chrM	535	535	0.00277161862527716
chrM	536	536	0.000576368876080692
chrM	537	537	0.000577034045008655
chrM	538	538	0
chrM	539	539	0
chrM	540	540	0
chrM	541	541	0
chrM	542	542	0
chrM	543	543	0.000587544065804935
chrM	544	544	0.000587544065804935
chrM	545	545	0
chrM	546	546	0
chrM	547	547	0.066410537870472
chrM	548	548	0.000551571980143409
chrM	549	549	0.000551267916207277
chrM	550	550	0.000551571980143409
chrM	551	551	0
chrM	552	552	0.000552181115405853
chrM	553	553	0.00220628792057364
chrM	554	554	0.00275178866263071
chrM	555	555	0
chrM	556	556	0.00329308452250274
chrM	557	557	0.0272290443139349
chrM	558	558	0.00160427807486631
chrM	559	559	0.00160170848905499
chrM	560	560	0.00372935535428876
chrM	561	561	0.00635256749602965
chrM	562	562	0.0694923607688517
chrM	563	563	0.0102439024390244
chrM	564	564	0.0139557266602502
chrM	565	565	0.00719424460431655
chrM	566	566	0.00239234449760766
chrM	567	567	0.00713945740123751
chrM	568	568	0.00575263662511985
chrM	569	569	0.0444342647732478
chrM	570	570	0.00365130077590141
chrM	571	571	0.00136736554238833
chrM	572	572	0.00227583067819754
chrM	573	573	0.0595034246575342
chrM	574	574	0.0307436643124221
chrM	575	575	0.00865265760197775
chrM	576	576	0.00410509031198686
chrM	577	577	0.00164068908941756
chrM	578	578	0.0372867909559699
chrM	579	579	0.0263975155279503
chrM	580	580	0.000389105058365759
chrM	581	581	0.000779727095516569
chrM	582	582	0.000779423226812159
chrM	583	583	0.0107941403238242
chrM	584	584	0.000770416024653313
chrM	585	585	0.00192604006163328
chrM	586	586	0.00995787054768288
chrM	587	587	0.000768344218209758
chrM	588	588	0.00191717791411043
chrM	589	589	0.00268199233716475
chrM	590	590	0.00116504854368932
chrM	591	591	0.00855033035367276
chrM	592	592	0.00733590733590734
chrM	593	593	0.13953488372093
chrM	594	594	0.00101351351351351
chrM	595	595	0.0244789943764472
chrM	596	596	0.0118032786885246
chrM	597	597	0.00229809586342745
chrM	598	598	0.0129785853341986
chrM	599	599	0.0243748021525799
chrM	600	600	0.0097760958688111
chrM	601	601	0.00126023944549464
chrM	602	602	0.00501567398119122
chrM	603	603	0.0166563849475632
chrM	604	604	0.0250075323892739
chrM	605	605	0.00748727163821503
chrM	606	606	0.00149745432764301
chrM	607	607	0.00597728631201435
chrM	608	608	0.000896057347670251
chrM	609	609	0.00770827156833679
chrM	610	610	0.00177777777777778
chrM	611	611	0.00706090026478376
chrM	612	612	0.00323434284034108
chrM	613	613	0
chrM	614	614	0.0113636363636364
chrM	615	615	0.00384729209825392
chrM	616	616	0.00354400472533963
chrM	617	617	0
chrM	618	618	0.000590493061706525
chrM	619	619	0.00206307102858827
chrM	620	620	0.00847457627118644
chrM	621	621	0.00087719298245614
chrM	622	622	0
chrM	623	623	0
chrM	624	624	0.00117061750073164
chrM	625	625	0.00146412884333821
chrM	626	626	0.00175592625109745
chrM	627	627	0.00204558737580362
chrM	628	628	0.00667634252539913
chrM	629	629	0.00404858299595142
chrM	630	630	0.00375613984397573
chrM	631	631	0.00116009280742459
chrM	632	632	0.0171428571428571
chrM	633	633	0.00765957446808511
chrM	634	634	0.00620592383638928
chrM	635	635	0.0141863699582754
chrM	636	636	0
chrM	637	637	0.000842933408260747
chrM	638	638	0.00168634064080944
chrM	639	639	0.0355784899511135
chrM	640	640	0.000814774579033134
chrM	641	641	0.00270929287455974
chrM	642	642	0.000541858574911948
chrM	643	643	0.000541565123206066
chrM	644	644	0.00135869565217391
chrM	645	645	0.000814553353244638
chrM	646	646	0.000543035568829758
chrM	647	647	0.000814332247557003
chrM	648	648	0
chrM	649	649	0.000814553353244638
chrM	650	650	0.00164428610578241
chrM	651	651	0.00382513661202186
chrM	652	652	0.000546298825457525
chrM	653	653	0
chrM	654	654	0.00190839694656489
chrM	655	655	0.00136165577342048
chrM	656	656	0.00407166123778502
chrM	657	657	0.0089213300892133
chrM	658	658	0.00618113410373556
chrM	659	659	0.000269396551724138
chrM	660	660	0
chrM	661	661	0.00402684563758389
chrM	662	662	0.000268672756582483
chrM	663	663	0.00134156157767642
chrM	664	664	0.00053633681952266
chrM	665	665	0.00267451190157796
chrM	666	666	0.00506801813817018
chrM	667	667	0.00133368898372899
chrM	668	668	0.000267094017094017
chrM	669	669	0.00611214456550625
chrM	670	670	0.00159574468085106
chrM	671	671	0.000265957446808511
chrM	672	672	0.00132837407013815
chrM	673	673	0.000269469145782808
chrM	674	674	0.000538647993536224
chrM	675	675	0.000807319698600646
chrM	676	676	0.000808407437348424
chrM	677	677	0.00457112126915838
chrM	678	678	0.000269034167339252
chrM	679	679	0.00455275843599357
chrM	680	680	0.00187566988210075
chrM	681	681	0
chrM	682	682	0
chrM	683	683	0
chrM	684	684	0.00214707461084273
chrM	685	685	0
chrM	686	686	0.000269251480883145
chrM	687	687	0.0072192513368984
chrM	688	688	0
chrM	689	689	0.000802353570473389
chrM	690	690	0.00053475935828877
chrM	691	691	0.000268312315535283
chrM	692	692	0
chrM	693	693	0.000537634408602151
chrM	694	694	0.0008058017727639
chrM	695	695	0.00107411385606874
chrM	696	696	0.00107613666935701
chrM	697	697	0.000807102502017756
chrM	698	698	0
chrM	699	699	0.000808843354003775
chrM	700	700	0.00134625740441572
chrM	701	701	0.00161507402422611
chrM	702	702	0.00134553283100108
chrM	703	703	0
chrM	704	704	0.00053835800807537
chrM	705	705	0.000269251480883145
chrM	706	706	0.000807754442649435
chrM	707	707	0.0236717517096265
chrM	708	708	0.000788643533123028
chrM	709	709	0.000525762355415352
chrM	710	710	0.00157521659228144
chrM	711	711	0
chrM	712	712	0.0195977307890665
chrM	713	713	0.00205867215645908
chrM	714	714	0.000771604938271605
chrM	715	715	0
chrM	716	716	0.000772797527047913
chrM	717	717	0
chrM	718	718	0.000258197779499096
chrM	719	719	0.00286607608129234
chrM	720	720	0.00673226307612636
chrM	721	721	0.00025980774227072
chrM	722	722	0.00336787564766839
chrM	723	723	0.00129466597617815
chrM	724	724	0.000519480519480519
chrM	725	725	0.000780843310775638
chrM	726	726	0
chrM	727	727	0.00234558248631744
chrM	728	728	0.00392464678178964
chrM	729	729	0.00365821792526783
chrM	730	730	0.00659159571546278
chrM	731	731	0.00110497237569061
chrM	732	732	0.0218978102189781
chrM	733	733	0.0149213962163602
chrM	734	734	0.00898045430533545
chrM	735	735	0.0535937891309792
chrM	736	736	0.00275137568784392
chrM	737	737	0.00324189526184539
chrM	738	738	0.000249687890137328
chrM	739	739	0.00325325325325325
chrM	740	740	0.000751691305437234
chrM	741	741	0.00275
chrM	742	742	0.00149812734082397
chrM	743	743	0.00274109145277847
chrM	744	744	0.00324108701072052
chrM	745	745	0.00472519273812484
chrM	746	746	0.00771720189195917
chrM	747	747	0.0005
chrM	748	748	0.00299775168623532
chrM	749	749	0.00100401606425703
chrM	750	750	0.00631313131313131
chrM	751	751	0.00101317122593718
chrM	752	752	0.00228021281986319
chrM	753	753	0.00203303684879288
chrM	754	754	0.000254452926208651
chrM	755	755	0.00833122948750315
chrM	756	756	0.00652446675031368
chrM	757	757	0.00101137800252844
chrM	758	758	0.000757958564931784
chrM	759	759	0.0110192837465565
chrM	760	760	0.00200050012503126
chrM	761	761	0.00174868848363727
chrM	762	762	0.00125250501002004
chrM	763	763	0.00424257549288745
chrM	764	764	0.00174389636273044
chrM	765	765	0.0166666666666667
chrM	766	766	0.0002465483234714
chrM	767	767	0.00197044334975369
chrM	768	768	0.000246669955599408
chrM	769	769	0.000246791707798618
chrM	770	770	0
chrM	771	771	0.000989853996535511
chrM	772	772	0.00049480455220188
chrM	773	773	0.000741656365883807
chrM	774	774	0
chrM	775	775	0.0014873574615766
chrM	776	776	0.000254777070063694
chrM	777	777	0.00127258844489692
chrM	778	778	0.00229533282325937
chrM	779	779	0.00254452926208651
chrM	780	780	0.00355239786856128
chrM	781	781	0.0007627765064836
chrM	782	782	0.00254841997961264
chrM	783	783	0
chrM	784	784	0
chrM	785	785	0.000767656090071648
chrM	786	786	0.00153335037055967
chrM	787	787	0.00179257362355954
chrM	788	788	0
chrM	789	789	0.00102511532547412
chrM	790	790	0.00102485267742762
chrM	791	791	0.000772598506309554
chrM	792	792	0.000257599175682638
chrM	793	793	0.000515463917525773
chrM	794	794	0.000516129032258065
chrM	795	795	0.00334448160535117
chrM	796	796	0.00231898995104355
chrM	797	797	0
chrM	798	798	0
chrM	799	799	0.000259336099585062
chrM	800	800	0.0141170431211499
chrM	801	801	0.00180412371134021
chrM	802	802	0.000257731958762887
chrM	803	803	0.000515198351365276
chrM	804	804	0.00462368353454919
chrM	805	805	0.00154083204930663
chrM	806	806	0
chrM	807	807	0.000258866166192079
chrM	808	808	0.00025953802232027
chrM	809	809	0.000259605399792316
chrM	810	810	0.000259672812256557
chrM	811	811	0.000260281103591879
chrM	812	812	0
chrM	813	813	0.00399467376830892
chrM	814	814	0.0018626929217669
chrM	815	815	0.00582627118644068
chrM	816	816	0.000266311584553928
chrM	817	817	0.000536049316537121
chrM	818	818	0.000536480686695279
chrM	819	819	0.000269323996768112
chrM	820	820	0.00107642626480086
chrM	821	821	0.000537923614846692
chrM	822	822	0.000808189655172414
chrM	823	823	0.000538938291565616
chrM	824	824	0
chrM	825	825	0.00189291508923743
chrM	826	826	0.000271076172404446
chrM	827	827	0.00243374797187669
chrM	828	828	0
chrM	829	829	0.00108283703302653
chrM	830	830	0.00162557572473584
chrM	831	831	0.0021680216802168
chrM	832	832	0.00162822252374491
chrM	833	833	0.000813449023861171
chrM	834	834	0.00162822252374491
chrM	835	835	0.00459459459459459
chrM	836	836	0.000540540540540541
chrM	837	837	0.00135025654874426
chrM	838	838	0.0013550135501355
chrM	839	839	0.000544810678289294
chrM	840	840	0.0262669143008756
chrM	841	841	0.00583244962884411
chrM	842	842	0.000265181649429859
chrM	843	843	0.000265392781316348
chrM	844	844	0.00318555880010619
chrM	845	845	0.00159235668789809
chrM	846	846	0.000265392781316348
chrM	847	847	0.000266169816342827
chrM	848	848	0.000534473543559594
chrM	849	849	0.00106780565936999
chrM	850	850	0.00293020777836974
chrM	851	851	0.00186965811965812
chrM	852	852	0.00107353730542136
chrM	853	853	0.0008058017727639
chrM	854	854	0.00374632057800375
chrM	855	855	0.00691489361702128
chrM	856	856	0.00106382978723404
chrM	857	857	0.00403551251008878
chrM	858	858	0.00134480903711673
chrM	859	859	0.000541125541125541
chrM	860	860	0.0122282608695652
chrM	861	861	0.000273822562979189
chrM	862	862	0.010379677683693
chrM	863	863	0.000275027502750275
chrM	864	864	0.00656634746922025
chrM	865	865	0.000554016620498615
chrM	866	866	0.0013869625520111
chrM	867	867	0
chrM	868	868	0.00832408435072142
chrM	869	869	0.0172131147540984
chrM	870	870	0.00219118049849356
chrM	871	871	0.0819465456379223
chrM	872	872	0.0333006856023506
chrM	873	873	0.00171526586620926
chrM	874	874	0.0181774115365972
chrM	875	875	0.00366389838788471
chrM	876	876	0.010890609874153
chrM	877	877	0.000243072435585805
chrM	878	878	0.0176695319961796
chrM	879	879	0.00262216924910608
chrM	880	880	0.00264105642256903
chrM	881	881	0.0335195530726257
chrM	882	882	0.000234907211651398
chrM	883	883	0
chrM	884	884	0.000238208670795617
chrM	885	885	0.00451950523311132
chrM	886	886	0.000476758045292014
chrM	887	887	0.000954198473282443
chrM	888	888	0.00238379022646007
chrM	889	889	0.000478354460655346
chrM	890	890	0.000478468899521531
chrM	891	891	0.000239635753654445
chrM	892	892	0.000481463649494463
chrM	893	893	0.0211100569259962
chrM	894	894	0.00165758939142789
chrM	895	895	0
chrM	896	896	0
chrM	897	897	0.000948091964920597
chrM	898	898	0.00284158181387639
chrM	899	899	0.00283687943262411
chrM	900	900	0.000236406619385343
chrM	901	901	0.00727699530516432
chrM	902	902	0.000703894885030502
chrM	903	903	0.000469593801361822
chrM	904	904	0.000235183443085607
chrM	905	905	0.000481347773766546
chrM	906	906	0.00168918918918919
chrM	907	907	0.000482509047044632
chrM	908	908	0.0126280676673815
chrM	909	909	0
chrM	910	910	0
chrM	911	911	0.00147347740667976
chrM	912	912	0
chrM	913	913	0
chrM	914	914	0
chrM	915	915	0.00148588410104012
chrM	916	916	0
chrM	917	917	0.00420583869371598
chrM	918	918	0.0054917623564653
chrM	919	919	0.0035008752188047
chrM	920	920	0.000500625782227785
chrM	921	921	0.000508001016002032
chrM	922	922	0.00382262996941896
chrM	923	923	0.00077901843676967
chrM	924	924	0.00392362019356526
chrM	925	925	0.000262191924488726
chrM	926	926	0.00211920529801325
chrM	927	927	0.000265604249667995
chrM	928	928	0.00222655162816588
chrM	929	929	0
chrM	930	930	0.000561324726354196
chrM	931	931	0.00112517580872011
chrM	932	932	0.00224592925322852
chrM	933	933	0
chrM	934	934	0.0114461194863205
chrM	935	935	0
chrM	936	936	0.00341394025604552
chrM	937	937	0.00931151241534989
chrM	938	938	0.00028328611898017
chrM	939	939	0.00141442715700141
chrM	940	940	0.000283446712018141
chrM	941	941	0.00141562853907135
chrM	942	942	0.0087054198258916
chrM	943	943	0.00196518809657496
chrM	944	944	0.0002808199943836
chrM	945	945	0.000842223469960696
chrM	946	946	0.000561167227833895
chrM	947	947	0.0050251256281407
chrM	948	948	0
chrM	949	949	0.00195149149707276
chrM	950	950	0.000558035714285714
chrM	951	951	0.000557724484104852
chrM	952	952	0.000557413600891862
chrM	953	953	0.00111607142857143
chrM	954	954	0.0107764575849682
chrM	955	955	0.00114155251141553
chrM	956	956	0
chrM	957	957	0
chrM	958	958	0
chrM	959	959	0.000600600600600601
chrM	960	960	0.000300210147102972
chrM	961	961	0
chrM	962	962	0
chrM	963	963	0.00269541778975741
chrM	964	964	0.000299580587177951
chrM	965	965	0.0011997600479904
chrM	966	966	0.00119940029985007
chrM	967	967	0.00180234304595975
chrM	968	968	0.000600420294205944
chrM	969	969	0.000301204819277108
chrM	970	970	0
chrM	971	971	0
chrM	972	972	0.00181983621474067
chrM	973	973	0
chrM	974	974	0.00362976406533575
chrM	975	975	0.00090689238210399
chrM	976	976	0.00361554685146128
chrM	977	977	0
chrM	978	978	0
chrM	979	979	0.00152951973080453
chrM	980	980	0.00061143381228982
chrM	981	981	0.000305810397553517
chrM	982	982	0.000611246943765281
chrM	983	983	0.00152578577967653
chrM	984	984	0.000305250305250305
chrM	985	985	0
chrM	986	986	0
chrM	987	987	0
chrM	988	988	0
chrM	989	989	0
chrM	990	990	0
chrM	991	991	0.00276158330776312
chrM	992	992	0
chrM	993	993	0.000307125307125307
chrM	994	994	0.000920810313075506
chrM	995	995	0.00092109303039607
chrM	996	996	0
chrM	997	997	0.00122887864823349
chrM	998	998	0.000307219662058372
chrM	999	999	0
chrM	1000	1000	0
chrM	1001	1001	0
chrM	1002	1002	0.00030750307503075
chrM	1003	1003	0.000307408545957578
chrM	1004	1004	0.00153468385512584
chrM	1005	1005	0.000306842589751458
chrM	1006	1006	0.000613496932515337
chrM	1007	1007	0.00244947948560931
chrM	1008	1008	0
chrM	1009	1009	0.00672371638141809
chrM	1010	1010	0
chrM	1011	1011	0
chrM	1012	1012	0
chrM	1013	1013	0.000917992656058752
chrM	1014	1014	0.00122249388753056
chrM	1015	1015	0.00426049908703591
chrM	1016	1016	0.00273224043715847
chrM	1017	1017	0.000909918107370337
chrM	1018	1018	0
chrM	1019	1019	0.00151515151515152
chrM	1020	1020	0.00275229357798165
chrM	1021	1021	0.00519083969465649
chrM	1022	1022	0.00304599451720987
chrM	1023	1023	0.00965600482800241
chrM	1024	1024	0.00150693188667872
chrM	1025	1025	0
chrM	1026	1026	0.0284374083846379
chrM	1027	1027	0.00325059101654846
chrM	1028	1028	0.00147536146355857
chrM	1029	1029	0.00878220140515222
chrM	1030	1030	0.000292825768667643
chrM	1031	1031	0.0119394292370414
chrM	1032	1032	0
chrM	1033	1033	0.0759112085502878
chrM	1034	1034	0.0188526797737678
chrM	1035	1035	0.00134625740441572
chrM	1036	1036	0.000807102502017756
chrM	1037	1037	0.00188172043010753
chrM	1038	1038	0.0159066808059385
chrM	1039	1039	0.000265041081367612
chrM	1040	1040	0.0357873210633947
chrM	1041	1041	0.00407331975560081
chrM	1042	1042	0.00431034482758621
chrM	1043	1043	0.00429401363980803
chrM	1044	1044	0.00302267002518892
chrM	1045	1045	0.0310398344542162
chrM	1046	1046	0.000775995861355406
chrM	1047	1047	0.00181018877682958
chrM	1048	1048	0.0107471852610031
chrM	1049	1049	0.0089058524173028
chrM	1050	1050	0.00127258844489692
chrM	1051	1051	0.0113464447806354
chrM	1052	1052	0.00126103404791929
chrM	1053	1053	0.000756238971514999
chrM	1054	1054	0.00100857286938981
chrM	1055	1055	0.00100781053162006
chrM	1056	1056	0.000757958564931784
chrM	1057	1057	0.000252716704574172
chrM	1058	1058	0.00100984599848523
chrM	1059	1059	0.00552763819095477
chrM	1060	1060	0.0245278390973755
chrM	1061	1061	0.0073295870999267
chrM	1062	1062	0.0009765625
chrM	1063	1063	0.00049800796812749
chrM	1064	1064	0.000249003984063745
chrM	1065	1065	0.000252461499621308
chrM	1066	1066	0
chrM	1067	1067	0.00151706700379267
chrM	1068	1068	0.000252844500632111
chrM	1069	1069	0.00101061141990905
chrM	1070	1070	0.00201714573877963
chrM	1071	1071	0.0055179332831703
chrM	1072	1072	0.00175746924428822
chrM	1073	1073	0
chrM	1074	1074	0.00151706700379267
chrM	1075	1075	0.000505433409148345
chrM	1076	1076	0.000506457330969866
chrM	1077	1077	0
chrM	1078	1078	0.00177349885989359
chrM	1079	1079	0
chrM	1080	1080	0.000254388196387688
chrM	1081	1081	0.0055668016194332
chrM	1082	1082	0
chrM	1083	1083	0
chrM	1084	1084	0
chrM	1085	1085	0.00180505415162455
chrM	1086	1086	0.00103119360659964
chrM	1087	1087	0
chrM	1088	1088	0
chrM	1089	1089	0.000263296471827277
chrM	1090	1090	0
chrM	1091	1091	0.000526731630234396
chrM	1092	1092	0.000276014352746343
chrM	1093	1093	0.00165471594043023
chrM	1094	1094	0.00137854976564654
chrM	1095	1095	0.0160587915078933
chrM	1096	1096	0.00841476655808903
chrM	1097	1097	0.00737100737100737
chrM	1098	1098	0.00201380897583429
chrM	1099	1099	0.00201845444059977
chrM	1100	1100	0.00144717800289436
chrM	1101	1101	0.035195530726257
chrM	1102	1102	0.000290275761973875
chrM	1103	1103	0.00115975645114526
chrM	1104	1104	0.00404273751082876
chrM	1105	1105	0.00144300144300144
chrM	1106	1106	0.000577034045008655
chrM	1107	1107	0
chrM	1108	1108	0.00405092592592593
chrM	1109	1109	0
chrM	1110	1110	0
chrM	1111	1111	0.000290107339715695
chrM	1112	1112	0
chrM	1113	1113	0.0029753049687593
chrM	1114	1114	0.00118906064209275
chrM	1115	1115	0.000594530321046373
chrM	1116	1116	0.000297353553374963
chrM	1117	1117	0.00209080047789725
chrM	1118	1118	0.00119402985074627
chrM	1119	1119	0.000895522388059702
chrM	1120	1120	0.00208955223880597
chrM	1121	1121	0.00208955223880597
chrM	1122	1122	0.00976620301864457
chrM	1123	1123	0.00265643447461629
chrM	1124	1124	0.000590667454223272
chrM	1125	1125	0
chrM	1126	1126	0
chrM	1127	1127	0.0053019145802651
chrM	1128	1128	0.00147188695908154
chrM	1129	1129	0.00117612466921494
chrM	1130	1130	0.00293513354857646
chrM	1131	1131	0
chrM	1132	1132	0.00117681671079729
chrM	1133	1133	0.000882093501911203
chrM	1134	1134	0.00759567630733275
chrM	1135	1135	0.00233236151603499
chrM	1136	1136	0.00290697674418605
chrM	1137	1137	0.000872346612387322
chrM	1138	1138	0.00029086678301338
chrM	1139	1139	0
chrM	1140	1140	0
chrM	1141	1141	0.000291375291375291
chrM	1142	1142	0.01040763226366
chrM	1143	1143	0
chrM	1144	1144	0.000289435600578871
chrM	1145	1145	0
chrM	1146	1146	0
chrM	1147	1147	0
chrM	1148	1148	0.000589275191514437
chrM	1149	1149	0.000591191250369495
chrM	1150	1150	0
chrM	1151	1151	0.00029603315571344
chrM	1152	1152	0.000296208530805687
chrM	1153	1153	0.000296296296296296
chrM	1154	1154	0.00148060408646728
chrM	1155	1155	0
chrM	1156	1156	0
chrM	1157	1157	0
chrM	1158	1158	0.00119617224880383
chrM	1159	1159	0.00298507462686567
chrM	1160	1160	0.00652431791221827
chrM	1161	1161	0
chrM	1162	1162	0.000893122953259899
chrM	1163	1163	0.00267618198037467
chrM	1164	1164	0.00118941421349985
chrM	1165	1165	0.000893388921977367
chrM	1166	1166	0.00119438638399522
chrM	1167	1167	0.00119438638399522
chrM	1168	1168	0
chrM	1169	1169	0.000298953662182362
chrM	1170	1170	0.0103734439834025
chrM	1171	1171	0.000604960677555959
chrM	1172	1172	0
chrM	1173	1173	0.000906618313689937
chrM	1174	1174	0
chrM	1175	1175	0
chrM	1176	1176	0.000607718018839259
chrM	1177	1177	0
chrM	1178	1178	0
chrM	1179	1179	0
chrM	1180	1180	0.000306184935701164
chrM	1181	1181	0
chrM	1182	1182	0
chrM	1183	1183	0.000310077519379845
chrM	1184	1184	0
chrM	1185	1185	0
chrM	1186	1186	0.00062402496099844
chrM	1187	1187	0
chrM	1188	1188	0.000315159155373464
chrM	1189	1189	0.000315357931251971
chrM	1190	1190	0
chrM	1191	1191	0.000320410124959949
chrM	1192	1192	0.00192122958693564
chrM	1193	1193	0.00224
chrM	1194	1194	0.000320821302534488
chrM	1195	1195	0
chrM	1196	1196	0.000321957501609788
chrM	1197	1197	0
chrM	1198	1198	0.00193861066235864
chrM	1199	1199	0.000648298217179903
chrM	1200	1200	0.000326157860404436
chrM	1201	1201	0
chrM	1202	1202	0
chrM	1203	1203	0
chrM	1204	1204	0.000350754121360926
chrM	1205	1205	0.00558659217877095
chrM	1206	1206	0
chrM	1207	1207	0
chrM	1208	1208	0.0017611835153223
chrM	1209	1209	0
chrM	1210	1210	0.00108342361863489
chrM	1211	1211	0
chrM	1212	1212	0
chrM	1213	1213	0.00675929402929027
chrM	1214	1214	0
chrM	1215	1215	0.000764233855559801
chrM	1216	1216	0
chrM	1217	1217	0.00297176820208024
chrM	1218	1218	0.000500751126690035
chrM	1219	1219	0
chrM	1220	1220	0
chrM	1221	1221	0.000536768652710682
chrM	1222	1222	0.00349854227405248
chrM	1223	1223	0.0023296447291788
chrM	1224	1224	0
chrM	1225	1225	0
chrM	1226	1226	0
chrM	1227	1227	0
chrM	1228	1228	0.00269360269360269
chrM	1229	1229	0.0021505376344086
chrM	1230	1230	0.00712250712250712
chrM	1231	1231	0.000723065798987708
chrM	1232	1232	0.000757002271006813
chrM	1233	1233	0
chrM	1234	1234	0.00323362974939369
chrM	1235	1235	0
chrM	1236	1236	0.00429184549356223
chrM	1237	1237	0
chrM	1238	1238	0.000859106529209622
chrM	1239	1239	0
chrM	1240	1240	0.00515021459227468
chrM	1241	1241	0.00342759211653813
chrM	1242	1242	0
chrM	1243	1243	0.000856164383561644
chrM	1244	1244	0
chrM	1245	1245	0.000855431993156544
chrM	1246	1246	0
chrM	1247	1247	0.00171232876712329
chrM	1248	1248	0
chrM	1249	1249	0
chrM	1250	1250	0.000868055555555556
chrM	1251	1251	0
chrM	1252	1252	0
chrM	1253	1253	0
chrM	1254	1254	0.0184210526315789
chrM	1255	1255	0.00184162062615101
chrM	1256	1256	0
chrM	1257	1257	0
chrM	1258	1258	0
chrM	1259	1259	0
chrM	1260	1260	0.00509683995922528
chrM	1261	1261	0
chrM	1262	1262	0.00203458799593082
chrM	1263	1263	0.00101626016260163
chrM	1264	1264	0.00910010111223458
chrM	1265	1265	0.00303951367781155
chrM	1266	1266	0
chrM	1267	1267	0
chrM	1268	1268	0
chrM	1269	1269	0.00102669404517454
chrM	1270	1270	0.00204918032786885
chrM	1271	1271	0.00204498977505112
chrM	1272	1272	0
chrM	1273	1273	0
chrM	1274	1274	0.00102249488752556
chrM	1275	1275	0.00204081632653061
chrM	1276	1276	0.00511247443762781
chrM	1277	1277	0.00204081632653061
chrM	1278	1278	0
chrM	1279	1279	0.00203665987780041
chrM	1280	1280	0.00203252032520325
chrM	1281	1281	0
chrM	1282	1282	0
chrM	1283	1283	0
chrM	1284	1284	0
chrM	1285	1285	0
chrM	1286	1286	0
chrM	1287	1287	0
chrM	1288	1288	0
chrM	1289	1289	0
chrM	1290	1290	0
chrM	1291	1291	0.00213675213675214
chrM	1292	1292	0.00107296137339056
chrM	1293	1293	0
chrM	1294	1294	0
chrM	1295	1295	0
chrM	1296	1296	0.00222222222222222
chrM	1297	1297	0
chrM	1298	1298	0
chrM	1299	1299	0
chrM	1300	1300	0.00116144018583043
chrM	1301	1301	0
chrM	1302	1302	0
chrM	1303	1303	0
chrM	1304	1304	0.00120481927710843
chrM	1305	1305	0.00120481927710843
chrM	1306	1306	0
chrM	1307	1307	0
chrM	1308	1308	0
chrM	1309	1309	0
chrM	1310	1310	0.00253485424588086
chrM	1311	1311	0
chrM	1312	1312	0
chrM	1313	1313	0
chrM	1314	1314	0
chrM	1315	1315	0.00130548302872063
chrM	1316	1316	0
chrM	1317	1317	0
chrM	1318	1318	0
chrM	1319	1319	0
chrM	1320	1320	0
chrM	1321	1321	0
chrM	1322	1322	0
chrM	1323	1323	0.00134770889487871
chrM	1324	1324	0
chrM	1325	1325	0
chrM	1326	1326	0
chrM	1327	1327	0
chrM	1328	1328	0
chrM	1329	1329	0
chrM	1330	1330	0
chrM	1331	1331	0
chrM	1332	1332	0.00135135135135135
chrM	1333	1333	0
chrM	1334	1334	0
chrM	1335	1335	0.00135685210312076
chrM	1336	1336	0
chrM	1337	1337	0
chrM	1338	1338	0
chrM	1339	1339	0
chrM	1340	1340	0
chrM	1341	1341	0
chrM	1342	1342	0
chrM	1343	1343	0
chrM	1344	1344	0
chrM	1345	1345	0
chrM	1346	1346	0
chrM	1347	1347	0
chrM	1348	1348	0
chrM	1349	1349	0
chrM	1350	1350	0.00153374233128834
chrM	1351	1351	0
chrM	1352	1352	0
chrM	1353	1353	0.00153374233128834
chrM	1354	1354	0
chrM	1355	1355	0
chrM	1356	1356	0
chrM	1357	1357	0
chrM	1358	1358	0
chrM	1359	1359	0.00154559505409583
chrM	1360	1360	0.00308641975308642
chrM	1361	1361	0
chrM	1362	1362	0
chrM	1363	1363	0
chrM	1364	1364	0
chrM	1365	1365	0
chrM	1366	1366	0
chrM	1367	1367	0
chrM	1368	1368	0.00181818181818182
chrM	1369	1369	0.00184842883548983
chrM	1370	1370	0
chrM	1371	1371	0
chrM	1372	1372	0
chrM	1373	1373	0
chrM	1374	1374	0
chrM	1375	1375	0
chrM	1376	1376	0
chrM	1377	1377	0
chrM	1378	1378	0
chrM	1379	1379	0.00239234449760766
chrM	1380	1380	0.0442890442890443
chrM	1381	1381	0
chrM	1382	1382	0
chrM	1383	1383	0
chrM	1384	1384	0.00232558139534884
chrM	1385	1385	0
chrM	1386	1386	0
chrM	1387	1387	0
chrM	1388	1388	0
chrM	1389	1389	0
chrM	1390	1390	0
chrM	1391	1391	0
chrM	1392	1392	0
chrM	1393	1393	0
chrM	1394	1394	0
chrM	1395	1395	0
chrM	1396	1396	0
chrM	1397	1397	0.00234741784037559
chrM	1398	1398	0
chrM	1399	1399	0
chrM	1400	1400	0.00234192037470726
chrM	1401	1401	0
chrM	1402	1402	0.00235294117647059
chrM	1403	1403	0.00709219858156028
chrM	1404	1404	0.00480769230769231
chrM	1405	1405	0
chrM	1406	1406	0
chrM	1407	1407	0
chrM	1408	1408	0
chrM	1409	1409	0
chrM	1410	1410	0
chrM	1411	1411	0.00273972602739726
chrM	1412	1412	0
chrM	1413	1413	0
chrM	1414	1414	0
chrM	1415	1415	0
chrM	1416	1416	0
chrM	1417	1417	0
chrM	1418	1418	0
chrM	1419	1419	0
chrM	1420	1420	0.00335570469798658
chrM	1421	1421	0
chrM	1422	1422	0
chrM	1423	1423	0
chrM	1424	1424	0.00350877192982456
chrM	1425	1425	0
chrM	1426	1426	0.00380228136882129
chrM	1427	1427	0
chrM	1428	1428	0
chrM	1429	1429	0.00754716981132075
chrM	1430	1430	0.00380228136882129
chrM	1431	1431	0
chrM	1432	1432	0
chrM	1433	1433	0
chrM	1434	1434	0
chrM	1435	1435	0
chrM	1436	1436	0.0225563909774436
chrM	1437	1437	0
chrM	1438	1438	0
chrM	1439	1439	0
chrM	1440	1440	0
chrM	1441	1441	0.00392156862745098
chrM	1442	1442	0
chrM	1443	1443	0
chrM	1444	1444	0
chrM	1445	1445	0.00401606425702811
chrM	1446	1446	0
chrM	1447	1447	0.004
chrM	1448	1448	0
chrM	1449	1449	0
chrM	1450	1450	0
chrM	1451	1451	0
chrM	1452	1452	0.0119047619047619
chrM	1453	1453	0
chrM	1454	1454	0
chrM	1455	1455	0.0194552529182879
chrM	1456	1456	0
chrM	1457	1457	0
chrM	1458	1458	0
chrM	1459	1459	0
chrM	1460	1460	0
chrM	1461	1461	0
chrM	1462	1462	0.00389105058365759
chrM	1463	1463	0
chrM	1464	1464	0
chrM	1465	1465	0
chrM	1466	1466	0.00387596899224806
chrM	1467	1467	0
chrM	1468	1468	0.00386100386100386
chrM	1469	1469	0.00766283524904215
chrM	1470	1470	0.00381679389312977
chrM	1471	1471	0.00757575757575758
chrM	1472	1472	0
chrM	1473	1473	0
chrM	1474	1474	0
chrM	1475	1475	0
chrM	1476	1476	0.0112781954887218
chrM	1477	1477	0.0111524163568773
chrM	1478	1478	0.0037037037037037
chrM	1479	1479	0.00371747211895911
chrM	1480	1480	0.00740740740740741
chrM	1481	1481	0.003690036900369
chrM	1482	1482	0
chrM	1483	1483	0.00732600732600733
chrM	1484	1484	0
chrM	1485	1485	0
chrM	1486	1486	0.00364963503649635
chrM	1487	1487	0
chrM	1488	1488	0
chrM	1489	1489	0
chrM	1490	1490	0
chrM	1491	1491	0
chrM	1492	1492	0
chrM	1493	1493	0
chrM	1494	1494	0.00364963503649635
chrM	1495	1495	0
chrM	1496	1496	0.00363636363636364
chrM	1497	1497	0
chrM	1498	1498	0
chrM	1499	1499	0
chrM	1500	1500	0
chrM	1501	1501	0
chrM	1502	1502	0
chrM	1503	1503	0.0036231884057971
chrM	1504	1504	0
chrM	1505	1505	0.010752688172043
chrM	1506	1506	0
chrM	1507	1507	0
chrM	1508	1508	0
chrM	1509	1509	0.00357142857142857
chrM	1510	1510	0
chrM	1511	1511	0
chrM	1512	1512	0.00355871886120996
chrM	1513	1513	0
chrM	1514	1514	0
chrM	1515	1515	0.00354609929078014
chrM	1516	1516	0
chrM	1517	1517	0
chrM	1518	1518	0
chrM	1519	1519	0
chrM	1520	1520	0.0309278350515464
chrM	1521	1521	0
chrM	1522	1522	0
chrM	1523	1523	0.0068259385665529
chrM	1524	1524	0.00680272108843537
chrM	1525	1525	0.0754716981132075
chrM	1526	1526	0.0124223602484472
chrM	1527	1527	0.0301204819277108
chrM	1528	1528	0.00895522388059702
chrM	1529	1529	0.00298507462686567
chrM	1530	1530	0
chrM	1531	1531	0.00297619047619048
chrM	1532	1532	0.0819672131147541
chrM	1533	1533	0.00272479564032698
chrM	1534	1534	0.00271739130434783
chrM	1535	1535	0.00540540540540541
chrM	1536	1536	0.0106951871657754
chrM	1537	1537	0.00531914893617021
chrM	1538	1538	0
chrM	1539	1539	0.0105263157894737
chrM	1540	1540	0.0026246719160105
chrM	1541	1541	0
chrM	1542	1542	0.224032586558045
chrM	1543	1543	0.0121212121212121
chrM	1544	1544	0.00402414486921529
chrM	1545	1545	0.0138888888888889
chrM	1546	1546	0.0078740157480315
chrM	1547	1547	0.0193423597678917
chrM	1548	1548	0.00385356454720617
chrM	1549	1549	0.0170454545454545
chrM	1550	1550	0.0222222222222222
chrM	1551	1551	0.00917431192660551
chrM	1552	1552	0.00547445255474453
chrM	1553	1553	0.00904159132007233
chrM	1554	1554	0.0125
chrM	1555	1555	0.0140845070422535
chrM	1556	1556	0.0104529616724739
chrM	1557	1557	0
chrM	1558	1558	0.013745704467354
chrM	1559	1559	0.023489932885906
chrM	1560	1560	0.0277324632952692
chrM	1561	1561	0.0032520325203252
chrM	1562	1562	0.0016260162601626
chrM	1563	1563	0.0112540192926045
chrM	1564	1564	0.0126984126984127
chrM	1565	1565	0.00158730158730159
chrM	1566	1566	0.010989010989011
chrM	1567	1567	0.021505376344086
chrM	1568	1568	0.00306278713629403
chrM	1569	1569	0.00305343511450382
chrM	1570	1570	0.0105740181268882
chrM	1571	1571	0.00301204819277108
chrM	1572	1572	0.00150375939849624
chrM	1573	1573	0
chrM	1574	1574	0.0580736543909348
chrM	1575	1575	0.00423131170662906
chrM	1576	1576	0.137469586374696
chrM	1577	1577	0.0486111111111111
chrM	1578	1578	0.0421286031042129
chrM	1579	1579	0.0564853556485356
chrM	1580	1580	0.00932642487046632
chrM	1581	1581	0.053921568627451
chrM	1582	1582	0.0538033395176252
chrM	1583	1583	0.0226654578422484
chrM	1584	1584	0.469201154956689
chrM	1585	1585	0.0366249420491423
chrM	1586	1586	0.119951040391677
chrM	1587	1587	0.325440528634361
chrM	1588	1588	0.0563929313929314
chrM	1589	1589	0.0348633057436669
chrM	1590	1590	0.00175262894341512
chrM	1591	1591	0.342334925078215
chrM	1592	1592	0.0867669172932331
chrM	1593	1593	0.0203299941072481
chrM	1594	1594	0.00803741049247406
chrM	1595	1595	0.00204200700116686
chrM	1596	1596	0.00939170640080913
chrM	1597	1597	0.00517464424320828
chrM	1598	1598	0.00129198966408269
chrM	1599	1599	0.016379553798362
chrM	1600	1600	0.000423429781227946
chrM	1601	1601	0.00742504903334267
chrM	1602	1602	0.0309530274232962
chrM	1603	1603	0.00794612794612795
chrM	1604	1604	0.00255239118753358
chrM	1605	1605	0.000939471211917863
chrM	1606	1606	0.03133125325013
chrM	1607	1607	0.0239817282070803
chrM	1608	1608	0.000507292327203551
chrM	1609	1609	0.00341253791708797
chrM	1610	1610	0.000505369551484523
chrM	1611	1611	0.0150572424091588
chrM	1612	1612	0.00371931564592115
chrM	1613	1613	0.000990957512696643
chrM	1614	1614	0.00123716441915131
chrM	1615	1615	0.00172924901185771
chrM	1616	1616	0.0044269552385637
chrM	1617	1617	0.000860056517999754
chrM	1618	1618	0.00281793678020093
chrM	1619	1619	0.00620966760014611
chrM	1620	1620	0.00689238210399033
chrM	1621	1621	0.000362669245647969
chrM	1622	1622	0.0144219308700834
chrM	1623	1623	0.0108477773847424
chrM	1624	1624	0.00457746478873239
chrM	1625	1625	0.0136605695762908
chrM	1626	1626	0.0123485021724217
chrM	1627	1627	0.00228154232261008
chrM	1628	1628	0.000683994528043776
chrM	1629	1629	0.0113828468387242
chrM	1630	1630	0.0111482720178372
chrM	1631	1631	0.000111470293166871
chrM	1632	1632	0.00763358778625954
chrM	1633	1633	0.0126706717640634
chrM	1634	1634	0.0101665585117889
chrM	1635	1635	0.0132337246531483
chrM	1636	1636	0.0248751040799334
chrM	1637	1637	0.00228452751817238
chrM	1638	1638	0.000518941359626362
chrM	1639	1639	0.00639373001959369
chrM	1640	1640	0.00133882595262616
chrM	1641	1641	0.0087790935075541
chrM	1642	1642	0.0441994340911308
chrM	1643	1643	0.000487662147664098
chrM	1644	1644	0.00658914728682171
chrM	1645	1645	0.0104516252756736
chrM	1646	1646	0.00296367112810707
chrM	1647	1647	0.000668768510556989
chrM	1648	1648	0.00342759211653813
chrM	1649	1649	0.00568020448736154
chrM	1650	1650	9.46611132146914e-05
chrM	1651	1651	0.00816901408450704
chrM	1652	1652	0.00439375525848369
chrM	1653	1653	0.0391769251505077
chrM	1654	1654	0.0114585183869249
chrM	1655	1655	0.000798792935120263
chrM	1656	1656	0.00150655795817086
chrM	1657	1657	0.000620017714791851
chrM	1658	1658	0.0129415879678209
chrM	1659	1659	0.00139737991266376
chrM	1660	1660	0.00209168554993899
chrM	1661	1661	0.000609702987544639
chrM	1662	1662	0
chrM	1663	1663	0.00485436893203883
chrM	1664	1664	0.000433275563258232
chrM	1665	1665	0.00164374080802838
chrM	1666	1666	0.000691622719806346
chrM	1667	1667	0.000777470628887353
chrM	1668	1668	0.000259089731410312
chrM	1669	1669	0.00541144133310428
chrM	1670	1670	0.000858442784788394
chrM	1671	1671	0.00222698072805139
chrM	1672	1672	0.00145398563120082
chrM	1673	1673	0.00315484311050478
chrM	1674	1674	0.00289066485291617
chrM	1675	1675	0.000170024653574768
chrM	1676	1676	0.00423262507407094
chrM	1677	1677	0.000253893026404875
chrM	1678	1678	0.00530347672362994
chrM	1679	1679	0.0115669468253308
chrM	1680	1680	0.000914532756900565
chrM	1681	1681	0.00215713930141873
chrM	1682	1682	0.00132582035134239
chrM	1683	1683	0.00132472263619805
chrM	1684	1684	0.00223048327137546
chrM	1685	1685	0.000660501981505945
chrM	1686	1686	8.25627476882431e-05
chrM	1687	1687	0.000495212941564873
chrM	1688	1688	0.000247565604885295
chrM	1689	1689	0
chrM	1690	1690	0.000989527500618455
chrM	1691	1691	0.000329760923330585
chrM	1692	1692	0.00263136255242168
chrM	1693	1693	0.00082203041512536
chrM	1694	1694	0.000164379058107997
chrM	1695	1695	8.22571358065312e-05
chrM	1696	1696	8.22571358065312e-05
chrM	1697	1697	0.00205220817599737
chrM	1698	1698	0.000738249528340579
chrM	1699	1699	0.00220985431330823
chrM	1700	1700	0.00326317506934247
chrM	1701	1701	0.000733795352629433
chrM	1702	1702	0.00211536896916443
chrM	1703	1703	0.000975609756097561
chrM	1704	1704	0.000406371911573472
chrM	1705	1705	0.00105545181456524
chrM	1706	1706	0
chrM	1707	1707	0
chrM	1708	1708	0
chrM	1709	1709	0
chrM	1710	1710	0.00259930143773861
chrM	1711	1711	0.00121703853955375
chrM	1712	1712	0.000567628932857606
chrM	1713	1713	0.00016215339711367
chrM	1714	1714	0.0193209827462829
chrM	1715	1715	0.00111270068351613
chrM	1716	1716	0
chrM	1717	1717	0.00071490984192549
chrM	1718	1718	7.94407372100413e-05
chrM	1719	1719	0.000238265427686443
chrM	1720	1720	0.000952154248988336
chrM	1721	1721	0
chrM	1722	1722	0.00103125495795653
chrM	1723	1723	0.000396605060680574
chrM	1724	1724	0.00654574132492114
chrM	1725	1725	0.000789203693473285
chrM	1726	1726	0.0011037527593819
chrM	1727	1727	0.000158002844051193
chrM	1728	1728	0.000872946591540354
chrM	1729	1729	0.0277006172839506
chrM	1730	1730	0.00246571120357528
chrM	1731	1731	0.0158573596358118
chrM	1732	1732	0.000455235204855842
chrM	1733	1733	0.0011386063458327
chrM	1734	1734	0.000608272506082725
chrM	1735	1735	0.0016025641025641
chrM	1736	1736	0.00258909533962839
chrM	1737	1737	0.000685192234488009
chrM	1738	1738	0.016992289842054
chrM	1739	1739	0.00134579439252336
chrM	1740	1740	0.0021638561408745
chrM	1741	1741	0.00268196379348879
chrM	1742	1742	0.000447393930355678
chrM	1743	1743	0.0102765045098329
chrM	1744	1744	0.000591191250369495
chrM	1745	1745	0.000887508320390504
chrM	1746	1746	0.0102571616968276
chrM	1747	1747	0.00700985761226725
chrM	1748	1748	0.00932129332944946
chrM	1749	1749	7.29075532225139e-05
chrM	1750	1750	0.000803741049247406
chrM	1751	1751	0.00014626298083955
chrM	1752	1752	0.000219587176108915
chrM	1753	1753	0.00395488501538011
chrM	1754	1754	0.00706482155863074
chrM	1755	1755	0.000584795321637427
chrM	1756	1756	7.33030347456385e-05
chrM	1757	1757	0.000220620679511693
chrM	1758	1758	0.000150308131669923
chrM	1759	1759	0.000308570546941294
chrM	1760	1760	0.00651490764160343
chrM	1761	1761	0.000614864345553762
chrM	1762	1762	0.000230804739190645
chrM	1763	1763	0.000384852216748768
chrM	1764	1764	0.00433302383163107
chrM	1765	1765	0.0149892933618844
chrM	1766	1766	0.00130009177118385
chrM	1767	1767	0.00190854263684251
chrM	1768	1768	0.00129632453866097
chrM	1769	1769	0.00114643839804341
chrM	1770	1770	0.000153010481217963
chrM	1771	1771	0.00722213775277482
chrM	1772	1772	0.000608318759029732
chrM	1773	1773	0.000683890577507599
chrM	1774	1774	0.000987091875474563
chrM	1775	1775	0.00371155885471898
chrM	1776	1776	0
chrM	1777	1777	0.000152823412546802
chrM	1778	1778	0.0045689917758148
chrM	1779	1779	0.0002284321937105
chrM	1780	1780	0.00243161094224924
chrM	1781	1781	0.000152056565042196
chrM	1782	1782	0
chrM	1783	1783	0.000614156302779057
chrM	1784	1784	0.000844594594594595
chrM	1785	1785	0.000461431977236022
chrM	1786	1786	0.000691828733953417
chrM	1787	1787	0.000999000999000999
chrM	1788	1788	0.00115180833909238
chrM	1789	1789	0
chrM	1790	1790	0.000768935024990388
chrM	1791	1791	0.00130890052356021
chrM	1792	1792	0
chrM	1793	1793	0.000308285163776493
chrM	1794	1794	0.00123181153283548
chrM	1795	1795	7.70119368502118e-05
chrM	1796	1796	0
chrM	1797	1797	0.00551851000229938
chrM	1798	1798	0.00153480162688972
chrM	1799	1799	0.00260257195345989
chrM	1800	1800	0.0032075759890026
chrM	1801	1801	0.00030569354222392
chrM	1802	1802	0.000313922461152095
chrM	1803	1803	0.000157492715961887
chrM	1804	1804	0.0049419516786947
chrM	1805	1805	0.00440811092410034
chrM	1806	1806	0.00280022401792143
chrM	1807	1807	0.0019964861843156
chrM	1808	1808	0.00032
chrM	1809	1809	8.34028356964137e-05
chrM	1810	1810	0.000836610056052874
chrM	1811	1811	0.00194964821564805
chrM	1812	1812	0.0032989341904923
chrM	1813	1813	0.00613806440763474
chrM	1814	1814	0
chrM	1815	1815	0.00016864828400371
chrM	1816	1816	0
chrM	1817	1817	0.000424628450106157
chrM	1818	1818	0
chrM	1819	1819	0.00264527690075945
chrM	1820	1820	0
chrM	1821	1821	0
chrM	1822	1822	0.000343701666953085
chrM	1823	1823	0.000172309813043853
chrM	1824	1824	0
chrM	1825	1825	0.000174352715543545
chrM	1826	1826	0.00052415480038438
chrM	1827	1827	0.000524063236963927
chrM	1828	1828	0
chrM	1829	1829	0.000438212094653812
chrM	1830	1830	0.000439251515417728
chrM	1831	1831	8.78811846383689e-05
chrM	1832	1832	0.000263620386643234
chrM	1833	1833	0.000439251515417728
chrM	1834	1834	0.00131625131625132
chrM	1835	1835	0.00271501138553162
chrM	1836	1836	0.000437943417710432
chrM	1837	1837	8.76885303402315e-05
chrM	1838	1838	0.00394011032308905
chrM	1839	1839	0.000525900604785696
chrM	1840	1840	0.00166272862518596
chrM	1841	1841	0.000525026251312566
chrM	1842	1842	0.000525256062330386
chrM	1843	1843	0.000175561797752809
chrM	1844	1844	0.000351185250219491
chrM	1845	1845	0.000175746924428823
chrM	1846	1846	0.00132100396301189
chrM	1847	1847	0.000620897640588966
chrM	1848	1848	0.000709094132246056
chrM	1849	1849	0.000177746178457163
chrM	1850	1850	0.00204208470212199
chrM	1851	1851	0
chrM	1852	1852	0.00107305731914513
chrM	1853	1853	0.00825126430662763
chrM	1854	1854	0.000621724842348344
chrM	1855	1855	0.00591611479028698
chrM	1856	1856	0.00158772161947605
chrM	1857	1857	0.00273007485689124
chrM	1858	1858	0.00412316869900869
chrM	1859	1859	0.00131521262604121
chrM	1860	1860	0.00515058926233086
chrM	1861	1861	0.0190990065090785
chrM	1862	1862	0.000429848693259972
chrM	1863	1863	0.00291495198902606
chrM	1864	1864	0.00265775034293553
chrM	1865	1865	0.00642453315059106
chrM	1866	1866	0.00188452972417338
chrM	1867	1867	0.000599931436407268
chrM	1868	1868	0.00290971330765939
chrM	1869	1869	0.00358484124274496
chrM	1870	1870	0.00204638472032742
chrM	1871	1871	0.00517431503944355
chrM	1872	1872	0.0011959678797198
chrM	1873	1873	0.00171600171600172
chrM	1874	1874	0.000600497555117097
chrM	1875	1875	0.000516795865633075
chrM	1876	1876	0.00595289448710206
chrM	1877	1877	0.000434253951710961
chrM	1878	1878	0.00544464609800363
chrM	1879	1879	0.000436224044669342
chrM	1880	1880	0.000787057280279843
chrM	1881	1881	0.00225014063378961
chrM	1882	1882	9.3984962406015e-05
chrM	1883	1883	0.000378967314069162
chrM	1884	1884	0.000569151963574274
chrM	1885	1885	0.000950389659760502
chrM	1886	1886	0.00161443494776828
chrM	1887	1887	0.000480353540205591
chrM	1888	1888	0.0031703333653569
chrM	1889	1889	0.00270322456072601
chrM	1890	1890	0.000490099980396001
chrM	1891	1891	0
chrM	1892	1892	0.00361918166281291
chrM	1893	1893	0.0257392671185775
chrM	1894	1894	0.00771333723882054
chrM	1895	1895	0.000782319577547428
chrM	1896	1896	9.78282136568186e-05
chrM	1897	1897	0.00815627832041083
chrM	1898	1898	0.0084991500849915
chrM	1899	1899	0.0171831545490664
chrM	1900	1900	0.00191532258064516
chrM	1901	1901	0.000509216824523882
chrM	1902	1902	0.00051025614858659
chrM	1903	1903	0
chrM	1904	1904	0
chrM	1905	1905	0.000435729847494553
chrM	1906	1906	0.000109217999126256
chrM	1907	1907	0.00769564274875352
chrM	1908	1908	0
chrM	1909	1909	0
chrM	1910	1910	0.00011482374555058
chrM	1911	1911	0.000233481204763017
chrM	1912	1912	0.000237925291458482
chrM	1913	1913	0.00106951871657754
chrM	1914	1914	0.0027267338470658
chrM	1915	1915	0.000251509054325956
chrM	1916	1916	0.000256213169356905
chrM	1917	1917	0
chrM	1918	1918	0
chrM	1919	1919	0.000521172638436482
chrM	1920	1920	0.000785648814979704
chrM	1921	1921	0.000131095962244363
chrM	1922	1922	0.000262605042016807
chrM	1923	1923	0.00289664252797893
chrM	1924	1924	0.0013197835554969
chrM	1925	1925	0.000270014850816795
chrM	1926	1926	0.000405186385737439
chrM	1927	1927	0.000542740841248304
chrM	1928	1928	0.000135814206165965
chrM	1929	1929	0.000271923861318831
chrM	1930	1930	0.000680272108843537
chrM	1931	1931	0.0364685819231274
chrM	1932	1932	0.000132327643244674
chrM	1933	1933	0.00105904156738152
chrM	1934	1934	0.00132749236691889
chrM	1935	1935	0.000532127178395637
chrM	1936	1936	0.000935328701229289
chrM	1937	1937	0.0108379592915675
chrM	1938	1938	0.000550130656030807
chrM	1939	1939	0.00494845360824742
chrM	1940	1940	0.000412427825130602
chrM	1941	1941	0.00233324183365358
chrM	1942	1942	0
chrM	1943	1943	0.000279994400111998
chrM	1944	1944	0.0247436773752563
chrM	1945	1945	0.00178399890215452
chrM	1946	1946	0.000413393964448119
chrM	1947	1947	0.0001399188470687
chrM	1948	1948	0
chrM	1949	1949	0.000146049364685264
chrM	1950	1950	0.000146156094709149
chrM	1951	1951	0.00175361683472161
chrM	1952	1952	0.00146220207632695
chrM	1953	1953	0.000292740046838407
chrM	1954	1954	0.000439431668375568
chrM	1955	1955	0.00120663650075415
chrM	1956	1956	0
chrM	1957	1957	0
chrM	1958	1958	0
chrM	1959	1959	0.000156274417877793
chrM	1960	1960	0
chrM	1961	1961	0
chrM	1962	1962	0.00171606864274571
chrM	1963	1963	0.000311915159076731
chrM	1964	1964	0.000155933260564478
chrM	1965	1965	0.000155908949173683
chrM	1966	1966	0.0311178247734139
chrM	1967	1967	0.00150852315583044
chrM	1968	1968	0.000754147812971342
chrM	1969	1969	0.00105532941353837
chrM	1970	1970	0.000150875075437538
chrM	1971	1971	0.000904568068747173
chrM	1972	1972	0.002710027100271
chrM	1973	1973	0.000608272506082725
chrM	1974	1974	0.00106723585912487
chrM	1975	1975	0.00380749314651234
chrM	1976	1976	0.000761730652041438
chrM	1977	1977	0.000457875457875458
chrM	1978	1978	0.00200061557402278
chrM	1979	1979	0.000311817898347365
chrM	1980	1980	0.000623247117482082
chrM	1981	1981	0.00403476101800124
chrM	1982	1982	0.00154966682163335
chrM	1983	1983	0.0004649721016739
chrM	1984	1984	0.000155038759689922
chrM	1985	1985	0.000774593338497289
chrM	1986	1986	0.000154894671623296
chrM	1987	1987	0.00170120630992886
chrM	1988	1988	0.000154679040989946
chrM	1989	1989	0.000309693403530505
chrM	1990	1990	0.00385623939534166
chrM	1991	1991	0.000462534690101758
chrM	1992	1992	0.00230733733271804
chrM	1993	1993	0.00138248847926267
chrM	1994	1994	0.00504895960832313
chrM	1995	1995	0.00335621662852784
chrM	1996	1996	0.00015255530129672
chrM	1997	1997	0.0165090799939967
chrM	1998	1998	0.00045004500450045
chrM	1999	1999	0.0115675515349251
chrM	2000	2000	0.000592856084185564
chrM	2001	2001	0.00310467179183915
chrM	2002	2002	0.00734106592277199
chrM	2003	2003	0.000146864444118079
chrM	2004	2004	0.00278429073856975
chrM	2005	2005	0.00131713742133763
chrM	2006	2006	0.0165562913907285
chrM	2007	2007	0.001294033069734
chrM	2008	2008	0.00100545820166619
chrM	2009	2009	0.00854457419538593
chrM	2010	2010	0
chrM	2011	2011	0.0011407386282618
chrM	2012	2012	0.00468417317246274
chrM	2013	2013	0.000426681837576447
chrM	2014	2014	0.00985915492957747
chrM	2015	2015	0.000140904607580668
chrM	2016	2016	0.0123851934316727
chrM	2017	2017	0.0023643949930459
chrM	2018	2018	0.000838222967309304
chrM	2019	2019	0.0295753629086962
chrM	2020	2020	0.00461079468402495
chrM	2021	2021	0.00068036467546605
chrM	2022	2022	0.00013607293509321
chrM	2023	2023	0.000410621407062688
chrM	2024	2024	0.00666575976057679
chrM	2025	2025	0.00149904606159717
chrM	2026	2026	0.00744047619047619
chrM	2027	2027	0.0122945342776961
chrM	2028	2028	0.00572265105137077
chrM	2029	2029	0.000798084596967279
chrM	2030	2030	0.00119649029513427
chrM	2031	2031	0.0547062539481996
chrM	2032	2032	0.00277357539082199
chrM	2033	2033	0.000882167611846251
chrM	2034	2034	0.00339153372691873
chrM	2035	2035	0.00100540404675129
chrM	2036	2036	0.0214497041420118
chrM	2037	2037	0.0110105211646685
chrM	2038	2038	0.00727317554240631
chrM	2039	2039	0.0048
chrM	2040	2040	0.0563380281690141
chrM	2041	2041	0.0485825458588105
chrM	2042	2042	0.115434760806338
chrM	2043	2043	0.00181031881725837
chrM	2044	2044	0.00461199117706036
chrM	2045	2045	0.00281860277833702
chrM	2046	2046	0.158844459505252
chrM	2047	2047	0.0642799678197908
chrM	2048	2048	0.0729784518357234
chrM	2049	2049	0.0102648021422196
chrM	2050	2050	0.0152470312270928
chrM	2051	2051	0.00104135673906575
chrM	2052	2052	0.0212269312130717
chrM	2053	2053	0.00263620386643234
chrM	2054	2054	0.00423018014732696
chrM	2055	2055	0.0138109624514458
chrM	2056	2056	0.0305631149256856
chrM	2057	2057	0.000629238621268265
chrM	2058	2058	0.000139928636395438
chrM	2059	2059	0.000560381059120202
chrM	2060	2060	0.00355996091023314
chrM	2061	2061	0.00796785145153468
chrM	2062	2062	0.00214428996333956
chrM	2063	2063	0.00625601539942252
chrM	2064	2064	0.0100762527233115
chrM	2065	2065	0.00217494732549446
chrM	2066	2066	0.00298325310190521
chrM	2067	2067	0.00142401844442938
chrM	2068	2068	0.000137494843943352
chrM	2069	2069	0.0101415736455214
chrM	2070	2070	0.00149578460701659
chrM	2071	2071	0.00508750508750509
chrM	2072	2072	0.0075060860156884
chrM	2073	2073	0.00325843459371394
chrM	2074	2074	0.00271057803076506
chrM	2075	2075	0.0010164667615369
chrM	2076	2076	0
chrM	2077	2077	0.0267874859448376
chrM	2078	2078	0.000331147758129677
chrM	2079	2079	0.00638704154869296
chrM	2080	2080	0.0280463597361849
chrM	2081	2081	0.0001933114247052
chrM	2082	2082	0.00875063873275422
chrM	2083	2083	0.000447141488342383
chrM	2084	2084	0.00280576457084556
chrM	2085	2085	0.00133809099018733
chrM	2086	2086	0.00972222222222222
chrM	2087	2087	0.00721319701436367
chrM	2088	2088	0.00476309852093256
chrM	2089	2089	0.000376151965394019
chrM	2090	2090	0.0021275264376447
chrM	2091	2091	0
chrM	2092	2092	0.0186811827291847
chrM	2093	2093	0.00049468216670789
chrM	2094	2094	0.000370874026455681
chrM	2095	2095	0.000247188233840069
chrM	2096	2096	0.000432392365186238
chrM	2097	2097	0.0213473633284954
chrM	2098	2098	0.00120897056156683
chrM	2099	2099	0.000664572257129048
chrM	2100	2100	0.000422756371542457
chrM	2101	2101	0.00036231884057971
chrM	2102	2102	0.000543183052688756
chrM	2103	2103	0.000482683721491493
chrM	2104	2104	0.00120824019815139
chrM	2105	2105	0.00313253012048193
chrM	2106	2106	0.0010831628354796
chrM	2107	2107	0.0010825114265095
chrM	2108	2108	0.00120438395760568
chrM	2109	2109	0.000672577193518802
chrM	2110	2110	0.00146636524714364
chrM	2111	2111	0.000427925174226678
chrM	2112	2112	0.00103873884883295
chrM	2113	2113	0.00655936835712117
chrM	2114	2114	0.00127620783956244
chrM	2115	2115	0.00279041552926903
chrM	2116	2116	0.00321406913280776
chrM	2117	2117	0.00290820963344441
chrM	2118	2118	0.000302865103882731
chrM	2119	2119	0.000424396750333455
chrM	2120	2120	0.00315247044558957
chrM	2121	2121	0.00764415553147947
chrM	2122	2122	0.00162533108596196
chrM	2123	2123	0.000120394895256441
chrM	2124	2124	0.000240833283159733
chrM	2125	2125	0.00653124812750914
chrM	2126	2126	0.000658879904162923
chrM	2127	2127	0.0115466603505448
chrM	2128	2128	0.0121116377040548
chrM	2129	2129	0.00187134502923977
chrM	2130	2130	0.00169461812657044
chrM	2131	2131	5.85514374377891e-05
chrM	2132	2132	0.0141048615526909
chrM	2133	2133	0.00063931186795304
chrM	2134	2134	0.000348614258323165
chrM	2135	2135	0.000348492768775048
chrM	2136	2136	0.00949530989238649
chrM	2137	2137	0.00980448041954056
chrM	2138	2138	0.00369402136849284
chrM	2139	2139	0.00249546279491833
chrM	2140	2140	0.0151430487259723
chrM	2141	2141	0.00429807423946414
chrM	2142	2142	0.00907230181999226
chrM	2143	2143	0.00469691109023595
chrM	2144	2144	0.000221520739879271
chrM	2145	2145	0.0132269348491474
chrM	2146	2146	0.00212731140566192
chrM	2147	2147	0.0019603572206491
chrM	2148	2148	0.00299043062200957
chrM	2149	2149	0.00422810060711188
chrM	2150	2150	0.00513624567474048
chrM	2151	2151	0.000108166576527853
chrM	2152	2152	0.00308041504539559
chrM	2153	2153	0.00140411513744127
chrM	2154	2154	5.40336089047387e-05
chrM	2155	2155	0.00221060009705074
chrM	2156	2156	0.000431173870863426
chrM	2157	2157	0.000969514165679199
chrM	2158	2158	0.00182835018283502
chrM	2159	2159	0.000107550010755001
chrM	2160	2160	0.00295001072731174
chrM	2161	2161	0.00214144226136303
chrM	2162	2162	0.000802525279546306
chrM	2163	2163	0.000267451190157796
chrM	2164	2164	0.000374391613627855
chrM	2165	2165	0.000909042297203358
chrM	2166	2166	5.37663315232002e-05
chrM	2167	2167	0.000161281651524112
chrM	2168	2168	0.00236089499382948
chrM	2169	2169	0
chrM	2170	2170	0.000804980143823119
chrM	2171	2171	0.00032209576980889
chrM	2172	2172	5.40277702739208e-05
chrM	2173	2173	0.00253423918904346
chrM	2174	2174	0.000382701875239189
chrM	2175	2175	0.00229132569558101
chrM	2176	2176	0.000655594405594406
chrM	2177	2177	0.000928606543944939
chrM	2178	2178	0.00219166073091885
chrM	2179	2179	0.00120508326029798
chrM	2180	2180	5.49480740700038e-05
chrM	2181	2181	0.00285056463107115
chrM	2182	2182	0.000771052486644269
chrM	2183	2183	0.0167912468854945
chrM	2184	2184	0.00356525496974935
chrM	2185	2185	0.000759095591823456
chrM	2186	2186	0.000381201328758917
chrM	2187	2187	0.000876280190590941
chrM	2188	2188	0.00376531415083736
chrM	2189	2189	0.00130289469212032
chrM	2190	2190	0.000114148735802751
chrM	2191	2191	0.000400641025641026
chrM	2192	2192	5.76136429106412e-05
chrM	2193	2193	0.000749020511638626
chrM	2194	2194	0.000864254436506107
chrM	2195	2195	0.000988264360716492
chrM	2196	2196	6.18811881188119e-05
chrM	2197	2197	0
chrM	2198	2198	6.20770997578993e-05
chrM	2199	2199	0.000744832722984296
chrM	2200	2200	0.001371058207653
chrM	2201	2201	0.00205479452054795
chrM	2202	2202	0.00205211118711523
chrM	2203	2203	0.000124773847401585
chrM	2204	2204	6.26017278076875e-05
chrM	2205	2205	0.00125368269291042
chrM	2206	2206	0.000692302851029014
chrM	2207	2207	0.00538442273979464
chrM	2208	2208	0.00112570356472795
chrM	2209	2209	0.000187711175071956
chrM	2210	2210	0
chrM	2211	2211	0.00666417538614848
chrM	2212	2212	0.0280919372491791
chrM	2213	2213	0.00163984208928029
chrM	2214	2214	0.000971522253931629
chrM	2215	2215	0.00489692279789614
chrM	2216	2216	0.00607994221045028
chrM	2217	2217	0.00581360503446209
chrM	2218	2218	0.00263852242744063
chrM	2219	2219	0.023706362961129
chrM	2220	2220	0.00105276195194451
chrM	2221	2221	0.000433382862803368
chrM	2222	2222	0.000248108175164372
chrM	2223	2223	6.52060511215441e-05
chrM	2224	2224	0.0145002255590643
chrM	2225	2225	0.000516295579219103
chrM	2226	2226	0.00270357257804957
chrM	2227	2227	0.000645661157024793
chrM	2228	2228	0.00106030483764082
chrM	2229	2229	0.00013398539559188
chrM	2230	2230	0.00500834724540901
chrM	2231	2231	0.000607369415575651
chrM	2232	2232	0.000269996625042187
chrM	2233	2233	0.000944223376273015
chrM	2234	2234	0.0126540126540127
chrM	2235	2235	0.0240124943059803
chrM	2236	2236	0.00123802697595621
chrM	2237	2237	0.00351722790334137
chrM	2238	2238	0.00175769806653213
chrM	2239	2239	0.00839251129761136
chrM	2240	2240	0.00109741140016784
chrM	2241	2241	0.0159594923727727
chrM	2242	2242	0.00077264825188333
chrM	2243	2243	0.000965002573340196
chrM	2244	2244	6.44620640752917e-05
chrM	2245	2245	0.0116004844158327
chrM	2246	2246	0
chrM	2247	2247	0.000129651238169325
chrM	2248	2248	0.000584871328307772
chrM	2249	2249	0.000129996750081248
chrM	2250	2250	0.000715214564369311
chrM	2251	2251	0.000458505272810637
chrM	2252	2252	0.000465116279069767
chrM	2253	2253	0.000333711539745044
chrM	2254	2254	0.0013349352556401
chrM	2255	2255	0.000669568128557081
chrM	2256	2256	0.000335322915968077
chrM	2257	2257	0.000271388832349549
chrM	2258	2258	0.00122075279755849
chrM	2259	2259	0.0009494100094941
chrM	2260	2260	0.00128848501288485
chrM	2261	2261	0.0038825693072679
chrM	2262	2262	0.000617792421746293
chrM	2263	2263	0.000481033534909291
chrM	2264	2264	0.00075715859030837
chrM	2265	2265	0.000830622274520662
chrM	2266	2266	0.00776578929283211
chrM	2267	2267	0.00013786447921693
chrM	2268	2268	0.00623672126653417
chrM	2269	2269	0.000206171397154835
chrM	2270	2270	0.00125777374047935
chrM	2271	2271	0.000280760861935846
chrM	2272	2272	0.00204124727247132
chrM	2273	2273	0.00241511578349197
chrM	2274	2274	0.00163468372423596
chrM	2275	2275	0.00713623064297438
chrM	2276	2276	0.000216606498194946
chrM	2277	2277	0.00517605890500838
chrM	2278	2278	0.00068207654414551
chrM	2279	2279	0.00212631910537092
chrM	2280	2280	0.00118408588569624
chrM	2281	2281	0.00126302494474266
chrM	2282	2282	0.0018984337921215
chrM	2283	2283	0.00151201655260226
chrM	2284	2284	0.00627631683482959
chrM	2285	2285	0.00436058035360343
chrM	2286	2286	0.00222805761120395
chrM	2287	2287	0.00585721070128225
chrM	2288	2288	0.000871563267569923
chrM	2289	2289	0.000635223122121645
chrM	2290	2290	0.00791577614185071
chrM	2291	2291	0.0104587592108391
chrM	2292	2292	0.00190174326465927
chrM	2293	2293	0.00143873391415554
chrM	2294	2294	0.00161290322580645
chrM	2295	2295	0.021827451605194
chrM	2296	2296	0.00127408823060997
chrM	2297	2297	0
chrM	2298	2298	0.000320333146472331
chrM	2299	2299	8.04699444757383e-05
chrM	2300	2300	0
chrM	2301	2301	0.00275482093663912
chrM	2302	2302	0.000745959386655615
chrM	2303	2303	0.000331482555730505
chrM	2304	2304	0.00024867374005305
chrM	2305	2305	0.00239947046169121
chrM	2306	2306	0.00165508109897385
chrM	2307	2307	0.000414112970018221
chrM	2308	2308	0.000579566153336645
chrM	2309	2309	0.000331427624492501
chrM	2310	2310	0.00033208800332088
chrM	2311	2311	8.30909846281678e-05
chrM	2312	2312	0.00058411214953271
chrM	2313	2313	0.00707507907441318
chrM	2314	2314	8.34585211150058e-05
chrM	2315	2315	0.00440418813362141
chrM	2316	2316	0.00107955489121408
chrM	2317	2317	0.00306418219461698
chrM	2318	2318	8.3153168135706e-05
chrM	2319	2319	0.00041750167000668
chrM	2320	2320	0.00117508813160987
chrM	2321	2321	0.00159342502515934
chrM	2322	2322	0.00160595046910658
chrM	2323	2323	0.00110020311442112
chrM	2324	2324	0.00121983096628039
chrM	2325	2325	0.00148122331619761
chrM	2326	2326	0.000784997819450502
chrM	2327	2327	0.00183054393305439
chrM	2328	2328	0.000175254118471784
chrM	2329	2329	0.000876577840112202
chrM	2330	2330	0.0135954277797021
chrM	2331	2331	0.00699059290584275
chrM	2332	2332	0.000173641257162702
chrM	2333	2333	0.0145448323066393
chrM	2334	2334	0.00231600617601647
chrM	2335	2335	0.000257643421504638
chrM	2336	2336	0.0130652413676084
chrM	2337	2337	0.000599828620394173
chrM	2338	2338	0.000430589045814674
chrM	2339	2339	0.00154865353179042
chrM	2340	2340	8.65576040855189e-05
chrM	2341	2341	0.000260983036102653
chrM	2342	2342	0.000960530911631156
chrM	2343	2343	0
chrM	2344	2344	0.00202911336568152
chrM	2345	2345	0
chrM	2346	2346	0.000534092932170198
chrM	2347	2347	0.000545058139534884
chrM	2348	2348	9.08595311648192e-05
chrM	2349	2349	0.00855932966933958
chrM	2350	2350	0.000991616334625439
chrM	2351	2351	0.0159758587024053
chrM	2352	2352	0.00512911213300318
chrM	2353	2353	0.00150243040212108
chrM	2354	2354	0.000177163610594384
chrM	2355	2355	0.00132860938883968
chrM	2356	2356	0.00416851441241685
chrM	2357	2357	0.000974745237040319
chrM	2358	2358	0.000444168073198898
chrM	2359	2359	0.00124677175171431
chrM	2360	2360	0.00744394618834081
chrM	2361	2361	0.0116395380558334
chrM	2362	2362	0.000730860588342774
chrM	2363	2363	0
chrM	2364	2364	0.000189915487608014
chrM	2365	2365	0.00038472636337405
chrM	2366	2366	9.67960507211306e-05
chrM	2367	2367	9.7551458394303e-05
chrM	2368	2368	0.000302145231141102
chrM	2369	2369	0.000503879875037791
chrM	2370	2370	0.000505101525406607
chrM	2371	2371	0.000203231378924906
chrM	2372	2372	0.000204771168219515
chrM	2373	2373	0.00020701790704896
chrM	2374	2374	0.000207965061869606
chrM	2375	2375	0.000624219725343321
chrM	2376	2376	0.000104155817102385
chrM	2377	2377	0
chrM	2378	2378	0.000312662845231892
chrM	2379	2379	0
chrM	2380	2380	0.000418060200668896
chrM	2381	2381	0
chrM	2382	2382	0.0001051745898191
chrM	2383	2383	0.000105999576001696
chrM	2384	2384	0
chrM	2385	2385	0.00654629922922606
chrM	2386	2386	0.00358083201685097
chrM	2387	2387	0.000316022332244812
chrM	2388	2388	0.000421363109659749
chrM	2389	2389	0.00105263157894737
chrM	2390	2390	0.00063217785270256
chrM	2391	2391	0.000316322226908477
chrM	2392	2392	0.00021092596498629
chrM	2393	2393	0
chrM	2394	2394	0.00031675641431739
chrM	2395	2395	0
chrM	2396	2396	0.000739801310505179
chrM	2397	2397	0
chrM	2398	2398	0
chrM	2399	2399	0
chrM	2400	2400	0
chrM	2401	2401	0
chrM	2402	2402	0.000227324391907252
chrM	2403	2403	0.00011368804001819
chrM	2404	2404	0.000113675116516994
chrM	2405	2405	0
chrM	2406	2406	0.00249546279491833
chrM	2407	2407	0
chrM	2408	2408	0
chrM	2409	2409	0.000568828213879408
chrM	2410	2410	0.000910021613013309
chrM	2411	2411	0.000114077116130504
chrM	2412	2412	0.000114639458901754
chrM	2413	2413	0.000122100122100122
chrM	2414	2414	0.000123823675086677
chrM	2415	2415	0.000124378109452736
chrM	2416	2416	0
chrM	2417	2417	0.000250501002004008
chrM	2418	2418	0.000125580811252041
chrM	2419	2419	0
chrM	2420	2420	0
chrM	2421	2421	0
chrM	2422	2422	0.000389660994934407
chrM	2423	2423	0
chrM	2424	2424	0.00012993762993763
chrM	2425	2425	0
chrM	2426	2426	0.000131027253668763
chrM	2427	2427	0.000262157556691572
chrM	2428	2428	0.000393959290873276
chrM	2429	2429	0.000265005962634159
chrM	2430	2430	0
chrM	2431	2431	0
chrM	2432	2432	0.000269070361899637
chrM	2433	2433	0
chrM	2434	2434	0.000277392510402219
chrM	2435	2435	0
chrM	2436	2436	0
chrM	2437	2437	0
chrM	2438	2438	0
chrM	2439	2439	0
chrM	2440	2440	0.000153139356814701
chrM	2441	2441	0.000460122699386503
chrM	2442	2442	0
chrM	2443	2443	0.000153491941673062
chrM	2444	2444	0.000155666251556663
chrM	2445	2445	0.000156201187129022
chrM	2446	2446	0.000157828282828283
chrM	2447	2447	0
chrM	2448	2448	0.000158353127474268
chrM	2449	2449	0.000634115409004439
chrM	2450	2450	0
chrM	2451	2451	0
chrM	2452	2452	0
chrM	2453	2453	0
chrM	2454	2454	0
chrM	2455	2455	0.000327761389708292
chrM	2456	2456	0
chrM	2457	2457	0
chrM	2458	2458	0
chrM	2459	2459	0
chrM	2460	2460	0
chrM	2461	2461	0
chrM	2462	2462	0.000174916914465629
chrM	2463	2463	0.000175070028011204
chrM	2464	2464	0
chrM	2465	2465	0
chrM	2466	2466	0
chrM	2467	2467	0
chrM	2468	2468	0.000183452577508714
chrM	2469	2469	0.000187652467629949
chrM	2470	2470	0
chrM	2471	2471	0
chrM	2472	2472	0
chrM	2473	2473	0
chrM	2474	2474	0
chrM	2475	2475	0
chrM	2476	2476	0
chrM	2477	2477	0.000411522633744856
chrM	2478	2478	0.000428449014567267
chrM	2479	2479	0.000218674830527006
chrM	2480	2480	0
chrM	2481	2481	0
chrM	2482	2482	0
chrM	2483	2483	0
chrM	2484	2484	0
chrM	2485	2485	0.000233754090696587
chrM	2486	2486	0
chrM	2487	2487	0
chrM	2488	2488	0
chrM	2489	2489	0
chrM	2490	2490	0.0002465483234714
chrM	2491	2491	0.000246487552378605
chrM	2492	2492	0
chrM	2493	2493	0.000251256281407035
chrM	2494	2494	0
chrM	2495	2495	0
chrM	2496	2496	0
chrM	2497	2497	0
chrM	2498	2498	0
chrM	2499	2499	0
chrM	2500	2500	0
chrM	2501	2501	0
chrM	2502	2502	0.000618811881188119
chrM	2503	2503	0
chrM	2504	2504	0
chrM	2505	2505	0
chrM	2506	2506	0.00032626427406199
chrM	2507	2507	0.000326797385620915
chrM	2508	2508	0
chrM	2509	2509	0
chrM	2510	2510	0
chrM	2511	2511	0.0003690036900369
chrM	2512	2512	0
chrM	2513	2513	0.000394632991318074
chrM	2514	2514	0
chrM	2515	2515	0.000953288846520496
chrM	2516	2516	0
chrM	2517	2517	0.000518134715025907
chrM	2518	2518	0
chrM	2519	2519	0
chrM	2520	2520	0
chrM	2521	2521	0
chrM	2522	2522	0
chrM	2523	2523	0
chrM	2524	2524	0
chrM	2525	2525	0
chrM	2526	2526	0
chrM	2527	2527	0
chrM	2528	2528	0
chrM	2529	2529	0
chrM	2530	2530	0
chrM	2531	2531	0.00156494522691706
chrM	2532	2532	0.00156985871271586
chrM	2533	2533	0.00158982511923688
chrM	2534	2534	0
chrM	2535	2535	0
chrM	2536	2536	0
chrM	2537	2537	0
chrM	2538	2538	0
chrM	2539	2539	0
chrM	2540	2540	0.00327868852459016
chrM	2541	2541	0
chrM	2542	2542	0
chrM	2543	2543	0
chrM	2544	2544	0
chrM	2545	2545	0.00175131348511384
chrM	2546	2546	0.0807754442649435
chrM	2547	2547	0
chrM	2548	2548	0
chrM	2549	2549	0
chrM	2550	2550	0
chrM	2551	2551	0
chrM	2552	2552	0.00208333333333333
chrM	2553	2553	0
chrM	2554	2554	0
chrM	2555	2555	0
chrM	2556	2556	0
chrM	2557	2557	0
chrM	2558	2558	0
chrM	2559	2559	0
chrM	2560	2560	0
chrM	2561	2561	0
chrM	2562	2562	0
chrM	2563	2563	0
chrM	2564	2564	0
chrM	2565	2565	0
chrM	2566	2566	0.00210970464135021
chrM	2567	2567	0
chrM	2568	2568	0
chrM	2569	2569	0
chrM	2570	2570	0
chrM	2571	2571	0
chrM	2572	2572	0
chrM	2573	2573	0
chrM	2574	2574	0
chrM	2575	2575	0
chrM	2576	2576	0
chrM	2577	2577	0
chrM	2578	2578	0
chrM	2579	2579	0
chrM	2580	2580	0.00210970464135021
chrM	2581	2581	0
chrM	2582	2582	0.00210526315789474
chrM	2583	2583	0
chrM	2584	2584	0
chrM	2585	2585	0
chrM	2586	2586	0
chrM	2587	2587	0
chrM	2588	2588	0
chrM	2589	2589	0
chrM	2590	2590	0.00213219616204691
chrM	2591	2591	0
chrM	2592	2592	0.00212765957446809
chrM	2593	2593	0.00212314225053079
chrM	2594	2594	0
chrM	2595	2595	0.00213219616204691
chrM	2596	2596	0
chrM	2597	2597	0
chrM	2598	2598	0.00852878464818763
chrM	2599	2599	0.00636942675159236
chrM	2600	2600	0.00632911392405063
chrM	2601	2601	0
chrM	2602	2602	0
chrM	2603	2603	0
chrM	2604	2604	0
chrM	2605	2605	0
chrM	2606	2606	0
chrM	2607	2607	0
chrM	2608	2608	0
chrM	2609	2609	0
chrM	2610	2610	0
chrM	2611	2611	0
chrM	2612	2612	0
chrM	2613	2613	0
chrM	2614	2614	0
chrM	2615	2615	0
chrM	2616	2616	0
chrM	2617	2617	0
chrM	2618	2618	0
chrM	2619	2619	0.00213219616204691
chrM	2620	2620	0
chrM	2621	2621	0
chrM	2622	2622	0
chrM	2623	2623	0.00213675213675214
chrM	2624	2624	0.00847457627118644
chrM	2625	2625	0
chrM	2626	2626	0
chrM	2627	2627	0.00211416490486258
chrM	2628	2628	0.00211864406779661
chrM	2629	2629	0
chrM	2630	2630	0
chrM	2631	2631	0.00631578947368421
chrM	2632	2632	0.00210084033613445
chrM	2633	2633	0.00626304801670146
chrM	2634	2634	0
chrM	2635	2635	0.00415800415800416
chrM	2636	2636	0.0041407867494824
chrM	2637	2637	0.0102459016393443
chrM	2638	2638	0.0505836575875486
chrM	2639	2639	0.0569852941176471
chrM	2640	2640	0.0072992700729927
chrM	2641	2641	0.00363636363636364
chrM	2642	2642	0
chrM	2643	2643	0.0054249547920434
chrM	2644	2644	0.00180505415162455
chrM	2645	2645	0.0018018018018018
chrM	2646	2646	0
chrM	2647	2647	0
chrM	2648	2648	0.0176991150442478
chrM	2649	2649	0.00352733686067019
chrM	2650	2650	0.0122591943957968
chrM	2651	2651	0.00349040139616056
chrM	2652	2652	0.0255102040816327
chrM	2653	2653	0.0067911714770798
chrM	2654	2654	0.00675675675675676
chrM	2655	2655	0.0182421227197347
chrM	2656	2656	0.0147058823529412
chrM	2657	2657	0.0048780487804878
chrM	2658	2658	0
chrM	2659	2659	0.00806451612903226
chrM	2660	2660	0.00161030595813205
chrM	2661	2661	0.0064
chrM	2662	2662	0.0173228346456693
chrM	2663	2663	0.0215716486902928
chrM	2664	2664	0.0284431137724551
chrM	2665	2665	0.00298507462686567
chrM	2666	2666	0.00593471810089021
chrM	2667	2667	0.00443786982248521
chrM	2668	2668	0.0029585798816568
chrM	2669	2669	0.0131386861313869
chrM	2670	2670	0
chrM	2671	2671	0.0115440115440115
chrM	2672	2672	0.00431034482758621
chrM	2673	2673	0.00429184549356223
chrM	2674	2674	0.068
chrM	2675	2675	0.0118577075098814
chrM	2676	2676	0.0104302477183833
chrM	2677	2677	0.0364321608040201
chrM	2678	2678	0.0409638554216867
chrM	2679	2679	0.00836320191158901
chrM	2680	2680	0.0118063754427391
chrM	2681	2681	0.70893470790378
chrM	2682	2682	0.00410677618069815
chrM	2683	2683	0.58221332570775
chrM	2684	2684	0.157552397012768
chrM	2685	2685	0.0997614400346996
chrM	2686	2686	0.0678257353684423
chrM	2687	2687	0.0217541777909621
chrM	2688	2688	0.0999466002135991
chrM	2689	2689	0.0521343006580057
chrM	2690	2690	0.0442706233368277
chrM	2691	2691	0.10578309777906
chrM	2692	2692	0.0734282087258636
chrM	2693	2693	0.0231070496083551
chrM	2694	2694	0.0256932078351565
chrM	2695	2695	0.00133375674817402
chrM	2696	2696	0.115101444388243
chrM	2697	2697	0.0277580460084148
chrM	2698	2698	0.0673223932320864
chrM	2699	2699	0.0206628069474945
chrM	2700	2700	0.0377023197733058
chrM	2701	2701	0.00497013142174433
chrM	2702	2702	0.00843481969388239
chrM	2703	2703	0.0010887573964497
chrM	2704	2704	0.00909986397110559
chrM	2705	2705	0.0332396154543806
chrM	2706	2706	0.0160628234874175
chrM	2707	2707	0.0407053888627317
chrM	2708	2708	0.013803292528493
chrM	2709	2709	0.0281834591401378
chrM	2710	2710	0.000287108814240597
chrM	2711	2711	0.00493837237776508
chrM	2712	2712	0.00958001536036218
chrM	2713	2713	0.0250256167730748
chrM	2714	2714	0.00747115196557794
chrM	2715	2715	0.00230261874097491
chrM	2716	2716	0.00256919303982249
chrM	2717	2717	0.000155684427665123
chrM	2718	2718	0.0729595150465469
chrM	2719	2719	0.016152508076254
chrM	2720	2720	0.00687491186010436
chrM	2721	2721	0.00179482667605138
chrM	2722	2722	0.00130043582173485
chrM	2723	2723	0.00294365012615643
chrM	2724	2724	0.000420344682639765
chrM	2725	2725	0.00957535387177352
chrM	2726	2726	0.00114357001767335
chrM	2727	2727	0.00124597653410861
chrM	2728	2728	0.00451350606394708
chrM	2729	2729	0.00199436077298673
chrM	2730	2730	0.000206284810561782
chrM	2731	2731	0.000652808795739564
chrM	2732	2732	0.00362876998391017
chrM	2733	2733	0.00324165699856685
chrM	2734	2734	0.000750136388434261
chrM	2735	2735	0.0001363698349925
chrM	2736	2736	0.000477082978360879
chrM	2737	2737	0.000715112715385139
chrM	2738	2738	0.000374442591142731
chrM	2739	2739	0.0103422719310066
chrM	2740	2740	0.00188298587760592
chrM	2741	2741	0.00361833288662557
chrM	2742	2742	0.00307281229124916
chrM	2743	2743	0.000367278797996661
chrM	2744	2744	0.00336106489184692
chrM	2745	2745	0.000332679064506471
chrM	2746	2746	0.000864218048861559
chrM	2747	2747	0.00604598916347297
chrM	2748	2748	0.00273467101578202
chrM	2749	2749	0.00563509484650919
chrM	2750	2750	0.0153558294083489
chrM	2751	2751	0.00138526464997906
chrM	2752	2752	0.00922438557293329
chrM	2753	2753	0.000414765657403567
chrM	2754	2754	0.0192133178959226
chrM	2755	2755	0.00112524614759479
chrM	2756	2756	0.000125011719848736
chrM	2757	2757	0.00233848840109753
chrM	2758	2758	0.00332514994250909
chrM	2759	2759	0.00278905451052093
chrM	2760	2760	0.00114529808704265
chrM	2761	2761	0.00117487014593124
chrM	2762	2762	0.000957528957528958
chrM	2763	2763	0.00258788009488894
chrM	2764	2764	0.00150732127476314
chrM	2765	2765	0.00699514311024223
chrM	2766	2766	0.00440970743872027
chrM	2767	2767	0.00381737207259066
chrM	2768	2768	0.00494407765819541
chrM	2769	2769	0.000180848177954607
chrM	2770	2770	0.00207543764663418
chrM	2771	2771	0.0114183764495986
chrM	2772	2772	0.00611756361379555
chrM	2773	2773	0.000856316069213961
chrM	2774	2774	0.000649197355996223
chrM	2775	2775	0.00153211549793754
chrM	2776	2776	0.0147754651804116
chrM	2777	2777	0.00358671757491612
chrM	2778	2778	0.00846072217282818
chrM	2779	2779	0.000344046560967918
chrM	2780	2780	0.000630354431105126
chrM	2781	2781	0.00051549344177788
chrM	2782	2782	0.00665680473372781
chrM	2783	2783	0.000312882214068322
chrM	2784	2784	0.000540141005230839
chrM	2785	2785	0.000710207096389307
chrM	2786	2786	0.0007097232079489
chrM	2787	2787	0.000482420045971793
chrM	2788	2788	0.000255406095692151
chrM	2789	2789	0.0315514635151848
chrM	2790	2790	0.0460158892472272
chrM	2791	2791	0.0446871399228496
chrM	2792	2792	0.0231010180109632
chrM	2793	2793	0.063643030664161
chrM	2794	2794	0.118024231881713
chrM	2795	2795	0.040546573241979
chrM	2796	2796	0.0504046754300253
chrM	2797	2797	0.00748522171995388
chrM	2798	2798	0.00529842321838243
chrM	2799	2799	0.0169154763183332
chrM	2800	2800	0.16863597130867
chrM	2801	2801	0.00222760146724683
chrM	2802	2802	0.0058033934346343
chrM	2803	2803	0.00486457093308643
chrM	2804	2804	0.0119077007972351
chrM	2805	2805	0.00279503555343152
chrM	2806	2806	0.00316268322622572
chrM	2807	2807	0.00984925486378538
chrM	2808	2808	0.0106835184765359
chrM	2809	2809	0.0290074445101898
chrM	2810	2810	0.00493029116108357
chrM	2811	2811	0.000413987249192725
chrM	2812	2812	0.0040686725955657
chrM	2813	2813	0.00278341468765425
chrM	2814	2814	0.00969766115231033
chrM	2815	2815	0.000298730395817774
chrM	2816	2816	0.015132019836483
chrM	2817	2817	0.0010712085910929
chrM	2818	2818	0.00307207351605492
chrM	2819	2819	0.00298714460980424
chrM	2820	2820	0.000999586837440524
chrM	2821	2821	0.000959207055500786
chrM	2822	2822	0.000599225002330319
chrM	2823	2823	0.000106554429334434
chrM	2824	2824	0.00466756835600817
chrM	2825	2825	0.000212568088215757
chrM	2826	2826	0.000132989334255393
chrM	2827	2827	0.000492001648870391
chrM	2828	2828	0.000506126798082046
chrM	2829	2829	6.66515589799645e-05
chrM	2830	2830	0.0001333600053344
chrM	2831	2831	0.000240477749128268
chrM	2832	2832	0.000228102189781022
chrM	2833	2833	0.000134518893178547
chrM	2834	2834	0.00233804974402386
chrM	2835	2835	0.00209963733536935
chrM	2836	2836	0.00311297799165341
chrM	2837	2837	0.00135786543553534
chrM	2838	2838	0.00287340742748712
chrM	2839	2839	0.000768945583368806
chrM	2840	2840	0.000564878344493125
chrM	2841	2841	0.00165214158853414
chrM	2842	2842	0.00152717967062449
chrM	2843	2843	0.000825968448005286
chrM	2844	2844	0.000481748609811155
chrM	2845	2845	0.00247463499133878
chrM	2846	2846	0.000880729904908693
chrM	2847	2847	0.00085253836422639
chrM	2848	2848	0.0149304285385251
chrM	2849	2849	0.00330964796152703
chrM	2850	2850	0.00382193034397373
chrM	2851	2851	0.00165255945183394
chrM	2852	2852	0.00438795986622074
chrM	2853	2853	0.0015501804089269
chrM	2854	2854	0.000721115325036056
chrM	2855	2855	0.00108057630736393
chrM	2856	2856	0.000333404459618052
chrM	2857	2857	0.00287276064317919
chrM	2858	2858	0.014187372975808
chrM	2859	2859	0.000265128918936833
chrM	2860	2860	0.00010606000344695
chrM	2861	2861	3.97767200116678e-05
chrM	2862	2862	6.63121178764207e-05
chrM	2863	2863	0.00308364213869772
chrM	2864	2864	0.000674531795577188
chrM	2865	2865	0.000238013381641234
chrM	2866	2866	0.000541862155554087
chrM	2867	2867	0.0191088582651646
chrM	2868	2868	0.000298112816258814
chrM	2869	2869	0.000116686114352392
chrM	2870	2870	0.000712998612893608
chrM	2871	2871	0
chrM	2872	2872	0.000441077266358777
chrM	2873	2873	9.08170943719349e-05
chrM	2874	2874	0.000129839777714301
chrM	2875	2875	0.0002473539635218
chrM	2876	2876	0.000143470151687079
chrM	2877	2877	0.000195899177223456
chrM	2878	2878	5.22951012563898e-05
chrM	2879	2879	0.00015701873756935
chrM	2880	2880	0.000432010682445966
chrM	2881	2881	0.000615989515072084
chrM	2882	2882	0.000328778653059614
chrM	2883	2883	0.000105203634785582
chrM	2884	2884	0.000171174255391989
chrM	2885	2885	0.00130314597867579
chrM	2886	2886	0.000660127008436423
chrM	2887	2887	0.00153895139036298
chrM	2888	2888	0.0020574766044999
chrM	2889	2889	0.000573333333333333
chrM	2890	2890	1.33477489021477e-05
chrM	2891	2891	0.000815464413667718
chrM	2892	2892	0.00236042004747663
chrM	2893	2893	0.000402225648588858
chrM	2894	2894	0.000482437919620482
chrM	2895	2895	0.000241173712065385
chrM	2896	2896	0.0119284031032383
chrM	2897	2897	0.000714711137581894
chrM	2898	2898	0.00163949598720135
chrM	2899	2899	0.000477377605686098
chrM	2900	2900	0.000742301931310561
chrM	2901	2901	0.00269709269272975
chrM	2902	2902	0.000977504194021373
chrM	2903	2903	0.000858380434208441
chrM	2904	2904	0.000686613674175403
chrM	2905	2905	0.000106047350141838
chrM	2906	2906	0.00207685693498247
chrM	2907	2907	0.000238391650994623
chrM	2908	2908	0.000569611869121738
chrM	2909	2909	0.00142883602783584
chrM	2910	2910	0.00027800577192936
chrM	2911	2911	0.00015885833807702
chrM	2912	2912	6.61971085103003e-05
chrM	2913	2913	0.00346048182586644
chrM	2914	2914	0.00779857397504456
chrM	2915	2915	0.000786699533224944
chrM	2916	2916	0.000144247160953605
chrM	2917	2917	0.000131288730175402
chrM	2918	2918	0.000617016528166148
chrM	2919	2919	0.000301876886730542
chrM	2920	2920	0.00194322628082246
chrM	2921	2921	5.25458462508539e-05
chrM	2922	2922	0.000380957385318691
chrM	2923	2923	0.00048591503053385
chrM	2924	2924	0.000420300514868131
chrM	2925	2925	0.00111448700428547
chrM	2926	2926	0.000305481398839171
chrM	2927	2927	0.000132899195959864
chrM	2928	2928	0.000305586926194114
chrM	2929	2929	0.00654216724158439
chrM	2930	2930	0.00341832963784183
chrM	2931	2931	0.00661226417569731
chrM	2932	2932	0.000184089414858646
chrM	2933	2933	0.000289271955083955
chrM	2934	2934	0.00048661800486618
chrM	2935	2935	0.001615190671289
chrM	2936	2936	0.00158957449324102
chrM	2937	2937	0.000905927919648132
chrM	2938	2938	0.000551181102362205
chrM	2939	2939	0.00141546526867628
chrM	2940	2940	0.00010501995379122
chrM	2941	2941	0.0098464989501415
chrM	2942	2942	0.000117504210567545
chrM	2943	2943	6.53312949969294e-05
chrM	2944	2944	0.000261308108390603
chrM	2945	2945	0.000797573285217437
chrM	2946	2946	0.00394911763939212
chrM	2947	2947	5.23464286649043e-05
chrM	2948	2948	0.00207837703589449
chrM	2949	2949	0.000653389786210862
chrM	2950	2950	0.000379586120237176
chrM	2951	2951	0.000183332460321618
chrM	2952	2952	5.24170827272608e-05
chrM	2953	2953	0.00350854225306016
chrM	2954	2954	0.000706519605919064
chrM	2955	2955	0.00335137249788094
chrM	2956	2956	0.000378076762619942
chrM	2957	2957	0.000183758383976269
chrM	2958	2958	0.000105015818007587
chrM	2959	2959	0.00019687364649368
chrM	2960	2960	0.00201938081063715
chrM	2961	2961	0.00120500864462723
chrM	2962	2962	0.00319951941912398
chrM	2963	2963	0.000130582397492818
chrM	2964	2964	0.00116127348643006
chrM	2965	2965	0.00192111660001568
chrM	2966	2966	0.00104485019460335
chrM	2967	2967	0.00302887879262625
chrM	2968	2968	0.000313291387097616
chrM	2969	2969	0.000757823218135494
chrM	2970	2970	0.000657151118471204
chrM	2971	2971	0.000572090172308111
chrM	2972	2972	0.00026104638382062
chrM	2973	2973	0.000275987690948984
chrM	2974	2974	0.000815401412441091
chrM	2975	2975	0.000165931497946598
chrM	2976	2976	0.000110764970578055
chrM	2977	2977	9.73466095566557e-05
chrM	2978	2978	0.000802947966104125
chrM	2979	2979	0.000405620744603795
chrM	2980	2980	0.000970213012439
chrM	2981	2981	0.00107235497848044
chrM	2982	2982	0.00153483051706413
chrM	2983	2983	0.000521724007999768
chrM	2984	2984	2.90284188220268e-05
chrM	2985	2985	0.00275115113955576
chrM	2986	2986	0.00237186162212195
chrM	2987	2987	0.00558321581719285
chrM	2988	2988	0.000762513128174141
chrM	2989	2989	0.000532918521079088
chrM	2990	2990	0.000187560416095569
chrM	2991	2991	0.000951694304253785
chrM	2992	2992	0.000217697342641104
chrM	2993	2993	0.00421586381745744
chrM	2994	2994	0.000466064666472473
chrM	2995	2995	0.000204025124236727
chrM	2996	2996	0.00481265539351818
chrM	2997	2997	0.000947348165253046
chrM	2998	2998	0.000813020370677065
chrM	2999	2999	0.0010035510267099
chrM	3000	3000	0.000418312805019754
chrM	3001	3001	0.000186399080431203
chrM	3002	3002	0.000390741001234742
chrM	3003	3003	0.00117394775149874
chrM	3004	3004	0.00132366845256855
chrM	3005	3005	0.000662189007662473
chrM	3006	3006	0.00263170335817955
chrM	3007	3007	0.00193258142187302
chrM	3008	3008	9.53288846520496e-05
chrM	3009	3009	0.00175148079740144
chrM	3010	3010	1.60264115261952e-05
chrM	3011	3011	0.00248321825085311
chrM	3012	3012	4.81772924361651e-05
chrM	3013	3013	0.000273224043715847
chrM	3014	3014	0.00110989576631064
chrM	3015	3015	0.00045258376840642
chrM	3016	3016	0.000872981230903536
chrM	3017	3017	0.00216870589758529
chrM	3018	3018	0.00171224499779854
chrM	3019	3019	0.00357589844448418
chrM	3020	3020	0.00144673103807016
chrM	3021	3021	0.00241345009213509
chrM	3022	3022	0.000385149957298592
chrM	3023	3023	0.00563539964653706
chrM	3024	3024	0.000452147701582517
chrM	3025	3025	0.00109115471881116
chrM	3026	3026	0.0110067482871714
chrM	3027	3027	0.000351074287319197
chrM	3028	3028	0.00063188934915397
chrM	3029	3029	0.000667451214585565
chrM	3030	3030	0.00152024041011137
chrM	3031	3031	0.00158675778503038
chrM	3032	3032	0.000564118428475242
chrM	3033	3033	0.000746649184149184
chrM	3034	3034	0.000438949447655278
chrM	3035	3035	0.000622904567356137
chrM	3036	3036	0.00933764487882862
chrM	3037	3037	0.0010014279620941
chrM	3038	3038	0.00033375361566417
chrM	3039	3039	0.00105631845221549
chrM	3040	3040	0
chrM	3041	3041	0.000408352668213457
chrM	3042	3042	0.000723817301089438
chrM	3043	3043	0.00399665396412306
chrM	3044	3044	0.00239314336598397
chrM	3045	3045	0.00031553353007777
chrM	3046	3046	0.000241348581612951
chrM	3047	3047	0.00011177555468619
chrM	3048	3048	0.00390369637086983
chrM	3049	3049	0.000784255144340292
chrM	3050	3050	0.00601749531043961
chrM	3051	3051	0.00137349889563264
chrM	3052	3052	0.000408959940514918
chrM	3053	3053	0.000195026816187226
chrM	3054	3054	0.000431397925368159
chrM	3055	3055	0.00108903902389836
chrM	3056	3056	4.03591968519826e-05
chrM	3057	3057	6.05999394000606e-05
chrM	3058	3058	0.000343462097947309
chrM	3059	3059	0.00022233451237999
chrM	3060	3060	0.00201723821749496
chrM	3061	3061	0.00128450842066631
chrM	3062	3062	0.000429702686664893
chrM	3063	3063	0.00305772743130374
chrM	3064	3064	0.000206257863581049
chrM	3065	3065	0.00364895788236749
chrM	3066	3066	0.000352931406743066
chrM	3067	3067	0.0031506508581378
chrM	3068	3068	0.00297828335056877
chrM	3069	3069	0.000434180329563545
chrM	3070	3070	0.00215410107705054
chrM	3071	3071	0.00248026125418544
chrM	3072	3072	0.0158354420047343
chrM	3073	3073	0.000775367789589667
chrM	3074	3074	0.00380739081746921
chrM	3075	3075	0.00234020471703873
chrM	3076	3076	0.000895601375969387
chrM	3077	3077	0.00104043412623934
chrM	3078	3078	0.00674867762397909
chrM	3079	3079	0.000895091238277356
chrM	3080	3080	0.00510183423087824
chrM	3081	3081	0.00769740940973129
chrM	3082	3082	0.00123411831350651
chrM	3083	3083	0.00149776347481126
chrM	3084	3084	0.00257121454457109
chrM	3085	3085	0.000304723209751143
chrM	3086	3086	0.00144139023102846
chrM	3087	3087	0.00240096038415366
chrM	3088	3088	0.0104959909746565
chrM	3089	3089	0.00502472163042167
chrM	3090	3090	0.000425842559922132
chrM	3091	3091	0.00111518887244267
chrM	3092	3092	0.00233518562563515
chrM	3093	3093	0.000284513700428959
chrM	3094	3094	0.0159911951314256
chrM	3095	3095	0.00411984210866892
chrM	3096	3096	0.000991464781446677
chrM	3097	3097	0.00107670442310177
chrM	3098	3098	0.000927863970826231
chrM	3099	3099	0.0019008942843565
chrM	3100	3100	0.000483612143061265
chrM	3101	3101	0.0128174491103821
chrM	3102	3102	2.18121537320595e-05
chrM	3103	3103	2.18126295124877e-05
chrM	3104	3104	0.00128537504629529
chrM	3105	3105	0.00468505986465383
chrM	3106	3106	0.000347297590622965
chrM	3107	3107	8.68187441668656e-05
chrM	3108	3108	0.00687633377163674
chrM	3109	3109	0.000329156700533234
chrM	3110	3110	0.00262960180315552
chrM	3111	3111	0.000465983224603914
chrM	3112	3112	2.22118566891006e-05
chrM	3113	3113	0.000489988641172409
chrM	3114	3114	0.00134743650205484
chrM	3115	3115	0.000205399730698131
chrM	3116	3116	0.000229336758095588
chrM	3117	3117	0.000115310993750144
chrM	3118	3118	0.000416965878292293
chrM	3119	3119	0.0012740919199407
chrM	3120	3120	0.00388498580933327
chrM	3121	3121	0.00107122452866121
chrM	3122	3122	0.00508639745204763
chrM	3123	3123	0.000881897270885473
chrM	3124	3124	0.00266482666730115
chrM	3125	3125	0.00637924492506166
chrM	3126	3126	0.00510312566446949
chrM	3127	3127	0.00106488712196507
chrM	3128	3128	0
chrM	3129	3129	0.00354744111247753
chrM	3130	3130	0.00713999575841836
chrM	3131	3131	0.00075051446556107
chrM	3132	3132	0.003047305794718
chrM	3133	3133	0.000170935996678958
chrM	3134	3134	0.00095827804806133
chrM	3135	3135	7.41454734188478e-05
chrM	3136	3136	0.0113557986008474
chrM	3137	3137	0.000274197970935015
chrM	3138	3138	0.000400972357968073
chrM	3139	3139	0.00105413748964686
chrM	3140	3140	0.00178271022170889
chrM	3141	3141	0.00284141360326763
chrM	3142	3142	0.00172660157180281
chrM	3143	3143	0.00139216754433751
chrM	3144	3144	0.000303444090426339
chrM	3145	3145	0.00148777895855473
chrM	3146	3146	0.0130829800121139
chrM	3147	3147	0.000314317146000314
chrM	3148	3148	0.00626193681705752
chrM	3149	3149	0.00134560020027538
chrM	3150	3150	0.016227367902451
chrM	3151	3151	0.0248430412448557
chrM	3152	3152	0.0136074721733162
chrM	3153	3153	0.00029898047657488
chrM	3154	3154	0.00517979580226953
chrM	3155	3155	0.016266944734098
chrM	3156	3156	0.00261725604496922
chrM	3157	3157	0.00343548583242126
chrM	3158	3158	0.00288666058948648
chrM	3159	3159	0.0222195746708763
chrM	3160	3160	0.00386996904024768
chrM	3161	3161	0.00101292975034261
chrM	3162	3162	0.0193075308240442
chrM	3163	3163	0.00231932461267279
chrM	3164	3164	0.00137058841852786
chrM	3165	3165	0.000249462097352584
chrM	3166	3166	0.00809126701181139
chrM	3167	3167	0.0026992646830691
chrM	3168	3168	9.36241924913398e-05
chrM	3169	3169	0.00143548135434545
chrM	3170	3170	0.000978720717307571
chrM	3171	3171	0.000424129718443118
chrM	3172	3172	0.000880252991230072
chrM	3173	3173	0.000493031816986589
chrM	3174	3174	0.000197446360405423
chrM	3175	3175	0.00023071091921822
chrM	3176	3176	0.00408055811504541
chrM	3177	3177	0.00366227194033826
chrM	3178	3178	0.00103684246906753
chrM	3179	3179	0.000760272315720358
chrM	3180	3180	0.00183359280401315
chrM	3181	3181	0.0179346155160045
chrM	3182	3182	0.0132757023772769
chrM	3183	3183	0.0356988962179721
chrM	3184	3184	0.00719209863449556
chrM	3185	3185	0.000862326291001957
chrM	3186	3186	0.00310695349701125
chrM	3187	3187	0.00334642308348984
chrM	3188	3188	0.00590806638890786
chrM	3189	3189	0.0157774338962524
chrM	3190	3190	0.000672494956287828
chrM	3191	3191	0.00605169012671771
chrM	3192	3192	0.0289434183906546
chrM	3193	3193	0.023449028036184
chrM	3194	3194	0.00843036202837692
chrM	3195	3195	0.00402995494066129
chrM	3196	3196	0.0160625
chrM	3197	3197	0.0560002362879168
chrM	3198	3198	0.0313546946138648
chrM	3199	3199	0.0233046105640107
chrM	3200	3200	0.0716078431372549
chrM	3201	3201	0.0554444197475982
chrM	3202	3202	0.013954167985778
chrM	3203	3203	0.00824348498767103
chrM	3204	3204	0.0228239296852849
chrM	3205	3205	0.0199322442918136
chrM	3206	3206	0.00844454670961804
chrM	3207	3207	0.0331486796146744
chrM	3208	3208	0.0021318173743116
chrM	3209	3209	0.000266506762609101
chrM	3210	3210	0.000555000555000555
chrM	3211	3211	0.0044207687716894
chrM	3212	3212	0.000309501702259362
chrM	3213	3213	0
chrM	3214	3214	0.000419954468094512
chrM	3215	3215	0.0015451174289246
chrM	3216	3216	2.20789543407224e-05
chrM	3217	3217	0.00601325549752008
chrM	3218	3218	0.00010975261759993
chrM	3219	3219	0.00032916392363397
chrM	3220	3220	0.00783886771910724
chrM	3221	3221	0.000326512842838485
chrM	3222	3222	0.00123934597321273
chrM	3223	3223	0.000500076098536734
chrM	3224	3224	0.00219126963464376
chrM	3225	3225	0.000672174158156074
chrM	3226	3226	0.000455304295037183
chrM	3227	3227	0.017703074071707
chrM	3228	3228	0.000383574488034607
chrM	3229	3229	0.000915653414535466
chrM	3230	3230	0.00343824946410001
chrM	3231	3231	0.000743131343156822
chrM	3232	3232	0.000573431028990124
chrM	3233	3233	6.37565350448421e-05
chrM	3234	3234	0.00905854347047547
chrM	3235	3235	0.000484639049264613
chrM	3236	3236	0
chrM	3237	3237	0.00176797440646574
chrM	3238	3238	0.000590356111239959
chrM	3239	3239	0.000379490639230899
chrM	3240	3240	0.000105420734149993
chrM	3241	3241	0.00168431690422553
chrM	3242	3242	0.00107339044051102
chrM	3243	3243	0.00016865895051968
chrM	3244	3244	0.000105445189590451
chrM	3245	3245	0.00208552770170634
chrM	3246	3246	0.000296597601796534
chrM	3247	3247	0.000127129417747267
chrM	3248	3248	0.00340179175118323
chrM	3249	3249	0.000486257928118393
chrM	3250	3250	0.000634008199839385
chrM	3251	3251	0.00238291052487295
chrM	3252	3252	0.00031728572637279
chrM	3253	3253	0.00329134755364264
chrM	3254	3254	0.00031652247309559
chrM	3255	3255	0.00462252852310214
chrM	3256	3256	0.0110461608870213
chrM	3257	3257	0.00014596713654183
chrM	3258	3258	0.00197772457583012
chrM	3259	3259	0.00220525516466599
chrM	3260	3260	0.00348641749849544
chrM	3261	3261	0.00143198090692124
chrM	3262	3262	0.000166309793567969
chrM	3263	3263	0.00473884612200977
chrM	3264	3264	0.00020738712955474
chrM	3265	3265	0.00334883720930233
chrM	3266	3266	0.00504239729974479
chrM	3267	3267	0.000206534759800074
chrM	3268	3268	0.000723035924556366
chrM	3269	3269	0.00798669568430994
chrM	3270	3270	0.00386831275720165
chrM	3271	3271	0.012855774911884
chrM	3272	3272	0.00513956039491326
chrM	3273	3273	0.00285864893358203
chrM	3274	3274	0.00277670021846097
chrM	3275	3275	0.00228724500309087
chrM	3276	3276	0.00314400789084333
chrM	3277	3277	0.00830663101822561
chrM	3278	3278	0.00199645527329028
chrM	3279	3279	0.00152569266446967
chrM	3280	3280	0.008156837408387
chrM	3281	3281	0.000929818887451488
chrM	3282	3282	0.00222047275883647
chrM	3283	3283	0.000567536889897843
chrM	3284	3284	0.00190248740108077
chrM	3285	3285	0.000587246623331916
chrM	3286	3286	0.0114486215538847
chrM	3287	3287	0.000561696322895143
chrM	3288	3288	0.000862639677412883
chrM	3289	3289	6.0234916173075e-05
chrM	3290	3290	0.0322994402985075
chrM	3291	3291	0.000625170945180323
chrM	3292	3292	0.0193722694872384
chrM	3293	3293	0.00777058632605915
chrM	3294	3294	0.0339745836176845
chrM	3295	3295	0.00443324381001435
chrM	3296	3296	0.00126884884148584
chrM	3297	3297	0.00796571993627424
chrM	3298	3298	0.0032521513529315
chrM	3299	3299	0.00729635545230144
chrM	3300	3300	0.00315086105427087
chrM	3301	3301	0.000109347378396603
chrM	3302	3302	0.00120574372465198
chrM	3303	3303	0.000402333534500101
chrM	3304	3304	0.00658278628738147
chrM	3305	3305	0.00766031954475815
chrM	3306	3306	0.00568078696141421
chrM	3307	3307	0.00763730028639876
chrM	3308	3308	0.00339470139200718
chrM	3309	3309	0.000233665857823313
chrM	3310	3310	0.00120712020755261
chrM	3311	3311	0.00013027376100348
chrM	3312	3312	0.00024192347774304
chrM	3313	3313	0.00150549225879598
chrM	3314	3314	0.000315932278986787
chrM	3315	3315	0.0215476450462255
chrM	3316	3316	0.000147340503904523
chrM	3317	3317	7.37490320439544e-05
chrM	3318	3318	1.84457602420084e-05
chrM	3319	3319	0.00197096964338344
chrM	3320	3320	0.000921964891576929
chrM	3321	3321	0.000147495344678184
chrM	3322	3322	0.000552822157112057
chrM	3323	3323	0.00185791545564917
chrM	3324	3324	3.71291723907474e-05
chrM	3325	3325	0.00248184916283894
chrM	3326	3326	0.000780016714643885
chrM	3327	3327	0.0014100185528757
chrM	3328	3328	0.000148445038224597
chrM	3329	3329	0.000297022350931908
chrM	3330	3330	0.00344348792002222
chrM	3331	3331	0.000822552905107306
chrM	3332	3332	0.00157065125932574
chrM	3333	3333	0.00215017575349637
chrM	3334	3334	0.000262245949236677
chrM	3335	3335	0.00952098142202261
chrM	3336	3336	0.00290412612204873
chrM	3337	3337	0.00847393934838976
chrM	3338	3338	0.0209062442438755
chrM	3339	3339	0.00228234861034419
chrM	3340	3340	0.01101582272719
chrM	3341	3341	0.002279649116408
chrM	3342	3342	0.00246354860490155
chrM	3343	3343	0.0258476536094211
chrM	3344	3344	0.0193116063105686
chrM	3345	3345	0.056479067373001
chrM	3346	3346	0.00223802655791515
chrM	3347	3347	0.00375983824340357
chrM	3348	3348	0.00328541409559388
chrM	3349	3349	0.00441082749136283
chrM	3350	3350	0.0126253805080094
chrM	3351	3351	0.00128659270151049
chrM	3352	3352	0.00306738238922415
chrM	3353	3353	0.00133502436419465
chrM	3354	3354	0.000592557478075373
chrM	3355	3355	0.010989010989011
chrM	3356	3356	0.00537508763729843
chrM	3357	3357	0.00146786542342913
chrM	3358	3358	8.34209253049035e-05
chrM	3359	3359	0.00519631443512908
chrM	3360	3360	0.0142864180501503
chrM	3361	3361	0.0012821988065688
chrM	3362	3362	0.000558806127144829
chrM	3363	3363	0.000493072333711355
chrM	3364	3364	0.00167741086699119
chrM	3365	3365	0.00120022360330144
chrM	3366	3366	0.0022188255017011
chrM	3367	3367	0.0126776169990875
chrM	3368	3368	0.000537914846449762
chrM	3369	3369	0.00149854217907579
chrM	3370	3370	0.00643379366368806
chrM	3371	3371	0.000327836606235452
chrM	3372	3372	0.000590628691429321
chrM	3373	3373	0.00973941368078176
chrM	3374	3374	0.000423922259179547
chrM	3375	3375	6.52326358877346e-05
chrM	3376	3376	0.000180041573236002
chrM	3377	3377	0.000677227003187922
chrM	3378	3378	0.0100748944971727
chrM	3379	3379	0.00081762055731687
chrM	3380	3380	0.00105054278043656
chrM	3381	3381	6.67723896168934e-05
chrM	3382	3382	0.000484067502378608
chrM	3383	3383	0.00328098196292657
chrM	3384	3384	0.0164756799291792
chrM	3385	3385	0.00385721757322176
chrM	3386	3386	0.00187736711505812
chrM	3387	3387	6.53103876171505e-05
chrM	3388	3388	0.00174451781201598
chrM	3389	3389	0.00624645088018171
chrM	3390	3390	0.00549930449972503
chrM	3391	3391	0.00730606805080527
chrM	3392	3392	0.000625842480261891
chrM	3393	3393	0.000898631192130558
chrM	3394	3394	0.000256875431470451
chrM	3395	3395	0.00226607952171258
chrM	3396	3396	0.00321016981798337
chrM	3397	3397	0.0108851104401716
chrM	3398	3398	0.00872715816005041
chrM	3399	3399	0.00188694079723249
chrM	3400	3400	0.00458477916123663
chrM	3401	3401	0.00879888921824053
chrM	3402	3402	0.0013196550044774
chrM	3403	3403	0.000236302340968525
chrM	3404	3404	0.00476974974503805
chrM	3405	3405	0.00152218944196849
chrM	3406	3406	0.011057961110766
chrM	3407	3407	0.00449092294020566
chrM	3408	3408	0.00496309697251085
chrM	3409	3409	0.000352750653390415
chrM	3410	3410	0.000545361221609136
chrM	3411	3411	0.00105845561703151
chrM	3412	3412	0.00661185992416276
chrM	3413	3413	0.000478003855897771
chrM	3414	3414	0.000398247710075667
chrM	3415	3415	0.000796013564071132
chrM	3416	3416	0.000525770732095913
chrM	3417	3417	0.0153158400100741
chrM	3418	3418	0.00168248627027713
chrM	3419	3419	0.00359182898463583
chrM	3420	3420	0.0016587415680637
chrM	3421	3421	0.00104192978024754
chrM	3422	3422	0.0020649758035278
chrM	3423	3423	6.30586603187615e-05
chrM	3424	3424	0.0610676832252993
chrM	3425	3425	0.000845070422535211
chrM	3426	3426	0.00893802187463248
chrM	3427	3427	0.00363700357834223
chrM	3428	3428	0.00181290790427846
chrM	3429	3429	0.00138630754699735
chrM	3430	3430	0.000320278184480234
chrM	3431	3431	0.000656548691483189
chrM	3432	3432	0.000290023201856148
chrM	3433	3433	0.00198092219547131
chrM	3434	3434	0.00322252116679587
chrM	3435	3435	7.6601351247836e-05
chrM	3436	3436	0.000245248313917842
chrM	3437	3437	0.00016880227115783
chrM	3438	3438	0.00100550708495761
chrM	3439	3439	0.00404214943610473
chrM	3440	3440	0.0261059283779717
chrM	3441	3441	0.000452202224834946
chrM	3442	3442	0.000211231479525634
chrM	3443	3443	0.00174893706841962
chrM	3444	3444	0.000739644970414201
chrM	3445	3445	0.0027705947543406
chrM	3446	3446	0.000107941403238242
chrM	3447	3447	0.000770938694954977
chrM	3448	3448	0.000231438622477319
chrM	3449	3449	0.000262718674661557
chrM	3450	3450	0.00319232583739582
chrM	3451	3451	0.000948406676783005
chrM	3452	3452	0.000190406676927471
chrM	3453	3453	1.58694893198337e-05
chrM	3454	3454	0.00632432261931048
chrM	3455	3455	0.00094553706505295
chrM	3456	3456	0.00336557364158213
chrM	3457	3457	0.00133500863829119
chrM	3458	3458	0.0298939541686982
chrM	3459	3459	0.00584295717707364
chrM	3460	3460	0.00228359163292026
chrM	3461	3461	0.000122699386503067
chrM	3462	3462	0.001990080215541
chrM	3463	3463	0.00510421745490005
chrM	3464	3464	0.00374981023227569
chrM	3465	3465	0.000531091620891627
chrM	3466	3466	0.0017729690412329
chrM	3467	3467	0.000333520306838682
chrM	3468	3468	0.000563311663596364
chrM	3469	3469	0.00111194041217956
chrM	3470	3470	0.00055561557575664
chrM	3471	3471	0.00231142614993451
chrM	3472	3472	0.00321301192965195
chrM	3473	3473	0.0068720125834186
chrM	3474	3474	0.00018339370042639
chrM	3475	3475	0.000366843464836525
chrM	3476	3476	0.000230259118261083
chrM	3477	3477	0.00598784101671096
chrM	3478	3478	0.000673720314198656
chrM	3479	3479	0.00194156946079406
chrM	3480	3480	3.05819749839445e-05
chrM	3481	3481	0.00151195821497297
chrM	3482	3482	0.00724791508718726
chrM	3483	3483	0.000484988102635607
chrM	3484	3484	0.00217953957226536
chrM	3485	3485	0.000227028499644322
chrM	3486	3486	0.00179983967814632
chrM	3487	3487	0.00897875976196543
chrM	3488	3488	0.0101141194898188
chrM	3489	3489	0.00224919937439488
chrM	3490	3490	0.000342583076396026
chrM	3491	3491	0.000536113179448995
chrM	3492	3492	0
chrM	3493	3493	0.00339934091381409
chrM	3494	3494	0.000148482508760468
chrM	3495	3495	0.00259366848470477
chrM	3496	3496	0.00105136900090329
chrM	3497	3497	0.000133280021324803
chrM	3498	3498	0.000802139037433155
chrM	3499	3499	0.000297601333253973
chrM	3500	3500	0.00261593341260404
chrM	3501	3501	0.00145467499888673
chrM	3502	3502	0.00561026383003853
chrM	3503	3503	0.00363572133005579
chrM	3504	3504	0.00161852772832276
chrM	3505	3505	0.0014187122230925
chrM	3506	3506	0.000664756108370018
chrM	3507	3507	0.000488324602681346
chrM	3508	3508	0.000828708842027377
chrM	3509	3509	0.0103925079998826
chrM	3510	3510	0.000707046900777752
chrM	3511	3511	0.000250633956478151
chrM	3512	3512	6.00699815284807e-05
chrM	3513	3513	0.0159472993919161
chrM	3514	3514	0.00195063395603571
chrM	3515	3515	0.00107946026986507
chrM	3516	3516	0.000465325728009607
chrM	3517	3517	0.000271354056743148
chrM	3518	3518	0.00125956632653061
chrM	3519	3519	1.61194126086045e-05
chrM	3520	3520	0.000626315697907062
chrM	3521	3521	0.00086989615614636
chrM	3522	3522	0.00103730664240218
chrM	3523	3523	0.000437118659502778
chrM	3524	3524	0.00134918319719953
chrM	3525	3525	0.0033221344244449
chrM	3526	3526	0.00390588323662517
chrM	3527	3527	0.0074591899844444
chrM	3528	3528	0.00795592492296199
chrM	3529	3529	0.0253806177719221
chrM	3530	3530	0.00376554435076505
chrM	3531	3531	0.0027334935515236
chrM	3532	3532	0.00639858789784323
chrM	3533	3533	0.051436474728199
chrM	3534	3534	0.00143479554163532
chrM	3535	3535	0.00979848080191461
chrM	3536	3536	0.00116268980477223
chrM	3537	3537	0.00112686800041607
chrM	3538	3538	0.0218136755618931
chrM	3539	3539	0.00735120553026471
chrM	3540	3540	0.00106151746448971
chrM	3541	3541	0.00059000033714305
chrM	3542	3542	0.000320723823027971
chrM	3543	3543	0.00138422323131721
chrM	3544	3544	0.00214183722037125
chrM	3545	3545	0.00390339935169628
chrM	3546	3546	0.000713375796178344
chrM	3547	3547	0.000101912559024357
chrM	3548	3548	0.000237755587256301
chrM	3549	3549	0.00117348934505689
chrM	3550	3550	0.00316030923455951
chrM	3551	3551	0.00119065843411407
chrM	3552	3552	0.0020547131043149
chrM	3553	3553	0.000458411857586716
chrM	3554	3554	0.00277909577713008
chrM	3555	3555	5.08750508750509e-05
chrM	3556	3556	0.0196940917724683
chrM	3557	3557	0.00891230162674353
chrM	3558	3558	0.00424309465237993
chrM	3559	3559	0.0120871054563249
chrM	3560	3560	0.000962762311934989
chrM	3561	3561	0.000311577566415218
chrM	3562	3562	0.000361479436749314
chrM	3563	3563	0.00156116479326891
chrM	3564	3564	0.0292639338769128
chrM	3565	3565	0.0105519224086185
chrM	3566	3566	0.0067695980649316
chrM	3567	3567	0.00194567792753919
chrM	3568	3568	0.00142114272794806
chrM	3569	3569	0.00666548882928318
chrM	3570	3570	0.00503918456831531
chrM	3571	3571	0.000474670594975039
chrM	3572	3572	0.000147613580449401
chrM	3573	3573	0.000180508377229689
chrM	3574	3574	0.0037613043549363
chrM	3575	3575	0.00319720491776262
chrM	3576	3576	0.000164937571129328
chrM	3577	3577	0.00120928999768081
chrM	3578	3578	0.000365983497471387
chrM	3579	3579	0.000182994792966346
chrM	3580	3580	0.00352941176470588
chrM	3581	3581	0
chrM	3582	3582	0.00280054992616732
chrM	3583	3583	0.000424390575134107
chrM	3584	3584	0.000458349601914883
chrM	3585	3585	0.00170476289879275
chrM	3586	3586	0.0003315302739487
chrM	3587	3587	0.000192529842125529
chrM	3588	3588	0.000804969813631989
chrM	3589	3589	0.000928895665737771
chrM	3590	3590	0.00122783322516707
chrM	3591	3591	0.0014193096197652
chrM	3592	3592	0.00215762976476573
chrM	3593	3593	0.000981887679062999
chrM	3594	3594	0.000192975685063682
chrM	3595	3595	0.0014572140875733
chrM	3596	3596	0.003232644409115
chrM	3597	3597	0.000159334336549526
chrM	3598	3598	0.0088801530334673
chrM	3599	3599	0.00781359006557835
chrM	3600	3600	0.000785655673306912
chrM	3601	3601	0.000489424925712288
chrM	3602	3602	0.00323290926883825
chrM	3603	3603	0.000950118764845606
chrM	3604	3604	0.000299169365057018
chrM	3605	3605	0.000370017972301512
chrM	3606	3606	0.000211692481388703
chrM	3607	3607	0.000159201867968584
chrM	3608	3608	0.000159747244360035
chrM	3609	3609	0.0259088865059324
chrM	3610	3610	0.00334813683991395
chrM	3611	3611	0.000693553420952249
chrM	3612	3612	0.000866536108559644
chrM	3613	3613	0.00218230943762232
chrM	3614	3614	0.00197797966006757
chrM	3615	3615	0.00108503526364607
chrM	3616	3616	0.000804702260163739
chrM	3617	3617	0.010867496149653
chrM	3618	3618	0.00102002005463158
chrM	3619	3619	0.000345655968614438
chrM	3620	3620	0.00433988909172321
chrM	3621	3621	0.000294765314792017
chrM	3622	3622	0.014003351229354
chrM	3623	3623	0.00204792135981978
chrM	3624	3624	0.000614439324116743
chrM	3625	3625	0.000768062264247555
chrM	3626	3626	0.00241211188093405
chrM	3627	3627	0.0103070063910221
chrM	3628	3628	0.000237787893199266
chrM	3629	3629	0.00193387504453002
chrM	3630	3630	0.00157605748373102
chrM	3631	3631	0.00604378766726821
chrM	3632	3632	5.11273582493993e-05
chrM	3633	3633	0.00120986981119215
chrM	3634	3634	0.000785720386027842
chrM	3635	3635	0.00044471811713191
chrM	3636	3636	0.00630108991825613
chrM	3637	3637	0.00148307251713204
chrM	3638	3638	0.000444034566383168
chrM	3639	3639	0.000478976359095419
chrM	3640	3640	0.000205539283695596
chrM	3641	3641	0.00631865792386954
chrM	3642	3642	0.000546485415670469
chrM	3643	3643	0.000120025376793951
chrM	3644	3644	0.0118636024676293
chrM	3645	3645	0.0029673590504451
chrM	3646	3646	0.000932819999660793
chrM	3647	3647	0.000565960074089319
chrM	3648	3648	0.000229463056447912
chrM	3649	3649	0.000318838012576388
chrM	3650	3650	0.00759605216778287
chrM	3651	3651	0.0215568227962077
chrM	3652	3652	0.00273164730996056
chrM	3653	3653	0.000781747113898736
chrM	3654	3654	0.000582612653618571
chrM	3655	3655	0.00142011834319527
chrM	3656	3656	0.0104089621705482
chrM	3657	3657	0.00120746828143022
chrM	3658	3658	0.0023989898989899
chrM	3659	3659	0.000505615948571635
chrM	3660	3660	0.000415575029361279
chrM	3661	3661	0.0141181503796927
chrM	3662	3662	0.00237175951461666
chrM	3663	3663	0.000184280844006266
chrM	3664	3664	0.000405552380776817
chrM	3665	3665	0.000166404733290191
chrM	3666	3666	0.00173874440457253
chrM	3667	3667	0.00232112806824117
chrM	3668	3668	0.0016843216039612
chrM	3669	3669	0.00290561820583156
chrM	3670	3670	0.000833079345727929
chrM	3671	3671	0.000345465260419842
chrM	3672	3672	0.00436627513683045
chrM	3673	3673	0.000451495064338047
chrM	3674	3674	0.0117745149875951
chrM	3675	3675	6.1055030934549e-05
chrM	3676	3676	0.000101768740713602
chrM	3677	3677	0.000447828034034931
chrM	3678	3678	0.000325905405955921
chrM	3679	3679	0.00520029251645405
chrM	3680	3680	0.00775365976779404
chrM	3681	3681	0.00294218406787175
chrM	3682	3682	6.05974912638617e-05
chrM	3683	3683	0.000404024079835158
chrM	3684	3684	0.00224883000060779
chrM	3685	3685	0.00464693612011814
chrM	3686	3686	0.00208238835511938
chrM	3687	3687	0.00053603826488537
chrM	3688	3688	0.000309284727520155
chrM	3689	3689	0.000144487790781679
chrM	3690	3690	0.00137588859471742
chrM	3691	3691	0.0130092363516411
chrM	3692	3692	0.000578536303153023
chrM	3693	3693	0.000516294246416918
chrM	3694	3694	0.00513716223158327
chrM	3695	3695	0.00364686840541703
chrM	3696	3696	0.00176085176085176
chrM	3697	3697	0.00084016393442623
chrM	3698	3698	0.0057300163132137
chrM	3699	3699	0.000326250968557563
chrM	3700	3700	0.00266471389922906
chrM	3701	3701	0.00265876479064764
chrM	3702	3702	0.000142554578038449
chrM	3703	3703	0.00545716430324793
chrM	3704	3704	0.000507119964298755
chrM	3705	3705	0.00236866079562709
chrM	3706	3706	0.00022271714922049
chrM	3707	3707	0.000101440454453236
chrM	3708	3708	0.00186404619592746
chrM	3709	3709	0.000163498875945228
chrM	3710	3710	0.000348110985973175
chrM	3711	3711	0.00045071807584356
chrM	3712	3712	0.00165959800848239
chrM	3713	3713	0.00412446912773603
chrM	3714	3714	0.00139287177386317
chrM	3715	3715	0.00138458359165117
chrM	3716	3716	0.000656167979002625
chrM	3717	3717	0.00380078636959371
chrM	3718	3718	0.00768508612972949
chrM	3719	3719	0.000155579756851066
chrM	3720	3720	0.000467102629120512
chrM	3721	3721	0.00248938676624214
chrM	3722	3722	0.0022249911000356
chrM	3723	3723	0.0458676632973753
chrM	3724	3724	0.00346575957897439
chrM	3725	3725	0.000975123515645315
chrM	3726	3726	0.00979231679758958
chrM	3727	3727	0.00865615358244772
chrM	3728	3728	0.0156865262797466
chrM	3729	3729	0.000500587646367475
chrM	3730	3730	0.000783511437090561
chrM	3731	3731	0.00465872156013001
chrM	3732	3732	0.00121214744907898
chrM	3733	3733	0.0142078837731012
chrM	3734	3734	0.000495028195084155
chrM	3735	3735	0.00259846239745737
chrM	3736	3736	0.0105075084017527
chrM	3737	3737	0.0106745831227893
chrM	3738	3738	0.0159303490896943
chrM	3739	3739	0.00167147214909532
chrM	3740	3740	0.00439302972616781
chrM	3741	3741	0.000585798568977781
chrM	3742	3742	0.0105167273931765
chrM	3743	3743	0.000208012647168948
chrM	3744	3744	0.0189657636322806
chrM	3745	3745	0.00189935462788988
chrM	3746	3746	0.000306410099276872
chrM	3747	3747	0.00051099664786199
chrM	3748	3748	0.00304697245455103
chrM	3749	3749	0.00181263903765346
chrM	3750	3750	0.00103054536460695
chrM	3751	3751	0.00470042488556826
chrM	3752	3752	0.00028816664265278
chrM	3753	3753	0.000590617617279784
chrM	3754	3754	0.000990892224658458
chrM	3755	3755	0.00166827077317934
chrM	3756	3756	0.000303154977155107
chrM	3757	3757	0.000173370319001387
chrM	3758	3758	0.00926105403717344
chrM	3759	3759	0.000323820215016623
chrM	3760	3760	0.00276050949876103
chrM	3761	3761	0.00198011184367996
chrM	3762	3762	0.000180660313445644
chrM	3763	3763	0.000340259504582161
chrM	3764	3764	0.00154153064925644
chrM	3765	3765	0.00105308944392299
chrM	3766	3766	0.000160381249140815
chrM	3767	3767	0.00176370882770626
chrM	3768	3768	0.000686907542244814
chrM	3769	3769	0.000366233290606116
chrM	3770	3770	0.000229716070936323
chrM	3771	3771	0.00252160557504069
chrM	3772	3772	0.000896036760482481
chrM	3773	3773	0.000252670265303779
chrM	3774	3774	0.00259031725655602
chrM	3775	3775	0.000137722076848919
chrM	3776	3776	0.0012859078279639
chrM	3777	3777	0.000345494748479823
chrM	3778	3778	0.00131200368281736
chrM	3779	3779	0.0034579740882475
chrM	3780	3780	0.00248664579112175
chrM	3781	3781	0.000391623856803889
chrM	3782	3782	0.00149669575629188
chrM	3783	3783	9.26955876900259e-05
chrM	3784	3784	0.00194385948672853
chrM	3785	3785	0.00229060620083295
chrM	3786	3786	0.0181344762431448
chrM	3787	3787	0.00193445869700389
chrM	3788	3788	0.00151947693157749
chrM	3789	3789	0.000345518623453804
chrM	3790	3790	0.0111828742268982
chrM	3791	3791	0.0058673701446375
chrM	3792	3792	0.00140825875618952
chrM	3793	3793	0.00068192667015207
chrM	3794	3794	0.000614208694465297
chrM	3795	3795	0.000342231348391513
chrM	3796	3796	0.0017882525562841
chrM	3797	3797	0.000263435194942044
chrM	3798	3798	0.000168143931205112
chrM	3799	3799	0.000384430562229697
chrM	3800	3800	0.0011332674270007
chrM	3801	3801	4.88340861921621e-05
chrM	3802	3802	0.0015881548084441
chrM	3803	3803	7.3742687183521e-05
chrM	3804	3804	0.000688840779374139
chrM	3805	3805	0.000814271966836924
chrM	3806	3806	0.000567690978649883
chrM	3807	3807	0.000948387740840571
chrM	3808	3808	0.00202322967403522
chrM	3809	3809	0.00232407037185126
chrM	3810	3810	0.000924722583225033
chrM	3811	3811	0.00167781033230661
chrM	3812	3812	0.0010027827220537
chrM	3813	3813	0.000551945608269149
chrM	3814	3814	0.00436505945512016
chrM	3815	3815	0.00409979501024949
chrM	3816	3816	0.00454171137673745
chrM	3817	3817	0.000673803997903721
chrM	3818	3818	0.0204252181393634
chrM	3819	3819	2.46208390781958e-05
chrM	3820	3820	0.00309316312753161
chrM	3821	3821	0.000515312131919906
chrM	3822	3822	0.00105410241953276
chrM	3823	3823	0.000294132065297319
chrM	3824	3824	0.00244516712717314
chrM	3825	3825	0.00110280602867296
chrM	3826	3826	0.000517483551415687
chrM	3827	3827	0.000862557606525864
chrM	3828	3828	0.000123258967089856
chrM	3829	3829	0.00265610781830255
chrM	3830	3830	0.000516617874978474
chrM	3831	3831	0.00012330760314681
chrM	3832	3832	0.000322845009561179
chrM	3833	3833	0.0054044630404463
chrM	3834	3834	0.00410875519935072
chrM	3835	3835	0.00086569064290261
chrM	3836	3836	0.000395914165808853
chrM	3837	3837	0.000423459665466864
chrM	3838	3838	0.00140572368246559
chrM	3839	3839	0.000823045267489712
chrM	3840	3840	0.000133198358996217
chrM	3841	3841	0.00335329341317365
chrM	3842	3842	0.000693666293154047
chrM	3843	3843	0.00120160213618158
chrM	3844	3844	0.000107503762631692
chrM	3845	3845	0.000404639870515241
chrM	3846	3846	0.000377979967061746
chrM	3847	3847	0.0150527911491716
chrM	3848	3848	5.33006422727394e-05
chrM	3849	3849	0.00119821067206305
chrM	3850	3850	0.00399052914416452
chrM	3851	3851	0.000266035276277634
chrM	3852	3852	0.000824117396852403
chrM	3853	3853	0.000292599882960047
chrM	3854	3854	0.00850771507080955
chrM	3855	3855	0.00208895235073246
chrM	3856	3856	0.0171548117154812
chrM	3857	3857	0.000322061191626409
chrM	3858	3858	0.000974236847802555
chrM	3859	3859	0.00820885479747006
chrM	3860	3860	0.0017210778249879
chrM	3861	3861	0.000809301572742723
chrM	3862	3862	0.0053493185667052
chrM	3863	3863	0.000733655779577197
chrM	3864	3864	0.00443975202360649
chrM	3865	3865	0.000190191550061133
chrM	3866	3866	0.00290800380486479
chrM	3867	3867	0.0018788291354663
chrM	3868	3868	0.000818152067197556
chrM	3869	3869	0.00752612485786994
chrM	3870	3870	0.00184231915470062
chrM	3871	3871	0.00259501540790398
chrM	3872	3872	0.00019009341733652
chrM	3873	3873	0.00113987949845302
chrM	3874	3874	0.0173382305282489
chrM	3875	3875	0.000568905263728226
chrM	3876	3876	0.00766438079870916
chrM	3877	3877	0.000243223522417101
chrM	3878	3878	0.000516528925619835
chrM	3879	3879	0.000217621936291178
chrM	3880	3880	0.00946576413796823
chrM	3881	3881	0.00237815378727824
chrM	3882	3882	0.0019679120999262
chrM	3883	3883	0.00052026286966046
chrM	3884	3884	0.00940498518578923
chrM	3885	3885	0.00220115137148662
chrM	3886	3886	0.000931703323075186
chrM	3887	3887	0.000369727823440744
chrM	3888	3888	0.000483366505544498
chrM	3889	3889	0.00201544226183717
chrM	3890	3890	0.0038196016296967
chrM	3891	3891	0.0601469726822514
chrM	3892	3892	0
chrM	3893	3893	0.000852265160998216
chrM	3894	3894	0.000133198358996217
chrM	3895	3895	2.66652445202923e-05
chrM	3896	3896	0.000482457315929132
chrM	3897	3897	0.00248656453036015
chrM	3898	3898	0.00040551500405515
chrM	3899	3899	0.000244598450876478
chrM	3900	3900	0
chrM	3901	3901	0.00365391432388951
chrM	3902	3902	0.000759557768588066
chrM	3903	3903	0.000225193525686137
chrM	3904	3904	8.44523266615995e-05
chrM	3905	3905	0
chrM	3906	3906	0.000140936381317473
chrM	3907	3907	2.8239015023156e-05
chrM	3908	3908	0.00195412064570943
chrM	3909	3909	0
chrM	3910	3910	0.000170198280997362
chrM	3911	3911	5.67552995260932e-05
chrM	3912	3912	0.000113591185324019
chrM	3913	3913	0.000884981015729824
chrM	3914	3914	0
chrM	3915	3915	0
chrM	3916	3916	0.00477211030147164
chrM	3917	3917	0.0105587952216498
chrM	3918	3918	0.000491414696190091
chrM	3919	3919	0.000780572419774501
chrM	3920	3920	0.000447453986815023
chrM	3921	3921	0.000179812994485735
chrM	3922	3922	0.00243587044777915
chrM	3923	3923	0.0155773388219267
chrM	3924	3924	0.000297672203369649
chrM	3925	3925	0.00178566114103747
chrM	3926	3926	0.000624591041579918
chrM	3927	3927	0.00216649354503636
chrM	3928	3928	0.00174804456032235
chrM	3929	3929	0.000296331417056836
chrM	3930	3930	0.000414704227020943
chrM	3931	3931	0.000888020602077968
chrM	3932	3932	0.00082815734989648
chrM	3933	3933	0.010796734646107
chrM	3934	3934	0
chrM	3935	3935	0
chrM	3936	3936	0
chrM	3937	3937	0.000509700232550731
chrM	3938	3938	6.38406537282942e-05
chrM	3939	3939	0.000606157281863136
chrM	3940	3940	6.38284291823578e-05
chrM	3941	3941	0.00577576084541906
chrM	3942	3942	0.000413696537678208
chrM	3943	3943	0.000255770829336914
chrM	3944	3944	0.00107271722523811
chrM	3945	3945	0.00068656618824991
chrM	3946	3946	0.00306538398826023
chrM	3947	3947	0.000523937389481957
chrM	3948	3948	0.000327739905610907
chrM	3949	3949	0.00532019061296429
chrM	3950	3950	0.000915451513764467
chrM	3951	3951	0.000490276188919758
chrM	3952	3952	0.00488313041213621
chrM	3953	3953	0.0088821420496754
chrM	3954	3954	0.00075451891218056
chrM	3955	3955	0.00069626338649249
chrM	3956	3956	0.00083799818992391
chrM	3957	3957	0.00157040656080963
chrM	3958	3958	0.000175364758698092
chrM	3959	3959	0.0021354804831087
chrM	3960	3960	0.000490935231616229
chrM	3961	3961	0.00276823883944215
chrM	3962	3962	0.000140488901376791
chrM	3963	3963	0.004197565412061
chrM	3964	3964	0.000317303624312509
chrM	3965	3965	0.00165481304133512
chrM	3966	3966	0.0029535864978903
chrM	3967	3967	0.00056274620146314
chrM	3968	3968	0.00049268018018018
chrM	3969	3969	0.000387242131943955
chrM	3970	3970	0.00010566728892959
chrM	3971	3971	0.00130378096479791
chrM	3972	3972	0.0055750350631136
chrM	3973	3973	0.00115830115830116
chrM	3974	3974	0.00871717981798529
chrM	3975	3975	0.00355623736141134
chrM	3976	3976	0.0124360923034407
chrM	3977	3977	0.00449515905947441
chrM	3978	3978	0.00169550173010381
chrM	3979	3979	0.000841337726985908
chrM	3980	3980	3.53107344632768e-05
chrM	3981	3981	0.00520156046814044
chrM	3982	3982	0.000983975260050605
chrM	3983	3983	0.00169079573074078
chrM	3984	3984	0.00512478500473867
chrM	3985	3985	0.00938328449839542
chrM	3986	3986	0.00225614270102584
chrM	3987	3987	0.000822839152833429
chrM	3988	3988	0.000680905963302752
chrM	3989	3989	0.00011111522648987
chrM	3990	3990	0.000296879058893383
chrM	3991	3991	0.00494848406514273
chrM	3992	3992	0.00357142857142857
chrM	3993	3993	0.00477274396064322
chrM	3994	3994	0.000697939242552254
chrM	3995	3995	0.00297925555392085
chrM	3996	3996	0.00228893058161351
chrM	3997	3997	0.00363431997002623
chrM	3998	3998	0.000978142282081186
chrM	3999	3999	0.000378057540357642
chrM	4000	4000	0.00192663669676249
chrM	4001	4001	0.00170992134361819
chrM	4002	4002	0.00027047913446677
chrM	4003	4003	0.000361271676300578
chrM	4004	4004	0.000201718642836971
chrM	4005	4005	0.00040353496630483
chrM	4006	4006	0.000161596574152628
chrM	4007	4007	0.000282988357050453
chrM	4008	4008	0.000202675314146737
chrM	4009	4009	0.00801643570737996
chrM	4010	4010	0.000564152159896841
chrM	4011	4011	0.00113122171945701
chrM	4012	4012	0.000529402182765923
chrM	4013	4013	8.41361322619999e-05
chrM	4014	4014	0.000337211262856179
chrM	4015	4015	0.000126898185355949
chrM	4016	4016	0.00119118522930316
chrM	4017	4017	8.5081039690305e-05
chrM	4018	4018	0.000213128729752771
chrM	4019	4019	0.000555793073963232
chrM	4020	4020	4.32937916702745e-05
chrM	4021	4021	0.00631258162821071
chrM	4022	4022	0.000569900486607339
chrM	4023	4023	0.00639188891337888
chrM	4024	4024	8.83821644792081e-05
chrM	4025	4025	0.000265874950148447
chrM	4026	4026	0.00459308807134894
chrM	4027	4027	4.49357418890986e-05
chrM	4028	4028	0.000181801654395055
chrM	4029	4029	0
chrM	4030	4030	0
chrM	4031	4031	9.15122397620682e-05
chrM	4032	4032	0
chrM	4033	4033	0.000370404667098805
chrM	4034	4034	0
chrM	4035	4035	0.000371402042711235
chrM	4036	4036	0.00046423100134627
chrM	4037	4037	0.000187055742611298
chrM	4038	4038	0.000140666760444507
chrM	4039	4039	0
chrM	4040	4040	0.000236529637163537
chrM	4041	4041	0.000189322226429383
chrM	4042	4042	0.00518452184568978
chrM	4043	4043	0.000519259818731118
chrM	4044	4044	4.72567459004773e-05
chrM	4045	4045	9.50254192996627e-05
chrM	4046	4046	0.00028604118993135
chrM	4047	4047	0
chrM	4048	4048	0.000556080742923873
chrM	4049	4049	0.000222630377915067
chrM	4050	4050	5.58066856409398e-05
chrM	4051	4051	0.000334802745382512
chrM	4052	4052	0.000390777647518562
chrM	4053	4053	0.00057567209717345
chrM	4054	4054	0
chrM	4055	4055	0
chrM	4056	4056	5.76867608883761e-05
chrM	4057	4057	0.000115466774435656
chrM	4058	4058	0.000750577367205543
chrM	4059	4059	0
chrM	4060	4060	0.000115640358485111
chrM	4061	4061	0.000289050757312984
chrM	4062	4062	0.000116009280742459
chrM	4063	4063	0.00115942028985507
chrM	4064	4064	5.86992251702278e-05
chrM	4065	4065	0
chrM	4066	4066	0.000235349493998588
chrM	4067	4067	0.000178104963191641
chrM	4068	4068	0
chrM	4069	4069	0
chrM	4070	4070	0.000185425551641016
chrM	4071	4071	6.27234522988145e-05
chrM	4072	4072	0
chrM	4073	4073	6.35243298183204e-05
chrM	4074	4074	0
chrM	4075	4075	6.5470734581642e-05
chrM	4076	4076	0.000131795716639209
chrM	4077	4077	0
chrM	4078	4078	0
chrM	4079	4079	6.66800026672001e-05
chrM	4080	4080	0
chrM	4081	4081	6.72766415500538e-05
chrM	4082	4082	0.000206725468577729
chrM	4083	4083	0
chrM	4084	4084	6.91180536356096e-05
chrM	4085	4085	0
chrM	4086	4086	0.00042339990120669
chrM	4087	4087	0.000211744776962168
chrM	4088	4088	0
chrM	4089	4089	0
chrM	4090	4090	7.13165026387106e-05
chrM	4091	4091	0
chrM	4092	4092	7.18081286801666e-05
chrM	4093	4093	7.23170378941279e-05
chrM	4094	4094	0
chrM	4095	4095	0
chrM	4096	4096	0
chrM	4097	4097	0.000147373074939209
chrM	4098	4098	0
chrM	4099	4099	0
chrM	4100	4100	0.000156543519098309
chrM	4101	4101	0
chrM	4102	4102	0
chrM	4103	4103	0.000489596083231334
chrM	4104	4104	0.000352050695300123
chrM	4105	4105	0
chrM	4106	4106	9.05633037493208e-05
chrM	4107	4107	9.3764650726676e-05
chrM	4108	4108	9.40291490362012e-05
chrM	4109	4109	0
chrM	4110	4110	0
chrM	4111	4111	0.00123374774603777
chrM	4112	4112	0
chrM	4113	4113	9.56663158901751e-05
chrM	4114	4114	0
chrM	4115	4115	0
chrM	4116	4116	9.80488283165016e-05
chrM	4117	4117	9.98003992015968e-05
chrM	4118	4118	0
chrM	4119	4119	0
chrM	4120	4120	0
chrM	4121	4121	0
chrM	4122	4122	0.000437015186277723
chrM	4123	4123	0.000111037086386853
chrM	4124	4124	0.000222444666889111
chrM	4125	4125	0
chrM	4126	4126	0.000111644523836106
chrM	4127	4127	0
chrM	4128	4128	0.00045045045045045
chrM	4129	4129	0.000113778586869951
chrM	4130	4130	0
chrM	4131	4131	0.000343839541547278
chrM	4132	4132	0
chrM	4133	4133	0
chrM	4134	4134	0.000233045910044279
chrM	4135	4135	0.000116808784020558
chrM	4136	4136	0
chrM	4137	4137	0
chrM	4138	4138	0
chrM	4139	4139	0
chrM	4140	4140	0
chrM	4141	4141	0.000248138957816377
chrM	4142	4142	0.00012639029322548
chrM	4143	4143	0.000126422250316056
chrM	4144	4144	0
chrM	4145	4145	0.000132961042414573
chrM	4146	4146	0.000136855070480361
chrM	4147	4147	0
chrM	4148	4148	0.00015001500150015
chrM	4149	4149	0
chrM	4150	4150	0.000768403258029814
chrM	4151	4151	0
chrM	4152	4152	0.000323624595469256
chrM	4153	4153	0
chrM	4154	4154	0
chrM	4155	4155	0
chrM	4156	4156	0.000343819838404676
chrM	4157	4157	0.000349101064758248
chrM	4158	4158	0.0012242042672263
chrM	4159	4159	0
chrM	4160	4160	0
chrM	4161	4161	0.000540930400288496
chrM	4162	4162	0.000549954170485793
chrM	4163	4163	0.00131282820705176
chrM	4164	4164	0.000209424083769634
chrM	4165	4165	0.000210393435724805
chrM	4166	4166	0
chrM	4167	4167	0.000223264121455682
chrM	4168	4168	0
chrM	4169	4169	0.000701754385964912
chrM	4170	4170	0.000239005736137667
chrM	4171	4171	0
chrM	4172	4172	0
chrM	4173	4173	0.000969227041434456
chrM	4174	4174	0
chrM	4175	4175	0.000816548720740337
chrM	4176	4176	0
chrM	4177	4177	0.00425531914893617
chrM	4178	4178	0.00161603102779573
chrM	4179	4179	0.000677966101694915
chrM	4180	4180	0.00155038759689922
chrM	4181	4181	0
chrM	4182	4182	0
chrM	4183	4183	0.00127713920817369
chrM	4184	4184	0
chrM	4185	4185	0.000669792364367046
chrM	4186	4186	0.00135226504394861
chrM	4187	4187	0.000677048070412999
chrM	4188	4188	0
chrM	4189	4189	0
chrM	4190	4190	0
chrM	4191	4191	0.00078125
chrM	4192	4192	0.00235849056603774
chrM	4193	4193	0.00554235946159937
chrM	4194	4194	0
chrM	4195	4195	0
chrM	4196	4196	0
chrM	4197	4197	0.0024174053182917
chrM	4198	4198	0.000841750841750842
chrM	4199	4199	0
chrM	4200	4200	0
chrM	4201	4201	0
chrM	4202	4202	0.000886524822695035
chrM	4203	4203	0.00099009900990099
chrM	4204	4204	0.00204918032786885
chrM	4205	4205	0.00104058272632674
chrM	4206	4206	0
chrM	4207	4207	0
chrM	4208	4208	0
chrM	4209	4209	0
chrM	4210	4210	0.00107066381156317
chrM	4211	4211	0.0032017075773746
chrM	4212	4212	0.00106609808102345
chrM	4213	4213	0.00213447171824973
chrM	4214	4214	0.00427350427350427
chrM	4215	4215	0.00106951871657754
chrM	4216	4216	0.0383022774327122
chrM	4217	4217	0.00103412616339193
chrM	4218	4218	0.0020746887966805
chrM	4219	4219	0.00515995872033024
chrM	4220	4220	0.0338983050847458
chrM	4221	4221	0.0137931034482759
chrM	4222	4222	0.00587659157688541
chrM	4223	4223	0.0116166505324298
chrM	4224	4224	0.0124282982791587
chrM	4225	4225	0.0113421550094518
chrM	4226	4226	0.0807993049522155
chrM	4227	4227	0.0145922746781116
chrM	4228	4228	0.0025706940874036
chrM	4229	4229	0.0126903553299492
chrM	4230	4230	0.015
chrM	4231	4231	0.025182778229082
chrM	4232	4232	0.00645682001614205
chrM	4233	4233	0.00401929260450161
chrM	4234	4234	0.0150554675118859
chrM	4235	4235	0.00158227848101266
chrM	4236	4236	0.00940438871473354
chrM	4237	4237	0.00470219435736677
chrM	4238	4238	0.00390625
chrM	4239	4239	0.0046656298600311
chrM	4240	4240	0.000777000777000777
chrM	4241	4241	0.00155159038013964
chrM	4242	4242	0.0293674698795181
chrM	4243	4243	0.00150602409638554
chrM	4244	4244	0.032774945375091
chrM	4245	4245	0.00145454545454545
chrM	4246	4246	0.000726744186046512
chrM	4247	4247	0.00145137880986938
chrM	4248	4248	0.000726216412490922
chrM	4249	4249	0.0136103151862464
chrM	4250	4250	0.000717875089734386
chrM	4251	4251	0.000717360114777618
chrM	4252	4252	0.00143266475644699
chrM	4253	4253	0.00143163922691482
chrM	4254	4254	0
chrM	4255	4255	0.00145137880986938
chrM	4256	4256	0.0397489539748954
chrM	4257	4257	0.00486111111111111
chrM	4258	4258	0.0348993288590604
chrM	4259	4259	0.00801068090787717
chrM	4260	4260	0.00133600534402138
chrM	4261	4261	0.00399733510992672
chrM	4262	4262	0.00133067198935462
chrM	4263	4263	0.00463576158940397
chrM	4264	4264	0.00264200792602378
chrM	4265	4265	0.00460223537146614
chrM	4266	4266	0.0397727272727273
chrM	4267	4267	0.0306372549019608
chrM	4268	4268	0.0072992700729927
chrM	4269	4269	0.00484848484848485
chrM	4270	4270	0.00841346153846154
chrM	4271	4271	0.0246189917936694
chrM	4272	4272	0.0104408352668213
chrM	4273	4273	0
chrM	4274	4274	0.0109007458405049
chrM	4275	4275	0.000573394495412844
chrM	4276	4276	0.0412314458493678
chrM	4277	4277	0.0257510729613734
chrM	4278	4278	0.00534188034188034
chrM	4279	4279	0.0429447852760736
chrM	4280	4280	0.0229885057471264
chrM	4281	4281	0.0489543726235741
chrM	4282	4282	0.0598748882931189
chrM	4283	4283	0.0721393034825871
chrM	4284	4284	0.286601597160603
chrM	4285	4285	0.0592654424040067
chrM	4286	4286	0.72559205500382
chrM	4287	4287	0.058480794130341
chrM	4288	4288	0.150262868321311
chrM	4289	4289	0.111943539630836
chrM	4290	4290	0.101813926272674
chrM	4291	4291	0.301342327609703
chrM	4292	4292	0.0782638736220596
chrM	4293	4293	0.0353311920489667
chrM	4294	4294	0.0534346766097806
chrM	4295	4295	0.00417047531992687
chrM	4296	4296	0.100583202733602
chrM	4297	4297	0.0294975688816856
chrM	4298	4298	0.00461641557667966
chrM	4299	4299	0.023890288815662
chrM	4300	4300	0.0181991197811348
chrM	4301	4301	0.00860849056603774
chrM	4302	4302	0.0578628091460569
chrM	4303	4303	0.00911552942730696
chrM	4304	4304	0.0247165435492183
chrM	4305	4305	0.00406347576885239
chrM	4306	4306	0.00368626281136136
chrM	4307	4307	0.113005348806441
chrM	4308	4308	0.00352198888784255
chrM	4309	4309	0.000846819721490403
chrM	4310	4310	0.014776498507518
chrM	4311	4311	0.00703253005394061
chrM	4312	4312	0.00509185486382036
chrM	4313	4313	0.00295841779433518
chrM	4314	4314	0.012675573826653
chrM	4315	4315	0.0849227824709609
chrM	4316	4316	0.00356761200164406
chrM	4317	4317	0.000591521524811042
chrM	4318	4318	0.00746925861900258
chrM	4319	4319	0.0158893204506789
chrM	4320	4320	0.0202692077868981
chrM	4321	4321	0.00352559582569454
chrM	4322	4322	0.00528383054334611
chrM	4323	4323	0.00337092615030913
chrM	4324	4324	0.00110171464039103
chrM	4325	4325	0.083559676341349
chrM	4326	4326	0.00543132346077142
chrM	4327	4327	0.000268665158371041
chrM	4328	4328	0.00198983911939035
chrM	4329	4329	0.00434190003793893
chrM	4330	4330	0.00115094180725936
chrM	4331	4331	0.00156957271185728
chrM	4332	4332	0.00166512747320404
chrM	4333	4333	0.0132416497521506
chrM	4334	4334	0.00026227878854808
chrM	4335	4335	0.00489024423747905
chrM	4336	4336	0.000672688833365366
chrM	4337	4337	5.49111126364198e-05
chrM	4338	4338	0.0234338342739935
chrM	4339	4339	0.000977700395098105
chrM	4340	4340	0.000187469034132755
chrM	4341	4341	8.03374171520386e-05
chrM	4342	4342	0.00025434052179966
chrM	4343	4343	0.000107079278821057
chrM	4344	4344	0.000628703666546277
chrM	4345	4345	0.000107001939410152
chrM	4346	4346	0.000521362493984279
chrM	4347	4347	0.00122837000640889
chrM	4348	4348	0.00116027846683204
chrM	4349	4349	0.000599792072081678
chrM	4350	4350	5.33120085299214e-05
chrM	4351	4351	0.00067926639229632
chrM	4352	4352	0.000732005962521295
chrM	4353	4353	0.00491345173295191
chrM	4354	4354	0.0116884816753927
chrM	4355	4355	0.000300956518325635
chrM	4356	4356	0.00146338276605475
chrM	4357	4357	0.00105723422306337
chrM	4358	4358	0.00613584474885845
chrM	4359	4359	0.00487981203686969
chrM	4360	4360	0.000258127799073321
chrM	4361	4361	0.000193558377206565
chrM	4362	4362	0.000270908316885328
chrM	4363	4363	0.00333011893281903
chrM	4364	4364	0.00161756210283073
chrM	4365	4365	0.000705589552143068
chrM	4366	4366	2.56574727389352e-05
chrM	4367	4367	0.00180563203524184
chrM	4368	4368	0.000818906503908999
chrM	4369	4369	0.00245091781766193
chrM	4370	4370	0.000153160857190264
chrM	4371	4371	0.000344497607655502
chrM	4372	4372	0.000191350937619594
chrM	4373	4373	0.000165812096630188
chrM	4374	4374	0.00065007074299262
chrM	4375	4375	0.00261899918633035
chrM	4376	4376	0.000216084298298018
chrM	4377	4377	0.000177922375009532
chrM	4378	4378	0.000381116926673103
chrM	4379	4379	0.000165125495376486
chrM	4380	4380	0.017644122785126
chrM	4381	4381	0.000224556500910701
chrM	4382	4382	0.000361659142493702
chrM	4383	4383	0.000274290273916242
chrM	4384	4384	7.4801775295467e-05
chrM	4385	4385	0.000622959806633276
chrM	4386	4386	0.000410999850545509
chrM	4387	4387	0.000871090979230702
chrM	4388	4388	4.97741497953038e-05
chrM	4389	4389	0.000435334212293838
chrM	4390	4390	0.000397871388073805
chrM	4391	4391	0.000186476709059039
chrM	4392	4392	0.017268983048776
chrM	4393	4393	0.0013060248022654
chrM	4394	4394	4.88257409306186e-05
chrM	4395	4395	0
chrM	4396	4396	0.00564580753259999
chrM	4397	4397	0.00242359613194057
chrM	4398	4398	0.000666117624261215
chrM	4399	4399	0.000169561320640457
chrM	4400	4400	0.000157426917580954
chrM	4401	4401	0.000314804276495018
chrM	4402	4402	4.84320135609638e-05
chrM	4403	4403	0.000496662669137866
chrM	4404	4404	0.00087185013864839
chrM	4405	4405	8.47724465328069e-05
chrM	4406	4406	2.42209923340559e-05
chrM	4407	4407	0.000108982587004432
chrM	4408	4408	0.000242250996257222
chrM	4409	4409	0.00548708424784737
chrM	4410	4410	0.000205029246819032
chrM	4411	4411	0.000963971562838896
chrM	4412	4412	0.000674430648055592
chrM	4413	4413	0.000710355538967215
chrM	4414	4414	0.000168644220923929
chrM	4415	4415	0.00281155380400827
chrM	4416	4416	0.00043320778329984
chrM	4417	4417	0.00120196641705831
chrM	4418	4418	0.00116534714129534
chrM	4419	4419	0.00518723032975964
chrM	4420	4420	0.00178221137744606
chrM	4421	4421	0.0108412630781612
chrM	4422	4422	0.000686301191560862
chrM	4423	4423	0.000638962514199167
chrM	4424	4424	0.00579102861380195
chrM	4425	4425	0.00754388851025828
chrM	4426	4426	0.000414770572620402
chrM	4427	4427	0.000332091942026235
chrM	4428	4428	0.000202547330545329
chrM	4429	4429	0.000526290608104875
chrM	4430	4430	0.00179187920344996
chrM	4431	4431	0.00436077683784106
chrM	4432	4432	0.004692771943164
chrM	4433	4433	0.000546824849623166
chrM	4434	4434	0.000178443968593862
chrM	4435	4435	0.000333305557870178
chrM	4436	4436	0.00325179752140767
chrM	4437	4437	0.00501072871339351
chrM	4438	4438	0.00270351097553681
chrM	4439	4439	0.00256554061310454
chrM	4440	4440	0.000393959290873276
chrM	4441	4441	0.000346902400803857
chrM	4442	4442	0
chrM	4443	4443	0.00129949824928708
chrM	4444	4444	0.00200610239531028
chrM	4445	4445	0.00136974779819049
chrM	4446	4446	0.00132094050964287
chrM	4447	4447	0.00206373584181225
chrM	4448	4448	0.000871512437208739
chrM	4449	4449	0.000677801984991527
chrM	4450	4450	0.000424314429115244
chrM	4451	4451	0
chrM	4452	4452	0.000230916007340698
chrM	4453	4453	0.00504860951366272
chrM	4454	4454	0.000280077934729664
chrM	4455	4455	0.00167154709614446
chrM	4456	4456	0.00124422543886665
chrM	4457	4457	0.00442227845613345
chrM	4458	4458	0.00194308483164031
chrM	4459	4459	0.000565506558646718
chrM	4460	4460	0.000774583814886763
chrM	4461	4461	0.000347183474066634
chrM	4462	4462	0.000818107444777748
chrM	4463	4463	0.00289389067524116
chrM	4464	4464	0.000173512133455618
chrM	4465	4465	0.000148850132724702
chrM	4466	4466	0.000409963351760979
chrM	4467	4467	0.000187048744902922
chrM	4468	4468	0.00110486139011651
chrM	4469	4469	0.000314350739981642
chrM	4470	4470	0.000164619475750285
chrM	4471	4471	0.000507318063059635
chrM	4472	4472	0.00016517375007941
chrM	4473	4473	0.00419348299802362
chrM	4474	4474	0.00198159205277293
chrM	4475	4475	0.000497421263450009
chrM	4476	4476	0.00137285409829635
chrM	4477	4477	0.000797489867956596
chrM	4478	4478	0.000915116415881192
chrM	4479	4479	0.000836699742453361
chrM	4480	4480	0.0105129599419975
chrM	4481	4481	0.000207227043129128
chrM	4482	4482	0.000946503124756891
chrM	4483	4483	0.00530534794562986
chrM	4484	4484	0.00115257167555107
chrM	4485	4485	0.00147068478760423
chrM	4486	4486	0.00529730295340989
chrM	4487	4487	0.000223846204490092
chrM	4488	4488	0.00603663886233583
chrM	4489	4489	0.00103734439834025
chrM	4490	4490	0.000185772481787662
chrM	4491	4491	0.000107093613204643
chrM	4492	4492	0.000523384553445615
chrM	4493	4493	0.00283354596118982
chrM	4494	4494	0.000444522273259965
chrM	4495	4495	0.00106477612744966
chrM	4496	4496	0.000176297481658281
chrM	4497	4497	0.000762620691533549
chrM	4498	4498	2.74002630425252e-05
chrM	4499	4499	0.00186505759736698
chrM	4500	4500	0.000138500318550733
chrM	4501	4501	9.73574408901252e-05
chrM	4502	4502	2.7838093647347e-05
chrM	4503	4503	0.000208968947214444
chrM	4504	4504	0.00114566979250647
chrM	4505	4505	0.000864279743266411
chrM	4506	4506	0.000226934259981562
chrM	4507	4507	0.00775837792171219
chrM	4508	4508	0.00408495585159398
chrM	4509	4509	0.000618133797870248
chrM	4510	4510	0.000491870090082494
chrM	4511	4511	0.0024415227244026
chrM	4512	4512	0.000296237780191567
chrM	4513	4513	0.00284306826178747
chrM	4514	4514	0.00719253319899808
chrM	4515	4515	0.000408197736613929
chrM	4516	4516	0.000962968207887842
chrM	4517	4517	0.00132241276341609
chrM	4518	4518	4.29485619389844e-05
chrM	4519	4519	0.00216369576431478
chrM	4520	4520	0.000917312846679757
chrM	4521	4521	0.00936199230015201
chrM	4522	4522	0.000668316127747917
chrM	4523	4523	0.00117937933386382
chrM	4524	4524	0.00228027420297291
chrM	4525	4525	0.00108458301398389
chrM	4526	4526	0.000136044138765022
chrM	4527	4527	0.00334523755707247
chrM	4528	4528	0.000650923402967
chrM	4529	4529	0.000136250094618121
chrM	4530	4530	0.00334978045357838
chrM	4531	4531	0.000499077462871661
chrM	4532	4532	0.000529388631757268
chrM	4533	4533	0.00885101786705471
chrM	4534	4534	0.00519550320240068
chrM	4535	4535	0.000507568745708058
chrM	4536	4536	5.97380486566406e-05
chrM	4537	4537	8.96807365777831e-05
chrM	4538	4538	0.00119527864933513
chrM	4539	4539	0.000359599047062525
chrM	4540	4540	0.0096620508482123
chrM	4541	4541	0.00525996956309747
chrM	4542	4542	0.000561208666243299
chrM	4543	4543	0.0001624335499114
chrM	4544	4544	0.00028054218468535
chrM	4545	4545	0.000488454706927176
chrM	4546	4546	0.00654432898518682
chrM	4547	4547	0.000442028024576758
chrM	4548	4548	0.00386021047687543
chrM	4549	4549	0.00017614937466972
chrM	4550	4550	0.000176270987264421
chrM	4551	4551	0.00246862785435096
chrM	4552	4552	0.00315656565656566
chrM	4553	4553	0.000147210363609598
chrM	4554	4554	0.00132335426193592
chrM	4555	4555	0.000779767246833115
chrM	4556	4556	0.0017065850644383
chrM	4557	4557	0.00229361170330074
chrM	4558	4558	0.000251300851466414
chrM	4559	4559	0.00837158662900188
chrM	4560	4560	0.000427388215875262
chrM	4561	4561	0.00731892967972364
chrM	4562	4562	0.000856543698496618
chrM	4563	4563	0.00102105746037853
chrM	4564	4564	0.00228942524951743
chrM	4565	4565	0.00111978693783669
chrM	4566	4566	0.00254121918015429
chrM	4567	4567	0.00304172152358469
chrM	4568	4568	0.00129553421734492
chrM	4569	4569	0.000565550341622977
chrM	4570	4570	0.00556436368071224
chrM	4571	4571	0.000579374275782155
chrM	4572	4572	0.01147293833861
chrM	4573	4573	0.00143020159756561
chrM	4574	4574	0.000972895732940121
chrM	4575	4575	0.000442026003322816
chrM	4576	4576	0.0013559218745239
chrM	4577	4577	0.00163174428889499
chrM	4578	4578	0.00510746967439881
chrM	4579	4579	0.000365625142822321
chrM	4580	4580	0.00123302685258479
chrM	4581	4581	0.000732544830217474
chrM	4582	4582	3.08090455357693e-05
chrM	4583	4583	0.0100390236437371
chrM	4584	4584	0.000432252188276703
chrM	4585	4585	0.000324836035144165
chrM	4586	4586	0.000280662363177098
chrM	4587	4587	0.00739706908583391
chrM	4588	4588	0.00061682509054676
chrM	4589	4589	0.00025666527639642
chrM	4590	4590	0.000336813742000674
chrM	4591	4591	3.22689943367915e-05
chrM	4592	4592	0
chrM	4593	4593	0.0028989708653428
chrM	4594	4594	0.00014529486786239
chrM	4595	4595	0.000758725341426404
chrM	4596	4596	6.4622443374584e-05
chrM	4597	4597	0.00216261579677867
chrM	4598	4598	0.00185758513931889
chrM	4599	4599	0
chrM	4600	4600	3.28747308381413e-05
chrM	4601	4601	0.000476597423087037
chrM	4602	4602	0.000443597410705484
chrM	4603	4603	0.000115053993195378
chrM	4604	4604	0.00206675961617321
chrM	4605	4605	6.69736291335287e-05
chrM	4606	4606	5.02655697602332e-05
chrM	4607	4607	6.70510929328148e-05
chrM	4608	4608	0.000134088699674835
chrM	4609	4609	0.00244646268306579
chrM	4610	4610	0.000469593801361822
chrM	4611	4611	0.000201332147710686
chrM	4612	4612	0.000637669485837025
chrM	4613	4613	0.000189410245372363
chrM	4614	4614	0.00139561329450886
chrM	4615	4615	0.00337215904203155
chrM	4616	4616	0.00050125313283208
chrM	4617	4617	0.000259313683118679
chrM	4618	4618	0.000451577045991385
chrM	4619	4619	0.00021433164249482
chrM	4620	4620	0.00178952315534507
chrM	4621	4621	0.000214166115026673
chrM	4622	4622	0.00198605864714358
chrM	4623	4623	0.000707046900777752
chrM	4624	4624	0.000515699069758216
chrM	4625	4625	0.000758679896979256
chrM	4626	4626	0.00125828558588923
chrM	4627	4627	0.00343238885049528
chrM	4628	4628	0.000346965210954848
chrM	4629	4629	0.000325241026832385
chrM	4630	4630	0.000186189401168339
chrM	4631	4631	0.00111653872993719
chrM	4632	4632	0.00224982647614945
chrM	4633	4633	0.000840497574564142
chrM	4634	4634	0.0124069478908189
chrM	4635	4635	9.65344145187759e-05
chrM	4636	4636	0.00017096939647803
chrM	4637	4637	0.0010288821929889
chrM	4638	4638	0.00947890455133999
chrM	4639	4639	0.00183652480532837
chrM	4640	4640	0.00198000440000978
chrM	4641	4641	0.000195642072827762
chrM	4642	4642	0.00209991698002637
chrM	4643	4643	0.000271056133261052
chrM	4644	4644	0.00324356202083743
chrM	4645	4645	0.00301614378600213
chrM	4646	4646	0.00438585684366145
chrM	4647	4647	0.00221282454760031
chrM	4648	4648	0
chrM	4649	4649	0.0023829996314949
chrM	4650	4650	0.0222973789104964
chrM	4651	4651	0.00543281419775444
chrM	4652	4652	0.000579724147926278
chrM	4653	4653	9.6723491718051e-05
chrM	4654	4654	0.000949806385621393
chrM	4655	4655	0.000521868787276342
chrM	4656	4656	0.00697928567880384
chrM	4657	4657	0.00139685707158892
chrM	4658	4658	0.00226599267910058
chrM	4659	4659	0.0008963027511515
chrM	4660	4660	0.000298804780876494
chrM	4661	4661	0.000523416664589616
chrM	4662	4662	0.0022442770934118
chrM	4663	4663	0.000961392501138491
chrM	4664	4664	0.000505932053325238
chrM	4665	4665	0.000711020822752666
chrM	4666	4666	0.000104632608752518
chrM	4667	4667	0.000341296928327645
chrM	4668	4668	0.00351070240247321
chrM	4669	4669	0.000104909777591272
chrM	4670	4670	0.00164981930550464
chrM	4671	4671	0.000471352257253587
chrM	4672	4672	0.00115579605453256
chrM	4673	4673	7.88809423643248e-05
chrM	4674	4674	0.00259747074565776
chrM	4675	4675	0.000318928400574071
chrM	4676	4676	0.00439548800508394
chrM	4677	4677	0.00465941280809043
chrM	4678	4678	0.000132622476857378
chrM	4679	4679	0.000240416722318686
chrM	4680	4680	0.000806126561870214
chrM	4681	4681	0.00121829060291848
chrM	4682	4682	0.000271017399317036
chrM	4683	4683	0.000433475115819133
chrM	4684	4684	0.000163127701802561
chrM	4685	4685	0.000870464066155269
chrM	4686	4686	0.00260902999011315
chrM	4687	4687	0.00255095043475876
chrM	4688	4688	0.000413873023756312
chrM	4689	4689	0.000248419774214027
chrM	4690	4690	0.00272742299851231
chrM	4691	4691	0.000138777096228039
chrM	4692	4692	0.00138730889819927
chrM	4693	4693	0.000306842589751458
chrM	4694	4694	0.000251868021156914
chrM	4695	4695	0.000280261203441608
chrM	4696	4696	0.00305356342447333
chrM	4697	4697	0.00288592123132639
chrM	4698	4698	0.000318600475004345
chrM	4699	4699	2.94134949114654e-05
chrM	4700	4700	0.00669316654001286
chrM	4701	4701	0.000511278195488722
chrM	4702	4702	0.000212765957446809
chrM	4703	4703	0
chrM	4704	4704	0.000243872698451408
chrM	4705	4705	0.000184235575889704
chrM	4706	4706	0.00802294011775114
chrM	4707	4707	0.00332185414317496
chrM	4708	4708	0.000609756097560976
chrM	4709	4709	0.000335836844354888
chrM	4710	4710	6.14684820358361e-05
chrM	4711	4711	0.00129250653946761
chrM	4712	4712	0.000154287653901935
chrM	4713	4713	0.00123525415354209
chrM	4714	4714	0.00228423262131127
chrM	4715	4715	0.00102088167053364
chrM	4716	4716	0.00172516545905085
chrM	4717	4717	0.000285324794724662
chrM	4718	4718	0.000337712336631657
chrM	4719	4719	0.00118861645045167
chrM	4720	4720	0.00135911114131358
chrM	4721	4721	0.000271868415686808
chrM	4722	4722	0.000136766164051014
chrM	4723	4723	7.31635937957272e-05
chrM	4724	4724	0.000585244522477047
chrM	4725	4725	0.00504176940345196
chrM	4726	4726	3.70397807244981e-05
chrM	4727	4727	0.00129802699896158
chrM	4728	4728	0.000112241843759353
chrM	4729	4729	0.000374167477362868
chrM	4730	4730	0.000149981252343457
chrM	4731	4731	0.00613519883281583
chrM	4732	4732	0.000601888424933228
chrM	4733	4733	0.000828625235404896
chrM	4734	4734	0.000339123554014846
chrM	4735	4735	0.000226783081982084
chrM	4736	4736	0.000883494026812123
chrM	4737	4737	0.000346340337104595
chrM	4738	4738	0.00147018996401904
chrM	4739	4739	0.000116369278510473
chrM	4740	4740	0.000659170221015898
chrM	4741	4741	0.00551413482447965
chrM	4742	4742	0.00512601452370782
chrM	4743	4743	0.00149818968746098
chrM	4744	4744	0.00713870673196646
chrM	4745	4745	0.000169714455428741
chrM	4746	4746	0.011093835357398
chrM	4747	4747	0.00106614354556698
chrM	4748	4748	0.00141007563132932
chrM	4749	4749	0.00643319700068166
chrM	4750	4750	0.000384779820436084
chrM	4751	4751	0.00119719514280828
chrM	4752	4752	0.00025747757799425
chrM	4753	4753	0.00167511382183661
chrM	4754	4754	0.00030324033962918
chrM	4755	4755	0.000260100572221259
chrM	4756	4756	0.000130434782608696
chrM	4757	4757	0
chrM	4758	4758	0.000569201803931871
chrM	4759	4759	0.00763591936469151
chrM	4760	4760	0.00170730639583242
chrM	4761	4761	0.000395239559088314
chrM	4762	4762	8.83431246963205e-05
chrM	4763	4763	0.00100209529015214
chrM	4764	4764	0.00101447938762335
chrM	4765	4765	0
chrM	4766	4766	9.30882010705143e-05
chrM	4767	4767	4.65918091599497e-05
chrM	4768	4768	0
chrM	4769	4769	0.000373831775700935
chrM	4770	4770	0.000140515222482436
chrM	4771	4771	0.00233699462491236
chrM	4772	4772	0.000420777034924494
chrM	4773	4773	9.34972652049927e-05
chrM	4774	4774	0.000187046995557634
chrM	4775	4775	0
chrM	4776	4776	0.00423290377198758
chrM	4777	4777	0.000993847610033128
chrM	4778	4778	0.00208126389480157
chrM	4779	4779	0.000569827627142789
chrM	4780	4780	0.000958267452445978
chrM	4781	4781	0.000195742598482995
chrM	4782	4782	0.00221838797140744
chrM	4783	4783	0.000550275137568784
chrM	4784	4784	0.000450608321233665
chrM	4785	4785	0
chrM	4786	4786	0.000954677921816903
chrM	4787	4787	0.000254958951608791
chrM	4788	4788	0.00194283961347717
chrM	4789	4789	0.000666256662566626
chrM	4790	4790	0.000872242175474602
chrM	4791	4791	0.000411607326610414
chrM	4792	4792	0.000371885459278542
chrM	4793	4793	0.00276212573196332
chrM	4794	4794	0.00107368896925859
chrM	4795	4795	0.00045341192473362
chrM	4796	4796	0.00294217494624873
chrM	4797	4797	0.00280160091480846
chrM	4798	4798	0.00280721856201661
chrM	4799	4799	0.000288201049051819
chrM	4800	4800	0.000923467620916542
chrM	4801	4801	0.000231173784892793
chrM	4802	4802	0.000231307465448447
chrM	4803	4803	0.00323400323400323
chrM	4804	4804	0.000419437953142789
chrM	4805	4805	0.000240514701461127
chrM	4806	4806	0.000180559735179055
chrM	4807	4807	0.000946969696969697
chrM	4808	4808	0.000128783000643915
chrM	4809	4809	6.46872372080988e-05
chrM	4810	4810	0.000129407958589453
chrM	4811	4811	0
chrM	4812	4812	0.000582072176949942
chrM	4813	4813	0
chrM	4814	4814	0.00129190620760933
chrM	4815	4815	0.000193760899050572
chrM	4816	4816	0
chrM	4817	4817	6.46537790133833e-05
chrM	4818	4818	0
chrM	4819	4819	0.000131682907558599
chrM	4820	4820	0
chrM	4821	4821	0.000197967533324535
chrM	4822	4822	0
chrM	4823	4823	0
chrM	4824	4824	0
chrM	4825	4825	0.000132872707945788
chrM	4826	4826	0
chrM	4827	4827	0.000398089171974522
chrM	4828	4828	7.9923273657289e-05
chrM	4829	4829	0.000161147369269197
chrM	4830	4830	0
chrM	4831	4831	8.19000819000819e-05
chrM	4832	4832	0.000168350168350168
chrM	4833	4833	0
chrM	4834	4834	0.0003382949932341
chrM	4835	4835	0
chrM	4836	4836	0
chrM	4837	4837	0
chrM	4838	4838	0
chrM	4839	4839	0
chrM	4840	4840	9.36066647945334e-05
chrM	4841	4841	9.36768149882904e-05
chrM	4842	4842	0
chrM	4843	4843	0.00010148163182464
chrM	4844	4844	0.000101739749720216
chrM	4845	4845	0.000101926409132606
chrM	4846	4846	0.000102732689541812
chrM	4847	4847	0.000103799045048786
chrM	4848	4848	0.00010653030787259
chrM	4849	4849	0
chrM	4850	4850	0
chrM	4851	4851	0
chrM	4852	4852	0
chrM	4853	4853	0.000909297567629007
chrM	4854	4854	0.000342739632126128
chrM	4855	4855	0.000114377216058561
chrM	4856	4856	0.000228937728937729
chrM	4857	4857	0.000229147571035747
chrM	4858	4858	0.000115233924867481
chrM	4859	4859	0
chrM	4860	4860	0
chrM	4861	4861	0
chrM	4862	4862	0
chrM	4863	4863	0.000122234445666789
chrM	4864	4864	0
chrM	4865	4865	0.000132978723404255
chrM	4866	4866	0.00159659393294305
chrM	4867	4867	0
chrM	4868	4868	0.000133244503664224
chrM	4869	4869	0
chrM	4870	4870	0
chrM	4871	4871	0
chrM	4872	4872	0
chrM	4873	4873	0
chrM	4874	4874	0.000149164677804296
chrM	4875	4875	0
chrM	4876	4876	0
chrM	4877	4877	0
chrM	4878	4878	0
chrM	4879	4879	0
chrM	4880	4880	0
chrM	4881	4881	0
chrM	4882	4882	0
chrM	4883	4883	0
chrM	4884	4884	0
chrM	4885	4885	0
chrM	4886	4886	0
chrM	4887	4887	0
chrM	4888	4888	0
chrM	4889	4889	0.000177430801987225
chrM	4890	4890	0
chrM	4891	4891	0
chrM	4892	4892	0
chrM	4893	4893	0
chrM	4894	4894	0.00018001800180018
chrM	4895	4895	0
chrM	4896	4896	0
chrM	4897	4897	0
chrM	4898	4898	0
chrM	4899	4899	0
chrM	4900	4900	0
chrM	4901	4901	0.000454442172233583
chrM	4902	4902	0.000229885057471264
chrM	4903	4903	0.00183992640294388
chrM	4904	4904	0.00046652670865407
chrM	4905	4905	0.000274348422496571
chrM	4906	4906	0
chrM	4907	4907	0.000293513354857646
chrM	4908	4908	0
chrM	4909	4909	0
chrM	4910	4910	0
chrM	4911	4911	0
chrM	4912	4912	0
chrM	4913	4913	0.000312207305650952
chrM	4914	4914	0
chrM	4915	4915	0
chrM	4916	4916	0
chrM	4917	4917	0.00249921899406435
chrM	4918	4918	0
chrM	4919	4919	0
chrM	4920	4920	0
chrM	4921	4921	0
chrM	4922	4922	0
chrM	4923	4923	0
chrM	4924	4924	0
chrM	4925	4925	0.000583090379008746
chrM	4926	4926	0
chrM	4927	4927	0.00121802679658952
chrM	4928	4928	0
chrM	4929	4929	0.000651890482398957
chrM	4930	4930	0.000864304235090752
chrM	4931	4931	0
chrM	4932	4932	0
chrM	4933	4933	0.0017921146953405
chrM	4934	4934	0.00268336314847943
chrM	4935	4935	0.000899280575539568
chrM	4936	4936	0
chrM	4937	4937	0.000918273645546373
chrM	4938	4938	0.00461254612546125
chrM	4939	4939	0
chrM	4940	4940	0
chrM	4941	4941	0
chrM	4942	4942	0.000968054211035818
chrM	4943	4943	0
chrM	4944	4944	0
chrM	4945	4945	0
chrM	4946	4946	0
chrM	4947	4947	0
chrM	4948	4948	0
chrM	4949	4949	0
chrM	4950	4950	0
chrM	4951	4951	0.00116009280742459
chrM	4952	4952	0.00115874855156431
chrM	4953	4953	0
chrM	4954	4954	0.0023121387283237
chrM	4955	4955	0.00230680507497117
chrM	4956	4956	0
chrM	4957	4957	0
chrM	4958	4958	0.00344827586206897
chrM	4959	4959	0.0045766590389016
chrM	4960	4960	0.00114285714285714
chrM	4961	4961	0.0179573512906846
chrM	4962	4962	0.00223964165733483
chrM	4963	4963	0
chrM	4964	4964	0
chrM	4965	4965	0.00335195530726257
chrM	4966	4966	0.00334448160535117
chrM	4967	4967	0.00554323725055432
chrM	4968	4968	0.00221483942414175
chrM	4969	4969	0.00220994475138122
chrM	4970	4970	0.0011037527593819
chrM	4971	4971	0.00220264317180617
chrM	4972	4972	0
chrM	4973	4973	0.00656455142231947
chrM	4974	4974	0.0108225108225108
chrM	4975	4975	0.00538213132400431
chrM	4976	4976	0
chrM	4977	4977	0.00107642626480086
chrM	4978	4978	0.00107642626480086
chrM	4979	4979	0
chrM	4980	4980	0
chrM	4981	4981	0.00321888412017167
chrM	4982	4982	0
chrM	4983	4983	0
chrM	4984	4984	0
chrM	4985	4985	0
chrM	4986	4986	0
chrM	4987	4987	0.00107296137339056
chrM	4988	4988	0
chrM	4989	4989	0
chrM	4990	4990	0
chrM	4991	4991	0.00107181136120043
chrM	4992	4992	0.00107066381156317
chrM	4993	4993	0
chrM	4994	4994	0
chrM	4995	4995	0
chrM	4996	4996	0
chrM	4997	4997	0.0032017075773746
chrM	4998	4998	0
chrM	4999	4999	0.00319148936170213
chrM	5000	5000	0
chrM	5001	5001	0
chrM	5002	5002	0
chrM	5003	5003	0.00212314225053079
chrM	5004	5004	0
chrM	5005	5005	0.00106157112526539
chrM	5006	5006	0.00106044538706257
chrM	5007	5007	0
chrM	5008	5008	0.00105932203389831
chrM	5009	5009	0.00105820105820106
chrM	5010	5010	0
chrM	5011	5011	0.00105708245243129
chrM	5012	5012	0.00105596620908131
chrM	5013	5013	0
chrM	5014	5014	0
chrM	5015	5015	0.00525210084033613
chrM	5016	5016	0.00523012552301255
chrM	5017	5017	0.00104493207941484
chrM	5018	5018	0.00726141078838174
chrM	5019	5019	0.00103626943005181
chrM	5020	5020	0
chrM	5021	5021	0.00412796697626419
chrM	5022	5022	0.00103412616339193
chrM	5023	5023	0.0212765957446809
chrM	5024	5024	0.00202224469160768
chrM	5025	5025	0
chrM	5026	5026	0.00101010101010101
chrM	5027	5027	0.00602409638554217
chrM	5028	5028	0.0459770114942529
chrM	5029	5029	0.0141643059490085
chrM	5030	5030	0.0185356811862836
chrM	5031	5031	0.0754070265638389
chrM	5032	5032	0.00341588385994876
chrM	5033	5033	0
chrM	5034	5034	0.0101608806096528
chrM	5035	5035	0.0150375939849624
chrM	5036	5036	0.270731707317073
chrM	5037	5037	0.00485436893203883
chrM	5038	5038	0.0090198436560433
chrM	5039	5039	0.000601322910402886
chrM	5040	5040	0.00180940892641737
chrM	5041	5041	0.0298420128730252
chrM	5042	5042	0.000584795321637427
chrM	5043	5043	0.00233644859813084
chrM	5044	5044	0.0034944670937682
chrM	5045	5045	0.00116346713205352
chrM	5046	5046	0.00347826086956522
chrM	5047	5047	0.0188141391106043
chrM	5048	5048	0.00285225328009127
chrM	5049	5049	0.000570125427594071
chrM	5050	5050	0.00284252416145537
chrM	5051	5051	0.00901408450704225
chrM	5052	5052	0.0106561974200785
chrM	5053	5053	0.00112359550561798
chrM	5054	5054	0.00280112044817927
chrM	5055	5055	0.00390625
chrM	5056	5056	0.00278241513633834
chrM	5057	5057	0.0196399345335516
chrM	5058	5058	0.00163398692810458
chrM	5059	5059	0.0139784946236559
chrM	5060	5060	0.0122145512480085
chrM	5061	5061	0.0047568710359408
chrM	5062	5062	0.0415400202634245
chrM	5063	5063	0.00654582074521652
chrM	5064	5064	0.00401203610832497
chrM	5065	5065	0.003
chrM	5066	5066	0.00497512437810945
chrM	5067	5067	0.00347222222222222
chrM	5068	5068	0.000994530084535057
chrM	5069	5069	0.00740740740740741
chrM	5070	5070	0.00978952520802741
chrM	5071	5071	0.0615808823529412
chrM	5072	5072	0
chrM	5073	5073	0.010919017288444
chrM	5074	5074	0.00226963231956423
chrM	5075	5075	0.0208888888888889
chrM	5076	5076	0.022202873313017
chrM	5077	5077	0.00562770562770563
chrM	5078	5078	0.0224576271186441
chrM	5079	5079	0.024390243902439
chrM	5080	5080	0.0667438271604938
chrM	5081	5081	0.199072642967543
chrM	5082	5082	0.0663972286374134
chrM	5083	5083	0.220846465556056
chrM	5084	5084	0.0235216531105738
chrM	5085	5085	0.0463312368972746
chrM	5086	5086	0.0111940298507463
chrM	5087	5087	0.0382775119617225
chrM	5088	5088	0.105422761327149
chrM	5089	5089	0.0533603512326917
chrM	5090	5090	0.106382978723404
chrM	5091	5091	0.0437229437229437
chrM	5092	5092	0.0849181193872161
chrM	5093	5093	0.178047986103572
chrM	5094	5094	0.0195848855774348
chrM	5095	5095	0.0778443113772455
chrM	5096	5096	0.0229256594724221
chrM	5097	5097	0.280438983986748
chrM	5098	5098	0.0508385744234801
chrM	5099	5099	0.0118469605748689
chrM	5100	5100	0.00993462376618382
chrM	5101	5101	0.00895636155751763
chrM	5102	5102	0.14043134043134
chrM	5103	5103	0.019593147751606
chrM	5104	5104	0.00495418708715108
chrM	5105	5105	0.00249747595515171
chrM	5106	5106	0.0750098309083759
chrM	5107	5107	0.0542513132815769
chrM	5108	5108	0.0149287905847873
chrM	5109	5109	0.0024211968935587
chrM	5110	5110	0.00273360973165064
chrM	5111	5111	0.0423647469458988
chrM	5112	5112	0.0136420364074536
chrM	5113	5113	0.00193282364058071
chrM	5114	5114	0.00107263912129403
chrM	5115	5115	0.00342070380980887
chrM	5116	5116	0.0188782145404204
chrM	5117	5117	0.0423446225543369
chrM	5118	5118	0.00168451449885694
chrM	5119	5119	0.000721413971383913
chrM	5120	5120	0.000480711452950367
chrM	5121	5121	0.00640821525234835
chrM	5122	5122	0.00601384767556874
chrM	5123	5123	0.0149655091780662
chrM	5124	5124	0.000934470272164467
chrM	5125	5125	0.000311393094858121
chrM	5126	5126	0.000272394738890186
chrM	5127	5127	0.014949402023919
chrM	5128	5128	0.00651205301039644
chrM	5129	5129	0.000685009704304144
chrM	5130	5130	3.80546464723343e-05
chrM	5131	5131	0.000722515876335704
chrM	5132	5132	0.000721994224046208
chrM	5133	5133	0.00242608036391205
chrM	5134	5134	0.0113184918671764
chrM	5135	5135	0.00388291517323775
chrM	5136	5136	0.00752241903209071
chrM	5137	5137	0.000777576183952309
chrM	5138	5138	0.00471732881255989
chrM	5139	5139	3.68568480023588e-05
chrM	5140	5140	0.0497793035801864
chrM	5141	5141	0.00387366951666376
chrM	5142	5142	0.000836907626320745
chrM	5143	5143	0.00101024176130426
chrM	5144	5144	0.000661490791351878
chrM	5145	5145	0.00198067968587115
chrM	5146	5146	0.000138975748731846
chrM	5147	5147	0.00789382971389176
chrM	5148	5148	0.000206782464846981
chrM	5149	5149	0.000482259731312435
chrM	5150	5150	0.0647572408904926
chrM	5151	5151	0.00173672530794713
chrM	5152	5152	0.000160792384872652
chrM	5153	5153	0.000610637955969789
chrM	5154	5154	0.00806605878977236
chrM	5155	5155	0.000605384737932133
chrM	5156	5156	0.00415661886026145
chrM	5157	5157	0.000475722305033142
chrM	5158	5158	0.00126698552469038
chrM	5159	5159	0.00195997850346157
chrM	5160	5160	0.00437492131436485
chrM	5161	5161	0.00616434069716503
chrM	5162	5162	0.00274605254946015
chrM	5163	5163	0.0060790273556231
chrM	5164	5164	0.00102246320681642
chrM	5165	5165	0.00114508541718247
chrM	5166	5166	0.00305527265993889
chrM	5167	5167	0.0083555229088238
chrM	5168	5168	0.0244543310143024
chrM	5169	5169	0.00282872796569795
chrM	5170	5170	0.00642030829314477
chrM	5171	5171	0.00850764220964004
chrM	5172	5172	0.00350815646377828
chrM	5173	5173	0.00552421934058266
chrM	5174	5174	0.000610199041115792
chrM	5175	5175	0.0036482612849987
chrM	5176	5176	0.000405245028511882
chrM	5177	5177	0.00164730362406797
chrM	5178	5178	0.0014720314033366
chrM	5179	5179	0.00216038714137573
chrM	5180	5180	0.00899229232086783
chrM	5181	5181	0.00423584261996816
chrM	5182	5182	0.00124950303856421
chrM	5183	5183	0.00158788669294241
chrM	5184	5184	0.00403909162806463
chrM	5185	5185	0.0265133804560081
chrM	5186	5186	0.00359189493021853
chrM	5187	5187	0.00510148406809254
chrM	5188	5188	0.0106385851221817
chrM	5189	5189	0.000890351823872221
chrM	5190	5190	0.00037762313211415
chrM	5191	5191	0.00370917887380728
chrM	5192	5192	0.000269280482550625
chrM	5193	5193	0.00306040268456376
chrM	5194	5194	0.00669333333333333
chrM	5195	5195	8.00405538806329e-05
chrM	5196	5196	0.000853242320819113
chrM	5197	5197	0.000133326222601461
chrM	5198	5198	0.00995379537953795
chrM	5199	5199	0.000818157825283716
chrM	5200	5200	5.27829827663561e-05
chrM	5201	5201	0.000263887056339887
chrM	5202	5202	2.63935810810811e-05
chrM	5203	5203	5.27983104540655e-05
chrM	5204	5204	0.0011865836937032
chrM	5205	5205	0.000316547521696695
chrM	5206	5206	0.000922557857557067
chrM	5207	5207	0.000158140270419862
chrM	5208	5208	0.000763881572015594
chrM	5209	5209	0.00142382534409112
chrM	5210	5210	0.000105549251919677
chrM	5211	5211	0.000501438336280383
chrM	5212	5212	0.000923093153286212
chrM	5213	5213	0.000843481469766461
chrM	5214	5214	0.000447898827558951
chrM	5215	5215	0.000158106932989012
chrM	5216	5216	0.00126492212823148
chrM	5217	5217	0.00173643084532611
chrM	5218	5218	0.000893842999106157
chrM	5219	5219	0.000315424245610346
chrM	5220	5220	0.000525541307546773
chrM	5221	5221	0.00139122217555649
chrM	5222	5222	0.00020997375328084
chrM	5223	5223	0.00282729914395665
chrM	5224	5224	0.000261745844784714
chrM	5225	5225	0.00185543302148121
chrM	5226	5226	0.0023728813559322
chrM	5227	5227	0.00275646859966194
chrM	5228	5228	0.00378346160823032
chrM	5229	5229	0.000259114347161402
chrM	5230	5230	0.00469750154862688
chrM	5231	5231	0.000309653446184811
chrM	5232	5232	0.00324190809447846
chrM	5233	5233	0.00192707931858475
chrM	5234	5234	0.000643070274719621
chrM	5235	5235	0.0114304625645987
chrM	5236	5236	0.000330923531208635
chrM	5237	5237	0.0036569571069406
chrM	5238	5238	7.6499388004896e-05
chrM	5239	5239	0.000994517404054571
chrM	5240	5240	0.000305935141749949
chrM	5241	5241	0.000229463056447912
chrM	5242	5242	0.000357398141529664
chrM	5243	5243	0.000612338623258662
chrM	5244	5244	2.65526672154218e-05
chrM	5245	5245	0.00706844256890413
chrM	5246	5246	0.00364220674879486
chrM	5247	5247	0.00275342172797263
chrM	5248	5248	0.00521290459852656
chrM	5249	5249	0.00737997619362518
chrM	5250	5250	0.0066233903314334
chrM	5251	5251	0.00112095363079615
chrM	5252	5252	0.00142317587169522
chrM	5253	5253	0.000250815149235014
chrM	5254	5254	0.00353730885998385
chrM	5255	5255	0.0020078641345269
chrM	5256	5256	0.00811409581833287
chrM	5257	5257	0.00285097431355182
chrM	5258	5258	0.00083236224404861
chrM	5259	5259	0.0195112659192337
chrM	5260	5260	0.000815860324712409
chrM	5261	5261	0.0155568050981337
chrM	5262	5262	0.00545909671921602
chrM	5263	5263	0.000346076030241721
chrM	5264	5264	0.0162891187639125
chrM	5265	5265	0.000680770842061165
chrM	5266	5266	0.00300355202674467
chrM	5267	5267	0.000496057647120255
chrM	5268	5268	0.000156633425573017
chrM	5269	5269	0.0294914996579594
chrM	5270	5270	0.000531793664058345
chrM	5271	5271	0.00050623940061255
chrM	5272	5272	7.5937832228016e-05
chrM	5273	5273	0.000329247290041536
chrM	5274	5274	0.00078457177566309
chrM	5275	5275	0.000607057038067535
chrM	5276	5276	0.000202372821330095
chrM	5277	5277	0.000177067260263577
chrM	5278	5278	0.000303528519033768
chrM	5279	5279	0.00138923970699672
chrM	5280	5280	0.00058248493136808
chrM	5281	5281	0.000329205601559928
chrM	5282	5282	0.000506265029743071
chrM	5283	5283	0.00277763749305591
chrM	5284	5284	0.000328432115608105
chrM	5285	5285	0.000328639684505903
chrM	5286	5286	0.000204081632653061
chrM	5287	5287	0.0018623399153018
chrM	5288	5288	0.00181016240471152
chrM	5289	5289	0.000203987964710082
chrM	5290	5290	0.000178594208444955
chrM	5291	5291	0.000332548859101606
chrM	5292	5292	0.00012803113717256
chrM	5293	5293	0.00652578449616355
chrM	5294	5294	0.000129229019668657
chrM	5295	5295	0.000232618247609201
chrM	5296	5296	0.000181070384645231
chrM	5297	5297	0.000155388081734131
chrM	5298	5298	0.00139758786686682
chrM	5299	5299	0.000599036332855841
chrM	5300	5300	0.000130934611255139
chrM	5301	5301	0.00342054415374171
chrM	5302	5302	0.000261472087854622
chrM	5303	5303	0.00380366819508128
chrM	5304	5304	0.0010436234606554
chrM	5305	5305	0.00119985393082581
chrM	5306	5306	0.000156514934133299
chrM	5307	5307	0.000313095207034206
chrM	5308	5308	0.000417776385189827
chrM	5309	5309	0.000837148463047744
chrM	5310	5310	0.00323802062932498
chrM	5311	5311	0.00462770382695508
chrM	5312	5312	0.000702704109517737
chrM	5313	5313	0.000443193075759946
chrM	5314	5314	0.00026074939375766
chrM	5315	5315	0.00236769526981319
chrM	5316	5316	2.60260781302865e-05
chrM	5317	5317	5.20575756787006e-05
chrM	5318	5318	0.00171499844091051
chrM	5319	5319	0.00090892564988184
chrM	5320	5320	0.012971033068444
chrM	5321	5321	0.00107604017216643
chrM	5322	5322	0.00066577896138482
chrM	5323	5323	0.00179216057758775
chrM	5324	5324	0.00158551554828151
chrM	5325	5325	0.00120112445693841
chrM	5326	5326	0.000460605440262033
chrM	5327	5327	0
chrM	5328	5328	5.15889393314073e-05
chrM	5329	5329	0.00267868641339343
chrM	5330	5330	0.00731161532056619
chrM	5331	5331	0.00218409557391716
chrM	5332	5332	0.00142657120967955
chrM	5333	5333	0.00355487676427217
chrM	5334	5334	0.00330882352941176
chrM	5335	5335	0.000554968287526427
chrM	5336	5336	0.000661743296540406
chrM	5337	5337	0.000705371676614216
chrM	5338	5338	0.000733018406906662
chrM	5339	5339	0.0075483905752952
chrM	5340	5340	0.00593302990897269
chrM	5341	5341	0.00141020773444704
chrM	5342	5342	0.0032342229711366
chrM	5343	5343	0.000951759395224887
chrM	5344	5344	0.00192782861332102
chrM	5345	5345	0.00097887266498083
chrM	5346	5346	0.00417055369587883
chrM	5347	5347	0.00313514108134866
chrM	5348	5348	0.0134375763498656
chrM	5349	5349	0.00120584285675135
chrM	5350	5350	0.0012388503468781
chrM	5351	5351	0.0008258814148203
chrM	5352	5352	0.000542221968551126
chrM	5353	5353	0.000400514947790016
chrM	5354	5354	0.00171413878810388
chrM	5355	5355	0.000114315109599611
chrM	5356	5356	0.000685949468389162
chrM	5357	5357	0.000744111502246644
chrM	5358	5358	0.00914331146889286
chrM	5359	5359	0.000884804201392853
chrM	5360	5360	0.00119739993157715
chrM	5361	5361	0.000342270393610953
chrM	5362	5362	0.000228630219199223
chrM	5363	5363	0.00231810147489206
chrM	5364	5364	0.00234334316958861
chrM	5365	5365	0.000942979224988949
chrM	5366	5366	0.000147357873331172
chrM	5367	5367	0.000795146660384026
chrM	5368	5368	0.000618392767749345
chrM	5369	5369	0.000706526538903118
chrM	5370	5370	0.00170708735578055
chrM	5371	5371	0.000412067696835909
chrM	5372	5372	0.00579608325283218
chrM	5373	5373	0
chrM	5374	5374	0.00444158728303431
chrM	5375	5375	0.00151753925173642
chrM	5376	5376	0.000700075841549501
chrM	5377	5377	0.000700198389543704
chrM	5378	5378	0.010051412396742
chrM	5379	5379	0.00167697912450124
chrM	5380	5380	0.00308428456128214
chrM	5381	5381	0.000288317379771653
chrM	5382	5382	8.64952139314958e-05
chrM	5383	5383	0.00675830469644903
chrM	5384	5384	0.00146002118462111
chrM	5385	5385	0.000715696659127995
chrM	5386	5386	0.000686852498425963
chrM	5387	5387	0.000686754227830715
chrM	5388	5388	8.58516483516484e-05
chrM	5389	5389	0
chrM	5390	5390	0.000143163922691482
chrM	5391	5391	0.0109239872553482
chrM	5392	5392	0.0116684473935781
chrM	5393	5393	0.000337296568007421
chrM	5394	5394	0.000168643543763
chrM	5395	5395	0.000337343978409985
chrM	5396	5396	0.000281191125608076
chrM	5397	5397	0.00014061137827273
chrM	5398	5398	0.00823286447867828
chrM	5399	5399	2.81952237291003e-05
chrM	5400	5400	2.82023802808957e-05
chrM	5401	5401	0.00140821269644567
chrM	5402	5402	0.00143738902511203
chrM	5403	5403	0.00180433039294306
chrM	5404	5404	0.000400813077958144
chrM	5405	5405	0.00541017682735841
chrM	5406	5406	0.00189198486412109
chrM	5407	5407	0.00063953488372093
chrM	5408	5408	0.000349304302264656
chrM	5409	5409	0.00165960347331298
chrM	5410	5410	0.0011864155420436
chrM	5411	5411	0.000207813798836243
chrM	5412	5412	0.00320018964086761
chrM	5413	5413	0.000503673856364067
chrM	5414	5414	0.000267006853175898
chrM	5415	5415	0.0015440805297384
chrM	5416	5416	0.0129020907251561
chrM	5417	5417	0.00255634237357859
chrM	5418	5418	0.00129354696457445
chrM	5419	5419	0.00320931891120884
chrM	5420	5420	0.00127915278438839
chrM	5421	5421	2.98364960019095e-05
chrM	5422	5422	0.0136156890542855
chrM	5423	5423	0.000681037545896009
chrM	5424	5424	0.000415134622227494
chrM	5425	5425	0.000477583427855053
chrM	5426	5426	0.00539367824750655
chrM	5427	5427	0.0104148705038452
chrM	5428	5428	0.00235021748281184
chrM	5429	5429	0.00158741611948914
chrM	5430	5430	0.00650003591180062
chrM	5431	5431	0.000648158150588744
chrM	5432	5432	0.0222527860064889
chrM	5433	5433	0.00304446332483716
chrM	5434	5434	0.00321282304759215
chrM	5435	5435	0.000176734650595596
chrM	5436	5436	0.000282795432853759
chrM	5437	5437	0.00966521921837792
chrM	5438	5438	0.00855205979488962
chrM	5439	5439	0.000417507480342356
chrM	5440	5440	0.00104551474175786
chrM	5441	5441	0.00109812256464754
chrM	5442	5442	0.0324726537050372
chrM	5443	5443	0.00362647325475975
chrM	5444	5444	0.00192018992423978
chrM	5445	5445	0.000768102786118288
chrM	5446	5446	0.000139933531572503
chrM	5447	5447	0.00230769230769231
chrM	5448	5448	3.5042225882188e-05
chrM	5449	5449	0.000493844580055734
chrM	5450	5450	0.000248051027639972
chrM	5451	5451	0.000602217577668355
chrM	5452	5452	0.00131047673018347
chrM	5453	5453	0.000106416941577099
chrM	5454	5454	0.00042825024089076
chrM	5455	5455	0.000536615032375774
chrM	5456	5456	0.000359492396735809
chrM	5457	5457	0.00154748623457012
chrM	5458	5458	3.60113795959523e-05
chrM	5459	5459	0.000580509396995864
chrM	5460	5460	0.0100959292925664
chrM	5461	5461	0.000323636232874249
chrM	5462	5462	0.000108778418361797
chrM	5463	5463	0.000333086602516654
chrM	5464	5464	0.0117730075020426
chrM	5465	5465	0.0020394541679027
chrM	5466	5466	0.000598600770698492
chrM	5467	5467	0.00335958789055209
chrM	5468	5468	0.00119729112882104
chrM	5469	5469	0.000263782643102084
chrM	5470	5470	0.00698040981760865
chrM	5471	5471	0.000305471762953912
chrM	5472	5472	0.00175472057982071
chrM	5473	5473	0.000572890807012183
chrM	5474	5474	0.00410927631078305
chrM	5475	5475	0.002092687010121
chrM	5476	5476	0.000495502363165117
chrM	5477	5477	0.000381242851696531
chrM	5478	5478	0.00262567068762129
chrM	5479	5479	0.000533049040511727
chrM	5480	5480	0.000533658610962873
chrM	5481	5481	0.000420119925142268
chrM	5482	5482	0.000958662474116113
chrM	5483	5483	0.019663452448478
chrM	5484	5484	0.000118807175953428
chrM	5485	5485	0.00569012526178528
chrM	5486	5486	0.000833002776675922
chrM	5487	5487	0.00035778175313059
chrM	5488	5488	0.000283699440706817
chrM	5489	5489	0.0104735152487961
chrM	5490	5490	0.00611407468198605
chrM	5491	5491	0.000699790062981106
chrM	5492	5492	0
chrM	5493	5493	0.000906095551894563
chrM	5494	5494	0.00275527408808652
chrM	5495	5495	0.000123936214161778
chrM	5496	5496	0.00112182150573375
chrM	5497	5497	0.00132906923620052
chrM	5498	5498	0.00116201859229748
chrM	5499	5499	0.021774455638609
chrM	5500	5500	0.00353027105989287
chrM	5501	5501	0.0172288573273079
chrM	5502	5502	0.00453961112003857
chrM	5503	5503	0.00200505273288688
chrM	5504	5504	0.0316856288587737
chrM	5505	5505	0.000777665448324131
chrM	5506	5506	0.00263790829389402
chrM	5507	5507	0.0056712962962963
chrM	5508	5508	3.86249517188103e-05
chrM	5509	5509	0.00998278829604131
chrM	5510	5510	0.00601240534266905
chrM	5511	5511	0.00179006703229738
chrM	5512	5512	0.000419287211740042
chrM	5513	5513	0
chrM	5514	5514	0.0046068913002094
chrM	5515	5515	0.000768609968871296
chrM	5516	5516	0.0136555020293593
chrM	5517	5517	0.000985296346824314
chrM	5518	5518	0.000265392781316348
chrM	5519	5519	0
chrM	5520	5520	0.00230920654149001
chrM	5521	5521	0.00958538510694283
chrM	5522	5522	0.00101511391833972
chrM	5523	5523	0.000338409475465313
chrM	5524	5524	0.000150381593292981
chrM	5525	5525	0.0029251828239265
chrM	5526	5526	0.000412696030614542
chrM	5527	5527	0.00515156040017918
chrM	5528	5528	7.50271973590427e-05
chrM	5529	5529	0.00112431135929243
chrM	5530	5530	0.00633312222925903
chrM	5531	5531	0.000485092727340572
chrM	5532	5532	0.00037325967675712
chrM	5533	5533	0.000336914610863624
chrM	5534	5534	0.0141422346946311
chrM	5535	5535	0.00121717320743582
chrM	5536	5536	0.000295007006416402
chrM	5537	5537	0.000442788089000406
chrM	5538	5538	0.000444444444444444
chrM	5539	5539	0.00197606353230677
chrM	5540	5540	0.0078798416632755
chrM	5541	5541	0.000691988313086268
chrM	5542	5542	0.000692440854010387
chrM	5543	5543	0.000230858022316276
chrM	5544	5544	0.0441349837901562
chrM	5545	5545	0.0027255985267035
chrM	5546	5546	0.00144113517108861
chrM	5547	5547	0.00326712455912382
chrM	5548	5548	0.000408906732091744
chrM	5549	5549	0.00193545985781814
chrM	5550	5550	0.000297729810197246
chrM	5551	5551	0.00222247334915433
chrM	5552	5552	0.000489992838566206
chrM	5553	5553	0.000866290018832392
chrM	5554	5554	0.00517260766895311
chrM	5555	5555	0.000187694733285784
chrM	5556	5556	7.55743651753325e-05
chrM	5557	5557	0.00399186563229645
chrM	5558	5558	0.00350137419524867
chrM	5559	5559	0.00517028211756772
chrM	5560	5560	0.000112608385571112
chrM	5561	5561	0.00296068657947007
chrM	5562	5562	0.00265648969207169
chrM	5563	5563	0.00214042732102588
chrM	5564	5564	0.0120108777760991
chrM	5565	5565	0.00156590153916663
chrM	5566	5566	0.00712842602828498
chrM	5567	5567	0.00270095484459999
chrM	5568	5568	0.00556544125998561
chrM	5569	5569	0.00322103906930918
chrM	5570	5570	0.0108623710336772
chrM	5571	5571	0.000233936369307548
chrM	5572	5572	0.00279948676076053
chrM	5573	5573	0.00011714631574837
chrM	5574	5574	0.000234393311977498
chrM	5575	5575	0.0192589168785148
chrM	5576	5576	0.000539125077017868
chrM	5577	5577	0.00176875456607836
chrM	5578	5578	0.00026916865338768
chrM	5579	5579	0.000654525853771224
chrM	5580	5580	0.000808781051415367
chrM	5581	5581	0.00245907938215631
chrM	5582	5582	0.000230795861060892
chrM	5583	5583	0.001690292343744
chrM	5584	5584	0.000422621791916398
chrM	5585	5585	0.00344603132059578
chrM	5586	5586	0.000308594352723345
chrM	5587	5587	0.000926605150380294
chrM	5588	5588	0.00196615135510236
chrM	5589	5589	0.000655105973025048
chrM	5590	5590	7.70742610505222e-05
chrM	5591	5591	0.000539582209203731
chrM	5592	5592	0.000426356589147287
chrM	5593	5593	0.01736071278345
chrM	5594	5594	0.000268662444828248
chrM	5595	5595	0.000422459482295107
chrM	5596	5596	0.000154112887690233
chrM	5597	5597	0.000423990132593278
chrM	5598	5598	7.7106947335955e-05
chrM	5599	5599	3.8677238445175e-05
chrM	5600	5600	0.00112998753117207
chrM	5601	5601	0.00128730251609128
chrM	5602	5602	0.000235312573535179
chrM	5603	5603	0.00372227881827443
chrM	5604	5604	0.00360587002096436
chrM	5605	5605	0.00339267015706806
chrM	5606	5606	0.00325896214590123
chrM	5607	5607	0.00167014613778706
chrM	5608	5608	0.000846417537771383
chrM	5609	5609	0
chrM	5610	5610	0.000889792805389602
chrM	5611	5611	0.00311646174863388
chrM	5612	5612	0.000556363947616194
chrM	5613	5613	0.00205215904232578
chrM	5614	5614	8.59106529209622e-05
chrM	5615	5615	0.0116691600769395
chrM	5616	5616	0.00236925992935298
chrM	5617	5617	0.00506025129722544
chrM	5618	5618	0.00038689708537529
chrM	5619	5619	0.00214767406898329
chrM	5620	5620	0.00248916355521222
chrM	5621	5621	0.000986616334934798
chrM	5622	5622	0.000472853888148562
chrM	5623	5623	0.00158900579772386
chrM	5624	5624	0.000686724752135285
chrM	5625	5625	0.00047192071731949
chrM	5626	5626	0.00145766345123258
chrM	5627	5627	0.000514712190100369
chrM	5628	5628	0.0111686767453712
chrM	5629	5629	0.00266983091070899
chrM	5630	5630	0.00105869399508766
chrM	5631	5631	0.000720155892569686
chrM	5632	5632	0.00287855056512721
chrM	5633	5633	0.00153191489361702
chrM	5634	5634	0.00038301132011235
chrM	5635	5635	8.54080368962719e-05
chrM	5636	5636	0.0121183971625216
chrM	5637	5637	0.00202506011897228
chrM	5638	5638	0.000337495781302734
chrM	5639	5639	0.000253314194038673
chrM	5640	5640	4.25912517568891e-05
chrM	5641	5641	0.000770053475935829
chrM	5642	5642	0.000688497783897758
chrM	5643	5643	0.000700004375027344
chrM	5644	5644	0.00126898000262548
chrM	5645	5645	0.00205698280012254
chrM	5646	5646	0.00118192960952548
chrM	5647	5647	0.00140013126230584
chrM	5648	5648	0.000230319222442305
chrM	5649	5649	0.00211698651571632
chrM	5650	5650	0.00041558921315109
chrM	5651	5651	0.00230446605521501
chrM	5652	5652	0.000967652750898535
chrM	5653	5653	0.00988875154511743
chrM	5654	5654	0.000320439459830625
chrM	5655	5655	0.00561233801788648
chrM	5656	5656	0.00453836985422206
chrM	5657	5657	0.00110091743119266
chrM	5658	5658	0.00110137212610711
chrM	5659	5659	0.033896801100315
chrM	5660	5660	0.00233918128654971
chrM	5661	5661	0.0003597931189566
chrM	5662	5662	0.00238223660553758
chrM	5663	5663	0.00676887215348754
chrM	5664	5664	0.00103129764146713
chrM	5665	5665	0.00179589637677906
chrM	5666	5666	0.00134643866971859
chrM	5667	5667	0
chrM	5668	5668	4.5341192473362e-05
chrM	5669	5669	0
chrM	5670	5670	0.000293657008613939
chrM	5671	5671	0.000342532785280877
chrM	5672	5672	0.00268449824287388
chrM	5673	5673	0.000390377201971405
chrM	5674	5674	0.000341530054644809
chrM	5675	5675	4.8878244293465e-05
chrM	5676	5676	0.00122046475297793
chrM	5677	5677	0.00185447269532966
chrM	5678	5678	0.000341580051724979
chrM	5679	5679	0.0005855372304089
chrM	5680	5680	0.00190030697266482
chrM	5681	5681	0.000536585365853659
chrM	5682	5682	0.000147405660377358
chrM	5683	5683	0.000295887168359799
chrM	5684	5684	0.0048114689709348
chrM	5685	5685	0.000539956803455724
chrM	5686	5686	0.000196319018404908
chrM	5687	5687	0.00161851979008289
chrM	5688	5688	0.00113099921321794
chrM	5689	5689	0.0029422031616217
chrM	5690	5690	0.000909182745731892
chrM	5691	5691	0.000505331244630856
chrM	5692	5692	0.00121549759432768
chrM	5693	5693	5.06842372022301e-05
chrM	5694	5694	0.00050661127716703
chrM	5695	5695	0.00182481751824818
chrM	5696	5696	0.000663739405697948
chrM	5697	5697	0.00473258358353264
chrM	5698	5698	0.000356379187455453
chrM	5699	5699	0.000662589194699286
chrM	5700	5700	0.000204540805890775
chrM	5701	5701	0.000255885363357216
chrM	5702	5702	0.000826916119696108
chrM	5703	5703	0.000258411287405034
chrM	5704	5704	0.000155134967421657
chrM	5705	5705	0.00113753877973113
chrM	5706	5706	0.00285210537232939
chrM	5707	5707	0.00150978758850479
chrM	5708	5708	0.000369237261314485
chrM	5709	5709	0.000487514219164726
chrM	5710	5710	0.000652209359204305
chrM	5711	5711	0.0011033265294864
chrM	5712	5712	0.00118043844856661
chrM	5713	5713	0.000963118236927086
chrM	5714	5714	0.00125056844020009
chrM	5715	5715	0.000569638279692395
chrM	5716	5716	0.000516143832081207
chrM	5717	5717	0.000748589197282045
chrM	5718	5718	0.00161644151945503
chrM	5719	5719	0.000408759124087591
chrM	5720	5720	0.00111982082866741
chrM	5721	5721	0.000533807829181495
chrM	5722	5722	0.000304321363359708
chrM	5723	5723	0.000373668804882606
chrM	5724	5724	0
chrM	5725	5725	0.00132166907923721
chrM	5726	5726	0.00119685039370079
chrM	5727	5727	0.000127722076760968
chrM	5728	5728	0
chrM	5729	5729	0.000324128095423311
chrM	5730	5730	0
chrM	5731	5731	0.000131018670160498
chrM	5732	5732	0.00275049115913556
chrM	5733	5733	0.000131044424059756
chrM	5734	5734	0.0003276754702143
chrM	5735	5735	0
chrM	5736	5736	0.000393236335037357
chrM	5737	5737	0
chrM	5738	5738	0
chrM	5739	5739	0.000132925694536754
chrM	5740	5740	0.000268943723525852
chrM	5741	5741	0.000606673407482305
chrM	5742	5742	0.000962067069818582
chrM	5743	5743	7.42500742500742e-05
chrM	5744	5744	7.51314800901578e-05
chrM	5745	5745	0.000227066303360581
chrM	5746	5746	0.00075654410652141
chrM	5747	5747	0.000227410551849606
chrM	5748	5748	0
chrM	5749	5749	7.62137032238396e-05
chrM	5750	5750	0
chrM	5751	5751	0
chrM	5752	5752	0.00108881630113548
chrM	5753	5753	0
chrM	5754	5754	0.000157183275699466
chrM	5755	5755	0
chrM	5756	5756	0.000315905860053704
chrM	5757	5757	0
chrM	5758	5758	0
chrM	5759	5759	0
chrM	5760	5760	0
chrM	5761	5761	8.3139341536415e-05
chrM	5762	5762	0
chrM	5763	5763	0
chrM	5764	5764	8.78811846383689e-05
chrM	5765	5765	0
chrM	5766	5766	0.000175916967191486
chrM	5767	5767	0
chrM	5768	5768	0
chrM	5769	5769	0
chrM	5770	5770	0
chrM	5771	5771	0
chrM	5772	5772	0
chrM	5773	5773	0.000182748538011696
chrM	5774	5774	0
chrM	5775	5775	0
chrM	5776	5776	0
chrM	5777	5777	0.000372821325379812
chrM	5778	5778	0
chrM	5779	5779	0
chrM	5780	5780	0
chrM	5781	5781	0.000397653842330252
chrM	5782	5782	0
chrM	5783	5783	0
chrM	5784	5784	0
chrM	5785	5785	0.000100664384940608
chrM	5786	5786	0
chrM	5787	5787	0.000302969097152091
chrM	5788	5788	0.000101061141990904
chrM	5789	5789	0.000411692054343351
chrM	5790	5790	0.000205846027171676
chrM	5791	5791	0
chrM	5792	5792	0
chrM	5793	5793	0
chrM	5794	5794	0
chrM	5795	5795	0
chrM	5796	5796	0
chrM	5797	5797	0.000210570646451885
chrM	5798	5798	0
chrM	5799	5799	0.000108790252393386
chrM	5800	5800	0
chrM	5801	5801	0
chrM	5802	5802	0
chrM	5803	5803	0.000552547242789258
chrM	5804	5804	0.000555679039786619
chrM	5805	5805	0
chrM	5806	5806	0
chrM	5807	5807	0
chrM	5808	5808	0
chrM	5809	5809	0
chrM	5810	5810	0
chrM	5811	5811	0.00012134449702706
chrM	5812	5812	0
chrM	5813	5813	0
chrM	5814	5814	0
chrM	5815	5815	0
chrM	5816	5816	0.000250657977190124
chrM	5817	5817	0
chrM	5818	5818	0
chrM	5819	5819	0
chrM	5820	5820	0.000293556436224864
chrM	5821	5821	0.00575113279888463
chrM	5822	5822	0
chrM	5823	5823	0
chrM	5824	5824	0
chrM	5825	5825	0.00089814981138854
chrM	5826	5826	0.000180147721131328
chrM	5827	5827	0.000364497904137051
chrM	5828	5828	0.000549551199853453
chrM	5829	5829	0.000184433788270011
chrM	5830	5830	0
chrM	5831	5831	0
chrM	5832	5832	0.000437158469945355
chrM	5833	5833	0
chrM	5834	5834	0
chrM	5835	5835	0
chrM	5836	5836	0.00021944261575598
chrM	5837	5837	0.000887114659569749
chrM	5838	5838	0
chrM	5839	5839	0
chrM	5840	5840	0
chrM	5841	5841	0
chrM	5842	5842	0
chrM	5843	5843	0.000223663609930664
chrM	5844	5844	0.0004516711833785
chrM	5845	5845	0
chrM	5846	5846	0.000688389169343736
chrM	5847	5847	0
chrM	5848	5848	0.000230361667818475
chrM	5849	5849	0
chrM	5850	5850	0
chrM	5851	5851	0
chrM	5852	5852	0.000252016129032258
chrM	5853	5853	0.0018716577540107
chrM	5854	5854	0.000269832703723691
chrM	5855	5855	0
chrM	5856	5856	0
chrM	5857	5857	0
chrM	5858	5858	0.000280662363177098
chrM	5859	5859	0.000561955605507165
chrM	5860	5860	0.000565291124929339
chrM	5861	5861	0
chrM	5862	5862	0
chrM	5863	5863	0.00289519397799653
chrM	5864	5864	0.000400962309542903
chrM	5865	5865	0.000407331975560081
chrM	5866	5866	0.00366598778004073
chrM	5867	5867	0.00296987696224014
chrM	5868	5868	0.00615655233069481
chrM	5869	5869	0.000951022349025202
chrM	5870	5870	0
chrM	5871	5871	0.00104602510460251
chrM	5872	5872	0.00105042016806723
chrM	5873	5873	0
chrM	5874	5874	0.00112170499158721
chrM	5875	5875	0.00397050482132728
chrM	5876	5876	0.00114613180515759
chrM	5877	5877	0
chrM	5878	5878	0.00205902539464653
chrM	5879	5879	0.0043731778425656
chrM	5880	5880	0.00738007380073801
chrM	5881	5881	0.00591715976331361
chrM	5882	5882	0.00813609467455621
chrM	5883	5883	0.00658978583196046
chrM	5884	5884	0.010655737704918
chrM	5885	5885	0.0248
chrM	5886	5886	0.0165876777251185
chrM	5887	5887	0.0123558484349259
chrM	5888	5888	0.0154095701540957
chrM	5889	5889	0.0040453074433657
chrM	5890	5890	0.000809061488673139
chrM	5891	5891	0.139874739039666
chrM	5892	5892	0.129247572815534
chrM	5893	5893	0.00663449939686369
chrM	5894	5894	0.0531125071387778
chrM	5895	5895	0.0524891774891775
chrM	5896	5896	0.174418604651163
chrM	5897	5897	0.125586854460094
chrM	5898	5898	0.250366891693572
chrM	5899	5899	0.232941708088568
chrM	5900	5900	0.0170997113035754
chrM	5901	5901	0.185714285714286
chrM	5902	5902	0.0696735106024907
chrM	5903	5903	0.118825100133511
chrM	5904	5904	0.15068665742724
chrM	5905	5905	0.00626017278076875
chrM	5906	5906	0.121728612271828
chrM	5907	5907	0.00383393580896046
chrM	5908	5908	0.0378412564562032
chrM	5909	5909	0.0995634016704632
chrM	5910	5910	0.00556866446436999
chrM	5911	5911	0.084032160456471
chrM	5912	5912	0.00387530141233207
chrM	5913	5913	0.00777644847034695
chrM	5914	5914	0.0603870553280334
chrM	5915	5915	0.017282196969697
chrM	5916	5916	0.11042471042471
chrM	5917	5917	0.200662140171708
chrM	5918	5918	0.00117726202489068
chrM	5919	5919	0.000448279726549367
chrM	5920	5920	0.223039749227219
chrM	5921	5921	0.0391147925033467
chrM	5922	5922	0.0531569357521984
chrM	5923	5923	0.00692313744001259
chrM	5924	5924	0.155218821652876
chrM	5925	5925	0.000797183285723776
chrM	5926	5926	0.0178449091442926
chrM	5927	5927	0.0265214076991488
chrM	5928	5928	0.00145897427764915
chrM	5929	5929	0.000190264785159347
chrM	5930	5930	0.00287737937140328
chrM	5931	5931	0.00840283438891327
chrM	5932	5932	0.00225281602002503
chrM	5933	5933	0.00745411063142529
chrM	5934	5934	0.00105488504855574
chrM	5935	5935	0.00438637135884842
chrM	5936	5936	0.000185311013651245
chrM	5937	5937	0.00197275137167869
chrM	5938	5938	0.00227580268175667
chrM	5939	5939	0.00135135135135135
chrM	5940	5940	0.0104245813451661
chrM	5941	5941	0.0098405055672585
chrM	5942	5942	0.00628009210801758
chrM	5943	5943	0.013598820058997
chrM	5944	5944	0.00111972183752247
chrM	5945	5945	0.00652810304449649
chrM	5946	5946	0.00399463494285048
chrM	5947	5947	0.000262360074626866
chrM	5948	5948	0.000262291259872352
chrM	5949	5949	0.000640745594874035
chrM	5950	5950	8.73667656823344e-05
chrM	5951	5951	0.00434946501580306
chrM	5952	5952	0.000550628876137483
chrM	5953	5953	0.00144692672763051
chrM	5954	5954	0.000838513806563539
chrM	5955	5955	0.000404647667495231
chrM	5956	5956	0.000520005777841976
chrM	5957	5957	0.00051975051975052
chrM	5958	5958	0.00178715554018217
chrM	5959	5959	0.0020711676207462
chrM	5960	5960	0.00281124497991968
chrM	5961	5961	0.00211834082386282
chrM	5962	5962	0.00237068349947159
chrM	5963	5963	0.00168254149318428
chrM	5964	5964	0.000854968793639032
chrM	5965	5965	0.000541295119797157
chrM	5966	5966	0.00648174356071328
chrM	5967	5967	0.0437136283664907
chrM	5968	5968	0.00143258730673586
chrM	5969	5969	0.00569769941947968
chrM	5970	5970	0.00225261464199517
chrM	5971	5971	0.000857586964678137
chrM	5972	5972	0.00604688332445392
chrM	5973	5973	0.000106550171812152
chrM	5974	5974	0.000292927141031104
chrM	5975	5975	0.000372677421072246
chrM	5976	5976	0.000957395883197702
chrM	5977	5977	0.00254655419385644
chrM	5978	5978	0.000106097981485902
chrM	5979	5979	0.00269819855567018
chrM	5980	5980	0.00134731725358624
chrM	5981	5981	0.00292382256874934
chrM	5982	5982	0.000342312452273745
chrM	5983	5983	0.000210609451099118
chrM	5984	5984	0.00162956343469919
chrM	5985	5985	0.00606076438778442
chrM	5986	5986	0.00138265678806219
chrM	5987	5987	0.000782023877795735
chrM	5988	5988	0.00104161241602
chrM	5989	5989	0.00690511288695787
chrM	5990	5990	0.000206851971557854
chrM	5991	5991	0.000310189732719847
chrM	5992	5992	0.00031010155826033
chrM	5993	5993	0.000723047127178825
chrM	5994	5994	0.0010576278181912
chrM	5995	5995	0.000618716163959783
chrM	5996	5996	0.00061833359097233
chrM	5997	5997	0.000128816179312122
chrM	5998	5998	0.000154571450653064
chrM	5999	5999	0.000592173017507724
chrM	6000	6000	0.00118315800303506
chrM	6001	6001	0.0021303354636688
chrM	6002	6002	0.00220253034881934
chrM	6003	6003	0.000128050810561631
chrM	6004	6004	0.000102430155437761
chrM	6005	6005	0.000665421134798966
chrM	6006	6006	0.000486082685223086
chrM	6007	6007	0.00143127332208761
chrM	6008	6008	0.000102265173595132
chrM	6009	6009	0.000255597587158777
chrM	6010	6010	0.00392156862745098
chrM	6011	6011	0.00203319185706661
chrM	6012	6012	0.000152497140678612
chrM	6013	6013	0.000279563880346659
chrM	6014	6014	5.08659935400188e-05
chrM	6015	6015	7.63067531476536e-05
chrM	6016	6016	0
chrM	6017	6017	0.000152609624580324
chrM	6018	6018	0.000178121580701799
chrM	6019	6019	0.00248749904815087
chrM	6020	6020	0.000887603976465815
chrM	6021	6021	0.00017749378771743
chrM	6022	6022	0.000202824328778237
chrM	6023	6023	0.000659011988948876
chrM	6024	6024	0.0025035403601052
chrM	6025	6025	0.000379209222368288
chrM	6026	6026	7.58360929244925e-05
chrM	6027	6027	0
chrM	6028	6028	0.000883994645518147
chrM	6029	6029	0.00022733013387219
chrM	6030	6030	0.0135549298582214
chrM	6031	6031	0.00037370138767782
chrM	6032	6032	9.96487381978526e-05
chrM	6033	6033	0.000373571090578537
chrM	6034	6034	0.00369736221742475
chrM	6035	6035	0.00778133464663876
chrM	6036	6036	0.00145191455851954
chrM	6037	6037	7.38588802993747e-05
chrM	6038	6038	9.84688100044311e-05
chrM	6039	6039	0.000320197044334975
chrM	6040	6040	0.000542245883860791
chrM	6041	6041	0.000173023209827718
chrM	6042	6042	0.000570436507936508
chrM	6043	6043	0.000570351634181421
chrM	6044	6044	0.000347067281471565
chrM	6045	6045	0.00104164083232063
chrM	6046	6046	0.000825309491059147
chrM	6047	6047	0.00208044382801664
chrM	6048	6048	0.000437524128168833
chrM	6049	6049	0.000669051233884872
chrM	6050	6050	5.14747516343234e-05
chrM	6051	6051	0.00154221822387868
chrM	6052	6052	0.000129809439742458
chrM	6053	6053	7.78856638454748e-05
chrM	6054	6054	0.00101217201733669
chrM	6055	6055	0.00137741046831956
chrM	6056	6056	0.00452875109983955
chrM	6057	6057	0.00654965310137724
chrM	6058	6058	0.0116845180136319
chrM	6059	6059	0.00546489951224495
chrM	6060	6060	0.00114907308104795
chrM	6061	6061	0.00226757369614512
chrM	6062	6062	0.000256601062328398
chrM	6063	6063	0.00829622089324341
chrM	6064	6064	0.00357677380076609
chrM	6065	6065	0.000177818421988518
chrM	6066	6066	0.0104075014454863
chrM	6067	6067	0.00170807063374444
chrM	6068	6068	0.00624562806035775
chrM	6069	6069	0.000301393947004898
chrM	6070	6070	0.0109371116082525
chrM	6071	6071	0.000921934567562853
chrM	6072	6072	0.000150127608467197
chrM	6073	6073	0.000125222269528413
chrM	6074	6074	0.000176865935620799
chrM	6075	6075	0.000126444629896568
chrM	6076	6076	5.05919255286856e-05
chrM	6077	6077	0.00126781276941021
chrM	6078	6078	0.000253556124648191
chrM	6079	6079	0
chrM	6080	6080	0.000126913216742392
chrM	6081	6081	0.000356152535042866
chrM	6082	6082	0.000586166471277843
chrM	6083	6083	0.000382975464038604
chrM	6084	6084	0.000204839329151197
chrM	6085	6085	0.00464309403540997
chrM	6086	6086	0.00296024090236309
chrM	6087	6087	0.00012852479243246
chrM	6088	6088	0.00306429832762023
chrM	6089	6089	0.000245532669485745
chrM	6090	6090	0.000410430404684379
chrM	6091	6091	0.00142111448170315
chrM	6092	6092	0.00100716204118174
chrM	6093	6093	0.00106529113285302
chrM	6094	6094	0.0202864949904778
chrM	6095	6095	0.00154927239528579
chrM	6096	6096	0.00573587403138185
chrM	6097	6097	0.000139372822299652
chrM	6098	6098	0.000474648201920929
chrM	6099	6099	0.00254545454545455
chrM	6100	6100	0.00606246002391613
chrM	6101	6101	0.000305852912553872
chrM	6102	6102	0.00235980011104942
chrM	6103	6103	0.000805287126513384
chrM	6104	6104	8.34515563715263e-05
chrM	6105	6105	0.000639777468706537
chrM	6106	6106	0.00318970341354225
chrM	6107	6107	0.000595018842263338
chrM	6108	6108	0.00251554550593556
chrM	6109	6109	0.000169745664412821
chrM	6110	6110	0.0011883541295306
chrM	6111	6111	0.00851149194703961
chrM	6112	6112	0.000916642795760527
chrM	6113	6113	0.010378562313909
chrM	6114	6114	0.000340502809148175
chrM	6115	6115	0.000595558832704688
chrM	6116	6116	0.0090553727607638
chrM	6117	6117	0.00257382056793755
chrM	6118	6118	0.000706753738727278
chrM	6119	6119	0.000593941793704217
chrM	6120	6120	0.000170101777563576
chrM	6121	6121	0.000425194172005216
chrM	6122	6122	8.55285665412248e-05
chrM	6123	6123	0.00146190448890672
chrM	6124	6124	0
chrM	6125	6125	0.00156372165754496
chrM	6126	6126	0.00112866817155756
chrM	6127	6127	0.00785566298342542
chrM	6128	6128	0.00292906443941767
chrM	6129	6129	0.00100120733826084
chrM	6130	6130	0.000442699878995366
chrM	6131	6131	0.000945961925032517
chrM	6132	6132	0.00044677428962888
chrM	6133	6133	0.026338715297944
chrM	6134	6134	0.00146575984990619
chrM	6135	6135	0.00179158834586466
chrM	6136	6136	0.000353877912120319
chrM	6137	6137	0.00244455570936294
chrM	6138	6138	0.00937766410912191
chrM	6139	6139	0.00097483161999291
chrM	6140	6140	0.00144645176526154
chrM	6141	6141	0.00047274338897917
chrM	6142	6142	0.00493166963755199
chrM	6143	6143	0.000178976255816728
chrM	6144	6144	0.00269066339800891
chrM	6145	6145	0.000968786897157216
chrM	6146	6146	0.000211934966241788
chrM	6147	6147	0.0132675930076199
chrM	6148	6148	0.000359163149860824
chrM	6149	6149	0.00705462122339634
chrM	6150	6150	0.000327878625294346
chrM	6151	6151	0.000419124030775679
chrM	6152	6152	3.00390507659958e-05
chrM	6153	6153	9.01686153106309e-05
chrM	6154	6154	0.000961365138496665
chrM	6155	6155	9.03723340161465e-05
chrM	6156	6156	0.000692499924728269
chrM	6157	6157	0.00765481565649015
chrM	6158	6158	3.00562051035436e-05
chrM	6159	6159	6.02409638554217e-05
chrM	6160	6160	0
chrM	6161	6161	0.00264550264550265
chrM	6162	6162	0.000811078734717174
chrM	6163	6163	0.000510418543205428
chrM	6164	6164	3.00237187378029e-05
chrM	6165	6165	0.0130982367758186
chrM	6166	6166	8.91583452211127e-05
chrM	6167	6167	8.93362317977428e-05
chrM	6168	6168	0.000149253731343284
chrM	6169	6169	9.00009000090001e-05
chrM	6170	6170	0.00149965507933175
chrM	6171	6171	0
chrM	6172	6172	0
chrM	6173	6173	0
chrM	6174	6174	0
chrM	6175	6175	0.00029600394671929
chrM	6176	6176	9.86712274700697e-05
chrM	6177	6177	0.000295955277869122
chrM	6178	6178	0.000131531353786459
chrM	6179	6179	0.00210070242237248
chrM	6180	6180	0.000493388592855733
chrM	6181	6181	0.00151191454396056
chrM	6182	6182	0.00835154797246599
chrM	6183	6183	3.28040939509251e-05
chrM	6184	6184	0
chrM	6185	6185	0.000262699898203789
chrM	6186	6186	0.00154148901279108
chrM	6187	6187	0.000689066806667542
chrM	6188	6188	0.000328030178776447
chrM	6189	6189	0.00258474021724905
chrM	6190	6190	0.000361247947454844
chrM	6191	6191	0.00111731843575419
chrM	6192	6192	0.00281939481362489
chrM	6193	6193	0.00170246202200105
chrM	6194	6194	0.001406193793126
chrM	6195	6195	0.000261668792725608
chrM	6196	6196	0.000130877204462913
chrM	6197	6197	0.00029445444135449
chrM	6198	6198	0.0581521570573458
chrM	6199	6199	0.00164147670961348
chrM	6200	6200	0.000371563041862769
chrM	6201	6201	0.00382562552062444
chrM	6202	6202	0.00055588153546833
chrM	6203	6203	0.00215962731002993
chrM	6204	6204	0.000278060988043378
chrM	6205	6205	0.00137268359643102
chrM	6206	6206	0.0465836659319712
chrM	6207	6207	0.00148920327624721
chrM	6208	6208	0.00014933843075177
chrM	6209	6209	0.00228146013448607
chrM	6210	6210	0.00396712050525247
chrM	6211	6211	0.00114209574569335
chrM	6212	6212	0.00812240272006045
chrM	6213	6213	0.00207508017355216
chrM	6214	6214	0.00131917834034801
chrM	6215	6215	0.00179912884287608
chrM	6216	6216	0.0027101979074751
chrM	6217	6217	0.0046047084765549
chrM	6218	6218	0.000650491120796201
chrM	6219	6219	0.00320990856624084
chrM	6220	6220	0.00362717792603148
chrM	6221	6221	0.0044338004466164
chrM	6222	6222	0.00817791961703401
chrM	6223	6223	0.00303748456223505
chrM	6224	6224	0.00111762116029397
chrM	6225	6225	0.00242180304942525
chrM	6226	6226	0.00317016634851377
chrM	6227	6227	0.000648907103825137
chrM	6228	6228	0.00493297951962986
chrM	6229	6229	0.00372893996406658
chrM	6230	6230	0.0014558011984968
chrM	6231	6231	0.000372540386764656
chrM	6232	6232	0.0024699712400609
chrM	6233	6233	0.052905130097212
chrM	6234	6234	0.0292917017232246
chrM	6235	6235	0.0382954477298627
chrM	6236	6236	0.0189084911495302
chrM	6237	6237	0.00501893105573655
chrM	6238	6238	0.000205477441512314
chrM	6239	6239	0.0490814674186163
chrM	6240	6240	0.0060700562454753
chrM	6241	6241	0.0033311125916056
chrM	6242	6242	0.000471933818222198
chrM	6243	6243	0.0094871442320913
chrM	6244	6244	0.00483304042179262
chrM	6245	6245	0.00016502557896474
chrM	6246	6246	0.00181368507831822
chrM	6247	6247	0.0307552902297319
chrM	6248	6248	0.00337469773868679
chrM	6249	6249	0.00127425734689002
chrM	6250	6250	0.00167295129852887
chrM	6251	6251	0.00997292297793625
chrM	6252	6252	0.00607886527848135
chrM	6253	6253	0.00178333776949694
chrM	6254	6254	0.000638637573177222
chrM	6255	6255	0.000425951068870963
chrM	6256	6256	0.000319582412314576
chrM	6257	6257	0.000984880749574106
chrM	6258	6258	0.000612125405865758
chrM	6259	6259	0.000537302205625554
chrM	6260	6260	0.000859314159886141
chrM	6261	6261	0.000402803512446629
chrM	6262	6262	0.000241747025168551
chrM	6263	6263	0.00217712673027819
chrM	6264	6264	0.0091566265060241
chrM	6265	6265	0.00306236841385722
chrM	6266	6266	0.00186219739292365
chrM	6267	6267	0.000139330100874993
chrM	6268	6268	0.00053032629022804
chrM	6269	6269	0.000475843923193193
chrM	6270	6270	0.00245610072836091
chrM	6271	6271	0.00310585312138239
chrM	6272	6272	0.00118694362017804
chrM	6273	6273	0.00136612021857923
chrM	6274	6274	0.00051663270285009
chrM	6275	6275	0.000144320969836917
chrM	6276	6276	0.0214307957987713
chrM	6277	6277	0.002261228412335
chrM	6278	6278	0.00160957840341118
chrM	6279	6279	0.00573323590579506
chrM	6280	6280	0.00143742953776776
chrM	6281	6281	0.000423872499152255
chrM	6282	6282	0.0013028577902399
chrM	6283	6283	0.00023010987746649
chrM	6284	6284	0.011318393811853
chrM	6285	6285	0.00281257990283815
chrM	6286	6286	0.00164618397525048
chrM	6287	6287	0.00261215218625781
chrM	6288	6288	0.00181503889369058
chrM	6289	6289	0.0064196257128937
chrM	6290	6290	0.000687994496044032
chrM	6291	6291	2.86795916026156e-05
chrM	6292	6292	0.0152302910426674
chrM	6293	6293	0.0046173771045667
chrM	6294	6294	0.0104021417814714
chrM	6295	6295	0.000837988826815642
chrM	6296	6296	0.000280583613916947
chrM	6297	6297	0.000169376693766938
chrM	6298	6298	0.00022625714124102
chrM	6299	6299	0.00164268720969752
chrM	6300	6300	0.00330368487928844
chrM	6301	6301	0.000113013505113861
chrM	6302	6302	0.00180571622041024
chrM	6303	6303	0.000141222991102952
chrM	6304	6304	0.000509727295896695
chrM	6305	6305	0.00153513759381396
chrM	6306	6306	0.000973263869010133
chrM	6307	6307	0.00851619496409005
chrM	6308	6308	0.000170352914454445
chrM	6309	6309	0.00147425720117941
chrM	6310	6310	0.000680677273887518
chrM	6311	6311	0.00654055425558907
chrM	6312	6312	0.0160332375986393
chrM	6313	6313	0.00822122571001495
chrM	6314	6314	0.000166310946032098
chrM	6315	6315	0.00143956591550855
chrM	6316	6316	0.00210888506576392
chrM	6317	6317	0.0462825672527007
chrM	6318	6318	0.00127809138353392
chrM	6319	6319	0.000745414370524186
chrM	6320	6320	0.00334608030592734
chrM	6321	6321	0.00157371102397909
chrM	6322	6322	0.00247894231794434
chrM	6323	6323	0.00357133267098091
chrM	6324	6324	0.000107918521516255
chrM	6325	6325	0.00551045642707381
chrM	6326	6326	0.000376354203069975
chrM	6327	6327	0.00588235294117647
chrM	6328	6328	0.008389846409521
chrM	6329	6329	0.00163802363050483
chrM	6330	6330	0.0145560407569141
chrM	6331	6331	0.00317099595698015
chrM	6332	6332	0.00429455934659465
chrM	6333	6333	0.00189678337153244
chrM	6334	6334	0.00631373170602843
chrM	6335	6335	0.000686468646864686
chrM	6336	6336	0.00276760062205119
chrM	6337	6337	0.000290114991032809
chrM	6338	6338	0.0166138829759618
chrM	6339	6339	0.0303490520667224
chrM	6340	6340	0.0100260677762182
chrM	6341	6341	0.00864582286116417
chrM	6342	6342	0.000628835898983801
chrM	6343	6343	0.00108170658080097
chrM	6344	6344	2.52028832098392e-05
chrM	6345	6345	0.0105047783017691
chrM	6346	6346	0.00652867047927527
chrM	6347	6347	0.000708824869626854
chrM	6348	6348	0.000177295982979586
chrM	6349	6349	0.00215244365662193
chrM	6350	6350	0.00053466405275352
chrM	6351	6351	0.00597801307057095
chrM	6352	6352	0.00187180654626398
chrM	6353	6353	0.00169213284505619
chrM	6354	6354	0.00163909622755699
chrM	6355	6355	0.00042917371437227
chrM	6356	6356	0.00600020084354288
chrM	6357	6357	0.00111805661432129
chrM	6358	6358	0.000228768968760326
chrM	6359	6359	0.00172623883021933
chrM	6360	6360	0.000380807311500381
chrM	6361	6361	7.62059593060177e-05
chrM	6362	6362	0.00241300482600965
chrM	6363	6363	0.00503733704594355
chrM	6364	6364	0.00207447885043513
chrM	6365	6365	0.000480501744980021
chrM	6366	6366	0.00174216027874564
chrM	6367	6367	0.000761691971766618
chrM	6368	6368	0.000991407799074686
chrM	6369	6369	0.00694708552014401
chrM	6370	6370	0.00715797963504386
chrM	6371	6371	0.00101419878296146
chrM	6372	6372	0.00035495157446377
chrM	6373	6373	0.00243191893603547
chrM	6374	6374	0.0126969788216401
chrM	6375	6375	0.00085364935097542
chrM	6376	6376	0.0104868169280087
chrM	6377	6377	0.00290300970151105
chrM	6378	6378	0.00114059013141582
chrM	6379	6379	0.000149287153840412
chrM	6380	6380	0.00987879385100512
chrM	6381	6381	0.0031780443940775
chrM	6382	6382	0.0147730586062786
chrM	6383	6383	0.000145800933125972
chrM	6384	6384	0.000655881066899869
chrM	6385	6385	0.000365087864479385
chrM	6386	6386	0.000292525961679099
chrM	6387	6387	0.0117111255692908
chrM	6388	6388	0.000866947621914509
chrM	6389	6389	0.00168293503870751
chrM	6390	6390	0
chrM	6391	6391	0.00213526546867877
chrM	6392	6392	0.00620376998329754
chrM	6393	6393	0.00150146571653281
chrM	6394	6394	0.00111902097569105
chrM	6395	6395	0.000785153461812991
chrM	6396	6396	0.00280005695031085
chrM	6397	6397	0.00191865836037615
chrM	6398	6398	4.73855047740896e-05
chrM	6399	6399	0.0132740255179679
chrM	6400	6400	0.000655906673850406
chrM	6401	6401	0.000795880149812734
chrM	6402	6402	0.00177590840051408
chrM	6403	6403	0.000257364123441192
chrM	6404	6404	0.005342104649264
chrM	6405	6405	0.000355214549587951
chrM	6406	6406	0.000998003992015968
chrM	6407	6407	0.000408919250475068
chrM	6408	6408	0.000264970853206147
chrM	6409	6409	0.000240900002409
chrM	6410	6410	7.24130440029931e-05
chrM	6411	6411	0.000193606156675782
chrM	6412	6412	0.000556483027267668
chrM	6413	6413	0.000316155548529877
chrM	6414	6414	2.43421533068815e-05
chrM	6415	6415	7.31939395418059e-05
chrM	6416	6416	9.76062077548132e-05
chrM	6417	6417	0.000244075077493837
chrM	6418	6418	0.000685149387035995
chrM	6419	6419	9.7904836498923e-05
chrM	6420	6420	0.00120092152345473
chrM	6421	6421	0.00154283195376402
chrM	6422	6422	0.0035302770286835
chrM	6423	6423	0.00169196439518403
chrM	6424	6424	0.000441306266548985
chrM	6425	6425	0.0012818932577345
chrM	6426	6426	0.0050314156685647
chrM	6427	6427	0.0313204470238381
chrM	6428	6428	0.000912912912912913
chrM	6429	6429	0.00409934314618593
chrM	6430	6430	0.00173875244512063
chrM	6431	6431	0.000267457693055826
chrM	6432	6432	0.00697218389135013
chrM	6433	6433	0.0194625095638868
chrM	6434	6434	0.00340715502555366
chrM	6435	6435	0.0074018528821267
chrM	6436	6436	0.00116152450090744
chrM	6437	6437	0.0412747079181474
chrM	6438	6438	0.00607556041807305
chrM	6439	6439	0.012434993643823
chrM	6440	6440	0.000947954960578946
chrM	6441	6441	0.000185391175380052
chrM	6442	6442	4.66200466200466e-05
chrM	6443	6443	0.00188753990632209
chrM	6444	6444	0.00092680608365019
chrM	6445	6445	0.000333032018649793
chrM	6446	6446	0.0001904535174384
chrM	6447	6447	0.00540105178376842
chrM	6448	6448	0.0170979990216404
chrM	6449	6449	0.00421037775791504
chrM	6450	6450	0.00136583068409278
chrM	6451	6451	0.000766155098522757
chrM	6452	6452	0.00481344891996743
chrM	6453	6453	0.0024393160349157
chrM	6454	6454	0.000361158596778465
chrM	6455	6455	0.00271445386629513
chrM	6456	6456	0.000697433924148048
chrM	6457	6457	0.00328631740548839
chrM	6458	6458	0.00136556383411993
chrM	6459	6459	0.0051161338361396
chrM	6460	6460	0.00514046622833234
chrM	6461	6461	0.000526328381061748
chrM	6462	6462	0.000239205836622414
chrM	6463	6463	0.000718356400555529
chrM	6464	6464	0.0159463665748833
chrM	6465	6465	0.0024125740493025
chrM	6466	6466	0.000668417283361184
chrM	6467	6467	0.00917756699860444
chrM	6468	6468	0.00153548143248606
chrM	6469	6469	0.000165390794820905
chrM	6470	6470	0.00911135054105963
chrM	6471	6471	0.00220636559947423
chrM	6472	6472	0.000844891924241357
chrM	6473	6473	0.000140812015958695
chrM	6474	6474	0.00210876543499145
chrM	6475	6475	0.00160135644310475
chrM	6476	6476	4.74495848161329e-05
chrM	6477	6477	0.000309405940594059
chrM	6478	6478	0.0019103565202856
chrM	6479	6479	0.00262529832935561
chrM	6480	6480	0.00123983691375981
chrM	6481	6481	0.000772480386240193
chrM	6482	6482	0.00144969556393157
chrM	6483	6483	0.00215012200130457
chrM	6484	6484	0.000751934411914522
chrM	6485	6485	0.052264728209611
chrM	6486	6486	0.00411872986654395
chrM	6487	6487	0.00101195952161914
chrM	6488	6488	0.0115065378055713
chrM	6489	6489	0.00143756845564074
chrM	6490	6490	0.00029666818804199
chrM	6491	6491	0.000775742088571494
chrM	6492	6492	0.000320153673763406
chrM	6493	6493	0.013015528090905
chrM	6494	6494	0.00231797109353695
chrM	6495	6495	0.0169629529108427
chrM	6496	6496	0.00259979293684574
chrM	6497	6497	2.30340443175013e-05
chrM	6498	6498	0.000576302443522361
chrM	6499	6499	0.00408716217767675
chrM	6500	6500	0.000483503326963369
chrM	6501	6501	0.000506468990285004
chrM	6502	6502	0.000552524345603978
chrM	6503	6503	0.000460542980173625
chrM	6504	6504	0.000461126994374251
chrM	6505	6505	0.00187578157565652
chrM	6506	6506	0.000700656281383563
chrM	6507	6507	2.3384154896642e-05
chrM	6508	6508	0.00161286552441504
chrM	6509	6509	0.000116887974565177
chrM	6510	6510	0.000235072872590503
chrM	6511	6511	0.00924473986004166
chrM	6512	6512	0.00126787349440023
chrM	6513	6513	0.00435515594268053
chrM	6514	6514	0.000445507409491653
chrM	6515	6515	0.000643930360124016
chrM	6516	6516	0.000867762618714747
chrM	6517	6517	9.72691681054398e-05
chrM	6518	6518	0.00194311529960409
chrM	6519	6519	0.00738025179682601
chrM	6520	6520	0.000482299604514324
chrM	6521	6521	0.000819277108433735
chrM	6522	6522	0.0276332442694417
chrM	6523	6523	9.40866538081573e-05
chrM	6524	6524	0.0017141783684779
chrM	6525	6525	0.0017116462285165
chrM	6526	6526	0.000422148737071695
chrM	6527	6527	0.00208856452256354
chrM	6528	6528	0.00532212885154062
chrM	6529	6529	0.0019358149081071
chrM	6530	6530	0.000700051337098054
chrM	6531	6531	0.000746303465646719
chrM	6532	6532	0.00459770114942529
chrM	6533	6533	0.00289929025374588
chrM	6534	6534	0.00125101355264682
chrM	6535	6535	0.000972830241122924
chrM	6536	6536	0.00477971737323358
chrM	6537	6537	0.00370293225948298
chrM	6538	6538	0.00020918557084418
chrM	6539	6539	0.000465939800577765
chrM	6540	6540	0.00042339990120669
chrM	6541	6541	0.00122232147054675
chrM	6542	6542	0.000564679309208978
chrM	6543	6543	4.7132016778998e-05
chrM	6544	6544	0.00437173882386123
chrM	6545	6545	0.00183962264150943
chrM	6546	6546	0.00392497884741939
chrM	6547	6547	0.00131656283061009
chrM	6548	6548	0.000309170471841705
chrM	6549	6549	0.0004047137245566
chrM	6550	6550	0.00294606794963174
chrM	6551	6551	0.00206793278029997
chrM	6552	6552	0.00890979131708931
chrM	6553	6553	0.000758617419752501
chrM	6554	6554	0
chrM	6555	6555	0.00203559931831093
chrM	6556	6556	0.0034167445061698
chrM	6557	6557	0.00275441444100143
chrM	6558	6558	0.00125413865756998
chrM	6559	6559	0.00989360644327334
chrM	6560	6560	0.0104379508136186
chrM	6561	6561	4.96376451901122e-05
chrM	6562	6562	0.00106768634851269
chrM	6563	6563	0.00116607949188706
chrM	6564	6564	0.000545689056454013
chrM	6565	6565	0.00057059217544469
chrM	6566	6566	0.0484857068668413
chrM	6567	6567	0.00116561206527428
chrM	6568	6568	0.0029055228750387
chrM	6569	6569	0.001738923296808
chrM	6570	6570	0.000262060750446694
chrM	6571	6571	0.000334240557704245
chrM	6572	6572	0.00140939276670967
chrM	6573	6573	0.00245825828749452
chrM	6574	6574	0.00175237909801154
chrM	6575	6575	0.000585837381306906
chrM	6576	6576	0.000488686898304257
chrM	6577	6577	0.00022240343983987
chrM	6578	6578	9.89658073135732e-05
chrM	6579	6579	0.000296816641519701
chrM	6580	6580	0.00197682176480763
chrM	6581	6581	0.00430610236220472
chrM	6582	6582	0.0027745721511528
chrM	6583	6583	0.00235710076605775
chrM	6584	6584	0.000737082626962482
chrM	6585	6585	0.0150865220570314
chrM	6586	6586	0.00308611975116641
chrM	6587	6587	0.000974112948396367
chrM	6588	6588	0.00187320585802559
chrM	6589	6589	0.00124114769657589
chrM	6590	6590	2.46925774112302e-05
chrM	6591	6591	0.00277035717819333
chrM	6592	6592	0.000696396791416265
chrM	6593	6593	0.01886074986691
chrM	6594	6594	0.0007120876885125
chrM	6595	6595	0.00158058430632744
chrM	6596	6596	0.00255121762659451
chrM	6597	6597	0.000133297787256732
chrM	6598	6598	0.00474060583335565
chrM	6599	6599	0.000349115127427022
chrM	6600	6600	0.0492353408304941
chrM	6601	6601	0.000948280280895997
chrM	6602	6602	0.00115547567081782
chrM	6603	6603	0.00144406227846772
chrM	6604	6604	0.000659230546106584
chrM	6605	6605	0.00224221161201825
chrM	6606	6606	0.00502182257979702
chrM	6607	6607	0.00293963254593176
chrM	6608	6608	0.0114187838995147
chrM	6609	6609	0.00150571131879543
chrM	6610	6610	0.00238329620226931
chrM	6611	6611	0.0259550215650031
chrM	6612	6612	0.000592020592020592
chrM	6613	6613	0.00108030248469571
chrM	6614	6614	0.000617315705540408
chrM	6615	6615	0.00484565685570711
chrM	6616	6616	0.00336613819153583
chrM	6617	6617	0.000811985960500812
chrM	6618	6618	0.000629128656810318
chrM	6619	6619	0.00232959899486965
chrM	6620	6620	0.000419793251823477
chrM	6621	6621	0.00316497083518611
chrM	6622	6622	0.000863806507342355
chrM	6623	6623	0
chrM	6624	6624	0.000236898212734595
chrM	6625	6625	0.00108122362869198
chrM	6626	6626	0.00105632872950062
chrM	6627	6627	0.00689201630935157
chrM	6628	6628	0.000553812073103194
chrM	6629	6629	0.00507547467522222
chrM	6630	6630	0.00196078431372549
chrM	6631	6631	0.00112624691622868
chrM	6632	6632	0.00108941362311736
chrM	6633	6633	0.00107110488588613
chrM	6634	6634	0.00148229481196816
chrM	6635	6635	8.2363276960246e-05
chrM	6636	6636	0.00299097220316659
chrM	6637	6637	0.00167545594374863
chrM	6638	6638	0.00673159157999283
chrM	6639	6639	0.000854818695712119
chrM	6640	6640	0.00390775496725191
chrM	6641	6641	0.00019321004692244
chrM	6642	6642	0.00283848210102792
chrM	6643	6643	0.00126763668430335
chrM	6644	6644	0.000963656387665198
chrM	6645	6645	0.0029662995413222
chrM	6646	6646	0.00145516446104003
chrM	6647	6647	0.0010152841423593
chrM	6648	6648	0.00290777418115982
chrM	6649	6649	0.00416107750006844
chrM	6650	6650	0.000248262164846077
chrM	6651	6651	0.000469730043380951
chrM	6652	6652	0.000663716814159292
chrM	6653	6653	0.00135700240937162
chrM	6654	6654	2.77207961412652e-05
chrM	6655	6655	0.000443581924036596
chrM	6656	6656	0.00119827225860387
chrM	6657	6657	0.00302233167291655
chrM	6658	6658	0.000979760938331047
chrM	6659	6659	0.00429591609015845
chrM	6660	6660	0.00126667792602601
chrM	6661	6661	0.00228394191456365
chrM	6662	6662	0.000510913683971502
chrM	6663	6663	0.0197867827640098
chrM	6664	6664	0.00184264894745659
chrM	6665	6665	0.0181903113236062
chrM	6666	6666	0.00263475683390054
chrM	6667	6667	0.00208424747696358
chrM	6668	6668	0.00218177801099174
chrM	6669	6669	0.000994282873477504
chrM	6670	6670	0.000828683498149274
chrM	6671	6671	0.00486976847729297
chrM	6672	6672	0.00108496077449508
chrM	6673	6673	0.000668356122420563
chrM	6674	6674	0.00337056742527647
chrM	6675	6675	0.000755244755244755
chrM	6676	6676	0.00370917812421563
chrM	6677	6677	0.000560161326462021
chrM	6678	6678	0.00240633481630712
chrM	6679	6679	2.82055621368534e-05
chrM	6680	6680	0.00188780254148939
chrM	6681	6681	0.00127316452114868
chrM	6682	6682	0.000567891419160656
chrM	6683	6683	0.00142433910665451
chrM	6684	6684	8.55773619351894e-05
chrM	6685	6685	0.00523665083271333
chrM	6686	6686	0.00132587767337292
chrM	6687	6687	0.000693080743906665
chrM	6688	6688	0.000812324117322812
chrM	6689	6689	0.000726849832824538
chrM	6690	6690	2.9268863782708e-05
chrM	6691	6691	0.00122792655829728
chrM	6692	6692	0.00076188243567954
chrM	6693	6693	0.00420978775653394
chrM	6694	6694	0.000353909222284484
chrM	6695	6695	0.00212226610858928
chrM	6696	6696	0.001187106200347
chrM	6697	6697	0.000154995505130351
chrM	6698	6698	0.000186979961980741
chrM	6699	6699	0.00155972174564058
chrM	6700	6700	0.00215234886767734
chrM	6701	6701	0.000530255770430443
chrM	6702	6702	0.000593842787935615
chrM	6703	6703	0.0013565952613812
chrM	6704	6704	9.71282416550652e-05
chrM	6705	6705	0.000814252678891314
chrM	6706	6706	0.000202517973470145
chrM	6707	6707	0.000305188199389624
chrM	6708	6708	0.0058662890664509
chrM	6709	6709	0
chrM	6710	6710	0.00185522498819402
chrM	6711	6711	0.000270215496858745
chrM	6712	6712	0.000135952688464414
chrM	6713	6713	0.00183286945896409
chrM	6714	6714	3.39881721161036e-05
chrM	6715	6715	0.000340240209587969
chrM	6716	6716	0.000238663484486874
chrM	6717	6717	0.000170456482460028
chrM	6718	6718	0.000102294813652948
chrM	6719	6719	6.8331681984352e-05
chrM	6720	6720	0.00221691678035471
chrM	6721	6721	0
chrM	6722	6722	3.41227052480721e-05
chrM	6723	6723	0.000102357637585725
chrM	6724	6724	0.000238973098456917
chrM	6725	6725	0.000238956782958968
chrM	6726	6726	0.00526566109525751
chrM	6727	6727	0.00156191640351771
chrM	6728	6728	0.000237699072973615
chrM	6729	6729	0
chrM	6730	6730	0.000339673913043478
chrM	6731	6731	0.00207617167557265
chrM	6732	6732	0.000204352712782262
chrM	6733	6733	0.000238411498245973
chrM	6734	6734	0.000409025836798691
chrM	6735	6735	0.0010558583106267
chrM	6736	6736	0.00343712778628552
chrM	6737	6737	0.000682756972655583
chrM	6738	6738	0.000137480666781234
chrM	6739	6739	3.43914434088799e-05
chrM	6740	6740	0.000171986791414419
chrM	6741	6741	0.000653707207982109
chrM	6742	6742	6.92712662787476e-05
chrM	6743	6743	0.000694275696879231
chrM	6744	6744	0.000555343445211898
chrM	6745	6745	0.00131820862385958
chrM	6746	6746	0.000243097760027783
chrM	6747	6747	0.000278697091099112
chrM	6748	6748	0.000981801605946913
chrM	6749	6749	0.00695682572976752
chrM	6750	6750	0.000213789417423838
chrM	6751	6751	0
chrM	6752	6752	0.000106970939561419
chrM	6753	6753	0.000427929534270024
chrM	6754	6754	0.00249225620393776
chrM	6755	6755	0.00128013654789844
chrM	6756	6756	0.00944060870790475
chrM	6757	6757	0.00669126157407407
chrM	6758	6758	0.000218954129109951
chrM	6759	6759	0
chrM	6760	6760	0.000404055245371731
chrM	6761	6761	0.0331280294471373
chrM	6762	6762	0.000693557218470524
chrM	6763	6763	0.00681678088400595
chrM	6764	6764	0.00275292498279422
chrM	6765	6765	0.00392891238892561
chrM	6766	6766	0.00216422109682725
chrM	6767	6767	0.0217613491184737
chrM	6768	6768	0.00343673287212676
chrM	6769	6769	0.00479936008532196
chrM	6770	6770	0.0116468158045093
chrM	6771	6771	0.00945904712087529
chrM	6772	6772	0.00378190986448156
chrM	6773	6773	0.00207646819843813
chrM	6774	6774	0.00308922405960385
chrM	6775	6775	0.00583710407239819
chrM	6776	6776	0.0126655925528106
chrM	6777	6777	0.00994955156950673
chrM	6778	6778	0.00159034566630806
chrM	6779	6779	0.000470566091007482
chrM	6780	6780	9.47822378086347e-05
chrM	6781	6781	0.00850621426208591
chrM	6782	6782	0.0106269409937888
chrM	6783	6783	0
chrM	6784	6784	0.000970261485470334
chrM	6785	6785	0.00459003720345944
chrM	6786	6786	0.00290528762347472
chrM	6787	6787	0.000727449078564501
chrM	6788	6788	0.000194269062651773
chrM	6789	6789	0.000340450367200039
chrM	6790	6790	0.000145978297893047
chrM	6791	6791	0.000340500048642864
chrM	6792	6792	0.000730531339794477
chrM	6793	6793	0.00230833456117087
chrM	6794	6794	0.000294796835847295
chrM	6795	6795	0.000196656833824975
chrM	6796	6796	0.000249476100189602
chrM	6797	6797	0.00494606682451986
chrM	6798	6798	0.00117024240735581
chrM	6799	6799	0.00100233879051119
chrM	6800	6800	0.00183516850183517
chrM	6801	6801	0.000333852659692856
chrM	6802	6802	0.000168095478231636
chrM	6803	6803	0.00145495243424734
chrM	6804	6804	0
chrM	6805	6805	0.000735835172921266
chrM	6806	6806	0.000118609892064998
chrM	6807	6807	0
chrM	6808	6808	0.000118645073263333
chrM	6809	6809	0.00071203939951344
chrM	6810	6810	0.000118750742192139
chrM	6811	6811	5.93718458706881e-05
chrM	6812	6812	0.00100836348537873
chrM	6813	6813	0.00106679310140461
chrM	6814	6814	0.000355618776671408
chrM	6815	6815	0.00118441312329741
chrM	6816	6816	0.0351629502572899
chrM	6817	6817	0.0535941916532727
chrM	6818	6818	0.00673906989696463
chrM	6819	6819	0.051485777848403
chrM	6820	6820	0.00682985466069282
chrM	6821	6821	0.00697056870989157
chrM	6822	6822	0.00854946063805371
chrM	6823	6823	0.00527148128624143
chrM	6824	6824	0.00860756528867549
chrM	6825	6825	0.00576063954855396
chrM	6826	6826	0.0170069994793776
chrM	6827	6827	0.000232112806824117
chrM	6828	6828	0.0048661800486618
chrM	6829	6829	0.0064501266989173
chrM	6830	6830	0.00596227713122743
chrM	6831	6831	0.000229726625315874
chrM	6832	6832	0.0238816010763539
chrM	6833	6833	0.000112777715123492
chrM	6834	6834	0.00499579006455234
chrM	6835	6835	0.00050536245718457
chrM	6836	6836	0.000505163897620117
chrM	6837	6837	0.00212909009412819
chrM	6838	6838	0.000504201680672269
chrM	6839	6839	0.00285362578334825
chrM	6840	6840	0
chrM	6841	6841	0
chrM	6842	6842	0.000341374601729631
chrM	6843	6843	0.000511887157319986
chrM	6844	6844	0.000113765642775882
chrM	6845	6845	0.00017061934823409
chrM	6846	6846	0.000398021265707625
chrM	6847	6847	0
chrM	6848	6848	0
chrM	6849	6849	0.000625746629501109
chrM	6850	6850	0.000284495021337127
chrM	6851	6851	0.000398157101416302
chrM	6852	6852	5.68892934349755e-05
chrM	6853	6853	0.000284689403860388
chrM	6854	6854	0.000228349603242564
chrM	6855	6855	0.000970762905436272
chrM	6856	6856	0.000741797432239658
chrM	6857	6857	0.00261795003130158
chrM	6858	6858	0.000796133067955644
chrM	6859	6859	0.000113733295422235
chrM	6860	6860	0.00227053414315718
chrM	6861	6861	0
chrM	6862	6862	0.00317154669536161
chrM	6863	6863	0.00141394717493354
chrM	6864	6864	0.0010173514949415
chrM	6865	6865	0.00118563685636856
chrM	6866	6866	0.000846166864105602
chrM	6867	6867	0.00163371077685764
chrM	6868	6868	0
chrM	6869	6869	0.000850629465804695
chrM	6870	6870	0
chrM	6871	6871	0.000170145190562613
chrM	6872	6872	5.67408079891058e-05
chrM	6873	6873	0.000453771979580261
chrM	6874	6874	5.88062334607468e-05
chrM	6875	6875	0.000411643634225228
chrM	6876	6876	0.00306603773584906
chrM	6877	6877	0.000176876363421968
chrM	6878	6878	0.00252881674900024
chrM	6879	6879	0.000117674746999294
chrM	6880	6880	0.000179200764589929
chrM	6881	6881	0.00299706287837919
chrM	6882	6882	0.000300372461852697
chrM	6883	6883	6.01720921836452e-05
chrM	6884	6884	0.000843475117484034
chrM	6885	6885	6.04047115675023e-05
chrM	6886	6886	0.00102638410915897
chrM	6887	6887	6.21697233447311e-05
chrM	6888	6888	0.00186764614331071
chrM	6889	6889	6.26684213824654e-05
chrM	6890	6890	0
chrM	6891	6891	0.000754574608564422
chrM	6892	6892	0.000315975733063701
chrM	6893	6893	0.000258631837579206
chrM	6894	6894	0
chrM	6895	6895	0
chrM	6896	6896	0
chrM	6897	6897	0
chrM	6898	6898	0
chrM	6899	6899	0
chrM	6900	6900	0
chrM	6901	6901	0
chrM	6902	6902	0
chrM	6903	6903	0.00026647125441343
chrM	6904	6904	0.000133725595078898
chrM	6905	6905	0.000538249344008612
chrM	6906	6906	0
chrM	6907	6907	0.000142065634323057
chrM	6908	6908	0.000142095914742451
chrM	6909	6909	0
chrM	6910	6910	0
chrM	6911	6911	0.000144300144300144
chrM	6912	6912	7.33568075117371e-05
chrM	6913	6913	7.33783387144115e-05
chrM	6914	6914	0
chrM	6915	6915	0
chrM	6916	6916	0.000297641193541186
chrM	6917	6917	0
chrM	6918	6918	7.59359100918825e-05
chrM	6919	6919	0.000154762825969202
chrM	6920	6920	0.00023344486810365
chrM	6921	6921	0.000313455058381005
chrM	6922	6922	0.000235423369693165
chrM	6923	6923	0
chrM	6924	6924	0.000237435694499406
chrM	6925	6925	0
chrM	6926	6926	8.04311107536395e-05
chrM	6927	6927	8.10701256586948e-05
chrM	6928	6928	0
chrM	6929	6929	0
chrM	6930	6930	0.000418971007206301
chrM	6931	6931	8.42105263157895e-05
chrM	6932	6932	8.45952119110058e-05
chrM	6933	6933	0
chrM	6934	6934	0
chrM	6935	6935	0
chrM	6936	6936	0.000173867686690429
chrM	6937	6937	0
chrM	6938	6938	0
chrM	6939	6939	9.0203860725239e-05
chrM	6940	6940	0
chrM	6941	6941	0
chrM	6942	6942	0
chrM	6943	6943	0
chrM	6944	6944	0.000304971027752364
chrM	6945	6945	0
chrM	6946	6946	0
chrM	6947	6947	0.000103960910697578
chrM	6948	6948	0
chrM	6949	6949	0
chrM	6950	6950	0.000209380234505863
chrM	6951	6951	0.00010498687664042
chrM	6952	6952	0
chrM	6953	6953	0
chrM	6954	6954	0
chrM	6955	6955	0
chrM	6956	6956	0
chrM	6957	6957	0
chrM	6958	6958	0
chrM	6959	6959	0
chrM	6960	6960	0
chrM	6961	6961	0
chrM	6962	6962	0.000120394895256441
chrM	6963	6963	0.000361141206211629
chrM	6964	6964	0
chrM	6965	6965	0
chrM	6966	6966	0
chrM	6967	6967	0
chrM	6968	6968	0
chrM	6969	6969	0.000362888593201887
chrM	6970	6970	0
chrM	6971	6971	0
chrM	6972	6972	0.000363636363636364
chrM	6973	6973	0
chrM	6974	6974	0
chrM	6975	6975	0.000122204570450935
chrM	6976	6976	0
chrM	6977	6977	0
chrM	6978	6978	0
chrM	6979	6979	0
chrM	6980	6980	0
chrM	6981	6981	0.00013051422605064
chrM	6982	6982	0
chrM	6983	6983	0
chrM	6984	6984	0
chrM	6985	6985	0.000139431121026213
chrM	6986	6986	0.000156788962057071
chrM	6987	6987	0.00129198966408269
chrM	6988	6988	0.000163585800752495
chrM	6989	6989	0.00016417665407979
chrM	6990	6990	0
chrM	6991	6991	0.000171379605826907
chrM	6992	6992	0.000685635927322592
chrM	6993	6993	0
chrM	6994	6994	0.000188465887674331
chrM	6995	6995	0.000568181818181818
chrM	6996	6996	0
chrM	6997	6997	0
chrM	6998	6998	0
chrM	6999	6999	0.00020708221163802
chrM	7000	7000	0
chrM	7001	7001	0.000209599664640537
chrM	7002	7002	0
chrM	7003	7003	0
chrM	7004	7004	0
chrM	7005	7005	0
chrM	7006	7006	0.000460617227084293
chrM	7007	7007	0
chrM	7008	7008	0
chrM	7009	7009	0
chrM	7010	7010	0
chrM	7011	7011	0
chrM	7012	7012	0
chrM	7013	7013	0.00054525627044711
chrM	7014	7014	0
chrM	7015	7015	0
chrM	7016	7016	0.00466200466200466
chrM	7017	7017	0
chrM	7018	7018	0
chrM	7019	7019	0
chrM	7020	7020	0.000687285223367698
chrM	7021	7021	0
chrM	7022	7022	0.000722543352601156
chrM	7023	7023	0
chrM	7024	7024	0
chrM	7025	7025	0
chrM	7026	7026	0
chrM	7027	7027	0.00164203612479475
chrM	7028	7028	0
chrM	7029	7029	0
chrM	7030	7030	0.000827814569536424
chrM	7031	7031	0
chrM	7032	7032	0
chrM	7033	7033	0.00495458298926507
chrM	7034	7034	0
chrM	7035	7035	0.000833333333333333
chrM	7036	7036	0
chrM	7037	7037	0.00250208507089241
chrM	7038	7038	0.000835421888053467
chrM	7039	7039	0.000841750841750842
chrM	7040	7040	0.00084530853761623
chrM	7041	7041	0.00169779286926995
chrM	7042	7042	0.000852514919011083
chrM	7043	7043	0
chrM	7044	7044	0.000851788756388416
chrM	7045	7045	0.00342465753424658
chrM	7046	7046	0.00342759211653813
chrM	7047	7047	0.000859106529209622
chrM	7048	7048	0
chrM	7049	7049	0
chrM	7050	7050	0
chrM	7051	7051	0.00258620689655172
chrM	7052	7052	0
chrM	7053	7053	0
chrM	7054	7054	0.000867302688638335
chrM	7055	7055	0.000866551126516464
chrM	7056	7056	0
chrM	7057	7057	0
chrM	7058	7058	0
chrM	7059	7059	0
chrM	7060	7060	0
chrM	7061	7061	0
chrM	7062	7062	0
chrM	7063	7063	0.00266429840142096
chrM	7064	7064	0
chrM	7065	7065	0
chrM	7066	7066	0
chrM	7067	7067	0.000896860986547085
chrM	7068	7068	0.000896057347670251
chrM	7069	7069	0
chrM	7070	7070	0.000905797101449275
chrM	7071	7071	0
chrM	7072	7072	0
chrM	7073	7073	0
chrM	7074	7074	0
chrM	7075	7075	0
chrM	7076	7076	0
chrM	7077	7077	0
chrM	7078	7078	0.000925925925925926
chrM	7079	7079	0
chrM	7080	7080	0.0112359550561798
chrM	7081	7081	0
chrM	7082	7082	0.000935453695042095
chrM	7083	7083	0
chrM	7084	7084	0
chrM	7085	7085	0
chrM	7086	7086	0
chrM	7087	7087	0.00279850746268657
chrM	7088	7088	0
chrM	7089	7089	0
chrM	7090	7090	0
chrM	7091	7091	0
chrM	7092	7092	0
chrM	7093	7093	0.0027906976744186
chrM	7094	7094	0.000929368029739777
chrM	7095	7095	0.00278035217794254
chrM	7096	7096	0
chrM	7097	7097	0.00185185185185185
chrM	7098	7098	0
chrM	7099	7099	0
chrM	7100	7100	0.00092678405931418
chrM	7101	7101	0.000925925925925926
chrM	7102	7102	0
chrM	7103	7103	0.000925069380203515
chrM	7104	7104	0.000924214417744917
chrM	7105	7105	0.000923361034164358
chrM	7106	7106	0
chrM	7107	7107	0
chrM	7108	7108	0
chrM	7109	7109	0
chrM	7110	7110	0.0018450184501845
chrM	7111	7111	0.00459136822773186
chrM	7112	7112	0.01
chrM	7113	7113	0.000908265213442325
chrM	7114	7114	0.00361990950226244
chrM	7115	7115	0.00718778077268643
chrM	7116	7116	0
chrM	7117	7117	0
chrM	7118	7118	0
chrM	7119	7119	0
chrM	7120	7120	0
chrM	7121	7121	0.000898472596585804
chrM	7122	7122	0.00269058295964126
chrM	7123	7123	0
chrM	7124	7124	0
chrM	7125	7125	0
chrM	7126	7126	0.0017905102954342
chrM	7127	7127	0.00267857142857143
chrM	7128	7128	0.000892060660124889
chrM	7129	7129	0
chrM	7130	7130	0
chrM	7131	7131	0
chrM	7132	7132	0
chrM	7133	7133	0.00178094390026714
chrM	7134	7134	0
chrM	7135	7135	0
chrM	7136	7136	0
chrM	7137	7137	0.000890471950133571
chrM	7138	7138	0.000889679715302491
chrM	7139	7139	0.000889679715302491
chrM	7140	7140	0
chrM	7141	7141	0
chrM	7142	7142	0.000888888888888889
chrM	7143	7143	0
chrM	7144	7144	0
chrM	7145	7145	0
chrM	7146	7146	0
chrM	7147	7147	0
chrM	7148	7148	0
chrM	7149	7149	0
chrM	7150	7150	0
chrM	7151	7151	0
chrM	7152	7152	0
chrM	7153	7153	0
chrM	7154	7154	0
chrM	7155	7155	0
chrM	7156	7156	0
chrM	7157	7157	0
chrM	7158	7158	0.000890471950133571
chrM	7159	7159	0
chrM	7160	7160	0
chrM	7161	7161	0
chrM	7162	7162	0.00089126559714795
chrM	7163	7163	0.000890471950133571
chrM	7164	7164	0
chrM	7165	7165	0
chrM	7166	7166	0
chrM	7167	7167	0.000893655049151028
chrM	7168	7168	0.000892857142857143
chrM	7169	7169	0
chrM	7170	7170	0
chrM	7171	7171	0
chrM	7172	7172	0.000895255147717099
chrM	7173	7173	0
chrM	7174	7174	0
chrM	7175	7175	0
chrM	7176	7176	0
chrM	7177	7177	0
chrM	7178	7178	0
chrM	7179	7179	0
chrM	7180	7180	0
chrM	7181	7181	0
chrM	7182	7182	0.000897666068222621
chrM	7183	7183	0
chrM	7184	7184	0
chrM	7185	7185	0
chrM	7186	7186	0
chrM	7187	7187	0
chrM	7188	7188	0
chrM	7189	7189	0
chrM	7190	7190	0.0018018018018018
chrM	7191	7191	0
chrM	7192	7192	0
chrM	7193	7193	0
chrM	7194	7194	0
chrM	7195	7195	0
chrM	7196	7196	0
chrM	7197	7197	0.000903342366757001
chrM	7198	7198	0
chrM	7199	7199	0
chrM	7200	7200	0
chrM	7201	7201	0
chrM	7202	7202	0
chrM	7203	7203	0
chrM	7204	7204	0
chrM	7205	7205	0
chrM	7206	7206	0
chrM	7207	7207	0
chrM	7208	7208	0
chrM	7209	7209	0
chrM	7210	7210	0
chrM	7211	7211	0
chrM	7212	7212	0
chrM	7213	7213	0
chrM	7214	7214	0
chrM	7215	7215	0
chrM	7216	7216	0
chrM	7217	7217	0
chrM	7218	7218	0.000910746812386157
chrM	7219	7219	0
chrM	7220	7220	0
chrM	7221	7221	0
chrM	7222	7222	0.000911577028258888
chrM	7223	7223	0
chrM	7224	7224	0
chrM	7225	7225	0
chrM	7226	7226	0
chrM	7227	7227	0
chrM	7228	7228	0
chrM	7229	7229	0
chrM	7230	7230	0
chrM	7231	7231	0
chrM	7232	7232	0
chrM	7233	7233	0
chrM	7234	7234	0
chrM	7235	7235	0
chrM	7236	7236	0
chrM	7237	7237	0
chrM	7238	7238	0
chrM	7239	7239	0
chrM	7240	7240	0
chrM	7241	7241	0
chrM	7242	7242	0
chrM	7243	7243	0
chrM	7244	7244	0
chrM	7245	7245	0
chrM	7246	7246	0
chrM	7247	7247	0
chrM	7248	7248	0
chrM	7249	7249	0
chrM	7250	7250	0
chrM	7251	7251	0
chrM	7252	7252	0
chrM	7253	7253	0
chrM	7254	7254	0
chrM	7255	7255	0
chrM	7256	7256	0
chrM	7257	7257	0
chrM	7258	7258	0
chrM	7259	7259	0
chrM	7260	7260	0
chrM	7261	7261	0
chrM	7262	7262	0
chrM	7263	7263	0
chrM	7264	7264	0
chrM	7265	7265	0
chrM	7266	7266	0
chrM	7267	7267	0
chrM	7268	7268	0
chrM	7269	7269	0
chrM	7270	7270	0
chrM	7271	7271	0
chrM	7272	7272	0
chrM	7273	7273	0
chrM	7274	7274	0
chrM	7275	7275	0
chrM	7276	7276	0
chrM	7277	7277	0
chrM	7278	7278	0
chrM	7279	7279	0
chrM	7280	7280	0
chrM	7281	7281	0
chrM	7282	7282	0
chrM	7283	7283	0
chrM	7284	7284	0
chrM	7285	7285	0
chrM	7286	7286	0
chrM	7287	7287	0.00105708245243129
chrM	7288	7288	0.00106157112526539
chrM	7289	7289	0
chrM	7290	7290	0
chrM	7291	7291	0
chrM	7292	7292	0.00108108108108108
chrM	7293	7293	0
chrM	7294	7294	0
chrM	7295	7295	0
chrM	7296	7296	0
chrM	7297	7297	0
chrM	7298	7298	0
chrM	7299	7299	0
chrM	7300	7300	0
chrM	7301	7301	0
chrM	7302	7302	0
chrM	7303	7303	0
chrM	7304	7304	0
chrM	7305	7305	0
chrM	7306	7306	0
chrM	7307	7307	0
chrM	7308	7308	0
chrM	7309	7309	0
chrM	7310	7310	0
chrM	7311	7311	0
chrM	7312	7312	0
chrM	7313	7313	0
chrM	7314	7314	0
chrM	7315	7315	0
chrM	7316	7316	0
chrM	7317	7317	0
chrM	7318	7318	0
chrM	7319	7319	0
chrM	7320	7320	0.00109529025191676
chrM	7321	7321	0
chrM	7322	7322	0
chrM	7323	7323	0
chrM	7324	7324	0
chrM	7325	7325	0
chrM	7326	7326	0
chrM	7327	7327	0.0010989010989011
chrM	7328	7328	0.00109769484083425
chrM	7329	7329	0.00545851528384279
chrM	7330	7330	0
chrM	7331	7331	0.00109051254089422
chrM	7332	7332	0.00108932461873638
chrM	7333	7333	0
chrM	7334	7334	0.00756756756756757
chrM	7335	7335	0
chrM	7336	7336	0
chrM	7337	7337	0.00107991360691145
chrM	7338	7338	0
chrM	7339	7339	0.00537056928034372
chrM	7340	7340	0.00214362272240086
chrM	7341	7341	0.00107066381156317
chrM	7342	7342	0.00426894343649947
chrM	7343	7343	0.00212992545260916
chrM	7344	7344	0.00212539851222104
chrM	7345	7345	0.00106157112526539
chrM	7346	7346	0
chrM	7347	7347	0.00842105263157895
chrM	7348	7348	0
chrM	7349	7349	0.0196078431372549
chrM	7350	7350	0.00103092783505155
chrM	7351	7351	0
chrM	7352	7352	0.00103092783505155
chrM	7353	7353	0.00102986611740474
chrM	7354	7354	0
chrM	7355	7355	0
chrM	7356	7356	0.00102986611740474
chrM	7357	7357	0
chrM	7358	7358	0
chrM	7359	7359	0
chrM	7360	7360	0
chrM	7361	7361	0
chrM	7362	7362	0.00817160367722165
chrM	7363	7363	0.00910931174089069
chrM	7364	7364	0
chrM	7365	7365	0
chrM	7366	7366	0.00202020202020202
chrM	7367	7367	0.0303623898139079
chrM	7368	7368	0.00390243902439024
chrM	7369	7369	0.0953221535745808
chrM	7370	7370	0
chrM	7371	7371	0.00526777875329236
chrM	7372	7372	0.00437062937062937
chrM	7373	7373	0.00694444444444444
chrM	7374	7374	0.0103092783505155
chrM	7375	7375	0.0259414225941423
chrM	7376	7376	0.0180772391125719
chrM	7377	7377	0.000821018062397373
chrM	7378	7378	0.115468409586057
chrM	7379	7379	0.00433839479392625
chrM	7380	7380	0.00860215053763441
chrM	7381	7381	0.00499286733238231
chrM	7382	7382	0.0049680624556423
chrM	7383	7383	0.00353606789250354
chrM	7384	7384	0.0125698324022346
chrM	7385	7385	0.000697836706210747
chrM	7386	7386	0
chrM	7387	7387	0.00416956219596942
chrM	7388	7388	0
chrM	7389	7389	0.00346260387811634
chrM	7390	7390	0.00207325501036628
chrM	7391	7391	0.134051466187911
chrM	7392	7392	0.00238805970149254
chrM	7393	7393	0
chrM	7394	7394	0
chrM	7395	7395	0
chrM	7396	7396	0.00238237045860631
chrM	7397	7397	0.00178359096313912
chrM	7398	7398	0.00237247924080664
chrM	7399	7399	0
chrM	7400	7400	0.000592768227622999
chrM	7401	7401	0.00118413262285376
chrM	7402	7402	0
chrM	7403	7403	0.0117027501462844
chrM	7404	7404	0.00349854227405248
chrM	7405	7405	0.00290697674418605
chrM	7406	7406	0.000581057524694945
chrM	7407	7407	0.0727370689655172
chrM	7408	7408	0.0021505376344086
chrM	7409	7409	0.00694073678590497
chrM	7410	7410	0.00478214665249734
chrM	7411	7411	0.00212089077412513
chrM	7412	7412	0.00527426160337553
chrM	7413	7413	0.00576822233875197
chrM	7414	7414	0.00625325690463783
chrM	7415	7415	0.00104112441436752
chrM	7416	7416	0.000520291363163372
chrM	7417	7417	0.00978876867594024
chrM	7418	7418	0.00614439324116743
chrM	7419	7419	0.00812595226003047
chrM	7420	7420	0.074283027738599
chrM	7421	7421	0.0588495575221239
chrM	7422	7422	0.0173988690735102
chrM	7423	7423	0.153222836095764
chrM	7424	7424	0.150015659254619
chrM	7425	7425	0.0148102437519284
chrM	7426	7426	0.0127931769722814
chrM	7427	7427	0.00635593220338983
chrM	7428	7428	0.24926153147012
chrM	7429	7429	0.0143337066069429
chrM	7430	7430	0.00490305326498774
chrM	7431	7431	0.0228658536585366
chrM	7432	7432	0.0105580693815988
chrM	7433	7433	0.00748502994011976
chrM	7434	7434	0.00911210002119093
chrM	7435	7435	0.00757097791798107
chrM	7436	7436	0.0366693679092382
chrM	7437	7437	0.0221870047543582
chrM	7438	7438	0.02416392808815
chrM	7439	7439	0.0453958294888356
chrM	7440	7440	0.052953512757777
chrM	7441	7441	0.00174459176552687
chrM	7442	7442	0.00606901335182937
chrM	7443	7443	0.0291245791245791
chrM	7444	7444	0.0068561872909699
chrM	7445	7445	0.0638697557921102
chrM	7446	7446	0.000156519017060573
chrM	7447	7447	0.0245801526717557
chrM	7448	7448	0.0523726851851852
chrM	7449	7449	0.00346020761245675
chrM	7450	7450	0.0015834173024327
chrM	7451	7451	0.00186781609195402
chrM	7452	7452	0.004149377593361
chrM	7453	7453	0.00171404085130696
chrM	7454	7454	0.00171135196805476
chrM	7455	7455	0.0027027027027027
chrM	7456	7456	0.00113668655868144
chrM	7457	7457	0.00170212765957447
chrM	7458	7458	0.0243564904511486
chrM	7459	7459	0.00207153708051374
chrM	7460	7460	0.000552104899930987
chrM	7461	7461	0.00630914826498423
chrM	7462	7462	0.00150664292562663
chrM	7463	7463	0.0572055785123967
chrM	7464	7464	0.0032179173638821
chrM	7465	7465	0.00435729847494553
chrM	7466	7466	0.00332183467484349
chrM	7467	7467	0.000510790448218618
chrM	7468	7468	0.0143504531722054
chrM	7469	7469	0.00811688311688312
chrM	7470	7470	0.000623986022713091
chrM	7471	7471	0.00199277618632457
chrM	7472	7472	0.00074673304293715
chrM	7473	7473	0.000870430241233524
chrM	7474	7474	0.00173783515392254
chrM	7475	7475	0.00222993062438057
chrM	7476	7476	0.00750030738964712
chrM	7477	7477	0.00184094256259205
chrM	7478	7478	0.000368052999631947
chrM	7479	7479	0.000613045610593428
chrM	7480	7480	0.000857527869655764
chrM	7481	7481	0.000612219909391453
chrM	7482	7482	0.0020772238514174
chrM	7483	7483	0.0314792899408284
chrM	7484	7484	0.0181289947704823
chrM	7485	7485	0.00531853393455891
chrM	7486	7486	0.0593865564498586
chrM	7487	7487	0.0135352884305511
chrM	7488	7488	0.00820458177943527
chrM	7489	7489	0.00445717924227953
chrM	7490	7490	0.0307549886854557
chrM	7491	7491	0.0486348957823662
chrM	7492	7492	0.00185601250366318
chrM	7493	7493	0.00214466757652564
chrM	7494	7494	0.00398096902611904
chrM	7495	7495	0.000582354653984276
chrM	7496	7496	0.017076893722572
chrM	7497	7497	0.0116970097160645
chrM	7498	7498	0.000848336318220379
chrM	7499	7499	0.00831931202093849
chrM	7500	7500	0.00195932076880015
chrM	7501	7501	0.00269867857807556
chrM	7502	7502	0.00306179254035999
chrM	7503	7503	0.0026846880207369
chrM	7504	7504	0.00267749976918105
chrM	7505	7505	0.000369446753486654
chrM	7506	7506	0.0104195228955306
chrM	7507	7507	0.0472914126458805
chrM	7508	7508	0.000174216027874564
chrM	7509	7509	0.000696439453295029
chrM	7510	7510	0.00329746615758417
chrM	7511	7511	0.000607217210270645
chrM	7512	7512	0.000260213374967473
chrM	7513	7513	0.00250951886465905
chrM	7514	7514	0.00508664540046556
chrM	7515	7515	0.00120616869130697
chrM	7516	7516	0.00249226538329323
chrM	7517	7517	0.0351620947630923
chrM	7518	7518	0.00356698465367068
chrM	7519	7519	0.00511762278167561
chrM	7520	7520	0.00964603940161857
chrM	7521	7521	0.0226927686775869
chrM	7522	7522	0.00413815056501671
chrM	7523	7523	0.000159159637116027
chrM	7524	7524	0.0043581616481775
chrM	7525	7525	0.0131475974330881
chrM	7526	7526	0.0109932646899435
chrM	7527	7527	0.00439475713184271
chrM	7528	7528	0.00407034789954689
chrM	7529	7529	0.00107427869858809
chrM	7530	7530	0.00435546725758386
chrM	7531	7531	0.00961101861661874
chrM	7532	7532	0.000151400454201363
chrM	7533	7533	7.57403620389305e-05
chrM	7534	7534	0.000227221086116792
chrM	7535	7535	0.016536312849162
chrM	7536	7536	0.00133988387673068
chrM	7537	7537	0.000223297357647935
chrM	7538	7538	0.0011153245594468
chrM	7539	7539	0.000223048327137546
chrM	7540	7540	0.00178120825293157
chrM	7541	7541	0.000445103857566766
chrM	7542	7542	7.41894799317457e-05
chrM	7543	7543	0.000148389968838107
chrM	7544	7544	7.42059958444642e-05
chrM	7545	7545	0.000741509713777251
chrM	7546	7546	0.00852815762387884
chrM	7547	7547	0.0215582724444766
chrM	7548	7548	0.00360412311684567
chrM	7549	7549	0.00273224043715847
chrM	7550	7550	0.0392373583862946
chrM	7551	7551	0.0143139526957944
chrM	7552	7552	0.00312627429658828
chrM	7553	7553	0.00068073519400953
chrM	7554	7554	0.00265215912954777
chrM	7555	7555	0.00413363149691672
chrM	7556	7556	0.00324302411999189
chrM	7557	7557	0.00155373910693778
chrM	7558	7558	0.00249662618083671
chrM	7559	7559	0.000674536256323777
chrM	7560	7560	0
chrM	7561	7561	0.00188628402047966
chrM	7562	7562	0.00463398253861652
chrM	7563	7563	0.000336021505376344
chrM	7564	7564	0.000335908632851864
chrM	7565	7565	0.00514774702500334
chrM	7566	7566	0.000133868808567604
chrM	7567	7567	0.000468478115379467
chrM	7568	7568	0
chrM	7569	7569	0.00614521408055574
chrM	7570	7570	0.00186903410987251
chrM	7571	7571	0.00551128818061089
chrM	7572	7572	0.00152813766527141
chrM	7573	7573	0.00139571979263592
chrM	7574	7574	0.00469887491727333
chrM	7575	7575	0.00211444429760804
chrM	7576	7576	0.00780327868852459
chrM	7577	7577	0.000262691272082485
chrM	7578	7578	0
chrM	7579	7579	0
chrM	7580	7580	0.00295741324921136
chrM	7581	7581	0.000662910175671197
chrM	7582	7582	0.0016551906779661
chrM	7583	7583	0.00441835927195991
chrM	7584	7584	6.59674120984234e-05
chrM	7585	7585	6.59674120984234e-05
chrM	7586	7586	0.000923970432946146
chrM	7587	7587	0.000660676532769556
chrM	7588	7588	0.000793598306990278
chrM	7589	7589	0.00138732906124067
chrM	7590	7590	0.000924397490921096
chrM	7591	7591	0.000198216055500496
chrM	7592	7592	0.00118811881188119
chrM	7593	7593	0.0235681539355589
chrM	7594	7594	0.0782312925170068
chrM	7595	7595	0.000895896792689482
chrM	7596	7596	0.00119338862700638
chrM	7597	7597	0.0112120854478933
chrM	7598	7598	0.00123871881082994
chrM	7599	7599	0.00124695683154207
chrM	7600	7600	0.0189327740883141
chrM	7601	7601	0.00123820754716981
chrM	7602	7602	0.00118743691741376
chrM	7603	7603	5.94954783436459e-05
chrM	7604	7604	0.00107636189678885
chrM	7605	7605	0.000959002637257252
chrM	7606	7606	0.000300120048019208
chrM	7607	7607	0.00466311950738327
chrM	7608	7608	0.00209255052014827
chrM	7609	7609	0.00192910537738124
chrM	7610	7610	0.0170356740072416
chrM	7611	7611	0.00157824450649508
chrM	7612	7612	0.00182027789575875
chrM	7613	7613	0.00579091740323072
chrM	7614	7614	0.00800679364309111
chrM	7615	7615	0.0167557504053811
chrM	7616	7616	0.00586720948332635
chrM	7617	7617	0.00209731543624161
chrM	7618	7618	0.00108049702863317
chrM	7619	7619	0.000840790342922347
chrM	7620	7620	0.0056951022120976
chrM	7621	7621	0.0393300606410627
chrM	7622	7622	0.000115613619284352
chrM	7623	7623	0.0267867191896455
chrM	7624	7624	0.00783435926133184
chrM	7625	7625	0.011595650244119
chrM	7626	7626	0.0020509977827051
chrM	7627	7627	0.00140694467893522
chrM	7628	7628	0.0039945988522561
chrM	7629	7629	0.00481738740757338
chrM	7630	7630	0.0068489336822763
chrM	7631	7631	0.000390581408324964
chrM	7632	7632	0.000842743974380583
chrM	7633	7633	0.00185122854257826
chrM	7634	7634	0.000448606516009645
chrM	7635	7635	0.00235083398634277
chrM	7636	7636	0.000168189718001906
chrM	7637	7637	0.00241193628000897
chrM	7638	7638	0.0420854608976082
chrM	7639	7639	0.00667449807774455
chrM	7640	7640	0.000800897004645203
chrM	7641	7641	0.000964785335262904
chrM	7642	7642	0.00048717115946736
chrM	7643	7643	0.00108254397834912
chrM	7644	7644	0.000811556565492615
chrM	7645	7645	0.00742654181465935
chrM	7646	7646	0.00102243986439219
chrM	7647	7647	0.000107631040792164
chrM	7648	7648	0.0032209576980889
chrM	7649	7649	0.0286687631027254
chrM	7650	7650	0.00185293027688072
chrM	7651	7651	0.002324352879028
chrM	7652	7652	0.00547195622435021
chrM	7653	7653	0.000683598885207972
chrM	7654	7654	5.26260393642774e-05
chrM	7655	7655	0.000526620675127705
chrM	7656	7656	0.00705671704671125
chrM	7657	7657	0.00477489768076398
chrM	7658	7658	0.00397198703877914
chrM	7659	7659	0.000156797156744891
chrM	7660	7660	0.000472391349989502
chrM	7661	7661	0.00227935329976146
chrM	7662	7662	0.000371234620280017
chrM	7663	7663	0.00212066588908917
chrM	7664	7664	0.00180027533622789
chrM	7665	7665	0.0119078843833604
chrM	7666	7666	0.000368848139951523
chrM	7667	7667	0.00633839706652698
chrM	7668	7668	0.00246693260550073
chrM	7669	7669	0.000472962320668453
chrM	7670	7670	0.00300902708124373
chrM	7671	7671	0.00540937975946641
chrM	7672	7672	0.00232754972492594
chrM	7673	7673	0.00295483326298016
chrM	7674	7674	0.000904014889657006
chrM	7675	7675	0.00435036341450475
chrM	7676	7676	0.00171618577711037
chrM	7677	7677	0.00422821665596232
chrM	7678	7678	0.0134713931005336
chrM	7679	7679	0.018186555497655
chrM	7680	7680	0.0140547775947282
chrM	7681	7681	0.016991276120917
chrM	7682	7682	0.0175218395421227
chrM	7683	7683	0.000308928019771393
chrM	7684	7684	0.00252148407348325
chrM	7685	7685	0.00226488907191023
chrM	7686	7686	0.00770613922424865
chrM	7687	7687	0.004790604234276
chrM	7688	7688	0.0201494798505201
chrM	7689	7689	0.023344379049409
chrM	7690	7690	0.00207910499480224
chrM	7691	7691	0.00148411991688928
chrM	7692	7692	0.00134028294862249
chrM	7693	7693	0.00273918023805966
chrM	7694	7694	0.0044243388347584
chrM	7695	7695	0.000844972414135891
chrM	7696	7696	0.00267790726506323
chrM	7697	7697	0.00104099538987756
chrM	7698	7698	0.0090019184416351
chrM	7699	7699	0.0117841838722244
chrM	7700	7700	0.00518486214081504
chrM	7701	7701	0.000242789161891813
chrM	7702	7702	0.00135803666699001
chrM	7703	7703	0.000387935214819125
chrM	7704	7704	0.00559413580246914
chrM	7705	7705	0.00932969714367734
chrM	7706	7706	0.00329119961841164
chrM	7707	7707	0.00720037896731407
chrM	7708	7708	0.000189465706707086
chrM	7709	7709	0.000804848025755137
chrM	7710	7710	0.000947552944520775
chrM	7711	7711	0.000904632671523116
chrM	7712	7712	0.000951520053285123
chrM	7713	7713	0.000190340233166786
chrM	7714	7714	0.000571265352756355
chrM	7715	7715	0.00118923033013034
chrM	7716	7716	0.000429389312977099
chrM	7717	7717	0.00100095328884652
chrM	7718	7718	0.000763686697532337
chrM	7719	7719	0.00200085751036158
chrM	7720	7720	0.00185511106882938
chrM	7721	7721	0.00161750713606089
chrM	7722	7722	0.000855838721947509
chrM	7723	7723	0.00937411229997159
chrM	7724	7724	0.00190539703710761
chrM	7725	7725	0.00526665401404441
chrM	7726	7726	0.000675447483958122
chrM	7727	7727	0.000819751181406114
chrM	7728	7728	0.0170546318289786
chrM	7729	7729	0.00080871509442938
chrM	7730	7730	0.000380481308855702
chrM	7731	7731	0.0266438070524999
chrM	7732	7732	0.00674011063078139
chrM	7733	7733	0.0216174395849452
chrM	7734	7734	0.00154714233709501
chrM	7735	7735	0.00172963131543013
chrM	7736	7736	0.000957286775766969
chrM	7737	7737	0.00141223634458567
chrM	7738	7738	0.00440348647176321
chrM	7739	7739	0.00200409929401048
chrM	7740	7740	0.00154735357029081
chrM	7741	7741	0.00839729119638826
chrM	7742	7742	0.00855696429371444
chrM	7743	7743	0.0010794279032113
chrM	7744	7744	0.00390800467163777
chrM	7745	7745	0.00642119443197126
chrM	7746	7746	0.00658395664442155
chrM	7747	7747	0.000269251480883145
chrM	7748	7748	0.00268732924262104
chrM	7749	7749	0.0295319709953856
chrM	7750	7750	0.00420333639826612
chrM	7751	7751	0.000307314074984634
chrM	7752	7752	0.00280751008948938
chrM	7753	7753	0.00105950909411972
chrM	7754	7754	0.000485973050585377
chrM	7755	7755	0.00211686879823594
chrM	7756	7756	0.000593201003878622
chrM	7757	7757	0.00324097320491167
chrM	7758	7758	0.0010500365230095
chrM	7759	7759	0.00618238021638331
chrM	7760	7760	0.000139107854956877
chrM	7761	7761	0.00954576896472216
chrM	7762	7762	0.00501333823935241
chrM	7763	7763	0.00730693702333653
chrM	7764	7764	0.00364547732968786
chrM	7765	7765	0.00163829980886502
chrM	7766	7766	0.00200291332847779
chrM	7767	7767	0.0016852653154179
chrM	7768	7768	0.0456009050561309
chrM	7769	7769	0.0257044204782813
chrM	7770	7770	0.0172710123663802
chrM	7771	7771	0.00113141133087496
chrM	7772	7772	0.00138196741907115
chrM	7773	7773	0.00246542141991559
chrM	7774	7774	0.00375406690581463
chrM	7775	7775	0.00180452389945025
chrM	7776	7776	0.000922470543838316
chrM	7777	7777	0.00943945442448436
chrM	7778	7778	0.00636574074074074
chrM	7779	7779	0.000496195831955012
chrM	7780	7780	0.00553101911090932
chrM	7781	7781	0.0011563558272074
chrM	7782	7782	0.000289148663720104
chrM	7783	7783	0
chrM	7784	7784	0.000911539258338513
chrM	7785	7785	0.00384261966418846
chrM	7786	7786	0.000292483182217023
chrM	7787	7787	8.3559640693545e-05
chrM	7788	7788	0.000417728392998872
chrM	7789	7789	0.00461884154460719
chrM	7790	7790	0.00207684319833853
chrM	7791	7791	0.00178312253783952
chrM	7792	7792	0.00207271069104174
chrM	7793	7793	0.000248725282925009
chrM	7794	7794	0.000207331232376845
chrM	7795	7795	0.00343003554012728
chrM	7796	7796	0.00463441883560227
chrM	7797	7797	0.000951199338296112
chrM	7798	7798	0.000537389938406845
chrM	7799	7799	0.00243399339933993
chrM	7800	7800	0.0273774055882116
chrM	7801	7801	0.0223895305293863
chrM	7802	7802	0.00252485403187628
chrM	7803	7803	0.000236761108041986
chrM	7804	7804	0.00475236636424335
chrM	7805	7805	0.00515907136715391
chrM	7806	7806	0.00737291424136593
chrM	7807	7807	0.00671944390809037
chrM	7808	7808	0.00178633839462545
chrM	7809	7809	0.00023297351867671
chrM	7810	7810	0.000969894475481068
chrM	7811	7811	0.000505050505050505
chrM	7812	7812	0.000469189865498905
chrM	7813	7813	0.00229976209357653
chrM	7814	7814	7.93871313460088e-05
chrM	7815	7815	0
chrM	7816	7816	0.00103618683245656
chrM	7817	7817	0.00265349444807315
chrM	7818	7818	0.0216982265102686
chrM	7819	7819	0.00155962568983444
chrM	7820	7820	0.00322992264135896
chrM	7821	7821	0.000519418251558255
chrM	7822	7822	0.011592024054439
chrM	7823	7823	0.000691788068690486
chrM	7824	7824	0.000366613711352805
chrM	7825	7825	0.00118054142072054
chrM	7826	7826	0.000896312894683235
chrM	7827	7827	0.0119676028528831
chrM	7828	7828	0.00514024365564415
chrM	7829	7829	0.000528949831142939
chrM	7830	7830	0.0104296701969154
chrM	7831	7831	0.00771753039027511
chrM	7832	7832	0.0494925305051887
chrM	7833	7833	0.00220289414713814
chrM	7834	7834	0.00113847671815111
chrM	7835	7835	0
chrM	7836	7836	0.00479969765684051
chrM	7837	7837	0.00884889388826397
chrM	7838	7838	0.00231983835964978
chrM	7839	7839	0.000897464662328921
chrM	7840	7840	0.00557807444870031
chrM	7841	7841	0.000854732617339923
chrM	7842	7842	0.00107682596264528
chrM	7843	7843	0.00133903663753022
chrM	7844	7844	7.5340917652377e-05
chrM	7845	7845	0.00170132325141777
chrM	7846	7846	0.00237816616964252
chrM	7847	7847	0.0207572482671238
chrM	7848	7848	0.00153788447111778
chrM	7849	7849	0.00739661548806455
chrM	7850	7850	0.00439855369590338
chrM	7851	7851	0.00204696862555361
chrM	7852	7852	0.000412247498407226
chrM	7853	7853	0.00194508865115583
chrM	7854	7854	0.00887782771813826
chrM	7855	7855	0.00429184549356223
chrM	7856	7856	0.0056295533151814
chrM	7857	7857	0.000515482897013881
chrM	7858	7858	0.00184033273215797
chrM	7859	7859	0.00132807024015937
chrM	7860	7860	0.0211997544151107
chrM	7861	7861	0.0179898318341807
chrM	7862	7862	0.00234300117150059
chrM	7863	7863	0.00149306789904017
chrM	7864	7864	0.000178069019551978
chrM	7865	7865	0.00333842383776681
chrM	7866	7866	3.56226845255058e-05
chrM	7867	7867	0.000463028921498789
chrM	7868	7868	0.00135231316725979
chrM	7869	7869	0.000142546594918214
chrM	7870	7870	7.12910814857061e-05
chrM	7871	7871	3.60321406694772e-05
chrM	7872	7872	0.000470826844373619
chrM	7873	7873	0
chrM	7874	7874	0.000799854571896019
chrM	7875	7875	0
chrM	7876	7876	0.00010924186148132
chrM	7877	7877	0
chrM	7878	7878	3.65697568111172e-05
chrM	7879	7879	0.000478856637689701
chrM	7880	7880	0
chrM	7881	7881	7.38743397480885e-05
chrM	7882	7882	0
chrM	7883	7883	0.000370727367094239
chrM	7884	7884	0.00115284492376348
chrM	7885	7885	7.44962193168697e-05
chrM	7886	7886	0.000186400238592305
chrM	7887	7887	0
chrM	7888	7888	0
chrM	7889	7889	0.0041652720443304
chrM	7890	7890	3.72981239043676e-05
chrM	7891	7891	3.73064726730088e-05
chrM	7892	7892	7.46296503600881e-05
chrM	7893	7893	3.73315414193452e-05
chrM	7894	7894	0.00011203644919147
chrM	7895	7895	3.82863049887055e-05
chrM	7896	7896	0.000114894105932366
chrM	7897	7897	0.000114924915721728
chrM	7898	7898	0.000191607587660471
chrM	7899	7899	0.000651565673987199
chrM	7900	7900	0.00127324639246855
chrM	7901	7901	0
chrM	7902	7902	0.0059984520123839
chrM	7903	7903	0.00248090863278676
chrM	7904	7904	0.0095603762718372
chrM	7905	7905	0.00647509578544061
chrM	7906	7906	0.00134058526122261
chrM	7907	7907	0.00126567713726844
chrM	7908	7908	0.000115357994309006
chrM	7909	7909	0.0011522507297588
chrM	7910	7910	0.00257642761007499
chrM	7911	7911	0.000115460108532502
chrM	7912	7912	0.00211245967122446
chrM	7913	7913	0.000691031941031941
chrM	7914	7914	0.000384349296640787
chrM	7915	7915	0.00406270361427312
chrM	7916	7916	0.00672397325692455
chrM	7917	7917	0.0205091672603202
chrM	7918	7918	0.0276825443139543
chrM	7919	7919	0.0004023997658765
chrM	7920	7920	0.00153469507070559
chrM	7921	7921	0.00543717854518736
chrM	7922	7922	0.012841440853194
chrM	7923	7923	0.000364126278993555
chrM	7924	7924	0.0009097856544998
chrM	7925	7925	0.000909157029602153
chrM	7926	7926	0.00160058202982903
chrM	7927	7927	0.00174672489082969
chrM	7928	7928	0.00303351485691312
chrM	7929	7929	0.000494277784114672
chrM	7930	7930	7.61411657212472e-05
chrM	7931	7931	0.00155899463857941
chrM	7932	7932	0.000345901072293324
chrM	7933	7933	0.0512998393456988
chrM	7934	7934	0.00499981752490785
chrM	7935	7935	0.00346209912536443
chrM	7936	7936	0.000583600817041144
chrM	7937	7937	0.0012045993794488
chrM	7938	7938	0.014934660858743
chrM	7939	7939	0.00273952587938781
chrM	7940	7940	0.000693633177570093
chrM	7941	7941	0.000146049364685264
chrM	7942	7942	0.012336327237312
chrM	7943	7943	0.008656769808621
chrM	7944	7944	0.00089355922510544
chrM	7945	7945	0.00146449492784684
chrM	7946	7946	0.00455353966559943
chrM	7947	7947	0.00594164456233422
chrM	7948	7948	0.000176859679530261
chrM	7949	7949	0.00103008560366568
chrM	7950	7950	0.00269852121037671
chrM	7951	7951	0.00554879358487864
chrM	7952	7952	0.00225144735901651
chrM	7953	7953	0.00128507174983937
chrM	7954	7954	0.00236161305327942
chrM	7955	7955	0.000107615597087205
chrM	7956	7956	0.000107650351657815
chrM	7957	7957	0.000358821629767842
chrM	7958	7958	0.012292738707833
chrM	7959	7959	0.00150435187506716
chrM	7960	7960	0.000250671441360788
chrM	7961	7961	0.000179166517361236
chrM	7962	7962	7.17000071700007e-05
chrM	7963	7963	0.0035472428248952
chrM	7964	7964	0.000322534403669725
chrM	7965	7965	0.00039426523297491
chrM	7966	7966	0.00089541547277937
chrM	7967	7967	0.000465666081599026
chrM	7968	7968	0.00164845009854865
chrM	7969	7969	0.00148174918684496
chrM	7970	7970	0.00405479452054795
chrM	7971	7971	0.000548005260850504
chrM	7972	7972	0.000839845176367487
chrM	7973	7973	0.0289423281549266
chrM	7974	7974	0.000461795318105929
chrM	7975	7975	0.00351138540114918
chrM	7976	7976	0.00374384939028738
chrM	7977	7977	0.00474581146185374
chrM	7978	7978	0.00261892803329267
chrM	7979	7979	0.00259543635773764
chrM	7980	7980	0.00252252252252252
chrM	7981	7981	0.000725584095196633
chrM	7982	7982	0.00820882088208821
chrM	7983	7983	0.000540969417195615
chrM	7984	7984	0.00205902539464653
chrM	7985	7985	0.000362581580855693
chrM	7986	7986	0.000688880026104927
chrM	7987	7987	0.108716848673947
chrM	7988	7988	0.00275875499010094
chrM	7989	7989	0.0300319286820725
chrM	7990	7990	0.00271576088672751
chrM	7991	7991	0.00253108488625937
chrM	7992	7992	0.00104367627059679
chrM	7993	7993	0.00101128211610783
chrM	7994	7994	0.00511476652038013
chrM	7995	7995	0.00337007874015748
chrM	7996	7996	0.00539151150398094
chrM	7997	7997	0.00480709202147584
chrM	7998	7998	0.0107979902006679
chrM	7999	7999	0.0017578002385586
chrM	8000	8000	6.28318306053847e-05
chrM	8001	8001	0.0162460470019222
chrM	8002	8002	0.00417001297337369
chrM	8003	8003	0.000185931205453982
chrM	8004	8004	3.10289189524637e-05
chrM	8005	8005	3.12265800649513e-05
chrM	8006	8006	0.000251311532057927
chrM	8007	8007	0.000314801989548574
chrM	8008	8008	0.00264250660626652
chrM	8009	8009	0.000220486329847549
chrM	8010	8010	9.44911650760654e-05
chrM	8011	8011	0
chrM	8012	8012	0.00031499039279302
chrM	8013	8013	0.000283616424542275
chrM	8014	8014	0.0107132788271779
chrM	8015	8015	0.00688640560929039
chrM	8016	8016	0.00368048407722778
chrM	8017	8017	0.00171451728545154
chrM	8018	8018	0.000717942314895742
chrM	8019	8019	0.00331981996360967
chrM	8020	8020	0.00569991083938352
chrM	8021	8021	0
chrM	8022	8022	0.00516532219494309
chrM	8023	8023	0.000700994137139944
chrM	8024	8024	0.00197332824087336
chrM	8025	8025	0.00230917254650417
chrM	8026	8026	0.0191599811231713
chrM	8027	8027	0.00124263183049227
chrM	8028	8028	0.000828236493374108
chrM	8029	8029	0.000255110175707134
chrM	8030	8030	0.000318847049070561
chrM	8031	8031	0.000414448305544043
chrM	8032	8032	0.0221688700424046
chrM	8033	8033	0.00912098444794855
chrM	8034	8034	0.0015748031496063
chrM	8035	8035	0.0017264767542237
chrM	8036	8036	0.0198277952946883
chrM	8037	8037	0.00387690816573782
chrM	8038	8038	0.00157413573893564
chrM	8039	8039	0.000726282342260554
chrM	8040	8040	0.000816449954641669
chrM	8041	8041	0.000725206986160633
chrM	8042	8042	0.00301350048216008
chrM	8043	8043	0.00305043793415886
chrM	8044	8044	0.000785902124958438
chrM	8045	8045	0.000362647325475975
chrM	8046	8046	0.000363086232980333
chrM	8047	8047	0.00280873425749751
chrM	8048	8048	0.000303665239440041
chrM	8049	8049	0.000274473924977127
chrM	8050	8050	0.000731796560556165
chrM	8051	8051	0.0024695874874234
chrM	8052	8052	9.2464170134073e-05
chrM	8053	8053	0.00015470297029703
chrM	8054	8054	0.000440986549910228
chrM	8055	8055	3.16957210776545e-05
chrM	8056	8056	0.001329745132183
chrM	8057	8057	0.00457023985879535
chrM	8058	8058	0.0119582864993131
chrM	8059	8059	0.00262049602246139
chrM	8060	8060	0.000280758672323434
chrM	8061	8061	0.00168260991493472
chrM	8062	8062	0.00100385858142234
chrM	8063	8063	0.00434537951731899
chrM	8064	8064	0.00021879786203232
chrM	8065	8065	0.000750117205813408
chrM	8066	8066	0.000218941573877143
chrM	8067	8067	0.000344008006004503
chrM	8068	8068	0.0179637015737563
chrM	8069	8069	0.0072
chrM	8070	8070	0.0386317070998011
chrM	8071	8071	0.000890842142772301
chrM	8072	8072	0.000802043726235741
chrM	8073	8073	0.00287560773153089
chrM	8074	8074	0.0051622418879056
chrM	8075	8075	0.000742500742500743
chrM	8076	8076	0.00240071132187315
chrM	8077	8077	0.000563163198766969
chrM	8078	8078	0.00969191459367382
chrM	8079	8079	0.00333677838476303
chrM	8080	8080	0.00324327541061652
chrM	8081	8081	0.00172752725323167
chrM	8082	8082	0.000449195939268709
chrM	8083	8083	0.000628516700586616
chrM	8084	8084	0.0229481325371736
chrM	8085	8085	0.0021687523812315
chrM	8086	8086	0.00079288168443309
chrM	8087	8087	0.000176652436331518
chrM	8088	8088	0.00436950146627566
chrM	8089	8089	0.0655358519660756
chrM	8090	8090	0.0107188756118236
chrM	8091	8091	0.00169639925577323
chrM	8092	8092	0.00177624747226321
chrM	8093	8093	0.000765215490147851
chrM	8094	8094	0.000163961305131989
chrM	8095	8095	0.0020505249343832
chrM	8096	8096	0.00183838660996021
chrM	8097	8097	0.000685645329384016
chrM	8098	8098	0.00095903548431292
chrM	8099	8099	0.00934071901813837
chrM	8100	8100	0.000136239782016349
chrM	8101	8101	0.000109125630882554
chrM	8102	8102	0.00884859964822081
chrM	8103	8103	0.00183734125911916
chrM	8104	8104	0.00202330851408223
chrM	8105	8105	0.00148299943376385
chrM	8106	8106	0.000654111362459459
chrM	8107	8107	0
chrM	8108	8108	0.00598539344352315
chrM	8109	8109	0.00510119212642085
chrM	8110	8110	0.00164850516904163
chrM	8111	8111	0.0162789418687785
chrM	8112	8112	0.000495526496902959
chrM	8113	8113	0.00865302992962567
chrM	8114	8114	0.000172043010752688
chrM	8115	8115	0.00596750706678468
chrM	8116	8116	0.00169813492977205
chrM	8117	8117	0.000404180379929557
chrM	8118	8118	0.00139372822299652
chrM	8119	8119	0.000146679183290307
chrM	8120	8120	0.00660786453877696
chrM	8121	8121	0.0289427570093458
chrM	8122	8122	0.0167397829600554
chrM	8123	8123	0.00092410765854222
chrM	8124	8124	0.00320809248554913
chrM	8125	8125	0.0171230918758219
chrM	8126	8126	0.000801672058865634
chrM	8127	8127	0.0172214549451788
chrM	8128	8128	0.00230706468221591
chrM	8129	8129	0.00087351010172166
chrM	8130	8130	0
chrM	8131	8131	0.00079185520361991
chrM	8132	8132	0.00137551581843191
chrM	8133	8133	0.00103243568786028
chrM	8134	8134	0.00476856743096999
chrM	8135	8135	0.000742220953468456
chrM	8136	8136	0.00231336037013766
chrM	8137	8137	0.000317130830882777
chrM	8138	8138	0.00126943827356395
chrM	8139	8139	0.000347644707109334
chrM	8140	8140	0.00396790917253164
chrM	8141	8141	0.00515314689363673
chrM	8142	8142	0.000665991023599247
chrM	8143	8143	0.00338884019865615
chrM	8144	8144	0.000351185250219491
chrM	8145	8145	0.000557299152318658
chrM	8146	8146	0.000763269140441522
chrM	8147	8147	0.00567580284672391
chrM	8148	8148	0.00205567954892517
chrM	8149	8149	0.00412437476233656
chrM	8150	8150	0.000468562392011011
chrM	8151	8151	0.00318452728760079
chrM	8152	8152	0.000117395004842544
chrM	8153	8153	0.000645843118835134
chrM	8154	8154	0.000881393777359932
chrM	8155	8155	0.00120322817314747
chrM	8156	8156	0.000410749911982162
chrM	8157	8157	0.000117381224873082
chrM	8158	8158	0.00627224458836572
chrM	8159	8159	0.00326064805380069
chrM	8160	8160	0.00194693865690291
chrM	8161	8161	0.000145513809260499
chrM	8162	8162	0.00114081787866378
chrM	8163	8163	0.000146352886078913
chrM	8164	8164	0.00102399063779988
chrM	8165	8165	0.00923881464264962
chrM	8166	8166	0.000529100529100529
chrM	8167	8167	8.81911985183879e-05
chrM	8168	8168	0.000264526937659818
chrM	8169	8169	0.00158767493825709
chrM	8170	8170	0.00310750197883381
chrM	8171	8171	0.000146726531091352
chrM	8172	8172	0.000293470286133529
chrM	8173	8173	0.00029356505401597
chrM	8174	8174	0.00014682131845544
chrM	8175	8175	2.93789294318115e-05
chrM	8176	8176	0.000208500878682274
chrM	8177	8177	6.00276127018428e-05
chrM	8178	8178	0
chrM	8179	8179	0.00185756658777002
chrM	8180	8180	8.99118863513757e-05
chrM	8181	8181	0.000180261378999549
chrM	8182	8182	0.000933144697631017
chrM	8183	8183	0.000301359129674833
chrM	8184	8184	0.00153517353481232
chrM	8185	8185	0.000181000935171498
chrM	8186	8186	0.00141741307035797
chrM	8187	8187	9.12270031929451e-05
chrM	8188	8188	0.000638686131386861
chrM	8189	8189	0.0101186532554358
chrM	8190	8190	0.000361271676300578
chrM	8191	8191	0.000873152079005209
chrM	8192	8192	0.00204745272792966
chrM	8193	8193	0.000903587241348152
chrM	8194	8194	0.00123363923574545
chrM	8195	8195	0.00354279881106074
chrM	8196	8196	0.00614342653360904
chrM	8197	8197	0.0077738726395425
chrM	8198	8198	8.97934750074828e-05
chrM	8199	8199	0.00110685652746201
chrM	8200	8200	0.000299886043303545
chrM	8201	8201	0.000272801673183596
chrM	8202	8202	0.00118188981150373
chrM	8203	8203	0.0109702364895243
chrM	8204	8204	0.0128573137184547
chrM	8205	8205	0.00381278333183224
chrM	8206	8206	0.0173061562583203
chrM	8207	8207	0.0029487103115506
chrM	8208	8208	0.000269034167339252
chrM	8209	8209	0.0273805015874865
chrM	8210	8210	0.000147492625368732
chrM	8211	8211	0.0093045030283524
chrM	8212	8212	0.00140679953106682
chrM	8213	8213	0.000879249706916764
chrM	8214	8214	8.85713442177674e-05
chrM	8215	8215	0.000156128024980484
chrM	8216	8216	6.53893938403191e-05
chrM	8217	8217	0.000427322332522517
chrM	8218	8218	0.000329924117452986
chrM	8219	8219	0.00835298742138365
chrM	8220	8220	0.0314104209445585
chrM	8221	8221	0.00221118410511136
chrM	8222	8222	0.000448833034111311
chrM	8223	8223	0.000197128494923941
chrM	8224	8224	0.000164864151938802
chrM	8225	8225	0.00343858489006447
chrM	8226	8226	0.00026474286848898
chrM	8227	8227	0.0129042796471741
chrM	8228	8228	0.00189177729214912
chrM	8229	8229	0.00136874694476128
chrM	8230	8230	0.000228198859005705
chrM	8231	8231	0.00084989539748954
chrM	8232	8232	0.00114645091552295
chrM	8233	8233	0.0010959450034871
chrM	8234	8234	0.000798111136975824
chrM	8235	8235	0.000698207932972038
chrM	8236	8236	0.00100847115772489
chrM	8237	8237	0.00084030788881046
chrM	8238	8238	0.000302856950567016
chrM	8239	8239	0.000605673138396312
chrM	8240	8240	0.00107584722969338
chrM	8241	8241	0.00030269397638987
chrM	8242	8242	0.000201870668191912
chrM	8243	8243	0.000168634064080944
chrM	8244	8244	0.000506294933675364
chrM	8245	8245	0.00219179929862422
chrM	8246	8246	0.00151566183900303
chrM	8247	8247	0.000673355329607434
chrM	8248	8248	0.000403958796202787
chrM	8249	8249	0.000235610905419051
chrM	8250	8250	0.000538521086466292
chrM	8251	8251	0.00519071698871438
chrM	8252	8252	0.000100813226695342
chrM	8253	8253	0.000470335281865215
chrM	8254	8254	0.000570948782535684
chrM	8255	8255	0.00228134330861878
chrM	8256	8256	3.36768370714622e-05
chrM	8257	8257	0
chrM	8258	8258	0.00016860563142809
chrM	8259	8259	3.37234006677233e-05
chrM	8260	8260	3.37245379738298e-05
chrM	8261	8261	0.000269960180873321
chrM	8262	8262	3.4676468548443e-05
chrM	8263	8263	0.000208044382801664
chrM	8264	8264	6.93673695893452e-05
chrM	8265	8265	3.49589232651634e-05
chrM	8266	8266	0.000280131661881084
chrM	8267	8267	7.09597303530247e-05
chrM	8268	8268	3.5486160397445e-05
chrM	8269	8269	0.000425667766308396
chrM	8270	8270	0.000248579545454545
chrM	8271	8271	0.000426181766523422
chrM	8272	8272	7.14260204992679e-05
chrM	8273	8273	0.000107161993213074
chrM	8274	8274	0.000285816362986781
chrM	8275	8275	0.000143364037131286
chrM	8276	8276	7.1694866647548e-05
chrM	8277	8277	0.00478161575792178
chrM	8278	8278	7.48166990872363e-05
chrM	8279	8279	0
chrM	8280	8280	0
chrM	8281	8281	0.000112485939257593
chrM	8282	8282	0.000489402552422543
chrM	8283	8283	0.000112926296770308
chrM	8284	8284	0.000789948841408366
chrM	8285	8285	0.00330057760108019
chrM	8286	8286	0.00486163051608078
chrM	8287	8287	0.00425357262788702
chrM	8288	8288	0.00818817924668751
chrM	8289	8289	0.00518672199170124
chrM	8290	8290	0.000446096654275093
chrM	8291	8291	0.0110128913443831
chrM	8292	8292	0.0012053184677389
chrM	8293	8293	0.0736561777279417
chrM	8294	8294	0.000794711555828487
chrM	8295	8295	0.0123664176703957
chrM	8296	8296	0.00480080252221267
chrM	8297	8297	0.00043089518474631
chrM	8298	8298	0.00061491716704044
chrM	8299	8299	0.00123331398723157
chrM	8300	8300	0.00532653137777111
chrM	8301	8301	0.00704435333581811
chrM	8302	8302	0.0114529280948851
chrM	8303	8303	0.00104462020593941
chrM	8304	8304	0.000961242694555521
chrM	8305	8305	0.00595521676989042
chrM	8306	8306	0.00568630548096667
chrM	8307	8307	0.00599250936329588
chrM	8308	8308	0.000473018250620836
chrM	8309	8309	0.000827455770518933
chrM	8310	8310	0.000866619396517766
chrM	8311	8311	0.00610974033603572
chrM	8312	8312	0.00637017351883695
chrM	8313	8313	0.00478878722990072
chrM	8314	8314	0.000312719881166445
chrM	8315	8315	0.000742709717770307
chrM	8316	8316	0.000912589771059001
chrM	8317	8317	0.00397654241645244
chrM	8318	8318	0.000604814322003145
chrM	8319	8319	0.000605473480261564
chrM	8320	8320	0.00181385787415857
chrM	8321	8321	0.000605253601258927
chrM	8322	8322	0.000444354675823066
chrM	8323	8323	0.000892603562299671
chrM	8324	8324	0.00198478332782005
chrM	8325	8325	0.000124100273020601
chrM	8326	8326	0.000372964236873731
chrM	8327	8327	0.00385684070833161
chrM	8328	8328	0.000208385429690756
chrM	8329	8329	0.000166840458811262
chrM	8330	8330	0.000500688446614094
chrM	8331	8331	0.000709930677357387
chrM	8332	8332	0.00046030882537557
chrM	8333	8333	0.00041992105484169
chrM	8334	8334	0.00580666722366112
chrM	8335	8335	0.0104205588076556
chrM	8336	8336	0.00186551695547633
chrM	8337	8337	0.00128614695266149
chrM	8338	8338	0.00623245831269605
chrM	8339	8339	0.000210561778825908
chrM	8340	8340	4.212299915754e-05
chrM	8341	8341	0.000715638812881499
chrM	8342	8342	0.0391545531845973
chrM	8343	8343	0.00238374207102743
chrM	8344	8344	0.00173520035511077
chrM	8345	8345	0.00685700537332585
chrM	8346	8346	0.00236255155568013
chrM	8347	8347	0.000400673130859845
chrM	8348	8348	0.000160849284220685
chrM	8349	8349	0.000891085098626919
chrM	8350	8350	0.00114782323522178
chrM	8351	8351	0.00126997132322819
chrM	8352	8352	0.00700753717661438
chrM	8353	8353	0.000169083146637359
chrM	8354	8354	0.000255156283223474
chrM	8355	8355	0.00136147038801906
chrM	8356	8356	0.000638923201431188
chrM	8357	8357	0.00532889968879226
chrM	8358	8358	4.30070531567177e-05
chrM	8359	8359	0.00111957972699479
chrM	8360	8360	0.000394788787998421
chrM	8361	8361	0.000750220653133274
chrM	8362	8362	0.00257352941176471
chrM	8363	8363	0.000739987050226621
chrM	8364	8364	0.0129929545246592
chrM	8365	8365	0.000274561845055599
chrM	8366	8366	0.0385631273111463
chrM	8367	8367	0.00110531435140154
chrM	8368	8368	0.00644022937803264
chrM	8369	8369	0.00343780694704884
chrM	8370	8370	0.00702596940590537
chrM	8371	8371	0.0267142359902541
chrM	8372	8372	0.00241758241758242
chrM	8373	8373	0.0276403714310509
chrM	8374	8374	0.00397536149578437
chrM	8375	8375	0.00188011018320143
chrM	8376	8376	0.00131078778345786
chrM	8377	8377	0.000262731532162718
chrM	8378	8378	0.00579268292682927
chrM	8379	8379	0.00295318335794319
chrM	8380	8380	0.00670328244604939
chrM	8381	8381	0.000129926375054136
chrM	8382	8382	0.00255234469631424
chrM	8383	8383	0.0126668948990072
chrM	8384	8384	0.00017171066752522
chrM	8385	8385	0.000687757909215956
chrM	8386	8386	0.00231869122761819
chrM	8387	8387	0.00395920299522314
chrM	8388	8388	0.00437055446053646
chrM	8389	8389	0.014042805177227
chrM	8390	8390	0.0116929334011185
chrM	8391	8391	0.0135729546311424
chrM	8392	8392	0.00525920360631104
chrM	8393	8393	0.00374609781477627
chrM	8394	8394	0.0044897110787778
chrM	8395	8395	0.0131956874661782
chrM	8396	8396	0.00328059465969021
chrM	8397	8397	4.15731271306228e-05
chrM	8398	8398	0.00352156440319841
chrM	8399	8399	0.00351243989128162
chrM	8400	8400	0.000920810313075506
chrM	8401	8401	0.00809901565809694
chrM	8402	8402	0.000334098976821883
chrM	8403	8403	0.000501043841336117
chrM	8404	8404	0.000459232663966935
chrM	8405	8405	0
chrM	8406	8406	0.00933722384326803
chrM	8407	8407	0.0018578727357176
chrM	8408	8408	0.00366346639717029
chrM	8409	8409	0.00669960639812411
chrM	8410	8410	0.000840442072530151
chrM	8411	8411	0.00464804656421423
chrM	8412	8412	0.0129752173348904
chrM	8413	8413	0.00134344528710726
chrM	8414	8414	0.00307027027027027
chrM	8415	8415	0.00383885438233264
chrM	8416	8416	0.00403832108948748
chrM	8417	8417	0.000171880371261602
chrM	8418	8418	0.0125196282307007
chrM	8419	8419	0.000849978750531237
chrM	8420	8420	0.00119007140428426
chrM	8421	8421	0.00110403397027601
chrM	8422	8422	0.000723219603505488
chrM	8423	8423	0.00310084105003823
chrM	8424	8424	0.000424989375265618
chrM	8425	8425	0.0039811952056245
chrM	8426	8426	0.00156613756613757
chrM	8427	8427	0.000169945192675362
chrM	8428	8428	0.000552415756597119
chrM	8429	8429	0.00127545597551125
chrM	8430	8430	0.00127909951394218
chrM	8431	8431	0.00732244137814272
chrM	8432	8432	0.00119012198750372
chrM	8433	8433	0.0070918991937186
chrM	8434	8434	0.00255091195102249
chrM	8435	8435	0.000467786519243036
chrM	8436	8436	0.00394218134034166
chrM	8437	8437	0.00406087030862614
chrM	8438	8438	0.000640916082720902
chrM	8439	8439	0.000512557662737058
chrM	8440	8440	0.000431480842250604
chrM	8441	8441	0.00150894589351153
chrM	8442	8442	0.00471615720524018
chrM	8443	8443	0.00196223782322417
chrM	8444	8444	0.0012673717332401
chrM	8445	8445	0.000786954050627377
chrM	8446	8446	0.00504808738413334
chrM	8447	8447	0.000610766948782829
chrM	8448	8448	0.00525287605817235
chrM	8449	8449	0.000174565767652963
chrM	8450	8450	0.000698080279232112
chrM	8451	8451	0.000261917234154007
chrM	8452	8452	0.00209250621212782
chrM	8453	8453	0.00174360315592171
chrM	8454	8454	0.000218140569783168
chrM	8455	8455	0.000305383474391414
chrM	8456	8456	0.00169949450932543
chrM	8457	8457	8.72295882763433e-05
chrM	8458	8458	0.00673298292863038
chrM	8459	8459	0.00186924013215093
chrM	8460	8460	0.00390387785199965
chrM	8461	8461	0.000911023382933495
chrM	8462	8462	0.00138786485665958
chrM	8463	8463	0.000914793518034501
chrM	8464	8464	0.000657548658600736
chrM	8465	8465	0.00113900205896526
chrM	8466	8466	8.7627059235892e-05
chrM	8467	8467	0.000482012181762412
chrM	8468	8468	0.000964785335262904
chrM	8469	8469	0.0048110566829951
chrM	8470	8470	0.000747449876890608
chrM	8471	8471	0.000484496124031008
chrM	8472	8472	0.00762681802057467
chrM	8473	8473	0.00283914470765682
chrM	8474	8474	0.00143852551135087
chrM	8475	8475	0.00121512151215122
chrM	8476	8476	0.000585453726638145
chrM	8477	8477	0.00287485401131974
chrM	8478	8478	0.00775573880098061
chrM	8479	8479	0.00240770465489567
chrM	8480	8480	0.00422297297297297
chrM	8481	8481	0.000977213165726469
chrM	8482	8482	0.00128700128700129
chrM	8483	8483	0.0027443342776204
chrM	8484	8484	0.00617009943181818
chrM	8485	8485	0.00234731387572523
chrM	8486	8486	0.0135932514532978
chrM	8487	8487	4.3825050398808e-05
chrM	8488	8488	0.00249202116032003
chrM	8489	8489	0.000175116014359513
chrM	8490	8490	0.00144407491685629
chrM	8491	8491	0.00140117348279184
chrM	8492	8492	0.00218474176352355
chrM	8493	8493	0.000131856540084388
chrM	8494	8494	0.000750386228205694
chrM	8495	8495	0.00084070796460177
chrM	8496	8496	4.42771751162276e-05
chrM	8497	8497	0.000132866823154258
chrM	8498	8498	0.000132925694536754
chrM	8499	8499	0.00048758865248227
chrM	8500	8500	0.00137747167296156
chrM	8501	8501	0.00155320848495607
chrM	8502	8502	0.000229452526272314
chrM	8503	8503	9.28074245939675e-05
chrM	8504	8504	0.00338213491475167
chrM	8505	8505	0.000974930362116992
chrM	8506	8506	0.00037147102526003
chrM	8507	8507	0.000139723347771413
chrM	8508	8508	9.35803855511885e-05
chrM	8509	8509	0.000140858296553667
chrM	8510	8510	0.00159954836281521
chrM	8511	8511	4.74585923781501e-05
chrM	8512	8512	4.74766177657504e-05
chrM	8513	8513	0.000427167876975651
chrM	8514	8514	0.00118533971836328
chrM	8515	8515	0.000852959294886983
chrM	8516	8516	0.000427208430246357
chrM	8517	8517	0.000239165789725438
chrM	8518	8518	0.000143554407120299
chrM	8519	8519	0.00205407471099647
chrM	8520	8520	0.00381515570604225
chrM	8521	8521	0.000957900282580583
chrM	8522	8522	0.00609552835849326
chrM	8523	8523	0.00450429092978048
chrM	8524	8524	0.00415545166926382
chrM	8525	8525	0.00240543344967456
chrM	8526	8526	0.000803250803250803
chrM	8527	8527	0.000190376469468374
chrM	8528	8528	0.00138174194777968
chrM	8529	8529	0.0054041242000474
chrM	8530	8530	0.00173060282665128
chrM	8531	8531	0.00240650719545651
chrM	8532	8532	0.00446107353576054
chrM	8533	8533	0.00115201843229492
chrM	8534	8534	0.000240072982186585
chrM	8535	8535	0
chrM	8536	8536	0.000577672940836663
chrM	8537	8537	5.0218450258625e-05
chrM	8538	8538	0.000653102235619191
chrM	8539	8539	0.000100862373291644
chrM	8540	8540	0.00121938827354944
chrM	8541	8541	0.00111879576891782
chrM	8542	8542	0.000305452323983098
chrM	8543	8543	0.042709940763602
chrM	8544	8544	0.00895611503632202
chrM	8545	8545	0.0336211470744296
chrM	8546	8546	0.000290205562273277
chrM	8547	8547	0.0377314490928595
chrM	8548	8548	0.00728808838547953
chrM	8549	8549	0.00264464343710852
chrM	8550	8550	0.030960309603096
chrM	8551	8551	0.00215604365988411
chrM	8552	8552	0.00424998881581891
chrM	8553	8553	0.000223663609930664
chrM	8554	8554	0.00710732054015636
chrM	8555	8555	0.0044696198610435
chrM	8556	8556	0.00110555874939194
chrM	8557	8557	0.0118063754427391
chrM	8558	8558	0.000174955167738267
chrM	8559	8559	0.0114216492169248
chrM	8560	8560	0.00336438923395445
chrM	8561	8561	0.00120793787748059
chrM	8562	8562	0.00374129182076202
chrM	8563	8563	0.000386930352536543
chrM	8564	8564	0.00142143349414197
chrM	8565	8565	0.00480253848462759
chrM	8566	8566	0.000819106742541818
chrM	8567	8567	0.000129343795809261
chrM	8568	8568	0.000734055874605985
chrM	8569	8569	0.00121696801112656
chrM	8570	8570	0.00169373751411448
chrM	8571	8571	0
chrM	8572	8572	0.000177273533061514
chrM	8573	8573	4.45831475702185e-05
chrM	8574	8574	8.95977062987187e-05
chrM	8575	8575	0.00673355629877369
chrM	8576	8576	0.00523467305474226
chrM	8577	8577	0.0241859208215106
chrM	8578	8578	0.00213873907383299
chrM	8579	8579	0.00368521714792182
chrM	8580	8580	0.00390827329660498
chrM	8581	8581	0.00199023835473629
chrM	8582	8582	0.0319418235375339
chrM	8583	8583	0.000552944429084877
chrM	8584	8584	0.0535768911418957
chrM	8585	8585	0.008077474269336
chrM	8586	8586	0.0133780702886394
chrM	8587	8587	0.00338821076408497
chrM	8588	8588	0.000956521739130435
chrM	8589	8589	0.00178036388900951
chrM	8590	8590	0.00234029643754876
chrM	8591	8591	0.0127107763416931
chrM	8592	8592	0.00671968698166972
chrM	8593	8593	0.0058830998433995
chrM	8594	8594	0.000254118842912202
chrM	8595	8595	0.000338753387533875
chrM	8596	8596	0.00510354717617782
chrM	8597	8597	0.00270087778528022
chrM	8598	8598	0.000168797738110309
chrM	8599	8599	0.000464095856889714
chrM	8600	8600	0.000548407508964354
chrM	8601	8601	0.00122249388753056
chrM	8602	8602	0.0127879368517516
chrM	8603	8603	0.0123599208965063
chrM	8604	8604	0.00671553171450801
chrM	8605	8605	0.000900458415193189
chrM	8606	8606	0.00200228832951945
chrM	8607	8607	0.0010210749877471
chrM	8608	8608	0.0024082615616964
chrM	8609	8609	0.00232444335698556
chrM	8610	8610	0.00012242399510304
chrM	8611	8611	0.00110069302894415
chrM	8612	8612	0.000978074822723938
chrM	8613	8613	0.000655334835142331
chrM	8614	8614	0.000246325642499384
chrM	8615	8615	0.00206194069858551
chrM	8616	8616	0.000164975666089252
chrM	8617	8617	0.000494784150414382
chrM	8618	8618	0.000495540138751239
chrM	8619	8619	0.00070355502214129
chrM	8620	8620	0.000263388937664618
chrM	8621	8621	0.00424767910317043
chrM	8622	8622	0.00233038737193862
chrM	8623	8623	0.00119342291371994
chrM	8624	8624	0.000798686604250788
chrM	8625	8625	0.00151111111111111
chrM	8626	8626	0.00294078331773827
chrM	8627	8627	0.000312807221378139
chrM	8628	8628	0.00329768270944742
chrM	8629	8629	0.0108628455356354
chrM	8630	8630	0.00163168107249956
chrM	8631	8631	0.00273549525700419
chrM	8632	8632	0.000530597806862398
chrM	8633	8633	0.00159348441926346
chrM	8634	8634	0.00747351299072405
chrM	8635	8635	0.0235435641862863
chrM	8636	8636	0.0125228169970709
chrM	8637	8637	0.00402014303245737
chrM	8638	8638	0.00565878378378378
chrM	8639	8639	0.00118108575526216
chrM	8640	8640	0.00038164701891273
chrM	8641	8641	0.000593975392448027
chrM	8642	8642	0.00378079864061172
chrM	8643	8643	0.000808373042886317
chrM	8644	8644	0.000170285227756492
chrM	8645	8645	0.000647584509778526
chrM	8646	8646	0.00271668822768435
chrM	8647	8647	0.000604412209126624
chrM	8648	8648	0.000433200485184543
chrM	8649	8649	0.000606533229356208
chrM	8650	8650	0.0449615624350717
chrM	8651	8651	0.0089908029859364
chrM	8652	8652	4.1407867494824e-05
chrM	8653	8653	0.00293618957032381
chrM	8654	8654	0.00191634727545409
chrM	8655	8655	0.000376128385155466
chrM	8656	8656	0.00079371710251483
chrM	8657	8657	0.000209248796819418
chrM	8658	8658	0.000836995187277673
chrM	8659	8659	0.00217327705103022
chrM	8660	8660	0.00237688169801093
chrM	8661	8661	0.0133470648815654
chrM	8662	8662	0.00082767753683165
chrM	8663	8663	0.00481878088962109
chrM	8664	8664	0.00372208436724566
chrM	8665	8665	0.0104034405078845
chrM	8666	8666	0.000802263226787147
chrM	8667	8667	0.00134964150147617
chrM	8668	8668	0.000338696020321761
chrM	8669	8669	0.00261901744603557
chrM	8670	8670	0.00510591611106422
chrM	8671	8671	0.0116726633754498
chrM	8672	8672	0.00488701390919343
chrM	8673	8673	0.000960334029227557
chrM	8674	8674	0.00361942006073969
chrM	8675	8675	0.00162655878550277
chrM	8676	8676	0.00125046892584719
chrM	8677	8677	0.0106163251817581
chrM	8678	8678	0.000331455087835598
chrM	8679	8679	0.00219135036798148
chrM	8680	8680	0.00489994235361937
chrM	8681	8681	0.00285336200479696
chrM	8682	8682	0.00450431836026282
chrM	8683	8683	0.0135987548128123
chrM	8684	8684	0.00190562989353329
chrM	8685	8685	0.000870899514784556
chrM	8686	8686	0.0136497786522381
chrM	8687	8687	0.00189964897790626
chrM	8688	8688	0.00223380491437081
chrM	8689	8689	0.000991981483012317
chrM	8690	8690	0.00444444444444444
chrM	8691	8691	0.0198723644882462
chrM	8692	8692	0.00714543775841998
chrM	8693	8693	0.00224376953281513
chrM	8694	8694	0.00204261454661967
chrM	8695	8695	0.00404663648383349
chrM	8696	8696	0.000280493668857189
chrM	8697	8697	0.0166338194718171
chrM	8698	8698	0.000752594470411154
chrM	8699	8699	0.00469224399668783
chrM	8700	8700	0.00236053190652294
chrM	8701	8701	0.0318808562504761
chrM	8702	8702	0.000419575084868597
chrM	8703	8703	0.000114455762847659
chrM	8704	8704	0.000953980004579104
chrM	8705	8705	0.00274149944789247
chrM	8706	8706	0.00643281492413062
chrM	8707	8707	0.00545851528384279
chrM	8708	8708	0.000941406838379274
chrM	8709	8709	0.000225988700564972
chrM	8710	8710	0.000827939184103568
chrM	8711	8711	0.00688159174208991
chrM	8712	8712	0.000225208317693867
chrM	8713	8713	0.000338167881566093
chrM	8714	8714	0.000112731098752443
chrM	8715	8715	0.000563952176855403
chrM	8716	8716	0.00449724543716973
chrM	8717	8717	0.00135010029316464
chrM	8718	8718	0.00446862249854284
chrM	8719	8719	0.00031262211801485
chrM	8720	8720	0.00509668132124655
chrM	8721	8721	0.00631244675083262
chrM	8722	8722	0.0394270580775113
chrM	8723	8723	0.0120193251895204
chrM	8724	8724	0.00220707050802034
chrM	8725	8725	0.00557737627651218
chrM	8726	8726	0.0081139067680905
chrM	8727	8727	0.0376888217522659
chrM	8728	8728	0.0176844640102344
chrM	8729	8729	0.0129311969839774
chrM	8730	8730	0.0013269135989688
chrM	8731	8731	0.00797742238946378
chrM	8732	8732	0.00883555829925149
chrM	8733	8733	0.0308026680656524
chrM	8734	8734	0.00433482810164424
chrM	8735	8735	0.000858785751624225
chrM	8736	8736	0.000373426939019381
chrM	8737	8737	0.00671539346269432
chrM	8738	8738	0.00119353996493976
chrM	8739	8739	0.00138095771283544
chrM	8740	8740	0.000262250861681403
chrM	8741	8741	0.000711423971243494
chrM	8742	8742	0.0021311597995962
chrM	8743	8743	0.0017325147828707
chrM	8744	8744	0.000340380469725048
chrM	8745	8745	0.000531490831783152
chrM	8746	8746	0.000493377357774489
chrM	8747	8747	0.00719776906843533
chrM	8748	8748	0.00116800421988621
chrM	8749	8749	0.000489900512511305
chrM	8750	8750	0.000264480296217932
chrM	8751	8751	0.000755401117993655
chrM	8752	8752	0.00660561477255667
chrM	8753	8753	0.000225284421582248
chrM	8754	8754	0.00150421179302046
chrM	8755	8755	0.0011651069267486
chrM	8756	8756	0.000751343025658364
chrM	8757	8757	0.000902493137291769
chrM	8758	8758	0.00127944607511101
chrM	8759	8759	0.00288644132168629
chrM	8760	8760	0.00102560206639824
chrM	8761	8761	0.000797781407894237
chrM	8762	8762	0.000456742663570966
chrM	8763	8763	0.000380647862662251
chrM	8764	8764	0.00173417087363675
chrM	8765	8765	0.000655864197530864
chrM	8766	8766	0.0010409036585836
chrM	8767	8767	0
chrM	8768	8768	0.000778967867575463
chrM	8769	8769	3.92033871726517e-05
chrM	8770	8770	0.000352844317246246
chrM	8771	8771	0.00161487258261452
chrM	8772	8772	0.0323969966078439
chrM	8773	8773	0.0171974522292994
chrM	8774	8774	0.00325027085590466
chrM	8775	8775	0.000112136956602998
chrM	8776	8776	0.00145685468808368
chrM	8777	8777	0.0105212462490275
chrM	8778	8778	0.000963248369887374
chrM	8779	8779	0.00830363375831282
chrM	8780	8780	0.0044267212994805
chrM	8781	8781	0.00175374497625137
chrM	8782	8782	0.000146134736226801
chrM	8783	8783	0.000146241591108511
chrM	8784	8784	0.00157526468110049
chrM	8785	8785	0.00172572058013585
chrM	8786	8786	3.67161110295198e-05
chrM	8787	8787	0.00223475967174678
chrM	8788	8788	0.000844408546883031
chrM	8789	8789	0.000220645018938697
chrM	8790	8790	0.00022067747986318
chrM	8791	8791	0.000147242877125819
chrM	8792	8792	3.68935620734182e-05
chrM	8793	8793	0.000147585138176586
chrM	8794	8794	0.00033198081888602
chrM	8795	8795	0.00239410681399632
chrM	8796	8796	0.000736865374696043
chrM	8797	8797	0.00036831055946374
chrM	8798	8798	3.6831055946374e-05
chrM	8799	8799	0.000478733198306021
chrM	8800	8800	0.00114205717653994
chrM	8801	8801	7.38497895280998e-05
chrM	8802	8802	0.000147737765466297
chrM	8803	8803	0.000147841513897102
chrM	8804	8804	0.000110901630253965
chrM	8805	8805	0
chrM	8806	8806	0.00273082884345708
chrM	8807	8807	0.00385699451120012
chrM	8808	8808	0.000667210319519609
chrM	8809	8809	0.00251423500702507
chrM	8810	8810	0.00236083957357335
chrM	8811	8811	0.00165733647613435
chrM	8812	8812	0.000221035181433045
chrM	8813	8813	0.000552486187845304
chrM	8814	8814	0.00158134745513386
chrM	8815	8815	0.0354735721887194
chrM	8816	8816	0.000142111059793228
chrM	8817	8817	0
chrM	8818	8818	0.000925497454881999
chrM	8819	8819	0.00088974304220941
chrM	8820	8820	0.00181384927268201
chrM	8821	8821	0.00248341433994395
chrM	8822	8822	0.0213194444444444
chrM	8823	8823	6.99667657862515e-05
chrM	8824	8824	0
chrM	8825	8825	0.000140424784974548
chrM	8826	8826	0.00290697674418605
chrM	8827	8827	0.00594613501224204
chrM	8828	8828	0.0061552371678954
chrM	8829	8829	0.00204775787866167
chrM	8830	8830	0.00792830058600483
chrM	8831	8831	0.00149165712699899
chrM	8832	8832	0.104034437252561
chrM	8833	8833	0.00114431023521933
chrM	8834	8834	0.00250570921086019
chrM	8835	8835	0.00652297220646625
chrM	8836	8836	0.00034667507091081
chrM	8837	8837	0.00348672844353699
chrM	8838	8838	0.00100458341181641
chrM	8839	8839	0.00565095223228223
chrM	8840	8840	0.0024919013207077
chrM	8841	8841	0.00449710014576807
chrM	8842	8842	0.00164188351920694
chrM	8843	8843	0.000155106092567316
chrM	8844	8844	0.00675238183331792
chrM	8845	8845	0.0267958950969213
chrM	8846	8846	0.000991824957922578
chrM	8847	8847	0.00606458937053745
chrM	8848	8848	0.00396198873961095
chrM	8849	8849	0.00205467214579239
chrM	8850	8850	0.000542511829771844
chrM	8851	8851	0.00513791238507301
chrM	8852	8852	0
chrM	8853	8853	0.000609198903441974
chrM	8854	8854	0.00632624027605412
chrM	8855	8855	0.00127415587173498
chrM	8856	8856	0.00133632995201361
chrM	8857	8857	0.000121798970798697
chrM	8858	8858	0.000397492738113438
chrM	8859	8859	0.000214047640889215
chrM	8860	8860	0.000398272111761282
chrM	8861	8861	0.000520897168770683
chrM	8862	8862	0.000981143645561858
chrM	8863	8863	0.000306767286336585
chrM	8864	8864	6.13572217449994e-05
chrM	8865	8865	6.14684820358361e-05
chrM	8866	8866	0.000153652315540395
chrM	8867	8867	0.010681029760818
chrM	8868	8868	0.117814854682454
chrM	8869	8869	0.0268175151896082
chrM	8870	8870	0.00159589775789446
chrM	8871	8871	0.00151618131437235
chrM	8872	8872	0.00411898120388957
chrM	8873	8873	0.00472616790880054
chrM	8874	8874	7.79321989868814e-05
chrM	8875	8875	0.00135156209388158
chrM	8876	8876	0.00246337352521717
chrM	8877	8877	0.00150173476257056
chrM	8878	8878	0.00062140748796023
chrM	8879	8879	0.00361486224792791
chrM	8880	8880	0.00078220738925247
chrM	8881	8881	0.000573319782138483
chrM	8882	8882	0.000755247669149435
chrM	8883	8883	0.00187183153516184
chrM	8884	8884	0.00124964202962693
chrM	8885	8885	0.0101822493748872
chrM	8886	8886	0.00121037315546857
chrM	8887	8887	0.000257473158423234
chrM	8888	8888	0.000720535254760679
chrM	8889	8889	0.000566120274825661
chrM	8890	8890	0.000360564541052848
chrM	8891	8891	2.58745601324777e-05
chrM	8892	8892	5.1777254252207e-05
chrM	8893	8893	0
chrM	8894	8894	0.000285143997718848
chrM	8895	8895	0.000181549394403092
chrM	8896	8896	0.000337049520352606
chrM	8897	8897	0.000207377452886435
chrM	8898	8898	0.0228003952068503
chrM	8899	8899	2.56081946222791e-05
chrM	8900	8900	5.13531556514148e-05
chrM	8901	8901	0.00115470478047779
chrM	8902	8902	0.000359140115950952
chrM	8903	8903	0.00171931535322949
chrM	8904	8904	5.13637064050542e-05
chrM	8905	8905	0.000333795511734196
chrM	8906	8906	0.00688775510204082
chrM	8907	8907	0.000382809309922417
chrM	8908	8908	0.000742314485371285
chrM	8909	8909	0.00200015385798908
chrM	8910	8910	0.000257585904899284
chrM	8911	8911	0.00418206075533662
chrM	8912	8912	0.000564261714842648
chrM	8913	8913	0.00850270656725564
chrM	8914	8914	0.000970477066094596
chrM	8915	8915	2.55715235513732e-05
chrM	8916	8916	5.11404316252429e-05
chrM	8917	8917	0.000153550863723608
chrM	8918	8918	0.000103788271925272
chrM	8919	8919	0.000492751368033403
chrM	8920	8920	0.000103834073151105
chrM	8921	8921	2.59598660470912e-05
chrM	8922	8922	2.59747006415751e-05
chrM	8923	8923	5.19710001818985e-05
chrM	8924	8924	0.000911885779792611
chrM	8925	8925	0
chrM	8926	8926	2.60803797303289e-05
chrM	8927	8927	5.21757278514035e-05
chrM	8928	8928	0
chrM	8929	8929	0
chrM	8930	8930	7.85936967855178e-05
chrM	8931	8931	0
chrM	8932	8932	0.000105036500183814
chrM	8933	8933	0
chrM	8934	8934	0.000210172341319882
chrM	8935	8935	0.000105671941457744
chrM	8936	8936	0
chrM	8937	8937	2.64550264550265e-05
chrM	8938	8938	2.64627272486702e-05
chrM	8939	8939	7.93923836239977e-05
chrM	8940	8940	2.65794859527417e-05
chrM	8941	8941	0.000132996409096954
chrM	8942	8942	2.66049431984463e-05
chrM	8943	8943	0
chrM	8944	8944	0
chrM	8945	8945	0.000134796322756315
chrM	8946	8946	0.000566236147437107
chrM	8947	8947	0.000107898144151921
chrM	8948	8948	0
chrM	8949	8949	2.69854548398413e-05
chrM	8950	8950	0.000108154877784988
chrM	8951	8951	0.000108280772041905
chrM	8952	8952	0
chrM	8953	8953	0.000108527552432374
chrM	8954	8954	0.000786291415866818
chrM	8955	8955	0.000379702204984948
chrM	8956	8956	5.425200054252e-05
chrM	8957	8957	8.15350328857966e-05
chrM	8958	8958	0
chrM	8959	8959	0.000109301563012351
chrM	8960	8960	0.000600961538461538
chrM	8961	8961	0.000383435582822086
chrM	8962	8962	8.30265961863117e-05
chrM	8963	8963	0
chrM	8964	8964	2.77947634665629e-05
chrM	8965	8965	8.33935620170123e-05
chrM	8966	8966	0
chrM	8967	8967	0.00102937903405297
chrM	8968	8968	8.35282325425994e-05
chrM	8969	8969	2.79142474318892e-05
chrM	8970	8970	2.79212620410443e-05
chrM	8971	8971	0.000112302768263238
chrM	8972	8972	8.45046618405115e-05
chrM	8973	8973	0.000112701453848755
chrM	8974	8974	2.8255771241276e-05
chrM	8975	8975	0.00011316057485572
chrM	8976	8976	0
chrM	8977	8977	0
chrM	8978	8978	0.000230767011855655
chrM	8979	8979	0
chrM	8980	8980	0
chrM	8981	8981	3.14366551398931e-05
chrM	8982	8982	3.15656565656566e-05
chrM	8983	8983	0.000127713920817369
chrM	8984	8984	0
chrM	8985	8985	6.59347904922032e-05
chrM	8986	8986	0.00013233639912658
chrM	8987	8987	0
chrM	8988	8988	0
chrM	8989	8989	0.000168987427335406
chrM	8990	8990	0
chrM	8991	8991	3.44637441411635e-05
chrM	8992	8992	3.4494653328734e-05
chrM	8993	8993	3.47886588971995e-05
chrM	8994	8994	3.48274300839341e-05
chrM	8995	8995	7.04845814977974e-05
chrM	8996	8996	0.000459526334393779
chrM	8997	8997	0
chrM	8998	8998	0.000145793847499636
chrM	8999	8999	0
chrM	9000	9000	0.000112065745237206
chrM	9001	9001	0
chrM	9002	9002	0
chrM	9003	9003	7.74563339917122e-05
chrM	9004	9004	0
chrM	9005	9005	3.90884571785952e-05
chrM	9006	9006	0
chrM	9007	9007	0
chrM	9008	9008	4.04367165386171e-05
chrM	9009	9009	0
chrM	9010	9010	4.09014683627142e-05
chrM	9011	9011	0
chrM	9012	9012	8.20681165367255e-05
chrM	9013	9013	4.10745091596155e-05
chrM	9014	9014	4.13633355393779e-05
chrM	9015	9015	0
chrM	9016	9016	0.00111565637783563
chrM	9017	9017	0
chrM	9018	9018	0
chrM	9019	9019	4.38346556787796e-05
chrM	9020	9020	0
chrM	9021	9021	0
chrM	9022	9022	0
chrM	9023	9023	0
chrM	9024	9024	0
chrM	9025	9025	0
chrM	9026	9026	9.51927653498334e-05
chrM	9027	9027	0
chrM	9028	9028	0
chrM	9029	9029	0
chrM	9030	9030	9.84397302751391e-05
chrM	9031	9031	0
chrM	9032	9032	0
chrM	9033	9033	0
chrM	9034	9034	5.23532799329878e-05
chrM	9035	9035	0.000105097214923805
chrM	9036	9036	5.29044545550735e-05
chrM	9037	9037	0
chrM	9038	9038	0
chrM	9039	9039	0
chrM	9040	9040	0
chrM	9041	9041	0.000363416111447608
chrM	9042	9042	0.00039397998581672
chrM	9043	9043	7.89141414141414e-05
chrM	9044	9044	0
chrM	9045	9045	0
chrM	9046	9046	8.2994439372562e-05
chrM	9047	9047	0
chrM	9048	9048	0.000127064803049555
chrM	9049	9049	0.000127339870113332
chrM	9050	9050	0.000894340104765555
chrM	9051	9051	0.000640532923392262
chrM	9052	9052	0
chrM	9053	9053	0
chrM	9054	9054	0
chrM	9055	9055	0
chrM	9056	9056	0.000144196106705119
chrM	9057	9057	0
chrM	9058	9058	0
chrM	9059	9059	0.000302480338777979
chrM	9060	9060	0.000303674460977832
chrM	9061	9061	0
chrM	9062	9062	0
chrM	9063	9063	0.000552995391705069
chrM	9064	9064	0
chrM	9065	9065	0
chrM	9066	9066	0
chrM	9067	9067	0
chrM	9068	9068	0
chrM	9069	9069	0
chrM	9070	9070	0.000397930760047752
chrM	9071	9071	0.00377675199328577
chrM	9072	9072	0
chrM	9073	9073	0.000424989375265618
chrM	9074	9074	0.000462748727441
chrM	9075	9075	0
chrM	9076	9076	0
chrM	9077	9077	0.00336215177713737
chrM	9078	9078	0
chrM	9079	9079	0
chrM	9080	9080	0
chrM	9081	9081	0
chrM	9082	9082	0
chrM	9083	9083	0.000513347022587269
chrM	9084	9084	0.000513083632632119
chrM	9085	9085	0
chrM	9086	9086	0
chrM	9087	9087	0
chrM	9088	9088	0
chrM	9089	9089	0
chrM	9090	9090	0
chrM	9091	9091	0
chrM	9092	9092	0.00157977883096367
chrM	9093	9093	0.00315789473684211
chrM	9094	9094	0.00263991552270327
chrM	9095	9095	0.00108991825613079
chrM	9096	9096	0.00889382990550306
chrM	9097	9097	0
chrM	9098	9098	0.000557413600891862
chrM	9099	9099	0.000558971492453885
chrM	9100	9100	0
chrM	9101	9101	0.00280269058295964
chrM	9102	9102	0.000560538116591928
chrM	9103	9103	0
chrM	9104	9104	0.00224466891133558
chrM	9105	9105	0
chrM	9106	9106	0.00114876507754164
chrM	9107	9107	0
chrM	9108	9108	0
chrM	9109	9109	0
chrM	9110	9110	0.00116144018583043
chrM	9111	9111	0
chrM	9112	9112	0
chrM	9113	9113	0
chrM	9114	9114	0.000583090379008746
chrM	9115	9115	0
chrM	9116	9116	0.00175438596491228
chrM	9117	9117	0.000584795321637427
chrM	9118	9118	0.000584453535943892
chrM	9119	9119	0
chrM	9120	9120	0
chrM	9121	9121	0.00119047619047619
chrM	9122	9122	0.000595947556615018
chrM	9123	9123	0.000595947556615018
chrM	9124	9124	0
chrM	9125	9125	0
chrM	9126	9126	0.00121212121212121
chrM	9127	9127	0
chrM	9128	9128	0
chrM	9129	9129	0
chrM	9130	9130	0
chrM	9131	9131	0
chrM	9132	9132	0
chrM	9133	9133	0.000623052959501558
chrM	9134	9134	0
chrM	9135	9135	0.0012453300124533
chrM	9136	9136	0.000622277535780958
chrM	9137	9137	0.00248292985723153
chrM	9138	9138	0.00494437577255871
chrM	9139	9139	0.00308071472581639
chrM	9140	9140	0
chrM	9141	9141	0
chrM	9142	9142	0.0181598062953995
chrM	9143	9143	0.00422195416164053
chrM	9144	9144	0
chrM	9145	9145	0.00659077291791492
chrM	9146	9146	0.000598802395209581
chrM	9147	9147	0.0141676505312869
chrM	9148	9148	0.00587199060481503
chrM	9149	9149	0.0497484628283958
chrM	9150	9150	0.0137816979051819
chrM	9151	9151	0.010911074740862
chrM	9152	9152	0.000545851528384279
chrM	9153	9153	0.0161117078410312
chrM	9154	9154	0.012273212379936
chrM	9155	9155	0.00688924218335983
chrM	9156	9156	0
chrM	9157	9157	0.00945378151260504
chrM	9158	9158	0.00730688935281837
chrM	9159	9159	0.0298885511651469
chrM	9160	9160	0.00554156171284635
chrM	9161	9161	0.0345330739299611
chrM	9162	9162	0.0176864244741874
chrM	9163	9163	0.0408069692801467
chrM	9164	9164	0.00773782430587164
chrM	9165	9165	0.00498640072529465
chrM	9166	9166	0.003613369467028
chrM	9167	9167	0.0107286544479213
chrM	9168	9168	0.0171353251318102
chrM	9169	9169	0.105035405192762
chrM	9170	9170	0.0082063305978898
chrM	9171	9171	0.00389711613406079
chrM	9172	9172	0.00581170089112747
chrM	9173	9173	0.0111111111111111
chrM	9174	9174	0.00381679389312977
chrM	9175	9175	0
chrM	9176	9176	0.000381533765738268
chrM	9177	9177	0.00493545937737282
chrM	9178	9178	0.0355181252288539
chrM	9179	9179	0.043813529617946
chrM	9180	9180	0.00801114594218042
chrM	9181	9181	0.00174034110685694
chrM	9182	9182	0.010351966873706
chrM	9183	9183	0.00343878954607978
chrM	9184	9184	0.0149051490514905
chrM	9185	9185	0.00101522842639594
chrM	9186	9186	0.077163386441737
chrM	9187	9187	0.00713399503722084
chrM	9188	9188	0.0128597672994489
chrM	9189	9189	0.00153045607591062
chrM	9190	9190	0.00970285021224985
chrM	9191	9191	0.00272149984880556
chrM	9192	9192	0.0273529411764706
chrM	9193	9193	0.0122022080185938
chrM	9194	9194	0.000290444379901249
chrM	9195	9195	0.016295025728988
chrM	9196	9196	0.154050785973398
chrM	9197	9197	0.00744119059049448
chrM	9198	9198	0.0038259206121473
chrM	9199	9199	0.00570613409415121
chrM	9200	9200	0.00118736642127761
chrM	9201	9201	0.00660533144609578
chrM	9202	9202	0.00469593801361822
chrM	9203	9203	0.0118411887624797
chrM	9204	9204	0.0128410914927769
chrM	9205	9205	0.000458400183360073
chrM	9206	9206	0.00114468864468864
chrM	9207	9207	0
chrM	9208	9208	0.00137425561154375
chrM	9209	9209	0.0175517551755176
chrM	9210	9210	0.000449842555105713
chrM	9211	9211	0.00803212851405622
chrM	9212	9212	0.013215859030837
chrM	9213	9213	0.00373216245883644
chrM	9214	9214	0.00241016652059597
chrM	9215	9215	0.00458015267175573
chrM	9216	9216	0.00109027474923681
chrM	9217	9217	0.00108908734480505
chrM	9218	9218	0.0504653567735264
chrM	9219	9219	0.0255996774843781
chrM	9220	9220	0.00701262272089762
chrM	9221	9221	0.0018
chrM	9222	9222	0.0174921383647799
chrM	9223	9223	0.020977675134719
chrM	9224	9224	0.00153727901614143
chrM	9225	9225	0.00857469512195122
chrM	9226	9226	0.00436515467830708
chrM	9227	9227	0.0289400921658986
chrM	9228	9228	0.0156051533297042
chrM	9229	9229	0.00916936353829558
chrM	9230	9230	0.00286995515695067
chrM	9231	9231	0.000537827178200072
chrM	9232	9232	0.00232516544446432
chrM	9233	9233	0.005690912324382
chrM	9234	9234	0.00283838921412099
chrM	9235	9235	0.0080943163821925
chrM	9236	9236	0.00210711150131694
chrM	9237	9237	0.014878892733564
chrM	9238	9238	0.000173010380622837
chrM	9239	9239	0.00413507925568573
chrM	9240	9240	0.0585658663205711
chrM	9241	9241	0.017230376515635
chrM	9242	9242	0.00270614453995543
chrM	9243	9243	0.0207326578332034
chrM	9244	9244	0.00124727159338946
chrM	9245	9245	0.021815408085431
chrM	9246	9246	0.0246987055497694
chrM	9247	9247	0.000743383883437407
chrM	9248	9248	0.00266903914590747
chrM	9249	9249	0.00750662349131587
chrM	9250	9250	0.00439624853458382
chrM	9251	9251	0.00408639813193228
chrM	9252	9252	0.00262237762237762
chrM	9253	9253	0.00116448326055313
chrM	9254	9254	0.00014553922282055
chrM	9255	9255	0.00578787440312545
chrM	9256	9256	0.0307152875175316
chrM	9257	9257	0.00446989803045118
chrM	9258	9258	0.0273134936812067
chrM	9259	9259	0.00741839762611276
chrM	9260	9260	0.00776543044584282
chrM	9261	9261	0.000669075337883046
chrM	9262	9262	0.0400770712909441
chrM	9263	9263	0.00102695763799743
chrM	9264	9264	0.000897781197896627
chrM	9265	9265	0.0101561508188397
chrM	9266	9266	0.00164765525982256
chrM	9267	9267	0.0319018404907975
chrM	9268	9268	0.000122699386503067
chrM	9269	9269	0.00342465753424658
chrM	9270	9270	0.0101707228478024
chrM	9271	9271	0.00589792970630717
chrM	9272	9272	0.00443379269023367
chrM	9273	9273	0.00619416319237641
chrM	9274	9274	0.0056980056980057
chrM	9275	9275	0.00613496932515337
chrM	9276	9276	0.00737877723120169
chrM	9277	9277	0.00128730251609128
chrM	9278	9278	0.00175418079756754
chrM	9279	9279	0.00105386416861827
chrM	9280	9280	0.0018700327255727
chrM	9281	9281	0.00650557620817844
chrM	9282	9282	0
chrM	9283	9283	0.00371143586174901
chrM	9284	9284	0.000116009280742459
chrM	9285	9285	0.000579911853398283
chrM	9286	9286	0.000926998841251448
chrM	9287	9287	0.000579307148650214
chrM	9288	9288	0.00495848708487085
chrM	9289	9289	0.000346060675971854
chrM	9290	9290	0.000230786983614124
chrM	9291	9291	0
chrM	9292	9292	0
chrM	9293	9293	0.0100836484473473
chrM	9294	9294	0.0118926265715257
chrM	9295	9295	0.0476858345021038
chrM	9296	9296	0.00107770233861407
chrM	9297	9297	0.00215169445938677
chrM	9298	9298	0.000430709594056208
chrM	9299	9299	0.00386805630170839
chrM	9300	9300	0.00513149454778704
chrM	9301	9301	0.00170812426604035
chrM	9302	9302	0
chrM	9303	9303	0.000213720880530028
chrM	9304	9304	0
chrM	9305	9305	0.0486019318759532
chrM	9306	9306	0.00515985430999595
chrM	9307	9307	0.00292545142741854
chrM	9308	9308	0.000302541347317467
chrM	9309	9309	0.029273546113178
chrM	9310	9310	0.000197745699031046
chrM	9311	9311	0.00482568445932637
chrM	9312	9312	0.0053019145802651
chrM	9313	9313	0.000980969197567196
chrM	9314	9314	0.0010782199568712
chrM	9315	9315	0.00264058679706601
chrM	9316	9316	0.00525803310613437
chrM	9317	9317	0.00156955071610751
chrM	9318	9318	0.00108310358408822
chrM	9319	9319	0.00324196875921014
chrM	9320	9320	0.00372147683870336
chrM	9321	9321	0.001470299941188
chrM	9322	9322	0.00565467485619577
chrM	9323	9323	0.00283896231032795
chrM	9324	9324	0.000391581008321096
chrM	9325	9325	0.00786942582337511
chrM	9326	9326	0.00599207499758384
chrM	9327	9327	0.00663525338974901
chrM	9328	9328	0.00602813127930342
chrM	9329	9329	0.00191076717301997
chrM	9330	9330	0.00371357836602552
chrM	9331	9331	9.52562392836731e-05
chrM	9332	9332	0.0028585040495474
chrM	9333	9333	0.0031374786081004
chrM	9334	9334	0.0017095640611644
chrM	9335	9335	0.016920631952884
chrM	9336	9336	0.000281135788585887
chrM	9337	9337	0.0613718411552347
chrM	9338	9338	0.00717473094758947
chrM	9339	9339	0.00192223678462211
chrM	9340	9340	0.00183166157871784
chrM	9341	9341	0.00477637863656101
chrM	9342	9342	0.0568285217966747
chrM	9343	9343	0.00249231536097034
chrM	9344	9344	8.33402783565297e-05
chrM	9345	9345	0.0049838026414154
chrM	9346	9346	0.00224663005491762
chrM	9347	9347	0.0087451530401782
chrM	9348	9348	8.25423029302517e-05
chrM	9349	9349	8.25627476882431e-05
chrM	9350	9350	0.000742635530984405
chrM	9351	9351	0.000165016501650165
chrM	9352	9352	0.00858965968586387
chrM	9353	9353	0.000899942730917123
chrM	9354	9354	0.000327359031017268
chrM	9355	9355	0.000163652728909255
chrM	9356	9356	0.000163639338897071
chrM	9357	9357	0.000327251902151681
chrM	9358	9358	0.00122689350564371
chrM	9359	9359	0.00090684253915911
chrM	9360	9360	0.00164717509471257
chrM	9361	9361	0.000329543582138738
chrM	9362	9362	0.0117302052785924
chrM	9363	9363	0.000816459830176355
chrM	9364	9364	0.000163425396306586
chrM	9365	9365	0.000654610915637018
chrM	9366	9366	0.00130836536102707
chrM	9367	9367	0.0125191826185284
chrM	9368	9368	0.00410264660928324
chrM	9369	9369	0.0112538909729428
chrM	9370	9370	0.00119817876827223
chrM	9371	9371	0.00366212881140037
chrM	9372	9372	0.00262216924910608
chrM	9373	9373	0.000794091955848487
chrM	9374	9374	0.00655815423514539
chrM	9375	9375	0.00149996052735454
chrM	9376	9376	0.0135029659694037
chrM	9377	9377	0.0252113641556859
chrM	9378	9378	0.00229797012638836
chrM	9379	9379	0.00399232245681382
chrM	9380	9380	0.00283503179832963
chrM	9381	9381	0.0129437589887215
chrM	9382	9382	0.0265349745706494
chrM	9383	9383	0.00535543980632382
chrM	9384	9384	0.00191288993525603
chrM	9385	9385	0.00278878614413621
chrM	9386	9386	0.0492603963159364
chrM	9387	9387	0.00926566173419997
chrM	9388	9388	0.00145965107388615
chrM	9389	9389	0.000278377061730113
chrM	9390	9390	0.00139111080197538
chrM	9391	9391	0.000764685436218283
chrM	9392	9392	0.000208521581983735
chrM	9393	9393	0.00243072435585805
chrM	9394	9394	0.000488111010389792
chrM	9395	9395	0.000557568999163646
chrM	9396	9396	0.00298880934176687
chrM	9397	9397	0.00188074672610755
chrM	9398	9398	0.0106522791727191
chrM	9399	9399	0.0113870215393058
chrM	9400	9400	0.00246947455069282
chrM	9401	9401	0.000961472426344344
chrM	9402	9402	0.000480736213172172
chrM	9403	9403	0.00145167980091248
chrM	9404	9404	0.0031711016131256
chrM	9405	9405	0.0073473872141729
chrM	9406	9406	0.0021932830705963
chrM	9407	9407	0.000960351214158321
chrM	9408	9408	0.00104909777591272
chrM	9409	9409	0.000839336923830174
chrM	9410	9410	0.00419257913493117
chrM	9411	9411	0.000349944008958567
chrM	9412	9412	0.00020996640537514
chrM	9413	9413	0.000699839037021485
chrM	9414	9414	0
chrM	9415	9415	7.00378204230284e-05
chrM	9416	9416	0.00727272727272727
chrM	9417	9417	0.00383890556292315
chrM	9418	9418	0.0164159626347963
chrM	9419	9419	0.00403750085540272
chrM	9420	9420	0.00307125307125307
chrM	9421	9421	0.00109185205404668
chrM	9422	9422	0
chrM	9423	9423	0.0113682501015022
chrM	9424	9424	0.0156531006461067
chrM	9425	9425	0.0152867077811311
chrM	9426	9426	0.00418382689416225
chrM	9427	9427	0.0273502098969597
chrM	9428	9428	0.00638406537282942
chrM	9429	9429	0.00495899294297158
chrM	9430	9430	0.00840229957672626
chrM	9431	9431	0.00289836809274778
chrM	9432	9432	0.0043336264288406
chrM	9433	9433	0.000314485187747657
chrM	9434	9434	0.00606439512347609
chrM	9435	9435	0.0558275614998806
chrM	9436	9436	0.00119481450504809
chrM	9437	9437	0.0421245421245421
chrM	9438	9438	0.00143061516452074
chrM	9439	9439	0.00154285714285714
chrM	9440	9440	0.000628248329430579
chrM	9441	9441	0.00511712531271321
chrM	9442	9442	0.00170687300864816
chrM	9443	9443	0.000113791533909877
chrM	9444	9444	0.00073909830007391
chrM	9445	9445	0.000113707430780602
chrM	9446	9446	0.000738930256351958
chrM	9447	9447	0.0046958981612447
chrM	9448	9448	0.00270910938029123
chrM	9449	9449	0.00140916521052928
chrM	9450	9450	0.00016907123534716
chrM	9451	9451	0.000112822248547414
chrM	9452	9452	0.00118356534971538
chrM	9453	9453	0.00275559554605781
chrM	9454	9454	0.000393501602113666
chrM	9455	9455	0.000224820143884892
chrM	9456	9456	0.00056173463655769
chrM	9457	9457	0.000785854616895874
chrM	9458	9458	0.000224542494667116
chrM	9459	9459	0.00184967210358164
chrM	9460	9460	0.000393081761006289
chrM	9461	9461	0.00173796041935303
chrM	9462	9462	0.00301878354203936
chrM	9463	9463	0.00395433027011974
chrM	9464	9464	0.00150535236396075
chrM	9465	9465	0.00050189605175106
chrM	9466	9466	0.000223139573803414
chrM	9467	9467	0.000669456066945607
chrM	9468	9468	0.00206128133704735
chrM	9469	9469	0.000896559453098734
chrM	9470	9470	0.00414519381581896
chrM	9471	9471	0.00207457246986263
chrM	9472	9472	0.000504540867810293
chrM	9473	9473	5.61356236667789e-05
chrM	9474	9474	0.010309852875613
chrM	9475	9475	0.000224177548618506
chrM	9476	9476	0.00106496272630458
chrM	9477	9477	0.000616972348421112
chrM	9478	9478	0.00829852408799777
chrM	9479	9479	0.0107241569928137
chrM	9480	9480	0.0105101817385592
chrM	9481	9481	0.00218878248974008
chrM	9482	9482	0.00750163078930202
chrM	9483	9483	0.00319973968219535
chrM	9484	9484	0.0022192151556157
chrM	9485	9485	0.000649737397801722
chrM	9486	9486	0.0240148108965882
chrM	9487	9487	0.00510929681327364
chrM	9488	9488	0.00115874855156431
chrM	9489	9489	0.0113073836694284
chrM	9490	9490	0.00208997335283975
chrM	9491	9491	0.00929914889145739
chrM	9492	9492	0.00272994540109198
chrM	9493	9493	0.002360346184107
chrM	9494	9494	0.00130999790400335
chrM	9495	9495	0.000472366556447804
chrM	9496	9496	0.00506580321704617
chrM	9497	9497	0.00167926112510495
chrM	9498	9498	0.0466035941332532
chrM	9499	9499	0.0050877893056664
chrM	9500	9500	0.001894883813703
chrM	9501	9501	0.0354800822159147
chrM	9502	9502	0.00397389981847618
chrM	9503	9503	0.0157346161555422
chrM	9504	9504	0.000100265704115907
chrM	9505	9505	0.00850534692862472
chrM	9506	9506	0.000149276011344977
chrM	9507	9507	0
chrM	9508	9508	0.00029907287409032
chrM	9509	9509	0.0100681077879775
chrM	9510	9510	0.00157884349713835
chrM	9511	9511	0.00632476956265935
chrM	9512	9512	0.00205640423031727
chrM	9513	9513	0.000587947084762371
chrM	9514	9514	9.80969197567196e-05
chrM	9515	9515	0.00151945887658073
chrM	9516	9516	9.85561523678116e-05
chrM	9517	9517	0.00044376510034022
chrM	9518	9518	0.000985464400098546
chrM	9519	9519	0.00587975892988387
chrM	9520	9520	0.00122946788629881
chrM	9521	9521	0.000443677594281489
chrM	9522	9522	0.00128066200374347
chrM	9523	9523	0.000246293286045022
chrM	9524	9524	0.00078755660563103
chrM	9525	9525	0.000541471818853064
chrM	9526	9526	0
chrM	9527	9527	0
chrM	9528	9528	0.000547045951859956
chrM	9529	9529	0.000248743843589871
chrM	9530	9530	4.99375780274657e-05
chrM	9531	9531	4.99350843902926e-05
chrM	9532	9532	0.00422654268808115
chrM	9533	9533	0.00049830576041459
chrM	9534	9534	9.96611520829181e-05
chrM	9535	9535	0.00560905390648268
chrM	9536	9536	0.00400970248997574
chrM	9537	9537	0.00212419107839747
chrM	9538	9538	4.95172072295123e-05
chrM	9539	9539	0.00585918266863614
chrM	9540	9540	0.0215408499902969
chrM	9541	9541	0.0131407942238267
chrM	9542	9542	0.00483925063485219
chrM	9543	9543	0.00699633525296273
chrM	9544	9544	0.00280885272894571
chrM	9545	9545	9.70591089973794e-05
chrM	9546	9546	0.000533747391916153
chrM	9547	9547	0.00213385063045587
chrM	9548	9548	0.00014972301242701
chrM	9549	9549	0.00259157737353601
chrM	9550	9550	0.000598444045481747
chrM	9551	9551	0.000807550598092162
chrM	9552	9552	0.00121144818535157
chrM	9553	9553	0.000606980273141123
chrM	9554	9554	0.0147684605757196
chrM	9555	9555	0.00553119394060195
chrM	9556	9556	0.0058024201547312
chrM	9557	9557	0.000297619047619048
chrM	9558	9558	0.00139088967264418
chrM	9559	9559	0.00178571428571429
chrM	9560	9560	0.00415676959619952
chrM	9561	9561	0.00173053152039555
chrM	9562	9562	0.00315628544656507
chrM	9563	9563	0.00700877321962457
chrM	9564	9564	0.000637129974514801
chrM	9565	9565	0.0160675512665862
chrM	9566	9566	0.00122106085767315
chrM	9567	9567	0.00626669905270828
chrM	9568	9568	0.000679809653297077
chrM	9569	9569	0.00174536992145835
chrM	9570	9570	0.00179341767243469
chrM	9571	9571	0.0018882540912172
chrM	9572	9572	0.0155072048859624
chrM	9573	9573	0.00781620085267646
chrM	9574	9574	0.0107915356824473
chrM	9575	9575	0.00192145468178836
chrM	9576	9576	0.00266991428169938
chrM	9577	9577	0.0264168190127971
chrM	9578	9578	0.0733929403788296
chrM	9579	9579	0.00645433452858047
chrM	9580	9580	0.0127067449902096
chrM	9581	9581	0.0211279117286473
chrM	9582	9582	0.00338485379878472
chrM	9583	9583	0.00624265272203981
chrM	9584	9584	0.000528777709985764
chrM	9585	9585	0.0511158548418397
chrM	9586	9586	0.0218803418803419
chrM	9587	9587	0.00106322384659199
chrM	9588	9588	0.00825760717921647
chrM	9589	9589	0.00143585868127716
chrM	9590	9590	0.0035456980121459
chrM	9591	9591	0
chrM	9592	9592	0.00405984512442673
chrM	9593	9593	0.00236291350986423
chrM	9594	9594	0.0151123263375702
chrM	9595	9595	0.000517101277978873
chrM	9596	9596	0.000221713103244402
chrM	9597	9597	0.000594044701863815
chrM	9598	9598	0.00262962962962963
chrM	9599	9599	0.00177738280382137
chrM	9600	9600	0.00218001773573751
chrM	9601	9601	0.000222057735011103
chrM	9602	9602	0.00291555949217597
chrM	9603	9603	0.00110619469026549
chrM	9604	9604	0.000110664355011251
chrM	9605	9605	0.0023198438708252
chrM	9606	9606	0.000149488003587712
chrM	9607	9607	0.000784430914048784
chrM	9608	9608	0.00253419297134126
chrM	9609	9609	0.00345513952003605
chrM	9610	9610	0.0155030155030155
chrM	9611	9611	0.00711914422722243
chrM	9612	9612	0.00572624160334765
chrM	9613	9613	0.0139819610968233
chrM	9614	9614	0.00656589343049894
chrM	9615	9615	0.000757275251523566
chrM	9616	9616	0.00208820882088209
chrM	9617	9617	0.0020163468116516
chrM	9618	9618	0.00870899810829139
chrM	9619	9619	0.00955109837631328
chrM	9620	9620	0.00123683652554951
chrM	9621	9621	0.00148320796694565
chrM	9622	9622	0.001306266548985
chrM	9623	9623	0.0005646328122243
chrM	9624	9624	0.0150918173503131
chrM	9625	9625	0.000105563179562968
chrM	9626	9626	0.00407289069906253
chrM	9627	9627	0.000492264416315049
chrM	9628	9628	0.000211520834802228
chrM	9629	9629	0.000920516905647017
chrM	9630	9630	0.000213804653814631
chrM	9631	9631	0.00701829008932369
chrM	9632	9632	0.000710757311915846
chrM	9633	9633	0.000319795330988168
chrM	9634	9634	0.0142481137041586
chrM	9635	9635	0.00139176361430305
chrM	9636	9636	0
chrM	9637	9637	0.00672669680037015
chrM	9638	9638	0.00699325523606674
chrM	9639	9639	0.00184325263195208
chrM	9640	9640	0.000676951580147504
chrM	9641	9641	0.00117446081571642
chrM	9642	9642	0.000430725053840632
chrM	9643	9643	0.000107894263621651
chrM	9644	9644	0.00200997810559564
chrM	9645	9645	0.012807776910523
chrM	9646	9646	0.00304284753918551
chrM	9647	9647	0.0113051695775437
chrM	9648	9648	0.0105518917042694
chrM	9649	9649	0.00981810665564283
chrM	9650	9650	0.00217218908388787
chrM	9651	9651	0.000794226319969612
chrM	9652	9652	6.90822424095886e-05
chrM	9653	9653	0.00179651062359648
chrM	9654	9654	0.00134822138486535
chrM	9655	9655	0.00612673390011359
chrM	9656	9656	0.00107919930374238
chrM	9657	9657	0.000591983842323362
chrM	9658	9658	0.00323152298551027
chrM	9659	9659	0.00034769305656966
chrM	9660	9660	0.00142698037031881
chrM	9661	9661	0
chrM	9662	9662	0.000139606310205221
chrM	9663	9663	7.02641933670601e-05
chrM	9664	9664	0.000386507378777231
chrM	9665	9665	0.00108928634175481
chrM	9666	9666	3.51704005908627e-05
chrM	9667	9667	0.000246192804136039
chrM	9668	9668	0
chrM	9669	9669	0.00126488879519342
chrM	9670	9670	0.000245985170608286
chrM	9671	9671	0.00010548894124266
chrM	9672	9672	0.00017626736233519
chrM	9673	9673	0.00105689624801832
chrM	9674	9674	0.000317628374801482
chrM	9675	9675	0.0016911531550576
chrM	9676	9676	0.000917528319864488
chrM	9677	9677	0.000282455954524591
chrM	9678	9678	0.0210846496837303
chrM	9679	9679	0.00696828230124948
chrM	9680	9680	0.000823242890954619
chrM	9681	9681	0.00191905692059902
chrM	9682	9682	0.000345506685554365
chrM	9683	9683	0.000656235968638828
chrM	9684	9684	0.00767780634104542
chrM	9685	9685	0.000412512891027845
chrM	9686	9686	0.000137523207041188
chrM	9687	9687	0.000344222229871605
chrM	9688	9688	0.000172164451484058
chrM	9689	9689	0.00161728777399264
chrM	9690	9690	0.00815666299559471
chrM	9691	9691	0.000724912837861162
chrM	9692	9692	0.00217106623475084
chrM	9693	9693	0.000964486238848128
chrM	9694	9694	0.000482708685308416
chrM	9695	9695	0.0050330943188086
chrM	9696	9696	0.000181646443362639
chrM	9697	9697	3.6473720684247e-05
chrM	9698	9698	0.000656144060073634
chrM	9699	9699	0.000658424171482918
chrM	9700	9700	0.0103924418604651
chrM	9701	9701	0.0110249972710403
chrM	9702	9702	0.011209630911188
chrM	9703	9703	0.00184022515696038
chrM	9704	9704	0.00108436347863804
chrM	9705	9705	0.00514610623290629
chrM	9706	9706	0.0105875174963213
chrM	9707	9707	0.00275738585496867
chrM	9708	9708	0.00813643631195594
chrM	9709	9709	0.000674931618770204
chrM	9710	9710	0.00120652945351313
chrM	9711	9711	0.000106579508313202
chrM	9712	9712	0.0016677311759279
chrM	9713	9713	0.000746056558192411
chrM	9714	9714	0.00786401946609303
chrM	9715	9715	0.000246817813194175
chrM	9716	9716	0.00105805177400014
chrM	9717	9717	0.000743678730788299
chrM	9718	9718	0.00024869435463815
chrM	9719	9719	3.56735159817352e-05
chrM	9720	9720	0.000788728354784354
chrM	9721	9721	0.000150065653723504
chrM	9722	9722	0.000262575490453505
chrM	9723	9723	0.000188836014804744
chrM	9724	9724	0.000113675116516994
chrM	9725	9725	0.000989910527317723
chrM	9726	9726	0.000649921627097909
chrM	9727	9727	3.82409177820268e-05
chrM	9728	9728	0.000153798831128883
chrM	9729	9729	0.000500461964890668
chrM	9730	9730	0.000541565123206066
chrM	9731	9731	0.0014695077149155
chrM	9732	9732	0.000117748645890572
chrM	9733	9733	0.000985454688793409
chrM	9734	9734	0.00761859880615771
chrM	9735	9735	0.00224356451231992
chrM	9736	9736	0.00255663939584644
chrM	9737	9737	0.00276625172890733
chrM	9738	9738	0.00166119526954871
chrM	9739	9739	0.00449154879634372
chrM	9740	9740	0.00201056532366159
chrM	9741	9741	0.000473391455284232
chrM	9742	9742	0.00292016889625508
chrM	9743	9743	0.000118394569635739
chrM	9744	9744	7.89515237644087e-05
chrM	9745	9745	0.000236873272799053
chrM	9746	9746	0.000473671745480382
chrM	9747	9747	0.000986115493846639
chrM	9748	9748	0.000985843290350566
chrM	9749	9749	0.000551985175255293
chrM	9750	9750	7.91045366451766e-05
chrM	9751	9751	0
chrM	9752	9752	0.000918383644785178
chrM	9753	9753	4.06586704614759e-05
chrM	9754	9754	0.000162641294624705
chrM	9755	9755	0.000122035553024448
chrM	9756	9756	0.0012196113505163
chrM	9757	9757	0.000162786911932281
chrM	9758	9758	4.09433344251556e-05
chrM	9759	9759	0.00204473888684415
chrM	9760	9760	0.00041023957991467
chrM	9761	9761	4.1023957991467e-05
chrM	9762	9762	4.1023957991467e-05
chrM	9763	9763	0
chrM	9764	9764	0
chrM	9765	9765	4.11370274383973e-05
chrM	9766	9766	0.000246771407419594
chrM	9767	9767	0.000370278943470748
chrM	9768	9768	0
chrM	9769	9769	4.11709004075919e-05
chrM	9770	9770	0
chrM	9771	9771	0
chrM	9772	9772	0.000329367203260735
chrM	9773	9773	4.11742907728414e-05
chrM	9774	9774	8.24402308326463e-05
chrM	9775	9775	0.000164921250103076
chrM	9776	9776	4.14559323439184e-05
chrM	9777	9777	0
chrM	9778	9778	0.000166958844644795
chrM	9779	9779	4.20592193808883e-05
chrM	9780	9780	4.20822286748306e-05
chrM	9781	9781	4.21336479312379e-05
chrM	9782	9782	0
chrM	9783	9783	0
chrM	9784	9784	0
chrM	9785	9785	4.66788031554871e-05
chrM	9786	9786	0.00070008401008121
chrM	9787	9787	0.000887104304790363
chrM	9788	9788	0.000513994673146115
chrM	9789	9789	0.000235216634520393
chrM	9790	9790	0.000141276194961149
chrM	9791	9791	0.000659319958557031
chrM	9792	9792	0.0133116127530835
chrM	9793	9793	0.021951442132165
chrM	9794	9794	0.00219689688315255
chrM	9795	9795	0.000732198425773385
chrM	9796	9796	0.000275128393250183
chrM	9797	9797	0.0706303847138105
chrM	9798	9798	0.00552580852430927
chrM	9799	9799	0.00124527653727241
chrM	9800	9800	0.000989077148017545
chrM	9801	9801	0.000172771250863856
chrM	9802	9802	0.000824509633744142
chrM	9803	9803	0.00382608695652174
chrM	9804	9804	0.00349777414372672
chrM	9805	9805	0.000227800810970887
chrM	9806	9806	0.00127475529251081
chrM	9807	9807	0.000592363072997357
chrM	9808	9808	0.00651107341006007
chrM	9809	9809	0.00296250893860456
chrM	9810	9810	0.000817577925396014
chrM	9811	9811	0.000830651022739072
chrM	9812	9812	0.000570835495588998
chrM	9813	9813	0.000467071461933676
chrM	9814	9814	0.00996988264617302
chrM	9815	9815	0.00378591432424022
chrM	9816	9816	0.00351966873706004
chrM	9817	9817	0.00746230250630436
chrM	9818	9818	0.000411840411840412
chrM	9819	9819	0.00124300807955252
chrM	9820	9820	0.000103831377842384
chrM	9821	9821	0.00301810865191147
chrM	9822	9822	0.00111399925733383
chrM	9823	9823	5.30926466684364e-05
chrM	9824	9824	0.000427236315086782
chrM	9825	9825	0.00032133676092545
chrM	9826	9826	0
chrM	9827	9827	0.00327270776329202
chrM	9828	9828	0.000644156959579151
chrM	9829	9829	0.00262706412180999
chrM	9830	9830	0.000429046444277593
chrM	9831	9831	0.00268990746718313
chrM	9832	9832	0.00355699272433306
chrM	9833	9833	0.000597728631201434
chrM	9834	9834	0.000817483241593547
chrM	9835	9835	0.00682519906830616
chrM	9836	9836	0.0024889081268261
chrM	9837	9837	0.00725338491295938
chrM	9838	9838	0.000431918799265738
chrM	9839	9839	0.000976774473627089
chrM	9840	9840	0.000596885343751696
chrM	9841	9841	0.000821467688937568
chrM	9842	9842	0.00605003542813539
chrM	9843	9843	0.00340397496431317
chrM	9844	9844	0.00197390064700077
chrM	9845	9845	5.49420361518598e-05
chrM	9846	9846	0.000166260252715584
chrM	9847	9847	0.000886770492711855
chrM	9848	9848	0.00306474980497047
chrM	9849	9849	0.00289355072060542
chrM	9850	9850	0.000445310325633176
chrM	9851	9851	5.57848934508535e-05
chrM	9852	9852	0.00206001892990368
chrM	9853	9853	0.00538381382424453
chrM	9854	9854	0.00793240213829971
chrM	9855	9855	0.000346440325653906
chrM	9856	9856	0.000865501125151463
chrM	9857	9857	0.00190234622701332
chrM	9858	9858	0.0018450184501845
chrM	9859	9859	0.00196248196248196
chrM	9860	9860	0.00406528015082779
chrM	9861	9861	0.000355029585798817
chrM	9862	9862	0.000177588350204227
chrM	9863	9863	0.0038926570333235
chrM	9864	9864	0.0131306559413261
chrM	9865	9865	0.000119317503877819
chrM	9866	9866	0.00386743618730291
chrM	9867	9867	0.000179910044977511
chrM	9868	9868	0.00275680210955292
chrM	9869	9869	0.00084008400840084
chrM	9870	9870	0.000127315551594627
chrM	9871	9871	0.00102047324446712
chrM	9872	9872	6.43832088591295e-05
chrM	9873	9873	0.0032123353678124
chrM	9874	9874	6.47710343934193e-05
chrM	9875	9875	0.00137876698837896
chrM	9876	9876	0.000465116279069767
chrM	9877	9877	0.000605367592654873
chrM	9878	9878	0.000202061022428773
chrM	9879	9879	0.000344328902968115
chrM	9880	9880	0.000349088878028346
chrM	9881	9881	0
chrM	9882	9882	7.00427260628984e-05
chrM	9883	9883	7.01163932127331e-05
chrM	9884	9884	0.00343377715487036
chrM	9885	9885	0.00874798796276856
chrM	9886	9886	0.00132969417034082
chrM	9887	9887	0.00147617039223956
chrM	9888	9888	0.000492229800998523
chrM	9889	9889	0.0037910699241786
chrM	9890	9890	0.000771713203311351
chrM	9891	9891	0.000140538261541705
chrM	9892	9892	0
chrM	9893	9893	0
chrM	9894	9894	0
chrM	9895	9895	0.000495224619738238
chrM	9896	9896	0.000144331384859638
chrM	9897	9897	0
chrM	9898	9898	0
chrM	9899	9899	0.000150127608467197
chrM	9900	9900	0
chrM	9901	9901	0.000227203877612845
chrM	9902	9902	0
chrM	9903	9903	0.00519891500904159
chrM	9904	9904	0.0243809813155096
chrM	9905	9905	0.0823471745676073
chrM	9906	9906	0.0169621666899344
chrM	9907	9907	0.0123473822170104
chrM	9908	9908	0.00405358983167296
chrM	9909	9909	0.000618259256714983
chrM	9910	9910	0.0065524537574227
chrM	9911	9911	0.00631750560423884
chrM	9912	9912	0.000207282526083051
chrM	9913	9913	0.000345351567896118
chrM	9914	9914	6.90750846169787e-05
chrM	9915	9915	0.00179446476637449
chrM	9916	9916	0.00166055490209645
chrM	9917	9917	0.00420283863855588
chrM	9918	9918	0.000482060464155361
chrM	9919	9919	0.0691932794664615
chrM	9920	9920	0.0070525801270861
chrM	9921	9921	0.000140390284992279
chrM	9922	9922	0.000210703750526759
chrM	9923	9923	0
chrM	9924	9924	0
chrM	9925	9925	0
chrM	9926	9926	0.00128278221208666
chrM	9927	9927	7.12758374910905e-05
chrM	9928	9928	0
chrM	9929	9929	7.12809180982251e-05
chrM	9930	9930	0.0128141941843273
chrM	9931	9931	0.00450767713762502
chrM	9932	9932	0.0576782510465812
chrM	9933	9933	0.000865627913170862
chrM	9934	9934	0.0115283267457181
chrM	9935	9935	0.00870081075736603
chrM	9936	9936	0.00926534367196741
chrM	9937	9937	0.00167807759430796
chrM	9938	9938	0.00488098422037978
chrM	9939	9939	0.00234113712374582
chrM	9940	9940	0.00750182566553807
chrM	9941	9941	0.00166345066205336
chrM	9942	9942	0.00219517062462582
chrM	9943	9943	0.00331762988521001
chrM	9944	9944	0.000995156903071718
chrM	9945	9945	0.00894501446987635
chrM	9946	9946	0.00608041843739784
chrM	9947	9947	0.0034584013050571
chrM	9948	9948	0.00130599451482304
chrM	9949	9949	0.00117470469229263
chrM	9950	9950	0.00288146692861821
chrM	9951	9951	0.00250610037591506
chrM	9952	9952	0.00449378799894264
chrM	9953	9953	0.00343098442860913
chrM	9954	9954	0.00153302672798774
chrM	9955	9955	0.00199853440810073
chrM	9956	9956	0.00127056306005082
chrM	9957	9957	0.00133877769596359
chrM	9958	9958	0.00240834894300241
chrM	9959	9959	0.00400240144086452
chrM	9960	9960	0.00173402694411098
chrM	9961	9961	0.00431807613100379
chrM	9962	9962	0.00483443708609272
chrM	9963	9963	0.00119213192926684
chrM	9964	9964	0.00146510388918487
chrM	9965	9965	0.00153159752280748
chrM	9966	9966	0.00312853624442521
chrM	9967	9967	0.00206226716338478
chrM	9968	9968	0.000667645880624917
chrM	9969	9969	0.0359373993688414
chrM	9970	9970	0.000129954515919428
chrM	9971	9971	0.00182660317046122
chrM	9972	9972	0.0104725580192643
chrM	9973	9973	0.000522841644336971
chrM	9974	9974	0.000659848234905972
chrM	9975	9975	0.00973792562577609
chrM	9976	9976	0.000266152105928538
chrM	9977	9977	0.000532836019714933
chrM	9978	9978	0.000399866711096301
chrM	9979	9979	0.000533084560538415
chrM	9980	9980	0.000666533359994668
chrM	9981	9981	6.66622225184988e-05
chrM	9982	9982	0.00126514848848049
chrM	9983	9983	0.000932525144874442
chrM	9984	9984	0.00113386246915227
chrM	9985	9985	0.00113272921108742
chrM	9986	9986	0.000533049040511727
chrM	9987	9987	0.00133111480865225
chrM	9988	9988	0.00588935944944415
chrM	9989	9989	0.00165212794078773
chrM	9990	9990	0.00105715229600264
chrM	9991	9991	0.000924397490921096
chrM	9992	9992	0.000923604697189603
chrM	9993	9993	0.00223816733592259
chrM	9994	9994	0.00131518379693562
chrM	9995	9995	0.000132441560161579
chrM	9996	9996	6.62471016893011e-05
chrM	9997	9997	0
chrM	9998	9998	6.62866233594061e-05
chrM	9999	9999	0.00535324829819576
chrM	10000	10000	0.00112233445566779
chrM	10001	10001	0.000857519788918206
chrM	10002	10002	0.000197876129542906
chrM	10003	10003	0.0382541394404618
chrM	10004	10004	6.39959042621272e-05
chrM	10005	10005	0.000575889429229588
chrM	10006	10006	6.40286848508132e-05
chrM	10007	10007	0.00204512047037771
chrM	10008	10008	0.000575006388959877
chrM	10009	10009	0.000383313102919568
chrM	10010	10010	0.000128320287437444
chrM	10011	10011	0.000449669171966339
chrM	10012	10012	0.000193211824563663
chrM	10013	10013	0.0303655107778819
chrM	10014	10014	0.00174726989079563
chrM	10015	10015	0.00385452284737333
chrM	10016	10016	0.00353116094659893
chrM	10017	10017	0.0033358042994811
chrM	10018	10018	0.0108157653528873
chrM	10019	10019	0.00122122488856323
chrM	10020	10020	0.00463132236441194
chrM	10021	10021	0.00012187690432663
chrM	10022	10022	0.000121862052156958
chrM	10023	10023	0.00623864324651726
chrM	10024	10024	0.00291988563781252
chrM	10025	10025	0.0103558311758685
chrM	10026	10026	0.000240876791521137
chrM	10027	10027	0.00234346833313304
chrM	10028	10028	0.00156034327552061
chrM	10029	10029	0.000600636674875368
chrM	10030	10030	0.000782802432709099
chrM	10031	10031	0.0012633858741427
chrM	10032	10032	0.000181653042688465
chrM	10033	10033	0
chrM	10034	10034	0.00067725649550548
chrM	10035	10035	6.17703378837482e-05
chrM	10036	10036	0.000185954255253208
chrM	10037	10037	0.000310135218955465
chrM	10038	10038	0.00074386312918423
chrM	10039	10039	0.000186208180746074
chrM	10040	10040	6.21079436059872e-05
chrM	10041	10041	0.000312519532470779
chrM	10042	10042	0.000125486259254612
chrM	10043	10043	6.27943485086342e-05
chrM	10044	10044	0.000314603913672686
chrM	10045	10045	0.00018896447467876
chrM	10046	10046	0.000189298334174659
chrM	10047	10047	0.000252429635239177
chrM	10048	10048	0.00339852516832318
chrM	10049	10049	0.00160092213114754
chrM	10050	10050	0.000128213347009424
chrM	10051	10051	0.000832799487508008
chrM	10052	10052	0.000642095800693463
chrM	10053	10053	0.00314102564102564
chrM	10054	10054	0.000192431045542014
chrM	10055	10055	0
chrM	10056	10056	0.000577774924568274
chrM	10057	10057	0.000449380496886435
chrM	10058	10058	0.000514271020827976
chrM	10059	10059	6.43707756678468e-05
chrM	10060	10060	0.000129007288911824
chrM	10061	10061	0
chrM	10062	10062	0.000129165590286748
chrM	10063	10063	0
chrM	10064	10064	0.000395908940943583
chrM	10065	10065	0.000198544010589014
chrM	10066	10066	6.6185717122245e-05
chrM	10067	10067	0.000132749236691889
chrM	10068	10068	0
chrM	10069	10069	6.73854447439353e-05
chrM	10070	10070	0
chrM	10071	10071	0.00322689075630252
chrM	10072	10072	0.027048267732006
chrM	10073	10073	0.00994216648255247
chrM	10074	10074	0.0025433676796661
chrM	10075	10075	0.000392901578154672
chrM	10076	10076	0.00522773312422401
chrM	10077	10077	0.0144280538302277
chrM	10078	10078	0.0510984941989632
chrM	10079	10079	0.0574338085539715
chrM	10080	10080	0.00567195277231161
chrM	10081	10081	0.013475703762919
chrM	10082	10082	0.00471993176002275
chrM	10083	10083	0.00443786982248521
chrM	10084	10084	0.000682516209759982
chrM	10085	10085	0.00306452528233358
chrM	10086	10086	0.00164343193924969
chrM	10087	10087	0.000453309156844968
chrM	10088	10088	5.71232720210214e-05
chrM	10089	10089	0.000228519195612431
chrM	10090	10090	0
chrM	10091	10091	0
chrM	10092	10092	0.000400572246065808
chrM	10093	10093	5.72213321126116e-05
chrM	10094	10094	0.000743324375321631
chrM	10095	10095	0.000856995943552534
chrM	10096	10096	0.0345873786407767
chrM	10097	10097	0.00145454545454545
chrM	10098	10098	0.000335795836131632
chrM	10099	10099	0.00245988706882093
chrM	10100	10100	0.00111906893464637
chrM	10101	10101	0.00279595146228261
chrM	10102	10102	0.000223713646532438
chrM	10103	10103	0.00100688034905185
chrM	10104	10104	0.00101100876207594
chrM	10105	10105	0.000731487733513392
chrM	10106	10106	0.00238858141567142
chrM	10107	10107	0.0243399576198385
chrM	10108	10108	0.00420240630936619
chrM	10109	10109	0.00355912743972445
chrM	10110	10110	0.00109327349099488
chrM	10111	10111	0.00344155099231387
chrM	10112	10112	0.0218842938106728
chrM	10113	10113	0.0426973542697354
chrM	10114	10114	0.0634600856207504
chrM	10115	10115	0.00858883451513033
chrM	10116	10116	0.000449415759512634
chrM	10117	10117	0.00194416749750748
chrM	10118	10118	0.00174242047095136
chrM	10119	10119	0.0412410501193317
chrM	10120	10120	0.00551330798479087
chrM	10121	10121	0.00571887702051234
chrM	10122	10122	0.00315754748103115
chrM	10123	10123	0.000941930014599915
chrM	10124	10124	0.0015052448374806
chrM	10125	10125	0.00117503290092123
chrM	10126	10126	0.000236619185083527
chrM	10127	10127	0.0001892684773351
chrM	10128	10128	4.7317119333775e-05
chrM	10129	10129	0.00381913338676977
chrM	10130	10130	0.000236507260772906
chrM	10131	10131	0.000189170016552376
chrM	10132	10132	9.45760627985057e-05
chrM	10133	10133	0.0536585365853659
chrM	10134	10134	0.00116906474820144
chrM	10135	10135	4.49842555105713e-05
chrM	10136	10136	0.000359890233478789
chrM	10137	10137	0.000224931395924243
chrM	10138	10138	0
chrM	10139	10139	0.00144131159355013
chrM	10140	10140	0.000315457413249211
chrM	10141	10141	0.0228152101400934
chrM	10142	10142	0.00160135225301366
chrM	10143	10143	0.0138491976258518
chrM	10144	10144	0.0059003593451932
chrM	10145	10145	0.000179323948713351
chrM	10146	10146	8.97263346792284e-05
chrM	10147	10147	0.00455519828510182
chrM	10148	10148	0.0187587657784011
chrM	10149	10149	0.00113825409333684
chrM	10150	10150	0.00340373538139291
chrM	10151	10151	0.00213396045640624
chrM	10152	10152	0.00100082676994039
chrM	10153	10153	0.000696136442742778
chrM	10154	10154	0.00849870578084556
chrM	10155	10155	0.0040306852164868
chrM	10156	10156	0.000346740638002774
chrM	10157	10157	0.000216675333680014
chrM	10158	10158	0.00380063919841064
chrM	10159	10159	0.000907088246728003
chrM	10160	10160	0.00216300397992732
chrM	10161	10161	0.000346185468864944
chrM	10162	10162	0.000864864864864865
chrM	10163	10163	0.000649800727776815
chrM	10164	10164	0.00225234980725083
chrM	10165	10165	0.000174451567883466
chrM	10166	10166	0.000305877212147695
chrM	10167	10167	0.000438346556787796
chrM	10168	10168	0.000262938779087602
chrM	10169	10169	0.000569451136712077
chrM	10170	10170	0.000658039043649923
chrM	10171	10171	0.000310352471735757
chrM	10172	10172	0.0200799721835883
chrM	10173	10173	0.00186599548689464
chrM	10174	10174	0.00138774448154733
chrM	10175	10175	0.00371779353276846
chrM	10176	10176	0.000865763386866369
chrM	10177	10177	0.00151305550752205
chrM	10178	10178	0.000172905679951586
chrM	10179	10179	0.0127192795253745
chrM	10180	10180	0.00247071352502662
chrM	10181	10181	0.000639386189258312
chrM	10182	10182	0.000127877237851662
chrM	10183	10183	4.2647560559536e-05
chrM	10184	10184	0.0022137079608344
chrM	10185	10185	0.00752229218611334
chrM	10186	10186	0.0003385240352065
chrM	10187	10187	0.0006765899864682
chrM	10188	10188	0.00223647565195375
chrM	10189	10189	0.00105471881196473
chrM	10190	10190	0.000211006076975017
chrM	10191	10191	0.000722236383719942
chrM	10192	10192	0.000128678047525092
chrM	10193	10193	0.000728925478089358
chrM	10194	10194	0.000599957145918149
chrM	10195	10195	0.000428449014567267
chrM	10196	10196	0
chrM	10197	10197	0.00142647185960059
chrM	10198	10198	0.00012972972972973
chrM	10199	10199	0.000908383078120945
chrM	10200	10200	0.000476913071753739
chrM	10201	10201	0.00332742750961497
chrM	10202	10202	0.00155134967421657
chrM	10203	10203	0.00106302874606901
chrM	10204	10204	0.00458918012531992
chrM	10205	10205	0.000264959152130713
chrM	10206	10206	0.0147500326328156
chrM	10207	10207	0.0196823499274187
chrM	10208	10208	0.0155966783290478
chrM	10209	10209	0.021434766447776
chrM	10210	10210	0.00562743889915794
chrM	10211	10211	0.00368761779890191
chrM	10212	10212	0.00306786108724997
chrM	10213	10213	0.00359785763931477
chrM	10214	10214	0.00204256709832918
chrM	10215	10215	0.0056903629638662
chrM	10216	10216	0.000569013168590473
chrM	10217	10217	0.00227125243348475
chrM	10218	10218	0.000974896417255667
chrM	10219	10219	0.0157063867297059
chrM	10220	10220	0
chrM	10221	10221	4.16701391782649e-05
chrM	10222	10222	0.00274610967795623
chrM	10223	10223	0.000249916694435188
chrM	10224	10224	0.000125407574617507
chrM	10225	10225	0.00020899515131249
chrM	10226	10226	0.00304318826079706
chrM	10227	10227	8.43170320404722e-05
chrM	10228	10228	0.000379506641366224
chrM	10229	10229	0.000169505890329689
chrM	10230	10230	0.000978681758223054
chrM	10231	10231	0.000383615361664038
chrM	10232	10232	0.0148319327731092
chrM	10233	10233	0.00211747766061068
chrM	10234	10234	0.000727708574119259
chrM	10235	10235	0.00628823202292852
chrM	10236	10236	0.0044750430292599
chrM	10237	10237	0.000564236111111111
chrM	10238	10238	8.70170553428472e-05
chrM	10239	10239	0.010180312311276
chrM	10240	10240	0.0181448193996948
chrM	10241	10241	0.0014863889242791
chrM	10242	10242	0.00666976233694964
chrM	10243	10243	0.00130812726812389
chrM	10244	10244	0.00155960209070983
chrM	10245	10245	0.000210837022981235
chrM	10246	10246	0.00147467767759333
chrM	10247	10247	0.00029817686147555
chrM	10248	10248	0.00170125893160939
chrM	10249	10249	8.51861316977596e-05
chrM	10250	10250	0.00208928495288449
chrM	10251	10251	0.00209940017137961
chrM	10252	10252	0.00376261330596887
chrM	10253	10253	0.00098937497311481
chrM	10254	10254	0.000302088727774901
chrM	10255	10255	0.00155239327296248
chrM	10256	10256	0.00116807268007787
chrM	10257	10257	0.000261825798568686
chrM	10258	10258	0.000610660385588415
chrM	10259	10259	0
chrM	10260	10260	0
chrM	10261	10261	0.000568654039630812
chrM	10262	10262	0.0136862101718332
chrM	10263	10263	0.00352915859694426
chrM	10264	10264	0.000559380378657487
chrM	10265	10265	0.000129121115606439
chrM	10266	10266	0.000129121115606439
chrM	10267	10267	0.000172228202368138
chrM	10268	10268	0.000215285252960172
chrM	10269	10269	0.000130134906519759
chrM	10270	10270	0
chrM	10271	10271	0.000434140835286967
chrM	10272	10272	0.000347750489024125
chrM	10273	10273	0.000521988777241289
chrM	10274	10274	8.97988505747126e-05
chrM	10275	10275	0
chrM	10276	10276	0.000269517563561225
chrM	10277	10277	0.000269553888314839
chrM	10278	10278	0.000361729064930367
chrM	10279	10279	0.000684119310407735
chrM	10280	10280	0.000412900857916227
chrM	10281	10281	0.000413337007440066
chrM	10282	10282	4.6000276001656e-05
chrM	10283	10283	0.00343594088298974
chrM	10284	10284	0.0706574212235583
chrM	10285	10285	0.00420370451460349
chrM	10286	10286	0.00984217828650711
chrM	10287	10287	0.00513506515923017
chrM	10288	10288	0.00409218177902218
chrM	10289	10289	0.000129785853341986
chrM	10290	10290	0.015391830817771
chrM	10291	10291	0.000429166130209004
chrM	10292	10292	0.00175761992540833
chrM	10293	10293	0.002055322428706
chrM	10294	10294	0.00106988488038687
chrM	10295	10295	0.000612557427258805
chrM	10296	10296	0
chrM	10297	10297	0.000175878292221783
chrM	10298	10298	0.00101152256135104
chrM	10299	10299	0.000528099282665141
chrM	10300	10300	0.000660269389911084
chrM	10301	10301	0.000663188610840923
chrM	10302	10302	9.02242071547796e-05
chrM	10303	10303	0.000452406804198335
chrM	10304	10304	0.0427876678713247
chrM	10305	10305	0.00373806521347505
chrM	10306	10306	0.0411889412884524
chrM	10307	10307	0.0704009671569615
chrM	10308	10308	0.00736412390938926
chrM	10309	10309	0.0020185708518369
chrM	10310	10310	0.0104795808167673
chrM	10311	10311	0.0994983579342452
chrM	10312	10312	0.00263290774002741
chrM	10313	10313	0.000684808073526762
chrM	10314	10314	0.00237384454914937
chrM	10315	10315	0.0103962687364261
chrM	10316	10316	0.0018127532522926
chrM	10317	10317	0.00326148610323313
chrM	10318	10318	0.0106088560885609
chrM	10319	10319	0.000745103604882203
chrM	10320	10320	0.000283788577509755
chrM	10321	10321	3.5486160397445e-05
chrM	10322	10322	0.0114185022026432
chrM	10323	10323	0.00439459991562368
chrM	10324	10324	0.00371343492730776
chrM	10325	10325	0.00425665538536687
chrM	10326	10326	0.000454021583487584
chrM	10327	10327	0.000320832739198631
chrM	10328	10328	0.00014269915450751
chrM	10329	10329	0.00487596540555931
chrM	10330	10330	0.000499037570399943
chrM	10331	10331	0.00028518465706545
chrM	10332	10332	0.00259666346530075
chrM	10333	10333	0.000284606353836849
chrM	10334	10334	0.00167325287479084
chrM	10335	10335	0.000285510349750178
chrM	10336	10336	0.000932668508089106
chrM	10337	10337	0.00258221855610946
chrM	10338	10338	0.000286861732644865
chrM	10339	10339	0.00716424294268606
chrM	10340	10340	0.00104050805496753
chrM	10341	10341	0.0166595925297114
chrM	10342	10342	0.000778568142407191
chrM	10343	10343	0.000389201429430704
chrM	10344	10344	0.00853290259147412
chrM	10345	10345	0.000351605077177314
chrM	10346	10346	0.000811344715676591
chrM	10347	10347	0.00505529225908373
chrM	10348	10348	0.0012987012987013
chrM	10349	10349	0.00112264945270839
chrM	10350	10350	0.000526297322900951
chrM	10351	10351	0.00987173693906636
chrM	10352	10352	0.0017721870873584
chrM	10353	10353	0.000312967277532427
chrM	10354	10354	0.000104326053693142
chrM	10355	10355	0.000834985909612775
chrM	10356	10356	0.00211864406779661
chrM	10357	10357	3.47463516330785e-05
chrM	10358	10358	0.000833796553640912
chrM	10359	10359	0.000869474489618475
chrM	10360	10360	0.000279563880346659
chrM	10361	10361	0.000349393801753957
chrM	10362	10362	0.00150234085668367
chrM	10363	10363	0.0207293666026871
chrM	10364	10364	0.00250879821596571
chrM	10365	10365	0.00819360414866033
chrM	10366	10366	0.000866190839165685
chrM	10367	10367	0.00706579809051115
chrM	10368	10368	0.0173737235282023
chrM	10369	10369	0.00113118294313235
chrM	10370	10370	0.00120151047030553
chrM	10371	10371	0.00349291144442161
chrM	10372	10372	0.00641375545851528
chrM	10373	10373	0.013971652695014
chrM	10374	10374	0.00239185402856557
chrM	10375	10375	0.000723539140022051
chrM	10376	10376	0.000137969094922737
chrM	10377	10377	0.000482775268112694
chrM	10378	10378	0.0115224653985137
chrM	10379	10379	0.00451935165992728
chrM	10380	10380	0.00142624286878566
chrM	10381	10381	0.000713048792910258
chrM	10382	10382	0.000746572553278132
chrM	10383	10383	0.00108515039506257
chrM	10384	10384	0.00183088085712348
chrM	10385	10385	0.0091076545231273
chrM	10386	10386	0.000478845298765263
chrM	10387	10387	0.000547064656204055
chrM	10388	10388	0.000171915830009627
chrM	10389	10389	0.00354915406085249
chrM	10390	10390	0.00137983373003553
chrM	10391	10391	0.00110352438099179
chrM	10392	10392	0.000586469796805465
chrM	10393	10393	0.00162444267791104
chrM	10394	10394	0.000138932305234275
chrM	10395	10395	0.00200140449438202
chrM	10396	10396	0.00162062880397594
chrM	10397	10397	0.00505575674997311
chrM	10398	10398	0.0146684575144917
chrM	10399	10399	0.000106085788040595
chrM	10400	10400	0.00102527841612162
chrM	10401	10401	0.000497777777777778
chrM	10402	10402	0.000675555555555556
chrM	10403	10403	0.00159789787657127
chrM	10404	10404	0.00276429103023
chrM	10405	10405	0.0018751105607642
chrM	10406	10406	0.000141633028822321
chrM	10407	10407	7.08516366728071e-05
chrM	10408	10408	0.00444805309422106
chrM	10409	10409	0.00155895691609977
chrM	10410	10410	0.000531274350074378
chrM	10411	10411	0
chrM	10412	10412	0.00402201524132091
chrM	10413	10413	0.00232337100010561
chrM	10414	10414	0.000915202928649372
chrM	10415	10415	0.000105652403592182
chrM	10416	10416	0.000211327134404057
chrM	10417	10417	3.52286338335799e-05
chrM	10418	10418	0.000457810959290041
chrM	10419	10419	0.00133892392797999
chrM	10420	10420	0.000281858859176267
chrM	10421	10421	0
chrM	10422	10422	0.000352907961603614
chrM	10423	10423	0.000105883598630572
chrM	10424	10424	0.000141372729200537
chrM	10425	10425	0.000425064645248131
chrM	10426	10426	0.0025438999399357
chrM	10427	10427	0.000213705656076364
chrM	10428	10428	0.000107005278927094
chrM	10429	10429	0.000145301318609466
chrM	10430	10430	0.000419991600167997
chrM	10431	10431	0.000344405326802388
chrM	10432	10432	7.67312488010742e-05
chrM	10433	10433	0.000422345939719716
chrM	10434	10434	0.000922438311937889
chrM	10435	10435	0.00211213517665131
chrM	10436	10436	0.00214699229383123
chrM	10437	10437	0.00444478800293743
chrM	10438	10438	0.0150767229173842
chrM	10439	10439	0.0076794403892944
chrM	10440	10440	0.0138404410937324
chrM	10441	10441	0.006972408650261
chrM	10442	10442	0.00916617386162034
chrM	10443	10443	0.0061555473645411
chrM	10444	10444	0.00103233418132213
chrM	10445	10445	0.00239120038259206
chrM	10446	10446	0.000221434898139947
chrM	10447	10447	0.00434334511189635
chrM	10448	10448	0.00473811797546463
chrM	10449	10449	0.000588278549893375
chrM	10450	10450	0.00183634493903335
chrM	10451	10451	0.00069891484274416
chrM	10452	10452	0.00198704739476008
chrM	10453	10453	0.00243013365735115
chrM	10454	10454	0.00163465467919902
chrM	10455	10455	0.00303132367800606
chrM	10456	10456	0.00116052710392333
chrM	10457	10457	0.00186873972193153
chrM	10458	10458	0.000747971128314447
chrM	10459	10459	0.00172142803682359
chrM	10460	10460	0.000524973751312434
chrM	10461	10461	0.000412788952266587
chrM	10462	10462	0.00120007500468779
chrM	10463	10463	0.00258707959956507
chrM	10464	10464	0
chrM	10465	10465	0.00110006828010014
chrM	10466	10466	0.000913554870389403
chrM	10467	10467	0.000228841679697929
chrM	10468	10468	0.00154894671623296
chrM	10469	10469	0.0133363903855707
chrM	10470	10470	0.000115393491807062
chrM	10471	10471	0.000888442521631644
chrM	10472	10472	0.000386458494357706
chrM	10473	10473	0.00255111901356731
chrM	10474	10474	0.00508925473262135
chrM	10475	10475	0.000501678694091769
chrM	10476	10476	0.00494086523498288
chrM	10477	10477	3.92665017473593e-05
chrM	10478	10478	0.000202012039917579
chrM	10479	10479	0.00610490802474094
chrM	10480	10480	0.000418795544015412
chrM	10481	10481	0.00176626435089785
chrM	10482	10482	0.0109656437625083
chrM	10483	10483	0.00122455873659319
chrM	10484	10484	0.00212969401947149
chrM	10485	10485	0.00136335649573401
chrM	10486	10486	0.00328718922172323
chrM	10487	10487	0.00228726135461887
chrM	10488	10488	0.000794838227043202
chrM	10489	10489	0.00163497921240716
chrM	10490	10490	0.000388387222060394
chrM	10491	10491	0.000339888322408352
chrM	10492	10492	0.00377541142303969
chrM	10493	10493	0.000146035145791754
chrM	10494	10494	0.000779841107374372
chrM	10495	10495	0.000390129718131279
chrM	10496	10496	0.00112173234490831
chrM	10497	10497	0.014102810935695
chrM	10498	10498	0.000434425833856253
chrM	10499	10499	0.0105559801299198
chrM	10500	10500	0.00380970522405829
chrM	10501	10501	0.00313405194928534
chrM	10502	10502	0.000997103651298609
chrM	10503	10503	0.00147072777303349
chrM	10504	10504	0.0034623411117435
chrM	10505	10505	0.00260256470922254
chrM	10506	10506	0.00160733702075356
chrM	10507	10507	0.00468972051160587
chrM	10508	10508	0.000666381074777476
chrM	10509	10509	0.00237868696479543
chrM	10510	10510	0.00380137799952483
chrM	10511	10511	0.00260848944747451
chrM	10512	10512	0.000758941276918698
chrM	10513	10513	0.000711608710090611
chrM	10514	10514	9.51293759512938e-05
chrM	10515	10515	4.76553564620663e-05
chrM	10516	10516	0.000333492139113864
chrM	10517	10517	0.00181142148917914
chrM	10518	10518	0.00644702536146006
chrM	10519	10519	0.00123176046996399
chrM	10520	10520	0.0079924776680771
chrM	10521	10521	0.00802725533205768
chrM	10522	10522	0.00311830959694685
chrM	10523	10523	0.00032747005988024
chrM	10524	10524	0.0148059038541618
chrM	10525	10525	0.000839160839160839
chrM	10526	10526	0.0198372794588171
chrM	10527	10527	0.000457749702462693
chrM	10528	10528	0.000459748977058526
chrM	10529	10529	0.00088367982884517
chrM	10530	10530	0.000888681010289991
chrM	10531	10531	0.000141629685582098
chrM	10532	10532	0.00118047029936727
chrM	10533	10533	4.75646879756469e-05
chrM	10534	10534	0.000237902650235524
chrM	10535	10535	0.00109508165500167
chrM	10536	10536	0.00190376469468374
chrM	10537	10537	0.000190394592793565
chrM	10538	10538	9.52244917392753e-05
chrM	10539	10539	0.00166397261576495
chrM	10540	10540	0.000428000760890242
chrM	10541	10541	0.000855350693784452
chrM	10542	10542	0.000807217473884141
chrM	10543	10543	0.00052214363696777
chrM	10544	10544	0.00175322213798332
chrM	10545	10545	0.00226928895612708
chrM	10546	10546	0.000330937972768533
chrM	10547	10547	0.000944822373393802
chrM	10548	10548	0.000519382407101374
chrM	10549	10549	0.00230827209346147
chrM	10550	10550	0.00084749752813221
chrM	10551	10551	9.42729201037002e-05
chrM	10552	10552	0.000141396050336994
chrM	10553	10553	0.0026793268778791
chrM	10554	10554	0.00131455399061033
chrM	10555	10555	0.000750715525735467
chrM	10556	10556	0.000281439091889863
chrM	10557	10557	0.0074491363657526
chrM	10558	10558	9.31445603576751e-05
chrM	10559	10559	0.000605073306958343
chrM	10560	10560	0.000744359153291463
chrM	10561	10561	4.73059274327073e-05
chrM	10562	10562	0
chrM	10563	10563	0
chrM	10564	10564	0
chrM	10565	10565	0
chrM	10566	10566	0
chrM	10567	10567	0.000426419027764617
chrM	10568	10568	9.47552944520775e-05
chrM	10569	10569	4.73754026909229e-05
chrM	10570	10570	9.47418285172904e-05
chrM	10571	10571	0.00212745839636914
chrM	10572	10572	0.000332667997338656
chrM	10573	10573	9.51972963967823e-05
chrM	10574	10574	4.76281196418365e-05
chrM	10575	10575	0.0010487676979549
chrM	10576	10576	0
chrM	10577	10577	0.00385723353351887
chrM	10578	10578	9.8755678451511e-05
chrM	10579	10579	0.000307881773399015
chrM	10580	10580	0.000154233715490206
chrM	10581	10581	0.00010443864229765
chrM	10582	10582	0.000522275030030814
chrM	10583	10583	0.000209172201014485
chrM	10584	10584	0.00120393634840871
chrM	10585	10585	0.000262054507337526
chrM	10586	10586	0.000994920668167775
chrM	10587	10587	0.00334465638881631
chrM	10588	10588	0.000840071406069516
chrM	10589	10589	0.0011596036263968
chrM	10590	10590	0.00409771473601261
chrM	10591	10591	0.000685545536043875
chrM	10592	10592	0.00273497080944617
chrM	10593	10593	0.000316422318320852
chrM	10594	10594	0.000316372264698128
chrM	10595	10595	5.2988554472234e-05
chrM	10596	10596	0.00063582896200922
chrM	10597	10597	0.000106027673222711
chrM	10598	10598	0.000583771161704612
chrM	10599	10599	0.00015938795027096
chrM	10600	10600	0.000159532039351236
chrM	10601	10601	0.0002127546407106
chrM	10602	10602	0.000479233226837061
chrM	10603	10603	5.424464334147e-05
chrM	10604	10604	0.00010872519706442
chrM	10605	10605	0.000163247537682973
chrM	10606	10606	0
chrM	10607	10607	0.000108991825613079
chrM	10608	10608	0
chrM	10609	10609	0.000602046959662854
chrM	10610	10610	5.52059180744176e-05
chrM	10611	10611	0.000827403607479729
chrM	10612	10612	0.000220628792057363
chrM	10613	10613	0.000110387459984546
chrM	10614	10614	0
chrM	10615	10615	0
chrM	10616	10616	0.000833657533485244
chrM	10617	10617	5.55926173004225e-05
chrM	10618	10618	0.00033448544988293
chrM	10619	10619	5.57911180540058e-05
chrM	10620	10620	0
chrM	10621	10621	0
chrM	10622	10622	0
chrM	10623	10623	0
chrM	10624	10624	0
chrM	10625	10625	0
chrM	10626	10626	0
chrM	10627	10627	0
chrM	10628	10628	0
chrM	10629	10629	0
chrM	10630	10630	0
chrM	10631	10631	0
chrM	10632	10632	5.87716720540699e-05
chrM	10633	10633	0
chrM	10634	10634	0
chrM	10635	10635	5.95628089820716e-05
chrM	10636	10636	0
chrM	10637	10637	0
chrM	10638	10638	0
chrM	10639	10639	0
chrM	10640	10640	0
chrM	10641	10641	0
chrM	10642	10642	0
chrM	10643	10643	0
chrM	10644	10644	0.000123281760463539
chrM	10645	10645	0
chrM	10646	10646	0
chrM	10647	10647	0
chrM	10648	10648	0
chrM	10649	10649	0
chrM	10650	10650	0
chrM	10651	10651	0.000448028673835125
chrM	10652	10652	6.44620640752917e-05
chrM	10653	10653	0
chrM	10654	10654	0
chrM	10655	10655	6.6348195329087e-05
chrM	10656	10656	0
chrM	10657	10657	0
chrM	10658	10658	0
chrM	10659	10659	0.000133511348464619
chrM	10660	10660	6.70555890833501e-05
chrM	10661	10661	0.000737463126843658
chrM	10662	10662	0.00115035864122344
chrM	10663	10663	0.000476060935799782
chrM	10664	10664	0.000139014387989157
chrM	10665	10665	6.95700570474468e-05
chrM	10666	10666	0.000835305582625644
chrM	10667	10667	0.000626217645421653
chrM	10668	10668	0.000140726146918097
chrM	10669	10669	0
chrM	10670	10670	0
chrM	10671	10671	0.00021260009921338
chrM	10672	10672	0.000639249946729171
chrM	10673	10673	0
chrM	10674	10674	7.35186002058521e-05
chrM	10675	10675	0
chrM	10676	10676	0
chrM	10677	10677	0
chrM	10678	10678	0
chrM	10679	10679	0
chrM	10680	10680	0
chrM	10681	10681	0
chrM	10682	10682	0
chrM	10683	10683	0
chrM	10684	10684	0
chrM	10685	10685	0
chrM	10686	10686	0.000427853246336507
chrM	10687	10687	0.000107828337287039
chrM	10688	10688	0.000436490615451768
chrM	10689	10689	0.000446179587283882
chrM	10690	10690	0.000113007119448525
chrM	10691	10691	0
chrM	10692	10692	0
chrM	10693	10693	0.000373831775700935
chrM	10694	10694	0.000251193167545843
chrM	10695	10695	0.000377073906485671
chrM	10696	10696	0
chrM	10697	10697	0
chrM	10698	10698	0
chrM	10699	10699	0
chrM	10700	10700	0.000674308833445718
chrM	10701	10701	0
chrM	10702	10702	0
chrM	10703	10703	0
chrM	10704	10704	0.000280504908835905
chrM	10705	10705	0.000282286520818631
chrM	10706	10706	0.000599161174355902
chrM	10707	10707	0
chrM	10708	10708	0.000251319426991706
chrM	10709	10709	0
chrM	10710	10710	0
chrM	10711	10711	0
chrM	10712	10712	0
chrM	10713	10713	0
chrM	10714	10714	0
chrM	10715	10715	0
chrM	10716	10716	0.000712504453152832
chrM	10717	10717	0.000357015351660121
chrM	10718	10718	0
chrM	10719	10719	0
chrM	10720	10720	0
chrM	10721	10721	0
chrM	10722	10722	0
chrM	10723	10723	0.0010752688172043
chrM	10724	10724	0
chrM	10725	10725	0.000358680057388809
chrM	10726	10726	0
chrM	10727	10727	0
chrM	10728	10728	0.00107874865156419
chrM	10729	10729	0
chrM	10730	10730	0
chrM	10731	10731	0
chrM	10732	10732	0
chrM	10733	10733	0.000726744186046512
chrM	10734	10734	0
chrM	10735	10735	0
chrM	10736	10736	0.000365363536719035
chrM	10737	10737	0
chrM	10738	10738	0
chrM	10739	10739	0
chrM	10740	10740	0
chrM	10741	10741	0
chrM	10742	10742	0
chrM	10743	10743	0
chrM	10744	10744	0
chrM	10745	10745	0
chrM	10746	10746	0
chrM	10747	10747	0.00037147102526003
chrM	10748	10748	0
chrM	10749	10749	0
chrM	10750	10750	0
chrM	10751	10751	0
chrM	10752	10752	0.000749344323716748
chrM	10753	10753	0
chrM	10754	10754	0.00150489089541008
chrM	10755	10755	0.000752728641324802
chrM	10756	10756	0
chrM	10757	10757	0
chrM	10758	10758	0.00113079532604599
chrM	10759	10759	0
chrM	10760	10760	0
chrM	10761	10761	0
chrM	10762	10762	0
chrM	10763	10763	0
chrM	10764	10764	0
chrM	10765	10765	0
chrM	10766	10766	0.000388953714507974
chrM	10767	10767	0
chrM	10768	10768	0
chrM	10769	10769	0
chrM	10770	10770	0
chrM	10771	10771	0
chrM	10772	10772	0
chrM	10773	10773	0.0016273393002441
chrM	10774	10774	0
chrM	10775	10775	0.000412201154163232
chrM	10776	10776	0.000412541254125413
chrM	10777	10777	0.000413907284768212
chrM	10778	10778	0.000832292967124428
chrM	10779	10779	0
chrM	10780	10780	0
chrM	10781	10781	0.000892458723784025
chrM	10782	10782	0
chrM	10783	10783	0
chrM	10784	10784	0
chrM	10785	10785	0
chrM	10786	10786	0.000924214417744917
chrM	10787	10787	0.000462107208872458
chrM	10788	10788	0.000923361034164358
chrM	10789	10789	0.00046189376443418
chrM	10790	10790	0.000922934933087217
chrM	10791	10791	0.000922083909635777
chrM	10792	10792	0.000921658986175115
chrM	10793	10793	0
chrM	10794	10794	0.000460829493087558
chrM	10795	10795	0.000460617227084293
chrM	10796	10796	0
chrM	10797	10797	0
chrM	10798	10798	0.000470809792843691
chrM	10799	10799	0
chrM	10800	10800	0
chrM	10801	10801	0
chrM	10802	10802	0.000943841434638981
chrM	10803	10803	0.000471698113207547
chrM	10804	10804	0.000942951438000943
chrM	10805	10805	0
chrM	10806	10806	0.00188412623645784
chrM	10807	10807	0
chrM	10808	10808	0
chrM	10809	10809	0
chrM	10810	10810	0.000497265042267529
chrM	10811	10811	0.00790904597132971
chrM	10812	10812	0
chrM	10813	10813	0.00597907324364723
chrM	10814	10814	0.00411734431291817
chrM	10815	10815	0.00103573278094252
chrM	10816	10816	0.0107581967213115
chrM	10817	10817	0
chrM	10818	10818	0.0171977744056651
chrM	10819	10819	0.00202326757713708
chrM	10820	10820	0.00753012048192771
chrM	10821	10821	0.00350175087543772
chrM	10822	10822	0
chrM	10823	10823	0
chrM	10824	10824	0.0877914951989026
chrM	10825	10825	0.039258932509925
chrM	10826	10826	0.0593607305936073
chrM	10827	10827	0.0298507462686567
chrM	10828	10828	0.0143198090692124
chrM	10829	10829	0.00317334391114637
chrM	10830	10830	0.000398089171974522
chrM	10831	10831	0.0210444271239283
chrM	10832	10832	0.00277447483154974
chrM	10833	10833	0.00118764845605701
chrM	10834	10834	0.0117370892018779
chrM	10835	10835	0
chrM	10836	10836	0.0479245283018868
chrM	10837	10837	0.00338727888596161
chrM	10838	10838	0.00262960180315552
chrM	10839	10839	0.000375657400450789
chrM	10840	10840	0.000753012048192771
chrM	10841	10841	0.00828625235404896
chrM	10842	10842	0.00822122571001495
chrM	10843	10843	0.00409378489021213
chrM	10844	10844	0.00037202380952381
chrM	10845	10845	0.00296846011131725
chrM	10846	10846	0.00185185185185185
chrM	10847	10847	0.00110987791342952
chrM	10848	10848	0.0113386978785662
chrM	10849	10849	0.00401459854014599
chrM	10850	10850	0.00399854598327881
chrM	10851	10851	0.0230823863636364
chrM	10852	10852	0.0007097232079489
chrM	10853	10853	0.00983836964160225
chrM	10854	10854	0.00350140056022409
chrM	10855	10855	0.00104931794333683
chrM	10856	10856	0.000699300699300699
chrM	10857	10857	0.00797780090183836
chrM	10858	10858	0.00173190162798753
chrM	10859	10859	0.00413935839944809
chrM	10860	10860	0
chrM	10861	10861	0.00548885077186964
chrM	10862	10862	0.00239561943874059
chrM	10863	10863	0
chrM	10864	10864	0.00205058099794942
chrM	10865	10865	0.000683526999316473
chrM	10866	10866	0.0158089471913892
chrM	10867	10867	0.00167897918065816
chrM	10868	10868	0.000671140939597315
chrM	10869	10869	0.00864936793080506
chrM	10870	10870	0.000666000666000666
chrM	10871	10871	0.00989119683481701
chrM	10872	10872	0.000988142292490119
chrM	10873	10873	0.0075187969924812
chrM	10874	10874	0.00195822454308094
chrM	10875	10875	0.0163723916532905
chrM	10876	10876	0.00192246074975969
chrM	10877	10877	0.00351325455126158
chrM	10878	10878	0.00191326530612245
chrM	10879	10879	0.000637348629700446
chrM	10880	10880	0.237794510565946
chrM	10881	10881	0.0267139479905437
chrM	10882	10882	0.0351277372262774
chrM	10883	10883	0.012392969806219
chrM	10884	10884	0.00292331909152237
chrM	10885	10885	0.379603794642857
chrM	10886	10886	0.0211748633879781
chrM	10887	10887	0.00974025974025974
chrM	10888	10888	0.00162096447386195
chrM	10889	10889	0.0109552438209753
chrM	10890	10890	0.00624004248539565
chrM	10891	10891	0.0258665287118469
chrM	10892	10892	0.0368755450355052
chrM	10893	10893	0.00545161690001239
chrM	10894	10894	0.010906862745098
chrM	10895	10895	0.0113884177368549
chrM	10896	10896	0.00638169777242625
chrM	10897	10897	0.00503174793338924
chrM	10898	10898	0.117746538420886
chrM	10899	10899	0.0001056970721911
chrM	10900	10900	0
chrM	10901	10901	0.0108729743857815
chrM	10902	10902	0.0220858895705521
chrM	10903	10903	0.00437792710242313
chrM	10904	10904	0.00314624987313509
chrM	10905	10905	0.0511363636363636
chrM	10906	10906	0.00326358226147053
chrM	10907	10907	0.0689901697944593
chrM	10908	10908	0.000625167455568456
chrM	10909	10909	0.00258328879387137
chrM	10910	10910	0.00408090844570617
chrM	10911	10911	0.00212464589235127
chrM	10912	10912	0.00537208278291502
chrM	10913	10913	0.00105578039767728
chrM	10914	10914	0.000439908499032201
chrM	10915	10915	0.00123033658493716
chrM	10916	10916	0.00784724038713053
chrM	10917	10917	0.00191454181533374
chrM	10918	10918	0.00493677464056816
chrM	10919	10919	0.00405417062020185
chrM	10920	10920	0.00146425495262705
chrM	10921	10921	0.0196757304509373
chrM	10922	10922	0.00512475846425271
chrM	10923	10923	0.0507974481658692
chrM	10924	10924	0.016701952481769
chrM	10925	10925	0.00507178526841448
chrM	10926	10926	0.00543225205649542
chrM	10927	10927	0.00486524055911653
chrM	10928	10928	0.0293919172227637
chrM	10929	10929	0.00351165570830843
chrM	10930	10930	0.00998594570604335
chrM	10931	10931	0.0104677549227729
chrM	10932	10932	0.00949825986078886
chrM	10933	10933	0.0851797797532175
chrM	10934	10934	0.0235149316577055
chrM	10935	10935	0.00213343677269201
chrM	10936	10936	0.000516929439131559
chrM	10937	10937	0.000903808908973531
chrM	10938	10938	0.00590424849184957
chrM	10939	10939	0.00568000510562257
chrM	10940	10940	0.00709714213294468
chrM	10941	10941	0.0166999002991027
chrM	10942	10942	0.0016796267496112
chrM	10943	10943	0.00235834419412896
chrM	10944	10944	0.00530896968948701
chrM	10945	10945	0.00117153779750894
chrM	10946	10946	0.00276769789039916
chrM	10947	10947	0.000983163328007865
chrM	10948	10948	0.0120225878924039
chrM	10949	10949	0.000910415149308084
chrM	10950	10950	0.00218036460541457
chrM	10951	10951	0.0230395640843402
chrM	10952	10952	0.00424678541937006
chrM	10953	10953	0.000530629090265904
chrM	10954	10954	0.00422708859273176
chrM	10955	10955	0.00041087045841404
chrM	10956	10956	0.00286834865070538
chrM	10957	10957	0.000117061750073164
chrM	10958	10958	0.00076054525244252
chrM	10959	10959	0.0037887619491723
chrM	10960	10960	0.000815613166326828
chrM	10961	10961	0.00354218686487428
chrM	10962	10962	0.00990384061726263
chrM	10963	10963	0.00281754930711287
chrM	10964	10964	0.00160753243770812
chrM	10965	10965	0.00126211921289656
chrM	10966	10966	0.000974323704722604
chrM	10967	10967	0.00188787185354691
chrM	10968	10968	0.00393184796854522
chrM	10969	10969	0.00329414437439655
chrM	10970	10970	0.00570395888631615
chrM	10971	10971	0.00433022157237656
chrM	10972	10972	0.00123588562440312
chrM	10973	10973	0.00352802822422579
chrM	10974	10974	0.0091025142920575
chrM	10975	10975	0.00497100248550124
chrM	10976	10976	0.000938138071850339
chrM	10977	10977	0.000331162379953637
chrM	10978	10978	0.0047799571452118
chrM	10979	10979	0.00170096021947874
chrM	10980	10980	0.00120594200515266
chrM	10981	10981	0.000164500740253331
chrM	10982	10982	0.00043881301080577
chrM	10983	10983	0.00480506716173419
chrM	10984	10984	5.46179474575345e-05
chrM	10985	10985	0.000654986081545767
chrM	10986	10986	0.000872790748418067
chrM	10987	10987	0.000656634746922025
chrM	10988	10988	0.00932451479995663
chrM	10989	10989	0.000271517784414879
chrM	10990	10990	0.00330158042866421
chrM	10991	10991	0.000757370841222613
chrM	10992	10992	0
chrM	10993	10993	0.00183674571876182
chrM	10994	10994	0.000378112677577918
chrM	10995	10995	0.000701754385964912
chrM	10996	10996	0.0104166666666667
chrM	10997	10997	0.000267051220424077
chrM	10998	10998	0.00112041828949474
chrM	10999	10999	0.00074694552632983
chrM	11000	11000	0.00122843561395076
chrM	11001	11001	0.000640717603716162
chrM	11002	11002	0.000266965668215068
chrM	11003	11003	0.000747304366392655
chrM	11004	11004	0
chrM	11005	11005	0.00815807596546061
chrM	11006	11006	0.00861616055479668
chrM	11007	11007	0.000580076992037125
chrM	11008	11008	0.000263866167080057
chrM	11009	11009	0
chrM	11010	11010	0.00116285215920503
chrM	11011	11011	0.000475712246947513
chrM	11012	11012	0.000476266073979997
chrM	11013	11013	0.000634651999153797
chrM	11014	11014	0.00026445231924684
chrM	11015	11015	0.00205880800295624
chrM	11016	11016	0.000527871621621622
chrM	11017	11017	0.00068641427741697
chrM	11018	11018	0.000475034308033358
chrM	11019	11019	0.000263907948907421
chrM	11020	11020	0
chrM	11021	11021	0.000105579897587499
chrM	11022	11022	0.00100253271422541
chrM	11023	11023	5.27676639755158e-05
chrM	11024	11024	0.00362776025236593
chrM	11025	11025	0.00319706498951782
chrM	11026	11026	5.24218913818411e-05
chrM	11027	11027	0.000576429282607556
chrM	11028	11028	0.000995233356031638
chrM	11029	11029	5.23999161601341e-05
chrM	11030	11030	0.000838003456764259
chrM	11031	11031	5.23834468308015e-05
chrM	11032	11032	0.000104761405898067
chrM	11033	11033	0.000157257430413587
chrM	11034	11034	0.000209643605870021
chrM	11035	11035	0.00157257430413587
chrM	11036	11036	0.00115213406650956
chrM	11037	11037	0.000575735371087616
chrM	11038	11038	0.000366262034323985
chrM	11039	11039	0.000261560996024273
chrM	11040	11040	0.000418475702254538
chrM	11041	11041	0.000418300653594771
chrM	11042	11042	0.000836164097204076
chrM	11043	11043	0.00705870140655006
chrM	11044	11044	0.000467629637327237
chrM	11045	11045	0.00103831377842384
chrM	11046	11046	0.00248743327978442
chrM	11047	11047	0.000518403317781234
chrM	11048	11048	0.0129058690976134
chrM	11049	11049	0.00261016428681099
chrM	11050	11050	0.000102369862312535
chrM	11051	11051	0.00127949229745637
chrM	11052	11052	0.00734993875051041
chrM	11053	11053	0.00160198439357139
chrM	11054	11054	0.000931098696461825
chrM	11055	11055	0.000468043059961516
chrM	11056	11056	0.000104074517354426
chrM	11057	11057	0.000104123281965848
chrM	11058	11058	0.000781983109164842
chrM	11059	11059	5.30785562632696e-05
chrM	11060	11060	0.00743592448054003
chrM	11061	11061	0.0004753102719831
chrM	11062	11062	0.00121352820134016
chrM	11063	11063	0.000317107975265578
chrM	11064	11064	0.00015888988930671
chrM	11065	11065	0.00266113151311938
chrM	11066	11066	0.000638739553946878
chrM	11067	11067	0.000426143930112395
chrM	11068	11068	0
chrM	11069	11069	0.000373931623931624
chrM	11070	11070	0.000374912966632746
chrM	11071	11071	0.000376952073236403
chrM	11072	11072	0.00295587682055141
chrM	11073	11073	0.000322372662798195
chrM	11074	11074	0.000322303394929093
chrM	11075	11075	0.000107428694204222
chrM	11076	11076	0.000161472630389149
chrM	11077	11077	0.000161524794055888
chrM	11078	11078	0.000269179004037685
chrM	11079	11079	0.000323153982872839
chrM	11080	11080	0.00583668005354752
chrM	11081	11081	0
chrM	11082	11082	5.48787180331467e-05
chrM	11083	11083	0
chrM	11084	11084	0.000494641384995878
chrM	11085	11085	0.000274891417889933
chrM	11086	11086	0.000329760923330585
chrM	11087	11087	0.000219804374107045
chrM	11088	11088	0.00334100120495125
chrM	11089	11089	0
chrM	11090	11090	0
chrM	11091	11091	0.000445112112613364
chrM	11092	11092	0
chrM	11093	11093	0.00268126466316613
chrM	11094	11094	0.000168029573204884
chrM	11095	11095	0.000452054020455444
chrM	11096	11096	0.000114240018278403
chrM	11097	11097	0
chrM	11098	11098	0
chrM	11099	11099	0
chrM	11100	11100	0.000699056274030059
chrM	11101	11101	0.00267333062125879
chrM	11102	11102	0.00110445852467593
chrM	11103	11103	0.000116306117701791
chrM	11104	11104	0
chrM	11105	11105	5.8844297987525e-05
chrM	11106	11106	0.0117496510004653
chrM	11107	11107	0.000116563702063178
chrM	11108	11108	5.82852480037303e-05
chrM	11109	11109	0.000291375291375291
chrM	11110	11110	0
chrM	11111	11111	0.000350856675048243
chrM	11112	11112	0.000117474302496329
chrM	11113	11113	0.00236462520690471
chrM	11114	11114	0
chrM	11115	11115	0.000118434298572867
chrM	11116	11116	0.000177661968494611
chrM	11117	11117	0.000238151940938319
chrM	11118	11118	0.000780687004564016
chrM	11119	11119	0.000300210147102972
chrM	11120	11120	0.000601359071501594
chrM	11121	11121	0
chrM	11122	11122	0.00324149108589951
chrM	11123	11123	0.000541125541125541
chrM	11124	11124	6.03573153066152e-05
chrM	11125	11125	0.000121292983200922
chrM	11126	11126	0.000121373953149654
chrM	11127	11127	0
chrM	11128	11128	0.000371954621536173
chrM	11129	11129	0.00126976065011745
chrM	11130	11130	0.000382409177820268
chrM	11131	11131	0
chrM	11132	11132	0.00166091733742175
chrM	11133	11133	0.00204081632653061
chrM	11134	11134	0.000129082225377565
chrM	11135	11135	6.49392817715436e-05
chrM	11136	11136	0.000846519502507
chrM	11137	11137	0.000265516096913375
chrM	11138	11138	0.000465054477810258
chrM	11139	11139	0.00238821812392198
chrM	11140	11140	0.000266648890073995
chrM	11141	11141	0.000133404482390608
chrM	11142	11142	0.0013410218586563
chrM	11143	11143	0.0037730764047972
chrM	11144	11144	0.000409696142027996
chrM	11145	11145	0.00047978067169294
chrM	11146	11146	0.000138169257340242
chrM	11147	11147	0.00131369701998202
chrM	11148	11148	0.00234952663948587
chrM	11149	11149	0.000626653669405375
chrM	11150	11150	0.000838984828357687
chrM	11151	11151	6.99349604867473e-05
chrM	11152	11152	0
chrM	11153	11153	0.0122533748701973
chrM	11154	11154	0.000627702608453062
chrM	11155	11155	0.000139528394028185
chrM	11156	11156	6.99839037021485e-05
chrM	11157	11157	0
chrM	11158	11158	0.00167926112510495
chrM	11159	11159	7.04523037903339e-05
chrM	11160	11160	7.07764172977564e-05
chrM	11161	11161	7.08215297450425e-05
chrM	11162	11162	0.000637800297640139
chrM	11163	11163	0.000637845499645641
chrM	11164	11164	0.00113895216400911
chrM	11165	11165	0.00014695077149155
chrM	11166	11166	0.00132226548152501
chrM	11167	11167	0
chrM	11168	11168	7.38388835560806e-05
chrM	11169	11169	0.00395949135764867
chrM	11170	11170	0.00148902821316614
chrM	11171	11171	0.00226899303653861
chrM	11172	11172	0.000313038034121146
chrM	11173	11173	7.87587619122627e-05
chrM	11174	11174	0.000157815828927641
chrM	11175	11175	0.000395726157499011
chrM	11176	11176	0.00292490118577075
chrM	11177	11177	0
chrM	11178	11178	8.03987779385753e-05
chrM	11179	11179	0.000321491721588169
chrM	11180	11180	0
chrM	11181	11181	0.00602796977977817
chrM	11182	11182	0.000403518682915019
chrM	11183	11183	0.000484027105517909
chrM	11184	11184	0.00056442509272698
chrM	11185	11185	0
chrM	11186	11186	0.000322528624415417
chrM	11187	11187	0.00105135463000404
chrM	11188	11188	0.00073123171920702
chrM	11189	11189	0
chrM	11190	11190	0.000325388432441227
chrM	11191	11191	8.14663951120163e-05
chrM	11192	11192	0.000163545670128383
chrM	11193	11193	0
chrM	11194	11194	0.00024948024948025
chrM	11195	11195	8.33333333333333e-05
chrM	11196	11196	0
chrM	11197	11197	0.000252143217347453
chrM	11198	11198	0
chrM	11199	11199	0.000174657235175967
chrM	11200	11200	8.74431619447359e-05
chrM	11201	11201	0.000788643533123028
chrM	11202	11202	0
chrM	11203	11203	0.00158047238563526
chrM	11204	11204	8.83470271225373e-05
chrM	11205	11205	0
chrM	11206	11206	0
chrM	11207	11207	0.000449115242971346
chrM	11208	11208	9.22764602749839e-05
chrM	11209	11209	9.22849760059062e-05
chrM	11210	11210	9.2464170134073e-05
chrM	11211	11211	9.29022668153103e-05
chrM	11212	11212	9.34666791288906e-05
chrM	11213	11213	0.000284819139846198
chrM	11214	11214	0.000955292319449752
chrM	11215	11215	0.000191938579654511
chrM	11216	11216	0.000287935502447452
chrM	11217	11217	0.000481974166184693
chrM	11218	11218	9.86485153398441e-05
chrM	11219	11219	0.000117426021606388
chrM	11220	11220	0.00011768859597505
chrM	11221	11221	0.000118581762124985
chrM	11222	11222	0
chrM	11223	11223	0
chrM	11224	11224	0.000120845921450151
chrM	11225	11225	0
chrM	11226	11226	0.000367331945634872
chrM	11227	11227	0
chrM	11228	11228	0.000246578720256442
chrM	11229	11229	0
chrM	11230	11230	0.000124131082423039
chrM	11231	11231	0.000124548511645286
chrM	11232	11232	0
chrM	11233	11233	0.000252206809583859
chrM	11234	11234	0
chrM	11235	11235	0.000632911392405063
chrM	11236	11236	0
chrM	11237	11237	0
chrM	11238	11238	0.000254777070063694
chrM	11239	11239	0.000131423314495992
chrM	11240	11240	0
chrM	11241	11241	0
chrM	11242	11242	0
chrM	11243	11243	0.000132802124833997
chrM	11244	11244	0
chrM	11245	11245	0
chrM	11246	11246	0
chrM	11247	11247	0.000400427122263748
chrM	11248	11248	0.000268024658268561
chrM	11249	11249	0.000138811771238201
chrM	11250	11250	0.000416666666666667
chrM	11251	11251	0
chrM	11252	11252	0
chrM	11253	11253	0
chrM	11254	11254	0.000288433804441881
chrM	11255	11255	0
chrM	11256	11256	0.000145180023228804
chrM	11257	11257	0
chrM	11258	11258	0.00118906064209275
chrM	11259	11259	0
chrM	11260	11260	0.000149880095923261
chrM	11261	11261	0.00150625094140684
chrM	11262	11262	0.000453377663593774
chrM	11263	11263	0
chrM	11264	11264	0
chrM	11265	11265	0
chrM	11266	11266	0.000161550888529887
chrM	11267	11267	0.000817661488143908
chrM	11268	11268	0.000165590329524756
chrM	11269	11269	0
chrM	11270	11270	0.000167560321715818
chrM	11271	11271	0
chrM	11272	11272	0
chrM	11273	11273	0
chrM	11274	11274	0.000352733686067019
chrM	11275	11275	0.000354233085370174
chrM	11276	11276	0.000708215297450425
chrM	11277	11277	0.000355808574986657
chrM	11278	11278	0
chrM	11279	11279	0.000363967242948135
chrM	11280	11280	0.00018201674554059
chrM	11281	11281	0.000364166059723234
chrM	11282	11282	0.000365430294171387
chrM	11283	11283	0
chrM	11284	11284	0
chrM	11285	11285	0.000183958793230316
chrM	11286	11286	0.000927471712112781
chrM	11287	11287	0.000185632077222944
chrM	11288	11288	0.000186219739292365
chrM	11289	11289	0.000186358553857622
chrM	11290	11290	0
chrM	11291	11291	0.000568397120121258
chrM	11292	11292	0
chrM	11293	11293	0
chrM	11294	11294	0
chrM	11295	11295	0
chrM	11296	11296	0.00167679731712429
chrM	11297	11297	0.000422208148617268
chrM	11298	11298	0.000427441761060056
chrM	11299	11299	0
chrM	11300	11300	0.000215749730312837
chrM	11301	11301	0.000216684723726977
chrM	11302	11302	0
chrM	11303	11303	0
chrM	11304	11304	0.00112057373375168
chrM	11305	11305	0
chrM	11306	11306	0
chrM	11307	11307	0
chrM	11308	11308	0
chrM	11309	11309	0.00100755667506297
chrM	11310	11310	0.000252589037635767
chrM	11311	11311	0.00126518218623482
chrM	11312	11312	0.00178571428571429
chrM	11313	11313	0.00207630417856216
chrM	11314	11314	0
chrM	11315	11315	0
chrM	11316	11316	0.00133049494411921
chrM	11317	11317	0.000531914893617021
chrM	11318	11318	0.00026816840976133
chrM	11319	11319	0
chrM	11320	11320	0.000269687162891046
chrM	11321	11321	0.00028169014084507
chrM	11322	11322	0.0032410135533294
chrM	11323	11323	0.000616712920135677
chrM	11324	11324	0.000309310238168883
chrM	11325	11325	0
chrM	11326	11326	0
chrM	11327	11327	0.000946670874092774
chrM	11328	11328	0.000631711939355654
chrM	11329	11329	0.000637958532695375
chrM	11330	11330	0
chrM	11331	11331	0.000320102432778489
chrM	11332	11332	0.000321957501609788
chrM	11333	11333	0.000968992248062015
chrM	11334	11334	0
chrM	11335	11335	0
chrM	11336	11336	0
chrM	11337	11337	0.00126689189189189
chrM	11338	11338	0.000436871996505024
chrM	11339	11339	0.00043859649122807
chrM	11340	11340	0
chrM	11341	11341	0.000442282176028306
chrM	11342	11342	0
chrM	11343	11343	0.00133630289532294
chrM	11344	11344	0
chrM	11345	11345	0
chrM	11346	11346	0
chrM	11347	11347	0.00144230769230769
chrM	11348	11348	0.00240500240500241
chrM	11349	11349	0.00193330111164814
chrM	11350	11350	0
chrM	11351	11351	0
chrM	11352	11352	0.000487567040468064
chrM	11353	11353	0
chrM	11354	11354	0
chrM	11355	11355	0.000492853622474125
chrM	11356	11356	0.000984736582964057
chrM	11357	11357	0.00147710487444609
chrM	11358	11358	0.000494315373208107
chrM	11359	11359	0
chrM	11360	11360	0
chrM	11361	11361	0
chrM	11362	11362	0.001001001001001
chrM	11363	11363	0.00149925037481259
chrM	11364	11364	0.0004995004995005
chrM	11365	11365	0.00199700449326011
chrM	11366	11366	0.00149700598802395
chrM	11367	11367	0
chrM	11368	11368	0.000998502246630055
chrM	11369	11369	0
chrM	11370	11370	0.003
chrM	11371	11371	0.0005005005005005
chrM	11372	11372	0.000500751126690035
chrM	11373	11373	0
chrM	11374	11374	0.0035035035035035
chrM	11375	11375	0.0108964834076275
chrM	11376	11376	0.112137203166227
chrM	11377	11377	0.00307422046552481
chrM	11378	11378	0.0448825503355705
chrM	11379	11379	0.0328600405679513
chrM	11380	11380	0.577648268769284
chrM	11381	11381	0.00341997264021888
chrM	11382	11382	0.206297502714441
chrM	11383	11383	0.118554851058739
chrM	11384	11384	0.0164725261795505
chrM	11385	11385	0.00223057055646865
chrM	11386	11386	0.0213694852941176
chrM	11387	11387	0.0036693039789015
chrM	11388	11388	0.121929118002416
chrM	11389	11389	0.053734756097561
chrM	11390	11390	0.0075642965204236
chrM	11391	11391	0.00235826808791623
chrM	11392	11392	0.00544243220418504
chrM	11393	11393	0.00224698061979215
chrM	11394	11394	0.0119333950046253
chrM	11395	11395	0.0447998586197756
chrM	11396	11396	0.025152898613145
chrM	11397	11397	0.00309198660139139
chrM	11398	11398	0.0383249359874453
chrM	11399	11399	0.0884302500753239
chrM	11400	11400	0.000376534377588674
chrM	11401	11401	0.0148378959863491
chrM	11402	11402	0.0229068503080826
chrM	11403	11403	0.00166449558546823
chrM	11404	11404	0.00475367329299914
chrM	11405	11405	0.033618709542702
chrM	11406	11406	0.0169039145907473
chrM	11407	11407	0.00982651124966115
chrM	11408	11408	0.00411689275831815
chrM	11409	11409	0.00047220723151646
chrM	11410	11410	0.00329456061319169
chrM	11411	11411	0.000605001344447432
chrM	11412	11412	0.0259935834479146
chrM	11413	11413	0.00339492067637266
chrM	11414	11414	0.00058723737439645
chrM	11415	11415	0.00091264667535854
chrM	11416	11416	0.00318450640150777
chrM	11417	11417	0.00259504346697807
chrM	11418	11418	0.000389105058365759
chrM	11419	11419	0.000453808752025932
chrM	11420	11420	0.000906853219328929
chrM	11421	11421	0.000776699029126214
chrM	11422	11422	0.00393320007737443
chrM	11423	11423	0.000257881503449165
chrM	11424	11424	0
chrM	11425	11425	0.000902294405774684
chrM	11426	11426	0.0169169359437369
chrM	11427	11427	0.00573589662779704
chrM	11428	11428	0.000504032258064516
chrM	11429	11429	0.00326941213454888
chrM	11430	11430	0.00344719523660295
chrM	11431	11431	0.00802089162469688
chrM	11432	11432	0.00402651303970761
chrM	11433	11433	0.000990344144590245
chrM	11434	11434	0.00228564368668149
chrM	11435	11435	0.00301779885446819
chrM	11436	11436	0.00459868784106935
chrM	11437	11437	0.00688101327487517
chrM	11438	11438	0.0064742542506202
chrM	11439	11439	0.00114831379185302
chrM	11440	11440	0.000905742406859489
chrM	11441	11441	0.00582337755898421
chrM	11442	11442	0.00880690270752752
chrM	11443	11443	0.00284832660811773
chrM	11444	11444	0.00213169114163903
chrM	11445	11445	0.00306965761511216
chrM	11446	11446	0.00147370903088894
chrM	11447	11447	0.000765741886081169
chrM	11448	11448	0.000471003826906094
chrM	11449	11449	0.00158711497766283
chrM	11450	11450	0.000411305012045361
chrM	11451	11451	0.000234976208658873
chrM	11452	11452	0.0189614431444874
chrM	11453	11453	0.00138137446759526
chrM	11454	11454	0.00441286033583586
chrM	11455	11455	0.000286500114600046
chrM	11456	11456	0.000343681979608203
chrM	11457	11457	0.00205784840516749
chrM	11458	11458	0.000342857142857143
chrM	11459	11459	0.00222361594161583
chrM	11460	11460	0.00068372172525782
chrM	11461	11461	0.00272742769475538
chrM	11462	11462	0.000454390548676588
chrM	11463	11463	0.000567794685441744
chrM	11464	11464	0.00141835924202882
chrM	11465	11465	0.000170174144874922
chrM	11466	11466	0.0067609442785509
chrM	11467	11467	0.000731899560860263
chrM	11468	11468	0.00011258725512272
chrM	11469	11469	5.62936275613601e-05
chrM	11470	11470	0.00011260627216936
chrM	11471	11471	0.00112504922090341
chrM	11472	11472	0.000674574175051998
chrM	11473	11473	0.000674119431492613
chrM	11474	11474	0.000112359550561798
chrM	11475	11475	0.000336965067954622
chrM	11476	11476	0
chrM	11477	11477	0.0059733154692123
chrM	11478	11478	0.000279080151819603
chrM	11479	11479	0.000111619600401831
chrM	11480	11480	0
chrM	11481	11481	0.00400222345747638
chrM	11482	11482	0.000389040182293114
chrM	11483	11483	0
chrM	11484	11484	0.0021630615640599
chrM	11485	11485	0.000443508149462246
chrM	11486	11486	0.000387919091160986
chrM	11487	11487	0
chrM	11488	11488	5.5420084238528e-05
chrM	11489	11489	0.000830748781568454
chrM	11490	11490	0.00424640158826449
chrM	11491	11491	0.0035722136733348
chrM	11492	11492	0.00752740958926526
chrM	11493	11493	0.00277671911580552
chrM	11494	11494	0.00298556074259038
chrM	11495	11495	0.00598996276509633
chrM	11496	11496	0.000485620244968435
chrM	11497	11497	0.00648967551622419
chrM	11498	11498	0.000107301893878427
chrM	11499	11499	0.000643638704140742
chrM	11500	11500	0.0020902561903741
chrM	11501	11501	0.00118076427651353
chrM	11502	11502	0.00464793247141789
chrM	11503	11503	0.000106837606837607
chrM	11504	11504	0.000320427236315087
chrM	11505	11505	0.000800512327889849
chrM	11506	11506	0.00372637742879957
chrM	11507	11507	0.00116983941295331
chrM	11508	11508	5.31971486328333e-05
chrM	11509	11509	0.00859840692092631
chrM	11510	11510	0
chrM	11511	11511	0.0027916776402423
chrM	11512	11512	0.0106843175066451
chrM	11513	11513	0.000783658116085889
chrM	11514	11514	0.000208997335283975
chrM	11515	11515	0.00302130541230401
chrM	11516	11516	0.000937011972930765
chrM	11517	11517	0.010771530175746
chrM	11518	11518	0.000257811694338455
chrM	11519	11519	0.000206228088265622
chrM	11520	11520	0.0014416640922665
chrM	11521	11521	0.000566251415628539
chrM	11522	11522	0.00108258583359109
chrM	11523	11523	0.000258638526794951
chrM	11524	11524	0.000259497612621964
chrM	11525	11525	0.000363296657670749
chrM	11526	11526	0.000622761949244901
chrM	11527	11527	0.00392866373739984
chrM	11528	11528	0.000155134967421657
chrM	11529	11529	0.00293935643564356
chrM	11530	11530	0.000978977741137675
chrM	11531	11531	0.00222371619175674
chrM	11532	11532	0.010109303638323
chrM	11533	11533	0.000363485304808391
chrM	11534	11534	0.000832466181061394
chrM	11535	11535	0.000157389433922669
chrM	11536	11536	0.00801498907046945
chrM	11537	11537	0.000994087793648302
chrM	11538	11538	0.00414263240692187
chrM	11539	11539	0.00350381759230206
chrM	11540	11540	0.00454878176304507
chrM	11541	11541	0.000898757599788528
chrM	11542	11542	0.00270557029177719
chrM	11543	11543	0.000927542557835007
chrM	11544	11544	0.0171128158360603
chrM	11545	11545	0.00798934753661784
chrM	11546	11546	0.000106558687196974
chrM	11547	11547	0.00382307651462858
chrM	11548	11548	0.0315957392065044
chrM	11549	11549	0.00456152939367536
chrM	11550	11550	0.000410235372544998
chrM	11551	11551	0.00526127598712775
chrM	11552	11552	0.00387814461397153
chrM	11553	11553	0.00346091205211726
chrM	11554	11554	0.0030972328002031
chrM	11555	11555	0.000254569522936714
chrM	11556	11556	0.000764214387609537
chrM	11557	11557	0.0027462747291868
chrM	11558	11558	0.00111828394245921
chrM	11559	11559	5.14800514800515e-05
chrM	11560	11560	0.000464132845134341
chrM	11561	11561	0.000309421896756227
chrM	11562	11562	0.0124802608119811
chrM	11563	11563	0.000255010965471515
chrM	11564	11564	0.00102040816326531
chrM	11565	11565	0.00300805547058224
chrM	11566	11566	0.000409941070971048
chrM	11567	11567	0.000358974358974359
chrM	11568	11568	0
chrM	11569	11569	0.00114096048127788
chrM	11570	11570	0.00114523685580427
chrM	11571	11571	0.00124798502417971
chrM	11572	11572	0.000520751965838671
chrM	11573	11573	0.00691088594440114
chrM	11574	11574	0.00859391178297784
chrM	11575	11575	0.000310639399430494
chrM	11576	11576	0.000310719834282755
chrM	11577	11577	0.00842840990852092
chrM	11578	11578	0.00453631630496417
chrM	11579	11579	0.00025835787733168
chrM	11580	11580	0.00206281264504151
chrM	11581	11581	0.000828843762950684
chrM	11582	11582	0.00274015096680798
chrM	11583	11583	0.00031062331745703
chrM	11584	11584	0.0206928031647817
chrM	11585	11585	0.00167708492148193
chrM	11586	11586	0.000863470134091833
chrM	11587	11587	0.000710659898477157
chrM	11588	11588	0.00325021583464527
chrM	11589	11589	0.00101636345157028
chrM	11590	11590	0.00552038490757154
chrM	11591	11591	0.000253267146185797
chrM	11592	11592	0.00202255144865248
chrM	11593	11593	0.0100908680154626
chrM	11594	11594	0.00140590480016067
chrM	11595	11595	0.00100537877645403
chrM	11596	11596	0.0019090680733484
chrM	11597	11597	0.00375657400450789
chrM	11598	11598	0.00478635887719998
chrM	11599	11599	0.00557186209641311
chrM	11600	11600	0.00846276383910793
chrM	11601	11601	0.0127473835623233
chrM	11602	11602	0.0023881785163441
chrM	11603	11603	0.00806772908366534
chrM	11604	11604	0.00139470013947001
chrM	11605	11605	0.00221216691804927
chrM	11606	11606	0.0114862513052558
chrM	11607	11607	0.00193634874137332
chrM	11608	11608	0.00138840680319334
chrM	11609	11609	0.00193270231428713
chrM	11610	11610	0.000348345359542175
chrM	11611	11611	0.015531602155806
chrM	11612	11612	0.00444618165827918
chrM	11613	11613	0.00224795973219958
chrM	11614	11614	0.00698927340678542
chrM	11615	11615	0.00150756212614891
chrM	11616	11616	0.000243214320459189
chrM	11617	11617	0.00344827586206897
chrM	11618	11618	0.00156326331216414
chrM	11619	11619	0.00200156219488381
chrM	11620	11620	0.010652721286074
chrM	11621	11621	0.00237311119721038
chrM	11622	11622	0.00151086850570231
chrM	11623	11623	0.000539083557951483
chrM	11624	11624	0
chrM	11625	11625	0.00142080250845133
chrM	11626	11626	0.000489715964740451
chrM	11627	11627	0.000195867202037019
chrM	11628	11628	0.000146914789422135
chrM	11629	11629	0.0084037695521228
chrM	11630	11630	0
chrM	11631	11631	9.78665100802505e-05
chrM	11632	11632	0.0028807187149065
chrM	11633	11633	0.00107332780406889
chrM	11634	11634	0.000341496731388428
chrM	11635	11635	0.000633806250304715
chrM	11636	11636	0.0057688578630987
chrM	11637	11637	0.00883204633204633
chrM	11638	11638	0.000241522558206937
chrM	11639	11639	0.000820542523409596
chrM	11640	11640	0.00231180465250686
chrM	11641	11641	0.00134848776728954
chrM	11642	11642	0.000144487790781679
chrM	11643	11643	0.00135004821600771
chrM	11644	11644	0.000731279251170047
chrM	11645	11645	9.76181179226865e-05
chrM	11646	11646	0.00024415254651106
chrM	11647	11647	0.000537555588134682
chrM	11648	11648	0.00156532798512938
chrM	11649	11649	0.000635821187518341
chrM	11650	11650	9.78186442335909e-05
chrM	11651	11651	0.00136798905608755
chrM	11652	11652	0.000636443748164105
chrM	11653	11653	0.00538265805441378
chrM	11654	11654	0.00526341439641308
chrM	11655	11655	0.0011257402966081
chrM	11656	11656	0.000391542678151919
chrM	11657	11657	0.00156471566182583
chrM	11658	11658	0.0628697207318751
chrM	11659	11659	0.00142437052012498
chrM	11660	11660	0.0304002852812695
chrM	11661	11661	0.00452789985350912
chrM	11662	11662	8.89640140563142e-05
chrM	11663	11663	0.00877966999029383
chrM	11664	11664	0.00455651404556514
chrM	11665	11665	0.0361825081938934
chrM	11666	11666	0.0152049267360374
chrM	11667	11667	0.00140026307973013
chrM	11668	11668	0.0129832055953428
chrM	11669	11669	0.00130191928100458
chrM	11670	11670	0.00130066291851976
chrM	11671	11671	0.0328161806514499
chrM	11672	11672	0.00413793103448276
chrM	11673	11673	0.00299328533290187
chrM	11674	11674	0.00012134449702706
chrM	11675	11675	0.00153603621811714
chrM	11676	11676	0.0233220017392679
chrM	11677	11677	0.00277041199984169
chrM	11678	11678	0
chrM	11679	11679	0.00465024630541872
chrM	11680	11680	0.0116110872199851
chrM	11681	11681	0.00598802395209581
chrM	11682	11682	0.00148553557466771
chrM	11683	11683	0.000587475032311127
chrM	11684	11684	0.00113939965425114
chrM	11685	11685	0.0018830175356008
chrM	11686	11686	0.00258337247534054
chrM	11687	11687	0.000666065901343886
chrM	11688	11688	0.000353648473417423
chrM	11689	11689	0.00301747785876636
chrM	11690	11690	0.000235091293785753
chrM	11691	11691	0.00433204542793584
chrM	11692	11692	0.000118063754427391
chrM	11693	11693	0.00173419517578433
chrM	11694	11694	0.000512375847390825
chrM	11695	11695	0.000512153803726904
chrM	11696	11696	0.00180974112833425
chrM	11697	11697	7.87339579560664e-05
chrM	11698	11698	0.000275568852846233
chrM	11699	11699	0
chrM	11700	11700	0.00039397998581672
chrM	11701	11701	0.00589506779327962
chrM	11702	11702	0
chrM	11703	11703	0.000669370398078513
chrM	11704	11704	0.000749625187406297
chrM	11705	11705	0.00574373500137692
chrM	11706	11706	0.0118711800658204
chrM	11707	11707	0.00537485673635537
chrM	11708	11708	0.00491011324938624
chrM	11709	11709	0.00896932174465214
chrM	11710	11710	0.00346558317399618
chrM	11711	11711	3.99440782903935e-05
chrM	11712	11712	0.0081077858590676
chrM	11713	11713	0.00097154191798567
chrM	11714	11714	8.09978940547546e-05
chrM	11715	11715	0.00322958298009769
chrM	11716	11716	0.00089398187654923
chrM	11717	11717	0.00105820105820106
chrM	11718	11718	0.00056980056980057
chrM	11719	11719	0.000530330844857831
chrM	11720	11720	0.00428152014353287
chrM	11721	11721	0.000980993255671367
chrM	11722	11722	0.00163325303172594
chrM	11723	11723	0.00899040213825781
chrM	11724	11724	0.000529078995563876
chrM	11725	11725	0.00308466596314636
chrM	11726	11726	0.00824109234871132
chrM	11727	11727	4.06338886631451e-05
chrM	11728	11728	0.00146121686893696
chrM	11729	11729	0.0103474654748963
chrM	11730	11730	0.000242365487154629
chrM	11731	11731	0.00149688486123473
chrM	11732	11732	0.00121768072411414
chrM	11733	11733	0.000609384521633151
chrM	11734	11734	0.000530071355759429
chrM	11735	11735	0.000570706453059394
chrM	11736	11736	0.00105992662046474
chrM	11737	11737	0.000245047988564427
chrM	11738	11738	8.17260542661e-05
chrM	11739	11739	0.00285551113649343
chrM	11740	11740	0.00200212470376726
chrM	11741	11741	0.00134853500061297
chrM	11742	11742	0.00983447326884941
chrM	11743	11743	0.00016195643371933
chrM	11744	11744	0.00113323619880201
chrM	11745	11745	0.000364328219244626
chrM	11746	11746	0.000567191994490135
chrM	11747	11747	0.000406735540551533
chrM	11748	11748	8.14100215736557e-05
chrM	11749	11749	0.000163092228655305
chrM	11750	11750	4.09131822273136e-05
chrM	11751	11751	0.00602704023456589
chrM	11752	11752	0.00276591417531015
chrM	11753	11753	0.000162740550876765
chrM	11754	11754	0.000367242012486228
chrM	11755	11755	8.16593173281071e-05
chrM	11756	11756	0.00555258503681158
chrM	11757	11757	8.2634384167252e-05
chrM	11758	11758	0.000580816461998009
chrM	11759	11759	0.00456488359546832
chrM	11760	11760	0.000374220374220374
chrM	11761	11761	0.000209722746529089
chrM	11762	11762	0.000252408396786
chrM	11763	11763	0.00897867564534231
chrM	11764	11764	0.00219751809720786
chrM	11765	11765	0.00189239172508709
chrM	11766	11766	0.000775193798449612
chrM	11767	11767	0.000430700318718236
chrM	11768	11768	0.000346035728188935
chrM	11769	11769	0.00146969827958848
chrM	11770	11770	0.00331810738602086
chrM	11771	11771	0.0101225814718319
chrM	11772	11772	0.00145045006612346
chrM	11773	11773	4.26657564638621e-05
chrM	11774	11774	0.00098055934515689
chrM	11775	11775	0.0010654619843164
chrM	11776	11776	0.0175925925925926
chrM	11777	11777	0.000673258994319377
chrM	11778	11778	0.001597914301333
chrM	11779	11779	0.013868128217904
chrM	11780	11780	0.00682551501613304
chrM	11781	11781	0.000829875518672199
chrM	11782	11782	0.000166223404255319
chrM	11783	11783	0.000167126263892371
chrM	11784	11784	0.000167364016736402
chrM	11785	11785	0.000127102486971995
chrM	11786	11786	0.000721347647133704
chrM	11787	11787	0.000395691360738624
chrM	11788	11788	0.000659543595831685
chrM	11789	11789	0.000175878292221783
chrM	11790	11790	0.000351973250032998
chrM	11791	11791	0.000792567478314473
chrM	11792	11792	4.4249745563963e-05
chrM	11793	11793	0.00353591160220994
chrM	11794	11794	0.00114856208861598
chrM	11795	11795	0.00641307212509883
chrM	11796	11796	0.000748733759083902
chrM	11797	11797	0.000616549962566609
chrM	11798	11798	0.00189611076814534
chrM	11799	11799	0.000925354719309068
chrM	11800	11800	0.0353722385391393
chrM	11801	11801	0.00102097247628366
chrM	11802	11802	0.00781679131279841
chrM	11803	11803	0.00160608622147084
chrM	11804	11804	0.00299552780356088
chrM	11805	11805	0.00512454320157937
chrM	11806	11806	0.00335190849289814
chrM	11807	11807	0.0023040509404717
chrM	11808	11808	0.00242444509467876
chrM	11809	11809	0.0108871134660761
chrM	11810	11810	0.000248375212153827
chrM	11811	11811	0.000828809415274958
chrM	11812	11812	0.00277145811789038
chrM	11813	11813	0.00107562468972365
chrM	11814	11814	0.00743754109138725
chrM	11815	11815	0.00127320519139149
chrM	11816	11816	0.00106899103692131
chrM	11817	11817	0.000373087924387514
chrM	11818	11818	0.000539463855921653
chrM	11819	11819	0.00233032333236237
chrM	11820	11820	0.000291375291375291
chrM	11821	11821	0.00137265504762697
chrM	11822	11822	0.00298854391499253
chrM	11823	11823	0.0113438767905937
chrM	11824	11824	8.43454790823212e-05
chrM	11825	11825	0.000127248048863251
chrM	11826	11826	4.35161009573542e-05
chrM	11827	11827	0.0159944965173274
chrM	11828	11828	0.0130629082158817
chrM	11829	11829	0.000949175942704289
chrM	11830	11830	0.000217410209583442
chrM	11831	11831	0.00209195903246895
chrM	11832	11832	0.00192661353883878
chrM	11833	11833	0.00926633979578067
chrM	11834	11834	0.00190424374319913
chrM	11835	11835	0.00830774787791223
chrM	11836	11836	0.00207412751375237
chrM	11837	11837	0
chrM	11838	11838	0.00374548736462094
chrM	11839	11839	0.00425531914893617
chrM	11840	11840	0.000950054288816504
chrM	11841	11841	9.04731747037004e-05
chrM	11842	11842	0.000135715901379778
chrM	11843	11843	0.0208878442502993
chrM	11844	11844	0.00111299082895557
chrM	11845	11845	0.000356252226576416
chrM	11846	11846	0.00333333333333333
chrM	11847	11847	0.0036541889483066
chrM	11848	11848	0.024831980448634
chrM	11849	11849	0.00122174709835064
chrM	11850	11850	0.000176095091349329
chrM	11851	11851	0.000309488018392431
chrM	11852	11852	0.00465178096757044
chrM	11853	11853	0.00070878001240365
chrM	11854	11854	0.000356157065265782
chrM	11855	11855	0.000413014547290166
chrM	11856	11856	0.000322061191626409
chrM	11857	11857	0.000278396436525612
chrM	11858	11858	0.00060299642840577
chrM	11859	11859	0.000964831878045251
chrM	11860	11860	0.00160031036322196
chrM	11861	11861	0.00387784779447407
chrM	11862	11862	0.0036298519020424
chrM	11863	11863	0.00353802161585809
chrM	11864	11864	0.00382634289919058
chrM	11865	11865	0.00841651986690155
chrM	11866	11866	0.00395334081702377
chrM	11867	11867	0.00219202104340202
chrM	11868	11868	0.00484942534309684
chrM	11869	11869	0.00774932614555256
chrM	11870	11870	0.0166674558454472
chrM	11871	11871	0.00705459021826618
chrM	11872	11872	0.0176067818715357
chrM	11873	11873	0.00522144522144522
chrM	11874	11874	4.69483568075117e-05
chrM	11875	11875	0.0156011295773344
chrM	11876	11876	0.00140745953553835
chrM	11877	11877	0.00196988884198677
chrM	11878	11878	0.00847694457382394
chrM	11879	11879	0.00344586728754366
chrM	11880	11880	0.0109161254663535
chrM	11881	11881	0.00230776331579433
chrM	11882	11882	0.000646830530401035
chrM	11883	11883	0.0063407461863628
chrM	11884	11884	0.00440872560275545
chrM	11885	11885	0.00416991247766118
chrM	11886	11886	0.00287986834887548
chrM	11887	11887	0.000365831351746845
chrM	11888	11888	0.00487160808595884
chrM	11889	11889	0.0013204024951054
chrM	11890	11890	0.0180038611772101
chrM	11891	11891	0.0278886209164657
chrM	11892	11892	0.00425158886697348
chrM	11893	11893	0.00294143471771007
chrM	11894	11894	4.5875768419121e-05
chrM	11895	11895	9.26483531755223e-05
chrM	11896	11896	0.00097204221440474
chrM	11897	11897	0.000602381724665215
chrM	11898	11898	0.000603164292673874
chrM	11899	11899	0.000324690384526184
chrM	11900	11900	0.00203741433598815
chrM	11901	11901	0.000139230519329837
chrM	11902	11902	0.000850420485684589
chrM	11903	11903	0.000236272564029865
chrM	11904	11904	0
chrM	11905	11905	0.000189044850890874
chrM	11906	11906	0.000236440156996264
chrM	11907	11907	0.00583325429194726
chrM	11908	11908	0.000336587007741501
chrM	11909	11909	0.000192437217357837
chrM	11910	11910	0
chrM	11911	11911	0
chrM	11912	11912	0
chrM	11913	11913	0.00206492508643872
chrM	11914	11914	0.00287301283279065
chrM	11915	11915	0.000861161611329059
chrM	11916	11916	0.00033478406427854
chrM	11917	11917	0.0147488455376496
chrM	11918	11918	0.000518330034869475
chrM	11919	11919	0.00743844451767808
chrM	11920	11920	0.0040881537521733
chrM	11921	11921	0.000564015792442188
chrM	11922	11922	0.00150503245226225
chrM	11923	11923	0.000800489711352828
chrM	11924	11924	0.00876017233125898
chrM	11925	11925	0.00091539795721719
chrM	11926	11926	0.00058633831720903
chrM	11927	11927	0.000342448999559708
chrM	11928	11928	0.000391255440895975
chrM	11929	11929	0.0106640814348037
chrM	11930	11930	0.00072716695753345
chrM	11931	11931	0.00174808196562105
chrM	11932	11932	0.00169762817092691
chrM	11933	11933	0.0016954078666925
chrM	11934	11934	0.00203794458731622
chrM	11935	11935	0.000873701582370644
chrM	11936	11936	0.00448081044223651
chrM	11937	11937	0.000438938743659774
chrM	11938	11938	0.00116941967548604
chrM	11939	11939	0.0110160892883027
chrM	11940	11940	0.00522268968518787
chrM	11941	11941	0.00179341767243469
chrM	11942	11942	0.00106785748956412
chrM	11943	11943	4.86026731470231e-05
chrM	11944	11944	0.00136087484811665
chrM	11945	11945	0.0193218231383615
chrM	11946	11946	0.0161099825199603
chrM	11947	11947	0.00245700245700246
chrM	11948	11948	0.00409778154585276
chrM	11949	11949	0.000189062721557877
chrM	11950	11950	0.00268969422423556
chrM	11951	11951	0.00343609811969075
chrM	11952	11952	0.000859763087504776
chrM	11953	11953	0.00109827141629262
chrM	11954	11954	0.000191232012238849
chrM	11955	11955	0.0312196025753856
chrM	11956	11956	0.00250452205370808
chrM	11957	11957	0.000371333085777943
chrM	11958	11958	0.000745399487537852
chrM	11959	11959	0.000420954162768943
chrM	11960	11960	0.00551530731479318
chrM	11961	11961	0.000333206397562833
chrM	11962	11962	0.000143671280111106
chrM	11963	11963	0.00696780394041326
chrM	11964	11964	0.00153964588144727
chrM	11965	11965	0.00081777948816625
chrM	11966	11966	0.00729856909632191
chrM	11967	11967	0.00656318865574399
chrM	11968	11968	0.00640198748268119
chrM	11969	11969	0.00736972232788132
chrM	11970	11970	0.00581725312145289
chrM	11971	11971	0.0013867635807192
chrM	11972	11972	0.00589998572584099
chrM	11973	11973	0.00648797120666793
chrM	11974	11974	0.0227738450074516
chrM	11975	11975	0.00122146011462933
chrM	11976	11976	0.0123525847200858
chrM	11977	11977	0.00247918420806437
chrM	11978	11978	0.000659599528857479
chrM	11979	11979	0.0246674950526946
chrM	11980	11980	0.00418896904817314
chrM	11981	11981	0.00187634862557463
chrM	11982	11982	0.000140864910550782
chrM	11983	11983	0.0018756447528838
chrM	11984	11984	0.00516416354763822
chrM	11985	11985	0.00185546410390599
chrM	11986	11986	0.0230125523012552
chrM	11987	11987	0.000836470096194061
chrM	11988	11988	0.000976835054423667
chrM	11989	11989	0.000232677183675369
chrM	11990	11990	0.00468091022848403
chrM	11991	11991	0.00320081644013545
chrM	11992	11992	0.000371178026260845
chrM	11993	11993	0.00874166091557396
chrM	11994	11994	0.000230054292813104
chrM	11995	11995	0.00298301973382285
chrM	11996	11996	0.000413488927685381
chrM	11997	11997	0.0197988544626347
chrM	11998	11998	0.00375354756019409
chrM	11999	11999	0.00256128796194658
chrM	12000	12000	0.0409926389562304
chrM	12001	12001	0.00226254380905905
chrM	12002	12002	0.00105820105820106
chrM	12003	12003	0.0186038110719769
chrM	12004	12004	0.00429378531073446
chrM	12005	12005	4.52509163310557e-05
chrM	12006	12006	0.000949581731856206
chrM	12007	12007	0.00316584505449776
chrM	12008	12008	0.00149152542372881
chrM	12009	12009	0.00257452574525745
chrM	12010	12010	0.000722380242900357
chrM	12011	12011	0.000498053065290229
chrM	12012	12012	0.00194482134780642
chrM	12013	12013	0.000316699090621183
chrM	12014	12014	0.0164916201117318
chrM	12015	12015	0.00125234815278647
chrM	12016	12016	0.000135440180586907
chrM	12017	12017	0.000135519718118986
chrM	12018	12018	0.00238964786509762
chrM	12019	12019	0.00602924634420697
chrM	12020	12020	0.00327898306607375
chrM	12021	12021	8.99078444594291e-05
chrM	12022	12022	0.00170541244053496
chrM	12023	12023	0.000179565451607111
chrM	12024	12024	8.99563711599874e-05
chrM	12025	12025	0.00287124270973531
chrM	12026	12026	9.19033177097693e-05
chrM	12027	12027	0.000137880319882342
chrM	12028	12028	0.0030701553406956
chrM	12029	12029	0
chrM	12030	12030	0.000871679588934257
chrM	12031	12031	0.000321587724537143
chrM	12032	12032	0.000413698000459664
chrM	12033	12033	0.00078189678962377
chrM	12034	12034	0.00201964564399155
chrM	12035	12035	4.59263341600074e-05
chrM	12036	12036	0.00068975031038764
chrM	12037	12037	0.000643441492784263
chrM	12038	12038	0.00101024016163843
chrM	12039	12039	0.00087199963284226
chrM	12040	12040	0.00384070229984912
chrM	12041	12041	0.00342325071888265
chrM	12042	12042	0.0028226724334168
chrM	12043	12043	0.000728033853574191
chrM	12044	12044	0.0016372566854648
chrM	12045	12045	0.000136699170691698
chrM	12046	12046	0.0172406072276208
chrM	12047	12047	8.95736295234683e-05
chrM	12048	12048	0.000134366462131052
chrM	12049	12049	0.0138698705773223
chrM	12050	12050	0.00243126160374856
chrM	12051	12051	0.000751049259995582
chrM	12052	12052	0.000265146493437624
chrM	12053	12053	0.000309720808813769
chrM	12054	12054	4.42634560906516e-05
chrM	12055	12055	0.000354060632883381
chrM	12056	12056	0.00541659327109389
chrM	12057	12057	0.0001326494517156
chrM	12058	12058	0.00110419151097566
chrM	12059	12059	0.00592833304057615
chrM	12060	12060	0.00928833071690215
chrM	12061	12061	0.00654898729236241
chrM	12062	12062	0.000612584230331671
chrM	12063	12063	0.00885109337035751
chrM	12064	12064	0.00848662387455305
chrM	12065	12065	0.000559862187769165
chrM	12066	12066	0.00424619343770105
chrM	12067	12067	0.000387814021631404
chrM	12068	12068	0
chrM	12069	12069	0.000431406384814495
chrM	12070	12070	0.00596387351439482
chrM	12071	12071	0.000472163797913895
chrM	12072	12072	0.000257676615847112
chrM	12073	12073	8.5940185630801e-05
chrM	12074	12074	0.00500299324382109
chrM	12075	12075	0.000299901460948545
chrM	12076	12076	0.000514028699935746
chrM	12077	12077	0.000128700128700129
chrM	12078	12078	4.29129296657083e-05
chrM	12079	12079	0.000600729457198026
chrM	12080	12080	0.00245435756114364
chrM	12081	12081	0.000132878593258626
chrM	12082	12082	0
chrM	12083	12083	0.000133055395396283
chrM	12084	12084	0.000266075388026608
chrM	12085	12085	0.000754014015789941
chrM	12086	12086	0.00630761766132945
chrM	12087	12087	0.00378871315917001
chrM	12088	12088	0.00224422442244224
chrM	12089	12089	0.00109967449634908
chrM	12090	12090	8.80359186548112e-05
chrM	12091	12091	0.0305141245352365
chrM	12092	12092	0.00367535780689238
chrM	12093	12093	0.000432413733460175
chrM	12094	12094	4.32544660236169e-05
chrM	12095	12095	0.000434065457070926
chrM	12096	12096	0.000352485019386676
chrM	12097	12097	0.00589330024813896
chrM	12098	12098	0.000273360973165064
chrM	12099	12099	0.00127475529251081
chrM	12100	12100	0.000182157657452525
chrM	12101	12101	0.000364182637592753
chrM	12102	12102	0.0054649785955005
chrM	12103	12103	0.001191076091438
chrM	12104	12104	0.000137570504883753
chrM	12105	12105	0.000321572951120911
chrM	12106	12106	0.000737871241468364
chrM	12107	12107	0.0012494215640907
chrM	12108	12108	0.000707280271595624
chrM	12109	12109	0.000190612342149154
chrM	12110	12110	0.000381588361554973
chrM	12111	12111	0.000432546739078195
chrM	12112	12112	0.00120192307692308
chrM	12113	12113	4.84238051426081e-05
chrM	12114	12114	0.0103320678552549
chrM	12115	12115	0.00120342736112448
chrM	12116	12116	0.00212119751241383
chrM	12117	12117	0.000343828282332138
chrM	12118	12118	0.000738152649968013
chrM	12119	12119	0.00321806479764372
chrM	12120	12120	0.000818419903972065
chrM	12121	12121	0.0440185891076184
chrM	12122	12122	0.0111220319693756
chrM	12123	12123	0.00742880726372266
chrM	12124	12124	0.00997340425531915
chrM	12125	12125	0.000102564102564103
chrM	12126	12126	0.000205180815593742
chrM	12127	12127	0.00940375133431607
chrM	12128	12128	0.00244623381918255
chrM	12129	12129	0.000305825985014527
chrM	12130	12130	0.000204029584289722
chrM	12131	12131	0.00143120016356573
chrM	12132	12132	0.000722245150639703
chrM	12133	12133	0.000258091157796934
chrM	12134	12134	0.00134131242261659
chrM	12135	12135	0.0012389654638377
chrM	12136	12136	0.00103151271339419
chrM	12137	12137	0.00359897172236504
chrM	12138	12138	0.0019727961790053
chrM	12139	12139	0.00202166813539993
chrM	12140	12140	0.000466829192385497
chrM	12141	12141	0
chrM	12142	12142	0.00516849286747984
chrM	12143	12143	0.00802427858649246
chrM	12144	12144	0.0025654181631606
chrM	12145	12145	0.00960609911054638
chrM	12146	12146	0.00152524276780721
chrM	12147	12147	0.00320024382810119
chrM	12148	12148	0.000204237937196834
chrM	12149	12149	0.0111683848797251
chrM	12150	12150	0.000101548616400102
chrM	12151	12151	0.000558233950773915
chrM	12152	12152	0
chrM	12153	12153	0.00284090909090909
chrM	12154	12154	0.000204467617441088
chrM	12155	12155	0.00239783684505893
chrM	12156	12156	0.00214581310989629
chrM	12157	12157	0.000766753565404079
chrM	12158	12158	0.000204446716074623
chrM	12159	12159	0.00503842434729503
chrM	12160	12160	0.00455996352029184
chrM	12161	12161	0.00194971780400205
chrM	12162	12162	0
chrM	12163	12163	0.000410804149121906
chrM	12164	12164	0.000566251415628539
chrM	12165	12165	0.000515543640769191
chrM	12166	12166	0.000361290322580645
chrM	12167	12167	0.00139556520390758
chrM	12168	12168	0.000310816411106506
chrM	12169	12169	0.000155730897009967
chrM	12170	12170	0.00341650274355523
chrM	12171	12171	0.00440622179752615
chrM	12172	12172	0.000425192665426521
chrM	12173	12173	0.000106332075070445
chrM	12174	12174	0.000107158165452207
chrM	12175	12175	0.00209238693062933
chrM	12176	12176	5.40219329047593e-05
chrM	12177	12177	0.00107938906578876
chrM	12178	12178	0.00237005117155939
chrM	12179	12179	5.38967338579282e-05
chrM	12180	12180	0.00871005664208614
chrM	12181	12181	0.00128314798973482
chrM	12182	12182	0.00780254777070064
chrM	12183	12183	0.00222481195041848
chrM	12184	12184	0.000847547409683229
chrM	12185	12185	0.0014825011912956
chrM	12186	12186	0.00159982935153584
chrM	12187	12187	0.00460607359005945
chrM	12188	12188	0.00256821829855538
chrM	12189	12189	0.000214822771213749
chrM	12190	12190	0.0023051356277474
chrM	12191	12191	0.000590002145462347
chrM	12192	12192	0.000594144971373015
chrM	12193	12193	0.000596982524693368
chrM	12194	12194	0
chrM	12195	12195	0.00049363756033348
chrM	12196	12196	0.00480401790588492
chrM	12197	12197	0.00163585800752495
chrM	12198	12198	0.000817572355153431
chrM	12199	12199	0.000599880023995201
chrM	12200	12200	0.000877722310603983
chrM	12201	12201	0.0015339944118775
chrM	12202	12202	0.000164654226125137
chrM	12203	12203	0.00126234906695939
chrM	12204	12204	0.000110290062865336
chrM	12205	12205	5.53525960367541e-05
chrM	12206	12206	0.000387639827223391
chrM	12207	12207	0.000173380338669595
chrM	12208	12208	0.000232693426410704
chrM	12209	12209	0.00116225011622501
chrM	12210	12210	0.00023263929277655
chrM	12211	12211	0.000465332712889716
chrM	12212	12212	0.000758991125642223
chrM	12213	12213	5.86097761106553e-05
chrM	12214	12214	0.00514830632422629
chrM	12215	12215	0.00111600587371512
chrM	12216	12216	0.00175932441942294
chrM	12217	12217	0.00169978313111775
chrM	12218	12218	0.000937097340986295
chrM	12219	12219	0.00210452472816556
chrM	12220	12220	0.00087627059235892
chrM	12221	12221	0.000175613182696248
chrM	12222	12222	5.85377275654159e-05
chrM	12223	12223	0.00390852875977132
chrM	12224	12224	0.00163370091603944
chrM	12225	12225	0.000233986545773618
chrM	12226	12226	0.000819624143785493
chrM	12227	12227	0.000761436185790429
chrM	12228	12228	0.00241063029162747
chrM	12229	12229	0.00100082420817144
chrM	12230	12230	0.00363999295485235
chrM	12231	12231	0.00194369183649429
chrM	12232	12232	0.000530503978779841
chrM	12233	12233	0.00317367029091978
chrM	12234	12234	0.000176949392473753
chrM	12235	12235	0.00772924230003513
chrM	12236	12236	0.0123192596876807
chrM	12237	12237	0.00161681487469685
chrM	12238	12238	0.000923361034164358
chrM	12239	12239	0.0028264882325796
chrM	12240	12240	0.0126668948990072
chrM	12241	12241	0.0195364979847738
chrM	12242	12242	0.00134303301622832
chrM	12243	12243	0.000895706208363657
chrM	12244	12244	0.000448757502664498
chrM	12245	12245	0.00497234482373317
chrM	12246	12246	0.0060622914349277
chrM	12247	12247	0.0010035682426405
chrM	12248	12248	0
chrM	12249	12249	0.000167597765363128
chrM	12250	12250	0.000614868641699273
chrM	12251	12251	0.000112296462661426
chrM	12252	12252	0.0016834072162056
chrM	12253	12253	5.63063063063063e-05
chrM	12254	12254	0.000788910176941283
chrM	12255	12255	0.0017471678971989
chrM	12256	12256	0.00191387559808612
chrM	12257	12257	0.0039344262295082
chrM	12258	12258	0.000897397547113371
chrM	12259	12259	0.000240485781278182
chrM	12260	12260	0.00317822019668985
chrM	12261	12261	0.000120040813876718
chrM	12262	12262	0.00283269045323047
chrM	12263	12263	0.00133147733462446
chrM	12264	12264	0.000608383524974144
chrM	12265	12265	0.00544992127891486
chrM	12266	12266	0.000671837781713797
chrM	12267	12267	0.000807202732070785
chrM	12268	12268	0
chrM	12269	12269	0.000188560653676933
chrM	12270	12270	0.000753721499905785
chrM	12271	12271	0.00313715648136529
chrM	12272	12272	0.0283774692679347
chrM	12273	12273	0.00104390543444888
chrM	12274	12274	0.00161933233682113
chrM	12275	12275	0.000756286632633768
chrM	12276	12276	0.00319101410428234
chrM	12277	12277	0.00691908514318662
chrM	12278	12278	0.00187423253409164
chrM	12279	12279	0.000582750582750583
chrM	12280	12280	0.000518907699292988
chrM	12281	12281	0.000261934385436448
chrM	12282	12282	0.000929985385943935
chrM	12283	12283	0.000655689931516829
chrM	12284	12284	0.000219138056975895
chrM	12285	12285	0.00262792904591576
chrM	12286	12286	0.011711972238288
chrM	12287	12287	0.000144990575612585
chrM	12288	12288	0.000292825768667643
chrM	12289	12289	0.000810014727540501
chrM	12290	12290	0.00389677229615469
chrM	12291	12291	0.00754302453313804
chrM	12292	12292	0.00248538011695906
chrM	12293	12293	0.00102481516726448
chrM	12294	12294	0.000367971739770386
chrM	12295	12295	0.000885151582208453
chrM	12296	12296	0.000962535169554272
chrM	12297	12297	0.000370699881376038
chrM	12298	12298	0
chrM	12299	12299	0.00406473466315393
chrM	12300	12300	0.0109464591555589
chrM	12301	12301	0.00119269474468878
chrM	12302	12302	0.00112191473448018
chrM	12303	12303	0.000896793961587325
chrM	12304	12304	0.000149880095923261
chrM	12305	12305	0.000224870699347875
chrM	12306	12306	0.00410723620342021
chrM	12307	12307	7.55972180223768e-05
chrM	12308	12308	0
chrM	12309	12309	0
chrM	12310	12310	0.00294650951949229
chrM	12311	12311	0.000615148019992311
chrM	12312	12312	0
chrM	12313	12313	0.000232126276694522
chrM	12314	12314	7.76096235933256e-05
chrM	12315	12315	0.00015550890288469
chrM	12316	12316	0
chrM	12317	12317	0.000157716268433089
chrM	12318	12318	0.000158805780530411
chrM	12319	12319	0.00015886885376122
chrM	12320	12320	0.0011900983814662
chrM	12321	12321	0.000158704967465482
chrM	12322	12322	0.000637196336121067
chrM	12323	12323	0.000159616919393456
chrM	12324	12324	0
chrM	12325	12325	7.98403193612774e-05
chrM	12326	12326	0.00055874840357599
chrM	12327	12327	0.000319310289774088
chrM	12328	12328	0
chrM	12329	12329	0.000399042298483639
chrM	12330	12330	7.98722044728435e-05
chrM	12331	12331	0.000159846547314578
chrM	12332	12332	0.00111821086261981
chrM	12333	12333	0
chrM	12334	12334	0.00127764912560888
chrM	12335	12335	0.00039913786221761
chrM	12336	12336	0.000558614635703455
chrM	12337	12337	0.000159629659190678
chrM	12338	12338	0.000239463601532567
chrM	12339	12339	7.9853070350555e-05
chrM	12340	12340	7.98913477670368e-05
chrM	12341	12341	8e-05
chrM	12342	12342	0
chrM	12343	12343	0.000161043562283598
chrM	12344	12344	0.000161017631430642
chrM	12345	12345	8.05023345677025e-05
chrM	12346	12346	8.06321561038542e-05
chrM	12347	12347	8.26787928896238e-05
chrM	12348	12348	0
chrM	12349	12349	8.42034355001684e-05
chrM	12350	12350	0.000421905324445194
chrM	12351	12351	0
chrM	12352	12352	0.00016914749661705
chrM	12353	12353	0
chrM	12354	12354	0.000770218228498074
chrM	12355	12355	0.000173010380622837
chrM	12356	12356	0.000519390581717452
chrM	12357	12357	0
chrM	12358	12358	0
chrM	12359	12359	0.000173852573018081
chrM	12360	12360	0
chrM	12361	12361	0.000521829883457993
chrM	12362	12362	0
chrM	12363	12363	0.000174641983932937
chrM	12364	12364	8.73591333973967e-05
chrM	12365	12365	0.000698384984722828
chrM	12366	12366	0
chrM	12367	12367	8.76117049237778e-05
chrM	12368	12368	0
chrM	12369	12369	0.000877116042452416
chrM	12370	12370	8.78117316473481e-05
chrM	12371	12371	0
chrM	12372	12372	0
chrM	12373	12373	0
chrM	12374	12374	8.90392663164456e-05
chrM	12375	12375	0
chrM	12376	12376	8.97424391994974e-05
chrM	12377	12377	0
chrM	12378	12378	0
chrM	12379	12379	0
chrM	12380	12380	9.05551027800417e-05
chrM	12381	12381	0.000475963826749167
chrM	12382	12382	0.00019047619047619
chrM	12383	12383	0.000190566936636494
chrM	12384	12384	9.56388676358072e-05
chrM	12385	12385	0
chrM	12386	12386	0
chrM	12387	12387	0
chrM	12388	12388	9.76467141880676e-05
chrM	12389	12389	0.000390815828041036
chrM	12390	12390	0
chrM	12391	12391	0
chrM	12392	12392	0.000632377740303541
chrM	12393	12393	0.000109158388822181
chrM	12394	12394	0
chrM	12395	12395	0
chrM	12396	12396	0
chrM	12397	12397	0.00070779756989501
chrM	12398	12398	0
chrM	12399	12399	0.000515796260477112
chrM	12400	12400	0.000131302521008403
chrM	12401	12401	0
chrM	12402	12402	0
chrM	12403	12403	0
chrM	12404	12404	0.000137193030594046
chrM	12405	12405	0.000415512465373961
chrM	12406	12406	0.000843525938422606
chrM	12407	12407	0
chrM	12408	12408	0
chrM	12409	12409	0
chrM	12410	12410	0
chrM	12411	12411	0
chrM	12412	12412	0
chrM	12413	12413	0
chrM	12414	12414	0.000818732601932209
chrM	12415	12415	0.000166889185580774
chrM	12416	12416	0
chrM	12417	12417	0
chrM	12418	12418	0.000188501413760603
chrM	12419	12419	0
chrM	12420	12420	0
chrM	12421	12421	0
chrM	12422	12422	0
chrM	12423	12423	0
chrM	12424	12424	0
chrM	12425	12425	0
chrM	12426	12426	0.000872790748418067
chrM	12427	12427	0.000226244343891403
chrM	12428	12428	0.000226603217765692
chrM	12429	12429	0
chrM	12430	12430	0
chrM	12431	12431	0.000909090909090909
chrM	12432	12432	0.000231481481481481
chrM	12433	12433	0
chrM	12434	12434	0
chrM	12435	12435	0
chrM	12436	12436	0
chrM	12437	12437	0
chrM	12438	12438	0
chrM	12439	12439	0
chrM	12440	12440	0
chrM	12441	12441	0
chrM	12442	12442	0
chrM	12443	12443	0
chrM	12444	12444	0
chrM	12445	12445	0
chrM	12446	12446	0
chrM	12447	12447	0
chrM	12448	12448	0
chrM	12449	12449	0.000263574064312072
chrM	12450	12450	0
chrM	12451	12451	0.00053835800807537
chrM	12452	12452	0
chrM	12453	12453	0
chrM	12454	12454	0
chrM	12455	12455	0.00112359550561798
chrM	12456	12456	0
chrM	12457	12457	0.000291120815138282
chrM	12458	12458	0
chrM	12459	12459	0
chrM	12460	12460	0.000303859009419629
chrM	12461	12461	0.00213219616204691
chrM	12462	12462	0.00125156445556946
chrM	12463	12463	0
chrM	12464	12464	0
chrM	12465	12465	0.00165398610651671
chrM	12466	12466	0.002
chrM	12467	12467	0
chrM	12468	12468	0.00170299727520436
chrM	12469	12469	0.00204359673024523
chrM	12470	12470	0
chrM	12471	12471	0.00034435261707989
chrM	12472	12472	0.000711490572749911
chrM	12473	12473	0.007029053420806
chrM	12474	12474	0
chrM	12475	12475	0.0102325581395349
chrM	12476	12476	0.000941176470588235
chrM	12477	12477	0.00193423597678917
chrM	12478	12478	0.000511247443762781
chrM	12479	12479	0.00255232261357836
chrM	12480	12480	0.00159659393294305
chrM	12481	12481	0.000535618639528656
chrM	12482	12482	0
chrM	12483	12483	0.00160857908847185
chrM	12484	12484	0.00160599571734475
chrM	12485	12485	0.00373931623931624
chrM	12486	12486	0
chrM	12487	12487	0.00107238605898123
chrM	12488	12488	0
chrM	12489	12489	0
chrM	12490	12490	0.0027114967462039
chrM	12491	12491	0.00162513542795233
chrM	12492	12492	0.00592672413793103
chrM	12493	12493	0.000539083557951483
chrM	12494	12494	0.000539374325782093
chrM	12495	12495	0.00111794298490777
chrM	12496	12496	0
chrM	12497	12497	0
chrM	12498	12498	0.00280583613916947
chrM	12499	12499	0.00056657223796034
chrM	12500	12500	0.00226116449971735
chrM	12501	12501	0
chrM	12502	12502	0
chrM	12503	12503	0
chrM	12504	12504	0.00112930547713156
chrM	12505	12505	0
chrM	12506	12506	0.000564334085778781
chrM	12507	12507	0
chrM	12508	12508	0.00169014084507042
chrM	12509	12509	0.000563063063063063
chrM	12510	12510	0
chrM	12511	12511	0
chrM	12512	12512	0.00168728908886389
chrM	12513	12513	0.000563063063063063
chrM	12514	12514	0.00168634064080944
chrM	12515	12515	0
chrM	12516	12516	0
chrM	12517	12517	0.000561797752808989
chrM	12518	12518	0
chrM	12519	12519	0
chrM	12520	12520	0
chrM	12521	12521	0.00056274620146314
chrM	12522	12522	0
chrM	12523	12523	0
chrM	12524	12524	0
chrM	12525	12525	0
chrM	12526	12526	0
chrM	12527	12527	0
chrM	12528	12528	0
chrM	12529	12529	0.000565930956423316
chrM	12530	12530	0.000565610859728507
chrM	12531	12531	0
chrM	12532	12532	0
chrM	12533	12533	0.00225861095426313
chrM	12534	12534	0.00225352112676056
chrM	12535	12535	0
chrM	12536	12536	0.00169204737732657
chrM	12537	12537	0.000564015792442188
chrM	12538	12538	0.0072992700729927
chrM	12539	12539	0.00112170499158721
chrM	12540	12540	0.00168444693992139
chrM	12541	12541	0.000561167227833895
chrM	12542	12542	0.000561482313307131
chrM	12543	12543	0.000561167227833895
chrM	12544	12544	0.000560852495793606
chrM	12545	12545	0.000560538116591928
chrM	12546	12546	0.00223713646532438
chrM	12547	12547	0.0016750418760469
chrM	12548	12548	0.00334075723830735
chrM	12549	12549	0
chrM	12550	12550	0.000556792873051225
chrM	12551	12551	0.00277623542476402
chrM	12552	12552	0.00442233278054174
chrM	12553	12553	0
chrM	12554	12554	0
chrM	12555	12555	0.000553709856035437
chrM	12556	12556	0
chrM	12557	12557	0
chrM	12558	12558	0.0125751776927283
chrM	12559	12559	0.00382513661202186
chrM	12560	12560	0.00272479564032698
chrM	12561	12561	0
chrM	12562	12562	0
chrM	12563	12563	0.00218102508178844
chrM	12564	12564	0.0048886474741988
chrM	12565	12565	0.0010851871947911
chrM	12566	12566	0.00432198811453269
chrM	12567	12567	0
chrM	12568	12568	0.000539956803455724
chrM	12569	12569	0.0216816499206769
chrM	12570	12570	0.0425316455696203
chrM	12571	12571	0.03564453125
chrM	12572	12572	0.00243546030199708
chrM	12573	12573	0.00677310111272375
chrM	12574	12574	0.00577200577200577
chrM	12575	12575	0.0216470588235294
chrM	12576	12576	0.12262592898431
chrM	12577	12577	0.00164948453608247
chrM	12578	12578	0.0221774193548387
chrM	12579	12579	0.00720576461168935
chrM	12580	12580	0.00636435958631663
chrM	12581	12581	0.0451955943790353
chrM	12582	12582	0.118513558754603
chrM	12583	12583	0.0349062702003878
chrM	12584	12584	0.00386349001931745
chrM	12585	12585	0.0028892455858748
chrM	12586	12586	0.000962155227710071
chrM	12587	12587	0.00510529674537333
chrM	12588	12588	0.00191082802547771
chrM	12589	12589	0.00158982511923688
chrM	12590	12590	0
chrM	12591	12591	0.000317863954227591
chrM	12592	12592	0.000635727908455181
chrM	12593	12593	0.0196322842006856
chrM	12594	12594	0
chrM	12595	12595	0.000622858922454064
chrM	12596	12596	0.000622471210706505
chrM	12597	12597	0
chrM	12598	12598	0.00186393289841566
chrM	12599	12599	0
chrM	12600	12600	0.00217256362507759
chrM	12601	12601	0.000310269934843314
chrM	12602	12602	0.000620539869686627
chrM	12603	12603	0.000930232558139535
chrM	12604	12604	0
chrM	12605	12605	0.000311429461227032
chrM	12606	12606	0.000311332503113325
chrM	12607	12607	0.000933125972006221
chrM	12608	12608	0
chrM	12609	12609	0.000622277535780958
chrM	12610	12610	0.000311235605353252
chrM	12611	12611	0.000932835820895522
chrM	12612	12612	0.00124455507156192
chrM	12613	12613	0.000621890547263682
chrM	12614	12614	0.0027906976744186
chrM	12615	12615	0.0209535378074704
chrM	12616	12616	0.0123012301230123
chrM	12617	12617	0.00509286998202517
chrM	12618	12618	0.00239880059970015
chrM	12619	12619	0.0229344310496913
chrM	12620	12620	0.00380896571930853
chrM	12621	12621	0.0150115473441109
chrM	12622	12622	0.0433701657458564
chrM	12623	12623	0.00796047213834752
chrM	12624	12624	0.017264634475317
chrM	12625	12625	0.00188476036618201
chrM	12626	12626	0.0024174053182917
chrM	12627	12627	0.00107324926214113
chrM	12628	12628	0.00772303595206392
chrM	12629	12629	0.0317173800928314
chrM	12630	12630	0.000257864878803507
chrM	12631	12631	0.00154479917610711
chrM	12632	12632	0.000514668039114771
chrM	12633	12633	0.0033470648815654
chrM	12634	12634	0
chrM	12635	12635	0.00333761232349166
chrM	12636	12636	0
chrM	12637	12637	0.000513347022587269
chrM	12638	12638	0.000256739409499358
chrM	12639	12639	0.00561654327291294
chrM	12640	12640	0.000255493101686254
chrM	12641	12641	0.0178168130489335
chrM	12642	12642	0.00200400801603206
chrM	12643	12643	0.000750938673341677
chrM	12644	12644	0
chrM	12645	12645	0.0005005005005005
chrM	12646	12646	0.000250438266967193
chrM	12647	12647	0.000250375563345017
chrM	12648	12648	0.000750562922191644
chrM	12649	12649	0.000250125062531266
chrM	12650	12650	0
chrM	12651	12651	0.00125
chrM	12652	12652	0.000500125031257815
chrM	12653	12653	0.000500125031257815
chrM	12654	12654	0.0017473789316026
chrM	12655	12655	0.00149551345962114
chrM	12656	12656	0.00024919013207077
chrM	12657	12657	0
chrM	12658	12658	0.00024919013207077
chrM	12659	12659	0.00024919013207077
chrM	12660	12660	0.0024869435463815
chrM	12661	12661	0.000745526838966203
chrM	12662	12662	0.000248508946322068
chrM	12663	12663	0.000744971442761361
chrM	12664	12664	0.00198363501115795
chrM	12665	12665	0.00173310225303293
chrM	12666	12666	0
chrM	12667	12667	0.00148331273176761
chrM	12668	12668	0.000247157686604053
chrM	12669	12669	0
chrM	12670	12670	0.00491883915395967
chrM	12671	12671	0
chrM	12672	12672	0.00562484715089264
chrM	12673	12673	0
chrM	12674	12674	0
chrM	12675	12675	0.00366479354996335
chrM	12676	12676	0.000244259892525647
chrM	12677	12677	0
chrM	12678	12678	0
chrM	12679	12679	0.000732779677576942
chrM	12680	12680	0
chrM	12681	12681	0.000244379276637341
chrM	12682	12682	0
chrM	12683	12683	0
chrM	12684	12684	0.000489117143555882
chrM	12685	12685	0.000977517106549365
chrM	12686	12686	0
chrM	12687	12687	0.00391293714844705
chrM	12688	12688	0
chrM	12689	12689	0.000244857982370225
chrM	12690	12690	0
chrM	12691	12691	0.000245338567222767
chrM	12692	12692	0.000736015701668302
chrM	12693	12693	0.00122518990443519
chrM	12694	12694	0.00122518990443519
chrM	12695	12695	0.000245338567222767
chrM	12696	12696	0.00122609122118686
chrM	12697	12697	0
chrM	12698	12698	0
chrM	12699	12699	0
chrM	12700	12700	0.000491159135559921
chrM	12701	12701	0.000491159135559921
chrM	12702	12702	0.00220534182798334
chrM	12703	12703	0
chrM	12704	12704	0
chrM	12705	12705	0.000490677134445535
chrM	12706	12706	0.00827451934777318
chrM	12707	12707	0.00170068027210884
chrM	12708	12708	0
chrM	12709	12709	0
chrM	12710	12710	0.000243368216110976
chrM	12711	12711	0.00436152168645505
chrM	12712	12712	0
chrM	12713	12713	0
chrM	12714	12714	0
chrM	12715	12715	0
chrM	12716	12716	0
chrM	12717	12717	0.000243131534159981
chrM	12718	12718	0.000737281887441632
chrM	12719	12719	0
chrM	12720	12720	0.000245760629147211
chrM	12721	12721	0
chrM	12722	12722	0
chrM	12723	12723	0
chrM	12724	12724	0.000494926998267755
chrM	12725	12725	0
chrM	12726	12726	0.000741839762611276
chrM	12727	12727	0.000494315373208107
chrM	12728	12728	0
chrM	12729	12729	0.00590551181102362
chrM	12730	12730	0
chrM	12731	12731	0
chrM	12732	12732	0
chrM	12733	12733	0.00123365408339502
chrM	12734	12734	0.00148111577388299
chrM	12735	12735	0.001232741617357
chrM	12736	12736	0.000493096646942801
chrM	12737	12737	0
chrM	12738	12738	0
chrM	12739	12739	0.000989609104403761
chrM	12740	12740	0.000748689792862491
chrM	12741	12741	0
chrM	12742	12742	0.00249500998003992
chrM	12743	12743	0.000249625561657514
chrM	12744	12744	0
chrM	12745	12745	0
chrM	12746	12746	0
chrM	12747	12747	0
chrM	12748	12748	0.000510073960724305
chrM	12749	12749	0
chrM	12750	12750	0
chrM	12751	12751	0.000510855683269476
chrM	12752	12752	0
chrM	12753	12753	0
chrM	12754	12754	0.000256871307474955
chrM	12755	12755	0.000256871307474955
chrM	12756	12756	0
chrM	12757	12757	0
chrM	12758	12758	0
chrM	12759	12759	0
chrM	12760	12760	0.000517732332384157
chrM	12761	12761	0
chrM	12762	12762	0
chrM	12763	12763	0
chrM	12764	12764	0
chrM	12765	12765	0.00026267402153927
chrM	12766	12766	0.000265886732252061
chrM	12767	12767	0
chrM	12768	12768	0.00134228187919463
chrM	12769	12769	0
chrM	12770	12770	0
chrM	12771	12771	0
chrM	12772	12772	0.000282805429864253
chrM	12773	12773	0
chrM	12774	12774	0.000283848992336077
chrM	12775	12775	0.000287935502447452
chrM	12776	12776	0.000583090379008746
chrM	12777	12777	0
chrM	12778	12778	0
chrM	12779	12779	0
chrM	12780	12780	0.000312207305650952
chrM	12781	12781	0
chrM	12782	12782	0
chrM	12783	12783	0.00313971742543171
chrM	12784	12784	0.000632711167352104
chrM	12785	12785	0
chrM	12786	12786	0
chrM	12787	12787	0
chrM	12788	12788	0.00105782792665726
chrM	12789	12789	0
chrM	12790	12790	0
chrM	12791	12791	0.000355618776671408
chrM	12792	12792	0.000355871886120996
chrM	12793	12793	0
chrM	12794	12794	0.000359066427289048
chrM	12795	12795	0
chrM	12796	12796	0.000362581580855693
chrM	12797	12797	0
chrM	12798	12798	0.000363901018922853
chrM	12799	12799	0
chrM	12800	12800	0
chrM	12801	12801	0.000365363536719035
chrM	12802	12802	0
chrM	12803	12803	0.000366300366300366
chrM	12804	12804	0.000367107195301028
chrM	12805	12805	0
chrM	12806	12806	0
chrM	12807	12807	0.000367647058823529
chrM	12808	12808	0
chrM	12809	12809	0
chrM	12810	12810	0
chrM	12811	12811	0
chrM	12812	12812	0
chrM	12813	12813	0
chrM	12814	12814	0
chrM	12815	12815	0
chrM	12816	12816	0
chrM	12817	12817	0
chrM	12818	12818	0
chrM	12819	12819	0
chrM	12820	12820	0
chrM	12821	12821	0
chrM	12822	12822	0.000381242851696531
chrM	12823	12823	0
chrM	12824	12824	0
chrM	12825	12825	0
chrM	12826	12826	0
chrM	12827	12827	0
chrM	12828	12828	0
chrM	12829	12829	0
chrM	12830	12830	0
chrM	12831	12831	0
chrM	12832	12832	0
chrM	12833	12833	0
chrM	12834	12834	0
chrM	12835	12835	0
chrM	12836	12836	0
chrM	12837	12837	0.00118953211736717
chrM	12838	12838	0.000397456279809221
chrM	12839	12839	0
chrM	12840	12840	0
chrM	12841	12841	0
chrM	12842	12842	0
chrM	12843	12843	0
chrM	12844	12844	0
chrM	12845	12845	0.000411861614497529
chrM	12846	12846	0
chrM	12847	12847	0
chrM	12848	12848	0
chrM	12849	12849	0
chrM	12850	12850	0
chrM	12851	12851	0
chrM	12852	12852	0
chrM	12853	12853	0
chrM	12854	12854	0
chrM	12855	12855	0
chrM	12856	12856	0
chrM	12857	12857	0.000487567040468064
chrM	12858	12858	0
chrM	12859	12859	0
chrM	12860	12860	0
chrM	12861	12861	0
chrM	12862	12862	0
chrM	12863	12863	0
chrM	12864	12864	0
chrM	12865	12865	0
chrM	12866	12866	0.000525210084033613
chrM	12867	12867	0
chrM	12868	12868	0
chrM	12869	12869	0.000537923614846692
chrM	12870	12870	0
chrM	12871	12871	0
chrM	12872	12872	0
chrM	12873	12873	0.000546746856205577
chrM	12874	12874	0
chrM	12875	12875	0
chrM	12876	12876	0
chrM	12877	12877	0
chrM	12878	12878	0
chrM	12879	12879	0
chrM	12880	12880	0
chrM	12881	12881	0
chrM	12882	12882	0
chrM	12883	12883	0
chrM	12884	12884	0
chrM	12885	12885	0
chrM	12886	12886	0
chrM	12887	12887	0
chrM	12888	12888	0
chrM	12889	12889	0
chrM	12890	12890	0
chrM	12891	12891	0.000588235294117647
chrM	12892	12892	0
chrM	12893	12893	0.000588235294117647
chrM	12894	12894	0
chrM	12895	12895	0
chrM	12896	12896	0
chrM	12897	12897	0
chrM	12898	12898	0
chrM	12899	12899	0.00118343195266272
chrM	12900	12900	0
chrM	12901	12901	0
chrM	12902	12902	0
chrM	12903	12903	0
chrM	12904	12904	0.00178571428571429
chrM	12905	12905	0.000594883997620464
chrM	12906	12906	0
chrM	12907	12907	0
chrM	12908	12908	0
chrM	12909	12909	0
chrM	12910	12910	0
chrM	12911	12911	0
chrM	12912	12912	0
chrM	12913	12913	0
chrM	12914	12914	0
chrM	12915	12915	0
chrM	12916	12916	0.0017910447761194
chrM	12917	12917	0
chrM	12918	12918	0.000596658711217184
chrM	12919	12919	0
chrM	12920	12920	0
chrM	12921	12921	0
chrM	12922	12922	0.00119189511323004
chrM	12923	12923	0
chrM	12924	12924	0
chrM	12925	12925	0
chrM	12926	12926	0.00237812128418549
chrM	12927	12927	0
chrM	12928	12928	0
chrM	12929	12929	0.0005941770647653
chrM	12930	12930	0.00118694362017804
chrM	12931	12931	0
chrM	12932	12932	0.0146198830409357
chrM	12933	12933	0.0473801560758082
chrM	12934	12934	0.00664451827242525
chrM	12935	12935	0.0066006600660066
chrM	12936	12936	0.00274423710208562
chrM	12937	12937	0.0135354629128316
chrM	12938	12938	0.0273828330700369
chrM	12939	12939	0.00262881177707676
chrM	12940	12940	0.00626959247648903
chrM	12941	12941	0.0184615384615385
chrM	12942	12942	0.00864260294865277
chrM	12943	12943	0.00152439024390244
chrM	12944	12944	0.00606060606060606
chrM	12945	12945	0
chrM	12946	12946	0.0384054448225571
chrM	12947	12947	0.000971345313258863
chrM	12948	12948	0.00242600679281902
chrM	12949	12949	0.000485672656629432
chrM	12950	12950	0
chrM	12951	12951	0
chrM	12952	12952	0.00194552529182879
chrM	12953	12953	0.00291828793774319
chrM	12954	12954	0.000486144871171609
chrM	12955	12955	0.000485908649173955
chrM	12956	12956	0.00867888138862102
chrM	12957	12957	0
chrM	12958	12958	0.00480769230769231
chrM	12959	12959	0
chrM	12960	12960	0.0203213610586011
chrM	12961	12961	0
chrM	12962	12962	0
chrM	12963	12963	0
chrM	12964	12964	0.000957854406130268
chrM	12965	12965	0.000484730974309258
chrM	12966	12966	0.00386847195357834
chrM	12967	12967	0.00592885375494071
chrM	12968	12968	0.000989609104403761
chrM	12969	12969	0.000989119683481701
chrM	12970	12970	0.00443131462333826
chrM	12971	12971	0.0204678362573099
chrM	12972	12972	0.00145985401459854
chrM	12973	12973	0
chrM	12974	12974	0
chrM	12975	12975	0.00387972841901067
chrM	12976	12976	0.000969932104752667
chrM	12977	12977	0.00434572670207629
chrM	12978	12978	0.024493641073952
chrM	12979	12979	0.00234962406015038
chrM	12980	12980	0.000938967136150235
chrM	12981	12981	0.00187441424554827
chrM	12982	12982	0.00140383715489003
chrM	12983	12983	0.00512104283054004
chrM	12984	12984	0.00185873605947955
chrM	12985	12985	0.000464468183929401
chrM	12986	12986	0
chrM	12987	12987	0
chrM	12988	12988	0.00186741363211951
chrM	12989	12989	0.000933271115258983
chrM	12990	12990	0
chrM	12991	12991	0.000932400932400932
chrM	12992	12992	0.000465983224603914
chrM	12993	12993	0.000931098696461825
chrM	12994	12994	0
chrM	12995	12995	0.000465549348230912
chrM	12996	12996	0.00139470013947001
chrM	12997	12997	0.00278164116828929
chrM	12998	12998	0.00046339202965709
chrM	12999	12999	0.0208711433756806
chrM	13000	13000	0.000454545454545455
chrM	13001	13001	0.00181488203266788
chrM	13002	13002	0.00497737556561086
chrM	13003	13003	0
chrM	13004	13004	0.002710027100271
chrM	13005	13005	0
chrM	13006	13006	0.00225428313796213
chrM	13007	13007	0.00760626398210291
chrM	13008	13008	0.0123839009287926
chrM	13009	13009	0.0109409190371991
chrM	13010	13010	0.0313825275657337
chrM	13011	13011	0.0150375939849624
chrM	13012	13012	0.0025
chrM	13013	13013	0.0163934426229508
chrM	13014	13014	0.0165255945183394
chrM	13015	13015	0
chrM	13016	13016	0.0107655502392345
chrM	13017	13017	0.00869565217391304
chrM	13018	13018	0.00589390962671906
chrM	13019	13019	0.00818394388152767
chrM	13020	13020	0.141853462696554
chrM	13021	13021	0.0069790628115653
chrM	13022	13022	0.0290416263310745
chrM	13023	13023	0.00545571245186136
chrM	13024	13024	0.130094919039643
chrM	13025	13025	0.00472353431508752
chrM	13026	13026	0.0153214774281806
chrM	13027	13027	0.101303171871158
chrM	13028	13028	0.0247061645478532
chrM	13029	13029	0.0374047564072962
chrM	13030	13030	0.00596877869605142
chrM	13031	13031	0.0443371378402107
chrM	13032	13032	0.00109649122807018
chrM	13033	13033	0.0826795413397707
chrM	13034	13034	0.00380761523046092
chrM	13035	13035	0.002
chrM	13036	13036	0.000999000999000999
chrM	13037	13037	0.000998003992015968
chrM	13038	13038	0.000399201596806387
chrM	13039	13039	0.0037788385043755
chrM	13040	13040	0.0135373749264273
chrM	13041	13041	0.000196155355041193
chrM	13042	13042	0.000196116885663856
chrM	13043	13043	0
chrM	13044	13044	0.00449043342444358
chrM	13045	13045	0.00233918128654971
chrM	13046	13046	0.00213966154444661
chrM	13047	13047	0.000971628449280995
chrM	13048	13048	0
chrM	13049	13049	0
chrM	13050	13050	0.0170074527039939
chrM	13051	13051	0.0238895110115715
chrM	13052	13052	0.00408921933085502
chrM	13053	13053	0.0097551997055034
chrM	13054	13054	0.00403299725022915
chrM	13055	13055	0.00109869987181835
chrM	13056	13056	0.0117689661415897
chrM	13057	13057	0.00647598488936859
chrM	13058	13058	0.00161637931034483
chrM	13059	13059	0.0390058681394546
chrM	13060	13060	0.00583390528483185
chrM	13061	13061	0.00867789688616641
chrM	13062	13062	0.00203769740193581
chrM	13063	13063	0.00658005736460267
chrM	13064	13064	0.00286050816086152
chrM	13065	13065	0.00067260803766605
chrM	13066	13066	0.0336366590835229
chrM	13067	13067	0.00981496379726468
chrM	13068	13068	0.0100350430073272
chrM	13069	13069	0.000477630950485591
chrM	13070	13070	0.00364847715736041
chrM	13071	13071	0.000951022349025202
chrM	13072	13072	0.00126642393541238
chrM	13073	13073	0.0169623404917523
chrM	13074	13074	0.0104728168797166
chrM	13075	13075	0.000154059466954244
chrM	13076	13076	0.0303256647744249
chrM	13077	13077	0.0204858062628036
chrM	13078	13078	0.00769901220220802
chrM	13079	13079	0.0691007437457742
chrM	13080	13080	0.0340909090909091
chrM	13081	13081	0.0777951996140393
chrM	13082	13082	0
chrM	13083	13083	0.0018067935437244
chrM	13084	13084	0.0042031944277651
chrM	13085	13085	0.00275614140203715
chrM	13086	13086	0.00263063493961497
chrM	13087	13087	0.00523373379326752
chrM	13088	13088	0.00107015457788347
chrM	13089	13089	0.0021362449560883
chrM	13090	13090	0.00952492944496708
chrM	13091	13091	0.0198270893371758
chrM	13092	13092	0.00367520385896405
chrM	13093	13093	0.012251843448667
chrM	13094	13094	0.0280074980703495
chrM	13095	13095	0.0131808278867102
chrM	13096	13096	0.0151303787960082
chrM	13097	13097	0.00160720025715204
chrM	13098	13098	0.0450219993860636
chrM	13099	13099	0.0409224730127576
chrM	13100	13100	0.017931167453967
chrM	13101	13101	0.00632426216941357
chrM	13102	13102	0.0136157337367625
chrM	13103	13103	0.0138021076191364
chrM	13104	13104	0.0472678809418036
chrM	13105	13105	0.00925191646841131
chrM	13106	13106	0.00105708245243129
chrM	13107	13107	0.0130434782608696
chrM	13108	13108	0.000347735373380857
chrM	13109	13109	0.0210284352119871
chrM	13110	13110	0.00424160162877503
chrM	13111	13111	0.00338581344167936
chrM	13112	13112	0.00303848750844024
chrM	13113	13113	0.000674763832658569
chrM	13114	13114	0.00244025580612588
chrM	13115	13115	0.000168534591724952
chrM	13116	13116	8.42886041807148e-05
chrM	13117	13117	0.00310898243845055
chrM	13118	13118	0.00543751045675088
chrM	13119	13119	0.0509093797156699
chrM	13120	13120	0.00616113744075829
chrM	13121	13121	0.0029940119760479
chrM	13122	13122	0.0265765419771104
chrM	13123	13123	0.00834290088021431
chrM	13124	13124	0.0331062064879277
chrM	13125	13125	0.00421410616590271
chrM	13126	13126	0.00353617209370856
chrM	13127	13127	0.00117733627667403
chrM	13128	13128	0.000147145379635079
chrM	13129	13129	0.00308121194336439
chrM	13130	13130	0.00329477229462586
chrM	13131	13131	0.00538926516641177
chrM	13132	13132	0.00485648013917077
chrM	13133	13133	0.0242814667988107
chrM	13134	13134	0.000990729601585167
chrM	13135	13135	0.0171404682274247
chrM	13136	13136	0.000348918353105373
chrM	13137	13137	0.0205797894161083
chrM	13138	13138	0.00204694323144105
chrM	13139	13139	0.0297252565375703
chrM	13140	13140	0.00290716881400727
chrM	13141	13141	0.00145166611679314
chrM	13142	13142	0.000791452314998021
chrM	13143	13143	0.0188312948941953
chrM	13144	13144	0.0142264752791069
chrM	13145	13145	0.0390510053948014
chrM	13146	13146	0.00512351326623971
chrM	13147	13147	0.0023732732915475
chrM	13148	13148	0.000547411957910103
chrM	13149	13149	0.000486410895604062
chrM	13150	13150	0.00646447559207347
chrM	13151	13151	0.00613386252931625
chrM	13152	13152	0
chrM	13153	13153	0.00042092603728202
chrM	13154	13154	0.000300625300625301
chrM	13155	13155	0.000360837142169834
chrM	13156	13156	0.00174425598460243
chrM	13157	13157	0.00603814192622706
chrM	13158	13158	0.0196320460824076
chrM	13159	13159	0.000470339232171203
chrM	13160	13160	0.037963224893918
chrM	13161	13161	0.00266273865503371
chrM	13162	13162	0.000226757369614512
chrM	13163	13163	0.00614222923475713
chrM	13164	13164	0.0020825125232172
chrM	13165	13165	0.00693163396500643
chrM	13166	13166	0.00106103758306807
chrM	13167	13167	0.00228628784921653
chrM	13168	13168	0.0211952365344696
chrM	13169	13169	0.00245995736073908
chrM	13170	13170	0.0540344702655142
chrM	13171	13171	0.000415196180195142
chrM	13172	13172	0.000467265458698925
chrM	13173	13173	0.000415519659273879
chrM	13174	13174	0.000207965061869606
chrM	13175	13175	0.00124655897782164
chrM	13176	13176	0.00155941366046367
chrM	13177	13177	0.00212909591317443
chrM	13178	13178	0.000570954012249559
chrM	13179	13179	0.00171073094867807
chrM	13180	13180	0.00201967892283791
chrM	13181	13181	0.00108729419074247
chrM	13182	13182	0.00196860591617883
chrM	13183	13183	0.00253334712025644
chrM	13184	13184	0.000103407269531048
chrM	13185	13185	5.17277053589903e-05
chrM	13186	13186	0.000673679846608281
chrM	13187	13187	0.00949984594844408
chrM	13188	13188	0.00020572956848223
chrM	13189	13189	0.00159235668789809
chrM	13190	13190	0.00338028169014085
chrM	13191	13191	0.00138121546961326
chrM	13192	13192	0.000154043645699615
chrM	13193	13193	0.00986474117766704
chrM	13194	13194	0.000561683006535948
chrM	13195	13195	0.00330974082183411
chrM	13196	13196	0.0337515375153752
chrM	13197	13197	0.0216658642272508
chrM	13198	13198	0.0110010477188304
chrM	13199	13199	0.000476054460630296
chrM	13200	13200	0.000142802741812643
chrM	13201	13201	0.0266901441082434
chrM	13202	13202	0.00507380073800738
chrM	13203	13203	0.0518304684424616
chrM	13204	13204	8.76347384103058e-05
chrM	13205	13205	0.0010505581089954
chrM	13206	13206	0.00118053430107997
chrM	13207	13207	0.000699270136794721
chrM	13208	13208	0.000743949936545447
chrM	13209	13209	0.00712578752987182
chrM	13210	13210	0.000784382081227122
chrM	13211	13211	4.35805804933322e-05
chrM	13212	13212	4.35881788858861e-05
chrM	13213	13213	4.36147941381717e-05
chrM	13214	13214	0.000654421709349505
chrM	13215	13215	0.0045689917758148
chrM	13216	13216	0.00165088191849857
chrM	13217	13217	0.00052121791252226
chrM	13218	13218	0.000477575652324925
chrM	13219	13219	0.000824509633744142
chrM	13220	13220	0.000303779889771297
chrM	13221	13221	0.011413369947653
chrM	13222	13222	0
chrM	13223	13223	0.000258064516129032
chrM	13224	13224	0.000343967667039298
chrM	13225	13225	0.000515796260477112
chrM	13226	13226	0.00116019250601581
chrM	13227	13227	0.00210120068610635
chrM	13228	13228	0.00236315201512417
chrM	13229	13229	0.0015888010992786
chrM	13230	13230	0.00580749850542318
chrM	13231	13231	0.00209303318952629
chrM	13232	13232	0.000342524404863847
chrM	13233	13233	0.0419971234846928
chrM	13234	13234	0.00376740376740377
chrM	13235	13235	0.00326770688669226
chrM	13236	13236	0.0478377641975789
chrM	13237	13237	0.00438321853475266
chrM	13238	13238	0.0106609808102345
chrM	13239	13239	0.0045922895843785
chrM	13240	13240	0.00832693783576362
chrM	13241	13241	0.00393791099556507
chrM	13242	13242	7.65520936997627e-05
chrM	13243	13243	0.0474158368895211
chrM	13244	13244	0.00280561122244489
chrM	13245	13245	0.00454314167332994
chrM	13246	13246	0.00693691740732712
chrM	13247	13247	0.000842490842490842
chrM	13248	13248	0.00244883040935673
chrM	13249	13249	0.000219514872132587
chrM	13250	13250	0.0123233710382711
chrM	13251	13251	0.00478400057551887
chrM	13252	13252	0.00308597674752404
chrM	13253	13253	0.0228994248842755
chrM	13254	13254	0.00168102542550956
chrM	13255	13255	0.00119764697594139
chrM	13256	13256	0
chrM	13257	13257	0.000952380952380952
chrM	13258	13258	0.00267473780530724
chrM	13259	13259	0.00161681487469685
chrM	13260	13260	0.00010584250635055
chrM	13261	13261	0.000986888481601579
chrM	13262	13262	0.00154989608651238
chrM	13263	13263	0.0067212770426381
chrM	13264	13264	0.00108452280996362
chrM	13265	13265	0.00801693621156382
chrM	13266	13266	7.03779294813147e-05
chrM	13267	13267	0.000282047666055563
chrM	13268	13268	0.000704945190511438
chrM	13269	13269	0.00176068737235017
chrM	13270	13270	0.00102516968325792
chrM	13271	13271	7.07588890854414e-05
chrM	13272	13272	0.000389063771089025
chrM	13273	13273	0.000106145844390192
chrM	13274	13274	0.000495908752789487
chrM	13275	13275	0.000290433835541841
chrM	13276	13276	0.000293912340644403
chrM	13277	13277	0.00107248520710059
chrM	13278	13278	0.0285108218882577
chrM	13279	13279	0.0461820318711328
chrM	13280	13280	0.0365315134484143
chrM	13281	13281	0.00128309022150189
chrM	13282	13282	0.0134089392928619
chrM	13283	13283	0.00154233025984912
chrM	13284	13284	0.0111402141838798
chrM	13285	13285	0.00681818181818182
chrM	13286	13286	0.00368955066543682
chrM	13287	13287	0.000856192577468963
chrM	13288	13288	0
chrM	13289	13289	0.00655286524032633
chrM	13290	13290	0.00288156128229477
chrM	13291	13291	0.00150651732494924
chrM	13292	13292	0.0032014635261834
chrM	13293	13293	9.81643270835378e-05
chrM	13294	13294	0.000818491356731273
chrM	13295	13295	0.000165240093856373
chrM	13296	13296	0.00385934819897084
chrM	13297	13297	0.000461771884688964
chrM	13298	13298	0.00085746322801926
chrM	13299	13299	0.00023089355806973
chrM	13300	13300	0.000164962058726493
chrM	13301	13301	0
chrM	13302	13302	0.00303160114673609
chrM	13303	13303	0.00885830012842889
chrM	13304	13304	0.0382092956943256
chrM	13305	13305	0.00529818032735186
chrM	13306	13306	0.00276929854926519
chrM	13307	13307	0.000568199753780107
chrM	13308	13308	0.00289827678543301
chrM	13309	13309	0.00149149530337649
chrM	13310	13310	0.00734043223489383
chrM	13311	13311	3.15179021684317e-05
chrM	13312	13312	0.000630040322580645
chrM	13313	13313	0.000787277594079672
chrM	13314	13314	0.0300378939585323
chrM	13315	13315	0.000524966803569774
chrM	13316	13316	0.00108088076341064
chrM	13317	13317	9.28045536100971e-05
chrM	13318	13318	0.000278577398087102
chrM	13319	13319	0.000157743635044326
chrM	13320	13320	0.0102442376163408
chrM	13321	13321	0.00214416346093208
chrM	13322	13322	0.000913731173987019
chrM	13323	13323	0.00204396088173328
chrM	13324	13324	0.00188442211055276
chrM	13325	13325	0.00332047308835621
chrM	13326	13326	0.00211596766043456
chrM	13327	13327	9.48346715559208e-05
chrM	13328	13328	0.00506448568732306
chrM	13329	13329	0.00144540455616654
chrM	13330	13330	0.0134309376841713
chrM	13331	13331	0.0272061282183786
chrM	13332	13332	0.00336445198836081
chrM	13333	13333	0.00214910554832461
chrM	13334	13334	0.000423703165667938
chrM	13335	13335	0.00151176150450505
chrM	13336	13336	6.05125412241687e-05
chrM	13337	13337	0.000612182430364249
chrM	13338	13338	0.00125447480341462
chrM	13339	13339	0.00036757948906451
chrM	13340	13340	0.00119452356886888
chrM	13341	13341	3.06569790612833e-05
chrM	13342	13342	9.21008196972953e-05
chrM	13343	13343	6.14665929067552e-05
chrM	13344	13344	6.15214248361992e-05
chrM	13345	13345	0.00763265555352018
chrM	13346	13346	0.00220967345936656
chrM	13347	13347	0.0183511119146628
chrM	13348	13348	0.00156687859704101
chrM	13349	13349	0.00148592916060165
chrM	13350	13350	0.0110028196640922
chrM	13351	13351	0.00317974936093273
chrM	13352	13352	0.000187312687312687
chrM	13353	13353	0.000187658336721609
chrM	13354	13354	0.00222076256607551
chrM	13355	13355	6.2648790878336e-05
chrM	13356	13356	0.00857942182157289
chrM	13357	13357	0
chrM	13358	13358	0.000723953415171546
chrM	13359	13359	0.00242062244577177
chrM	13360	13360	0.00587720395148181
chrM	13361	13361	0.00589886754361061
chrM	13362	13362	0.00195404834693813
chrM	13363	13363	0.00229798218276828
chrM	13364	13364	0.000346162318658149
chrM	13365	13365	0.00424274804362174
chrM	13366	13366	0.00668332292317302
chrM	13367	13367	0.000938878978499671
chrM	13368	13368	0.000156465139566905
chrM	13369	13369	0.000406656656656657
chrM	13370	13370	0.00262910798122066
chrM	13371	13371	0.00560695262125035
chrM	13372	13372	0.000281355508315618
chrM	13373	13373	0.00143745507952876
chrM	13374	13374	0.000782178837369376
chrM	13375	13375	0.00031328320802005
chrM	13376	13376	0.00974610466199019
chrM	13377	13377	0.000158548959918823
chrM	13378	13378	0.00187993882232985
chrM	13379	13379	9.6e-05
chrM	13380	13380	9.60768614891914e-05
chrM	13381	13381	0.000705761580905941
chrM	13382	13382	0.000161733786187935
chrM	13383	13383	0.00035778175313059
chrM	13384	13384	3.25298461338278e-05
chrM	13385	13385	6.50850987666374e-05
chrM	13386	13386	6.51020474593926e-05
chrM	13387	13387	6.51635605369477e-05
chrM	13388	13388	0.000164414192233074
chrM	13389	13389	3.28871641398362e-05
chrM	13390	13390	0
chrM	13391	13391	0.000361782601545798
chrM	13392	13392	6.58024610120418e-05
chrM	13393	13393	0.00214358737591927
chrM	13394	13394	0.000923665633040839
chrM	13395	13395	0.00915541313801785
chrM	13396	13396	0.00283701819604774
chrM	13397	13397	0.000391427732654859
chrM	13398	13398	0.00123879380603097
chrM	13399	13399	0.000131031545844662
chrM	13400	13400	0.000916680307742675
chrM	13401	13401	0.000817955764952231
chrM	13402	13402	0
chrM	13403	13403	0.000132170235263019
chrM	13404	13404	3.30458345725521e-05
chrM	13405	13405	0.00663535131228854
chrM	13406	13406	0.00154285526704527
chrM	13407	13407	0.000360998982639231
chrM	13408	13408	0.000492029128124385
chrM	13409	13409	0.0190185036202735
chrM	13410	13410	0.000749063670411985
chrM	13411	13411	0.000260722200495372
chrM	13412	13412	0.00045733699202927
chrM	13413	13413	9.80488283165016e-05
chrM	13414	13414	6.54685914432551e-05
chrM	13415	13415	9.95421063109695e-05
chrM	13416	13416	3.32325279984048e-05
chrM	13417	13417	0.000201011759187913
chrM	13418	13418	0.000100596874790423
chrM	13419	13419	0.000100745516824501
chrM	13420	13420	0.000302877334679455
chrM	13421	13421	0
chrM	13422	13422	0.000101119050829176
chrM	13423	13423	6.76018252492817e-05
chrM	13424	13424	6.80874242527405e-05
chrM	13425	13425	0.00400230641386562
chrM	13426	13426	0.00507219423122443
chrM	13427	13427	0.00030446549391069
chrM	13428	13428	0.0021960201358154
chrM	13429	13429	0.00104733268015811
chrM	13430	13430	0.00115973667155575
chrM	13431	13431	0.0537314398473134
chrM	13432	13432	0.000776196636481242
chrM	13433	13433	0.0373866716515562
chrM	13434	13434	0.000717158803903838
chrM	13435	13435	0.0015900233826968
chrM	13436	13436	0.0299350294492683
chrM	13437	13437	0.00243368216110976
chrM	13438	13438	0.00659028386589679
chrM	13439	13439	0.000362691168470048
chrM	13440	13440	0.000272125298581925
chrM	13441	13441	0.002473604826546
chrM	13442	13442	0.00247256060788807
chrM	13443	13443	0.0485782330492669
chrM	13444	13444	0.00117593070613205
chrM	13445	13445	0.0158416400756784
chrM	13446	13446	0.00126921449725004
chrM	13447	13447	0.00053679898290719
chrM	13448	13448	0.00110191280761733
chrM	13449	13449	0.00349354820533048
chrM	13450	13450	0.00334789763377405
chrM	13451	13451	0.00547604934089818
chrM	13452	13452	0.00625859504364177
chrM	13453	13453	0.000392938336748155
chrM	13454	13454	0.000365527906649796
chrM	13455	13455	0.00256634422854564
chrM	13456	13456	0.0279937364358122
chrM	13457	13457	0.0162276194082328
chrM	13458	13458	0.0258477590704292
chrM	13459	13459	0.0106740099659061
chrM	13460	13460	0.00531775554042018
chrM	13461	13461	0.00363446202117924
chrM	13462	13462	0.0879432962627082
chrM	13463	13463	0.000647792706333973
chrM	13464	13464	0.00253825339431527
chrM	13465	13465	0.00580966213481273
chrM	13466	13466	0.0019734652147035
chrM	13467	13467	0.0032254239297996
chrM	13468	13468	0.00101119537739256
chrM	13469	13469	0.000746825989544436
chrM	13470	13470	0.00285982072048256
chrM	13471	13471	0.00340168646991184
chrM	13472	13472	0.00817451642032223
chrM	13473	13473	0.00107035821321536
chrM	13474	13474	0.00159171358658209
chrM	13475	13475	0.00447051588334082
chrM	13476	13476	0.00524742923029861
chrM	13477	13477	0.0081293216221267
chrM	13478	13478	0.000210413111074743
chrM	13479	13479	0.000280682057399481
chrM	13480	13480	0.0010052600818235
chrM	13481	13481	0.0119947306385634
chrM	13482	13482	0.0031540620144252
chrM	13483	13483	0.00284629981024668
chrM	13484	13484	0.000971390244466545
chrM	13485	13485	0.000231240605850387
chrM	13486	13486	0.000185035272348792
chrM	13487	13487	0.000486505270473763
chrM	13488	13488	0.00059581972878286
chrM	13489	13489	0.000143020594965675
chrM	13490	13490	0.000619431076380617
chrM	13491	13491	0.00119039116253601
chrM	13492	13492	0.00226012894630409
chrM	13493	13493	0.00161650739314411
chrM	13494	13494	0.000190227083581025
chrM	13495	13495	0.000451649709993344
chrM	13496	13496	0.00118756383155595
chrM	13497	13497	7.12843055720566e-05
chrM	13498	13498	0.00665073016023289
chrM	13499	13499	0.00141840618425096
chrM	13500	13500	0.000118208898765899
chrM	13501	13501	0.000141843971631206
chrM	13502	13502	0.00641281623640506
chrM	13503	13503	0.0326577089501253
chrM	13504	13504	0.000752908966461328
chrM	13505	13505	0.00150358810798496
chrM	13506	13506	0.00764325448871602
chrM	13507	13507	0.0019257782409715
chrM	13508	13508	0.00176482566690047
chrM	13509	13509	0.0170495014245014
chrM	13510	13510	0.00534723763035278
chrM	13511	13511	0.00400061888026877
chrM	13512	13512	0.012420597673048
chrM	13513	13513	0.00167633500231599
chrM	13514	13514	0.00163103372272427
chrM	13515	13515	0.000930521091811414
chrM	13516	13516	0.0297329836178355
chrM	13517	13517	0.000602085797226105
chrM	13518	13518	0.00129215660938106
chrM	13519	13519	0.00126944510187835
chrM	13520	13520	0.00207877698620645
chrM	13521	13521	0.00183506280720918
chrM	13522	13522	0.00102810893579788
chrM	13523	13523	0.000968714911604764
chrM	13524	13524	0.000572863878729123
chrM	13525	13525	0.00103544755568284
chrM	13526	13526	0.00261498231041378
chrM	13527	13527	0.00120831319478009
chrM	13528	13528	0.000528029569655901
chrM	13529	13529	0.00137040802793864
chrM	13530	13530	0.0175209773488109
chrM	13531	13531	0.00317032919308608
chrM	13532	13532	0.00134911654626164
chrM	13533	13533	8.79120879120879e-05
chrM	13534	13534	0.000856879202003779
chrM	13535	13535	0.000395421893192153
chrM	13536	13536	0.00256438356164384
chrM	13537	13537	0.00833913952273123
chrM	13538	13538	0.000196061345416521
chrM	13539	13539	0.00770529414311069
chrM	13540	13540	0.0029600501263963
chrM	13541	13541	0.0729850776244703
chrM	13542	13542	0.000503261132136243
chrM	13543	13543	0.000865104114274218
chrM	13544	13544	0.00388956833811176
chrM	13545	13545	0.000721269434204199
chrM	13546	13546	0.0114316281649958
chrM	13547	13547	0.00203661960691264
chrM	13548	13548	0.0362731830051655
chrM	13549	13549	0.000933208905479269
chrM	13550	13550	0.00226377765518291
chrM	13551	13551	0.00209034072553826
chrM	13552	13552	9.65735697454321e-05
chrM	13553	13553	0.000387214187527831
chrM	13554	13554	0.00730375951410779
chrM	13555	13555	0.00433473349061127
chrM	13556	13556	0.00139881579703758
chrM	13557	13557	0.000193565870465719
chrM	13558	13558	0.00455642436528622
chrM	13559	13559	0.00492524186455585
chrM	13560	13560	0.00444235699328754
chrM	13561	13561	3.91650021540751e-05
chrM	13562	13562	0.00339835386096215
chrM	13563	13563	0.00465771654467885
chrM	13564	13564	0.00162359891238434
chrM	13565	13565	0.000416460089241448
chrM	13566	13566	0.00166964818127609
chrM	13567	13567	0.000798068673809381
chrM	13568	13568	0.00201155148376817
chrM	13569	13569	0.0492557663901829
chrM	13570	13570	0.00537970487393685
chrM	13571	13571	0.00107974995264255
chrM	13572	13572	0.00134752984493917
chrM	13573	13573	0.00643906491937007
chrM	13574	13574	0.0356869603235326
chrM	13575	13575	0.00690254905157889
chrM	13576	13576	0.0044211855995669
chrM	13577	13577	0.000126330987186428
chrM	13578	13578	0.00144229902464528
chrM	13579	13579	0.0279307079987376
chrM	13580	13580	0.00626363081217831
chrM	13581	13581	0.000941422594142259
chrM	13582	13582	0.00135805693392531
chrM	13583	13583	0.00355698991897003
chrM	13584	13584	0.00133432685809347
chrM	13585	13585	0.00109202475256106
chrM	13586	13586	0.00045083317438574
chrM	13587	13587	0.00097240792512459
chrM	13588	13588	0.00187230206473311
chrM	13589	13589	0.000503218865501744
chrM	13590	13590	0.00587806908031627
chrM	13591	13591	0.000245601108713576
chrM	13592	13592	0.00288724014838665
chrM	13593	13593	0.000332417726612663
chrM	13594	13594	0.000122491119393844
chrM	13595	13595	0.00190589428406567
chrM	13596	13596	0.00645242460189079
chrM	13597	13597	0.00263233809317756
chrM	13598	13598	0.00039653214614012
chrM	13599	13599	0.000541291521570467
chrM	13600	13600	0.00106717794740079
chrM	13601	13601	0.00760463141923014
chrM	13602	13602	0.00144425187752744
chrM	13603	13603	0.00178768125101573
chrM	13604	13604	0.00202173363659338
chrM	13605	13605	0.0115884579672881
chrM	13606	13606	0.130241690430555
chrM	13607	13607	0.00146435692921236
chrM	13608	13608	0.0760415766894129
chrM	13609	13609	0.014041514041514
chrM	13610	13610	0.0106359063703038
chrM	13611	13611	0.000575753745910042
chrM	13612	13612	0.00284285854328007
chrM	13613	13613	0.000154195519919258
chrM	13614	13614	0.000322313933771493
chrM	13615	13615	0.00396470851016306
chrM	13616	13616	0.00106000167368685
chrM	13617	13617	2.80127738248641e-05
chrM	13618	13618	1.40081527448975e-05
chrM	13619	13619	0.000420150413848158
chrM	13620	13620	0.000826249527357262
chrM	13621	13621	0.000210078149071455
chrM	13622	13622	0.000825636719843269
chrM	13623	13623	0.00697609783212896
chrM	13624	13624	0.000492174426616793
chrM	13625	13625	0.000773406080377985
chrM	13626	13626	0.00029540435229079
chrM	13627	13627	0.00103557850536231
chrM	13628	13628	0.00127536560480671
chrM	13629	13629	0.000638524299396949
chrM	13630	13630	0.00305572453209218
chrM	13631	13631	0.00508866397902512
chrM	13632	13632	0.00444826081448219
chrM	13633	13633	0.000129636298163486
chrM	13634	13634	0.000115690527838033
chrM	13635	13635	0.0033379091106134
chrM	13636	13636	0.016788771165178
chrM	13637	13637	0.000358746968588115
chrM	13638	13638	0.00098953104832927
chrM	13639	13639	0.000746397198139749
chrM	13640	13640	0.000803639338145602
chrM	13641	13641	0.00734065494637323
chrM	13642	13642	0.00102601156069364
chrM	13643	13643	0.00450502819275708
chrM	13644	13644	0.000860346763492133
chrM	13645	13645	0.000393947794621883
chrM	13646	13646	0.00203059033205265
chrM	13647	13647	0.00172752725323167
chrM	13648	13648	0.00244077311488414
chrM	13649	13649	0.00325866820971205
chrM	13650	13650	0.0043386580500311
chrM	13651	13651	0.00281434407625965
chrM	13652	13652	0.0420933374003225
chrM	13653	13653	0.000247939911033326
chrM	13654	13654	0.011783200646129
chrM	13655	13655	0.000706622058144901
chrM	13656	13656	0.00144088066626322
chrM	13657	13657	0
chrM	13658	13658	0.00484919995395418
chrM	13659	13659	0.000203423323937113
chrM	13660	13660	0.000218143742183183
chrM	13661	13661	0.000189134925946402
chrM	13662	13662	0.000436369983563397
chrM	13663	13663	0.000305561214096557
chrM	13664	13664	0.00048
chrM	13665	13665	0.000189225775461784
chrM	13666	13666	0.000203971618806183
chrM	13667	13667	0.000364505875834718
chrM	13668	13668	0.000189653663233449
chrM	13669	13669	0.00244509452910099
chrM	13670	13670	7.29607471180505e-05
chrM	13671	13671	0.000554275212229061
chrM	13672	13672	0.000422999504069547
chrM	13673	13673	0.00305396797696436
chrM	13674	13674	0.00013148475507312
chrM	13675	13675	0.00153257823446987
chrM	13676	13676	0.000934224739438881
chrM	13677	13677	0.000321224156056535
chrM	13678	13678	0.000116965904438856
chrM	13679	13679	0.00121284741502762
chrM	13680	13680	0.000719350529236461
chrM	13681	13681	0.00171501443836942
chrM	13682	13682	0.00569879465391847
chrM	13683	13683	0.000174929663697722
chrM	13684	13684	5.83617847033762e-05
chrM	13685	13685	4.37885886937864e-05
chrM	13686	13686	0.00273685436440925
chrM	13687	13687	0.0113062061397176
chrM	13688	13688	0.0236667184126222
chrM	13689	13689	0.000973201692524683
chrM	13690	13690	0.000239872444300207
chrM	13691	13691	8.4706280970734e-05
chrM	13692	13692	0.006440297460362
chrM	13693	13693	0.0113127240143369
chrM	13694	13694	0.000182243842260945
chrM	13695	13695	0.000196237840262398
chrM	13696	13696	0.000210248934738731
chrM	13697	13697	2.80721454137132e-05
chrM	13698	13698	0.000703274445819737
chrM	13699	13699	0.0021183998155407
chrM	13700	13700	0.000216781801890337
chrM	13701	13701	2.89059112588524e-05
chrM	13702	13702	5.78268663621118e-05
chrM	13703	13703	0.00243983426451268
chrM	13704	13704	0.000932642487046632
chrM	13705	13705	0.000238006693938267
chrM	13706	13706	0.00150130063173541
chrM	13707	13707	0.000446395357488282
chrM	13708	13708	0.000327327372007558
chrM	13709	13709	0.0014118990041606
chrM	13710	13710	0.000527744270205066
chrM	13711	13711	0.00135890080024158
chrM	13712	13712	0.00139599107779616
chrM	13713	13713	0.000333773307238329
chrM	13714	13714	0.00363696979799664
chrM	13715	13715	0.000212233760327446
chrM	13716	13716	0.000454703911969323
chrM	13717	13717	4.55546275909194e-05
chrM	13718	13718	0.00279138917123049
chrM	13719	13719	0.00122799836266885
chrM	13720	13720	0.000575853551349467
chrM	13721	13721	0.000227728183640007
chrM	13722	13722	0.000516207393911789
chrM	13723	13723	0.000243705542777939
chrM	13724	13724	0.000548095368594135
chrM	13725	13725	0.00436846815417052
chrM	13726	13726	0.000182102371883394
chrM	13727	13727	6.0725671777744e-05
chrM	13728	13728	6.08309507877608e-05
chrM	13729	13729	3.0425654912222e-05
chrM	13730	13730	4.58617421347112e-05
chrM	13731	13731	4.59819444231565e-05
chrM	13732	13732	0.000781453503516541
chrM	13733	13733	3.06659102408807e-05
chrM	13734	13734	0.000138017758284899
chrM	13735	13735	9.20697274736067e-05
chrM	13736	13736	3.14045693648426e-05
chrM	13737	13737	0.000235656381574813
chrM	13738	13738	0.000816788137723046
chrM	13739	13739	0.0022896573355289
chrM	13740	13740	0.0162418366244152
chrM	13741	13741	0.00330946600064952
chrM	13742	13742	0.00136244000619291
chrM	13743	13743	0.000890541511733275
chrM	13744	13744	0.00360010194978973
chrM	13745	13745	0.000415216072055958
chrM	13746	13746	0.000112271247333558
chrM	13747	13747	0.00107488930244497
chrM	13748	13748	4.83660341464201e-05
chrM	13749	13749	0.00395803835757498
chrM	13750	13750	0.00223250396350341
chrM	13751	13751	0.000196911767119017
chrM	13752	13752	0.0142833902716772
chrM	13753	13753	0.00120619396903015
chrM	13754	13754	0.00103177202751392
chrM	13755	13755	0.00210135767405972
chrM	13756	13756	0.000793454004463179
chrM	13757	13757	0.00774557747218484
chrM	13758	13758	0.00382916053019146
chrM	13759	13759	0.00125971370143149
chrM	13760	13760	8.19712444874338e-05
chrM	13761	13761	0.000330005775101064
chrM	13762	13762	0.00288170201554472
chrM	13763	13763	0.000677115159122062
chrM	13764	13764	0.00156840732363672
chrM	13765	13765	0.00158418455750095
chrM	13766	13766	0.000511770726714432
chrM	13767	13767	1.65133675710488e-05
chrM	13768	13768	0.000266875719313462
chrM	13769	13769	0.00650788102727984
chrM	13770	13770	0.000653770074093942
chrM	13771	13771	0.000100581697483781
chrM	13772	13772	0.00050332192470304
chrM	13773	13773	0.000556308890511456
chrM	13774	13774	0.003690872055572
chrM	13775	13775	0.00343714559888336
chrM	13776	13776	0.00697542666949933
chrM	13777	13777	0.000838312672790511
chrM	13778	13778	0.00158874667523519
chrM	13779	13779	0.00187469870913603
chrM	13780	13780	3.58223925776003e-05
chrM	13781	13781	0.00347371436756912
chrM	13782	13782	0.00209373490095023
chrM	13783	13783	0.00282465675057208
chrM	13784	13784	0.00246617938774416
chrM	13785	13785	0.000520552863040747
chrM	13786	13786	0.000646911894193966
chrM	13787	13787	5.39199827456055e-05
chrM	13788	13788	1.79839942451218e-05
chrM	13789	13789	0.000197863078749505
chrM	13790	13790	0.000126413118069852
chrM	13791	13791	0.00101048376910446
chrM	13792	13792	3.6139571023292e-05
chrM	13793	13793	1.80831826401447e-05
chrM	13794	13794	0.000127916963616761
chrM	13795	13795	0.000128544145732334
chrM	13796	13796	1.83759348756868e-05
chrM	13797	13797	0.000110298172726938
chrM	13798	13798	1.84443993581349e-05
chrM	13799	13799	1.84467810367091e-05
chrM	13800	13800	0
chrM	13801	13801	0
chrM	13802	13802	0.000414617138764818
chrM	13803	13803	3.77180575200377e-05
chrM	13804	13804	0.000188590287600189
chrM	13805	13805	0
chrM	13806	13806	3.77786173026067e-05
chrM	13807	13807	0
chrM	13808	13808	0.000782308382148104
chrM	13809	13809	0.000630083629281705
chrM	13810	13810	0.00111290198787321
chrM	13811	13811	0.00086332591512547
chrM	13812	13812	0.000269386184337118
chrM	13813	13813	0.000568984460838173
chrM	13814	13814	0.000143837586816258
chrM	13815	13815	0.000102893361320328
chrM	13816	13816	4.11734431291817e-05
chrM	13817	13817	0.000123667992662366
chrM	13818	13818	0.000906319518826728
chrM	13819	13819	0.000185651223235282
chrM	13820	13820	0
chrM	13821	13821	8.26412131730094e-05
chrM	13822	13822	0.000124901119946709
chrM	13823	13823	0.000104292686996788
chrM	13824	13824	0.000979160901679474
chrM	13825	13825	0.000191742298351016
chrM	13826	13826	0.000149272828080351
chrM	13827	13827	0
chrM	13828	13828	0
chrM	13829	13829	0.00087971505814702
chrM	13830	13830	0
chrM	13831	13831	2.21946022727273e-05
chrM	13832	13832	0
chrM	13833	13833	0
chrM	13834	13834	0
chrM	13835	13835	2.24441701268096e-05
chrM	13836	13836	0.000157583125098489
chrM	13837	13837	2.25453725622816e-05
chrM	13838	13838	2.25524909226224e-05
chrM	13839	13839	4.52570601013758e-05
chrM	13840	13840	0.000255451568704861
chrM	13841	13841	0.000769858859209145
chrM	13842	13842	0.000629752297429678
chrM	13843	13843	9.33488914819137e-05
chrM	13844	13844	2.33372228704784e-05
chrM	13845	13845	4.66973312475192e-05
chrM	13846	13846	0
chrM	13847	13847	0.00166709713775858
chrM	13848	13848	0.000141080204096029
chrM	13849	13849	0.00098679573328321
chrM	13850	13850	0.000470035252643948
chrM	13851	13851	2.35244301206803e-05
chrM	13852	13852	0.000282838758337851
chrM	13853	13853	0
chrM	13854	13854	0.000458937198067633
chrM	13855	13855	0.000193756206253482
chrM	13856	13856	2.43214320459189e-05
chrM	13857	13857	0.000783315382355821
chrM	13858	13858	5.04540867810293e-05
chrM	13859	13859	0.000151630022744503
chrM	13860	13860	0.000808734330772341
chrM	13861	13861	0
chrM	13862	13862	0
chrM	13863	13863	0.000152060418673019
chrM	13864	13864	0.000456389452332657
chrM	13865	13865	5.07755972479626e-05
chrM	13866	13866	5.08323802262041e-05
chrM	13867	13867	5.09100165457554e-05
chrM	13868	13868	0.000127382044227046
chrM	13869	13869	2.54965452181229e-05
chrM	13870	13870	0.000204342273307791
chrM	13871	13871	2.78613618633679e-05
chrM	13872	13872	0.000223040035686406
chrM	13873	13873	2.79080151819603e-05
chrM	13874	13874	5.58987115346991e-05
chrM	13875	13875	0.000144175317185698
chrM	13876	13876	0
chrM	13877	13877	0
chrM	13878	13878	0.000671238873486065
chrM	13879	13879	0.000150452863117985
chrM	13880	13880	3.02251775729182e-05
chrM	13881	13881	6.20983016114509e-05
chrM	13882	13882	0
chrM	13883	13883	0.000493680884676145
chrM	13884	13884	6.65867625516047e-05
chrM	13885	13885	0.000133337777925931
chrM	13886	13886	0
chrM	13887	13887	0.000100341159943809
chrM	13888	13888	0.0001003478726251
chrM	13889	13889	6.6972507785554e-05
chrM	13890	13890	6.76818950930626e-05
chrM	13891	13891	3.42079157116957e-05
chrM	13892	13892	0
chrM	13893	13893	3.43997248022016e-05
chrM	13894	13894	3.77614983762556e-05
chrM	13895	13895	3.79939209726444e-05
chrM	13896	13896	0
chrM	13897	13897	3.9897861474625e-05
chrM	13898	13898	0
chrM	13899	13899	0
chrM	13900	13900	0
chrM	13901	13901	0
chrM	13902	13902	0
chrM	13903	13903	8.55651578677163e-05
chrM	13904	13904	0
chrM	13905	13905	0
chrM	13906	13906	0
chrM	13907	13907	0
chrM	13908	13908	0
chrM	13909	13909	0
chrM	13910	13910	4.67836257309942e-05
chrM	13911	13911	0
chrM	13912	13912	0.000437211561816857
chrM	13913	13913	4.88973644320571e-05
chrM	13914	13914	0
chrM	13915	13915	0
chrM	13916	13916	0
chrM	13917	13917	0.00066711140760507
chrM	13918	13918	0.000134453781512605
chrM	13919	13919	0
chrM	13920	13920	0.00110970196575777
chrM	13921	13921	0
chrM	13922	13922	0.000378167149880247
chrM	13923	13923	0.000296912114014252
chrM	13924	13924	0
chrM	13925	13925	0
chrM	13926	13926	0
chrM	13927	13927	0.000312402374258044
chrM	13928	13928	0
chrM	13929	13929	0.000492934604009201
chrM	13930	13930	0
chrM	13931	13931	0.000674763832658569
chrM	13932	13932	0
chrM	13933	13933	0.00250052094186289
chrM	13934	13934	0
chrM	13935	13935	0
chrM	13936	13936	0.000215563699073076
chrM	13937	13937	0
chrM	13938	13938	0.00344382264313388
chrM	13939	13939	0.000217817468961011
chrM	13940	13940	0.000436871996505024
chrM	13941	13941	0.00153005464480874
chrM	13942	13942	0
chrM	13943	13943	0.000881639850121226
chrM	13944	13944	0
chrM	13945	13945	0.000231427910205971
chrM	13946	13946	0.00115928587989798
chrM	13947	13947	0.000930232558139535
chrM	13948	13948	0.00325127728750581
chrM	13949	13949	0.00023441162681669
chrM	13950	13950	0.000237529691211401
chrM	13951	13951	0
chrM	13952	13952	0
chrM	13953	13953	0.000242541838467136
chrM	13954	13954	0
chrM	13955	13955	0
chrM	13956	13956	0.000247586036147561
chrM	13957	13957	0.00049862877088008
chrM	13958	13958	0.00718711276332094
chrM	13959	13959	0.00297176820208024
chrM	13960	13960	0
chrM	13961	13961	0.00201816347124117
chrM	13962	13962	0.00277567499369165
chrM	13963	13963	0.00151476899772785
chrM	13964	13964	0.000508130081300813
chrM	13965	13965	0.00178117048346056
chrM	13966	13966	0.000254777070063694
chrM	13967	13967	0
chrM	13968	13968	0
chrM	13969	13969	0.000257466529351184
chrM	13970	13970	0
chrM	13971	13971	0.000261301280376274
chrM	13972	13972	0.00130548302872063
chrM	13973	13973	0
chrM	13974	13974	0.00132135306553911
chrM	13975	13975	0
chrM	13976	13976	0.000265322366675511
chrM	13977	13977	0.0026525198938992
chrM	13978	13978	0
chrM	13979	13979	0
chrM	13980	13980	0
chrM	13981	13981	0.00241157556270096
chrM	13982	13982	0.0107142857142857
chrM	13983	13983	0.003196745132229
chrM	13984	13984	0.0130963517305893
chrM	13985	13985	0.000314465408805031
chrM	13986	13986	0.00189513581806696
chrM	13987	13987	0.000949066751028156
chrM	13988	13988	0
chrM	13989	13989	0.000989445910290238
chrM	13990	13990	0
chrM	13991	13991	0.000339097999321804
chrM	13992	13992	0.000707964601769912
chrM	13993	13993	0.00159744408945687
chrM	13994	13994	0.00251572327044025
chrM	13995	13995	0.00251256281407035
chrM	13996	13996	0.000836820083682008
chrM	13997	13997	0.00125365649811952
chrM	13998	13998	0.00208507089241034
chrM	13999	13999	0.00208073241781107
chrM	14000	14000	0.0693529639674545
chrM	14001	14001	0.137746573052491
chrM	14002	14002	0.263793103448276
chrM	14003	14003	0.344582593250444
chrM	14004	14004	0.212776787986765
chrM	14005	14005	0.0315620761928246
chrM	14006	14006	0.0477867793824116
chrM	14007	14007	0.0161718840244889
chrM	14008	14008	0.0903741067675494
chrM	14009	14009	0.689903532785817
chrM	14010	14010	0.00071689259645464
chrM	14011	14011	0.0157793457344452
chrM	14012	14012	0.0431767269156412
chrM	14013	14013	0.0646994661002354
chrM	14014	14014	0.00819952169456782
chrM	14015	14015	0.0935274078662125
chrM	14016	14016	0.00946678947907072
chrM	14017	14017	0.00970603142422707
chrM	14018	14018	0.00968729608994629
chrM	14019	14019	0.00280301323923217
chrM	14020	14020	0.04800381360982
chrM	14021	14021	0.00372824202702382
chrM	14022	14022	0.00994498518831993
chrM	14023	14023	0.0564355117795821
chrM	14024	14024	0.00428691386396783
chrM	14025	14025	0.0602384612188941
chrM	14026	14026	0.0291021297192643
chrM	14027	14027	0.0137444057682745
chrM	14028	14028	0.0036465249014051
chrM	14029	14029	0.00755295922582168
chrM	14030	14030	0.0119922254616132
chrM	14031	14031	0.00128127972666032
chrM	14032	14032	0.002034292356873
chrM	14033	14033	0.0121342035254263
chrM	14034	14034	0.0115031690473938
chrM	14035	14035	0.000623983662973188
chrM	14036	14036	0.00314785493478097
chrM	14037	14037	0.00809587914142547
chrM	14038	14038	0.00810459940652819
chrM	14039	14039	0.0265215114914514
chrM	14040	14040	0.0210498409331919
chrM	14041	14041	0.00185270141511099
chrM	14042	14042	0.00198996213788853
chrM	14043	14043	0.00128390024270991
chrM	14044	14044	0.00117698726394379
chrM	14045	14045	0.00309971629715246
chrM	14046	14046	0.000157593374074139
chrM	14047	14047	0.121562173137267
chrM	14048	14048	0.0344853192342536
chrM	14049	14049	0.0171945701357466
chrM	14050	14050	0.00376634141375951
chrM	14051	14051	0.017291395744316
chrM	14052	14052	0.032924199701443
chrM	14053	14053	0.066899682719839
chrM	14054	14054	0.00573223903565017
chrM	14055	14055	0.0076986702296876
chrM	14056	14056	0.00100429686506827
chrM	14057	14057	0.00242222870404423
chrM	14058	14058	0.00260574782432706
chrM	14059	14059	0.00170473917490624
chrM	14060	14060	0.0211372064276885
chrM	14061	14061	0.00109891466742397
chrM	14062	14062	0.00159027589437609
chrM	14063	14063	0.000221855202504499
chrM	14064	14064	0.000357305668839249
chrM	14065	14065	0.014235912883987
chrM	14066	14066	0.00568861190622849
chrM	14067	14067	0.00607486733738324
chrM	14068	14068	0.000995478369334469
chrM	14069	14069	0.000755042605975623
chrM	14070	14070	0.0185381231326605
chrM	14071	14071	0.122954709584236
chrM	14072	14072	0.305716332378223
chrM	14073	14073	0.00530125976172832
chrM	14074	14074	0.0119472546659063
chrM	14075	14075	0.0221605694694957
chrM	14076	14076	0.223543184600335
chrM	14077	14077	0.00106811930892681
chrM	14078	14078	0.00387819592071244
chrM	14079	14079	0.00790094526339123
chrM	14080	14080	0.00798965428776368
chrM	14081	14081	0.0244304831954234
chrM	14082	14082	0.0294084110435227
chrM	14083	14083	0.00355692563061327
chrM	14084	14084	0.00125817195016652
chrM	14085	14085	0.00590058760631358
chrM	14086	14086	0.00500241580080136
chrM	14087	14087	0.000458576850650301
chrM	14088	14088	0.000536355125604618
chrM	14089	14089	0.000190127043865722
chrM	14090	14090	0.000146233036967712
chrM	14091	14091	0.00145047456802142
chrM	14092	14092	0.0180346831861114
chrM	14093	14093	0.000229390681003584
chrM	14094	14094	0.000931040903730371
chrM	14095	14095	0.00250513170991908
chrM	14096	14096	0.000504588902852355
chrM	14097	14097	0.00241241921007517
chrM	14098	14098	5.22351913232599e-05
chrM	14099	14099	0.000270602589239512
chrM	14100	14100	6.17134502091137e-05
chrM	14101	14101	6.64562219637814e-05
chrM	14102	14102	0.000806317736618683
chrM	14103	14103	0.00269172000435217
chrM	14104	14104	7.56912742152944e-05
chrM	14105	14105	0.00509255554980303
chrM	14106	14106	0.000639689938523916
chrM	14107	14107	0.000131684146169402
chrM	14108	14108	0.000902166609498123
chrM	14109	14109	0.0124682146370436
chrM	14110	14110	0.00019953596287703
chrM	14111	14111	0.000575115138978429
chrM	14112	14112	0.000115944717558668
chrM	14113	14113	9.27579250052176e-06
chrM	14114	14114	2.31893737013951e-05
chrM	14115	14115	0.000208663717552792
chrM	14116	14116	0.00125969082000315
chrM	14117	14117	1.85247792077878e-05
chrM	14118	14118	0.000199103570899392
chrM	14119	14119	0.000675578753510927
chrM	14120	14120	0.000568925563259435
chrM	14121	14121	7.4006919646987e-05
chrM	14122	14122	0.00120122339983183
chrM	14123	14123	0.000702046094868597
chrM	14124	14124	0.00060469818175104
chrM	14125	14125	0.00598791404934408
chrM	14126	14126	0.00259042458248855
chrM	14127	14127	0.00329048091292565
chrM	14128	14128	0.211199746116008
chrM	14129	14129	0.00440565014757312
chrM	14130	14130	0.0311529081034441
chrM	14131	14131	0.00171278683968246
chrM	14132	14132	0.00687822470708012
chrM	14133	14133	0.0163985642342186
chrM	14134	14134	0.0212000385757565
chrM	14135	14135	0.0111582845247452
chrM	14136	14136	0.00175965594786691
chrM	14137	14137	0.00491414941758834
chrM	14138	14138	0.00952476503637729
chrM	14139	14139	0.0558656485562844
chrM	14140	14140	0.0558077914430939
chrM	14141	14141	0.0268503693716469
chrM	14142	14142	0.063678401582425
chrM	14143	14143	0.00669215311729952
chrM	14144	14144	0.0554830867747769
chrM	14145	14145	0.0323784016452245
chrM	14146	14146	0.0279536392276305
chrM	14147	14147	0.000933828277806944
chrM	14148	14148	0.00731702817505523
chrM	14149	14149	0.00204608642816372
chrM	14150	14150	0.00255309965124475
chrM	14151	14151	0.00951900047083228
chrM	14152	14152	0.00653402734301722
chrM	14153	14153	0.0130915336656963
chrM	14154	14154	0.0165345641934656
chrM	14155	14155	0.00452590490794196
chrM	14156	14156	0.00272177924605189
chrM	14157	14157	0.00797824037638268
chrM	14158	14158	0.0387711150931081
chrM	14159	14159	0.00423569082149618
chrM	14160	14160	0.000221659212426174
chrM	14161	14161	0.000130526394301591
chrM	14162	14162	0.000357397398894977
chrM	14163	14163	0.00141331462749509
chrM	14164	14164	0.000446034956693118
chrM	14165	14165	0.00112551923124756
chrM	14166	14166	0.000722923510963995
chrM	14167	14167	1.45011300523491e-05
chrM	14168	14168	8.28726992466872e-06
chrM	14169	14169	0.00147744720298966
chrM	14170	14170	0.00436742012628535
chrM	14171	14171	0.00219775207283267
chrM	14172	14172	0.025335666766363
chrM	14173	14173	0.00140658897129307
chrM	14174	14174	0.000335061794679784
chrM	14175	14175	0.000754535789004356
chrM	14176	14176	0.00414128621112518
chrM	14177	14177	0.00259053321641487
chrM	14178	14178	0.0135687493195831
chrM	14179	14179	0.00253328015353692
chrM	14180	14180	0.0208396587834636
chrM	14181	14181	0.0059913524492418
chrM	14182	14182	0.008828056015913
chrM	14183	14183	0.000879227347975679
chrM	14184	14184	0.0089412521156992
chrM	14185	14185	0.00142496570228828
chrM	14186	14186	0.0034622794756526
chrM	14187	14187	0.00484933758951429
chrM	14188	14188	0.00894218370663965
chrM	14189	14189	0.00236671626032762
chrM	14190	14190	0.00437037641629134
chrM	14191	14191	0.00309917163887236
chrM	14192	14192	0.00011682004706179
chrM	14193	14193	0.00422733417547592
chrM	14194	14194	0.000871932994166177
chrM	14195	14195	0.00372142085249675
chrM	14196	14196	0.000757514320891176
chrM	14197	14197	0.000759511405575404
chrM	14198	14198	0.000169671261930011
chrM	14199	14199	0.00290420714593135
chrM	14200	14200	0.00158568417010939
chrM	14201	14201	0.00555305693489614
chrM	14202	14202	0.00284537502885683
chrM	14203	14203	0.000186890544437808
chrM	14204	14204	0.00273813353610388
chrM	14205	14205	0.000305550778148179
chrM	14206	14206	0.000457591348960993
chrM	14207	14207	0.0498400033536415
chrM	14208	14208	0.000154213624423232
chrM	14209	14209	0.0143611145206825
chrM	14210	14210	0.00522509560410435
chrM	14211	14211	0.000315242762766901
chrM	14212	14212	0.00115128744269415
chrM	14213	14213	0.01681321604864
chrM	14214	14214	0.00175620537232234
chrM	14215	14215	0.00458125376692152
chrM	14216	14216	0.00592888706127415
chrM	14217	14217	0.00264183687540149
chrM	14218	14218	0.0142423072571037
chrM	14219	14219	0.000733632900100874
chrM	14220	14220	0.00795235534968361
chrM	14221	14221	0.00142245624040505
chrM	14222	14222	0.00905300030560037
chrM	14223	14223	0.000281145495259986
chrM	14224	14224	0.00402251033470693
chrM	14225	14225	0.00136546040082975
chrM	14226	14226	8.86329839442991e-05
chrM	14227	14227	0.0313442330937082
chrM	14228	14228	0.0522682549854865
chrM	14229	14229	0.0169299353592392
chrM	14230	14230	0.000891337094775873
chrM	14231	14231	0.00104651887741924
chrM	14232	14232	0.00502121975151021
chrM	14233	14233	0.00538265272320121
chrM	14234	14234	0.0450411537108688
chrM	14235	14235	0.00384539331137168
chrM	14236	14236	0.00182268954501357
chrM	14237	14237	0.000177770810032993
chrM	14238	14238	0.00964738114781374
chrM	14239	14239	0.00254655375186236
chrM	14240	14240	0.0201432847539133
chrM	14241	14241	0.0194058659004908
chrM	14242	14242	0.0486584956004563
chrM	14243	14243	0.00707609689648656
chrM	14244	14244	0.00224313444715686
chrM	14245	14245	0.0424998705024259
chrM	14246	14246	0.00220539203451141
chrM	14247	14247	0.00815890150442064
chrM	14248	14248	0.00010963953231964
chrM	14249	14249	0.00410765778621972
chrM	14250	14250	0.00104551757430071
chrM	14251	14251	0.000290736351406622
chrM	14252	14252	0.00566316369986826
chrM	14253	14253	0.00133509549607372
chrM	14254	14254	0.00084950535286298
chrM	14255	14255	6.48768014023182e-05
chrM	14256	14256	0.00365717241286768
chrM	14257	14257	0.00113755517081616
chrM	14258	14258	0.00174229178943472
chrM	14259	14259	0.000432094257406461
chrM	14260	14260	0.00850344241558115
chrM	14261	14261	0.00314201624158453
chrM	14262	14262	0.00227079193868862
chrM	14263	14263	0.000498700848152819
chrM	14264	14264	0.000221866111036754
chrM	14265	14265	0.00205933186656589
chrM	14266	14266	0.0010448479018877
chrM	14267	14267	0.015848256289418
chrM	14268	14268	0.000233254240017429
chrM	14269	14269	0.00117280049610289
chrM	14270	14270	0.00859039712964192
chrM	14271	14271	0.00198711309066467
chrM	14272	14272	0.00285961514689522
chrM	14273	14273	0.00213776163781452
chrM	14274	14274	0.00253169915465001
chrM	14275	14275	0.000889450784702386
chrM	14276	14276	0.000292646464266574
chrM	14277	14277	0.00910879502821803
chrM	14278	14278	0.00242664640312204
chrM	14279	14279	0.000948521373743506
chrM	14280	14280	0.000131600007113514
chrM	14281	14281	4.62812428056401e-05
chrM	14282	14282	0.000873592793575513
chrM	14283	14283	0.00171673408124756
chrM	14284	14284	0.0004796689079337
chrM	14285	14285	0.000504955554270068
chrM	14286	14286	0.000621749397567089
chrM	14287	14287	0.000202152067065775
chrM	14288	14288	0.000124929114975204
chrM	14289	14289	7.21435885233473e-05
chrM	14290	14290	7.74690726951998e-05
chrM	14291	14291	5.95485443617237e-05
chrM	14292	14292	0.000412848786043381
chrM	14293	14293	4.8064369882606e-05
chrM	14294	14294	4.81698703970109e-05
chrM	14295	14295	0.000147615358790233
chrM	14296	14296	0.00202797874173257
chrM	14297	14297	0.000950161842919717
chrM	14298	14298	0.00761594546168733
chrM	14299	14299	0.0125146044645719
chrM	14300	14300	0.00373374799332032
chrM	14301	14301	0.0354067381478241
chrM	14302	14302	0.0082639781390764
chrM	14303	14303	0.00218058825812056
chrM	14304	14304	0.00494321411121858
chrM	14305	14305	0.00951577814050311
chrM	14306	14306	0.0218980661039938
chrM	14307	14307	0.000277120943324532
chrM	14308	14308	0.0081360636000581
chrM	14309	14309	0.0866500010964191
chrM	14310	14310	0.0183037098274259
chrM	14311	14311	0.00155989133437899
chrM	14312	14312	0.0142587677956272
chrM	14313	14313	0.00854468707527568
chrM	14314	14314	0.00295804985794616
chrM	14315	14315	0.00553765458368535
chrM	14316	14316	0.0345700078841924
chrM	14317	14317	0.00135943640751416
chrM	14318	14318	0.00240455224077124
chrM	14319	14319	0.00398395924235164
chrM	14320	14320	0.000693663764638271
chrM	14321	14321	0.00118989206338971
chrM	14322	14322	0.00453648499659413
chrM	14323	14323	0.00330163430898295
chrM	14324	14324	5.00553111187863e-06
chrM	14325	14325	0.000151152512885501
chrM	14326	14326	9.91989931803197e-05
chrM	14327	14327	0.000396610237564512
chrM	14328	14328	6.43476057663498e-05
chrM	14329	14329	0.000368857566705931
chrM	14330	14330	3.32355068011933e-05
chrM	14331	14331	1.8140863807465e-05
chrM	14332	14332	0.000559386710584403
chrM	14333	14333	0.000670602887121903
chrM	14334	14334	0.00261154788157084
chrM	14335	14335	0.0040286830887516
chrM	14336	14336	0.000141882065600186
chrM	14337	14337	0.000435914487770064
chrM	14338	14338	5.07612667169542e-05
chrM	14339	14339	0.00123317527320243
chrM	14340	14340	7.45812721317371e-05
chrM	14341	14341	0.000391272678235943
chrM	14342	14342	0.000744577301729483
chrM	14343	14343	0.00222381511235823
chrM	14344	14344	0.00803972401404426
chrM	14345	14345	0.000434864717261373
chrM	14346	14346	0.000505089830175071
chrM	14347	14347	0.00340664704644927
chrM	14348	14348	0.00366017067889441
chrM	14349	14349	0.000614631282387909
chrM	14350	14350	0.00170700605803821
chrM	14351	14351	0.000748891006136603
chrM	14352	14352	0.000890984466146687
chrM	14353	14353	0.00035143262585745
chrM	14354	14354	0.00241178107311424
chrM	14355	14355	0.000673434059237408
chrM	14356	14356	0.000703649055808359
chrM	14357	14357	0.00316389644903771
chrM	14358	14358	0.00114008938796942
chrM	14359	14359	0.0032381309053214
chrM	14360	14360	0.00131502956219695
chrM	14361	14361	0.000371948792263465
chrM	14362	14362	0.0201468412521185
chrM	14363	14363	0.00124342155168349
chrM	14364	14364	0.0192506704464005
chrM	14365	14365	0.00310127334516498
chrM	14366	14366	0.000518303802814198
chrM	14367	14367	0.00592086266516289
chrM	14368	14368	0.00177399040112118
chrM	14369	14369	0.00736571510243356
chrM	14370	14370	0.00590979252621594
chrM	14371	14371	6.2672285607714e-05
chrM	14372	14372	0.00032443807023023
chrM	14373	14373	0.001485908181611
chrM	14374	14374	0.0012249814620832
chrM	14375	14375	0.0168444947554763
chrM	14376	14376	0.0018828877901197
chrM	14377	14377	0.0487161501204877
chrM	14378	14378	0.012356619563752
chrM	14379	14379	0.00136900917254977
chrM	14380	14380	0.00246023728415365
chrM	14381	14381	0.00149457722264313
chrM	14382	14382	0.00654749415502668
chrM	14383	14383	0.00101723211795775
chrM	14384	14384	0.0122896646011224
chrM	14385	14385	0.0103280641436795
chrM	14386	14386	0.00914478622388375
chrM	14387	14387	0.00784418428900484
chrM	14388	14388	0.00228264269454896
chrM	14389	14389	0.000345793582439956
chrM	14390	14390	0.00120838798096052
chrM	14391	14391	0.00195084173164107
chrM	14392	14392	0.00250575422650695
chrM	14393	14393	0.00515395978977775
chrM	14394	14394	0.00016954060909984
chrM	14395	14395	0.000107267609765937
chrM	14396	14396	0.000116521458298163
chrM	14397	14397	0.00149583695377204
chrM	14398	14398	0.0185567270160884
chrM	14399	14399	0.00372095359751984
chrM	14400	14400	0.00377946309996407
chrM	14401	14401	0.00040916676493816
chrM	14402	14402	5.98590542626794e-05
chrM	14403	14403	0.0145416067924854
chrM	14404	14404	0.00211658619459524
chrM	14405	14405	0.000855161726173509
chrM	14406	14406	0.00196954255700531
chrM	14407	14407	0.000529304163184209
chrM	14408	14408	0.00238736543580415
chrM	14409	14409	0.00027467109896611
chrM	14410	14410	0.00286446435660909
chrM	14411	14411	0.0013815385643607
chrM	14412	14412	0.000311333598347997
chrM	14413	14413	0.000375537141238903
chrM	14414	14414	9.68640056021164e-05
chrM	14415	14415	0.0010299268332117
chrM	14416	14416	0.000791043775558088
chrM	14417	14417	3.93550424095304e-05
chrM	14418	14418	0.000293323842041534
chrM	14419	14419	0.000345255377173611
chrM	14420	14420	0.000601912346179198
chrM	14421	14421	0.000323878815641378
chrM	14422	14422	0.00498191907730651
chrM	14423	14423	0.000934851141535918
chrM	14424	14424	0.024481047531419
chrM	14425	14425	0.00134649592153472
chrM	14426	14426	0.0362839324016012
chrM	14427	14427	0.0020359209874857
chrM	14428	14428	0.0178973394780977
chrM	14429	14429	0.00218842406646238
chrM	14430	14430	0.00396452224458605
chrM	14431	14431	0.00158357883811369
chrM	14432	14432	0.00364796778072252
chrM	14433	14433	0.0295423148027643
chrM	14434	14434	0.000910610553863099
chrM	14435	14435	0.00107078339581593
chrM	14436	14436	0.0037594685386514
chrM	14437	14437	0.00356587625914683
chrM	14438	14438	0.0126918756119211
chrM	14439	14439	0.000429832116412999
chrM	14440	14440	0.00218582531823285
chrM	14441	14441	0.000604030530997749
chrM	14442	14442	0.00114244443714914
chrM	14443	14443	0.0112026142717562
chrM	14444	14444	0.000472365388229941
chrM	14445	14445	0.0238266074556726
chrM	14446	14446	0.001407199172806
chrM	14447	14447	0.00221882752991505
chrM	14448	14448	0.000769893690177043
chrM	14449	14449	0.00165817030155336
chrM	14450	14450	0.0300778795197443
chrM	14451	14451	0.000591253552257657
chrM	14452	14452	7.34181352267318e-05
chrM	14453	14453	0.000444023070237813
chrM	14454	14454	0.00256644516943498
chrM	14455	14455	0.000592483466508671
chrM	14456	14456	0.00147940001488201
chrM	14457	14457	0.00779638371711558
chrM	14458	14458	0.00363546385473372
chrM	14459	14459	0.000196792598059054
chrM	14460	14460	0.000274677511929816
chrM	14461	14461	0.00337073929986245
chrM	14462	14462	0.00184215308203275
chrM	14463	14463	0.000771538929626933
chrM	14464	14464	0.000833841379822006
chrM	14465	14465	0.00151083679096977
chrM	14466	14466	0.000786623060213298
chrM	14467	14467	0.000459555124884709
chrM	14468	14468	0.000703775049364793
chrM	14469	14469	0.0017820399617239
chrM	14470	14470	0.00241091172070305
chrM	14471	14471	0.000338334049553912
chrM	14472	14472	0.00225294263119689
chrM	14473	14473	0.00764299684284884
chrM	14474	14474	0.00191265948499042
chrM	14475	14475	0.000303539478552813
chrM	14476	14476	0.00302717985334249
chrM	14477	14477	0.00402877351488624
chrM	14478	14478	0.000848730954693972
chrM	14479	14479	0.000131685550963513
chrM	14480	14480	0.00107562938088134
chrM	14481	14481	0.000970785302652286
chrM	14482	14482	0.000161425896137926
chrM	14483	14483	0.000158168506530566
chrM	14484	14484	2.37619608697861e-05
chrM	14485	14485	0.000251791038043411
chrM	14486	14486	0.000449242570455936
chrM	14487	14487	0.000890627785779369
chrM	14488	14488	0.00165533657003413
chrM	14489	14489	0.000173001686354533
chrM	14490	14490	5.69157597264084e-05
chrM	14491	14491	0.00165020308290561
chrM	14492	14492	0.0027421904409663
chrM	14493	14493	0.000341129881494445
chrM	14494	14494	0.000304246840656283
chrM	14495	14495	0.00154683566210253
chrM	14496	14496	0.00388294805047586
chrM	14497	14497	0.00409928401270952
chrM	14498	14498	6.33116490935188e-05
chrM	14499	14499	0.000128082562187014
chrM	14500	14500	0.000709195482273885
chrM	14501	14501	0.00551524383380732
chrM	14502	14502	0.000543595155197677
chrM	14503	14503	0.00293059944841692
chrM	14504	14504	0.00162717397327673
chrM	14505	14505	0.000707965795138298
chrM	14506	14506	0.000392729283108933
chrM	14507	14507	0.000233015587382121
chrM	14508	14508	0.000618320013218656
chrM	14509	14509	0.0012158794395598
chrM	14510	14510	0.00388925724081052
chrM	14511	14511	0.0065105067751871
chrM	14512	14512	0.00167072037315507
chrM	14513	14513	0.0351029868095756
chrM	14514	14514	0.0109565290240566
chrM	14515	14515	0.00813737251736006
chrM	14516	14516	0.000998437228685536
chrM	14517	14517	0.00147066969478757
chrM	14518	14518	0.0193348448561105
chrM	14519	14519	0.00440010012313679
chrM	14520	14520	0.00398608845076344
chrM	14521	14521	0.000521606327478936
chrM	14522	14522	0.000614615708767843
chrM	14523	14523	6.28701131199756e-05
chrM	14524	14524	0.00473389995286354
chrM	14525	14525	0.000717487956783649
chrM	14526	14526	0.000176019118097652
chrM	14527	14527	0.000330760544273464
chrM	14528	14528	0.00169850747380536
chrM	14529	14529	0.000208551166606787
chrM	14530	14530	0.0014965682472511
chrM	14531	14531	0.00034030050194324
chrM	14532	14532	0.00137188314588072
chrM	14533	14533	0.00101527484643578
chrM	14534	14534	0.00237260289966267
chrM	14535	14535	0.00143284565930162
chrM	14536	14536	0.00146143141695544
chrM	14537	14537	0.00354678249903668
chrM	14538	14538	0.0101477596826995
chrM	14539	14539	0.00275661726528068
chrM	14540	14540	0.00784746910819989
chrM	14541	14541	0.00464833133052261
chrM	14542	14542	0.00204300479902731
chrM	14543	14543	0.0013179212292115
chrM	14544	14544	0.0357199703614259
chrM	14545	14545	0.00129166657363393
chrM	14546	14546	0.000106346418420543
chrM	14547	14547	0.00728362324399749
chrM	14548	14548	0.00148301843387446
chrM	14549	14549	0.000533300330218664
chrM	14550	14550	0.00116395059195039
chrM	14551	14551	0.00316560315237931
chrM	14552	14552	0.00443535832408076
chrM	14553	14553	0.0155747298763214
chrM	14554	14554	0.00425676276019159
chrM	14555	14555	0.00212873854664899
chrM	14556	14556	0.000616496525149025
chrM	14557	14557	0.000778507660699643
chrM	14558	14558	0.0117796234936845
chrM	14559	14559	0.00471345204249589
chrM	14560	14560	7.60112042784098e-05
chrM	14561	14561	0.00676006882897217
chrM	14562	14562	0.008336760419833
chrM	14563	14563	0.00217479556921649
chrM	14564	14564	0.000980676544091396
chrM	14565	14565	0.0109076261787443
chrM	14566	14566	0.0189887772771485
chrM	14567	14567	4.16339347245641e-05
chrM	14568	14568	0.00253022609182262
chrM	14569	14569	0.000190709384107332
chrM	14570	14570	7.49416171739737e-05
chrM	14571	14571	0.000296604213771953
chrM	14572	14572	0.00391363112207663
chrM	14573	14573	6.88230469203943e-05
chrM	14574	14574	0.000261917529846744
chrM	14575	14575	0.000699086323586471
chrM	14576	14576	0.000139292484774086
chrM	14577	14577	5.326123047041e-05
chrM	14578	14578	4.765773575828e-05
chrM	14579	14579	0.00138076192531586
chrM	14580	14580	0.00295761333463084
chrM	14581	14581	0.000267566121264209
chrM	14582	14582	0.0042474285806596
chrM	14583	14583	0.000847644082124205
chrM	14584	14584	0.00116683811253196
chrM	14585	14585	0.00573476371248547
chrM	14586	14586	0.00307055242291358
chrM	14587	14587	0.000163745009813169
chrM	14588	14588	0.000676758476774618
chrM	14589	14589	0.0070439665598043
chrM	14590	14590	0.0325414484875133
chrM	14591	14591	0.014497331938644
chrM	14592	14592	0.000771136269846802
chrM	14593	14593	0.00432227442200735
chrM	14594	14594	0.0049294049001757
chrM	14595	14595	0.00428998551035506
chrM	14596	14596	0.0333839086005464
chrM	14597	14597	0.00218598744633909
chrM	14598	14598	0.000849438836129893
chrM	14599	14599	0.00071986781774314
chrM	14600	14600	0.00366413026126749
chrM	14601	14601	0.00390419469739568
chrM	14602	14602	0.00123949986286837
chrM	14603	14603	0.00132030518912867
chrM	14604	14604	0.000669510492185856
chrM	14605	14605	0.000132892625947657
chrM	14606	14606	0.00180257693083926
chrM	14607	14607	0.000288057150538667
chrM	14608	14608	0.00137665022216066
chrM	14609	14609	0.00806907653784401
chrM	14610	14610	0.00466434203631726
chrM	14611	14611	0.00207869120378756
chrM	14612	14612	0.00919665698009399
chrM	14613	14613	0.000662837181802895
chrM	14614	14614	0.0926594904206992
chrM	14615	14615	0.00520566918228105
chrM	14616	14616	0.00150222730497081
chrM	14617	14617	0.00255695025569503
chrM	14618	14618	0.000666949793392685
chrM	14619	14619	0.00625045162222704
chrM	14620	14620	0.000577626659330482
chrM	14621	14621	0.000453352655491148
chrM	14622	14622	0.00448837148075305
chrM	14623	14623	0.00732888911308316
chrM	14624	14624	0.00189830059219572
chrM	14625	14625	0.00119272554352328
chrM	14626	14626	0.00271786307127664
chrM	14627	14627	0.000460950207224531
chrM	14628	14628	0.00344974316890064
chrM	14629	14629	0.00140460397971128
chrM	14630	14630	0.000606456763532144
chrM	14631	14631	0.00128469779858527
chrM	14632	14632	0.000321914092834589
chrM	14633	14633	9.12120827702472e-05
chrM	14634	14634	0.000623921899658678
chrM	14635	14635	0.000453303912401911
chrM	14636	14636	0.00437409287873786
chrM	14637	14637	0.000108207485226527
chrM	14638	14638	0.000544031356370996
chrM	14639	14639	0.000263917994055011
chrM	14640	14640	0.000354191640013657
chrM	14641	14641	0.00147626811324645
chrM	14642	14642	0.00103719652693413
chrM	14643	14643	0.00848568515575032
chrM	14644	14644	0.00188171164034837
chrM	14645	14645	0.00194914316719961
chrM	14646	14646	0.0023277413545919
chrM	14647	14647	0.00555298275416847
chrM	14648	14648	0.0059661525164762
chrM	14649	14649	0.00113608036363058
chrM	14650	14650	0.00603345749338037
chrM	14651	14651	0.000225809365282133
chrM	14652	14652	0.00179272813142485
chrM	14653	14653	0.00373875235923461
chrM	14654	14654	0.00103833752206057
chrM	14655	14655	0.0253109053996243
chrM	14656	14656	0.00274364798591296
chrM	14657	14657	0.00964344814031291
chrM	14658	14658	0.0011425497602128
chrM	14659	14659	0.00421626275800281
chrM	14660	14660	0.0169398121274275
chrM	14661	14661	0.00215190379328261
chrM	14662	14662	0.00134991469799729
chrM	14663	14663	0.00103340611284921
chrM	14664	14664	5.78499792265984e-05
chrM	14665	14665	0.000110439823969439
chrM	14666	14666	0.000298207465374505
chrM	14667	14667	0.00065442314618177
chrM	14668	14668	0.0886027604938607
chrM	14669	14669	0.000704146120988986
chrM	14670	14670	0.00633689978770952
chrM	14671	14671	0.00144428610932061
chrM	14672	14672	0.000357808322756609
chrM	14673	14673	0.00542087441480292
chrM	14674	14674	0.000811051126117003
chrM	14675	14675	0.00319009194970914
chrM	14676	14676	0.000226012375390065
chrM	14677	14677	0.000882256633685685
chrM	14678	14678	0.0288486274628492
chrM	14679	14679	0.00552615215467075
chrM	14680	14680	0.00126835319555875
chrM	14681	14681	0.0013798552638266
chrM	14682	14682	0.00027904327472146
chrM	14683	14683	0.000154376033168793
chrM	14684	14684	0.000216760372367464
chrM	14685	14685	0.00403795176859033
chrM	14686	14686	3.5454570717016e-05
chrM	14687	14687	0.00242053901924195
chrM	14688	14688	0.00114117532463812
chrM	14689	14689	0.000101285368659631
chrM	14690	14690	0.000341250276011253
chrM	14691	14691	0.0047076105736663
chrM	14692	14692	0.000588222374795053
chrM	14693	14693	5.25437880823046e-05
chrM	14694	14694	0.000106337524883939
chrM	14695	14695	0.000100825520955864
chrM	14696	14696	2.88183607540036e-05
chrM	14697	14697	6.43990511232348e-05
chrM	14698	14698	0.000131781834691712
chrM	14699	14699	0.000105248928198988
chrM	14700	14700	2.89697767975264e-06
chrM	14701	14701	5.79904567038418e-06
chrM	14702	14702	0.000325338337346808
chrM	14703	14703	0.000191191784770458
chrM	14704	14704	4.08978041774186e-05
chrM	14705	14705	3.21584142978259e-05
chrM	14706	14706	0.000161345208340667
chrM	14707	14707	0.000507413219140917
chrM	14708	14708	4.3025935838551e-05
chrM	14709	14709	2.94210525283472e-06
chrM	14710	14710	0.000177659120243815
chrM	14711	14711	0.000100026541696212
chrM	14712	14712	6.63533862509842e-05
chrM	14713	14713	2.97136789892595e-06
chrM	14714	14714	6.94514033648213e-05
chrM	14715	14715	0.000280031935556906
chrM	14716	14716	2.38402938713558e-05
chrM	14717	14717	1.4902715075984e-05
chrM	14718	14718	2.4876711020184e-05
chrM	14719	14719	0.000252812918440354
chrM	14720	14720	0.000104929487384478
chrM	14721	14721	0.000592415286112607
chrM	14722	14722	0.000142209901815079
chrM	14723	14723	4.11128135604098e-05
chrM	14724	14724	0.000119509708908495
chrM	14725	14725	0.00116707074275071
chrM	14726	14726	0.00576199896809025
chrM	14727	14727	0.000285707674772113
chrM	14728	14728	0.000450762271197901
chrM	14729	14729	0.00245214452188705
chrM	14730	14730	0.00142921618775387
chrM	14731	14731	0.000824401478487047
chrM	14732	14732	0.000442034567304546
chrM	14733	14733	0.000371775003384365
chrM	14734	14734	0.00015053713468224
chrM	14735	14735	0.000573758237673289
chrM	14736	14736	0.00152253442483897
chrM	14737	14737	0.0116680057735653
chrM	14738	14738	0.0386558628661207
chrM	14739	14739	0.00157575272683278
chrM	14740	14740	0.00090587482740598
chrM	14741	14741	0.0433855738434205
chrM	14742	14742	0.00710499096727646
chrM	14743	14743	0.0105828517452455
chrM	14744	14744	0.0012080347319278
chrM	14745	14745	6.61452680513697e-05
chrM	14746	14746	0.0104811608538469
chrM	14747	14747	0.0222491342283033
chrM	14748	14748	0.00145459338684479
chrM	14749	14749	0.000636438792209764
chrM	14750	14750	0.0014845045996079
chrM	14751	14751	0.00932878355801898
chrM	14752	14752	0.000885334669593475
chrM	14753	14753	0.00512650854512345
chrM	14754	14754	0.00135211312414685
chrM	14755	14755	0.000438069553360396
chrM	14756	14756	8.77679697351828e-05
chrM	14757	14757	0.00132166704110526
chrM	14758	14758	0.00116273287719785
chrM	14759	14759	0.000289243980511383
chrM	14760	14760	0.000123555209839722
chrM	14761	14761	0.00710844325092805
chrM	14762	14762	0.00151545853938252
chrM	14763	14763	0.00699064253179278
chrM	14764	14764	0.00589931500637572
chrM	14765	14765	0.00268096815103945
chrM	14766	14766	0.0029326856985749
chrM	14767	14767	0.00252543304307421
chrM	14768	14768	0.00251886639856766
chrM	14769	14769	0.00224224487363563
chrM	14770	14770	0.00588992476138992
chrM	14771	14771	0.00652599114384808
chrM	14772	14772	0.0090854840627649
chrM	14773	14773	0.00197821566254429
chrM	14774	14774	0.00752413954212739
chrM	14775	14775	0.00463612859542554
chrM	14776	14776	0.00246653292385803
chrM	14777	14777	0.00608829633558125
chrM	14778	14778	0.0145806056510538
chrM	14779	14779	0.0124097880194525
chrM	14780	14780	0.0232362867648559
chrM	14781	14781	0.00614466381510824
chrM	14782	14782	0.00099829738237852
chrM	14783	14783	0.000114644974199763
chrM	14784	14784	0.000166006058196395
chrM	14785	14785	0.00106651213542855
chrM	14786	14786	0.00151969356316096
chrM	14787	14787	0.000143949129629321
chrM	14788	14788	0.000129557498453669
chrM	14789	14789	9.43691006205293e-05
chrM	14790	14790	0.000281277124088342
chrM	14791	14791	0.000526369980311031
chrM	14792	14792	0.0146337613024775
chrM	14793	14793	0.000290964714293434
chrM	14794	14794	9.45685440081474e-05
chrM	14795	14795	0.000382348785211414
chrM	14796	14796	0.00152490012319697
chrM	14797	14797	0.00322740840146462
chrM	14798	14798	0.000885454482951876
chrM	14799	14799	9.69891643288454e-05
chrM	14800	14800	0.00592125794849304
chrM	14801	14801	0.000873345254202521
chrM	14802	14802	0.000357425911824582
chrM	14803	14803	0.000737974488056111
chrM	14804	14804	0.00715550803283733
chrM	14805	14805	0.00402292595475184
chrM	14806	14806	0.00152268024535147
chrM	14807	14807	0.00416288736551344
chrM	14808	14808	0.000604855329321573
chrM	14809	14809	0.000224720491003965
chrM	14810	14810	0.00445510447779584
chrM	14811	14811	0.00509780590924331
chrM	14812	14812	0.00189010506398344
chrM	14813	14813	0.00112569779422695
chrM	14814	14814	0.000759822242666689
chrM	14815	14815	0.000584574226543574
chrM	14816	14816	0.00282722341220015
chrM	14817	14817	0.000697074658139532
chrM	14818	14818	0.002053062164523
chrM	14819	14819	0.00013502397194825
chrM	14820	14820	6.12801739941483e-05
chrM	14821	14821	0.000299382212330597
chrM	14822	14822	0.00119749485744804
chrM	14823	14823	0.00146245017940644
chrM	14824	14824	0.000796685953934592
chrM	14825	14825	0.00313179207406062
chrM	14826	14826	0.00229406637163036
chrM	14827	14827	0.00365147465031904
chrM	14828	14828	0.0298373966769642
chrM	14829	14829	0.00561659281013189
chrM	14830	14830	0.00124875517997291
chrM	14831	14831	0.0068639080392676
chrM	14832	14832	0.010508307123839
chrM	14833	14833	0.00151406577475057
chrM	14834	14834	0.000385832880429146
chrM	14835	14835	0.00144825446951455
chrM	14836	14836	0.00759127979244096
chrM	14837	14837	0.00117113312850638
chrM	14838	14838	0.00609834262368295
chrM	14839	14839	0.00473583333505633
chrM	14840	14840	0.000899851347062852
chrM	14841	14841	0.00118672453599905
chrM	14842	14842	3.33921870630319e-05
chrM	14843	14843	0.000284955299594487
chrM	14844	14844	0.000645108086920486
chrM	14845	14845	0.000737945755246252
chrM	14846	14846	7.32544766333917e-06
chrM	14847	14847	0.00193540026836436
chrM	14848	14848	0.000260250634948838
chrM	14849	14849	9.20200812913764e-05
chrM	14850	14850	0.000221920977289738
chrM	14851	14851	0.00128700263255291
chrM	14852	14852	8.46981200193535e-05
chrM	14853	14853	0.000100784207220817
chrM	14854	14854	1.80697086844083e-05
chrM	14855	14855	6.38133586885079e-06
chrM	14856	14856	2.13007970758266e-06
chrM	14857	14857	6.39241092974421e-06
chrM	14858	14858	1.7047119303199e-05
chrM	14859	14859	9.59601829214331e-05
chrM	14860	14860	0.00017591762364077
chrM	14861	14861	0
chrM	14862	14862	7.48063051028587e-06
chrM	14863	14863	2.14161424173471e-05
chrM	14864	14864	8.56930154836567e-06
chrM	14865	14865	1.39396883300146e-05
chrM	14866	14866	3.22212006908225e-06
chrM	14867	14867	1.18160139214128e-05
chrM	14868	14868	1.07464944934962e-06
chrM	14869	14869	0
chrM	14870	14870	1.18335047398565e-05
chrM	14871	14871	5.40781407502585e-06
chrM	14872	14872	1.08170437668408e-06
chrM	14873	14873	2.16345555775507e-06
chrM	14874	14874	1.08200751346017e-06
chrM	14875	14875	3.89659307878478e-05
chrM	14876	14876	7.90642261453482e-05
chrM	14877	14877	8.66706968540704e-06
chrM	14878	14878	5.41837435765172e-06
chrM	14879	14879	5.42255239541252e-06
chrM	14880	14880	1.08766350301609e-06
chrM	14881	14881	5.44772094594227e-06
chrM	14882	14882	8.72822172301643e-06
chrM	14883	14883	0
chrM	14884	14884	4.46876445366003e-06
chrM	14885	14885	0
chrM	14886	14886	0
chrM	14887	14887	0
chrM	14888	14888	1.69058087231719e-05
chrM	14889	14889	1.15441714632699e-05
chrM	14890	14890	4.62384447236733e-06
chrM	14891	14891	2.08279816991467e-05
chrM	14892	14892	1.54710150532976e-05
chrM	14893	14893	8.47681349314952e-06
chrM	14894	14894	1.82488189972639e-05
chrM	14895	14895	2.4480523295666e-06
chrM	14896	14896	4.90715659718133e-06
chrM	14897	14897	1.22836843191399e-06
chrM	14898	14898	2.4591595084632e-06
chrM	14899	14899	6.76765650820917e-05
chrM	14900	14900	4.95172072295123e-06
chrM	14901	14901	2.47590633646329e-05
chrM	14902	14902	3.71453087332335e-06
chrM	14903	14903	2.49006154187101e-06
chrM	14904	14904	0
chrM	14905	14905	1.24831944994052e-06
chrM	14906	14906	4.9983130693391e-06
chrM	14907	14907	0
chrM	14908	14908	1.25104618737419e-06
chrM	14909	14909	5.01125025682658e-06
chrM	14910	14910	1.15093193516417e-05
chrM	14911	14911	0
chrM	14912	14912	2.56217108128744e-06
chrM	14913	14913	5.1334899903362e-06
chrM	14914	14914	1.28974677111896e-06
chrM	14915	14915	9.0639291874058e-06
chrM	14916	14916	4.09372445686511e-06
chrM	14917	14917	2.73062146213857e-06
chrM	14918	14918	2.74021401071424e-06
chrM	14919	14919	0
chrM	14920	14920	4.16731491565355e-06
chrM	14921	14921	2.82540548100409e-06
chrM	14922	14922	1.42781468678743e-06
chrM	14923	14923	0
chrM	14924	14924	1.43480874716805e-06
chrM	14925	14925	0
chrM	14926	14926	0
chrM	14927	14927	0
chrM	14928	14928	1.56488400297328e-06
chrM	14929	14929	3.20256204963971e-06
chrM	14930	14930	0
chrM	14931	14931	2.43191055757224e-05
chrM	14932	14932	1.17204832187796e-05
chrM	14933	14933	4.9165208663927e-05
chrM	14934	14934	1.02697345787098e-05
chrM	14935	14935	6.85687641851631e-06
chrM	14936	14936	1.72728874395017e-06
chrM	14937	14937	5.18384506523869e-06
chrM	14938	14938	1.2170420661897e-05
chrM	14939	14939	2.26290421126474e-05
chrM	14940	14940	2.0933567324097e-05
chrM	14941	14941	3.49039530472024e-06
chrM	14942	14942	5.23780508032174e-06
chrM	14943	14943	0
chrM	14944	14944	5.30576223464557e-06
chrM	14945	14945	1.86643423339014e-06
chrM	14946	14946	0
chrM	14947	14947	0
chrM	14948	14948	1.69897872501085e-05
chrM	14949	14949	0
chrM	14950	14950	0
chrM	14951	14951	1.96559037489705e-06
chrM	14952	14952	0
chrM	14953	14953	1.99721189219849e-06
chrM	14954	14954	4.02227536094894e-06
chrM	14955	14955	0
chrM	14956	14956	6.39112400697911e-06
chrM	14957	14957	0
chrM	14958	14958	2.17151493567973e-06
chrM	14959	14959	2.23281569222869e-06
chrM	14960	14960	0
chrM	14961	14961	3.62160067506637e-06
chrM	14962	14962	0
chrM	14963	14963	0
chrM	14964	14964	2.22893378952178e-05
chrM	14965	14965	2.26433892625048e-05
chrM	14966	14966	0
chrM	14967	14967	0
chrM	14968	14968	0
chrM	14969	14969	0
chrM	14970	14970	0
chrM	14971	14971	0
chrM	14972	14972	0
chrM	14973	14973	0.000131734949282045
chrM	14974	14974	0.000164880461665293
chrM	14975	14975	0
chrM	14976	14976	0
chrM	14977	14977	0
chrM	14978	14978	0
chrM	14979	14979	0
chrM	14980	14980	0.00218531468531469
chrM	14981	14981	0
chrM	14982	14982	0.000931749359422315
chrM	14983	14983	0.00023623907394283
chrM	14984	14984	0.000238777459407832
chrM	14985	14985	0.000723414516517965
chrM	14986	14986	0
chrM	14987	14987	0.000560852495793606
chrM	14988	14988	0.000909642207398423
chrM	14989	14989	0.000610500610500611
chrM	14990	14990	0
chrM	14991	14991	0.000348432055749129
chrM	14992	14992	0
chrM	14993	14993	0
chrM	14994	14994	0
chrM	14995	14995	0.000438212094653812
chrM	14996	14996	0
chrM	14997	14997	0
chrM	14998	14998	0
chrM	14999	14999	0.00129533678756477
chrM	15000	15000	0
chrM	15001	15001	0.000687285223367698
chrM	15002	15002	0
chrM	15003	15003	0
chrM	15004	15004	0
chrM	15005	15005	0.0021551724137931
chrM	15006	15006	0.000763941940412529
chrM	15007	15007	0
chrM	15008	15008	0.000766871165644172
chrM	15009	15009	0.000768049155145929
chrM	15010	15010	0
chrM	15011	15011	0.00155038759689922
chrM	15012	15012	0.000782472613458529
chrM	15013	15013	0
chrM	15014	15014	0
chrM	15015	15015	0
chrM	15016	15016	0
chrM	15017	15017	0.000797448165869219
chrM	15018	15018	0
chrM	15019	15019	0
chrM	15020	15020	0
chrM	15021	15021	0
chrM	15022	15022	0
chrM	15023	15023	0
chrM	15024	15024	0
chrM	15025	15025	0
chrM	15026	15026	0
chrM	15027	15027	0
chrM	15028	15028	0
chrM	15029	15029	0
chrM	15030	15030	0
chrM	15031	15031	0
chrM	15032	15032	0
chrM	15033	15033	0
chrM	15034	15034	0.000850340136054422
chrM	15035	15035	0.00169779286926995
chrM	15036	15036	0.00423011844331641
chrM	15037	15037	0.00084530853761623
chrM	15038	15038	0.000844594594594595
chrM	15039	15039	0.00252951096121417
chrM	15040	15040	0.0124895920066611
chrM	15041	15041	0.000834724540901503
chrM	15042	15042	0
chrM	15043	15043	0.0164338537387017
chrM	15044	15044	0.00245901639344262
chrM	15045	15045	0
chrM	15046	15046	0.000822368421052632
chrM	15047	15047	0.00164473684210526
chrM	15048	15048	0
chrM	15049	15049	0.000824402308326463
chrM	15050	15050	0.00247116968698517
chrM	15051	15051	0.0194174757281553
chrM	15052	15052	0.0283687943262411
chrM	15053	15053	0.0132192846034215
chrM	15054	15054	0.0160919540229885
chrM	15055	15055	0.007627765064836
chrM	15056	15056	0.0404114621601763
chrM	15057	15057	0.0116279069767442
chrM	15058	15058	0.00366837857666911
chrM	15059	15059	0.000733137829912023
chrM	15060	15060	0.0521195274496178
chrM	15061	15061	0.00484429065743945
chrM	15062	15062	0.0123372172721042
chrM	15063	15063	0.0313333333333333
chrM	15064	15064	0.00531208499335989
chrM	15065	15065	0.000664010624169987
chrM	15066	15066	0.0693069306930693
chrM	15067	15067	0.0403800475059382
chrM	15068	15068	0
chrM	15069	15069	0
chrM	15070	15070	0.0787011557512383
chrM	15071	15071	0.0361509835194046
chrM	15072	15072	0.0131233595800525
chrM	15073	15073	0.00628930817610063
chrM	15074	15074	0.0196382428940568
chrM	15075	15075	0.00668380462724936
chrM	15076	15076	0.00205444273240883
chrM	15077	15077	0.0516821062896148
chrM	15078	15078	0.00196753566158387
chrM	15079	15079	0.000983284169124877
chrM	15080	15080	0.00147275405007364
chrM	15081	15081	0
chrM	15082	15082	0.0202312138728324
chrM	15083	15083	0.000966183574879227
chrM	15084	15084	0.0156993339676499
chrM	15085	15085	0.012218045112782
chrM	15086	15086	0.0247479376718607
chrM	15087	15087	0.0100045475216007
chrM	15088	15088	0.00411522633744856
chrM	15089	15089	0.00137425561154375
chrM	15090	15090	0.0063752276867031
chrM	15091	15091	0.00181900864029104
chrM	15092	15092	0.0081190798376184
chrM	15093	15093	0.00983459991059455
chrM	15094	15094	0.00267498885421311
chrM	15095	15095	0.00311111111111111
chrM	15096	15096	0.0226086956521739
chrM	15097	15097	0.00477430555555556
chrM	15098	15098	0.0578273440726972
chrM	15099	15099	0.0354722997210044
chrM	15100	15100	0.00397298371076679
chrM	15101	15101	0.0086682427107959
chrM	15102	15102	0.00509803921568627
chrM	15103	15103	0.000784006272050176
chrM	15104	15104	0.00117462803445576
chrM	15105	15105	0.002734375
chrM	15106	15106	0.00505639828860366
chrM	15107	15107	0
chrM	15108	15108	0
chrM	15109	15109	0.00117004680187207
chrM	15110	15110	0.00117004680187207
chrM	15111	15111	0.00078064012490242
chrM	15112	15112	0.000390167772142021
chrM	15113	15113	0.000390015600624025
chrM	15114	15114	0.00349922239502333
chrM	15115	15115	0
chrM	15116	15116	0
chrM	15117	15117	0.000389256520046711
chrM	15118	15118	0.000778816199376947
chrM	15119	15119	0.0138301959277756
chrM	15120	15120	0.00115118956254797
chrM	15121	15121	0.00191644308164048
chrM	15122	15122	0.000765990042129452
chrM	15123	15123	0.00114766641162969
chrM	15124	15124	0.00759301442672741
chrM	15125	15125	0
chrM	15126	15126	0.00189681335356601
chrM	15127	15127	0.000379218809252939
chrM	15128	15128	0.00113679424024252
chrM	15129	15129	0
chrM	15130	15130	0.000378931413414172
chrM	15131	15131	0.000380228136882129
chrM	15132	15132	0.000380083618396047
chrM	15133	15133	0
chrM	15134	15134	0
chrM	15135	15135	0
chrM	15136	15136	0
chrM	15137	15137	0.00038109756097561
chrM	15138	15138	0.000761614623000762
chrM	15139	15139	0
chrM	15140	15140	0
chrM	15141	15141	0
chrM	15142	15142	0.0011454753722795
chrM	15143	15143	0.00152905198776758
chrM	15144	15144	0.0022883295194508
chrM	15145	15145	0
chrM	15146	15146	0
chrM	15147	15147	0.000382116927779901
chrM	15148	15148	0.0011454753722795
chrM	15149	15149	0.0157894736842105
chrM	15150	15150	0.0123088399850802
chrM	15151	15151	0.0165319617927994
chrM	15152	15152	0.00838192419825073
chrM	15153	15153	0.000729394602479942
chrM	15154	15154	0.0369198312236287
chrM	15155	15155	0.00388418079096045
chrM	15156	15156	0.0105005250262513
chrM	15157	15157	0.0198970840480274
chrM	15158	15158	0.00545888775162061
chrM	15159	15159	0.0111336032388664
chrM	15160	15160	0.00936454849498328
chrM	15161	15161	0.00467758102238557
chrM	15162	15162	0.00466045272969374
chrM	15163	15163	0.00530679933665008
chrM	15164	15164	0.00165892501658925
chrM	15165	15165	0.0140798952193844
chrM	15166	15166	0.0189893788220148
chrM	15167	15167	0.00924744897959184
chrM	15168	15168	0.291336801628591
chrM	15169	15169	0.0138454667262171
chrM	15170	15170	0.000893455438909984
chrM	15171	15171	0.00200624164065983
chrM	15172	15172	0.0033348154735438
chrM	15173	15173	0.0142512606884455
chrM	15174	15174	0.00675528437568098
chrM	15175	15175	0.00108861310690181
chrM	15176	15176	0.0354892902141957
chrM	15177	15177	0.0085381091211995
chrM	15178	15178	0.0016635475150759
chrM	15179	15179	0.0106995884773663
chrM	15180	15180	0.00328474645863272
chrM	15181	15181	0.00672920065252855
chrM	15182	15182	0.00101916021198532
chrM	15183	15183	0.000203832042397065
chrM	15184	15184	0.00809061488673139
chrM	15185	15185	0.0129766420443202
chrM	15186	15186	0.00968953925252126
chrM	15187	15187	0.00295799645040426
chrM	15188	15188	0.00019739439399921
chrM	15189	15189	0.00157697614823576
chrM	15190	15190	0.000591366055588409
chrM	15191	15191	0.00432050274941084
chrM	15192	15192	0.0179432760949257
chrM	15193	15193	0
chrM	15194	15194	0.00211905220574071
chrM	15195	15195	0
chrM	15196	15196	0.0142423091530573
chrM	15197	15197	0.000759013282732448
chrM	15198	15198	0.00227229691346336
chrM	15199	15199	0.0073335840541557
chrM	15200	15200	0.00262565641410353
chrM	15201	15201	0.00168570893425735
chrM	15202	15202	0.0109360518999073
chrM	15203	15203	0.000372995151063036
chrM	15204	15204	0.00297508367422834
chrM	15205	15205	0.0022267582111709
chrM	15206	15206	0.00129749768303985
chrM	15207	15207	0.0231758102480536
chrM	15208	15208	0.000181884321571481
chrM	15209	15209	0.00018201674554059
chrM	15210	15210	0.00579185520361991
chrM	15211	15211	0.00469060075771243
chrM	15212	15212	0.00449155587495508
chrM	15213	15213	0.00179629962277708
chrM	15214	15214	0.00197628458498024
chrM	15215	15215	0
chrM	15216	15216	0.00323682790864952
chrM	15217	15217	0.0126222222222222
chrM	15218	15218	0.00287873335732278
chrM	15219	15219	0.00483437779767234
chrM	15220	15220	0.000894454382826476
chrM	15221	15221	0.00303517229066238
chrM	15222	15222	0.00550426136363636
chrM	15223	15223	0.037848946737455
chrM	15224	15224	0.0146934639419017
chrM	15225	15225	0.00303132367800606
chrM	15226	15226	0.00268997982515131
chrM	15227	15227	0.000336757029802997
chrM	15228	15228	0.110976898686396
chrM	15229	15229	0.077469694858576
chrM	15230	15230	0.00194769059543684
chrM	15231	15231	0.000278164116828929
chrM	15232	15232	0.00194363459669582
chrM	15233	15233	0.00731337105008969
chrM	15234	15234	0
chrM	15235	15235	0.0113512035010941
chrM	15236	15236	0.000683994528043776
chrM	15237	15237	0.00989159891598916
chrM	15238	15238	0.00243374797187669
chrM	15239	15239	0.00202565833896016
chrM	15240	15240	0.00137741046831956
chrM	15241	15241	0.000275900124155056
chrM	15242	15242	0.00412201154163232
chrM	15243	15243	0.00560262366766876
chrM	15244	15244	0.000136873802354229
chrM	15245	15245	0.000410902616079989
chrM	15246	15246	0.00137061403508772
chrM	15247	15247	0.000548320767649075
chrM	15248	15248	0.00396066648456706
chrM	15249	15249	0.000683807439824945
chrM	15250	15250	0.0031360785383147
chrM	15251	15251	0.00163376446562287
chrM	15252	15252	0.00176702460241946
chrM	15253	15253	0.000543478260869565
chrM	15254	15254	0
chrM	15255	15255	0
chrM	15256	15256	0.000815328169588259
chrM	15257	15257	0.00500338066260987
chrM	15258	15258	0.000135226504394861
chrM	15259	15259	0.000810701256586948
chrM	15260	15260	0.0073775989268947
chrM	15261	15261	0.00414106331819396
chrM	15262	15262	0.000267379679144385
chrM	15263	15263	0.00664010624169987
chrM	15264	15264	0.0132389566129244
chrM	15265	15265	0.0022239665096808
chrM	15266	15266	0.000130821559392988
chrM	15267	15267	0.0108695652173913
chrM	15268	15268	0.000390015600624025
chrM	15269	15269	0.00453015790836138
chrM	15270	15270	0.000776297063009445
chrM	15271	15271	0.000129366106080207
chrM	15272	15272	0.000646495991724851
chrM	15273	15273	0.000516929439131559
chrM	15274	15274	0.00103319126953377
chrM	15275	15275	0.000258331180573495
chrM	15276	15276	0.000389357560025957
chrM	15277	15277	0.000259909031838856
chrM	15278	15278	0.000129988301052905
chrM	15279	15279	0.00051975051975052
chrM	15280	15280	0.00103842159916926
chrM	15281	15281	0.000260960334029228
chrM	15282	15282	0.000652145558888744
chrM	15283	15283	0
chrM	15284	15284	0.00104248110502997
chrM	15285	15285	0.0119922630560928
chrM	15286	15286	0.00116339193381593
chrM	15287	15287	0.00425641687088869
chrM	15288	15288	0.000902178115736564
chrM	15289	15289	0.00937339496661531
chrM	15290	15290	0.00501285347043702
chrM	15291	15291	0.00348927371413802
chrM	15292	15292	0.00437524128168833
chrM	15293	15293	0.00205734859200206
chrM	15294	15294	0.00141279219111225
chrM	15295	15295	0.0872932066173882
chrM	15296	15296	0.00989062136374215
chrM	15297	15297	0.00139486225735209
chrM	15298	15298	0.0433863611080209
chrM	15299	15299	0.0246390969282536
chrM	15300	15300	0.0105251852647406
chrM	15301	15301	0.000752769114958598
chrM	15302	15302	0.0347373894955798
chrM	15303	15303	0.0135481884429847
chrM	15304	15304	0.0293883243674039
chrM	15305	15305	0.0114308238076468
chrM	15306	15306	0.0143582731002149
chrM	15307	15307	0.00747427683944865
chrM	15308	15308	0.00184108527131783
chrM	15309	15309	0.0116925436074372
chrM	15310	15310	0.0053394355453852
chrM	15311	15311	0.00455710623753916
chrM	15312	15312	0.00208432022738039
chrM	15313	15313	0.00386974988201982
chrM	15314	15314	0.00592718035563082
chrM	15315	15315	0.00533607938588279
chrM	15316	15316	0.00292122125895213
chrM	15317	15317	0.00469043151969981
chrM	15318	15318	0.00392670157068063
chrM	15319	15319	0.0011214953271028
chrM	15320	15320	0.00815872427220471
chrM	15321	15321	0.00324434556915091
chrM	15322	15322	0.00277418161642316
chrM	15323	15323	0.0061626195732156
chrM	15324	15324	0.000276752767527675
chrM	15325	15325	0.00331736085514191
chrM	15326	15326	0.00633259911894273
chrM	15327	15327	0.00412125652532283
chrM	15328	15328	0.0737503182551133
chrM	15329	15329	0.00118795078489605
chrM	15330	15330	0.00607236231761828
chrM	15331	15331	0.00117964273677115
chrM	15332	15332	0.0201092353525323
chrM	15333	15333	0.00821018062397373
chrM	15334	15334	0.00270314547837484
chrM	15335	15335	0.00114566284779051
chrM	15336	15336	0.00220570214851728
chrM	15337	15337	0.00601088457477053
chrM	15338	15338	0.00444875839197606
chrM	15339	15339	0.00444660037189749
chrM	15340	15340	0.00177806514184111
chrM	15341	15341	0.000727390285298634
chrM	15342	15342	0.000323310701584222
chrM	15343	15343	0.000242522231204527
chrM	15344	15344	0.0173940796297774
chrM	15345	15345	0
chrM	15346	15346	0.000400865870279804
chrM	15347	15347	0.0552988409968942
chrM	15348	15348	0.0145090120409842
chrM	15349	15349	0.00941089292330493
chrM	15350	15350	0.00140803319994071
chrM	15351	15351	0.00641167366791952
chrM	15352	15352	0.014253508835721
chrM	15353	15353	0.0052829642495296
chrM	15354	15354	0.00375072129255626
chrM	15355	15355	0.00520080901473563
chrM	15356	15356	0.0141055781149818
chrM	15357	15357	0.00277126412278832
chrM	15358	15358	0.000355366027007818
chrM	15359	15359	0.00206420385792583
chrM	15360	15360	0.00199174847062171
chrM	15361	15361	0.00305051078320091
chrM	15362	15362	0.0010634526763559
chrM	15363	15363	0.0140298928369994
chrM	15364	15364	0.0686891435384513
chrM	15365	15365	0.0331881086622245
chrM	15366	15366	0.00567783094098884
chrM	15367	15367	0.00760263558033452
chrM	15368	15368	0.0118421052631579
chrM	15369	15369	0.000376010528294792
chrM	15370	15370	0.000375986965785186
chrM	15371	15371	0.000751691305437234
chrM	15372	15372	0.00075239826948398
chrM	15373	15373	0.000815456028101869
chrM	15374	15374	0.000814944834503511
chrM	15375	15375	0.00691502616496387
chrM	15376	15376	6.26448662532106e-05
chrM	15377	15377	0.00274965629296338
chrM	15378	15378	0.00168539325842697
chrM	15379	15379	0.00273989663117255
chrM	15380	15380	0.000623208276205908
chrM	15381	15381	0.000997195387971331
chrM	15382	15382	0.00131208997188379
chrM	15383	15383	0.000689395838556029
chrM	15384	15384	0.00219092331768388
chrM	15385	15385	0.000313361744798195
chrM	15386	15386	0.00250516690674516
chrM	15387	15387	0.0190558150971232
chrM	15388	15388	0.000430213262860304
chrM	15389	15389	0.00202516109235962
chrM	15390	15390	0.00361519607843137
chrM	15391	15391	0.0007986239095712
chrM	15392	15392	0.000245715338780023
chrM	15393	15393	0.0101200999817107
chrM	15394	15394	0.0130644190246839
chrM	15395	15395	0.00228296785821568
chrM	15396	15396	0.00215853219810529
chrM	15397	15397	0.00928019036287924
chrM	15398	15398	0.00184446956625216
chrM	15399	15399	0.000655425132574629
chrM	15400	15400	0.00154706652386053
chrM	15401	15401	0.00107161993213074
chrM	15402	15402	0.000119104335397808
chrM	15403	15403	0.00308715269532178
chrM	15404	15404	0.00243207972475976
chrM	15405	15405	0.000474552141416538
chrM	15406	15406	0.000773073263558516
chrM	15407	15407	0.000535204567078972
chrM	15408	15408	0.000356803044719315
chrM	15409	15409	0.000654761904761905
chrM	15410	15410	0.000239434933556806
chrM	15411	15411	0.00203446625179512
chrM	15412	15412	0.00125650691078801
chrM	15413	15413	0.00280479799486782
chrM	15414	15414	0.0014310416790889
chrM	15415	15415	0.00699507973205288
chrM	15416	15416	0.00687325946554482
chrM	15417	15417	0.000473877502665561
chrM	15418	15418	0.00100728802512295
chrM	15419	15419	0.0023696682464455
chrM	15420	15420	0.000177946497419776
chrM	15421	15421	0.0697969543147208
chrM	15422	15422	0.00516426766289419
chrM	15423	15423	0.0128156394243823
chrM	15424	15424	0.000814509122502172
chrM	15425	15425	0.00200661641086827
chrM	15426	15426	0.00421940928270042
chrM	15427	15427	0.00199773230387128
chrM	15428	15428	0.0417335473515249
chrM	15429	15429	0.00612486489268619
chrM	15430	15430	0.00108080288214102
chrM	15431	15431	0.00041162850527399
chrM	15432	15432	0.0174699101112183
chrM	15433	15433	0.00259859370223173
chrM	15434	15434	0.000458505272810637
chrM	15435	15435	0.000509554140127388
chrM	15436	15436	0.0025414252312697
chrM	15437	15437	0.0135480957398766
chrM	15438	15438	0.00170477336542318
chrM	15439	15439	0.000903025134199569
chrM	15440	15440	0.000752558699578567
chrM	15441	15441	0.00080216584778903
chrM	15442	15442	0.00150210294412177
chrM	15443	15443	0.00274642964146609
chrM	15444	15444	0.0068565136880036
chrM	15445	15445	0.00154914796861726
chrM	15446	15446	0.00234355522313638
chrM	15447	15447	0.0025438946528332
chrM	15448	15448	0.00442104217376186
chrM	15449	15449	0.0162859980139027
chrM	15450	15450	0.000198738013613554
chrM	15451	15451	0.0102778460781903
chrM	15452	15452	0.0926537534588949
chrM	15453	15453	0.00391737891737892
chrM	15454	15454	0.00731188513693167
chrM	15455	15455	0.00504447099429178
chrM	15456	15456	0.00816828422115849
chrM	15457	15457	0.0185775862068966
chrM	15458	15458	0.00318443928048885
chrM	15459	15459	0.000430292598967298
chrM	15460	15460	0.00081702859600086
chrM	15461	15461	0.00334433820692021
chrM	15462	15462	0.00256640574874888
chrM	15463	15463	0.00701292077524652
chrM	15464	15464	0.00118901014905092
chrM	15465	15465	0.000933429504858076
chrM	15466	15466	0.000805630936227951
chrM	15467	15467	0.0013130029648454
chrM	15468	15468	0.000470608368272439
chrM	15469	15469	0.000897819581017529
chrM	15470	15470	0.000427533133817871
chrM	15471	15471	0.00234701715456175
chrM	15472	15472	0.00513887709165039
chrM	15473	15473	0.000980893892869328
chrM	15474	15474	0.000341340615266459
chrM	15475	15475	0.000469343345991381
chrM	15476	15476	0.0085133418043202
chrM	15477	15477	0.00122699386503067
chrM	15478	15478	0.00148116800677105
chrM	15479	15479	0.000253946755830194
chrM	15480	15480	0.00648885518055029
chrM	15481	15481	0.00223148499010568
chrM	15482	15482	0.0152193746371403
chrM	15483	15483	0.00973044594426732
chrM	15484	15484	0.00115822130299897
chrM	15485	15485	0.00103327133705311
chrM	15486	15486	0.000206611570247934
chrM	15487	15487	0.00107327141382869
chrM	15488	15488	0.00978986605497071
chrM	15489	15489	0.000573277097579952
chrM	15490	15490	0.000450229207596595
chrM	15491	15491	0.000245549416820135
chrM	15492	15492	0.00114491331370625
chrM	15493	15493	0.00228898426323319
chrM	15494	15494	0.00423418288412996
chrM	15495	15495	0.00332778702163062
chrM	15496	15496	0.000810997120960221
chrM	15497	15497	0.000689040207522698
chrM	15498	15498	0.000364830353885443
chrM	15499	15499	0.0017403270195888
chrM	15500	15500	0.000283538561244329
chrM	15501	15501	0.00290815090071896
chrM	15502	15502	0.00205595420462791
chrM	15503	15503	0
chrM	15504	15504	0
chrM	15505	15505	0.000525125222168363
chrM	15506	15506	0.000485201358563804
chrM	15507	15507	0
chrM	15508	15508	4.04612583451345e-05
chrM	15509	15509	0.00173688249787939
chrM	15510	15510	0.000123345119644766
chrM	15511	15511	0.000164460159526355
chrM	15512	15512	0.000123400929620336
chrM	15513	15513	0
chrM	15514	15514	4.1138719763041e-05
chrM	15515	15515	8.22977532713357e-05
chrM	15516	15516	0.00213552361396304
chrM	15517	15517	0.00114951966499713
chrM	15518	15518	4.10795711292774e-05
chrM	15519	15519	0.000534034424680606
chrM	15520	15520	0.000164331785875683
chrM	15521	15521	8.21591422585548e-05
chrM	15522	15522	0.00127289151679396
chrM	15523	15523	8.25286787158538e-05
chrM	15524	15524	4.12779658218443e-05
chrM	15525	15525	0.000866122246968572
chrM	15526	15526	0
chrM	15527	15527	0.00012453300124533
chrM	15528	15528	8.33229179685873e-05
chrM	15529	15529	0.000293095507264582
chrM	15530	15530	4.1997396161438e-05
chrM	15531	15531	0
chrM	15532	15532	4.23854533124232e-05
chrM	15533	15533	4.2704018448136e-05
chrM	15534	15534	4.2767941151313e-05
chrM	15535	15535	0.000213803130077824
chrM	15536	15536	0
chrM	15537	15537	4.28890032595642e-05
chrM	15538	15538	4.28982025653125e-05
chrM	15539	15539	0.000128921357971637
chrM	15540	15540	0
chrM	15541	15541	4.32619511139952e-05
chrM	15542	15542	0
chrM	15543	15543	4.33425797503467e-05
chrM	15544	15544	8.68093233213247e-05
chrM	15545	15545	8.68470189760736e-05
chrM	15546	15546	0.00350707991758362
chrM	15547	15547	0.000131717597471022
chrM	15548	15548	0.000220089796637028
chrM	15549	15549	0
chrM	15550	15550	0
chrM	15551	15551	0
chrM	15552	15552	4.5024763619991e-05
chrM	15553	15553	0.000135544210003163
chrM	15554	15554	0.000812897981303346
chrM	15555	15555	4.52100004521e-05
chrM	15556	15556	4.52837023955079e-05
chrM	15557	15557	0
chrM	15558	15558	9.56205775482884e-05
chrM	15559	15559	9.58037938302357e-05
chrM	15560	15560	9.58451142952988e-05
chrM	15561	15561	0
chrM	15562	15562	0
chrM	15563	15563	0
chrM	15564	15564	4.80630587330578e-05
chrM	15565	15565	0
chrM	15566	15566	0
chrM	15567	15567	9.65670416686785e-05
chrM	15568	15568	0
chrM	15569	15569	0
chrM	15570	15570	0
chrM	15571	15571	0
chrM	15572	15572	5.03803718071439e-05
chrM	15573	15573	0
chrM	15574	15574	0
chrM	15575	15575	0
chrM	15576	15576	0
chrM	15577	15577	0
chrM	15578	15578	0
chrM	15579	15579	0
chrM	15580	15580	5.23477987750615e-05
chrM	15581	15581	0
chrM	15582	15582	5.2578999947421e-05
chrM	15583	15583	0
chrM	15584	15584	0
chrM	15585	15585	0
chrM	15586	15586	0
chrM	15587	15587	0
chrM	15588	15588	0
chrM	15589	15589	5.43124049532913e-05
chrM	15590	15590	0
chrM	15591	15591	0
chrM	15592	15592	0
chrM	15593	15593	5.70548296913334e-05
chrM	15594	15594	0
chrM	15595	15595	0
chrM	15596	15596	0.000175736629371449
chrM	15597	15597	0
chrM	15598	15598	0
chrM	15599	15599	0
chrM	15600	15600	0
chrM	15601	15601	0
chrM	15602	15602	0
chrM	15603	15603	0
chrM	15604	15604	6.40820249919897e-05
chrM	15605	15605	0
chrM	15606	15606	6.43873543236108e-05
chrM	15607	15607	0
chrM	15608	15608	6.53936698927544e-05
chrM	15609	15609	0
chrM	15610	15610	0
chrM	15611	15611	7.01902154839615e-05
chrM	15612	15612	0
chrM	15613	15613	0
chrM	15614	15614	7.21656924298189e-05
chrM	15615	15615	7.2337962962963e-05
chrM	15616	15616	0
chrM	15617	15617	0
chrM	15618	15618	0.000225090036014406
chrM	15619	15619	0
chrM	15620	15620	0
chrM	15621	15621	0
chrM	15622	15622	0
chrM	15623	15623	0
chrM	15624	15624	0
chrM	15625	15625	0
chrM	15626	15626	0
chrM	15627	15627	0
chrM	15628	15628	0
chrM	15629	15629	0
chrM	15630	15630	0
chrM	15631	15631	0
chrM	15632	15632	0
chrM	15633	15633	0
chrM	15634	15634	9.16674305619214e-05
chrM	15635	15635	0
chrM	15636	15636	0
chrM	15637	15637	0
chrM	15638	15638	0
chrM	15639	15639	0.000195963158926122
chrM	15640	15640	0
chrM	15641	15641	0
chrM	15642	15642	0
chrM	15643	15643	0
chrM	15644	15644	0
chrM	15645	15645	0.000115647045217995
chrM	15646	15646	0
chrM	15647	15647	0
chrM	15648	15648	0
chrM	15649	15649	0
chrM	15650	15650	0
chrM	15651	15651	0
chrM	15652	15652	0
chrM	15653	15653	0
chrM	15654	15654	0
chrM	15655	15655	0
chrM	15656	15656	0.000493339911198816
chrM	15657	15657	0
chrM	15658	15658	0
chrM	15659	15659	0
chrM	15660	15660	0
chrM	15661	15661	0
chrM	15662	15662	0
chrM	15663	15663	0
chrM	15664	15664	0
chrM	15665	15665	0
chrM	15666	15666	0
chrM	15667	15667	0
chrM	15668	15668	0
chrM	15669	15669	0
chrM	15670	15670	0
chrM	15671	15671	0
chrM	15672	15672	0
chrM	15673	15673	0
chrM	15674	15674	0
chrM	15675	15675	0
chrM	15676	15676	0
chrM	15677	15677	0
chrM	15678	15678	0
chrM	15679	15679	0
chrM	15680	15680	0.00302114803625378
chrM	15681	15681	0
chrM	15682	15682	0
chrM	15683	15683	0
chrM	15684	15684	0.00302114803625378
chrM	15685	15685	0
chrM	15686	15686	0
chrM	15687	15687	0
chrM	15688	15688	0
chrM	15689	15689	0
chrM	15690	15690	0
chrM	15691	15691	0
chrM	15692	15692	0
chrM	15693	15693	0
chrM	15694	15694	0
chrM	15695	15695	0
chrM	15696	15696	0
chrM	15697	15697	0
chrM	15698	15698	0
chrM	15699	15699	0
chrM	15700	15700	0
chrM	15701	15701	0
chrM	15702	15702	0
chrM	15703	15703	0
chrM	15704	15704	0
chrM	15705	15705	0
chrM	15706	15706	0
chrM	15707	15707	0
chrM	15708	15708	0
chrM	15709	15709	0
chrM	15710	15710	0
chrM	15711	15711	0
chrM	15712	15712	0
chrM	15713	15713	0
chrM	15714	15714	0
chrM	15715	15715	0
chrM	15716	15716	0
chrM	15717	15717	0
chrM	15718	15718	0
chrM	15719	15719	0
chrM	15720	15720	0
chrM	15721	15721	0
chrM	15722	15722	0
chrM	15723	15723	0
chrM	15724	15724	0
chrM	15725	15725	0
chrM	15726	15726	0
chrM	15727	15727	0
chrM	15728	15728	0
chrM	15729	15729	0
chrM	15730	15730	0
chrM	15731	15731	0
chrM	15732	15732	0
chrM	15733	15733	0
chrM	15734	15734	0
chrM	15735	15735	0
chrM	15736	15736	0
chrM	15737	15737	0
chrM	15738	15738	0
chrM	15739	15739	0
chrM	15740	15740	0
chrM	15741	15741	0
chrM	15742	15742	0
chrM	15743	15743	0
chrM	15744	15744	0
chrM	15745	15745	0
chrM	15746	15746	0
chrM	15747	15747	0
chrM	15748	15748	0
chrM	15749	15749	0
chrM	15750	15750	0
chrM	15751	15751	0
chrM	15752	15752	0
chrM	15753	15753	0
chrM	15754	15754	0
chrM	15755	15755	0
chrM	15756	15756	0
chrM	15757	15757	0
chrM	15758	15758	0
chrM	15759	15759	0
chrM	15760	15760	0
chrM	15761	15761	0
chrM	15762	15762	0
chrM	15763	15763	0
chrM	15764	15764	0
chrM	15765	15765	0
chrM	15766	15766	0
chrM	15767	15767	0
chrM	15768	15768	0
chrM	15769	15769	0
chrM	15770	15770	0
chrM	15771	15771	0
chrM	15772	15772	0
chrM	15773	15773	0
chrM	15774	15774	0
chrM	15775	15775	0
chrM	15776	15776	0
chrM	15777	15777	0
chrM	15778	15778	0
chrM	15779	15779	0
chrM	15780	15780	0
chrM	15781	15781	0
chrM	15782	15782	0
chrM	15783	15783	0
chrM	15784	15784	0
chrM	15785	15785	0
chrM	15786	15786	0
chrM	15787	15787	0
chrM	15788	15788	0
chrM	15789	15789	0
chrM	15790	15790	0
chrM	15791	15791	0
chrM	15792	15792	0
chrM	15793	15793	0
chrM	15794	15794	0
chrM	15795	15795	0
chrM	15796	15796	0
chrM	15797	15797	0
chrM	15798	15798	0
chrM	15799	15799	0
chrM	15800	15800	0
chrM	15801	15801	0
chrM	15802	15802	0
chrM	15803	15803	0
chrM	15804	15804	0
chrM	15805	15805	0
chrM	15806	15806	0
chrM	15807	15807	0
chrM	15808	15808	0
chrM	15809	15809	0
chrM	15810	15810	0
chrM	15811	15811	0
chrM	15812	15812	0
chrM	15813	15813	0
chrM	15814	15814	0
chrM	15815	15815	0
chrM	15816	15816	0
chrM	15817	15817	0
chrM	15818	15818	0
chrM	15819	15819	0
chrM	15820	15820	0
chrM	15821	15821	0
chrM	15822	15822	0
chrM	15823	15823	0
chrM	15824	15824	0
chrM	15825	15825	0
chrM	15826	15826	0
chrM	15827	15827	0
chrM	15828	15828	0
chrM	15829	15829	0
chrM	15830	15830	0
chrM	15831	15831	0
chrM	15832	15832	0
chrM	15833	15833	0
chrM	15834	15834	0
chrM	15835	15835	0
chrM	15836	15836	0
chrM	15837	15837	0
chrM	15838	15838	0
chrM	15839	15839	0
chrM	15840	15840	0
chrM	15841	15841	0
chrM	15842	15842	0
chrM	15843	15843	0
chrM	15844	15844	0
chrM	15845	15845	0
chrM	15846	15846	0
chrM	15847	15847	0
chrM	15848	15848	0
chrM	15849	15849	0
chrM	15850	15850	0
chrM	15851	15851	0
chrM	15852	15852	0
chrM	15853	15853	0
chrM	15854	15854	0
chrM	15855	15855	0
chrM	15856	15856	0
chrM	15857	15857	0
chrM	15858	15858	0
chrM	15859	15859	0
chrM	15860	15860	0
chrM	15861	15861	0
chrM	15862	15862	0
chrM	15863	15863	0
chrM	15864	15864	0
chrM	15865	15865	0
chrM	15866	15866	0
chrM	15867	15867	0
chrM	15868	15868	0
chrM	15869	15869	0
chrM	15870	15870	0
chrM	15871	15871	0
chrM	15872	15872	0
chrM	15873	15873	0
chrM	15874	15874	0
chrM	15875	15875	0
chrM	15876	15876	0
chrM	15877	15877	0
chrM	15878	15878	0
chrM	15879	15879	0
chrM	15880	15880	0
chrM	15881	15881	0
chrM	15882	15882	0
chrM	15883	15883	0
chrM	15884	15884	0
chrM	15885	15885	0
chrM	15886	15886	0
chrM	15887	15887	0
chrM	15888	15888	0
chrM	15889	15889	0
chrM	15890	15890	0
chrM	15891	15891	0
chrM	15892	15892	0
chrM	15893	15893	0
chrM	15894	15894	0
chrM	15895	15895	0
chrM	15896	15896	0
chrM	15897	15897	0
chrM	15898	15898	0
chrM	15899	15899	0
chrM	15900	15900	0
chrM	15901	15901	0
chrM	15902	15902	0
chrM	15903	15903	0
chrM	15904	15904	0
chrM	15905	15905	0
chrM	15906	15906	0
chrM	15907	15907	0
chrM	15908	15908	0
chrM	15909	15909	0
chrM	15910	15910	0
chrM	15911	15911	0
chrM	15912	15912	0
chrM	15913	15913	0
chrM	15914	15914	0
chrM	15915	15915	0
chrM	15916	15916	0
chrM	15917	15917	0
chrM	15918	15918	0
chrM	15919	15919	0.00625
chrM	15920	15920	0
chrM	15921	15921	0
chrM	15922	15922	0
chrM	15923	15923	0
chrM	15924	15924	0
chrM	15925	15925	0
chrM	15926	15926	0
chrM	15927	15927	0
chrM	15928	15928	0
chrM	15929	15929	0
chrM	15930	15930	0
chrM	15931	15931	0
chrM	15932	15932	0
chrM	15933	15933	0
chrM	15934	15934	0
chrM	15935	15935	0
chrM	15936	15936	0
chrM	15937	15937	0
chrM	15938	15938	0
chrM	15939	15939	0
chrM	15940	15940	0
chrM	15941	15941	0
chrM	15942	15942	0
chrM	15943	15943	0
chrM	15944	15944	0
chrM	15945	15945	0
chrM	15946	15946	0
chrM	15947	15947	0
chrM	15948	15948	0
chrM	15949	15949	0.00636942675159236
chrM	15950	15950	0
chrM	15951	15951	0
chrM	15952	15952	0
chrM	15953	15953	0
chrM	15954	15954	0
chrM	15955	15955	0.00636942675159236
chrM	15956	15956	0
chrM	15957	15957	0
chrM	15958	15958	0
chrM	15959	15959	0
chrM	15960	15960	0
chrM	15961	15961	0
chrM	15962	15962	0
chrM	15963	15963	0
chrM	15964	15964	0
chrM	15965	15965	0.00645161290322581
chrM	15966	15966	0
chrM	15967	15967	0
chrM	15968	15968	0
chrM	15969	15969	0
chrM	15970	15970	0
chrM	15971	15971	0
chrM	15972	15972	0
chrM	15973	15973	0
chrM	15974	15974	0.00645161290322581
chrM	15975	15975	0
chrM	15976	15976	0
chrM	15977	15977	0
chrM	15978	15978	0
chrM	15979	15979	0.00649350649350649
chrM	15980	15980	0
chrM	15981	15981	0
chrM	15982	15982	0.0129032258064516
chrM	15983	15983	0
chrM	15984	15984	0.00641025641025641
chrM	15985	15985	0
chrM	15986	15986	0
chrM	15987	15987	0
chrM	15988	15988	0.031055900621118
chrM	15989	15989	0
chrM	15990	15990	0.00617283950617284
chrM	15991	15991	0.00613496932515337
chrM	15992	15992	0
chrM	15993	15993	0
chrM	15994	15994	0
chrM	15995	15995	0
chrM	15996	15996	0
chrM	15997	15997	0
chrM	15998	15998	0
chrM	15999	15999	0
chrM	16000	16000	0.00617283950617284
chrM	16001	16001	0
chrM	16002	16002	0.00613496932515337
chrM	16003	16003	0
chrM	16004	16004	0.00625
chrM	16005	16005	0
chrM	16006	16006	0
chrM	16007	16007	0
chrM	16008	16008	0
chrM	16009	16009	0.00680272108843537
chrM	16010	16010	0
chrM	16011	16011	0
chrM	16012	16012	0
chrM	16013	16013	0
chrM	16014	16014	0.00680272108843537
chrM	16015	16015	0
chrM	16016	16016	0
chrM	16017	16017	0
chrM	16018	16018	0
chrM	16019	16019	0
chrM	16020	16020	0.00699300699300699
chrM	16021	16021	0
chrM	16022	16022	0
chrM	16023	16023	0
chrM	16024	16024	0
chrM	16025	16025	0
chrM	16026	16026	0
chrM	16027	16027	0
chrM	16028	16028	0
chrM	16029	16029	0.00694444444444444
chrM	16030	16030	0.00689655172413793
chrM	16031	16031	0
chrM	16032	16032	0
chrM	16033	16033	0.00684931506849315
chrM	16034	16034	0
chrM	16035	16035	0
chrM	16036	16036	0
chrM	16037	16037	0
chrM	16038	16038	0
chrM	16039	16039	0
chrM	16040	16040	0
chrM	16041	16041	0
chrM	16042	16042	0
chrM	16043	16043	0
chrM	16044	16044	0
chrM	16045	16045	0
chrM	16046	16046	0.00680272108843537
chrM	16047	16047	0
chrM	16048	16048	0
chrM	16049	16049	0
chrM	16050	16050	0
chrM	16051	16051	0
chrM	16052	16052	0
chrM	16053	16053	0
chrM	16054	16054	0
chrM	16055	16055	0
chrM	16056	16056	0
chrM	16057	16057	0
chrM	16058	16058	0
chrM	16059	16059	0
chrM	16060	16060	0
chrM	16061	16061	0
chrM	16062	16062	0
chrM	16063	16063	0
chrM	16064	16064	0
chrM	16065	16065	0.00709219858156028
chrM	16066	16066	0
chrM	16067	16067	0
chrM	16068	16068	0
chrM	16069	16069	0
chrM	16070	16070	0
chrM	16071	16071	0
chrM	16072	16072	0.013986013986014
chrM	16073	16073	0
chrM	16074	16074	0
chrM	16075	16075	0.0592105263157895
chrM	16076	16076	0.0318471337579618
chrM	16077	16077	0.0125786163522013
chrM	16078	16078	0.00628930817610063
chrM	16079	16079	0
chrM	16080	16080	0.00625
chrM	16081	16081	0.0062111801242236
chrM	16082	16082	0.0182926829268293
chrM	16083	16083	0
chrM	16084	16084	0
chrM	16085	16085	0.0574712643678161
chrM	16086	16086	0.0279329608938547
chrM	16087	16087	0.0111111111111111
chrM	16088	16088	0
chrM	16089	16089	0
chrM	16090	16090	0
chrM	16091	16091	0
chrM	16092	16092	0
chrM	16093	16093	0
chrM	16094	16094	0
chrM	16095	16095	0
chrM	16096	16096	0
chrM	16097	16097	0
chrM	16098	16098	0
chrM	16099	16099	0
chrM	16100	16100	0
chrM	16101	16101	0
chrM	16102	16102	0.0112994350282486
chrM	16103	16103	0
chrM	16104	16104	0
chrM	16105	16105	0
chrM	16106	16106	0
chrM	16107	16107	0
chrM	16108	16108	0
chrM	16109	16109	0
chrM	16110	16110	0
chrM	16111	16111	0
chrM	16112	16112	0
chrM	16113	16113	0
chrM	16114	16114	0
chrM	16115	16115	0.0168539325842697
chrM	16116	16116	0
chrM	16117	16117	0
chrM	16118	16118	0
chrM	16119	16119	0
chrM	16120	16120	0
chrM	16121	16121	0
chrM	16122	16122	0
chrM	16123	16123	0
chrM	16124	16124	0.00561797752808989
chrM	16125	16125	0
chrM	16126	16126	0
chrM	16127	16127	0
chrM	16128	16128	0
chrM	16129	16129	0.00561797752808989
chrM	16130	16130	0.00558659217877095
chrM	16131	16131	0
chrM	16132	16132	0
chrM	16133	16133	0
chrM	16134	16134	0
chrM	16135	16135	0
chrM	16136	16136	0
chrM	16137	16137	0.00555555555555556
chrM	16138	16138	0
chrM	16139	16139	0
chrM	16140	16140	0
chrM	16141	16141	0
chrM	16142	16142	0
chrM	16143	16143	0
chrM	16144	16144	0.00552486187845304
chrM	16145	16145	0.0109289617486339
chrM	16146	16146	0
chrM	16147	16147	0
chrM	16148	16148	0
chrM	16149	16149	0
chrM	16150	16150	0
chrM	16151	16151	0
chrM	16152	16152	0.00549450549450549
chrM	16153	16153	0
chrM	16154	16154	0
chrM	16155	16155	0
chrM	16156	16156	0
chrM	16157	16157	0
chrM	16158	16158	0
chrM	16159	16159	0
chrM	16160	16160	0
chrM	16161	16161	0
chrM	16162	16162	0.00555555555555556
chrM	16163	16163	0
chrM	16164	16164	0
chrM	16165	16165	0
chrM	16166	16166	0
chrM	16167	16167	0
chrM	16168	16168	0
chrM	16169	16169	0.0222222222222222
chrM	16170	16170	0
chrM	16171	16171	0
chrM	16172	16172	0
chrM	16173	16173	0.0166666666666667
chrM	16174	16174	0
chrM	16175	16175	0
chrM	16176	16176	0
chrM	16177	16177	0.00555555555555556
chrM	16178	16178	0
chrM	16179	16179	0
chrM	16180	16180	0
chrM	16181	16181	0
chrM	16182	16182	0
chrM	16183	16183	0
chrM	16184	16184	0
chrM	16185	16185	0
chrM	16186	16186	0
chrM	16187	16187	0.00588235294117647
chrM	16188	16188	0
chrM	16189	16189	0
chrM	16190	16190	0
chrM	16191	16191	0
chrM	16192	16192	0
chrM	16193	16193	0
chrM	16194	16194	0
chrM	16195	16195	0
chrM	16196	16196	0.00602409638554217
chrM	16197	16197	0.00602409638554217
chrM	16198	16198	0.0119047619047619
chrM	16199	16199	0.00602409638554217
chrM	16200	16200	0
chrM	16201	16201	0.0236686390532544
chrM	16202	16202	0
chrM	16203	16203	0.0119760479041916
chrM	16204	16204	0
chrM	16205	16205	0.00595238095238095
chrM	16206	16206	0
chrM	16207	16207	0
chrM	16208	16208	0
chrM	16209	16209	0
chrM	16210	16210	0.00628930817610063
chrM	16211	16211	0
chrM	16212	16212	0
chrM	16213	16213	0.0124223602484472
chrM	16214	16214	0
chrM	16215	16215	0
chrM	16216	16216	0
chrM	16217	16217	0
chrM	16218	16218	0
chrM	16219	16219	0
chrM	16220	16220	0
chrM	16221	16221	0.0065359477124183
chrM	16222	16222	0.00649350649350649
chrM	16223	16223	0
chrM	16224	16224	0
chrM	16225	16225	0
chrM	16226	16226	0
chrM	16227	16227	0
chrM	16228	16228	0
chrM	16229	16229	0.00689655172413793
chrM	16230	16230	0
chrM	16231	16231	0
chrM	16232	16232	0
chrM	16233	16233	0
chrM	16234	16234	0
chrM	16235	16235	0
chrM	16236	16236	0
chrM	16237	16237	0
chrM	16238	16238	0
chrM	16239	16239	0
chrM	16240	16240	0
chrM	16241	16241	0.00714285714285714
chrM	16242	16242	0
chrM	16243	16243	0
chrM	16244	16244	0
chrM	16245	16245	0
chrM	16246	16246	0
chrM	16247	16247	0.00714285714285714
chrM	16248	16248	0
chrM	16249	16249	0
chrM	16250	16250	0
chrM	16251	16251	0
chrM	16252	16252	0
chrM	16253	16253	0
chrM	16254	16254	0
chrM	16255	16255	0
chrM	16256	16256	0
chrM	16257	16257	0
chrM	16258	16258	0
chrM	16259	16259	0
chrM	16260	16260	0
chrM	16261	16261	0.00719424460431655
chrM	16262	16262	0
chrM	16263	16263	0.00714285714285714
chrM	16264	16264	0
chrM	16265	16265	0
chrM	16266	16266	0
chrM	16267	16267	0
chrM	16268	16268	0
chrM	16269	16269	0
chrM	16270	16270	0
chrM	16271	16271	0
chrM	16272	16272	0
chrM	16273	16273	0
chrM	16274	16274	0
chrM	16275	16275	0
chrM	16276	16276	0
chrM	16277	16277	0
chrM	16278	16278	0
chrM	16279	16279	0
chrM	16280	16280	0
chrM	16281	16281	0
chrM	16282	16282	0
chrM	16283	16283	0
chrM	16284	16284	0
chrM	16285	16285	0
chrM	16286	16286	0
chrM	16287	16287	0
chrM	16288	16288	0.00763358778625954
chrM	16289	16289	0
chrM	16290	16290	0
chrM	16291	16291	0
chrM	16292	16292	0
chrM	16293	16293	0
chrM	16294	16294	0
chrM	16295	16295	0
chrM	16296	16296	0
chrM	16297	16297	0
chrM	16298	16298	0
chrM	16299	16299	0
chrM	16300	16300	0
chrM	16301	16301	0
chrM	16302	16302	0
chrM	16303	16303	0
chrM	16304	16304	0
chrM	16305	16305	0
chrM	16306	16306	0
chrM	16307	16307	0
chrM	16308	16308	0
chrM	16309	16309	0
chrM	16310	16310	0
chrM	16311	16311	0
chrM	16312	16312	0
chrM	16313	16313	0
chrM	16314	16314	0
chrM	16315	16315	0
chrM	16316	16316	0
chrM	16317	16317	0
chrM	16318	16318	0
chrM	16319	16319	0
chrM	16320	16320	0
chrM	16321	16321	0
chrM	16322	16322	0
chrM	16323	16323	0
chrM	16324	16324	0
chrM	16325	16325	0
chrM	16326	16326	0
chrM	16327	16327	0
chrM	16328	16328	0
chrM	16329	16329	0
chrM	16330	16330	0
chrM	16331	16331	0
chrM	16332	16332	0
chrM	16333	16333	0
chrM	16334	16334	0
chrM	16335	16335	0
chrM	16336	16336	0
chrM	16337	16337	0
chrM	16338	16338	0
chrM	16339	16339	0
chrM	16340	16340	0
chrM	16341	16341	0
chrM	16342	16342	0
chrM	16343	16343	0
chrM	16344	16344	0
chrM	16345	16345	0
chrM	16346	16346	0
chrM	16347	16347	0
chrM	16348	16348	0
chrM	16349	16349	0
chrM	16350	16350	0
chrM	16351	16351	0
chrM	16352	16352	0
chrM	16353	16353	0
chrM	16354	16354	0
chrM	16355	16355	0
chrM	16356	16356	0
chrM	16357	16357	0
chrM	16358	16358	0
chrM	16359	16359	0
chrM	16360	16360	0
chrM	16361	16361	0
chrM	16362	16362	0
chrM	16363	16363	0
chrM	16364	16364	0
chrM	16365	16365	0
chrM	16366	16366	0
chrM	16367	16367	0
chrM	16368	16368	0
chrM	16369	16369	0
chrM	16370	16370	0
chrM	16371	16371	0
chrM	16372	16372	0
chrM	16373	16373	0
chrM	16374	16374	0
chrM	16375	16375	0
chrM	16376	16376	0
chrM	16377	16377	0
chrM	16378	16378	0
chrM	16379	16379	0
chrM	16380	16380	0
chrM	16381	16381	0
chrM	16382	16382	0
chrM	16383	16383	0
chrM	16384	16384	0
chrM	16385	16385	0
chrM	16386	16386	0
chrM	16387	16387	0
chrM	16388	16388	0
chrM	16389	16389	0
chrM	16390	16390	0
chrM	16391	16391	0
chrM	16392	16392	0
chrM	16393	16393	0
chrM	16394	16394	0
chrM	16395	16395	0
chrM	16396	16396	0
chrM	16397	16397	0
chrM	16398	16398	0
chrM	16399	16399	0
chrM	16400	16400	0
chrM	16401	16401	0
chrM	16402	16402	0
chrM	16403	16403	0
chrM	16404	16404	0
chrM	16405	16405	0
chrM	16406	16406	0
chrM	16407	16407	0
chrM	16408	16408	0
chrM	16409	16409	0
chrM	16410	16410	0
chrM	16411	16411	0
chrM	16412	16412	0
chrM	16413	16413	0
chrM	16414	16414	0
chrM	16415	16415	0
chrM	16416	16416	0
chrM	16417	16417	0
chrM	16418	16418	0
chrM	16419	16419	0
chrM	16420	16420	0
chrM	16421	16421	0
chrM	16422	16422	0
chrM	16423	16423	0
chrM	16424	16424	0
chrM	16425	16425	0
chrM	16426	16426	0
chrM	16427	16427	0
chrM	16428	16428	0
chrM	16429	16429	0
chrM	16430	16430	0
chrM	16431	16431	0
chrM	16432	16432	0
chrM	16433	16433	0
chrM	16434	16434	0
chrM	16435	16435	0
chrM	16436	16436	0
chrM	16437	16437	0
chrM	16438	16438	0
chrM	16439	16439	0
chrM	16440	16440	0
chrM	16441	16441	0
chrM	16442	16442	0
chrM	16443	16443	0
chrM	16444	16444	0
chrM	16445	16445	0
chrM	16446	16446	0
chrM	16447	16447	0
chrM	16448	16448	0
chrM	16449	16449	0
chrM	16450	16450	0
chrM	16451	16451	0
chrM	16452	16452	0
chrM	16453	16453	0
chrM	16454	16454	0
chrM	16455	16455	0
chrM	16456	16456	0
chrM	16457	16457	0
chrM	16458	16458	0
chrM	16459	16459	0
chrM	16460	16460	0
chrM	16461	16461	0
chrM	16462	16462	0
chrM	16463	16463	0
chrM	16464	16464	0
chrM	16465	16465	0
