chrM	1	2	0.111111111111111
chrM	2	3	0.1
chrM	3	4	0.0909090909090909
chrM	4	5	0.676470588235294
chrM	5	6	0
chrM	6	7	0
chrM	7	8	0.0285714285714286
chrM	8	9	0.0540540540540541
chrM	9	10	0.0263157894736842
chrM	10	11	0.0256410256410256
chrM	11	12	0
chrM	12	13	0
chrM	13	14	0.025
chrM	14	15	0
chrM	15	16	0.024390243902439
chrM	16	17	0
chrM	17	18	0
chrM	18	19	0.0238095238095238
chrM	19	20	0
chrM	20	21	0
chrM	21	22	0
chrM	22	23	0.0869565217391304
chrM	23	24	0
chrM	24	25	0
chrM	25	26	0
chrM	26	27	0
chrM	27	28	0
chrM	28	29	0.0416666666666667
chrM	29	30	0
chrM	30	31	0
chrM	31	32	0.0204081632653061
chrM	32	33	0
chrM	33	34	0
chrM	34	35	0
chrM	35	36	0
chrM	36	37	0.02
chrM	37	38	0
chrM	38	39	0
chrM	39	40	0
chrM	40	41	0.0384615384615385
chrM	41	42	0
chrM	42	43	0.0188679245283019
chrM	43	44	0.0185185185185185
chrM	44	45	0.0181818181818182
chrM	45	46	0
chrM	46	47	0
chrM	47	48	0
chrM	48	49	0
chrM	49	50	0
chrM	50	51	0
chrM	51	52	0.0178571428571429
chrM	52	53	0
chrM	53	54	0
chrM	54	55	0
chrM	55	56	0
chrM	56	57	0.0344827586206897
chrM	57	58	0
chrM	58	59	0
chrM	59	60	0
chrM	60	61	0
chrM	61	62	0
chrM	62	63	0.0333333333333333
chrM	63	64	0
chrM	64	65	0.032258064516129
chrM	65	66	0
chrM	66	67	0
chrM	67	68	0
chrM	68	69	0
chrM	69	70	0
chrM	70	71	0
chrM	71	72	0
chrM	72	73	0
chrM	73	74	0
chrM	74	75	0.03125
chrM	75	76	0.0447761194029851
chrM	76	77	0
chrM	77	78	0
chrM	78	79	0
chrM	79	80	0
chrM	80	81	0
chrM	81	82	0
chrM	82	83	0
chrM	83	84	0
chrM	84	85	0
chrM	85	86	0
chrM	86	87	0
chrM	87	88	0
chrM	88	89	0
chrM	89	90	0
chrM	90	91	0
chrM	91	92	0
chrM	92	93	0
chrM	93	94	0.0147058823529412
chrM	94	95	0
chrM	95	96	0
chrM	96	97	0
chrM	97	98	0
chrM	98	99	0
chrM	99	100	0
chrM	100	101	0.0285714285714286
chrM	101	102	0.0140845070422535
chrM	102	103	0
chrM	103	104	0
chrM	104	105	0
chrM	105	106	0.0273972602739726
chrM	106	107	0.0266666666666667
chrM	107	108	0
chrM	108	109	0
chrM	109	110	0
chrM	110	111	0
chrM	111	112	0
chrM	112	113	0
chrM	113	114	0
chrM	114	115	0.0131578947368421
chrM	115	116	0
chrM	116	117	0
chrM	117	118	0
chrM	118	119	0
chrM	119	120	0
chrM	120	121	0
chrM	121	122	0
chrM	122	123	0.012987012987013
chrM	123	124	0.0253164556962025
chrM	124	125	0
chrM	125	126	0
chrM	126	127	0
chrM	127	128	0.0125
chrM	128	129	0.0123456790123457
chrM	129	130	0
chrM	130	131	0
chrM	131	132	0
chrM	132	133	0
chrM	133	134	0
chrM	134	135	0.0121951219512195
chrM	135	136	0.0120481927710843
chrM	136	137	0
chrM	137	138	0.0240963855421687
chrM	138	139	0.0357142857142857
chrM	139	140	0
chrM	140	141	0.0119047619047619
chrM	141	142	0.0235294117647059
chrM	142	143	0.0449438202247191
chrM	143	144	0.0111111111111111
chrM	144	145	0.0816326530612245
chrM	145	146	0.0101010101010101
chrM	146	147	0
chrM	147	148	0.01
chrM	148	149	0.0099009900990099
chrM	149	150	0
chrM	150	151	0.00980392156862745
chrM	151	152	0
chrM	152	153	0.0377358490566038
chrM	153	154	0
chrM	154	155	0
chrM	155	156	0.00934579439252336
chrM	156	157	0
chrM	157	158	0
chrM	158	159	0.018348623853211
chrM	159	160	0.0181818181818182
chrM	160	161	0
chrM	161	162	0
chrM	162	163	0.0353982300884956
chrM	163	164	0.0087719298245614
chrM	164	165	0.0087719298245614
chrM	165	166	0.0504201680672269
chrM	166	167	0.0916030534351145
chrM	167	168	0.0150375939849624
chrM	168	169	0.0763888888888889
chrM	169	170	0
chrM	170	171	0.0588235294117647
chrM	171	172	0.012987012987013
chrM	172	173	0.00649350649350649
chrM	173	174	0.00645161290322581
chrM	174	175	0.00641025641025641
chrM	175	176	0
chrM	176	177	0
chrM	177	178	0
chrM	178	179	0.037037037037037
chrM	179	180	0.0240963855421687
chrM	180	181	0.0568181818181818
chrM	181	182	0.0222222222222222
chrM	182	183	0
chrM	183	184	0.00552486187845304
chrM	184	185	0.0110497237569061
chrM	185	186	0
chrM	186	187	0.00558659217877095
chrM	187	188	0
chrM	188	189	0
chrM	189	190	0.0918367346938776
chrM	190	191	0
chrM	191	192	0.24124513618677
chrM	192	193	0
chrM	193	194	0.0303030303030303
chrM	194	195	0.0112359550561798
chrM	195	196	0.0185873605947955
chrM	196	197	0.00746268656716418
chrM	197	198	0
chrM	198	199	0.00740740740740741
chrM	199	200	0.00735294117647059
chrM	200	201	0
chrM	201	202	0.0180505415162455
chrM	202	203	0.0740740740740741
chrM	203	204	0.0895061728395062
chrM	204	205	0.0151975683890578
chrM	205	206	0.00303030303030303
chrM	206	207	0
chrM	207	208	0.00302114803625378
chrM	208	209	0.0207100591715976
chrM	209	210	0.0174418604651163
chrM	210	211	0.0114942528735632
chrM	211	212	0.00571428571428571
chrM	212	213	0
chrM	213	214	0
chrM	214	215	0.0437158469945355
chrM	215	216	0.0962962962962963
chrM	216	217	0.00491400491400491
chrM	217	218	0
chrM	218	219	0.00488997555012225
chrM	219	220	0.0238663484486874
chrM	220	221	0.066815144766147
chrM	221	222	0.00222222222222222
chrM	222	223	0
chrM	223	224	0.00221729490022173
chrM	224	225	0.0152838427947598
chrM	225	226	0.0213675213675214
chrM	226	227	0.0330578512396694
chrM	227	228	0.00206611570247934
chrM	228	229	0
chrM	229	230	0.00206611570247934
chrM	230	231	0.00206611570247934
chrM	231	232	0.034
chrM	232	233	0.00398406374501992
chrM	233	234	0.00594059405940594
chrM	234	235	0
chrM	235	236	0
chrM	236	237	0.0118577075098814
chrM	237	238	0.00988142292490119
chrM	238	239	0.00980392156862745
chrM	239	240	0.00196463654223969
chrM	240	241	0
chrM	241	242	0
chrM	242	243	0.0155339805825243
chrM	243	244	0.00387596899224806
chrM	244	245	0.00386100386100386
chrM	245	246	0
chrM	246	247	0
chrM	247	248	0.00766283524904215
chrM	248	249	0.00383141762452107
chrM	249	250	0.00954198473282443
chrM	250	251	0.00380952380952381
chrM	251	252	0.00379506641366224
chrM	252	253	0.0721830985915493
chrM	253	254	0.0517529215358932
chrM	254	255	0.0324675324675325
chrM	255	256	0.00648298217179903
chrM	256	257	0.0237717908082409
chrM	257	258	0.108910891089109
chrM	258	259	0.077023498694517
chrM	259	260	0.00390625
chrM	260	261	0.0038961038961039
chrM	261	262	0.0166240409207161
chrM	262	263	0.0612980769230769
chrM	263	264	0.0132052821128451
chrM	264	265	0.0190930787589499
chrM	265	266	0.00830367734282325
chrM	266	267	0.00118623962040332
chrM	267	268	0.00355450236966825
chrM	268	269	0.0507328072153326
chrM	269	270	0.0359085963003264
chrM	270	271	0.104390243902439
chrM	271	272	0.120171673819742
chrM	272	273	0.0590137429264349
chrM	273	274	0.0104166666666667
chrM	274	275	0.00240577385725742
chrM	275	276	0.0273651290070367
chrM	276	277	0.00545171339563863
chrM	277	278	0
chrM	278	279	0.00543056633048875
chrM	279	280	0.00769822940723634
chrM	280	281	0.00612557427258806
chrM	281	282	0.0347633136094675
chrM	282	283	0.00295639320029564
chrM	283	284	0
chrM	284	285	0.00296296296296296
chrM	285	286	0
chrM	286	287	0.000742942050520059
chrM	287	288	0.00148698884758364
chrM	288	289	0.00222882615156018
chrM	289	290	0
chrM	290	291	0
chrM	291	292	0.0274566473988439
chrM	292	293	0.000722543352601156
chrM	293	294	0
chrM	294	295	0
chrM	295	296	0
chrM	296	297	0
chrM	297	298	0
chrM	298	299	0.0114367405289492
chrM	299	300	0.005
chrM	300	301	0.000716845878136201
chrM	301	302	0.00143163922691482
chrM	302	303	0
chrM	303	304	0
chrM	304	305	0.000715819613457409
chrM	305	306	0.00143266475644699
chrM	306	307	0
chrM	307	308	0.00286944045911047
chrM	308	309	0.00359712230215827
chrM	309	310	0.00216450216450216
chrM	310	311	0.00361271676300578
chrM	311	312	0
chrM	312	313	0
chrM	313	314	0.00434782608695652
chrM	314	315	0
chrM	315	316	0
chrM	316	317	0.00871459694989107
chrM	317	318	0.000730994152046784
chrM	318	319	0.00219298245614035
chrM	319	320	0.000732064421669107
chrM	320	321	0.00585223116313094
chrM	321	322	0.00588235294117647
chrM	322	323	0
chrM	323	324	0.000739644970414201
chrM	324	325	0.00222057735011103
chrM	325	326	0.0022238695329874
chrM	326	327	0.00590405904059041
chrM	327	328	0.00147383935151069
chrM	328	329	0.00367376928728876
chrM	329	330	0.000734753857457752
chrM	330	331	0.00293255131964809
chrM	331	332	0.00366837857666911
chrM	332	333	0.00368188512518409
chrM	333	334	0.0431400282885431
chrM	334	335	0.00282485875706215
chrM	335	336	0.0063514467184192
chrM	336	337	0.00212464589235127
chrM	337	338	0.000709219858156028
chrM	338	339	0.00283687943262411
chrM	339	340	0.000710732054015636
chrM	340	341	0.00284090909090909
chrM	341	342	0
chrM	342	343	0
chrM	343	344	0
chrM	344	345	0
chrM	345	346	0.00142247510668563
chrM	346	347	0.000711743772241993
chrM	347	348	0
chrM	348	349	0.000711237553342817
chrM	349	350	0.000710732054015636
chrM	350	351	0
chrM	351	352	0.0077574047954866
chrM	352	353	0.0176180408738548
chrM	353	354	0
chrM	354	355	0
chrM	355	356	0.000716332378223496
chrM	356	357	0.00286532951289398
chrM	357	358	0.00646551724137931
chrM	358	359	0
chrM	359	360	0.00361532899493854
chrM	360	361	0.000725163161711385
chrM	361	362	0.00144927536231884
chrM	362	363	0.00435097897026831
chrM	363	364	0.000727802037845706
chrM	364	365	0.00145560407569141
chrM	365	366	0.00728862973760933
chrM	366	367	0
chrM	367	368	0.00880410858400587
chrM	368	369	0.0170118343195266
chrM	369	370	0.00600150037509377
chrM	370	371	0.00599250936329588
chrM	371	372	0.000750187546886722
chrM	372	373	0.024024024024024
chrM	373	374	0.0176245210727969
chrM	374	375	0.000777000777000777
chrM	375	376	0.0108108108108108
chrM	376	377	0.00542635658914729
chrM	377	378	0.00155884645362432
chrM	378	379	0.00233826968043648
chrM	379	380	0.0179407176287051
chrM	380	381	0.020488573680063
chrM	381	382	0.00714285714285714
chrM	382	383	0.00396825396825397
chrM	383	384	0.00396196513470681
chrM	384	385	0.000792393026941363
chrM	385	386	0.01640625
chrM	386	387	0.00234375
chrM	387	388	0.00234558248631744
chrM	388	389	0.00156617071260767
chrM	389	390	0.000783699059561128
chrM	390	391	0.0170278637770898
chrM	391	392	0.0302091402013943
chrM	392	393	0.0158227848101266
chrM	393	394	0.00239043824701195
chrM	394	395	0.0257410296411856
chrM	395	396	0.0377928949357521
chrM	396	397	0.0659107016300496
chrM	397	398	0.0242382271468144
chrM	398	399	0.00482425913163336
chrM	399	400	0.0199724517906336
chrM	400	401	0.00559049615653389
chrM	401	402	0.0491913746630728
chrM	402	403	0.00748808713410483
chrM	403	404	0.0355466130114017
chrM	404	405	0.000681198910081744
chrM	405	406	0.0673443456162643
chrM	406	407	0.00505689001264223
chrM	407	408	0.00503778337531486
chrM	408	409	0.000630517023959647
chrM	409	410	0.0323565323565324
chrM	410	411	0.0186298076923077
chrM	411	412	0.0195845697329377
chrM	412	413	0.0111962286387743
chrM	413	414	0.00824014125956445
chrM	414	415	0.00177725118483412
chrM	415	416	0.00941176470588235
chrM	416	417	0.0105140186915888
chrM	417	418	0.00292226767971946
chrM	418	419	0.000584795321637427
chrM	419	420	0.00350877192982456
chrM	420	421	0.00175849941383353
chrM	421	422	0.00234466588511137
chrM	422	423	0.0146799765120376
chrM	423	424	0.00536352800953516
chrM	424	425	0.00655151876116736
chrM	425	426	0.030635838150289
chrM	426	427	0.00346620450606586
chrM	427	428	0.000578703703703704
chrM	428	429	0.00231481481481481
chrM	429	430	0.00404624277456647
chrM	430	431	0.00403690888119954
chrM	431	432	0.00688073394495413
chrM	432	433	0.0102564102564103
chrM	433	434	0.00114285714285714
chrM	434	435	0.000571428571428571
chrM	435	436	0.00681431005110733
chrM	436	437	0.0119115144639818
chrM	437	438	0.0011454753722795
chrM	438	439	0.0118845500848896
chrM	439	440	0.00225988700564972
chrM	440	441	0.00620067643742954
chrM	441	442	0.00226244343891403
chrM	442	443	0.00396600566572238
chrM	443	444	0.0117977528089888
chrM	444	445	0.00392596747055524
chrM	445	446	0.00112359550561798
chrM	446	447	0.00224466891133558
chrM	447	448	0.00449185850645705
chrM	448	449	0.00112803158488438
chrM	449	450	0.00282167042889391
chrM	450	451	0.0260033917467496
chrM	451	452	0.00520231213872832
chrM	452	453	0.000578703703703704
chrM	453	454	0.00115673799884326
chrM	454	455	0.00347021399652979
chrM	455	456	0.00580046403712297
chrM	456	457	0.0178263369752731
chrM	457	458	0.00687679083094556
chrM	458	459	0.00171919770773639
chrM	459	460	0
chrM	460	461	0.00631458094144661
chrM	461	462	0.00173310225303293
chrM	462	463	0.011441647597254
chrM	463	464	0.0306296086216676
chrM	464	465	0.000579710144927536
chrM	465	466	0.000579710144927536
chrM	466	467	0.00520231213872832
chrM	467	468	0.00748847926267281
chrM	468	469	0.0121037463976945
chrM	469	470	0.0261627906976744
chrM	470	471	0.0083382966051221
chrM	471	472	0.00300120048019208
chrM	472	473	0.00420168067226891
chrM	473	474	0.055122828040743
chrM	474	475	0.014520202020202
chrM	475	476	0.00573979591836735
chrM	476	477	0.00383631713554987
chrM	477	478	0.00192184497117233
chrM	478	479	0.00829081632653061
chrM	479	480	0.00639795265515035
chrM	480	481	0.076271186440678
chrM	481	482	0.00184615384615385
chrM	482	483	0.00061576354679803
chrM	483	484	0.00429711479435236
chrM	484	485	0.0098340503995083
chrM	485	486	0.0651920838183935
chrM	486	487	0.0087514585764294
chrM	487	488	0.00293599530240752
chrM	488	489	0.00351699882766706
chrM	489	490	0.00117164616285882
chrM	490	491	0.00929692039511912
chrM	491	492	0.00522648083623693
chrM	492	493	0.00291375291375291
chrM	493	494	0
chrM	494	495	0.00175336060783168
chrM	495	496	0.00870574579222287
chrM	496	497	0.00638421358096344
chrM	497	498	0.00233372228704784
chrM	498	499	0.000583771161704612
chrM	499	500	0.00982658959537572
chrM	500	501	0.00517538815411156
chrM	501	502	0.00287521564117309
chrM	502	503	0.00173010380622837
chrM	503	504	0.00230813618003462
chrM	504	505	0.00747126436781609
chrM	505	506	0.00458715596330275
chrM	506	507	0.00514285714285714
chrM	507	508	0.00228963938179737
chrM	508	509	0.00172018348623853
chrM	509	510	0
chrM	510	511	0.00513992004568818
chrM	511	512	0.0245433789954338
chrM	512	513	0
chrM	513	514	0.00116959064327485
chrM	514	515	0
chrM	515	516	0.00234055002925688
chrM	516	517	0.00175849941383353
chrM	517	518	0.00759345794392523
chrM	518	519	0.00117096018735363
chrM	519	520	0.00175541252194266
chrM	520	521	0.00175336060783168
chrM	521	522	0.000584795321637427
chrM	522	523	0.0168899242865463
chrM	523	524	0.00117924528301887
chrM	524	525	0.0023598820058997
chrM	525	526	0.00118063754427391
chrM	526	527	0.00646678424456202
chrM	527	528	0.0185185185185185
chrM	528	529	0.0170745589072282
chrM	529	530	0.0123664980326026
chrM	530	531	0.00838457238680827
chrM	531	532	0.00557413600891862
chrM	532	533	0.00166944908180301
chrM	533	534	0.00388457269700333
chrM	534	535	0.00332409972299169
chrM	535	536	0.0393351800554017
chrM	536	537	0.00230414746543779
chrM	537	538	0.00346220427005193
chrM	538	539	0.00810654313839027
chrM	539	540	0.00700525394045534
chrM	540	541	0
chrM	541	542	0
chrM	542	543	0.000587544065804935
chrM	543	544	0.00117439812096301
chrM	544	545	0
chrM	545	546	0
chrM	546	547	0.0669226549643445
chrM	547	548	0.00603400987383434
chrM	548	549	0.000551267916207277
chrM	549	550	0.00165289256198347
chrM	550	551	0.00110314396028682
chrM	551	552	0.0011037527593819
chrM	552	553	0.00330578512396694
chrM	553	554	0.0033003300330033
chrM	554	555	0
chrM	555	556	0.00383982446516731
chrM	556	557	0.0272290443139349
chrM	557	558	0.00479744136460554
chrM	558	559	0.00160170848905499
chrM	559	560	0.00531914893617021
chrM	560	561	0.00635256749602965
chrM	561	562	0.0699507389162562
chrM	562	563	0.0102439024390244
chrM	563	564	0.0144300144300144
chrM	564	565	0.010989010989011
chrM	565	566	0.00239234449760766
chrM	566	567	0.00902612826603325
chrM	567	568	0.0184571699006152
chrM	568	569	0.0444342647732478
chrM	569	570	0.00365130077590141
chrM	570	571	0.00136736554238833
chrM	571	572	0.00318326512050932
chrM	572	573	0.0595034246575342
chrM	573	574	0.0319502074688797
chrM	574	575	0.00906095551894563
chrM	575	576	0.0045137464095199
chrM	576	577	0.00245901639344262
chrM	577	578	0.0414691943127962
chrM	578	579	0.0312862108922364
chrM	579	580	0.00310438494373302
chrM	580	581	0.00349922239502333
chrM	581	582	0.00116867939228672
chrM	582	583	0.0107941403238242
chrM	583	584	0.000770416024653313
chrM	584	585	0.00384467512495194
chrM	585	586	0.0141113653699466
chrM	586	587	0.00459242250287026
chrM	587	588	0.00191717791411043
chrM	588	589	0.00458891013384321
chrM	589	590	0.0156907768848067
chrM	590	591	0.0177127454755487
chrM	591	592	0.00810185185185185
chrM	592	593	0.13953488372093
chrM	593	594	0.0185861267839363
chrM	594	595	0.0280158206987475
chrM	595	596	0.014710689767898
chrM	596	597	0.00588812561334642
chrM	597	598	0.0142579390797148
chrM	598	599	0.0243748021525799
chrM	599	600	0.0156739811912226
chrM	600	601	0.0015748031496063
chrM	601	602	0.00501567398119122
chrM	602	603	0.0172626387176326
chrM	603	604	0.0267669172932331
chrM	604	605	0.00897129186602871
chrM	605	606	0.00299043062200957
chrM	606	607	0.00982435248585889
chrM	607	608	0.00119438638399522
chrM	608	609	0.00800237107291049
chrM	609	610	0.00295945546019532
chrM	610	611	0.00706090026478376
chrM	611	612	0.00586510263929619
chrM	612	613	0.000294031167303734
chrM	613	614	0.0133759813899389
chrM	614	615	0.0229317851959361
chrM	615	616	0.00501327042170451
chrM	616	617	0
chrM	617	618	0.000885478158205431
chrM	618	619	0.00235710076605775
chrM	619	620	0.00847457627118644
chrM	620	621	0.00233576642335766
chrM	621	622	0.00087719298245614
chrM	622	623	0.000877963125548727
chrM	623	624	0.00146284376828555
chrM	624	625	0.00350672121566335
chrM	625	626	0.00292312189418299
chrM	626	627	0.0026285046728972
chrM	627	628	0.00667634252539913
chrM	628	629	0.00433651344319167
chrM	629	630	0.0066263324690291
chrM	630	631	0.00606060606060606
chrM	631	632	0.0193842645381984
chrM	632	633	0.0082222852282393
chrM	633	634	0.00676628136453341
chrM	634	635	0.014460511679644
chrM	635	636	0.00584144645340751
chrM	636	637	0.00587084148727984
chrM	637	638	0.00364656381486676
chrM	638	639	0.0374085117918135
chrM	639	640	0.00162822252374491
chrM	640	641	0.00297941495124594
chrM	641	642	0.00108313024641213
chrM	642	643	0.000541565123206066
chrM	643	644	0.00621957815035154
chrM	644	645	0.000814553353244638
chrM	645	646	0.00108548168249661
chrM	646	647	0.00135648399348888
chrM	647	648	0.000542888165038002
chrM	648	649	0.00135685210312076
chrM	649	650	0.0124695039306045
chrM	650	651	0.00464100464100464
chrM	651	652	0.000819224467504096
chrM	652	653	0
chrM	653	654	0.00190839694656489
chrM	654	655	0.00163354206370814
chrM	655	656	0.0048820179007323
chrM	656	657	0.0137207425343019
chrM	657	658	0.00644814615797958
chrM	658	659	0.00295540032240731
chrM	659	660	0.000538793103448276
chrM	660	661	0.00402684563758389
chrM	661	662	0.0013419216317767
chrM	662	663	0.00134156157767642
chrM	663	664	0.00053633681952266
chrM	664	665	0.00267451190157796
chrM	665	666	0.00745077168706759
chrM	666	667	0.0026638252530634
chrM	667	668	0.00186666666666667
chrM	668	669	0.00716750730023892
chrM	669	670	0.00397983550013266
chrM	670	671	0.000531773464504121
chrM	671	672	0.00159362549800797
chrM	672	673	0.0146082337317397
chrM	673	674	0.000538647993536224
chrM	674	675	0.000807319698600646
chrM	675	676	0.00295778435063189
chrM	676	677	0.00697424892703863
chrM	677	678	0.0010752688172043
chrM	678	679	0.00455275843599357
chrM	679	680	0.00427693130179096
chrM	680	681	0.000267952840300107
chrM	681	682	0.000268024658268561
chrM	682	683	0.0032171581769437
chrM	683	684	0.00214707461084273
chrM	684	685	0.00214707461084273
chrM	685	686	0.00161333691852649
chrM	686	687	0.00748462977813419
chrM	687	688	0.00106951871657754
chrM	688	689	0.000802353570473389
chrM	689	690	0.000801924619085806
chrM	690	691	0.00400962309542903
chrM	691	692	0.00107324926214113
chrM	692	693	0.00187919463087248
chrM	693	694	0.0008058017727639
chrM	694	695	0.00187818620874698
chrM	695	696	0.00402360515021459
chrM	696	697	0.00161290322580645
chrM	697	698	0.00134517083669626
chrM	698	699	0.00242261103633917
chrM	699	700	0.00134625740441572
chrM	700	701	0.00295698924731183
chrM	701	702	0.00241935483870968
chrM	702	703	0.000807319698600646
chrM	703	704	0.00053835800807537
chrM	704	705	0.000807319698600646
chrM	705	706	0.00161420500403551
chrM	706	707	0.0241850683491062
chrM	707	708	0.00105124835742444
chrM	708	709	0.00105097214923805
chrM	709	710	0.00183727034120735
chrM	710	711	0.00183775269099501
chrM	711	712	0.0195977307890665
chrM	712	713	0.00205867215645908
chrM	713	714	0.00102854204165595
chrM	714	715	0.00051440329218107
chrM	715	716	0.00257135510413988
chrM	716	717	0.000772797527047913
chrM	717	718	0.00206185567010309
chrM	718	719	0.0146755921730175
chrM	719	720	0.0072463768115942
chrM	720	721	0.00388299249288118
chrM	721	722	0.00388399792853444
chrM	722	723	0.00206985769728331
chrM	723	724	0.0041407867494824
chrM	724	725	0.00363353231248378
chrM	725	726	0.00182196772514315
chrM	726	727	0.00416233090530697
chrM	727	728	0.0116822429906542
chrM	728	729	0.00599582898852972
chrM	729	730	0.0607634380680343
chrM	730	731	0.00795610425240055
chrM	731	732	0.0224263712510132
chrM	732	733	0.0154460719041278
chrM	733	734	0.00924214417744917
chrM	734	735	0.05525
chrM	735	736	0.00424575424575425
chrM	736	737	0.00349040139616056
chrM	737	738	0.00174520069808028
chrM	738	739	0.00871080139372822
chrM	739	740	0.00275068767191798
chrM	740	741	0.00324837581209395
chrM	741	742	0.0017473789316026
chrM	742	743	0.00348605577689243
chrM	743	744	0.00695479384003974
chrM	744	745	0.00694789081885856
chrM	745	746	0.0162882527147088
chrM	746	747	0.00522518039313262
chrM	747	748	0.00523429710867398
chrM	748	749	0.00673820813576242
chrM	749	750	0.0184584684459965
chrM	750	751	0.00504540867810293
chrM	751	752	0.00480161738690927
chrM	752	753	0.00707964601769911
chrM	753	754	0.00177845528455285
chrM	754	755	0.00883169316174615
chrM	755	756	0.00702282417858039
chrM	756	757	0.00952619704186513
chrM	757	758	0.000757958564931784
chrM	758	759	0.0132433783108446
chrM	759	760	0.00249937515621095
chrM	760	761	0.00249625561657514
chrM	761	762	0.00523952095808383
chrM	762	763	0.004739336492891
chrM	763	764	0.00174389636273044
chrM	764	765	0.0171484566389025
chrM	765	766	0.00637098750306297
chrM	766	767	0.00295275590551181
chrM	767	768	0.00196995813838956
chrM	768	769	0.000986436498150432
chrM	769	770	0
chrM	770	771	0.00468441814595661
chrM	771	772	0.000742023250061835
chrM	772	773	0.000741656365883807
chrM	773	774	0
chrM	774	775	0.00567761046655147
chrM	775	776	0.0275092936802974
chrM	776	777	0.00152671755725191
chrM	777	778	0.00660233621127476
chrM	778	779	0.00279827016026456
chrM	779	780	0.00431034482758621
chrM	780	781	0.00354969574036511
chrM	781	782	0.00735480598529039
chrM	782	783	0.000764525993883792
chrM	783	784	0.00102014792144861
chrM	784	785	0.0038265306122449
chrM	785	786	0.00178845171180378
chrM	786	787	0.00561224489795918
chrM	787	788	0.000256081946222791
chrM	788	789	0.00255885363357216
chrM	789	790	0.0017921146953405
chrM	790	791	0.00665642601126472
chrM	791	792	0.000772399588053553
chrM	792	793	0.00154479917610711
chrM	793	794	0.00231839258114374
chrM	794	795	0.00360082304526749
chrM	795	796	0.00616016427104723
chrM	796	797	0.00515331100231899
chrM	797	798	0.00103600103600104
chrM	798	799	0.000777604976671851
chrM	799	800	0.0178982357453337
chrM	800	801	0.00768639508070715
chrM	801	802	0.000515331100231899
chrM	802	803	0.000515198351365276
chrM	803	804	0.00641025641025641
chrM	804	805	0.00282123621441395
chrM	805	806	0.00256805341551104
chrM	806	807	0.00592020592020592
chrM	807	808	0.0031055900621118
chrM	808	809	0.000778412039439543
chrM	809	810	0.00077861406696081
chrM	810	811	0.00285565939771547
chrM	811	812	0.025767829255596
chrM	812	813	0.00478978179882916
chrM	813	814	0.00292397660818713
chrM	814	815	0.00687830687830688
chrM	815	816	0.00608948901244374
chrM	816	817	0.00745275485759915
chrM	817	818	0.00187516742566301
chrM	818	819	0.00455886296594261
chrM	819	820	0.00134517083669626
chrM	820	821	0.000537923614846692
chrM	821	822	0.00322493953238377
chrM	822	823	0.00134625740441572
chrM	823	824	0.00404203718674212
chrM	824	825	0.00324061571698623
chrM	825	826	0.00297377669640443
chrM	826	827	0.00243374797187669
chrM	827	828	0.00189291508923743
chrM	828	829	0.0013531799729364
chrM	829	830	0.00405405405405405
chrM	830	831	0.00459583671262503
chrM	831	832	0.0045995670995671
chrM	832	833	0.000813449023861171
chrM	833	834	0.00406063887384949
chrM	834	835	0.00513236088600756
chrM	835	836	0.00108049702863317
chrM	836	837	0.00188933873144399
chrM	837	838	0.00620280474649407
chrM	838	839	0.0062296858071506
chrM	839	840	0.026525198938992
chrM	840	841	0.0108150883671854
chrM	841	842	0.000795123244102836
chrM	842	843	0.00132555673382821
chrM	843	844	0.00661375661375661
chrM	844	845	0.00291545189504373
chrM	845	846	0.000530644733351021
chrM	846	847	0.00344919076678164
chrM	847	848	0.00505453578079276
chrM	848	849	0.00106780565936999
chrM	849	850	0.00372637742879957
chrM	850	851	0.00638128157404945
chrM	851	852	0.00693703308431163
chrM	852	853	0.00241351568785197
chrM	853	854	0.00374632057800375
chrM	854	855	0.0077066170608557
chrM	855	856	0.00212539851222104
chrM	856	857	0.0193377483443709
chrM	857	858	0.00241805480924234
chrM	858	859	0.00698924731182796
chrM	859	860	0.0283346698743651
chrM	860	861	0.00814995925020375
chrM	861	862	0.0181571815718157
chrM	862	863	0.00737302020753687
chrM	863	864	0.00792349726775956
chrM	864	865	0.01339896089691
chrM	865	866	0.004149377593361
chrM	866	867	0.00832177531206657
chrM	867	868	0.00859916782246879
chrM	868	869	0.0190891737114808
chrM	869	870	0.00681570338058888
chrM	870	871	0.0842555331991952
chrM	871	872	0.037542662116041
chrM	872	873	0.00415546321192862
chrM	873	874	0.025264677574591
chrM	874	875	0.0149722289302101
chrM	875	876	0.0125634211162116
chrM	876	877	0.0048390999274135
chrM	877	878	0.0176695319961796
chrM	878	879	0.00357227911407478
chrM	879	880	0.0123632905373276
chrM	880	881	0.0364353678347644
chrM	881	882	0.00954154060972772
chrM	882	883	0.0112755461592671
chrM	883	884	0.00308788598574822
chrM	884	885	0.00758833293810766
chrM	885	886	0.00309082263433191
chrM	886	887	0.0026196713503215
chrM	887	888	0.00404569252736792
chrM	888	889	0.00428877769835597
chrM	889	890	0.0011953143676787
chrM	890	891	0.00215259507294906
chrM	891	892	0.00550898203592814
chrM	892	893	0.0273391468300731
chrM	893	894	0.00165758939142789
chrM	894	895	0
chrM	895	896	0.000236798484489699
chrM	896	897	0.00260293421675343
chrM	897	898	0.0047270148900969
chrM	898	899	0.00401416765053129
chrM	899	900	0.00047270148900969
chrM	900	901	0.00750997418446374
chrM	901	902	0.000938306357025569
chrM	902	903	0.00164165103189493
chrM	903	904	0.00211267605633803
chrM	904	905	0.0237423601316408
chrM	905	906	0.00600672753483902
chrM	906	907	0.000723589001447178
chrM	907	908	0.0128632682229633
chrM	908	909	0.0254944007624494
chrM	909	910	0.00244498777506112
chrM	910	911	0.0048947626040137
chrM	911	912	0.0012278978388998
chrM	912	913	0.00860585197934595
chrM	913	914	0
chrM	914	915	0.00148588410104012
chrM	915	916	0.000742942050520059
chrM	916	917	0.00666337611056269
chrM	917	918	0.0196850393700787
chrM	918	919	0.00870646766169154
chrM	919	920	0.00199950012496876
chrM	920	921	0.015511633725294
chrM	921	922	0.0108805668016194
chrM	922	923	0.0201171377641966
chrM	923	924	0.0150025866528712
chrM	924	925	0.0028765690376569
chrM	925	926	0.0143903715332287
chrM	926	927	0.00317796610169492
chrM	927	928	0.0498277232971111
chrM	928	929	0.00834956860562204
chrM	929	930	0.00112201963534362
chrM	930	931	0.00448556209700028
chrM	931	932	0.00252596126859388
chrM	932	933	0.00561482313307131
chrM	933	934	0.011722020653084
chrM	934	935	0.0212171970965941
chrM	935	936	0.00426378624218306
chrM	936	937	0.0104284103720406
chrM	937	938	0.00451339915373766
chrM	938	939	0.00141442715700141
chrM	939	940	0.00254524886877828
chrM	940	941	0.00169827342202095
chrM	941	942	0.00926185798484423
chrM	942	943	0.00364349775784753
chrM	943	944	0.000841987089531294
chrM	944	945	0.00140291806958474
chrM	945	946	0.000561167227833895
chrM	946	947	0.0050251256281407
chrM	947	948	0.000558347292015634
chrM	948	949	0.00195149149707276
chrM	949	950	0.00195040401225968
chrM	950	951	0.000557724484104852
chrM	951	952	0.000557413600891862
chrM	952	953	0.00334075723830735
chrM	953	954	0.0118686171680927
chrM	954	955	0.0339497653878002
chrM	955	956	0.00627853881278539
chrM	956	957	0.000574382538770821
chrM	957	958	0.0100574712643678
chrM	958	959	0.0345227734261677
chrM	959	960	0.000300210147102972
chrM	960	961	0.000300210147102972
chrM	961	962	0
chrM	962	963	0.00269541778975741
chrM	963	964	0.000898203592814371
chrM	964	965	0.00359066427289048
chrM	965	966	0.00209706411024566
chrM	966	967	0.00538760850044897
chrM	967	968	0.000600420294205944
chrM	968	969	0.0039015606242497
chrM	969	970	0.00512048192771084
chrM	970	971	0.000908265213442325
chrM	971	972	0.00453720508166969
chrM	972	973	0.000909918107370337
chrM	973	974	0.00362976406533575
chrM	974	975	0.00120882441825325
chrM	975	976	0.00391566265060241
chrM	976	977	0.0153660741187105
chrM	977	978	0.000917992656058752
chrM	978	979	0.0018348623853211
chrM	979	980	0.00061143381228982
chrM	980	981	0.000916870415647922
chrM	981	982	0.000611246943765281
chrM	982	983	0.00152578577967653
chrM	983	984	0.000915192190359976
chrM	984	985	0.000305250305250305
chrM	985	986	0.000916030534351145
chrM	986	987	0.000305623471882641
chrM	987	988	0
chrM	988	989	0.00122286762457964
chrM	989	990	0.00183654729109275
chrM	990	991	0.00611620795107034
chrM	991	992	0.000613685179502915
chrM	992	993	0.000920810313075506
chrM	993	994	0.00122737035900583
chrM	994	995	0.00214658080343453
chrM	995	996	0.00184218606079214
chrM	996	997	0.00122887864823349
chrM	997	998	0.000614250614250614
chrM	998	999	0.000614439324116743
chrM	999	1000	0
chrM	1000	1001	0.000614817091915155
chrM	1001	1002	0.00030750307503075
chrM	1002	1003	0.000307408545957578
chrM	1003	1004	0.00153468385512584
chrM	1004	1005	0.000306842589751458
chrM	1005	1006	0.000919963201471941
chrM	1006	1007	0.00305997552019584
chrM	1007	1008	0.00489895897121862
chrM	1008	1009	0.00672371638141809
chrM	1009	1010	0.00122249388753056
chrM	1010	1011	0.000917992656058752
chrM	1011	1012	0
chrM	1012	1013	0.000917992656058752
chrM	1013	1014	0.00122249388753056
chrM	1014	1015	0.00426049908703591
chrM	1015	1016	0.00303490136570561
chrM	1016	1017	0.000909918107370337
chrM	1017	1018	0.000303306035790112
chrM	1018	1019	0.00181763102090276
chrM	1019	1020	0.014505893019039
chrM	1020	1021	0.00882263462123517
chrM	1021	1022	0.00365296803652968
chrM	1022	1023	0.00995475113122172
chrM	1023	1024	0.00180777342573064
chrM	1024	1025	0.000904159132007233
chrM	1025	1026	0.0287221570926143
chrM	1026	1027	0.0143191116306254
chrM	1027	1028	0.00147536146355857
chrM	1028	1029	0.00965194501316174
chrM	1029	1030	0.000877963125548727
chrM	1030	1031	0.0182291666666667
chrM	1031	1032	0.0180547466511357
chrM	1032	1033	0.0759112085502878
chrM	1033	1034	0.0204356009680022
chrM	1034	1035	0.00242065626681011
chrM	1035	1036	0.000807102502017756
chrM	1036	1037	0.00295381310418904
chrM	1037	1038	0.017989417989418
chrM	1038	1039	0.000265041081367612
chrM	1039	1040	0.0360337337081523
chrM	1040	1041	0.00407331975560081
chrM	1041	1042	0.00456273764258555
chrM	1042	1043	0.00479676849280485
chrM	1043	1044	0.00327373457567363
chrM	1044	1045	0.0841075794621027
chrM	1045	1046	0.00155078831739468
chrM	1046	1047	0.00335657113348825
chrM	1047	1048	0.0110002558199028
chrM	1048	1049	0.0121734719756531
chrM	1049	1050	0.00279542566709022
chrM	1050	1051	0.0133366884750881
chrM	1051	1052	0.00277008310249307
chrM	1052	1053	0.00100806451612903
chrM	1053	1054	0.00226643162931252
chrM	1054	1055	0.00125944584382872
chrM	1055	1056	0.00427995971802618
chrM	1056	1057	0.0007577671129073
chrM	1057	1058	0.00100984599848523
chrM	1058	1059	0.00627667587245795
chrM	1059	1060	0.0252450980392157
chrM	1060	1061	0.0107134161188215
chrM	1061	1062	0.00122040517451794
chrM	1062	1063	0.020497803806735
chrM	1063	1064	0.000497883993029624
chrM	1064	1065	0.0141896938013443
chrM	1065	1066	0.00176723049734915
chrM	1066	1067	0.00277777777777778
chrM	1067	1068	0.000505561172901921
chrM	1068	1069	0.00126294518817883
chrM	1069	1070	0.00201714573877963
chrM	1070	1071	0.00576730190571715
chrM	1071	1072	0.00450676014021032
chrM	1072	1073	0.00577454180266131
chrM	1073	1074	0.00428643469490671
chrM	1074	1075	0.000505433409148345
chrM	1075	1076	0.0030310684516292
chrM	1076	1077	0.00177260065839453
chrM	1077	1078	0.0022790579893644
chrM	1078	1079	0.00380035469977198
chrM	1079	1080	0.0007627765064836
chrM	1080	1081	0.005818365798128
chrM	1081	1082	0.00126518218623482
chrM	1082	1083	0.000506713959969597
chrM	1083	1084	0.00101394169835234
chrM	1084	1085	0.0195035460992908
chrM	1085	1086	0.00180319422977846
chrM	1086	1087	0.0134055168857953
chrM	1087	1088	0.00235171152338646
chrM	1088	1089	0.00576067033254779
chrM	1089	1090	0.000263296471827277
chrM	1090	1091	0.00105290866017373
chrM	1091	1092	0.0463401790416008
chrM	1092	1093	0.0024800220446404
chrM	1093	1094	0.002478656017626
chrM	1094	1095	0.0192620727075421
chrM	1095	1096	0.0140350877192982
chrM	1096	1097	0.0202101859337106
chrM	1097	1098	0.0547683923705722
chrM	1098	1099	0.00631639391329314
chrM	1099	1100	0.00662251655629139
chrM	1100	1101	0.0354649539234851
chrM	1101	1102	0.0382574699804524
chrM	1102	1103	0.00115975645114526
chrM	1103	1104	0.00404273751082876
chrM	1104	1105	0.00230680507497117
chrM	1105	1106	0.000865301413325642
chrM	1106	1107	0.000577034045008655
chrM	1107	1108	0.0103507763082231
chrM	1108	1109	0.00231481481481481
chrM	1109	1110	0.000580046403712297
chrM	1110	1111	0.000290107339715695
chrM	1111	1112	0.0252393385552654
chrM	1112	1113	0.0056379821958457
chrM	1113	1114	0.00148588410104012
chrM	1114	1115	0.0011883541295306
chrM	1115	1116	0.000891530460624071
chrM	1116	1117	0.0086053412462908
chrM	1117	1118	0.00178997613365155
chrM	1118	1119	0.00178944229048613
chrM	1119	1120	0.00417039022937146
chrM	1120	1121	0.00417039022937146
chrM	1121	1122	0.0109370381318356
chrM	1122	1123	0.00265643447461629
chrM	1123	1124	0.00176991150442478
chrM	1124	1125	0.00177200236266982
chrM	1125	1126	0.000887573964497041
chrM	1126	1127	0.0053019145802651
chrM	1127	1128	0.00235294117647059
chrM	1128	1129	0.00117612466921494
chrM	1129	1130	0.00410436822046321
chrM	1130	1131	0.00293513354857646
chrM	1131	1132	0.00176418700382241
chrM	1132	1133	0.00117577895355673
chrM	1133	1134	0.00875401225561716
chrM	1134	1135	0.00262314194112504
chrM	1135	1136	0.00290697674418605
chrM	1136	1137	0.00203311065930874
chrM	1137	1138	0.000872093023255814
chrM	1138	1139	0.00116346713205352
chrM	1139	1140	0
chrM	1140	1141	0.00116448326055313
chrM	1141	1142	0.0129757785467128
chrM	1142	1143	0.00115640358485111
chrM	1143	1144	0.000578703703703704
chrM	1144	1145	0.00231548480463097
chrM	1145	1146	0.0118944009283435
chrM	1146	1147	0.00411039342337052
chrM	1147	1148	0.000589275191514437
chrM	1148	1149	0.00441696113074205
chrM	1149	1150	0
chrM	1150	1151	0.00206855791962175
chrM	1151	1152	0.00118378218407813
chrM	1152	1153	0.000888362451880367
chrM	1153	1154	0.00236686390532544
chrM	1154	1155	0
chrM	1155	1156	0.00740302043233639
chrM	1156	1157	0.000894988066825776
chrM	1157	1158	0.00387712496271995
chrM	1158	1159	0.00417412045319022
chrM	1159	1160	0.00652431791221827
chrM	1160	1161	0.00385527876631079
chrM	1161	1162	0.00178465199286139
chrM	1162	1163	0.00415676959619952
chrM	1163	1164	0.00237600237600238
chrM	1164	1165	0.00326797385620915
chrM	1165	1166	0.00505651397977394
chrM	1166	1167	0.00238592305398151
chrM	1167	1168	0.00119438638399522
chrM	1168	1169	0.000597728631201434
chrM	1169	1170	0.0121301775147929
chrM	1170	1171	0.0213270142180095
chrM	1171	1172	0
chrM	1172	1173	0.000906618313689937
chrM	1173	1174	0.00181323662737987
chrM	1174	1175	0.00121102028458977
chrM	1175	1176	0.00363526204180551
chrM	1176	1177	0.00668489820723184
chrM	1177	1178	0
chrM	1178	1179	0.000611807892321811
chrM	1179	1180	0.000917992656058752
chrM	1180	1181	0.0104102878138396
chrM	1181	1182	0.00123762376237624
chrM	1182	1183	0.00154846701765252
chrM	1183	1184	0.0062015503875969
chrM	1184	1185	0
chrM	1185	1186	0.00124727159338946
chrM	1186	1187	0.00717628705148206
chrM	1187	1188	0.00345585925227773
chrM	1188	1189	0.00126023944549464
chrM	1189	1190	0.00189214758751183
chrM	1190	1191	0.01452937460518
chrM	1191	1192	0.00319795330988168
chrM	1192	1193	0.00383386581469649
chrM	1193	1194	0.00319897632757518
chrM	1194	1195	0.00320821302534488
chrM	1195	1196	0.000965250965250965
chrM	1196	1197	0.000643915003219575
chrM	1197	1198	0.0067524115755627
chrM	1198	1199	0.00452050371327091
chrM	1199	1200	0.0068049254698639
chrM	1200	1201	0.00358773646444879
chrM	1201	1202	0.0157119476268412
chrM	1202	1203	0.00399068839374792
chrM	1203	1204	0.0487316421895861
chrM	1204	1205	0.00662713637949076
chrM	1205	1206	0.00558659217877095
chrM	1206	1207	0
chrM	1207	1208	0.0066596565019278
chrM	1208	1209	0.00810144417048256
chrM	1209	1210	0.0188009932600213
chrM	1210	1211	0.00180570603105814
chrM	1211	1212	0.038712011577424
chrM	1212	1213	0.011214953271028
chrM	1213	1214	0.00976342470897484
chrM	1214	1215	0.00909435392194013
chrM	1215	1216	0.0252197172334734
chrM	1216	1217	0.212749315604224
chrM	1217	1218	0.0118811881188119
chrM	1218	1219	0.00701051577366049
chrM	1219	1220	0.0282400403429148
chrM	1220	1221	0.0342323651452282
chrM	1221	1222	0.0856072766185126
chrM	1222	1223	0.00349040139616056
chrM	1223	1224	0.0768782760629004
chrM	1224	1225	0.01198738170347
chrM	1225	1226	0.0108556832694764
chrM	1226	1227	0.0419625564880568
chrM	1227	1228	0.00470430107526882
chrM	1228	1229	0.0645161290322581
chrM	1229	1230	0.00782918149466192
chrM	1230	1231	0.0163701067615658
chrM	1231	1232	0.046242774566474
chrM	1232	1233	0.012112036336109
chrM	1233	1234	0.0580595874713522
chrM	1234	1235	0.0549717057396928
chrM	1235	1236	0.0119250425894378
chrM	1236	1237	0.00171673819742489
chrM	1237	1238	0.000859106529209622
chrM	1238	1239	0.00429553264604811
chrM	1239	1240	0.00515021459227468
chrM	1240	1241	0.00513259195893926
chrM	1241	1242	0
chrM	1242	1243	0.000856164383561644
chrM	1243	1244	0
chrM	1244	1245	0.000855431993156544
chrM	1245	1246	0.00171086398631309
chrM	1246	1247	0.00256629597946963
chrM	1247	1248	0.0128424657534247
chrM	1248	1249	0.000867302688638335
chrM	1249	1250	0.00173460537727667
chrM	1250	1251	0.00607638888888889
chrM	1251	1252	0.0218340611353712
chrM	1252	1253	0.000892857142857143
chrM	1253	1254	0.0184210526315789
chrM	1254	1255	0.0507880910683012
chrM	1255	1256	0.0211786372007366
chrM	1256	1257	0.0310442144873001
chrM	1257	1258	0.00776699029126214
chrM	1258	1259	0.00880626223091976
chrM	1259	1260	0.0412573673870334
chrM	1260	1261	0
chrM	1261	1262	0.00203458799593082
chrM	1262	1263	0.00101626016260163
chrM	1263	1264	0.013091641490433
chrM	1264	1265	0.00806451612903226
chrM	1265	1266	0.0121580547112462
chrM	1266	1267	0.00102564102564103
chrM	1267	1268	0
chrM	1268	1269	0.00205128205128205
chrM	1269	1270	0.00204918032786885
chrM	1270	1271	0.00204498977505112
chrM	1271	1272	0.00102249488752556
chrM	1272	1273	0
chrM	1273	1274	0.00102249488752556
chrM	1274	1275	0.00204081632653061
chrM	1275	1276	0.0121827411167513
chrM	1276	1277	0.00204081632653061
chrM	1277	1278	0
chrM	1278	1279	0.00203665987780041
chrM	1279	1280	0.00203252032520325
chrM	1280	1281	0.00101626016260163
chrM	1281	1282	0.00712105798575788
chrM	1282	1283	0
chrM	1283	1284	0.00307377049180328
chrM	1284	1285	0
chrM	1285	1286	0.00102774922918808
chrM	1286	1287	0.00205761316872428
chrM	1287	1288	0.0164948453608247
chrM	1288	1289	0.00943396226415094
chrM	1289	1290	0.00846560846560847
chrM	1290	1291	0.0053248136315229
chrM	1291	1292	0.0064034151547492
chrM	1292	1293	0.00429184549356223
chrM	1293	1294	0.0193965517241379
chrM	1294	1295	0.010989010989011
chrM	1295	1296	0.00443458980044346
chrM	1296	1297	0.01
chrM	1297	1298	0.0224466891133558
chrM	1298	1299	0.00114810562571757
chrM	1299	1300	0.0126291618828932
chrM	1300	1301	0.00464576074332172
chrM	1301	1302	0.029171528588098
chrM	1302	1303	0.00360576923076923
chrM	1303	1304	0.00120481927710843
chrM	1304	1305	0.00240673886883273
chrM	1305	1306	0
chrM	1306	1307	0.00602409638554217
chrM	1307	1308	0.00121212121212121
chrM	1308	1309	0.00364077669902913
chrM	1309	1310	0.0437424058323208
chrM	1310	1311	0.0190114068441065
chrM	1311	1312	0.00775193798449612
chrM	1312	1313	0
chrM	1313	1314	0.00130208333333333
chrM	1314	1315	0.00390625
chrM	1315	1316	0
chrM	1316	1317	0.00130548302872063
chrM	1317	1318	0.00261437908496732
chrM	1318	1319	0
chrM	1319	1320	0.00131061598951507
chrM	1320	1321	0.0249343832020997
chrM	1321	1322	0.00269179004037685
chrM	1322	1323	0.00134770889487871
chrM	1323	1324	0
chrM	1324	1325	0
chrM	1325	1326	0
chrM	1326	1327	0.00134770889487871
chrM	1327	1328	0
chrM	1328	1329	0.00134952766531714
chrM	1329	1330	0.00135135135135135
chrM	1330	1331	0
chrM	1331	1332	0.00135135135135135
chrM	1332	1333	0
chrM	1333	1334	0
chrM	1334	1335	0.0067476383265857
chrM	1335	1336	0.00271370420624152
chrM	1336	1337	0.0136054421768707
chrM	1337	1338	0
chrM	1338	1339	0.0110344827586207
chrM	1339	1340	0.00557880055788006
chrM	1340	1341	0.0238429172510519
chrM	1341	1342	0.00574712643678161
chrM	1342	1343	0.0505780346820809
chrM	1343	1344	0.0015220700152207
chrM	1344	1345	0.00152439024390244
chrM	1345	1346	0.00152671755725191
chrM	1346	1347	0
chrM	1347	1348	0.00152905198776758
chrM	1348	1349	0.00153139356814701
chrM	1349	1350	0.00306278713629403
chrM	1350	1351	0
chrM	1351	1352	0.00153374233128834
chrM	1352	1353	0.00153374233128834
chrM	1353	1354	0.00920245398773006
chrM	1354	1355	0
chrM	1355	1356	0
chrM	1356	1357	0
chrM	1357	1358	0
chrM	1358	1359	0.00154559505409583
chrM	1359	1360	0.00462249614791988
chrM	1360	1361	0.0462962962962963
chrM	1361	1362	0
chrM	1362	1363	0
chrM	1363	1364	0.00485436893203883
chrM	1364	1365	0.0130081300813008
chrM	1365	1366	0.0873146622734761
chrM	1366	1367	0.00541516245487365
chrM	1367	1368	0.00543478260869565
chrM	1368	1369	0.0199637023593466
chrM	1369	1370	0.00739371534195933
chrM	1370	1371	0.0837988826815642
chrM	1371	1372	0.0284552845528455
chrM	1372	1373	0.0376569037656904
chrM	1373	1374	0.00869565217391304
chrM	1374	1375	0.037280701754386
chrM	1375	1376	0.00911161731207289
chrM	1376	1377	0
chrM	1377	1378	0.00459770114942529
chrM	1378	1379	0.0391705069124424
chrM	1379	1380	0.0617848970251716
chrM	1380	1381	0
chrM	1381	1382	0
chrM	1382	1383	0
chrM	1383	1384	0.00232558139534884
chrM	1384	1385	0
chrM	1385	1386	0
chrM	1386	1387	0.00232558139534884
chrM	1387	1388	0
chrM	1388	1389	0
chrM	1389	1390	0.00233100233100233
chrM	1390	1391	0.00233644859813084
chrM	1391	1392	0
chrM	1392	1393	0
chrM	1393	1394	0
chrM	1394	1395	0.00234192037470726
chrM	1395	1396	0
chrM	1396	1397	0.00468384074941452
chrM	1397	1398	0
chrM	1398	1399	0
chrM	1399	1400	0.00234192037470726
chrM	1400	1401	0
chrM	1401	1402	0.00934579439252336
chrM	1402	1403	0.0186915887850467
chrM	1403	1404	0.0258823529411765
chrM	1404	1405	0.00480769230769231
chrM	1405	1406	0
chrM	1406	1407	0.00241545893719807
chrM	1407	1408	0.0290556900726392
chrM	1408	1409	0.00498753117206983
chrM	1409	1410	0.012531328320802
chrM	1410	1411	0.0784810126582278
chrM	1411	1412	0.0356164383561644
chrM	1412	1413	0
chrM	1413	1414	0
chrM	1414	1415	0.0170454545454545
chrM	1415	1416	0.0606936416184971
chrM	1416	1417	0.0553846153846154
chrM	1417	1418	0.00325732899022801
chrM	1418	1419	0.00326797385620915
chrM	1419	1420	0.0294117647058824
chrM	1420	1421	0.0134228187919463
chrM	1421	1422	0
chrM	1422	1423	0.0102040816326531
chrM	1423	1424	0.0273972602739726
chrM	1424	1425	0.0807017543859649
chrM	1425	1426	0.00380228136882129
chrM	1426	1427	0
chrM	1427	1428	0
chrM	1428	1429	0.00754716981132075
chrM	1429	1430	0.0150375939849624
chrM	1430	1431	0.00760456273764259
chrM	1431	1432	0
chrM	1432	1433	0.00383141762452107
chrM	1433	1434	0
chrM	1434	1435	0
chrM	1435	1436	0.0225563909774436
chrM	1436	1437	0
chrM	1437	1438	0
chrM	1438	1439	0.0451127819548872
chrM	1439	1440	0
chrM	1440	1441	0.00392156862745098
chrM	1441	1442	0.0196078431372549
chrM	1442	1443	0.008
chrM	1443	1444	0
chrM	1444	1445	0.00401606425702811
chrM	1445	1446	0
chrM	1446	1447	0.004
chrM	1447	1448	0.004
chrM	1448	1449	0
chrM	1449	1450	0
chrM	1450	1451	0
chrM	1451	1452	0.0119047619047619
chrM	1452	1453	0
chrM	1453	1454	0
chrM	1454	1455	0.0194552529182879
chrM	1455	1456	0
chrM	1456	1457	0
chrM	1457	1458	0
chrM	1458	1459	0
chrM	1459	1460	0
chrM	1460	1461	0
chrM	1461	1462	0.00775193798449612
chrM	1462	1463	0
chrM	1463	1464	0
chrM	1464	1465	0
chrM	1465	1466	0.00387596899224806
chrM	1466	1467	0
chrM	1467	1468	0.00386100386100386
chrM	1468	1469	0.00766283524904215
chrM	1469	1470	0.00381679389312977
chrM	1470	1471	0.00757575757575758
chrM	1471	1472	0
chrM	1472	1473	0.00378787878787879
chrM	1473	1474	0
chrM	1474	1475	0
chrM	1475	1476	0.0112781954887218
chrM	1476	1477	0.0111524163568773
chrM	1477	1478	0.0037037037037037
chrM	1478	1479	0.011070110701107
chrM	1479	1480	0.011070110701107
chrM	1480	1481	0.003690036900369
chrM	1481	1482	0
chrM	1482	1483	0.00732600732600733
chrM	1483	1484	0
chrM	1484	1485	0
chrM	1485	1486	0.00364963503649635
chrM	1486	1487	0
chrM	1487	1488	0
chrM	1488	1489	0.00364963503649635
chrM	1489	1490	0
chrM	1490	1491	0
chrM	1491	1492	0
chrM	1492	1493	0
chrM	1493	1494	0.00364963503649635
chrM	1494	1495	0
chrM	1495	1496	0.00363636363636364
chrM	1496	1497	0
chrM	1497	1498	0
chrM	1498	1499	0
chrM	1499	1500	0
chrM	1500	1501	0
chrM	1501	1502	0
chrM	1502	1503	0.0036231884057971
chrM	1503	1504	0
chrM	1504	1505	0.010752688172043
chrM	1505	1506	0
chrM	1506	1507	0
chrM	1507	1508	0
chrM	1508	1509	0.00357142857142857
chrM	1509	1510	0
chrM	1510	1511	0
chrM	1511	1512	0.00355871886120996
chrM	1512	1513	0
chrM	1513	1514	0
chrM	1514	1515	0.00354609929078014
chrM	1515	1516	0
chrM	1516	1517	0
chrM	1517	1518	0
chrM	1518	1519	0
chrM	1519	1520	0.0309278350515464
chrM	1520	1521	0
chrM	1521	1522	0
chrM	1522	1523	0.0068259385665529
chrM	1523	1524	0.0101694915254237
chrM	1524	1525	0.0754716981132075
chrM	1525	1526	0.0124223602484472
chrM	1526	1527	0.0301204819277108
chrM	1527	1528	0.00895522388059702
chrM	1528	1529	0.00595238095238095
chrM	1529	1530	0
chrM	1530	1531	0.00297619047619048
chrM	1531	1532	0.0819672131147541
chrM	1532	1533	0.00272479564032698
chrM	1533	1534	0.00271739130434783
chrM	1534	1535	0.00540540540540541
chrM	1535	1536	0.0106951871657754
chrM	1536	1537	0.00531914893617021
chrM	1537	1538	0
chrM	1538	1539	0.0105263157894737
chrM	1539	1540	0.0026246719160105
chrM	1540	1541	0
chrM	1541	1542	0.224032586558045
chrM	1542	1543	0.0160965794768612
chrM	1543	1544	0.00402414486921529
chrM	1544	1545	0.0138888888888889
chrM	1545	1546	0.0078740157480315
chrM	1546	1547	0.0212355212355212
chrM	1547	1548	0.00385356454720617
chrM	1548	1549	0.0170454545454545
chrM	1549	1550	0.0222222222222222
chrM	1550	1551	0.00917431192660551
chrM	1551	1552	0.00547445255474453
chrM	1552	1553	0.00904159132007233
chrM	1553	1554	0.0125
chrM	1554	1555	0.0140845070422535
chrM	1555	1556	0.0104529616724739
chrM	1556	1557	0
chrM	1557	1558	0.013745704467354
chrM	1558	1559	0.023489932885906
chrM	1559	1560	0.0277324632952692
chrM	1560	1561	0.0032520325203252
chrM	1561	1562	0.00324675324675325
chrM	1562	1563	0.0112540192926045
chrM	1563	1564	0.0126984126984127
chrM	1564	1565	0.00316957210776545
chrM	1565	1566	0.010989010989011
chrM	1566	1567	0.021505376344086
chrM	1567	1568	0.00306278713629403
chrM	1568	1569	0.00305343511450382
chrM	1569	1570	0.0105740181268882
chrM	1570	1571	0.00301204819277108
chrM	1571	1572	0.00150375939849624
chrM	1572	1573	0
chrM	1573	1574	0.0580736543909348
chrM	1574	1575	0.00423131170662906
chrM	1575	1576	0.137469586374696
chrM	1576	1577	0.0486111111111111
chrM	1577	1578	0.0421286031042129
chrM	1578	1579	0.0564853556485356
chrM	1579	1580	0.00932642487046632
chrM	1580	1581	0.053921568627451
chrM	1581	1582	0.0538033395176252
chrM	1582	1583	0.0226654578422484
chrM	1583	1584	0.469201154956689
chrM	1584	1585	0.0366249420491423
chrM	1585	1586	0.119951040391677
chrM	1586	1587	0.325626204238921
chrM	1587	1588	0.0566380878150169
chrM	1588	1589	0.0348633057436669
chrM	1589	1590	0.00175262894341512
chrM	1590	1591	0.342334925078215
chrM	1591	1592	0.0867669172932331
chrM	1592	1593	0.0203299941072481
chrM	1593	1594	0.00803741049247406
chrM	1594	1595	0.00218754557386612
chrM	1595	1596	0.00939170640080913
chrM	1596	1597	0.00517464424320828
chrM	1597	1598	0.00129198966408269
chrM	1598	1599	0.016379553798362
chrM	1599	1600	0.000423429781227946
chrM	1600	1601	0.00742504903334267
chrM	1601	1602	0.0309530274232962
chrM	1602	1603	0.00794612794612795
chrM	1603	1604	0.00255239118753358
chrM	1604	1605	0.000939471211917863
chrM	1605	1606	0.03133125325013
chrM	1606	1607	0.0239817282070803
chrM	1607	1608	0.000507292327203551
chrM	1608	1609	0.00341253791708797
chrM	1609	1610	0.000631632137443153
chrM	1610	1611	0.0150572424091588
chrM	1611	1612	0.00371931564592115
chrM	1612	1613	0.00111468912558831
chrM	1613	1614	0.00123716441915131
chrM	1614	1615	0.00185253797702853
chrM	1615	1616	0.0044269552385637
chrM	1616	1617	0.000860056517999754
chrM	1617	1618	0.00281793678020093
chrM	1618	1619	0.00620966760014611
chrM	1619	1620	0.00689238210399033
chrM	1620	1621	0.000483500543938112
chrM	1621	1622	0.014774216609079
chrM	1622	1623	0.0109643951898137
chrM	1623	1624	0.00457746478873239
chrM	1624	1625	0.0136605695762908
chrM	1625	1626	0.0123485021724217
chrM	1626	1627	0.00228154232261008
chrM	1627	1628	0.000683994528043776
chrM	1628	1629	0.0113828468387242
chrM	1629	1630	0.0114788810877076
chrM	1630	1631	0.000111470293166871
chrM	1631	1632	0.00774336283185841
chrM	1632	1633	0.0126706717640634
chrM	1633	1634	0.0104876202832739
chrM	1634	1635	0.0132337246531483
chrM	1635	1636	0.0249765844520762
chrM	1636	1637	0.00228452751817238
chrM	1637	1638	0.000518941359626362
chrM	1638	1639	0.00639373001959369
chrM	1639	1640	0.00133882595262616
chrM	1640	1641	0.0087790935075541
chrM	1641	1642	0.0441994340911308
chrM	1642	1643	0.000585137507314219
chrM	1643	1644	0.00668539870167619
chrM	1644	1645	0.0104516252756736
chrM	1645	1646	0.00296367112810707
chrM	1646	1647	0.000668768510556989
chrM	1647	1648	0.00342759211653813
chrM	1648	1649	0.00568020448736154
chrM	1649	1650	9.46611132146914e-05
chrM	1650	1651	0.00826213501079711
chrM	1651	1652	0.00439375525848369
chrM	1652	1653	0.0395221413814785
chrM	1653	1654	0.0114585183869249
chrM	1654	1655	0.000798792935120263
chrM	1655	1656	0.00150655795817086
chrM	1656	1657	0.000708528916836418
chrM	1657	1658	0.0131141808008393
chrM	1658	1659	0.00157177785539644
chrM	1659	1660	0.00209168554993899
chrM	1660	1661	0.000609702987544639
chrM	1661	1662	0
chrM	1662	1663	0.00494062581260293
chrM	1663	1664	0.000519885625162464
chrM	1664	1665	0.00164374080802838
chrM	1665	1666	0.000691622719806346
chrM	1666	1667	0.000777470628887353
chrM	1667	1668	0.000259089731410312
chrM	1668	1669	0.00541144133310428
chrM	1669	1670	0.00111568829385513
chrM	1670	1671	0.00222698072805139
chrM	1671	1672	0.00145398563120082
chrM	1672	1673	0.00323983289282974
chrM	1673	1674	0.00289066485291617
chrM	1674	1675	0.000255015300918055
chrM	1675	1676	0.00423262507407094
chrM	1676	1677	0.000253893026404875
chrM	1677	1678	0.00530347672362994
chrM	1678	1679	0.0116491928773506
chrM	1679	1680	0.000914532756900565
chrM	1680	1681	0.00223992035838726
chrM	1681	1682	0.00140856740409313
chrM	1682	1683	0.00182058920887123
chrM	1683	1684	0.00223048327137546
chrM	1684	1685	0.000743003384793197
chrM	1685	1686	0.000165111863287377
chrM	1686	1687	0.000660174946360786
chrM	1687	1688	0.000330060235993069
chrM	1688	1689	8.25218682950982e-05
chrM	1689	1690	0.00115425838898508
chrM	1690	1691	0.000412167175006183
chrM	1691	1692	0.00271336951159349
chrM	1692	1693	0.00131460027935256
chrM	1693	1694	0.000164379058107997
chrM	1694	1695	0.000986193293885602
chrM	1695	1696	0.000164500740253331
chrM	1696	1697	0.00205220817599737
chrM	1697	1698	0.000738249528340579
chrM	1698	1699	0.00220985431330823
chrM	1699	1700	0.00326317506934247
chrM	1700	1701	0.000896714763185783
chrM	1701	1702	0.00211536896916443
chrM	1702	1703	0.00121921482565228
chrM	1703	1704	0.000487606663957741
chrM	1704	1705	0.00105545181456524
chrM	1705	1706	0.00235446943249168
chrM	1706	1707	0.000162760416666667
chrM	1707	1708	0
chrM	1708	1709	0.000406967279830702
chrM	1709	1710	0.00276130918541379
chrM	1710	1711	0.00129806912218076
chrM	1711	1712	0.000567628932857606
chrM	1712	1713	0.00016215339711367
chrM	1713	1714	0.0193209827462829
chrM	1714	1715	0.00182670161226273
chrM	1715	1716	0.000158957240502305
chrM	1716	1717	0.00071490984192549
chrM	1717	1718	0.000238284352660842
chrM	1718	1719	0.000238265427686443
chrM	1719	1720	0.000952154248988336
chrM	1720	1721	0.000476077124494168
chrM	1721	1722	0.00134813639968279
chrM	1722	1723	0.000713662675442074
chrM	1723	1724	0.00732860520094563
chrM	1724	1725	0.00228526398739165
chrM	1725	1726	0.00118249901458415
chrM	1726	1727	0.00236481160334227
chrM	1727	1728	0.00623569342489541
chrM	1728	1729	0.0277006172839506
chrM	1729	1730	0.00354064039408867
chrM	1730	1731	0.0163797679532873
chrM	1731	1732	0.000910056120127408
chrM	1732	1733	0.00272830617658204
chrM	1733	1734	0.00288271885905022
chrM	1734	1735	0.00683215668412662
chrM	1735	1736	0.00304460344040189
chrM	1736	1737	0.00114146564188418
chrM	1737	1738	0.0172129920670558
chrM	1738	1739	0.00149510353591986
chrM	1739	1740	0.00231274246493584
chrM	1740	1741	0.00379520762018157
chrM	1741	1742	0.0017871770049892
chrM	1742	1743	0.012029520295203
chrM	1743	1744	0.000738879858135067
chrM	1744	1745	0.00258417011222682
chrM	1745	1746	0.0111265646731572
chrM	1746	1747	0.0106220443797745
chrM	1747	1748	0.0158431599508066
chrM	1748	1749	0.00131071142503459
chrM	1749	1750	0.00378815473155096
chrM	1750	1751	0.00116890707188778
chrM	1751	1752	0.00131607808729985
chrM	1752	1753	0.00845727617381161
chrM	1753	1754	0.00858119409497491
chrM	1754	1755	0.0048041927500364
chrM	1755	1756	0.0029237628828302
chrM	1756	1757	0.00366434591425431
chrM	1757	1758	0.0217647058823529
chrM	1758	1759	0.0263711495116454
chrM	1759	1760	0.006591048436542
chrM	1760	1761	0.00398314821907315
chrM	1761	1762	0.00145996619025665
chrM	1762	1763	0.00123048527262939
chrM	1763	1764	0.0137952176578786
chrM	1764	1765	0.0182926829268293
chrM	1765	1766	0.00259680745436493
chrM	1766	1767	0.00206091138081063
chrM	1767	1768	0.00144861238182373
chrM	1768	1769	0.00457003579861376
chrM	1769	1770	0.00129909827296347
chrM	1770	1771	0.00812699377183655
chrM	1771	1772	0.00144354961252089
chrM	1772	1773	0.000683890577507599
chrM	1773	1774	0.00121460563273362
chrM	1774	1775	0.00499281337468795
chrM	1775	1776	0.00810483260112104
chrM	1776	1777	0.000916240360387875
chrM	1777	1778	0.00570472351106716
chrM	1778	1779	0.000380662352493338
chrM	1779	1780	0.00281048233953665
chrM	1780	1781	0.000835739249354202
chrM	1781	1782	0.00752679996958869
chrM	1782	1783	0.0033685499923442
chrM	1783	1784	0.00184091432077932
chrM	1784	1785	0.00253261703760553
chrM	1785	1786	0.000922225637872733
chrM	1786	1787	0.00168944862540316
chrM	1787	1788	0.00153515505066012
chrM	1788	1789	0.000230361667818475
chrM	1789	1790	0.00268610897927859
chrM	1790	1791	0.00391644908616188
chrM	1791	1792	0.00107791807822605
chrM	1792	1793	0.000539374325782093
chrM	1793	1794	0.00138557462858902
chrM	1794	1795	0.00046189376443418
chrM	1795	1796	0.000770119368502118
chrM	1796	1797	0.00551851000229938
chrM	1797	1798	0.00428560495905717
chrM	1798	1799	0.00267891312667432
chrM	1799	1800	0.00412025026705326
chrM	1800	1801	0.00129790807756909
chrM	1801	1802	0.0268164107265643
chrM	1802	1803	0.00368801004394225
chrM	1803	1804	0.00603353706315625
chrM	1804	1805	0.0297586503163321
chrM	1805	1806	0.00383631713554987
chrM	1806	1807	0.00215586074736506
chrM	1807	1808	0.00239501836180744
chrM	1808	1809	0.040956723462123
chrM	1809	1810	0.00475
chrM	1810	1811	0.0168670674682699
chrM	1811	1812	0.00447786414329165
chrM	1812	1813	0.00630517023959647
chrM	1813	1814	0.000924913814849071
chrM	1814	1815	0.00227196230225513
chrM	1815	1816	0.00674593136014841
chrM	1816	1817	0.00118805159538357
chrM	1817	1818	0.00670912951167728
chrM	1818	1819	0.00332565873624968
chrM	1819	1820	0.00136530420684359
chrM	1820	1821	0.00153806716226609
chrM	1821	1822	0.00470527846693472
chrM	1822	1823	0.00300687285223368
chrM	1823	1824	0.005858533643491
chrM	1824	1825	0.00623862750194957
chrM	1825	1826	0.00313670819900671
chrM	1826	1827	0.000873133676765913
chrM	1827	1828	0.00192156520220107
chrM	1828	1829	0.00236179146256123
chrM	1829	1830	0.00324134910205869
chrM	1830	1831	0.000527055516514406
chrM	1831	1832	0.000439290107186786
chrM	1832	1833	0.000614844093104963
chrM	1833	1834	0.00149148973504124
chrM	1834	1835	0.00350048131618097
chrM	1835	1836	0.000962969447605708
chrM	1836	1837	0.00131371518654756
chrM	1837	1838	0.00637610271639445
chrM	1838	1839	0.00210028878970859
chrM	1839	1840	0.00175008750437522
chrM	1840	1841	0.000962127175719409
chrM	1841	1842	0.00148679377295785
chrM	1842	1843	0.00306345733041575
chrM	1843	1844	0.000877500877500878
chrM	1844	1845	0.00122893258426966
chrM	1845	1846	0.00482667836770513
chrM	1846	1847	0.00836120401337793
chrM	1847	1848	0.000709094132246056
chrM	1848	1849	0.00301311591634172
chrM	1849	1850	0.00310421286031042
chrM	1850	1851	0.00452810086122703
chrM	1851	1852	0.00472202423378475
chrM	1852	1853	0.00869102518623625
chrM	1853	1854	0.00230537329313708
chrM	1854	1855	0.00600388486667844
chrM	1855	1856	0.00211584236974345
chrM	1856	1857	0.00387051372273047
chrM	1857	1858	0.00438519557972286
chrM	1858	1859	0.00210268091817067
chrM	1859	1860	0.00593161200279135
chrM	1860	1861	0.0192669977735914
chrM	1861	1862	0.00462289187569557
chrM	1862	1863	0.00308589062232128
chrM	1863	1864	0.0053014108593416
chrM	1864	1865	0.0119260584376863
chrM	1865	1866	0.00376196990424077
chrM	1866	1867	0.00171218217618355
chrM	1867	1868	0.00435822936250214
chrM	1868	1869	0.00451948494926239
chrM	1869	1870	0.0030664395229983
chrM	1870	1871	0.00517431503944355
chrM	1871	1872	0.00940438871473354
chrM	1872	1873	0.00776053215077605
chrM	1873	1874	0.00102898302178014
chrM	1874	1875	0.00505873274457687
chrM	1875	1876	0.013442931757856
chrM	1876	1877	0.00750258709899965
chrM	1877	1878	0.00596009328841669
chrM	1878	1879	0.0102798894263994
chrM	1879	1880	0.00392293609972975
chrM	1880	1881	0.0712976699537481
chrM	1881	1882	0.0026249179713134
chrM	1882	1883	0.00873731679819617
chrM	1883	1884	0.0023672000757504
chrM	1884	1885	0.00379075056861259
chrM	1885	1886	0.00246702723218522
chrM	1886	1887	0.0124347413383958
chrM	1887	1888	0.00632062823213944
chrM	1888	1889	0.0102519881191913
chrM	1889	1890	0.0160185274534401
chrM	1890	1891	0.001960399921584
chrM	1891	1892	0.0300450185946369
chrM	1892	1893	0.0286022137329807
chrM	1893	1894	0.00926106453499708
chrM	1894	1895	0.0031219512195122
chrM	1895	1896	0.000586682311528307
chrM	1896	1897	0.0439677763758129
chrM	1897	1898	0.00998402555910543
chrM	1898	1899	0.0274228425398074
chrM	1899	1900	0.0184395756914841
chrM	1900	1901	0.011183879093199
chrM	1901	1902	0.00305374592833876
chrM	1902	1903	0.0127564037146648
chrM	1903	1904	0.0109572048790573
chrM	1904	1905	0.041370664437944
chrM	1905	1906	0.00283193551900664
chrM	1906	1907	0.00780318630107294
chrM	1907	1908	0.043464123130284
chrM	1908	1909	0.00373937677053824
chrM	1909	1910	0.00966678039349483
chrM	1910	1911	0.0168752152450924
chrM	1911	1912	0.019140989729225
chrM	1912	1913	0.00106951871657754
chrM	1913	1914	0.00308129888599194
chrM	1914	1915	0.0577219390778713
chrM	1915	1916	0.0188584360070405
chrM	1916	1917	0.00294645144760441
chrM	1917	1918	0.0128485159964024
chrM	1918	1919	0.00208143619097177
chrM	1919	1920	0.0065095690665278
chrM	1920	1921	0.00144016758313695
chrM	1921	1922	0.00209698558322412
chrM	1922	1923	0.00851008117308196
chrM	1923	1924	0.00499671268902038
chrM	1924	1925	0.0229581739015701
chrM	1925	1926	0.00121457489878543
chrM	1926	1927	0.0056695464362851
chrM	1927	1928	0.00122100122100122
chrM	1928	1929	0.00162932790224033
chrM	1929	1930	0.00203804347826087
chrM	1930	1931	0.0371001573151547
chrM	1931	1932	0.00891920251836306
chrM	1932	1933	0.00251156642432254
chrM	1933	1934	0.00542041248016922
chrM	1934	1935	0.00318429083189598
chrM	1935	1936	0.00624667729930888
chrM	1936	1937	0.0108379592915675
chrM	1937	1938	0.0400264200792602
chrM	1938	1939	0.00930614479266457
chrM	1939	1940	0.000961802693047541
chrM	1940	1941	0.00301741873542724
chrM	1941	1942	0.0156464452374417
chrM	1942	1943	0.00459994424310008
chrM	1943	1944	0.0259421081376297
chrM	1944	1945	0.00736899563318777
chrM	1945	1946	0.00493827160493827
chrM	1946	1947	0.0154312482777625
chrM	1947	1948	0.0397369525675108
chrM	1948	1949	0.00262237762237762
chrM	1949	1950	0.00102219626168224
chrM	1950	1951	0.00335570469798658
chrM	1951	1952	0.00350211586166642
chrM	1952	1953	0.00160795205379331
chrM	1953	1954	0.00160936356986101
chrM	1954	1955	0.0311631309436723
chrM	1955	1956	0.0194570135746606
chrM	1956	1957	0.0156898938624827
chrM	1957	1958	0
chrM	1958	1959	0.0003125
chrM	1959	1960	0
chrM	1960	1961	0
chrM	1961	1962	0.00171606864274571
chrM	1962	1963	0.000311915159076731
chrM	1963	1964	0.000155933260564478
chrM	1964	1965	0.000155908949173683
chrM	1965	1966	0.0311178247734139
chrM	1966	1967	0.00165912518853695
chrM	1967	1968	0.00135664757310823
chrM	1968	1969	0.00165737532017478
chrM	1969	1970	0.00105517033463973
chrM	1970	1971	0.00105517033463973
chrM	1971	1972	0.0040595399188092
chrM	1972	1973	0.0111345170027084
chrM	1973	1974	0.00470909919489594
chrM	1974	1975	0.00653098420413123
chrM	1975	1976	0.00182620605691676
chrM	1976	1977	0.00274097761534947
chrM	1977	1978	0.0121858339680122
chrM	1978	1979	0.0135384615384615
chrM	1979	1980	0.000623247117482082
chrM	1980	1981	0.00403476101800124
chrM	1981	1982	0.00170436938332817
chrM	1982	1983	0.00108426270136307
chrM	1983	1984	0.00061986672865334
chrM	1984	1985	0.000774593338497289
chrM	1985	1986	0.000154894671623296
chrM	1986	1987	0.001855574454925
chrM	1987	1988	0.000463893613731251
chrM	1988	1989	0.00170094325034792
chrM	1989	1990	0.00385623939534166
chrM	1990	1991	0.000462534690101758
chrM	1991	1992	0.00230733733271804
chrM	1992	1993	0.00138248847926267
chrM	1993	1994	0.00611340363747516
chrM	1994	1995	0.00381213784690454
chrM	1995	1996	0.000305064063453325
chrM	1996	1997	0.0168042010502626
chrM	1997	1998	0.00045004500450045
chrM	1998	1999	0.0117141162514828
chrM	1999	2000	0.000592856084185564
chrM	2000	2001	0.00369385342789598
chrM	2001	2002	0.00777810390372762
chrM	2002	2003	0.000587199060481503
chrM	2003	2004	0.0033684827182191
chrM	2004	2005	0.00131713742133763
chrM	2005	2006	0.016839378238342
chrM	2006	2007	0.001294033069734
chrM	2007	2008	0.00100545820166619
chrM	2008	2009	0.00854457419538593
chrM	2009	2010	0.00185132440900028
chrM	2010	2011	0.00171013253527148
chrM	2011	2012	0.00482543286971331
chrM	2012	2013	0.00283768444948922
chrM	2013	2014	0.00999859174764118
chrM	2014	2015	0.00070412617941135
chrM	2015	2016	0.0123851934316727
chrM	2016	2017	0.0041649312786339
chrM	2017	2018	0.00611450806003335
chrM	2018	2019	0.0302331887201735
chrM	2019	2020	0.0087778528021607
chrM	2020	2021	0.00474319013416452
chrM	2021	2022	0.000272108843537415
chrM	2022	2023	0.00666485310119695
chrM	2023	2024	0.00720598232494901
chrM	2024	2025	0.00475414289595219
chrM	2025	2026	0.00757473285540376
chrM	2026	2027	0.0124265098877606
chrM	2027	2028	0.00730799893701834
chrM	2028	2029	0.00106382978723404
chrM	2029	2030	0.00185997077188787
chrM	2030	2031	0.0594594594594595
chrM	2031	2032	0.00340178908907648
chrM	2032	2033	0.00138556493261116
chrM	2033	2034	0.0035167043456418
chrM	2034	2035	0.00250972518509223
chrM	2035	2036	0.023736317796089
chrM	2036	2037	0.0143867349426969
chrM	2037	2038	0.0218632333292846
chrM	2038	2039	0.00797448165869218
chrM	2039	2040	0.0583110698106633
chrM	2040	2041	0.0520602569782898
chrM	2041	2042	0.130691898285038
chrM	2042	2043	0.00640704775252778
chrM	2043	2044	0.00610671738912804
chrM	2044	2045	0.00959808038392321
chrM	2045	2046	0.159200609704463
chrM	2046	2047	0.0771244941680552
chrM	2047	2048	0.0787195940904343
chrM	2048	2049	0.0112209259121647
chrM	2049	2050	0.0159683562847934
chrM	2050	2051	0.0165495020503808
chrM	2051	2052	0.0230797233345468
chrM	2052	2053	0.00909421607857403
chrM	2053	2054	0.00444800933352778
chrM	2054	2055	0.0138818959936704
chrM	2055	2056	0.0311715481171548
chrM	2056	2057	0.00320781032078103
chrM	2057	2058	0.000978678783642083
chrM	2058	2059	0.00230753094189218
chrM	2059	2060	0.00362951071403643
chrM	2060	2061	0.00851741569143411
chrM	2061	2062	0.00262721238938053
chrM	2062	2063	0.00639263128952433
chrM	2063	2064	0.0104804682183204
chrM	2064	2065	0.00264945652173913
chrM	2065	2066	0.00352375143999458
chrM	2066	2067	0.0029790115098172
chrM	2067	2068	0.0138992474066038
chrM	2068	2069	0.0103436543041851
chrM	2069	2070	0.00190294957183635
chrM	2070	2071	0.00784685111276466
chrM	2071	2072	0.0118494580219484
chrM	2072	2073	0.0103127527635481
chrM	2073	2074	0.00365581206417981
chrM	2074	2075	0.00203086921202275
chrM	2075	2076	0.00264281357999593
chrM	2076	2077	0.0270448984989751
chrM	2077	2078	0.00198360222163449
chrM	2078	2079	0.00697551987365096
chrM	2079	2080	0.028544
chrM	2080	2081	0.00665813060179257
chrM	2081	2082	0.00875063873275422
chrM	2082	2083	0.000957670944263551
chrM	2083	2084	0.00388559780877763
chrM	2084	2085	0.00191046296885945
chrM	2085	2086	0.0102221100454316
chrM	2086	2087	0.00795988718270135
chrM	2087	2088	0.00867719582995193
chrM	2088	2089	0.00106502944493171
chrM	2089	2090	0.00237722865186112
chrM	2090	2091	0.00732119391777736
chrM	2091	2092	0.0186811827291847
chrM	2092	2093	0.000618276245826635
chrM	2093	2094	0.000370874026455681
chrM	2094	2095	0.000247188233840069
chrM	2095	2096	0.000432392365186238
chrM	2096	2097	0.0217023334542377
chrM	2097	2098	0.00199323508093742
chrM	2098	2099	0.000785308686722242
chrM	2099	2100	0.000483120961410713
chrM	2100	2101	0.000603718908476213
chrM	2101	2102	0.000543183052688756
chrM	2102	2103	0.0006635700066357
chrM	2103	2104	0.00367602747981198
chrM	2104	2105	0.0034327009936766
chrM	2105	2106	0.0010831628354796
chrM	2106	2107	0.00156287569127194
chrM	2107	2108	0.00372417107160019
chrM	2108	2109	0.0164289582957213
chrM	2109	2110	0.0021979363819525
chrM	2110	2111	0.00140466593379748
chrM	2111	2112	0.00158778625954198
chrM	2112	2113	0.00710210027922787
chrM	2113	2114	0.0031541914351571
chrM	2114	2115	0.00375734803951276
chrM	2115	2116	0.00610714717620027
chrM	2116	2117	0.00489781110170516
chrM	2117	2118	0.000363416111447608
chrM	2118	2119	0.00175587309275854
chrM	2119	2120	0.00622506950320319
chrM	2120	2121	0.00812176633377452
chrM	2121	2122	0.00336518238086653
chrM	2122	2123	0.000240760804141086
chrM	2123	2124	0.000662012518054887
chrM	2124	2125	0.00825457590620888
chrM	2125	2126	0.000958083832335329
chrM	2126	2127	0.0116637063351095
chrM	2127	2128	0.0123427902895584
chrM	2128	2129	0.00321205396250657
chrM	2129	2130	0.00262712359156985
chrM	2130	2131	0.00210354096061704
chrM	2131	2132	0.0154707614154592
chrM	2132	2133	0.00664355863662623
chrM	2133	2134	0.000406693004880316
chrM	2134	2135	0.000348492768775048
chrM	2135	2136	0.00978023242434703
chrM	2136	2137	0.0101430280927688
chrM	2137	2138	0.00437301226715129
chrM	2138	2139	0.00294784580498866
chrM	2139	2140	0.0155281237781377
chrM	2140	2141	0.00751126690035053
chrM	2141	2142	0.00918192377897008
chrM	2142	2143	0.00825900231252065
chrM	2143	2144	0.00265178719407768
chrM	2144	2145	0.013388709765561
chrM	2145	2146	0.00223616034905918
chrM	2146	2147	0.00223202134030159
chrM	2147	2148	0.00445192464303165
chrM	2148	2149	0.00541418516513265
chrM	2149	2150	0.00765787628754786
chrM	2150	2151	0.000540598983673911
chrM	2151	2152	0.00539170755378228
chrM	2152	2153	0.00210469508904479
chrM	2153	2154	0.000648018144508046
chrM	2154	2155	0.00226439508302782
chrM	2155	2156	0.000485044462409054
chrM	2156	2157	0.00129226793021753
chrM	2157	2158	0.00204301075268817
chrM	2158	2159	0.000215076889988171
chrM	2159	2160	0.00332421854056083
chrM	2160	2161	0.00240847784200385
chrM	2161	2162	0.000962875789023216
chrM	2162	2163	0.000320924261874198
chrM	2163	2164	0.000641642605068977
chrM	2164	2165	0.00160307790958641
chrM	2165	2166	0.00556090257726446
chrM	2166	2167	0.000215030641866466
chrM	2167	2168	0.00278895146151783
chrM	2168	2169	0.000697537157267801
chrM	2169	2170	0.00107301893878427
chrM	2170	2171	0.000965665236051502
chrM	2171	2172	0.0064952493424231
chrM	2172	2173	0.00307178271179133
chrM	2173	2174	0.0144990028566809
chrM	2174	2175	0.00245459008345606
chrM	2175	2176	0.00272598408025297
chrM	2176	2177	0.00169204737732657
chrM	2177	2178	0.00741265602005777
chrM	2178	2179	0.00213429650303727
chrM	2179	2180	0.00323163718025963
chrM	2180	2181	0.00334228261465125
chrM	2181	2182	0.0061897458369851
chrM	2182	2183	0.0170574538365733
chrM	2183	2184	0.00442573402417962
chrM	2184	2185	0.00523588470258016
chrM	2185	2186	0.00509485094850949
chrM	2186	2187	0.0073997497143479
chrM	2187	2188	0.0326858015933646
chrM	2188	2189	0.0104955940955267
chrM	2189	2190	0.00770320022656471
chrM	2190	2191	0.00359424920127796
chrM	2191	2192	0.00669604532707606
chrM	2192	2193	0.00155440414507772
chrM	2193	2194	0.00172701629152035
chrM	2194	2195	0.0689615473175225
chrM	2195	2196	0.00197640664566735
chrM	2196	2197	0.000371287128712871
chrM	2197	2198	0.00290931600123801
chrM	2198	2199	0.001364679610446
chrM	2199	2200	0.00675633794086655
chrM	2200	2201	0.00323403196716214
chrM	2201	2202	0.00279624681538557
chrM	2202	2203	0.00348193744948082
chrM	2203	2204	0.00355583281347473
chrM	2204	2205	0.00381393022383394
chrM	2205	2206	0.00538712102230018
chrM	2206	2207	0.00557120500782473
chrM	2207	2208	0.00112570356472795
chrM	2208	2209	0.000875382980053774
chrM	2209	2210	0.00125140783381304
chrM	2210	2211	0.00746779513348684
chrM	2211	2212	0.0323283690519433
chrM	2212	2213	0.00212468888484186
chrM	2213	2214	0.0016989260360415
chrM	2214	2215	0.0054380664652568
chrM	2215	2216	0.00787165004206225
chrM	2216	2217	0.00724160631994733
chrM	2217	2218	0.00579831430450117
chrM	2218	2219	0.0753854270473064
chrM	2219	2220	0.00259692079391579
chrM	2220	2221	0.000619003404518725
chrM	2221	2222	0.00235206734340183
chrM	2222	2223	0.0488742789803386
chrM	2223	2224	0.017286806760491
chrM	2224	2225	0.00244766505636071
chrM	2225	2226	0.0028319495398082
chrM	2226	2227	0.00431006754583467
chrM	2227	2228	0.027734778121775
chrM	2228	2229	0.0110654651470978
chrM	2229	2230	0.00679909345420611
chrM	2230	2231	0.0116791243993593
chrM	2231	2232	0.000742140062069896
chrM	2232	2233	0.00107896688920359
chrM	2233	2234	0.0127855097556103
chrM	2234	2235	0.0250910036401456
chrM	2235	2236	0.00376966073053425
chrM	2236	2237	0.00662294656191156
chrM	2237	2238	0.00299089726918075
chrM	2238	2239	0.00845652314246982
chrM	2239	2240	0.00212807119365448
chrM	2240	2241	0.0245870393900889
chrM	2241	2242	0.00608428333546817
chrM	2242	2243	0.00109352888202753
chrM	2243	2244	0.00212286908973947
chrM	2244	2245	0.0119783370500159
chrM	2245	2246	0.0163809038179616
chrM	2246	2247	0.000647920176234288
chrM	2247	2248	0.0036281179138322
chrM	2248	2249	0.000454840805717999
chrM	2249	2250	0.00175370226032736
chrM	2250	2251	0.00825372067329564
chrM	2251	2252	0.0151237396883593
chrM	2252	2253	0.00511457987379608
chrM	2253	2254	0.00273278677597814
chrM	2254	2255	0.00446905016008538
chrM	2255	2256	0.00227576974564926
chrM	2256	2257	0.0120683875293329
chrM	2257	2258	0.0020329335230738
chrM	2258	2259	0.00182939223524629
chrM	2259	2260	0.00257365391127667
chrM	2260	2261	0.0120921434844288
chrM	2261	2262	0.00891763104152485
chrM	2262	2263	0.00205831903945111
chrM	2263	2264	0.00315868983039209
chrM	2264	2265	0.00722145804676754
chrM	2265	2266	0.00837912087912088
chrM	2266	2267	0.00329828901257473
chrM	2267	2268	0.00671324839019044
chrM	2268	2269	0.00315198026586268
chrM	2269	2270	0.0189443338595648
chrM	2270	2271	0.0050296891372686
chrM	2271	2272	0.00686466797422247
chrM	2272	2273	0.0138332982234394
chrM	2273	2274	0.00382951563718885
chrM	2274	2275	0.018136908962597
chrM	2275	2276	0.0120576484018265
chrM	2276	2277	0.0197543279936786
chrM	2277	2278	0.0393413958910098
chrM	2278	2279	0.0416729692936016
chrM	2279	2280	0.004719578384331
chrM	2280	2281	0.00252286345001577
chrM	2281	2282	0.00583044437440908
chrM	2282	2283	0.00900402811784219
chrM	2283	2284	0.0108343218663503
chrM	2284	2285	0.00664451827242525
chrM	2285	2286	0.00806898188434459
chrM	2286	2287	0.006407720908156
chrM	2287	2288	0.00276789244760775
chrM	2288	2289	0.00340486182595613
chrM	2289	2290	0.0126831573971955
chrM	2290	2291	0.0216216216216216
chrM	2291	2292	0.00387504942665085
chrM	2292	2293	0.0114733343883526
chrM	2293	2294	0.0120501157130317
chrM	2294	2295	0.0311661669559729
chrM	2295	2296	0.00214814225475376
chrM	2296	2297	0.00159261028826246
chrM	2297	2298	0.00470419390846755
chrM	2298	2299	0.00496476617552851
chrM	2299	2300	0.00611571578015611
chrM	2300	2301	0.00621719822365765
chrM	2301	2302	0.0238847056918468
chrM	2302	2303	0.000497141436738752
chrM	2303	2304	0.000745650372825186
chrM	2304	2305	0.00297692880178616
chrM	2305	2306	0.00346935403931935
chrM	2306	2307	0.00165439655885516
chrM	2307	2308	0.000827746047512623
chrM	2308	2309	0.00140705181261381
chrM	2309	2310	0.00265054253292471
chrM	2310	2311	0.00099618130499751
chrM	2311	2312	0.00539777445607042
chrM	2312	2313	0.0115999668572376
chrM	2313	2314	0.00282979608822305
chrM	2314	2315	0.00448691316992106
chrM	2315	2316	0.00149414792064414
chrM	2316	2317	0.00339432072191407
chrM	2317	2318	0.00422325273269294
chrM	2318	2319	0.00498711661541019
chrM	2319	2320	0.00750625521267723
chrM	2320	2321	0.00234643425794017
chrM	2321	2322	0.0109687683161685
chrM	2322	2323	0.00346166835528538
chrM	2323	2324	0.0310228233305156
chrM	2324	2325	0.0029580650774317
chrM	2325	2326	0.00261187532648442
chrM	2326	2327	0.00304718788089849
chrM	2327	2328	0.00557782813317065
chrM	2328	2329	0.00210120819471196
chrM	2329	2330	0.0150453955901427
chrM	2330	2331	0.0105770057614584
chrM	2331	2332	0.00629907671067391
chrM	2332	2333	0.0145448323066393
chrM	2333	2334	0.00717029449423816
chrM	2334	2335	0.00171511877197496
chrM	2335	2336	0.0139854212578403
chrM	2336	2337	0.0111073427166356
chrM	2337	2338	0.00582441113490364
chrM	2338	2339	0.00214961306964746
chrM	2339	2340	0.00619408121128699
chrM	2340	2341	0.00553824852890273
chrM	2341	2342	0.00564922649052668
chrM	2342	2343	0.0102165560600768
chrM	2343	2344	0.00405000880436697
chrM	2344	2345	0.00591089545655051
chrM	2345	2346	0.00408018449529892
chrM	2346	2347	0.0211743772241993
chrM	2347	2348	0.000363339086202198
chrM	2348	2349	0.00873795153589767
chrM	2349	2350	0.00252025202520252
chrM	2350	2351	0.0164996008161093
chrM	2351	2352	0.00662251655629139
chrM	2352	2353	0.0023841059602649
chrM	2353	2354	0.00265087920827074
chrM	2354	2355	0.0025654635527247
chrM	2355	2356	0.00961453647349387
chrM	2356	2357	0.00106326422115896
chrM	2357	2358	0.00336581045172719
chrM	2358	2359	0.00496850323839943
chrM	2359	2360	0.0216584158415842
chrM	2360	2361	0.0362652952651179
chrM	2361	2362	0.0060881417537483
chrM	2362	2363	0.0300566416955966
chrM	2363	2364	0.00847537432903287
chrM	2364	2365	0.0134788799240626
chrM	2365	2366	0.00653971917676476
chrM	2366	2367	0.00793650793650794
chrM	2367	2368	0.0319875170665106
chrM	2368	2369	0.00161063015904973
chrM	2369	2370	0.00342465753424658
chrM	2370	2371	0.00626199373800626
chrM	2371	2372	0.00792441328863151
chrM	2372	2373	0.0112601085065002
chrM	2373	2374	0.00496740142812791
chrM	2374	2375	0.00176660085212512
chrM	2375	2376	0.00135233537917404
chrM	2376	2377	0.000624934902614311
chrM	2377	2378	0.000625130235465722
chrM	2378	2379	0.00218863991662324
chrM	2379	2380	0.00146168302359574
chrM	2380	2381	0.00491220735785953
chrM	2381	2382	0.0015752993068683
chrM	2382	2383	0.00799242822589126
chrM	2383	2384	0.0025439898240407
chrM	2384	2385	0.00665118243243243
chrM	2385	2386	0.00462914255654918
chrM	2386	2387	0.000842282585807538
chrM	2387	2388	0.000842371275139518
chrM	2388	2389	0.00136798905608755
chrM	2389	2390	0.00220913107511046
chrM	2390	2391	0.00136928586475669
chrM	2391	2392	0.000632511068943707
chrM	2392	2393	0.000738240877452014
chrM	2393	2394	0.00105507491031863
chrM	2394	2395	0.00168936754302608
chrM	2395	2396	0.000739801310505179
chrM	2396	2397	0.0567533291058973
chrM	2397	2398	0.000336134453781513
chrM	2398	2399	0.00156915489800493
chrM	2399	2400	0.00213291423439605
chrM	2400	2401	0.0103498706266172
chrM	2401	2402	0.000340947834981248
chrM	2402	2403	0.00045459711330833
chrM	2403	2404	0.000113675116516994
chrM	2404	2405	0.000113675116516994
chrM	2405	2406	0.00272170560217736
chrM	2406	2407	0.00113430127041742
chrM	2407	2408	0.00113558937088349
chrM	2408	2409	0.00181797523008749
chrM	2409	2410	0.00170493293930439
chrM	2410	2411	0.00307097361237489
chrM	2411	2412	0.00513288468119083
chrM	2412	2413	0.0613250802384227
chrM	2413	2414	0.014161884995727
chrM	2414	2415	0.0047047170979324
chrM	2415	2416	0.0054726368159204
chrM	2416	2417	0.00200050012503126
chrM	2417	2418	0.00288040075140889
chrM	2418	2419	0.00163255054627653
chrM	2419	2420	0.0247798742138365
chrM	2420	2421	0.00399845221204695
chrM	2421	2422	0.00375404530744337
chrM	2422	2423	0.000259773996622938
chrM	2423	2424	0.00038971161340608
chrM	2424	2425	0.00337837837837838
chrM	2425	2426	0.00521444400990744
chrM	2426	2427	0.000916950484673828
chrM	2427	2428	0.00262054507337526
chrM	2428	2429	0.0094525403702245
chrM	2429	2430	0.00251755664502451
chrM	2430	2431	0.0119553666312434
chrM	2431	2432	0.00120967741935484
chrM	2432	2433	0.000941746266648729
chrM	2433	2434	0.0296176628971459
chrM	2434	2435	0.00277392510402219
chrM	2435	2436	0.0062586926286509
chrM	2436	2437	0.00139958012596221
chrM	2437	2438	0.00224246671338472
chrM	2438	2439	0.0765556960247226
chrM	2439	2440	0.00699619771863118
chrM	2440	2441	0.00244910454615031
chrM	2441	2442	0
chrM	2442	2443	0.00107345499156571
chrM	2443	2444	0.0142725598526703
chrM	2444	2445	0.00373540856031128
chrM	2445	2446	0.0106200218647509
chrM	2446	2447	0.00315656565656566
chrM	2447	2448	0.000474908975779642
chrM	2448	2449	0.00237379332172812
chrM	2449	2450	0.00602409638554217
chrM	2450	2451	0.0165869218500797
chrM	2451	2452	0.000648718780408693
chrM	2452	2453	0.00210970464135021
chrM	2453	2454	0.00699300699300699
chrM	2454	2455	0.00130975769482646
chrM	2455	2456	0.0132743362831858
chrM	2456	2457	0.00049825610363727
chrM	2457	2458	0.00149551345962114
chrM	2458	2459	0.00532534531536029
chrM	2459	2460	0.0299481345156433
chrM	2460	2461	0.00758882373232149
chrM	2461	2462	0.00677671589921807
chrM	2462	2463	0.0012242042672263
chrM	2463	2464	0.000175070028011204
chrM	2464	2465	0.00770443004727718
chrM	2465	2466	0.03476266101994
chrM	2466	2467	0.00237659963436929
chrM	2467	2468	0.00146573836570172
chrM	2468	2469	0.0227439471753485
chrM	2469	2470	0.0106961906549071
chrM	2470	2471	0.00151745068285281
chrM	2471	2472	0.00968844984802432
chrM	2472	2473	0.00633032802608862
chrM	2473	2474	0.0202702702702703
chrM	2474	2475	0.0401970443349754
chrM	2475	2476	0.000615889960993636
chrM	2476	2477	0.00246406570841889
chrM	2477	2478	0.0403126285479227
chrM	2478	2479	0.0207753266224031
chrM	2479	2480	0.00524819593264815
chrM	2480	2481	0.00835348428225984
chrM	2481	2482	0.0203945909997783
chrM	2482	2483	0.0221769631138267
chrM	2483	2484	0.00138856746123582
chrM	2484	2485	0.00903614457831325
chrM	2485	2486	0.0037400654511454
chrM	2486	2487	0.00281557954012201
chrM	2487	2488	0.00235294117647059
chrM	2488	2489	0.0351415094339623
chrM	2489	2490	0.00904203323558162
chrM	2490	2491	0.000246487552378605
chrM	2491	2492	0
chrM	2492	2493	0.0194677180877279
chrM	2493	2494	0.0391959798994975
chrM	2494	2495	0.0993723849372385
chrM	2495	2496	0.00638792102206736
chrM	2496	2497	0.0189947399181765
chrM	2497	2498	0.00417039022937146
chrM	2498	2499	0.00538438528268023
chrM	2499	2500	0.00330827067669173
chrM	2500	2501	0.0126735063367532
chrM	2501	2502	0.0134392180818571
chrM	2502	2503	0.00556930693069307
chrM	2503	2504	0.00995644057249533
chrM	2504	2505	0.0119421747328724
chrM	2505	2506	0.0257551669316375
chrM	2506	2507	0.00228310502283105
chrM	2507	2508	0.00849673202614379
chrM	2508	2509	0.0856954515491101
chrM	2509	2510	0.0111751982696467
chrM	2510	2511	0.0127551020408163
chrM	2511	2512	0.0025830258302583
chrM	2512	2513	0.0632396449704142
chrM	2513	2514	0.153117600631413
chrM	2514	2515	0.0242085661080074
chrM	2515	2516	0.0743565300285987
chrM	2516	2517	0.00720535254760679
chrM	2517	2518	0.0689119170984456
chrM	2518	2519	0.229271007234279
chrM	2519	2520	0.0389891696750903
chrM	2520	2521	0.0232907588279489
chrM	2521	2522	0.107692307692308
chrM	2522	2523	0.292241379310345
chrM	2523	2524	0.0401948842874543
chrM	2524	2525	0.120558375634518
chrM	2525	2526	0.00721500721500722
chrM	2526	2527	0.0479651162790698
chrM	2527	2528	0.00916030534351145
chrM	2528	2529	0.00770416024653313
chrM	2529	2530	0.0093167701863354
chrM	2530	2531	0.00156494522691706
chrM	2531	2532	0.00625
chrM	2532	2533	0.0156739811912226
chrM	2533	2534	0
chrM	2534	2535	0.00635930047694754
chrM	2535	2536	0.0096
chrM	2536	2537	0.0113085621970921
chrM	2537	2538	0.0065359477124183
chrM	2538	2539	0
chrM	2539	2540	0.00327868852459016
chrM	2540	2541	0.0114754098360656
chrM	2541	2542	0.00165837479270315
chrM	2542	2543	0.00996677740863787
chrM	2543	2544	0.0318791946308725
chrM	2544	2545	0.013840830449827
chrM	2545	2546	0.0837359098228663
chrM	2546	2547	0.193861066235864
chrM	2547	2548	0.00400801603206413
chrM	2548	2549	0.0120724346076459
chrM	2549	2550	0.0162932790224033
chrM	2550	2551	0.0082815734989648
chrM	2551	2552	0.00208333333333333
chrM	2552	2553	0
chrM	2553	2554	0.00625
chrM	2554	2555	0
chrM	2555	2556	0
chrM	2556	2557	0.00209643605870021
chrM	2557	2558	0
chrM	2558	2559	0
chrM	2559	2560	0
chrM	2560	2561	0
chrM	2561	2562	0.00210084033613445
chrM	2562	2563	0.00210526315789474
chrM	2563	2564	0.00210970464135021
chrM	2564	2565	0
chrM	2565	2566	0.00210970464135021
chrM	2566	2567	0
chrM	2567	2568	0
chrM	2568	2569	0
chrM	2569	2570	0
chrM	2570	2571	0
chrM	2571	2572	0
chrM	2572	2573	0
chrM	2573	2574	0
chrM	2574	2575	0
chrM	2575	2576	0
chrM	2576	2577	0
chrM	2577	2578	0
chrM	2578	2579	0
chrM	2579	2580	0.00421052631578947
chrM	2580	2581	0
chrM	2581	2582	0.00210526315789474
chrM	2582	2583	0.00842105263157895
chrM	2583	2584	0
chrM	2584	2585	0.00212314225053079
chrM	2585	2586	0
chrM	2586	2587	0
chrM	2587	2588	0.00212765957446809
chrM	2588	2589	0.00213219616204691
chrM	2589	2590	0.00213219616204691
chrM	2590	2591	0
chrM	2591	2592	0.00212765957446809
chrM	2592	2593	0.00212314225053079
chrM	2593	2594	0.00424628450106157
chrM	2594	2595	0.00425531914893617
chrM	2595	2596	0.00426439232409382
chrM	2596	2597	0
chrM	2597	2598	0.0127388535031847
chrM	2598	2599	0.00847457627118644
chrM	2599	2600	0.00632911392405063
chrM	2600	2601	0
chrM	2601	2602	0
chrM	2602	2603	0.00421940928270042
chrM	2603	2604	0
chrM	2604	2605	0
chrM	2605	2606	0
chrM	2606	2607	0
chrM	2607	2608	0
chrM	2608	2609	0
chrM	2609	2610	0
chrM	2610	2611	0.00423728813559322
chrM	2611	2612	0
chrM	2612	2613	0
chrM	2613	2614	0
chrM	2614	2615	0
chrM	2615	2616	0
chrM	2616	2617	0
chrM	2617	2618	0.00425531914893617
chrM	2618	2619	0.00213219616204691
chrM	2619	2620	0
chrM	2620	2621	0
chrM	2621	2622	0.00213219616204691
chrM	2622	2623	0.00426439232409382
chrM	2623	2624	0.00847457627118644
chrM	2624	2625	0
chrM	2625	2626	0
chrM	2626	2627	0.00211416490486258
chrM	2627	2628	0.00632911392405063
chrM	2628	2629	0
chrM	2629	2630	0
chrM	2630	2631	0.00631578947368421
chrM	2631	2632	0.00210084033613445
chrM	2632	2633	0.00626304801670146
chrM	2633	2634	0
chrM	2634	2635	0.00415800415800416
chrM	2635	2636	0.0041407867494824
chrM	2636	2637	0.0102459016393443
chrM	2637	2638	0.0505836575875486
chrM	2638	2639	0.0587155963302752
chrM	2639	2640	0.0072992700729927
chrM	2640	2641	0.00363636363636364
chrM	2641	2642	0
chrM	2642	2643	0.0054249547920434
chrM	2643	2644	0.00180505415162455
chrM	2644	2645	0.0018018018018018
chrM	2645	2646	0
chrM	2646	2647	0
chrM	2647	2648	0.0176991150442478
chrM	2648	2649	0.00352733686067019
chrM	2649	2650	0.0174216027874564
chrM	2650	2651	0.00349040139616056
chrM	2651	2652	0.0255102040816327
chrM	2652	2653	0.0118243243243243
chrM	2653	2654	0.00843170320404722
chrM	2654	2655	0.0182421227197347
chrM	2655	2656	0.0147058823529412
chrM	2656	2657	0.0048780487804878
chrM	2657	2658	0
chrM	2658	2659	0.00806451612903226
chrM	2659	2660	0.00161030595813205
chrM	2660	2661	0.0064
chrM	2661	2662	0.0188679245283019
chrM	2662	2663	0.0215716486902928
chrM	2663	2664	0.0284431137724551
chrM	2664	2665	0.00298507462686567
chrM	2665	2666	0.00593471810089021
chrM	2666	2667	0.00590841949778434
chrM	2667	2668	0.00589970501474926
chrM	2668	2669	0.0131386861313869
chrM	2669	2670	0
chrM	2670	2671	0.0115440115440115
chrM	2671	2672	0.00431034482758621
chrM	2672	2673	0.00429184549356223
chrM	2673	2674	0.068
chrM	2674	2675	0.0118577075098814
chrM	2675	2676	0.0104302477183833
chrM	2676	2677	0.0364321608040201
chrM	2677	2678	0.0409638554216867
chrM	2678	2679	0.00836320191158901
chrM	2679	2680	0.0118063754427391
chrM	2680	2681	0.70893470790378
chrM	2681	2682	0.00410677618069815
chrM	2682	2683	0.58221332570775
chrM	2683	2684	0.157552397012768
chrM	2684	2685	0.0997614400346996
chrM	2685	2686	0.0678257353684423
chrM	2686	2687	0.0217541777909621
chrM	2687	2688	0.0999466002135991
chrM	2688	2689	0.0521343006580057
chrM	2689	2690	0.0444247359509796
chrM	2690	2691	0.10578309777906
chrM	2691	2692	0.0734282087258636
chrM	2692	2693	0.0231708113047451
chrM	2693	2694	0.0256932078351565
chrM	2694	2695	0.00133375674817402
chrM	2695	2696	0.115101444388243
chrM	2696	2697	0.0277580460084148
chrM	2697	2698	0.0673223932320864
chrM	2698	2699	0.0206628069474945
chrM	2699	2700	0.0377023197733058
chrM	2700	2701	0.00497013142174433
chrM	2701	2702	0.00843481969388239
chrM	2702	2703	0.00113604089747231
chrM	2703	2704	0.00909986397110559
chrM	2704	2705	0.0332396154543806
chrM	2705	2706	0.0160628234874175
chrM	2706	2707	0.0407053888627317
chrM	2707	2708	0.013803292528493
chrM	2708	2709	0.0282233252656192
chrM	2709	2710	0.000369109625558791
chrM	2710	2711	0.00493837237776508
chrM	2711	2712	0.00958001536036218
chrM	2712	2713	0.0250256167730748
chrM	2713	2714	0.00747115196557794
chrM	2714	2715	0.00234155479238214
chrM	2715	2716	0.00256919303982249
chrM	2716	2717	0.000155684427665123
chrM	2717	2718	0.0729929640988634
chrM	2718	2719	0.016152508076254
chrM	2719	2720	0.00687491186010436
chrM	2720	2721	0.00179482667605138
chrM	2721	2722	0.00130043582173485
chrM	2722	2723	0.00294365012615643
chrM	2723	2724	0.000420344682639765
chrM	2724	2725	0.00957535387177352
chrM	2725	2726	0.00114357001767335
chrM	2726	2727	0.00124597653410861
chrM	2727	2728	0.00451350606394708
chrM	2728	2729	0.00199436077298673
chrM	2729	2730	0.000275027502750275
chrM	2730	2731	0.000652808795739564
chrM	2731	2732	0.00362876998391017
chrM	2732	2733	0.00324165699856685
chrM	2733	2734	0.000750136388434261
chrM	2734	2735	0.0001363698349925
chrM	2735	2736	0.00051114291555919
chrM	2736	2737	0.000715112715385139
chrM	2737	2738	0.000374442591142731
chrM	2738	2739	0.0103422719310066
chrM	2739	2740	0.00188298587760592
chrM	2740	2741	0.00361833288662557
chrM	2741	2742	0.00307281229124916
chrM	2742	2743	0.000400654402190244
chrM	2743	2744	0.00339422980932415
chrM	2744	2745	0.000365934797072522
chrM	2745	2746	0.000864218048861559
chrM	2746	2747	0.00604598916347297
chrM	2747	2748	0.00273467101578202
chrM	2748	2749	0.00563509484650919
chrM	2749	2750	0.0153875931481661
chrM	2750	2751	0.00138526464997906
chrM	2751	2752	0.00922438557293329
chrM	2752	2753	0.000414765657403567
chrM	2753	2754	0.0192133178959226
chrM	2754	2755	0.00112524614759479
chrM	2755	2756	0.000125011719848736
chrM	2756	2757	0.00233848840109753
chrM	2757	2758	0.00332514994250909
chrM	2758	2759	0.00278905451052093
chrM	2759	2760	0.00114529808704265
chrM	2760	2761	0.00117487014593124
chrM	2761	2762	0.000957528957528958
chrM	2762	2763	0.00258788009488894
chrM	2763	2764	0.00150732127476314
chrM	2764	2765	0.00699514311024223
chrM	2765	2766	0.00440970743872027
chrM	2766	2767	0.00384755210857974
chrM	2767	2768	0.00494407765819541
chrM	2768	2769	0.000180848177954607
chrM	2769	2770	0.00207543764663418
chrM	2770	2771	0.0114183764495986
chrM	2771	2772	0.00611756361379555
chrM	2772	2773	0.000856316069213961
chrM	2773	2774	0.000649197355996223
chrM	2774	2775	0.00153211549793754
chrM	2775	2776	0.0147754651804116
chrM	2776	2777	0.00361553813669627
chrM	2777	2778	0.00846072217282818
chrM	2778	2779	0.000344046560967918
chrM	2779	2780	0.000630354431105126
chrM	2780	2781	0.000544116383630688
chrM	2781	2782	0.00665680473372781
chrM	2782	2783	0.000483462730711259
chrM	2783	2784	0.000540141005230839
chrM	2784	2785	0.000710207096389307
chrM	2785	2786	0.00073809118264918
chrM	2786	2787	0.000567504681913626
chrM	2787	2788	0.000539037675896505
chrM	2788	2789	0.0315780794811191
chrM	2789	2790	0.0460409019402202
chrM	2790	2791	0.0447110688074544
chrM	2791	2792	0.0231488278764743
chrM	2792	2793	0.0637932219701657
chrM	2793	2794	0.118559097616689
chrM	2794	2795	0.0406769135227449
chrM	2795	2796	0.0506497097041747
chrM	2796	2797	0.00764867337602928
chrM	2797	2798	0.00547950192965849
chrM	2798	2799	0.0169330731916874
chrM	2799	2800	0.16863597130867
chrM	2800	2801	0.00239056839104354
chrM	2801	2802	0.0059648604754171
chrM	2802	2803	0.0049669360764144
chrM	2803	2804	0.0119077007972351
chrM	2804	2805	0.00286723818350324
chrM	2805	2806	0.00352244839035658
chrM	2806	2807	0.01098193985672
chrM	2807	2808	0.01111787783081
chrM	2808	2809	0.0291811127620934
chrM	2809	2810	0.0051074201366543
chrM	2810	2811	0.00837805278720841
chrM	2811	2812	0.00421923531513702
chrM	2812	2813	0.00308413520848754
chrM	2813	2814	0.00996659696385411
chrM	2814	2815	0.000339452530958071
chrM	2815	2816	0.0172921068820713
chrM	2816	2817	0.00117820324005891
chrM	2817	2818	0.00365762494660402
chrM	2818	2819	0.00436797528365205
chrM	2819	2820	0.00142546927247779
chrM	2820	2821	0.00150460034885424
chrM	2821	2822	0.000732288601595058
chrM	2822	2823	0.000452699553957792
chrM	2823	2824	0.00489188795057735
chrM	2824	2825	0.00233328914225109
chrM	2825	2826	0.00127523910733262
chrM	2826	2827	0.00086400552963539
chrM	2827	2828	0.00264483459815792
chrM	2828	2829	0.000972231470999534
chrM	2829	2830	0.000693083823156997
chrM	2830	2831	0.00226657600362652
chrM	2831	2832	0.00476839237057221
chrM	2832	2833	0.00280393893047841
chrM	2833	2834	0.00356984687235784
chrM	2834	2835	0.0185450888367415
chrM	2835	2836	0.00327556914712878
chrM	2836	2837	0.00160188968681699
chrM	2837	2838	0.00391296694964594
chrM	2838	2839	0.0144238582805136
chrM	2839	2840	0.0044875665587089
chrM	2840	2841	0.00259965337954939
chrM	2841	2842	0.00236445617507973
chrM	2842	2843	0.00221327138006406
chrM	2843	2844	0.000825570675729598
chrM	2844	2845	0.00376208260105448
chrM	2845	2846	0.00273344138897283
chrM	2846	2847	0.00092122812083213
chrM	2847	2848	0.0151572616693306
chrM	2848	2849	0.00368649904124018
chrM	2849	2850	0.00384874175750235
chrM	2850	2851	0.00166597251145356
chrM	2851	2852	0.00449450226062763
chrM	2852	2853	0.00203029412550423
chrM	2853	2854	0.000721115325036056
chrM	2854	2855	0.00114720202761289
chrM	2855	2856	0.000346736013869441
chrM	2856	2857	0.0030186170212766
chrM	2857	2858	0.0142649237587025
chrM	2858	2859	0.0114046011666776
chrM	2859	2860	0.000291610885039036
chrM	2860	2861	0.000185597624350408
chrM	2861	2862	0.000397740832073821
chrM	2862	2863	0.00405902107517783
chrM	2863	2864	0.000714181798944598
chrM	2864	2865	0.000238013381641234
chrM	2865	2866	0.000568279434892357
chrM	2866	2867	0.0191342900478357
chrM	2867	2868	0.000401762571280456
chrM	2868	2869	0.000518396599318308
chrM	2869	2870	0.00130854440629656
chrM	2870	2871	0.00097227083576401
chrM	2871	2872	0.000622584243430439
chrM	2872	2873	0.000259433656328235
chrM	2873	2874	0.00103777501037775
chrM	2874	2875	0.00315432843958098
chrM	2875	2876	0.00213474955742997
chrM	2876	2877	0.00170826487233654
chrM	2877	2878	0.00116227440123279
chrM	2878	2879	0.0011633834851832
chrM	2879	2880	0.00134716245732896
chrM	2880	2881	0.00236805610068818
chrM	2881	2882	0.00407468064199148
chrM	2882	2883	0.000157797151761411
chrM	2883	2884	0.00161722940990849
chrM	2884	2885	0.00228811887698074
chrM	2885	2886	0.00430149960536701
chrM	2886	2887	0.00789622852924505
chrM	2887	2888	0.00464709854232037
chrM	2888	2889	0.00558518400594338
chrM	2889	2890	0.00110665191130785
chrM	2890	2891	0.00316084289143772
chrM	2891	2892	0.00790877567351294
chrM	2892	2893	0.000509431179869425
chrM	2893	2894	0.000482437919620482
chrM	2894	2895	0.000294752073312879
chrM	2895	2896	0.0119545647108663
chrM	2896	2897	0.00115097634545166
chrM	2897	2898	0.0022463298933654
chrM	2898	2899	0.0038721272912289
chrM	2899	2900	0.00109980389039063
chrM	2900	2901	0.00280256461101196
chrM	2901	2902	0.0010830658688962
chrM	2902	2903	0.00143860204835815
chrM	2903	2904	0.00124049831081081
chrM	2904	2905	0.00411924691716617
chrM	2905	2906	0.00207685693498247
chrM	2906	2907	0.00165315488077447
chrM	2907	2908	0.00135011714251678
chrM	2908	2909	0.001587343580518
chrM	2909	2910	0.00119036597140476
chrM	2910	2911	0.000304434149569821
chrM	2911	2912	0.000225034417028487
chrM	2912	2913	0.00453861783254611
chrM	2913	2914	0.00794160430891006
chrM	2914	2915	0.00193828906700194
chrM	2915	2916	0.000419512578822481
chrM	2916	2917	0.00144228247757906
chrM	2917	2918	0.00116774913074854
chrM	2918	2919	0.000380597406688015
chrM	2919	2920	0.00424428200896015
chrM	2920	2921	0.000603944017015466
chrM	2921	2922	0.000761624624111985
chrM	2922	2923	0.00069589422407794
chrM	2923	2924	0.000958294498339394
chrM	2924	2925	0.0122408816583574
chrM	2925	2926	0.00167122052152691
chrM	2926	2927	0.000876482384032085
chrM	2927	2928	0.000345432321836637
chrM	2928	2929	0.00781414994720169
chrM	2929	2930	0.00543979347224783
chrM	2930	2931	0.00726347807845605
chrM	2931	2932	0.0026234324990818
chrM	2932	2933	0.00053896308760122
chrM	2933	2934	0.00120909449336312
chrM	2934	2935	0.00169384700228472
chrM	2935	2936	0.00357924822676439
chrM	2936	2937	0.00123375771098569
chrM	2937	2938	0.0006429855525083
chrM	2938	2939	0.00152015516066467
chrM	2939	2940	0.00183467002149185
chrM	2940	2941	0.0131156490881439
chrM	2941	2942	0.00133009936624677
chrM	2942	2943	0.000913861980730567
chrM	2943	2944	0.000457199587214087
chrM	2944	2945	0.00232379012780846
chrM	2945	2946	0.00471446246011591
chrM	2946	2947	0.00417046787436466
chrM	2947	2948	0.00300366970080838
chrM	2948	2949	0.00101891524715226
chrM	2949	2950	0.00239050069886223
chrM	2950	2951	0.00082446704094853
chrM	2951	2952	0.000798763880159229
chrM	2952	2953	0.00603298554433983
chrM	2953	2954	0.000811104279229189
chrM	2954	2955	0.00339036094304194
chrM	2955	2956	0.000508381781682613
chrM	2956	2957	0.00710393910164499
chrM	2957	2958	0.000314981297985432
chrM	2958	2959	0.00023623907394283
chrM	2959	2960	0.00311742746741764
chrM	2960	2961	0.0012704150459052
chrM	2961	2962	0.003446790176648
chrM	2962	2963	0.000182805808001671
chrM	2963	2964	0.00153908359310804
chrM	2964	2965	0.00541758370557516
chrM	2965	2966	0.00146217916916891
chrM	2966	2967	0.00565118883304253
chrM	2967	2968	0.00049595405899243
chrM	2968	2969	0.00243921527705312
chrM	2969	2970	0.00716850558203303
chrM	2970	2971	0.0361890500210172
chrM	2971	2972	0.0091102214233189
chrM	2972	2973	0.00490357672655349
chrM	2973	2974	0.00314370019027659
chrM	2974	2975	0.000856720418963921
chrM	2975	2976	0.00152087049096465
chrM	2976	2977	0.00458245652896223
chrM	2977	2978	0.0316408204102051
chrM	2978	2979	0.011021771223001
chrM	2979	2980	0.00154854769382173
chrM	2980	2981	0.00286412752600136
chrM	2981	2982	0.00225717303546366
chrM	2982	2983	0.00192477459876409
chrM	2983	2984	0.0015651266593241
chrM	2984	2985	0.00312644742936545
chrM	2985	2986	0.00355357813538266
chrM	2986	2987	0.0061266754875453
chrM	2987	2988	0.00133722518584554
chrM	2988	2989	0.00218566662832164
chrM	2989	2990	0.00207367299328936
chrM	2990	2991	0.00134050189544085
chrM	2991	2992	0.00687666690694154
chrM	2992	2993	0.00664797525797034
chrM	2993	2994	0.00621225943785568
chrM	2994	2995	0.00100474706584734
chrM	2995	2996	0.00730964467005076
chrM	2996	2997	0.0195813541348905
chrM	2997	2998	0.0184289538684534
chrM	2998	2999	0.0267583177907466
chrM	2999	3000	0.00430575489606
chrM	3000	3001	0.00295862571061233
chrM	3001	3002	0.00694067046566154
chrM	3002	3003	0.00380916697889347
chrM	3003	3004	0.00930108955620516
chrM	3004	3005	0.00185820919026172
chrM	3005	3006	0.00476467535735065
chrM	3006	3007	0.00901240975793894
chrM	3007	3008	0.00316786517565812
chrM	3008	3009	0.00564631245043616
chrM	3009	3010	0.00651222036462065
chrM	3010	3011	0.00460416933111651
chrM	3011	3012	0.00248309890743648
chrM	3012	3013	0.00134859601521987
chrM	3013	3014	0.003050297805391
chrM	3014	3015	0.00573991896584989
chrM	3015	3016	0.00190565397845642
chrM	3016	3017	0.00543627300737204
chrM	3017	3018	0.010905918278319
chrM	3018	3019	0.00389971239621078
chrM	3019	3020	0.00297020061027073
chrM	3020	3021	0.00796224824052152
chrM	3021	3022	0.0269292211391126
chrM	3022	3023	0.00691033219548747
chrM	3023	3024	0.00528289309224231
chrM	3024	3025	0.0351968951788283
chrM	3025	3026	0.0133954571927781
chrM	3026	3027	0.0224694028185454
chrM	3027	3028	0.00119289874394779
chrM	3028	3029	0.00201718996667251
chrM	3029	3030	0.00938283729984742
chrM	3030	3031	0.0227152388012284
chrM	3031	3032	0.0102360785727158
chrM	3032	3033	0.00223660762992326
chrM	3033	3034	0.00516965195864278
chrM	3034	3035	0.00294278925242186
chrM	3035	3036	0.0102546418135289
chrM	3036	3037	0.0223411978221416
chrM	3037	3038	0.000500546893828442
chrM	3038	3039	0.00157439478412269
chrM	3039	3040	0.0013342969922722
chrM	3040	3041	0.00107584722969338
chrM	3041	3042	0.00133546017731943
chrM	3042	3043	0.00953859804791482
chrM	3043	3044	0.00276314813441139
chrM	3044	3045	0.00113128465718366
chrM	3045	3046	0.000723696418630544
chrM	3046	3047	0.003656951921292
chrM	3047	3048	0.010354809976247
chrM	3048	3049	0.00128776991844124
chrM	3049	3050	0.00666320204907383
chrM	3050	3051	0.00211436096221971
chrM	3051	3052	0.00233770570882577
chrM	3052	3053	0.0472075085958554
chrM	3053	3054	0.00627717020488528
chrM	3054	3055	0.0297741474212062
chrM	3055	3056	0.000685663581180551
chrM	3056	3057	0.0011299891036765
chrM	3057	3058	0.000868300957150357
chrM	3058	3059	0.000868564041448684
chrM	3059	3060	0.0120224311130835
chrM	3060	3061	0.0031949531949532
chrM	3061	3062	0.00442252430350337
chrM	3062	3063	0.00897592819257446
chrM	3063	3064	0.00545764172428651
chrM	3064	3065	0.00678175092478422
chrM	3065	3066	0.0076869178138653
chrM	3066	3067	0.00471854304635762
chrM	3067	3068	0.00376126312308837
chrM	3068	3069	0.000516838601641479
chrM	3069	3070	0.00608611334612449
chrM	3070	3071	0.00285123966942149
chrM	3071	3072	0.0189185890394239
chrM	3072	3073	0.00144773867297419
chrM	3073	3074	0.00544759736563948
chrM	3074	3075	0.00414381474710542
chrM	3075	3076	0.00203314018501576
chrM	3076	3077	0.00433102887352582
chrM	3077	3078	0.00690968774695548
chrM	3078	3079	0.00554801870937696
chrM	3079	3080	0.00540387378817624
chrM	3080	3081	0.00809610864455471
chrM	3081	3082	0.00905295274800273
chrM	3082	3083	0.00341400347460709
chrM	3083	3084	0.00541042516251464
chrM	3084	3085	0.0040074481865285
chrM	3085	3086	0.00221113274910743
chrM	3086	3087	0.00702770576798445
chrM	3087	3088	0.0110936619151164
chrM	3088	3089	0.00769724182168056
chrM	3089	3090	0.00968357609241587
chrM	3090	3091	0.00212684073001276
chrM	3091	3092	0.0664818823719829
chrM	3092	3093	0.0126021356620985
chrM	3093	3094	0.0180044364999031
chrM	3094	3095	0.0077156182165961
chrM	3095	3096	0.00122826297756804
chrM	3096	3097	0.0012487620031865
chrM	3097	3098	0.0038940642413029
chrM	3098	3099	0.00484590036828843
chrM	3099	3100	0.0182874168753778
chrM	3100	3101	0.0138885874872507
chrM	3101	3102	0.00406239137990963
chrM	3102	3103	6.54350339171592e-05
chrM	3103	3104	0.00135064482398048
chrM	3104	3105	0.00496563089533144
chrM	3105	3106	0.00143104943625325
chrM	3106	3107	0.000108521074792725
chrM	3107	3108	0.00689774098982583
chrM	3108	3109	0.0183165969917683
chrM	3109	3110	0.0121470781352594
chrM	3110	3111	0.00508006626173385
chrM	3111	3112	0.00104289169458806
chrM	3112	3113	0.00368536731567613
chrM	3113	3114	0.0108988189239084
chrM	3114	3115	0.0163904980017064
chrM	3115	3116	0.00531635749652041
chrM	3116	3117	0.0058015547249421
chrM	3117	3118	0.0052559994467369
chrM	3118	3119	0.00256801776790672
chrM	3119	3120	0.0119072343371409
chrM	3120	3121	0.0248193163068486
chrM	3121	3122	0.00859741367059827
chrM	3122	3123	0.00455948705770601
chrM	3123	3124	0.00356574036655811
chrM	3124	3125	0.00943307012151875
chrM	3125	3126	0.00644110985277463
chrM	3126	3127	0.00375247805154347
chrM	3127	3128	0.00250840077618439
chrM	3128	3129	0.00397144343057066
chrM	3129	3130	0.010637048864677
chrM	3130	3131	0.028115286804182
chrM	3131	3132	0.00504453187226956
chrM	3132	3133	0.00993833877402974
chrM	3133	3134	0.00807514027811661
chrM	3134	3135	0.00597036927839611
chrM	3135	3136	0.0192317091051268
chrM	3136	3137	0.0123377742753712
chrM	3137	3138	0.00612961901676924
chrM	3138	3139	0.00360495681562148
chrM	3139	3140	0.00395851079821616
chrM	3140	3141	0.15612554166771
chrM	3141	3142	0.00915967379742347
chrM	3142	3143	0.0190855579998811
chrM	3143	3144	0.00323732300617209
chrM	3144	3145	0.00357532420312689
chrM	3145	3146	0.0233464201156832
chrM	3146	3147	0.0370874962155616
chrM	3147	3148	0.00862095892550367
chrM	3148	3149	0.00215746357325996
chrM	3149	3150	0.016439368284949
chrM	3150	3151	0.0252529802119929
chrM	3151	3152	0.0204474736998074
chrM	3152	3153	0.00250589182900271
chrM	3153	3154	0.0117192147531231
chrM	3154	3155	0.0272794225953749
chrM	3155	3156	0.00350637387454313
chrM	3156	3157	0.0283673227412853
chrM	3157	3158	0.00521417528117137
chrM	3158	3159	0.0246018540527692
chrM	3159	3160	0.00718015665796345
chrM	3160	3161	0.00279545589722239
chrM	3161	3162	0.0307139308571262
chrM	3162	3163	0.0482062780269058
chrM	3163	3164	0.00994410302337791
chrM	3164	3165	0.0015570988134907
chrM	3165	3166	0.0103309619548407
chrM	3166	3167	0.00618352708384863
chrM	3167	3168	0.00601848979338587
chrM	3168	3169	0.00280469942971112
chrM	3169	3170	0.0134991894251154
chrM	3170	3171	0.0331050588569445
chrM	3171	3172	0.00104309277006324
chrM	3172	3173	0.0090915015641293
chrM	3173	3174	0.00157739073282944
chrM	3174	3175	0.00200690903109064
chrM	3175	3176	0.00659773510585918
chrM	3176	3177	0.0187553282182438
chrM	3177	3178	0.0386483070578062
chrM	3178	3179	0.00141594142837408
chrM	3179	3180	0.0047602621593653
chrM	3180	3181	0.0231736323479443
chrM	3181	3182	0.0302090357383682
chrM	3182	3183	0.0375810506814874
chrM	3183	3184	0.0141841637596261
chrM	3184	3185	0.00241737863434665
chrM	3185	3186	0.0239394239989419
chrM	3186	3187	0.01757043320206
chrM	3187	3188	0.0118473759250458
chrM	3188	3189	0.0166044838828947
chrM	3189	3190	0.00087406710145902
chrM	3190	3191	0.0064503191738244
chrM	3191	3192	0.0336732043122483
chrM	3192	3193	0.0297670268030723
chrM	3193	3194	0.00858805941664811
chrM	3194	3195	0.00551313329742404
chrM	3195	3196	0.0169226926439366
chrM	3196	3197	0.0570863818739674
chrM	3197	3198	0.0321583886472877
chrM	3198	3199	0.0236323973598837
chrM	3199	3200	0.0772289062703012
chrM	3200	3201	0.05553772070626
chrM	3201	3202	0.0139781804013248
chrM	3202	3203	0.00915370495604289
chrM	3203	3204	0.0230085986960219
chrM	3204	3205	0.0219067688673784
chrM	3205	3206	0.00851298805880864
chrM	3206	3207	0.0331701890989989
chrM	3207	3208	0.00241980241980242
chrM	3208	3209	0.000643814936506527
chrM	3209	3210	0.000710290331172867
chrM	3210	3211	0.00450878550116035
chrM	3211	3212	0.000773395204949729
chrM	3212	3213	6.63217933412919e-05
chrM	3213	3214	0.000574585635359116
chrM	3214	3215	0.00174342903802441
chrM	3215	3216	0.000309016664827282
chrM	3216	3217	0.00601325549752008
chrM	3217	3218	0.00041693182067543
chrM	3218	3219	0.000373036074782761
chrM	3219	3220	0.00794687568038319
chrM	3220	3221	0.000326512842838485
chrM	3221	3222	0.00134791399439094
chrM	3222	3223	0.00097794197544279
chrM	3223	3224	0.00223456415151647
chrM	3224	3225	0.000758840491728639
chrM	3225	3226	0.00082358040745557
chrM	3226	3227	0.0179750394002641
chrM	3227	3228	0.00106475861922102
chrM	3228	3229	0.0011070896316798
chrM	3229	3230	0.00356513804299387
chrM	3230	3231	0.00188751272480489
chrM	3231	3232	0.00142175066312997
chrM	3232	3233	0.000785762827047231
chrM	3233	3234	0.00937157779462556
chrM	3234	3235	0.00120020213930767
chrM	3235	3236	0.000210712630115049
chrM	3236	3237	0.00218799966338467
chrM	3237	3238	0.00292385359697097
chrM	3238	3239	0.000695512888064577
chrM	3239	3240	0.000274047684297068
chrM	3240	3241	0.00193647519417374
chrM	3241	3242	0.00180869857827879
chrM	3242	3243	0.00202015950842785
chrM	3243	3244	0.000527003667945529
chrM	3244	3245	0.00307258454868784
chrM	3245	3246	0.00623367871282958
chrM	3246	3247	0.00038129130655821
chrM	3247	3248	0.00401207846780835
chrM	3248	3249	0.0015627969842242
chrM	3249	3250	0.000887386435664483
chrM	3250	3251	0.00259324070755413
chrM	3251	3252	0.00368918121258116
chrM	3252	3253	0.00402681733850565
chrM	3253	3254	0.00078039314941365
chrM	3254	3255	0.00497794580970384
chrM	3255	3256	0.0121353170974981
chrM	3256	3257	0.00268313989766629
chrM	3257	3258	0.00231004557657489
chrM	3258	3259	0.00373901663862404
chrM	3259	3260	0.00447807608582979
chrM	3260	3261	0.00290119363395225
chrM	3261	3262	0.00203349034092088
chrM	3262	3263	0.00490358354713233
chrM	3263	3264	0.00258617122522448
chrM	3264	3265	0.00347243752712842
chrM	3265	3266	0.00569724393253805
chrM	3266	3267	0.0039096259105313
chrM	3267	3268	0.00167172311311993
chrM	3268	3269	0.00981637839167145
chrM	3269	3270	0.00985806029369657
chrM	3270	3271	0.0158233633279844
chrM	3271	3272	0.00735771039403276
chrM	3272	3273	0.00372718617700083
chrM	3273	3274	0.0124747270521634
chrM	3274	3275	0.0136687716439193
chrM	3275	3276	0.00353306082205287
chrM	3276	3277	0.00980212345377107
chrM	3277	3278	0.00215907933598126
chrM	3278	3279	0.00160693218339368
chrM	3279	3280	0.00881723901376054
chrM	3280	3281	0.00300554715078164
chrM	3281	3282	0.00308579726513654
chrM	3282	3283	0.00522525067080921
chrM	3283	3284	0.00232652235484524
chrM	3284	3285	0.00169909785994579
chrM	3285	3286	0.0130119710133323
chrM	3286	3287	0.00164318778430155
chrM	3287	3288	0.00176380982923114
chrM	3288	3289	0.000962888665997994
chrM	3289	3290	0.032506266151126
chrM	3290	3291	0.0064869484151647
chrM	3291	3292	0.019541352951319
chrM	3292	3293	0.0118832588649111
chrM	3293	3294	0.0340102178203213
chrM	3294	3295	0.00618825516912116
chrM	3295	3296	0.00220462604030791
chrM	3296	3297	0.0116938794125696
chrM	3297	3298	0.00423458119626919
chrM	3298	3299	0.00799854901605151
chrM	3299	3300	0.00399855256015922
chrM	3300	3301	0.00659074037190606
chrM	3301	3302	0.00482370715546899
chrM	3302	3303	0.00184441197954711
chrM	3303	3304	0.0102285527415428
chrM	3304	3305	0.0154180238870793
chrM	3305	3306	0.00645617598520157
chrM	3306	3307	0.00772666690681171
chrM	3307	3308	0.00394930528129824
chrM	3308	3309	0.00118517454388737
chrM	3309	3310	0.00475745933718717
chrM	3310	3311	0.0321557889427321
chrM	3311	3312	0.000427938823354296
chrM	3312	3313	0.00176524146645112
chrM	3313	3314	0.000520252694165738
chrM	3314	3315	0.0223482988744022
chrM	3315	3316	0.0121551786884053
chrM	3316	3317	0.00121546961325967
chrM	3317	3318	0.00049779678828887
chrM	3318	3319	0.00255891016200295
chrM	3319	3320	0.00287091906216644
chrM	3320	3321	0.000165929203539823
chrM	3321	3322	0.000589655235954228
chrM	3322	3323	0.00196806945261919
chrM	3323	3324	0.00919726289456258
chrM	3324	3325	0.00262962962962963
chrM	3325	3326	0.00427508605692712
chrM	3326	3327	0.00179892806142319
chrM	3327	3328	0.000445202938339393
chrM	3328	3329	0.00103880685612525
chrM	3329	3330	0.00416250416250416
chrM	3330	3331	0.0113024658243771
chrM	3331	3332	0.00334104823055099
chrM	3332	3333	0.00423539070079857
chrM	3333	3334	0.00237392052039329
chrM	3334	3335	0.00983338899402575
chrM	3335	3336	0.021486073841029
chrM	3336	3337	0.013238841414387
chrM	3337	3338	0.0221130673142374
chrM	3338	3339	0.00382254566839416
chrM	3339	3340	0.0112678620187494
chrM	3340	3341	0.00614031900592232
chrM	3341	3342	0.0055304904671809
chrM	3342	3343	0.0265057242409159
chrM	3343	3344	0.0270972920156337
chrM	3344	3345	0.0571210461681436
chrM	3345	3346	0.00275053022269353
chrM	3346	3347	0.0153271892445413
chrM	3347	3348	0.00458027981345769
chrM	3348	3349	0.0143129929431299
chrM	3349	3350	0.0170075349838536
chrM	3350	3351	0.00702727846629232
chrM	3351	3352	0.00383128997867804
chrM	3352	3353	0.00369593447208071
chrM	3353	3354	0.0154772427825681
chrM	3354	3355	0.0114195773751716
chrM	3355	3356	0.00723116398413809
chrM	3356	3357	0.00218355168850218
chrM	3357	3358	0.000400293548602308
chrM	3358	3359	0.00544398340248963
chrM	3359	3360	0.0176417641764176
chrM	3360	3361	0.0036080360803608
chrM	3361	3362	0.000936468036867268
chrM	3362	3363	0.0010020698491967
chrM	3363	3364	0.00392156862745098
chrM	3364	3365	0.00216816412345395
chrM	3365	3366	0.00408484669521138
chrM	3366	3367	0.0167313091316272
chrM	3367	3368	0.00140062865425645
chrM	3368	3369	0.00226236979166667
chrM	3369	3370	0.0102769101296347
chrM	3370	3371	0.00948513886633101
chrM	3371	3372	0.00206415255070279
chrM	3372	3373	0.0121527213647441
chrM	3373	3374	0.00195357014944812
chrM	3374	3375	0.000342376418416591
chrM	3375	3376	0.00397847709114626
chrM	3376	3377	0.0104354084202951
chrM	3377	3378	0.0294055114890833
chrM	3378	3379	0.00198333333333333
chrM	3379	3380	0.00145016918640508
chrM	3380	3381	0.0012005402431094
chrM	3381	3382	0.000900991090199219
chrM	3382	3383	0.00432569127874089
chrM	3383	3384	0.0172651028698729
chrM	3384	3385	0.00468686208867478
chrM	3385	3386	0.00257752981288439
chrM	3386	3387	0.00029382957884427
chrM	3387	3388	0.00203739018466905
chrM	3388	3389	0.0076150356448477
chrM	3389	3390	0.00789027833803953
chrM	3390	3391	0.0073698238628153
chrM	3391	3392	0.000625842480261891
chrM	3392	3393	0.00177964471237094
chrM	3393	3394	0.000994657725442382
chrM	3394	3395	0.00555840328057923
chrM	3395	3396	0.00512639774438499
chrM	3396	3397	0.011780208614476
chrM	3397	3398	0.00878961628126772
chrM	3398	3399	0.00196540880503145
chrM	3399	3400	0.00766979197645843
chrM	3400	3401	0.011174575506202
chrM	3401	3402	0.00956639608619105
chrM	3402	3403	0.00321982785700823
chrM	3403	3404	0.00550312000250854
chrM	3404	3405	0.00321155533274846
chrM	3405	3406	0.0117946489540009
chrM	3406	3407	0.0299670640627174
chrM	3407	3408	0.018554780027161
chrM	3408	3409	0.00220860073940112
chrM	3409	3410	0.00145830996298136
chrM	3410	3411	0.0019387918602788
chrM	3411	3412	0.00667516329456747
chrM	3412	3413	0.00103509777692847
chrM	3413	3414	0.000573376230369828
chrM	3414	3415	0.000986868284918424
chrM	3415	3416	0.00181395792890558
chrM	3416	3417	0.0185446672314789
chrM	3417	3418	0.0116131059951285
chrM	3418	3419	0.00406459061506587
chrM	3419	3420	0.00170605332996335
chrM	3420	3421	0.0014045165464674
chrM	3421	3422	0.00263095706971249
chrM	3422	3423	0.000220670523146762
chrM	3423	3424	0.0629163582531458
chrM	3424	3425	0.00120046240033198
chrM	3425	3426	0.00943313056510623
chrM	3426	3427	0.00486290133583314
chrM	3427	3428	0.0327340867833929
chrM	3428	3429	0.0110435556628396
chrM	3429	3430	0.001766596104351
chrM	3430	3431	0.00243861547606347
chrM	3431	3432	0.000305282920946988
chrM	3432	3433	0.002224185734743
chrM	3433	3434	0.00399465354354628
chrM	3434	3435	0.00796449416342412
chrM	3435	3436	0.000995573526934093
chrM	3436	3437	0.00148656725567424
chrM	3437	3438	0.00998007051969953
chrM	3438	3439	0.00540782054047392
chrM	3439	3440	0.0274522178146412
chrM	3440	3441	0.00267709429989472
chrM	3441	3442	0.00138646090783049
chrM	3442	3443	0.00277133475916498
chrM	3443	3444	0.0229909301835056
chrM	3444	3445	0.00442559468928637
chrM	3445	3446	0.00203155059638322
chrM	3446	3447	0.00144838212634823
chrM	3447	3448	0.00114072543971883
chrM	3448	3449	0.00212867698098073
chrM	3449	3450	0.0234783010583722
chrM	3450	3451	0.00700706991358995
chrM	3451	3452	0.00418800177002339
chrM	3452	3453	0.000174536684437675
chrM	3453	3454	0.00646534731530395
chrM	3454	3455	0.00110295276210885
chrM	3455	3456	0.00469608920998901
chrM	3456	3457	0.00133500863829119
chrM	3457	3458	0.0298939541686982
chrM	3458	3459	0.0128607134742104
chrM	3459	3460	0.00248101188754776
chrM	3460	3461	0.0076414893293147
chrM	3461	3462	0.00208173886422777
chrM	3462	3463	0.00551333404407621
chrM	3463	3464	0.00388591205088116
chrM	3464	3465	0.000576587512328351
chrM	3465	3466	0.00219633741801603
chrM	3466	3467	0.00109069425719177
chrM	3467	3468	0.00536363636363636
chrM	3468	3469	0.00270697731005536
chrM	3469	3470	0.0141580525827028
chrM	3470	3471	0.00304882743328765
chrM	3471	3472	0.00407041042025068
chrM	3472	3473	0.00709945341842499
chrM	3473	3474	0.00112985724101076
chrM	3474	3475	0.000886077883190491
chrM	3475	3476	0.00472202695681408
chrM	3476	3477	0.007049560546875
chrM	3477	3478	0.00373988704014654
chrM	3478	3479	0.00232288037166086
chrM	3479	3480	0.000259887178389617
chrM	3480	3481	0.00180160923401072
chrM	3481	3482	0.00733822548365577
chrM	3482	3483	0.000500136400836592
chrM	3483	3484	0.00302457466918715
chrM	3484	3485	0.000423703165667938
chrM	3485	3486	0.00290074029309563
chrM	3486	3487	0.00902332274117153
chrM	3487	3488	0.0153432950987521
chrM	3488	3489	0.00300657875152562
chrM	3489	3490	0.000655171386878704
chrM	3490	3491	0.000878329090557218
chrM	3491	3492	0
chrM	3492	3493	0.00359162350287181
chrM	3493	3494	0.000563999050106863
chrM	3494	3495	0.00334700768626986
chrM	3495	3496	0.00122884680869964
chrM	3496	3497	0.000325732899022801
chrM	3497	3498	0.00466107337861233
chrM	3498	3499	0.00231660231660232
chrM	3499	3500	0.00409617097061443
chrM	3500	3501	0.00158805544836594
chrM	3501	3502	0.00584510472479299
chrM	3502	3503	0.00426596057664019
chrM	3503	3504	0.00285097065263715
chrM	3504	3505	0.00717024934248226
chrM	3505	3506	0.000930411153119093
chrM	3506	3507	0.00268725914332541
chrM	3507	3508	0.00170032823727711
chrM	3508	3509	0.0126678675512207
chrM	3509	3510	0.00489922844486168
chrM	3510	3511	0.00138428687136441
chrM	3511	3512	0.0183836537327515
chrM	3512	3513	0.0241357395172852
chrM	3513	3514	0.010576265135513
chrM	3514	3515	0.00133399283540927
chrM	3515	3516	0.00212794653159701
chrM	3516	3517	0.00483207779345118
chrM	3517	3518	0.0567961091954888
chrM	3518	3519	0.0109213819932718
chrM	3519	3520	0.0745895961206966
chrM	3520	3521	0.0416500078224138
chrM	3521	3522	0.00620971829965964
chrM	3522	3523	0.00169170880780005
chrM	3523	3524	0.00372869641135706
chrM	3524	3525	0.0349477510222626
chrM	3525	3526	0.00826369024248883
chrM	3526	3527	0.0128981752437047
chrM	3527	3528	0.0123459085584664
chrM	3528	3529	0.0304194276560111
chrM	3529	3530	0.0112482453101927
chrM	3530	3531	0.00421322586554314
chrM	3531	3532	0.0149114971653572
chrM	3532	3533	0.0548451809856084
chrM	3533	3534	0.0023076519641265
chrM	3534	3535	0.0107249289625061
chrM	3535	3536	0.00296211609416411
chrM	3536	3537	0.00126538394869128
chrM	3537	3538	0.0227924093136839
chrM	3538	3539	0.00791992450795363
chrM	3539	3540	0.00146531251579001
chrM	3540	3541	0.00163343661592348
chrM	3541	3542	0.00200535885812507
chrM	3542	3543	0.00279824014294624
chrM	3543	3544	0.0111681967489261
chrM	3544	3545	0.0061803650648515
chrM	3545	3546	0.00223861612821165
chrM	3546	3547	0.000220784293745011
chrM	3547	3548	0.000305664991169678
chrM	3548	3549	0.00378267433379133
chrM	3549	3550	0.00535729422734594
chrM	3550	3551	0.00346202800169707
chrM	3551	3552	0.0024443237370994
chrM	3552	3553	0.000746825989544436
chrM	3553	3554	0.00364018082386604
chrM	3554	3555	0.000847242226552571
chrM	3555	3556	0.0218453865336658
chrM	3556	3557	0.0120219301142744
chrM	3557	3558	0.00513006614651205
chrM	3558	3559	0.0121676724840972
chrM	3559	3560	0.00229776416139756
chrM	3560	3561	0.0055464021794098
chrM	3561	3562	0.00267204353955608
chrM	3562	3563	0.00326464991141151
chrM	3563	3564	0.0294962192515075
chrM	3564	3565	0.0110674308088224
chrM	3565	3566	0.00786042643990147
chrM	3566	3567	0.00288441943220831
chrM	3567	3568	0.0311035898400163
chrM	3568	3569	0.00787654202159231
chrM	3569	3570	0.0280650162220908
chrM	3570	3571	0.00137367130008177
chrM	3571	3572	0.00234027232259754
chrM	3572	3573	0.000869123169511815
chrM	3573	3574	0.00408703755170103
chrM	3574	3575	0.0140032277521478
chrM	3575	3576	0.0011369628262589
chrM	3576	3577	0.00673783400876413
chrM	3577	3578	0.0049347552493873
chrM	3578	3579	0.000382549107662625
chrM	3579	3580	0.0170918917126705
chrM	3580	3581	0.00721008403361345
chrM	3581	3582	0.00817070700249848
chrM	3582	3583	0.00100098401818737
chrM	3583	3584	0.000933231526257742
chrM	3584	3585	0.0274044572493856
chrM	3585	3586	0.00372141552908443
chrM	3586	3587	0.00345423143350604
chrM	3587	3588	0.00141657922350472
chrM	3588	3589	0.00339172698346096
chrM	3589	3590	0.00325590351322492
chrM	3590	3591	0.00180410565403209
chrM	3591	3592	0.00540275907890826
chrM	3592	3593	0.00150710618088779
chrM	3593	3594	0.000929107355725405
chrM	3594	3595	0.00367872470876763
chrM	3595	3596	0.0124954061006983
chrM	3596	3597	0.00252565393242551
chrM	3597	3598	0.00905406116755277
chrM	3598	3599	0.0094203277089972
chrM	3599	3600	0.00259667834300552
chrM	3600	3601	0.00214640956286537
chrM	3601	3602	0.00620263089119261
chrM	3602	3603	0.00867697894479556
chrM	3603	3604	0.000791528882009428
chrM	3604	3605	0.00197027003254464
chrM	3605	3606	0.00162068844026354
chrM	3606	3607	0.00303377722903254
chrM	3607	3608	0.00373180523867636
chrM	3608	3609	0.0262288846240296
chrM	3609	3610	0.00965334160762614
chrM	3610	3611	0.000866791484640455
chrM	3611	3612	0.0012646386251819
chrM	3612	3613	0.00373527936776938
chrM	3613	3614	0.0144165946413137
chrM	3614	3615	0.00195835009004913
chrM	3615	3616	0.00120656792627695
chrM	3616	3617	0.010953073089701
chrM	3617	3618	0.00108909864121979
chrM	3618	3619	0.000362932494556013
chrM	3619	3620	0.00514514824565932
chrM	3620	3621	0.00735154864590328
chrM	3621	3622	0.014104492922109
chrM	3622	3623	0.00221820291437737
chrM	3623	3624	0.00133033155955792
chrM	3624	3625	0.00155197407691652
chrM	3625	3626	0.00708326238719564
chrM	3626	3627	0.0115469921947751
chrM	3627	3628	0.00238970899784757
chrM	3628	3629	0.00262756399389727
chrM	3629	3630	0.00215101114460892
chrM	3630	3631	0.0165085996327679
chrM	3631	3632	0.00114060026216782
chrM	3632	3633	0.00229795056852999
chrM	3633	3634	0.00393325387365912
chrM	3634	3635	0.0022707483225487
chrM	3635	3636	0.00822653567664956
chrM	3636	3637	0.00394510857550972
chrM	3637	3638	0.00272628135223555
chrM	3638	3639	0.00259465364787819
chrM	3639	3640	0.00169317598768599
chrM	3640	3641	0.00697824828947816
chrM	3641	3642	0.00379593851600933
chrM	3642	3643	0.0042518313610983
chrM	3643	3644	0.012148218430728
chrM	3644	3645	0.00640429882221734
chrM	3645	3646	0.00210062679993224
chrM	3646	3647	0.0121876801030613
chrM	3647	3648	0.0288060904305482
chrM	3648	3649	0.00414666854884246
chrM	3649	3650	0.0101430932039518
chrM	3650	3651	0.0438398233294802
chrM	3651	3652	0.0293175095083815
chrM	3652	3653	0.00648939823936661
chrM	3653	3654	0.00261642167996075
chrM	3654	3655	0.00283620893405814
chrM	3655	3656	0.0116392202082808
chrM	3656	3657	0.00142342342342342
chrM	3657	3658	0.00564534977796156
chrM	3658	3659	0.0021273527078676
chrM	3659	3660	0.00142596704030613
chrM	3660	3661	0.0148030710583038
chrM	3661	3662	0.0349654080779697
chrM	3662	3663	0.00266544117647059
chrM	3663	3664	0.00114207821393704
chrM	3664	3665	0.00331760542612799
chrM	3665	3666	0.00389449786817771
chrM	3666	3667	0.0480417850946809
chrM	3667	3668	0.049959445367116
chrM	3668	3669	0.0070617753586532
chrM	3669	3670	0.00166477180445022
chrM	3670	3671	0.0008124796880078
chrM	3671	3672	0.0172392861478694
chrM	3672	3673	0.00204897039237783
chrM	3673	3674	0.0144201517056748
chrM	3674	3675	0.000894727209874535
chrM	3675	3676	0.00030524409352679
chrM	3676	3677	0.000996887270359897
chrM	3677	3678	0.00130234829677262
chrM	3678	3679	0.00765957446808511
chrM	3679	3680	0.00949367088607595
chrM	3680	3681	0.00390569950272795
chrM	3681	3682	0.0024583887478338
chrM	3682	3683	0.000908595311648192
chrM	3683	3684	0.0073569427367827
chrM	3684	3685	0.0280332365279122
chrM	3685	3686	0.00245259686727123
chrM	3686	3687	0.00103033300362677
chrM	3687	3688	0.000721366887198829
chrM	3688	3689	0.00136065641363955
chrM	3689	3690	0.0125739492507163
chrM	3690	3691	0.0149588477366255
chrM	3691	3692	0.00333800379131295
chrM	3692	3693	0.000536934927617042
chrM	3693	3694	0.00528024326101249
chrM	3694	3695	0.00434043772905022
chrM	3695	3696	0.00288373044278556
chrM	3696	3697	0.00249585728606207
chrM	3697	3698	0.00656058352519305
chrM	3698	3699	0.000611545988258317
chrM	3699	3700	0.00290809997356273
chrM	3700	3701	0.00308366469203928
chrM	3701	3702	0.0036730386785178
chrM	3702	3703	0.00706864075506856
chrM	3703	3704	0.000912445760168701
chrM	3704	3705	0.00277243751897197
chrM	3705	3706	0.000546492328866939
chrM	3706	3707	0.00222694604717077
chrM	3707	3708	0.00240978494188166
chrM	3708	3709	0.00893381682636793
chrM	3709	3710	0.00263550370809243
chrM	3710	3711	0.00139181693513724
chrM	3711	3712	0.00339523848482369
chrM	3712	3713	0.00479503764614663
chrM	3713	3714	0.00595383737052443
chrM	3714	3715	0.0115368093767259
chrM	3715	3716	0.0249478532041883
chrM	3716	3717	0.0382133367075794
chrM	3717	3718	0.0147619873406746
chrM	3718	3719	0.01798733900895
chrM	3719	3720	0.00171057893099924
chrM	3720	3721	0.00423785222986466
chrM	3721	3722	0.00547781153667029
chrM	3722	3723	0.0461107336956522
chrM	3723	3724	0.0142421805561434
chrM	3724	3725	0.0146405061126785
chrM	3725	3726	0.0127245027144175
chrM	3726	3727	0.0128229746740916
chrM	3727	3728	0.0297436979221601
chrM	3728	3729	0.0177108511047892
chrM	3729	3730	0.00154408246705232
chrM	3730	3731	0.00491746458125731
chrM	3731	3732	0.00136345929100117
chrM	3732	3733	0.0154489586889723
chrM	3733	3734	0.00830699581446998
chrM	3734	3735	0.00296245411416182
chrM	3735	3736	0.0114747131321717
chrM	3736	3737	0.0111950506092044
chrM	3737	3738	0.0233324354006507
chrM	3738	3739	0.00404368851092213
chrM	3739	3740	0.00996422033616242
chrM	3740	3741	0.00127532353494596
chrM	3741	3742	0.010557694696311
chrM	3742	3743	0.00517448358653806
chrM	3743	3744	0.0193661612554333
chrM	3744	3745	0.00417719455538349
chrM	3745	3746	0.000816676534841463
chrM	3746	3747	0.00163335306968293
chrM	3747	3748	0.00654127524300532
chrM	3748	3749	0.0107983424850477
chrM	3749	3750	0.00267500720194247
chrM	3750	3751	0.00527211930990625
chrM	3751	3752	0.00336527609627973
chrM	3752	3753	0.0253234864536833
chrM	3753	3754	0.00147508165630597
chrM	3754	3755	0.0175331509155967
chrM	3755	3756	0.0128717740383587
chrM	3756	3757	0.00114745935179372
chrM	3757	3758	0.0123030016747542
chrM	3758	3759	0.00299272273177453
chrM	3759	3760	0.0122715236065362
chrM	3760	3761	0.00501117209362865
chrM	3761	3762	0.0367888610899598
chrM	3762	3763	0.00514707542271486
chrM	3763	3764	0.00244609530712086
chrM	3764	3765	0.0118438335069523
chrM	3765	3766	0.00112158945248123
chrM	3766	3767	0.00324771859204538
chrM	3767	3768	0.00100714154916682
chrM	3768	3769	0.000411993591210803
chrM	3769	3770	0.00402764428577967
chrM	3770	3771	0.00295586820035745
chrM	3771	3772	0.00403096514131281
chrM	3772	3773	0.000275633958103638
chrM	3773	3774	0.00313874633431085
chrM	3774	3775	0.00160440064176026
chrM	3775	3776	0.00295722341937554
chrM	3776	3777	0.00374162152235791
chrM	3777	3778	0.00195523658362662
chrM	3778	3779	0.00841839660511527
chrM	3779	3780	0.00372533689003357
chrM	3780	3781	0.00131188289718981
chrM	3781	3782	0.0025302479643005
chrM	3782	3783	0.00656183086593143
chrM	3783	3784	0.00247478952724581
chrM	3784	3785	0.00440986331732545
chrM	3785	3786	0.0317222260094985
chrM	3786	3787	0.00328871717032335
chrM	3787	3788	0.0027363241279404
chrM	3788	3789	0.00121976479252491
chrM	3789	3790	0.0131198323576977
chrM	3790	3791	0.00819058423142371
chrM	3791	3792	0.00158968070127629
chrM	3792	3793	0.00211094970038133
chrM	3793	3794	0.00199909132212631
chrM	3794	3795	0.00361577295674717
chrM	3795	3796	0.00838116060854514
chrM	3796	3797	0.0431822870109331
chrM	3797	3798	0.00332830495893494
chrM	3798	3799	0.00103248733402166
chrM	3799	3800	0.00578395372837017
chrM	3800	3801	0.0125858951175407
chrM	3801	3802	0.00382740126767431
chrM	3802	3803	0.00615670274364174
chrM	3803	3804	0.00221075902726603
chrM	3804	3805	0.00459674049310489
chrM	3805	3806	0.00143033292231813
chrM	3806	3807	0.0128967030799201
chrM	3807	3808	0.00485690801763431
chrM	3808	3809	0.00510865231259968
chrM	3809	3810	0.00194741966893866
chrM	3810	3811	0.0053145038548866
chrM	3811	3812	0.00310209391339154
chrM	3812	3813	0.0018541254290797
chrM	3813	3814	0.00861789024055155
chrM	3814	3815	0.0046969469844601
chrM	3815	3816	0.00729145928727852
chrM	3816	3817	0.00139650872817955
chrM	3817	3818	0.0256222189623979
chrM	3818	3819	0.00174507201494372
chrM	3819	3820	0.00326444455353198
chrM	3820	3821	0.000613406614976936
chrM	3821	3822	0.00110307635739674
chrM	3822	3823	0.00046562921210636
chrM	3823	3824	0.00246955841361436
chrM	3824	3825	0.00444531288163744
chrM	3825	3826	0.00651545583696664
chrM	3826	3827	0.00182194209178649
chrM	3827	3828	0.000542112266522103
chrM	3828	3829	0.00295036018980651
chrM	3829	3830	0.00132736836930338
chrM	3830	3831	0.00270576081074433
chrM	3831	3832	0.00759331393915487
chrM	3832	3833	0.0135609129532655
chrM	3833	3834	0.0259959319343156
chrM	3834	3835	0.00560032436267802
chrM	3835	3836	0.0360906082972767
chrM	3836	3837	0.00356172334643696
chrM	3837	3838	0.00494225229272934
chrM	3838	3839	0.00265012985636296
chrM	3839	3840	0.0036368462967879
chrM	3840	3841	0.00570836873406967
chrM	3841	3842	0.00385628041807399
chrM	3842	3843	0.00325099261864791
chrM	3843	3844	0.00667485448817216
chrM	3844	3845	0.00451333852725465
chrM	3845	3846	0.00159098263402006
chrM	3846	3847	0.0151575588352613
chrM	3847	3848	0.00218067707363774
chrM	3848	3849	0.00151724872231687
chrM	3849	3850	0.00708110115101045
chrM	3850	3851	0.000531929040665975
chrM	3851	3852	0.000930356193514088
chrM	3852	3853	0.00116937305658171
chrM	3853	3854	0.0102858951366178
chrM	3854	3855	0.00495689086930155
chrM	3855	3856	0.0231325050683579
chrM	3856	3857	0.0262469936212486
chrM	3857	3858	0.0101887601887602
chrM	3858	3859	0.0109241216415707
chrM	3859	3860	0.00260619576022999
chrM	3860	3861	0.00475601891659501
chrM	3861	3862	0.00713749060856499
chrM	3862	3863	0.0121682604491243
chrM	3863	3864	0.00516691013363631
chrM	3864	3865	0.00400584637037839
chrM	3865	3866	0.00606848721283052
chrM	3866	3867	0.00564236111111111
chrM	3867	3868	0.00318324037545912
chrM	3868	3869	0.00774102744546094
chrM	3869	3870	0.00443171377614441
chrM	3870	3871	0.00291844565746095
chrM	3871	3872	0.00497283857193049
chrM	3872	3873	0.00168176639722237
chrM	3873	3874	0.0293960734101579
chrM	3874	3875	0.00423763124510783
chrM	3875	3876	0.00801118339695682
chrM	3876	3877	0.00537721137817928
chrM	3877	3878	0.00694181837826157
chrM	3878	3879	0.00106001304631442
chrM	3879	3880	0.0102931666307394
chrM	3880	3881	0.0180800688764529
chrM	3881	3882	0.00381939708088937
chrM	3882	3883	0.00286838223242091
chrM	3883	3884	0.011473986871372
chrM	3884	3885	0.0409309138253723
chrM	3885	3886	0.00234007161183005
chrM	3886	3887	0.00801535335290133
chrM	3887	3888	0.000710671442378759
chrM	3888	3889	0.00238358729888482
chrM	3889	3890	0.00435483414868648
chrM	3890	3891	0.0612717070446507
chrM	3891	3892	0.000692262633793067
chrM	3892	3893	0.00130444042168033
chrM	3893	3894	0.000505965061780997
chrM	3894	3895	0.00101228056154932
chrM	3895	3896	0.00610341151385928
chrM	3896	3897	0.00251323458638575
chrM	3897	3898	0.0117864015394484
chrM	3898	3899	0.0057569123489824
chrM	3899	3900	0.00231009648050007
chrM	3900	3901	0.00827814569536424
chrM	3901	3902	0.0321525885558583
chrM	3902	3903	0.00106876669947968
chrM	3903	3904	0.00022517451024544
chrM	3904	3905	0.000422261633307998
chrM	3905	3906	0.00115450680032664
chrM	3906	3907	0.0018884942781442
chrM	3907	3908	0.00676418364758603
chrM	3908	3909	0.00164259416595865
chrM	3909	3910	0.00031198593227069
chrM	3910	3911	0.000510565877180542
chrM	3911	3912	0.000936356155832364
chrM	3912	3913	0.00700808625336927
chrM	3913	3914	0.00097062433983271
chrM	3914	3915	0.00437205315045006
chrM	3915	3916	0.00517009911736982
chrM	3916	3917	0.0117337706401267
chrM	3917	3918	0.0216733157909628
chrM	3918	3919	0.00167528378729673
chrM	3919	3920	0.0317006212975004
chrM	3920	3921	0.00498076292164991
chrM	3921	3922	0.00828126401387187
chrM	3922	3923	0.0159270552710264
chrM	3923	3924	0.00571394736063001
chrM	3924	3925	0.00335769893623343
chrM	3925	3926	0.000624591041579918
chrM	3926	3927	0.00216649354503636
chrM	3927	3928	0.00180719322154411
chrM	3928	3929	0.000770096558260767
chrM	3929	3930	0.000444312796208531
chrM	3930	3931	0.0010654354967593
chrM	3931	3932	0.00085770902960575
chrM	3932	3933	0.0108546183328945
chrM	3933	3934	0.0816338473242239
chrM	3934	3935	0.000191161946028611
chrM	3935	3936	0.000159332079920971
chrM	3936	3937	0.000541539245667686
chrM	3937	3938	0.00213423374637658
chrM	3938	3939	0.000669920566561393
chrM	3939	3940	0.000478514690400995
chrM	3940	3941	0.00593349409823582
chrM	3941	3942	0.00358457048597894
chrM	3942	3943	0.00515398320183253
chrM	3943	3944	0.0185557791191594
chrM	3944	3945	0.00708160083160083
chrM	3945	3946	0.00358528079267299
chrM	3946	3947	0.00518236041850005
chrM	3947	3948	0.00150582689537777
chrM	3948	3949	0.006519967400163
chrM	3949	3950	0.00352181569164547
chrM	3950	3951	0.000686252083265253
chrM	3951	3952	0.00575703366401041
chrM	3952	3953	0.0099054625237957
chrM	3953	3954	0.0169119545571908
chrM	3954	3955	0.0119328612640965
chrM	3955	3956	0.0125223613595707
chrM	3956	3957	0.0424392529620457
chrM	3957	3958	0.00533845080251221
chrM	3958	3959	0.00241486718230497
chrM	3959	3960	0.00265929528674901
chrM	3960	3961	0.00479087984333473
chrM	3961	3962	0.00259267045056408
chrM	3962	3963	0.00433687744823727
chrM	3963	3964	0.00846242612861489
chrM	3964	3965	0.00197106754426103
chrM	3965	3966	0.00456364529944534
chrM	3966	3967	0.00140567894292943
chrM	3967	3968	0.00154679040989946
chrM	3968	3969	0.00112569036479403
chrM	3969	3970	0.000739202365447569
chrM	3970	3971	0.00302518643590826
chrM	3971	3972	0.00620225664026912
chrM	3972	3973	0.00336216859874619
chrM	3973	3974	0.010821155184412
chrM	3974	3975	0.00698377401758104
chrM	3975	3976	0.0156325321947524
chrM	3976	3977	0.00990439507531467
chrM	3977	3978	0.00407331975560081
chrM	3978	3979	0.014589959894897
chrM	3979	3980	0.00729133803063764
chrM	3980	3981	0.00572572713221863
chrM	3981	3982	0.00186088971595098
chrM	3982	3983	0.00571849564973337
chrM	3983	3984	0.00672857893814614
chrM	3984	3985	0.0124834828569442
chrM	3985	3986	0.0149310872894334
chrM	3986	3987	0.0162381120112716
chrM	3987	3988	0.00307461299202746
chrM	3988	3989	0.0326441394632171
chrM	3989	3990	0.00251786573851224
chrM	3990	3991	0.00502197112366604
chrM	3991	3992	0.00415808065940536
chrM	3992	3993	0.00666910956394284
chrM	3993	3994	0.00194445463550648
chrM	3994	3995	0.00721506006445942
chrM	3995	3996	0.0242210723329296
chrM	3996	3997	0.00575765506411934
chrM	3997	3998	0.00602635125018715
chrM	3998	3999	0.00564100635553383
chrM	3999	4000	0.00309410610519961
chrM	4000	4001	0.0092019912505657
chrM	4001	4002	0.0171326546117611
chrM	4002	4003	0.0380856734520453
chrM	4003	4004	0.00541798771922784
chrM	4004	4005	0.00104851393313707
chrM	4005	4006	0.00145249142626589
chrM	4006	4007	0.00125201938610662
chrM	4007	4008	0.00307182409765167
chrM	4008	4009	0.00981141179782058
chrM	4009	4010	0.00144939206055238
chrM	4010	4011	0.00483014007406215
chrM	4011	4012	0.00896426408237432
chrM	4012	4013	0.0321280234546787
chrM	4013	4014	0.00264939652634678
chrM	4014	4015	0.0037510009693598
chrM	4015	4016	0.00806962693818919
chrM	4016	4017	0.000127616130678918
chrM	4017	4018	0.00242429397754338
chrM	4018	4019	0.00408980530822647
chrM	4019	4020	0.0125689367705528
chrM	4020	4021	0.0179839091339328
chrM	4021	4022	0.00804942783796719
chrM	4022	4023	0.0181216239763025
chrM	4023	4024	0.00264468638427293
chrM	4024	4025	0.00326927324939253
chrM	4025	4026	0.0153506837229819
chrM	4026	4027	0.00771426023365736
chrM	4027	4028	0.0116811932788211
chrM	4028	4029	0.00104535951277157
chrM	4029	4030	0.00373083397788798
chrM	4030	4031	0.00210055253664551
chrM	4031	4032	0.00933424845573095
chrM	4032	4033	0.00318574264739831
chrM	4033	4034	0.00162052041855727
chrM	4034	4035	0.00180798294005841
chrM	4035	4036	0.000881670533642691
chrM	4036	4037	0.00765838941749826
chrM	4037	4038	0.00294571468649179
chrM	4038	4039	0.00482955877526141
chrM	4039	4040	0.00447501059870931
chrM	4040	4041	0.000898642576739346
chrM	4041	4042	0.00616818909501836
chrM	4042	4043	0.00259091765592614
chrM	4043	4044	0.00118008024545669
chrM	4044	4045	0.00557576903085574
chrM	4045	4046	0.00394243100745737
chrM	4046	4047	0.142686880244088
chrM	4047	4048	0.00111154337798033
chrM	4048	4049	0.0013342969922722
chrM	4049	4050	0.00278272484416741
chrM	4050	4051	0.000557880055788006
chrM	4051	4052	0.00122713074520303
chrM	4052	4053	0.0313563577526084
chrM	4053	4054	0.00092107535547752
chrM	4054	4055	0.0010371650821089
chrM	4055	4056	0.000230707117314569
chrM	4056	4057	0.00103824191036511
chrM	4057	4058	0.00155763239875389
chrM	4058	4059	0.000750577367205543
chrM	4059	4060	0.000924374602807788
chrM	4060	4061	0.000404624277456647
chrM	4061	4062	0.00358381502890173
chrM	4062	4063	0.00173812282734647
chrM	4063	4064	0.0125210132745928
chrM	4064	4065	0.000469593801361822
chrM	4065	4066	0.00234852043212776
chrM	4066	4067	0.00929466439202306
chrM	4067	4068	0.00279031109000237
chrM	4068	4069	0.0129189736262428
chrM	4069	4070	0.0245432068986311
chrM	4070	4071	0.0147095179233622
chrM	4071	4072	0.00319889606723954
chrM	4072	4073	0.00956395897564966
chrM	4073	4074	0.0202007368822259
chrM	4074	4075	0.00985413290113452
chrM	4075	4076	0.00674260277559571
chrM	4076	4077	0.00158154859967051
chrM	4077	4078	0.00871229621807141
chrM	4078	4079	0.00159786950732357
chrM	4079	4080	0.0024671600986864
chrM	4080	4081	0.00655036428046254
chrM	4081	4082	0.0240801775744938
chrM	4082	4083	0.00254961411245865
chrM	4083	4084	0.00062171870682509
chrM	4084	4085	0.020182471661598
chrM	4085	4086	0.00119870258073614
chrM	4086	4087	0.000634965429659941
chrM	4087	4088	0.00755223037831733
chrM	4088	4089	0.000924543062371097
chrM	4089	4090	0.00199302441454908
chrM	4090	4091	0.00328055912138069
chrM	4091	4092	0.00372039779637977
chrM	4092	4093	0.00718029726430674
chrM	4093	4094	0.00245877928840035
chrM	4094	4095	0.0049296795708279
chrM	4095	4096	0.00706688037301472
chrM	4096	4097	0.00454845572591886
chrM	4097	4098	0.0166531574681306
chrM	4098	4099	0.00284750843012364
chrM	4099	4100	0.0401983620106695
chrM	4100	4101	0.00939261114589856
chrM	4101	4102	0.0269437420986094
chrM	4102	4103	0.0058436815193572
chrM	4103	4104	0.073497022595644
chrM	4104	4105	0.0149621545502552
chrM	4105	4106	0.0135799160189404
chrM	4106	4107	0.0343203839536358
chrM	4107	4108	0.00300018751171948
chrM	4108	4109	0.00629995298542548
chrM	4109	4110	0.00217638152914459
chrM	4110	4111	0.00322030687630233
chrM	4111	4112	0.00692796811236595
chrM	4112	4113	0.00124223602484472
chrM	4113	4114	0.0057399789534105
chrM	4114	4115	0.0120273260848648
chrM	4115	4116	0.00691401304898237
chrM	4116	4117	0.0177450980392157
chrM	4117	4118	0.0449101796407186
chrM	4118	4119	0.0262277951933124
chrM	4119	4120	0.0104088421504453
chrM	4120	4121	0.00140967252222945
chrM	4121	4122	0.00694670574188646
chrM	4122	4123	0.0162770373607166
chrM	4123	4124	0.00210923623445826
chrM	4124	4125	0.00344789233678123
chrM	4125	4126	0.000557973440464234
chrM	4126	4127	0.00636373785865803
chrM	4127	4128	0.00314465408805031
chrM	4128	4129	0.0104717937169238
chrM	4129	4130	0.00739560814654682
chrM	4130	4131	0.000572934570872006
chrM	4131	4132	0.00401146131805158
chrM	4132	4133	0.00863060989643268
chrM	4133	4134	0.00429383776256238
chrM	4134	4135	0.00267971571711523
chrM	4135	4136	0.00268660203247284
chrM	4136	4137	0.00761302412743031
chrM	4137	4138	0.00247846099374484
chrM	4138	4139	0.000828206341694274
chrM	4139	4140	0.0373001776198934
chrM	4140	4141	0.00909985243482538
chrM	4141	4142	0.0186081131373279
chrM	4142	4143	0.000505497282952104
chrM	4143	4144	0.00530973451327434
chrM	4144	4145	0.0443512517473631
chrM	4145	4146	0.0287157670832225
chrM	4146	4147	0.0804707814424524
chrM	4147	4148	0.00818452380952381
chrM	4148	4149	0.00735073507350735
chrM	4149	4150	0.0181214134702507
chrM	4150	4151	0.0253573075149839
chrM	4151	4152	0.0261664564943253
chrM	4152	4153	0.0341423948220065
chrM	4153	4154	0.012899983246775
chrM	4154	4155	0.00848608282416836
chrM	4155	4156	0.00496235455167693
chrM	4156	4157	0.0158102766798419
chrM	4157	4158	0.00435843793584379
chrM	4158	4159	0.00629590766002099
chrM	4159	4160	0.0133755719816966
chrM	4160	4161	0.0117668033517561
chrM	4161	4162	0.0174806271400252
chrM	4162	4163	0.0250823874038814
chrM	4163	4164	0.104819051190699
chrM	4164	4165	0.0050251256281407
chrM	4165	4166	0.00336629497159689
chrM	4166	4167	0.0548754748839173
chrM	4167	4168	0.00513507479348069
chrM	4168	4169	0.0419376541825521
chrM	4169	4170	0.0217492984097287
chrM	4170	4171	0.00382409177820268
chrM	4171	4172	0.00671785028790787
chrM	4172	4173	0.00506756756756757
chrM	4173	4174	0.106857281318149
chrM	4174	4175	0.00487937110328002
chrM	4175	4176	0.017691888949374
chrM	4176	4177	0.0314569536423841
chrM	4177	4178	0.124929178470255
chrM	4178	4179	0.0478036175710594
chrM	4179	4180	0.127962085308057
chrM	4180	4181	0.0453488372093023
chrM	4181	4182	0.0418189200162404
chrM	4182	4183	0.00719424460431655
chrM	4183	4184	0.227756492124308
chrM	4184	4185	0.177961432506887
chrM	4185	4186	0.0120401337792642
chrM	4186	4187	0.0027027027027027
chrM	4187	4188	0.012863913337847
chrM	4188	4189	0.0397805212620027
chrM	4189	4190	0.0485714285714286
chrM	4190	4191	0.040510127531883
chrM	4191	4192	0.0109119251753702
chrM	4192	4193	0.017982799061767
chrM	4193	4194	0.00791765637371338
chrM	4194	4195	0.00239425379090184
chrM	4195	4196	0.0032
chrM	4196	4197	0.00880704563650921
chrM	4197	4198	0.0442834138486312
chrM	4198	4199	0.00420875420875421
chrM	4199	4200	0
chrM	4200	4201	0.00422654268808115
chrM	4201	4202	0.0441051738761662
chrM	4202	4203	0.106288751107174
chrM	4203	4204	0.0375494071146245
chrM	4204	4205	0.0174002047082907
chrM	4205	4206	0.0156087408949011
chrM	4206	4207	0.00739957716701903
chrM	4207	4208	0.0053248136315229
chrM	4208	4209	0
chrM	4209	4210	0.00213903743315508
chrM	4210	4211	0.0032017075773746
chrM	4211	4212	0.00106609808102345
chrM	4212	4213	0.00531914893617021
chrM	4213	4214	0.00956429330499469
chrM	4214	4215	0.0032017075773746
chrM	4215	4216	0.044238683127572
chrM	4216	4217	0.00103412616339193
chrM	4217	4218	0.00722394220846233
chrM	4218	4219	0.00515995872033024
chrM	4219	4220	0.0338983050847458
chrM	4220	4221	0.015732546705998
chrM	4221	4222	0.00587659157688541
chrM	4222	4223	0.0116166505324298
chrM	4223	4224	0.0124282982791587
chrM	4224	4225	0.0113421550094518
chrM	4225	4226	0.0807993049522155
chrM	4226	4227	0.0171232876712329
chrM	4227	4228	0.00342465753424658
chrM	4228	4229	0.0126903553299492
chrM	4229	4230	0.015
chrM	4230	4231	0.025182778229082
chrM	4231	4232	0.00645682001614205
chrM	4232	4233	0.00401929260450161
chrM	4233	4234	0.0158353127474268
chrM	4234	4235	0.00158227848101266
chrM	4235	4236	0.00940438871473354
chrM	4236	4237	0.0093603744149766
chrM	4237	4238	0.00468384074941452
chrM	4238	4239	0.0046656298600311
chrM	4239	4240	0.000777000777000777
chrM	4240	4241	0.00155159038013964
chrM	4241	4242	0.0293674698795181
chrM	4242	4243	0.00300751879699248
chrM	4243	4244	0.032774945375091
chrM	4244	4245	0.00145454545454545
chrM	4245	4246	0.000726744186046512
chrM	4246	4247	0.00145137880986938
chrM	4247	4248	0.00217548948513416
chrM	4248	4249	0.0136103151862464
chrM	4249	4250	0.00357909806728704
chrM	4250	4251	0.000717360114777618
chrM	4251	4252	0.00143266475644699
chrM	4252	4253	0.00214592274678112
chrM	4253	4254	0.0121689334287759
chrM	4254	4255	0.00434153400868307
chrM	4255	4256	0.040418118466899
chrM	4256	4257	0.00555170020818876
chrM	4257	4258	0.0361930294906166
chrM	4258	4259	0.0106524633821571
chrM	4259	4260	0.00333333333333333
chrM	4260	4261	0.0053226879574185
chrM	4261	4262	0.00133067198935462
chrM	4262	4263	0.00463576158940397
chrM	4263	4264	0.00264200792602378
chrM	4264	4265	0.00460223537146614
chrM	4265	4266	0.0397727272727273
chrM	4266	4267	0.0318237454100367
chrM	4267	4268	0.0072992700729927
chrM	4268	4269	0.00605326876513317
chrM	4269	4270	0.00841346153846154
chrM	4270	4271	0.0246189917936694
chrM	4271	4272	0.0104408352668213
chrM	4272	4273	0
chrM	4273	4274	0.0109007458405049
chrM	4274	4275	0.000573394495412844
chrM	4275	4276	0.0412314458493678
chrM	4276	4277	0.0273165506159614
chrM	4277	4278	0.0064034151547492
chrM	4278	4279	0.0429447852760736
chrM	4279	4280	0.0234765234765235
chrM	4280	4281	0.0489543726235741
chrM	4281	4282	0.0598748882931189
chrM	4282	4283	0.0721393034825871
chrM	4283	4284	0.286601597160603
chrM	4284	4285	0.0592654424040067
chrM	4285	4286	0.725633974946532
chrM	4286	4287	0.0585485147090556
chrM	4287	4288	0.150366748166259
chrM	4288	4289	0.111943539630836
chrM	4289	4290	0.101813926272674
chrM	4290	4291	0.301366129526795
chrM	4291	4292	0.0783507097098354
chrM	4292	4293	0.0354773229920926
chrM	4293	4294	0.0534346766097806
chrM	4294	4295	0.00425580531832853
chrM	4295	4296	0.100583202733602
chrM	4296	4297	0.029521767316611
chrM	4297	4298	0.00461641557667966
chrM	4298	4299	0.0240085277515323
chrM	4299	4300	0.0182458310535956
chrM	4300	4301	0.00860849056603774
chrM	4301	4302	0.0578837436672296
chrM	4302	4303	0.00911552942730696
chrM	4303	4304	0.0247165435492183
chrM	4304	4305	0.00406347576885239
chrM	4305	4306	0.00368626281136136
chrM	4306	4307	0.113022113022113
chrM	4307	4308	0.00354075636582793
chrM	4308	4309	0.000846819721490403
chrM	4309	4310	0.014776498507518
chrM	4310	4311	0.00703253005394061
chrM	4311	4312	0.00509185486382036
chrM	4312	4313	0.00295841779433518
chrM	4313	4314	0.0126933756445855
chrM	4314	4315	0.0849227824709609
chrM	4315	4316	0.00356761200164406
chrM	4316	4317	0.000607942689078392
chrM	4317	4318	0.00746925861900258
chrM	4318	4319	0.015920909032548
chrM	4319	4320	0.0202846135702492
chrM	4320	4321	0.00352559582569454
chrM	4321	4322	0.00528383054334611
chrM	4322	4323	0.00338640776699029
chrM	4323	4324	0.00110171464039103
chrM	4324	4325	0.083559676341349
chrM	4325	4326	0.00548758927940033
chrM	4326	4327	0.000268665158371041
chrM	4327	4328	0.00200392317353692
chrM	4328	4329	0.00436988014444491
chrM	4329	4330	0.00119299919998877
chrM	4330	4331	0.00158356456178705
chrM	4331	4332	0.00180480161172981
chrM	4332	4333	0.0132688988608906
chrM	4333	4334	0.00026227878854808
chrM	4334	4335	0.00489024423747905
chrM	4335	4336	0.000741279668345985
chrM	4336	4337	6.86379485489938e-05
chrM	4337	4338	0.0234338342739935
chrM	4338	4339	0.000991080277502478
chrM	4339	4340	0.000187469034132755
chrM	4340	4341	8.03374171520386e-05
chrM	4341	4342	0.000267723281216535
chrM	4342	4343	0.000107079278821057
chrM	4343	4344	0.000642071751518232
chrM	4344	4345	0.000107001939410152
chrM	4345	4346	0.000521362493984279
chrM	4346	4347	0.00122837000640889
chrM	4347	4348	0.00117359934918582
chrM	4348	4349	0.000613112612792728
chrM	4349	4350	5.33120085299214e-05
chrM	4350	4351	0.00067926639229632
chrM	4351	4352	0.000732005962521295
chrM	4352	4353	0.00491345173295191
chrM	4353	4354	0.0116884816753927
chrM	4354	4355	0.000300956518325635
chrM	4355	4356	0.00146338276605475
chrM	4356	4357	0.0010702725279315
chrM	4357	4358	0.00613584474885845
chrM	4358	4359	0.00493119562130483
chrM	4359	4360	0.0002710306909992
chrM	4360	4361	0.000193558377206565
chrM	4361	4362	0.000270908316885328
chrM	4362	4363	0.00334293355276692
chrM	4363	4364	0.00169445835098394
chrM	4364	4365	0.000718409236690186
chrM	4365	4366	3.84857153853062e-05
chrM	4366	4367	0.00183119693690694
chrM	4367	4368	0.000818906503908999
chrM	4368	4369	0.00254004722700874
chrM	4369	4370	0.000165922144224633
chrM	4370	4371	0.000357252220067368
chrM	4371	4372	0.000191350937619594
chrM	4372	4373	0.00017856459574251
chrM	4373	4374	0.00065007074299262
chrM	4374	4375	0.00265703860969501
chrM	4375	4376	0.000216084298298018
chrM	4376	4377	0.000190628693430935
chrM	4377	4378	0.000381116926673103
chrM	4378	4379	0.000177825197830533
chrM	4379	4380	0.0176686381672531
chrM	4380	4381	0.000224556500910701
chrM	4381	4382	0.000374125481686558
chrM	4382	4383	0.000286754438460004
chrM	4383	4384	8.72676498821887e-05
chrM	4384	4385	0.000622959806633276
chrM	4385	4386	0.000448346721464599
chrM	4386	4387	0.000908389537343521
chrM	4387	4388	4.97741497953038e-05
chrM	4388	4389	0.000435334212293838
chrM	4389	4390	0.000422727837871441
chrM	4390	4391	0.000236192086321992
chrM	4391	4392	0.0176171626838684
chrM	4392	4393	0.00133040400341755
chrM	4393	4394	0.000146462920470634
chrM	4394	4395	0
chrM	4395	4396	0.0059716709754943
chrM	4396	4397	0.00290690632494368
chrM	4397	4398	0.000775034210494448
chrM	4398	4399	0.000363275290014773
chrM	4399	4400	0.000169534627447656
chrM	4400	4401	0.000472132100140429
chrM	4401	4402	0.000108965433742963
chrM	4402	4403	0.00146434146990839
chrM	4403	4404	0.00135555474867773
chrM	4404	4405	0.000278484077975542
chrM	4405	4406	6.05502809533036e-05
chrM	4406	4407	0.000108982587004432
chrM	4407	4408	0.000762693397254304
chrM	4408	4409	0.00658925000602308
chrM	4409	4410	0.000494339213156657
chrM	4410	4411	0.00102415808181216
chrM	4411	4412	0.000830864821905932
chrM	4412	4413	0.00113127617580513
chrM	4413	4414	0.000842652670607071
chrM	4414	4415	0.00306309985705534
chrM	4415	4416	0.00238998847040738
chrM	4416	4417	0.00124998497614211
chrM	4417	4418	0.00184887266789925
chrM	4418	4419	0.00523478863644512
chrM	4419	4420	0.00430705354586236
chrM	4420	4421	0.0111689540937056
chrM	4421	4422	0.00114725014784151
chrM	4422	4423	0.00126529888251641
chrM	4423	4424	0.00631734977177545
chrM	4424	4425	0.0133292835364073
chrM	4425	4426	0.00925567027261943
chrM	4426	4427	0.00149267876605222
chrM	4427	4428	0.00494480084429213
chrM	4428	4429	0.00494194700803811
chrM	4429	4430	0.0023043675525945
chrM	4430	4431	0.00610154976985382
chrM	4431	4432	0.00649866587607471
chrM	4432	4433	0.00168610035859317
chrM	4433	4434	0.00109345472265472
chrM	4434	4435	0.00129626105984207
chrM	4435	4436	0.0179883004853044
chrM	4436	4437	0.00534458172057185
chrM	4437	4438	0.00332349038220139
chrM	4438	4439	0.00264884858608758
chrM	4439	4440	0.0012405172002481
chrM	4440	4441	0.00269709048380552
chrM	4441	4442	0.001172290871682
chrM	4442	4443	0.00724819692131042
chrM	4443	4444	0.00236562755175561
chrM	4444	4445	0.00296305182341651
chrM	4445	4446	0.00207590866001896
chrM	4446	4447	0.0032835606260336
chrM	4447	4448	0.010465618106838
chrM	4448	4449	0.00129428699302053
chrM	4449	4450	0.00246809025467304
chrM	4450	4451	0.000133355963436219
chrM	4451	4452	0.00281232574490266
chrM	4452	4453	0.00626375486710682
chrM	4453	4454	0.00633018639554587
chrM	4454	4455	0.00527614671091822
chrM	4455	4456	0.0120276379766271
chrM	4456	4457	0.00599742441896118
chrM	4457	4458	0.00500220685596587
chrM	4458	4459	0.000774336283185841
chrM	4459	4460	0.00165835442105005
chrM	4460	4461	0.00910744573633883
chrM	4461	4462	0.00132565198538066
chrM	4462	4463	0.00348544025312701
chrM	4463	4464	0.00249771249103544
chrM	4464	4465	0.00114005303724999
chrM	4465	4466	0.0023434303356437
chrM	4466	4467	0.00412371134020619
chrM	4467	4468	0.00898095439767816
chrM	4468	4469	0.00212117028353394
chrM	4469	4470	0.00735460511427925
chrM	4470	4471	0.00258195165168966
chrM	4471	4472	0.00211770374973053
chrM	4472	4473	0.00550382104357508
chrM	4473	4474	0.0319913003894593
chrM	4474	4475	0.00505576983216929
chrM	4475	4476	0.00158172002248395
chrM	4476	4477	0.00150240384615385
chrM	4477	4478	0.00178944618599791
chrM	4478	4479	0.00169808116827984
chrM	4479	4480	0.0113449672069648
chrM	4480	4481	0.000776658813783105
chrM	4481	4482	0.0029760749453308
chrM	4482	4483	0.00617769580974245
chrM	4483	4484	0.0166845030106889
chrM	4484	4485	0.00549285275231158
chrM	4485	4486	0.00667450365726228
chrM	4486	4487	0.00710073099606387
chrM	4487	4488	0.00654398869198754
chrM	4488	4489	0.00482693666117259
chrM	4489	4490	0.0108047787842983
chrM	4490	4491	0.0089692048454935
chrM	4491	4492	0.00353224511640353
chrM	4492	4493	0.00631640928190991
chrM	4493	4494	0.00394641466885017
chrM	4494	4495	0.00270466655901825
chrM	4495	4496	0.00648186828735834
chrM	4496	4497	0.00569144250965513
chrM	4497	4498	0.00603271008946931
chrM	4498	4499	0.00470408051635488
chrM	4499	4500	0.0101192924722336
chrM	4500	4501	0.0043761857940146
chrM	4501	4502	0.000834469138549693
chrM	4502	4503	0.00129420114390682
chrM	4503	4504	0.0172831259914837
chrM	4504	4505	0.00344817840083661
chrM	4505	4506	0.00150152277073447
chrM	4506	4507	0.00826108984462959
chrM	4507	4508	0.00511842492743055
chrM	4508	4509	0.00200614469493975
chrM	4509	4510	0.00133395116334583
chrM	4510	4511	0.00333655773786993
chrM	4511	4512	0.00589159465828751
chrM	4512	4513	0.00341815419673376
chrM	4513	4514	0.00859370633279302
chrM	4514	4515	0.00667207519722486
chrM	4515	4516	0.00794521318483519
chrM	4516	4517	0.0067177688521808
chrM	4517	4518	0.00683928393692502
chrM	4518	4519	0.00521413673895032
chrM	4519	4520	0.00210444940731833
chrM	4520	4521	0.00988243312318964
chrM	4521	4522	0.0022573042959766
chrM	4522	4523	0.00164751665270065
chrM	4523	4524	0.00749971645684473
chrM	4524	4525	0.0165997551322571
chrM	4525	4526	0.0435801041064199
chrM	4526	4527	0.00355544842339967
chrM	4527	4528	0.00585790440622835
chrM	4528	4529	0.000348120903903495
chrM	4529	4530	0.00340993104696954
chrM	4530	4531	0.00327270533586704
chrM	4531	4532	0.00117901355865592
chrM	4532	4533	0.00951966898536819
chrM	4533	4534	0.00558150640977808
chrM	4534	4535	0.000940088039991047
chrM	4535	4536	0.000522466039707419
chrM	4536	4537	0.00100052266109162
chrM	4537	4538	0.00200047772602413
chrM	4538	4539	0.00353974370463303
chrM	4539	4540	0.00988247863247863
chrM	4540	4541	0.00602365169119927
chrM	4541	4542	0.000679277603036076
chrM	4542	4543	0.000191961253359322
chrM	4543	4544	0.000472401423109287
chrM	4544	4545	0.0034238994081967
chrM	4545	4546	0.00886712546320805
chrM	4546	4547	0.000530386740331492
chrM	4547	4548	0.00387483121000411
chrM	4548	4549	0.000454925671015365
chrM	4549	4550	0.00104203357989903
chrM	4550	4551	0.00526045864165873
chrM	4551	4552	0.00544903250377184
chrM	4552	4553	0.00296526819529667
chrM	4553	4554	0.00148485739488386
chrM	4554	4555	0.0021451029943287
chrM	4555	4556	0.00336344275537931
chrM	4556	4557	0.0039484499765148
chrM	4557	4558	0.00589428504233302
chrM	4558	4559	0.0119911459020479
chrM	4559	4560	0.00252952336132476
chrM	4560	4561	0.00787079029756854
chrM	4561	4562	0.0105010676572966
chrM	4562	4563	0.00405706445568948
chrM	4563	4564	0.0155617894581426
chrM	4564	4565	0.0133476824656592
chrM	4565	4566	0.00467910402704824
chrM	4566	4567	0.0064996757702342
chrM	4567	4568	0.00968775504035305
chrM	4568	4569	0.00397581001416668
chrM	4569	4570	0.0084665896516082
chrM	4570	4571	0.001279824481214
chrM	4571	4572	0.0117560174230207
chrM	4572	4573	0.0119384559797664
chrM	4573	4574	0.00106400766085516
chrM	4574	4575	0.00355558256852854
chrM	4575	4576	0.00223757915245981
chrM	4576	4577	0.00422845843790402
chrM	4577	4578	0.0069792140798058
chrM	4578	4579	0.00293268500227929
chrM	4579	4580	0.00168893216883235
chrM	4580	4581	0.00400060845756009
chrM	4581	4582	0.00935492239840066
chrM	4582	4583	0.0134661135850668
chrM	4583	4584	0.00954522509292827
chrM	4584	4585	0.0026389703385907
chrM	4585	4586	0.0085052423220858
chrM	4586	4587	0.0093327761526675
chrM	4587	4588	0.0207054739321803
chrM	4588	4589	0.0145628765238841
chrM	4589	4590	0.000497121506117802
chrM	4590	4591	0.00599829994707382
chrM	4591	4592	0.00053243840655706
chrM	4592	4593	0.00346070888194959
chrM	4593	4594	0.00267310789049919
chrM	4594	4595	0.00146797870624294
chrM	4595	4596	0.000903954802259887
chrM	4596	4597	0.00328862522568997
chrM	4597	4598	0.013209614021522
chrM	4598	4599	0.00804953560371517
chrM	4599	4600	0.000706330694175236
chrM	4600	4601	0.000772188085302139
chrM	4601	4602	0.000591375770020534
chrM	4602	4603	0.000640678133162486
chrM	4603	4604	0.00209949644889858
chrM	4604	4605	0.0204694188850071
chrM	4605	4606	0.000803643182427002
chrM	4606	4607	0.000586392346742172
chrM	4607	4608	0.000167605256100831
chrM	4608	4609	0.00461476725521669
chrM	4609	4610	0.00180886343081097
chrM	4610	4611	0.000788088131728093
chrM	4611	4612	0.00145872805620295
chrM	4612	4613	0.0258208479438954
chrM	4613	4614	0.00340463580713942
chrM	4614	4615	0.00528891560058384
chrM	4615	4616	0.00560599807401293
chrM	4616	4617	0.000691204423708312
chrM	4617	4618	0.0055468196506022
chrM	4618	4619	0.027991942765854
chrM	4619	4620	0.0154046392212099
chrM	4620	4621	0.0719642889414996
chrM	4621	4622	0.00404166018964713
chrM	4622	4623	0.0100011674514535
chrM	4623	4624	0.010816222370539
chrM	4624	4625	0.0080467743533842
chrM	4625	4626	0.113555232036376
chrM	4626	4627	0.0311954136247593
chrM	4627	4628	0.00478986758779505
chrM	4628	4629	0.00497155806317347
chrM	4629	4630	0.00218335539915918
chrM	4630	4631	0.00169708241311171
chrM	4631	4632	0.0324250301736143
chrM	4632	4633	0.00499808685670557
chrM	4633	4634	0.0275873520411794
chrM	4634	4635	0.00195119601088816
chrM	4635	4636	0.012233670342398
chrM	4636	4637	0.00502622910821032
chrM	4637	4638	0.0161129850275425
chrM	4638	4639	0.0059744440109247
chrM	4639	4640	0.00222390576504802
chrM	4640	4641	0.000830950460688711
chrM	4641	4642	0.00266002879664202
chrM	4642	4643	0.00961796655681679
chrM	4643	4644	0.00368423638060618
chrM	4644	4645	0.0120290068107208
chrM	4645	4646	0.00541511802495877
chrM	4646	4647	0.00228641671788568
chrM	4647	4648	0.000885129819040126
chrM	4648	4649	0.00306876488350968
chrM	4649	4650	0.0277697703468819
chrM	4650	4651	0.0103315713599231
chrM	4651	4652	0.00154443881367794
chrM	4652	4653	0.00125594763664469
chrM	4653	4654	0.00898680968256269
chrM	4654	4655	0.0210067669538971
chrM	4655	4656	0.013326423336048
chrM	4656	4657	0.00704400019842254
chrM	4657	4658	0.0028122744580772
chrM	4658	4659	0.00164199527304391
chrM	4659	4660	0.000721806008412773
chrM	4660	4661	0.00201587815136507
chrM	4661	4662	0.00494889458108478
chrM	4662	4663	0.016243148978575
chrM	4663	4664	0.000885045263743489
chrM	4664	4665	0.00523269041178998
chrM	4665	4666	0.0294281941905342
chrM	4666	4667	0.00431462789603054
chrM	4667	4668	0.0049445374633738
chrM	4668	4669	0.00128362979068975
chrM	4669	4670	0.00178052420727397
chrM	4670	4671	0.000889959166579416
chrM	4671	4672	0.00541431261770245
chrM	4672	4673	0.00112943895776424
chrM	4673	4674	0.00304214418714432
chrM	4674	4675	0.0134291559565651
chrM	4675	4676	0.00508044030482642
chrM	4676	4677	0.00909282589215118
chrM	4677	4678	0.00217057546720313
chrM	4678	4679	0.00753115884380801
chrM	4679	4680	0.0074736420659282
chrM	4680	4681	0.00987654320987654
chrM	4681	4682	0.00159688202019108
chrM	4682	4683	0.000514709866175435
chrM	4683	4684	0.0038464663975946
chrM	4684	4685	0.00225463830711977
chrM	4685	4686	0.0146512195783705
chrM	4686	4687	0.0038624845911519
chrM	4687	4688	0.00669006361044089
chrM	4688	4689	0.00088270991945272
chrM	4689	4690	0.00355097996036115
chrM	4690	4691	0.00768531526320139
chrM	4691	4692	0.00243909199257186
chrM	4692	4693	0.00593587040940863
chrM	4693	4694	0.00373696246304869
chrM	4694	4695	0.00201438043812775
chrM	4695	4696	0.00567197541212629
chrM	4696	4697	0.0155315939437957
chrM	4697	4698	0.0237590156979211
chrM	4698	4699	0.0153503055579691
chrM	4699	4700	0.00707044146434102
chrM	4700	4701	0.0291548596301598
chrM	4701	4702	0.0109450641970112
chrM	4702	4703	0.00203647416413374
chrM	4703	4704	0.00137023842148534
chrM	4704	4705	0.0075891496494971
chrM	4705	4706	0.00950350289369479
chrM	4706	4707	0.00565521435086652
chrM	4707	4708	0.00161422958608717
chrM	4708	4709	0.00207247569412697
chrM	4709	4710	0.00674685553791672
chrM	4710	4711	0.0038675220233893
chrM	4711	4712	0.00301538461538462
chrM	4712	4713	0.00323604647579129
chrM	4713	4714	0.00412866650234163
chrM	4714	4715	0.00422461377162416
chrM	4715	4716	0.0171093267449043
chrM	4716	4717	0.0111633740984635
chrM	4717	4718	0.0618641650556207
chrM	4718	4719	0.00792687040410173
chrM	4719	4720	0.00322186800515499
chrM	4720	4721	0.000713339447671456
chrM	4721	4722	0.00635406048250085
chrM	4722	4723	0.0654723238401313
chrM	4723	4724	0.00106025153553671
chrM	4724	4725	0.0160139758334547
chrM	4725	4726	0.0065135791565467
chrM	4726	4727	0.00384714977989864
chrM	4727	4728	0.00897393110097527
chrM	4728	4729	0.000822799012641185
chrM	4729	4730	0.00239431350542462
chrM	4730	4731	0.00995006335246329
chrM	4731	4732	0.00672972669832131
chrM	4732	4733	0.00289419282089833
chrM	4733	4734	0.00109190858089536
chrM	4734	4735	0.00354115652665285
chrM	4735	4736	0.0177492447129909
chrM	4736	4737	0.00249596805160894
chrM	4737	4738	0.0082616046726099
chrM	4738	4739	0.00282398452611219
chrM	4739	4740	0.000930340737295034
chrM	4740	4741	0.0124170908530002
chrM	4741	4742	0.0102379848555092
chrM	4742	4743	0.0695699383410246
chrM	4743	4744	0.0115284492376348
chrM	4744	4745	0.0221180180927878
chrM	4745	4746	0.0125875886376033
chrM	4746	4747	0.0167072454034086
chrM	4747	4748	0.00476961076569287
chrM	4748	4749	0.00989216268998896
chrM	4749	4750	0.0042587624036455
chrM	4750	4751	0.00247672730378341
chrM	4751	4752	0.00414636231512354
chrM	4752	4753	0.00424128180961357
chrM	4753	4754	0.00910301000472326
chrM	4754	4755	0.00121264616717194
chrM	4755	4756	0.00320748992241342
chrM	4756	4757	0.00347826086956522
chrM	4757	4758	0.00466576549077748
chrM	4758	4759	0.0117754410358912
chrM	4759	4760	0.00666463388073355
chrM	4760	4761	0.0039383861368808
chrM	4761	4762	0.00597198436745269
chrM	4762	4763	0.0321698071576718
chrM	4763	4764	0.014197306152166
chrM	4764	4765	0.00903808908973531
chrM	4765	4766	0.000418760469011725
chrM	4766	4767	0.00111700642278693
chrM	4767	4768	0.000186367236639799
chrM	4768	4769	0.00349373456933899
chrM	4769	4770	0.00261645563706023
chrM	4770	4771	0.00257009345794393
chrM	4771	4772	0.00112128574098299
chrM	4772	4773	9.34972652049927e-05
chrM	4773	4774	0.000654358494975462
chrM	4774	4775	0.000701426233341127
chrM	4775	4776	0.0134203168685927
chrM	4776	4777	0.00817553916271202
chrM	4777	4778	0.00363653537357136
chrM	4778	4779	0.0050111095352905
chrM	4779	4780	0.0108164523933773
chrM	4780	4781	0.0212694610778443
chrM	4781	4782	0.01171875
chrM	4782	4783	0.0156188411509657
chrM	4783	4784	0.00175008750437522
chrM	4784	4785	0.000801081459970961
chrM	4785	4786	0.00465558670404485
chrM	4786	4787	0.0151203094388908
chrM	4787	4788	0.00651432642882589
chrM	4788	4789	0.00372981810750051
chrM	4789	4790	0.00286753033949511
chrM	4790	4791	0.00359011180633911
chrM	4791	4792	0.0322481098595896
chrM	4792	4793	0.0435012981507974
chrM	4793	4794	0.0245019590530324
chrM	4794	4795	0.00384093990058744
chrM	4795	4796	0.00418173598553345
chrM	4796	4797	0.0159115273937821
chrM	4797	4798	0.00758310051884372
chrM	4798	4799	0.00664375715922108
chrM	4799	4800	0.00316729052692197
chrM	4800	4801	0.00178880553952683
chrM	4801	4802	0.00104004160166407
chrM	4802	4803	0.00512997867312237
chrM	4803	4804	0.0370028286093633
chrM	4804	4805	0.00395375307014916
chrM	4805	4806	0.00132259228087051
chrM	4806	4807	0.0484064942874324
chrM	4807	4808	0.0198207297058452
chrM	4808	4809	0.00470027686562359
chrM	4809	4810	0.000517430955306901
chrM	4810	4811	0
chrM	4811	4812	0.000711329539575789
chrM	4812	4813	0
chrM	4813	4814	0.00135641390001292
chrM	4814	4815	0.000258331180573495
chrM	4815	4816	6.45869663501905e-05
chrM	4816	4817	0.00109797842795324
chrM	4817	4818	0.00459041830995022
chrM	4818	4819	0.0137680218210157
chrM	4819	4820	0.000131682907558599
chrM	4820	4821	0.00250181052077161
chrM	4821	4822	0.00158374026659628
chrM	4822	4823	0.000660938532716457
chrM	4823	4824	0.00085978835978836
chrM	4824	4825	0.00390495731021246
chrM	4825	4826	0.165625830454425
chrM	4826	4827	0.000716332378223496
chrM	4827	4828	0.0039805747950004
chrM	4828	4829	0.00839060252517181
chrM	4829	4830	0.00757392635565224
chrM	4830	4831	0.00884883909725605
chrM	4831	4832	0.0273501473960039
chrM	4832	4833	0.00446127946127946
chrM	4833	4834	0.000929760797903812
chrM	4834	4835	0.0615696887686062
chrM	4835	4836	0.000901225666906993
chrM	4836	4837	0.00315713512538337
chrM	4837	4838	0.00723916387657226
chrM	4838	4839	0.0259775772491113
chrM	4839	4840	0.000467858145410312
chrM	4840	4841	0.000935979034069637
chrM	4841	4842	0.00365339578454333
chrM	4842	4843	0.0737049920090251
chrM	4843	4844	0.00273972602739726
chrM	4844	4845	0.00203458799593082
chrM	4845	4846	0.00805136567468406
chrM	4846	4847	0.0104776579352851
chrM	4847	4848	0.0258432797093928
chrM	4848	4849	0.0593373814850325
chrM	4849	4850	0.00226500566251416
chrM	4850	4851	0.00147559591373439
chrM	4851	4852	0.000113675116516994
chrM	4852	4853	0.00159018627896411
chrM	4853	4854	0.00579479604590387
chrM	4854	4855	0.00137080191912269
chrM	4855	4856	0.00125786163522013
chrM	4856	4857	0.00137331197070268
chrM	4857	4858	0.00595715431320884
chrM	4858	4859	0.00714450334178382
chrM	4859	4860	0.00626740947075209
chrM	4860	4861	0.00291987853305302
chrM	4861	4862	0.014290734450041
chrM	4862	4863	0.028041825095057
chrM	4863	4864	0.0154015401540154
chrM	4864	4865	0.0666583912611718
chrM	4865	4866	0.00371747211895911
chrM	4866	4867	0.00146354443853113
chrM	4867	4868	0.000266453503863576
chrM	4868	4869	0.000532978014656895
chrM	4869	4870	0.00613251566457806
chrM	4870	4871	0.00576794097920858
chrM	4871	4872	0.00121424716675661
chrM	4872	4873	0.0826691881669593
chrM	4873	4874	0.0131036513545347
chrM	4874	4875	0.000596658711217184
chrM	4875	4876	0.00970149253731343
chrM	4876	4877	0.0299924642049736
chrM	4877	4878	0.0262585456805469
chrM	4878	4879	0.0019147917663954
chrM	4879	4880	0.0131095123900879
chrM	4880	4881	0.008909768346023
chrM	4881	4882	0.0161817587446878
chrM	4882	4883	0.00764246552583486
chrM	4883	4884	0.0205926670015068
chrM	4884	4885	0.0295726495726496
chrM	4885	4886	0.00193764312136692
chrM	4886	4887	0.00123543946346629
chrM	4887	4888	0.000883548330093656
chrM	4888	4889	0.00353669319186561
chrM	4889	4890	0.00159687721788502
chrM	4890	4891	0.00764172738581838
chrM	4891	4892	0.0034025787965616
chrM	4892	4893	0.00197663971248877
chrM	4893	4894	0.00018001800180018
chrM	4894	4895	0.021962196219622
chrM	4895	4896	0.00239278483342536
chrM	4896	4897	0.0025830258302583
chrM	4897	4898	0.04661487236404
chrM	4898	4899	0.0242530073729142
chrM	4899	4900	0.0244581427719228
chrM	4900	4901	0.103708231458843
chrM	4901	4902	0.0120399818264425
chrM	4902	4903	0.00413033501606241
chrM	4903	4904	0.0149425287356322
chrM	4904	4905	0.150186567164179
chrM	4905	4906	0.0449931412894376
chrM	4906	4907	0.0218265364732912
chrM	4907	4908	0.0361021426474905
chrM	4908	4909	0.00913520097442144
chrM	4909	4910	0.00215119852489244
chrM	4910	4911	0.0117031105635972
chrM	4911	4912	0.00218136491118729
chrM	4912	4913	0.000312207305650952
chrM	4913	4914	0.00124882922260381
chrM	4914	4915	0.00156298843388559
chrM	4915	4916	0
chrM	4916	4917	0.0028107432854466
chrM	4917	4918	0.150577944392377
chrM	4918	4919	0.0294225818315557
chrM	4919	4920	0.0826070481242895
chrM	4920	4921	0.0966542750929368
chrM	4921	4922	0.0914494741655235
chrM	4922	4923	0.0573729240060393
chrM	4923	4924	0.0106780565936999
chrM	4924	4925	0.075512405609493
chrM	4925	4926	0.0338192419825073
chrM	4926	4927	0.0114526823387583
chrM	4927	4928	0.0286236297198538
chrM	4928	4929	0.0394736842105263
chrM	4929	4930	0.246905537459283
chrM	4930	4931	0.0155574762316335
chrM	4931	4932	0.0166812993854258
chrM	4932	4933	0.0071301247771836
chrM	4933	4934	0.00357462019660411
chrM	4934	4935	0.00714924039320822
chrM	4935	4936	0.00449640287769784
chrM	4936	4937	0.0180505415162455
chrM	4937	4938	0.0137111517367459
chrM	4938	4939	0.0138376383763838
chrM	4939	4940	0.00935453695042095
chrM	4940	4941	0.00755429650613787
chrM	4941	4942	0.0190114068441065
chrM	4942	4943	0.000968054211035818
chrM	4943	4944	0
chrM	4944	4945	0.0184108527131783
chrM	4945	4946	0.109575518262586
chrM	4946	4947	0
chrM	4947	4948	0
chrM	4948	4949	0.0199556541019956
chrM	4949	4950	0.0260180995475113
chrM	4950	4951	0.00116009280742459
chrM	4951	4952	0.00115874855156431
chrM	4952	4953	0
chrM	4953	4954	0.0023121387283237
chrM	4954	4955	0.00230680507497117
chrM	4955	4956	0
chrM	4956	4957	0
chrM	4957	4958	0.00344827586206897
chrM	4958	4959	0.0045766590389016
chrM	4959	4960	0.00114285714285714
chrM	4960	4961	0.0179573512906846
chrM	4961	4962	0.00223964165733483
chrM	4962	4963	0
chrM	4963	4964	0
chrM	4964	4965	0.00446428571428571
chrM	4965	4966	0.0044543429844098
chrM	4966	4967	0.00554323725055432
chrM	4967	4968	0.00331858407079646
chrM	4968	4969	0.00220994475138122
chrM	4969	4970	0.0011037527593819
chrM	4970	4971	0.00220264317180617
chrM	4971	4972	0
chrM	4972	4973	0.00656455142231947
chrM	4973	4974	0.0108225108225108
chrM	4974	4975	0.00538213132400431
chrM	4975	4976	0.00107642626480086
chrM	4976	4977	0.00107642626480086
chrM	4977	4978	0.0021505376344086
chrM	4978	4979	0
chrM	4979	4980	0
chrM	4980	4981	0.00321888412017167
chrM	4981	4982	0
chrM	4982	4983	0
chrM	4983	4984	0
chrM	4984	4985	0
chrM	4985	4986	0.00107296137339056
chrM	4986	4987	0.00107296137339056
chrM	4987	4988	0
chrM	4988	4989	0
chrM	4989	4990	0
chrM	4990	4991	0.00107181136120043
chrM	4991	4992	0.00107066381156317
chrM	4992	4993	0
chrM	4993	4994	0
chrM	4994	4995	0
chrM	4995	4996	0
chrM	4996	4997	0.0032017075773746
chrM	4997	4998	0
chrM	4998	4999	0.00319148936170213
chrM	4999	5000	0
chrM	5000	5001	0
chrM	5001	5002	0
chrM	5002	5003	0.00212314225053079
chrM	5003	5004	0
chrM	5004	5005	0.00212089077412513
chrM	5005	5006	0.00106044538706257
chrM	5006	5007	0
chrM	5007	5008	0.00105932203389831
chrM	5008	5009	0.00105820105820106
chrM	5009	5010	0
chrM	5010	5011	0.00105708245243129
chrM	5011	5012	0.00105596620908131
chrM	5012	5013	0
chrM	5013	5014	0
chrM	5014	5015	0.00525210084033613
chrM	5015	5016	0.00626959247648903
chrM	5016	5017	0.00104493207941484
chrM	5017	5018	0.00726141078838174
chrM	5018	5019	0.00103626943005181
chrM	5019	5020	0
chrM	5020	5021	0.00412796697626419
chrM	5021	5022	0.00412371134020619
chrM	5022	5023	0.0222672064777328
chrM	5023	5024	0.00202224469160768
chrM	5024	5025	0
chrM	5025	5026	0.00101010101010101
chrM	5026	5027	0.00602409638554217
chrM	5027	5028	0.0459770114942529
chrM	5028	5029	0.0141643059490085
chrM	5029	5030	0.0185356811862836
chrM	5030	5031	0.0754070265638389
chrM	5031	5032	0.00341588385994876
chrM	5032	5033	0
chrM	5033	5034	0.0118343195266272
chrM	5034	5035	0.0166805671392827
chrM	5035	5036	0.271176112126752
chrM	5036	5037	0.00485436893203883
chrM	5037	5038	0.0090198436560433
chrM	5038	5039	0.00120192307692308
chrM	5039	5040	0.00660264105642257
chrM	5040	5041	0.0298420128730252
chrM	5041	5042	0.000584795321637427
chrM	5042	5043	0.00350058343057176
chrM	5043	5044	0.00407450523864959
chrM	5044	5045	0.00116346713205352
chrM	5045	5046	0.00347826086956522
chrM	5046	5047	0.0210466439135381
chrM	5047	5048	0.00625355315520182
chrM	5048	5049	0.000570125427594071
chrM	5049	5050	0.00284252416145537
chrM	5050	5051	0.00901408450704225
chrM	5051	5052	0.0167224080267559
chrM	5052	5053	0.00392156862745098
chrM	5053	5054	0.00280112044817927
chrM	5054	5055	0.00390625
chrM	5055	5056	0.00278241513633834
chrM	5056	5057	0.0196399345335516
chrM	5057	5058	0.00163398692810458
chrM	5058	5059	0.0150375939849624
chrM	5059	5060	0.0122145512480085
chrM	5060	5061	0.0047568710359408
chrM	5061	5062	0.0415400202634245
chrM	5062	5063	0.00704579768495219
chrM	5063	5064	0.00401203610832497
chrM	5064	5065	0.003
chrM	5065	5066	0.00497512437810945
chrM	5066	5067	0.00396628656420426
chrM	5067	5068	0.00445986124876115
chrM	5068	5069	0.00789733464955577
chrM	5069	5070	0.0107579462102689
chrM	5070	5071	0.062011943040882
chrM	5071	5072	0.000919117647058824
chrM	5072	5073	0.010919017288444
chrM	5073	5074	0.00226963231956423
chrM	5074	5075	0.0208888888888889
chrM	5075	5076	0.0239026510212951
chrM	5076	5077	0.00562770562770563
chrM	5077	5078	0.0236986881083369
chrM	5078	5079	0.024390243902439
chrM	5079	5080	0.0667438271604938
chrM	5080	5081	0.199320148331273
chrM	5081	5082	0.0666666666666667
chrM	5082	5083	0.221372328458943
chrM	5083	5084	0.0235216531105738
chrM	5084	5085	0.0463312368972746
chrM	5085	5086	0.0111940298507463
chrM	5086	5087	0.0382775119617225
chrM	5087	5088	0.105582307829499
chrM	5088	5089	0.0533603512326917
chrM	5089	5090	0.106382978723404
chrM	5090	5091	0.0437229437229437
chrM	5091	5092	0.0850389541793213
chrM	5092	5093	0.178137212331741
chrM	5093	5094	0.0195848855774348
chrM	5094	5095	0.0779348252846486
chrM	5095	5096	0.0230193746403223
chrM	5096	5097	0.280438983986748
chrM	5097	5098	0.0508385744234801
chrM	5098	5099	0.0118469605748689
chrM	5099	5100	0.00993462376618382
chrM	5100	5101	0.00895636155751763
chrM	5101	5102	0.14043134043134
chrM	5102	5103	0.0196456292489695
chrM	5103	5104	0.00500719117882065
chrM	5104	5105	0.00249747595515171
chrM	5105	5106	0.0750552961415581
chrM	5106	5107	0.0542513132815769
chrM	5107	5108	0.0149287905847873
chrM	5108	5109	0.0024211968935587
chrM	5109	5110	0.00277904328018223
chrM	5110	5111	0.0423647469458988
chrM	5111	5112	0.0136420364074536
chrM	5112	5113	0.00193282364058071
chrM	5113	5114	0.00107263912129403
chrM	5114	5115	0.00342070380980887
chrM	5115	5116	0.0188782145404204
chrM	5116	5117	0.0423446225543369
chrM	5117	5118	0.00168451449885694
chrM	5118	5119	0.000721413971383913
chrM	5119	5120	0.000480711452950367
chrM	5120	5121	0.00640821525234835
chrM	5121	5122	0.00605317297040671
chrM	5122	5123	0.0149655091780662
chrM	5123	5124	0.000934470272164467
chrM	5124	5125	0.000311393094858121
chrM	5125	5126	0.000272394738890186
chrM	5126	5127	0.014949402023919
chrM	5127	5128	0.00651205301039644
chrM	5128	5129	0.000685009704304144
chrM	5129	5130	3.80546464723343e-05
chrM	5130	5131	0.000722515876335704
chrM	5131	5132	0.000721994224046208
chrM	5132	5133	0.00242608036391205
chrM	5133	5134	0.0113184918671764
chrM	5134	5135	0.00395729112222803
chrM	5135	5136	0.00755919516804387
chrM	5136	5137	0.000777576183952309
chrM	5137	5138	0.00475400773908237
chrM	5138	5139	0.000147411092684725
chrM	5139	5140	0.0500122579063496
chrM	5140	5141	0.00394319014551418
chrM	5141	5142	0.00090658670107047
chrM	5142	5143	0.00101024176130426
chrM	5143	5144	0.000731070496083551
chrM	5144	5145	0.00205003474635163
chrM	5145	5146	0.000138975748731846
chrM	5146	5147	0.00792802729998966
chrM	5147	5148	0.000206782464846981
chrM	5148	5149	0.000482259731312435
chrM	5149	5150	0.0647873711340206
chrM	5150	5151	0.00173672530794713
chrM	5151	5152	0.000225094861405878
chrM	5152	5153	0.000610637955969789
chrM	5153	5154	0.00812930374904361
chrM	5154	5155	0.000605384737932133
chrM	5155	5156	0.00415661886026145
chrM	5156	5157	0.000475722305033142
chrM	5157	5158	0.00126698552469038
chrM	5158	5159	0.00195997850346157
chrM	5159	5160	0.00437492131436485
chrM	5160	5161	0.00650630298101286
chrM	5161	5162	0.00274605254946015
chrM	5162	5163	0.0060790273556231
chrM	5163	5164	0.00102246320681642
chrM	5164	5165	0.00114508541718247
chrM	5165	5166	0.00330134830767332
chrM	5166	5167	0.00844656628718325
chrM	5167	5168	0.0244834587364147
chrM	5168	5169	0.00288810814029655
chrM	5169	5170	0.00647909825153102
chrM	5170	5171	0.00856581301886239
chrM	5171	5172	0.00353728768965416
chrM	5172	5173	0.00558204442377021
chrM	5173	5174	0.000610199041115792
chrM	5174	5175	0.00376364320662401
chrM	5175	5176	0.000520969002344361
chrM	5176	5177	0.00170500520171078
chrM	5177	5178	0.00167373676160794
chrM	5178	5179	0.00230408110365485
chrM	5179	5180	0.0090205817704319
chrM	5180	5181	0.00432075954404616
chrM	5181	5182	0.00141964792731403
chrM	5182	5183	0.00167280975333144
chrM	5183	5184	0.00420785088957921
chrM	5184	5185	0.0267542894852618
chrM	5185	5186	0.00411071526445602
chrM	5186	5187	0.00515576408969393
chrM	5187	5188	0.0110391363022942
chrM	5188	5189	0.000998165533613899
chrM	5189	5190	0.000485463077835913
chrM	5190	5191	0.00389659249704396
chrM	5191	5192	0.00239150880021497
chrM	5192	5193	0.00306040268456376
chrM	5193	5194	0.00671982080477854
chrM	5194	5195	0.000666613337599659
chrM	5195	5196	0.00109295444245995
chrM	5196	5197	0.000319923218427577
chrM	5197	5198	0.0100583436732754
chrM	5198	5199	0.00123990924919538
chrM	5199	5200	7.91723846722263e-05
chrM	5200	5201	0.000422152449803435
chrM	5201	5202	0.000237492083597213
chrM	5202	5203	0.000316706254948535
chrM	5203	5204	0.00121292023731048
chrM	5204	5205	0.00102804723745255
chrM	5205	5206	0.00108053974277883
chrM	5206	5207	0.00023719165085389
chrM	5207	5208	0.000921780352910192
chrM	5208	5209	0.00384028618023042
chrM	5209	5210	0.000975481149485895
chrM	5210	5211	0.00116045996413124
chrM	5211	5212	0.00118652112007594
chrM	5212	5213	0.00110677769579424
chrM	5213	5214	0.000447898827558951
chrM	5214	5215	0.000474170859566397
chrM	5215	5216	0.00257915098560413
chrM	5216	5217	0.001841475284771
chrM	5217	5218	0.00102515574481508
chrM	5218	5219	0.000473061760840999
chrM	5219	5220	0.000735603194619588
chrM	5220	5221	0.00173187436038731
chrM	5221	5222	0.000314927566659668
chrM	5222	5223	0.00306218592964824
chrM	5223	5224	0.000366405820618179
chrM	5224	5225	0.00211620859023931
chrM	5225	5226	0.00255494433871262
chrM	5226	5227	0.00278240066569586
chrM	5227	5228	0.00409315820833657
chrM	5228	5229	0.00041451851084225
chrM	5229	5230	0.00549323017408124
chrM	5230	5231	0.00038703684590773
chrM	5231	5232	0.00357519483525811
chrM	5232	5233	0.00249094784417452
chrM	5233	5234	0.00238804437140509
chrM	5234	5235	0.0125365543547362
chrM	5235	5236	0.00058533109380567
chrM	5236	5237	0.00494572385107031
chrM	5237	5238	0.0042407313357034
chrM	5238	5239	0.00201248248630748
chrM	5239	5240	0.000382389680577154
chrM	5240	5241	0.000509774934366477
chrM	5241	5242	0.00198797023142012
chrM	5242	5243	0.000663332993162568
chrM	5243	5244	0.0391631585661436
chrM	5244	5245	0.00743494423791822
chrM	5245	5246	0.0222595989592915
chrM	5246	5247	0.00368560211521513
chrM	5247	5248	0.00534517604510158
chrM	5248	5249	0.00929299329426052
chrM	5249	5250	0.0107998738700862
chrM	5250	5251	0.0369560060099639
chrM	5251	5252	0.00387681555094463
chrM	5252	5253	0.0184146441568391
chrM	5253	5254	0.00649819494584838
chrM	5254	5255	0.00522585128561501
chrM	5255	5256	0.00926643062624474
chrM	5256	5257	0.00519150581282965
chrM	5257	5258	0.00403783395099286
chrM	5258	5259	0.019804673685356
chrM	5259	5260	0.00100603621730382
chrM	5260	5261	0.0156885842792889
chrM	5261	5262	0.00545909671921602
chrM	5262	5263	0.000372687341940636
chrM	5263	5264	0.0163148797988792
chrM	5264	5265	0.0011776713511816
chrM	5265	5266	0.00349805518573629
chrM	5266	5267	0.000626517346699037
chrM	5267	5268	0.000208833663986635
chrM	5268	5269	0.029516088168229
chrM	5269	5270	0.000557103064066852
chrM	5270	5271	0.000556835151484472
chrM	5271	5272	0.00017717033662364
chrM	5272	5273	0.00121460563273362
chrM	5273	5274	0.000860432747058079
chrM	5274	5275	0.000632335087009308
chrM	5275	5276	0.000505778519586273
chrM	5276	5277	0.000303505488390915
chrM	5277	5278	0.000556328233657858
chrM	5278	5279	0.00138923970699672
chrM	5279	5280	0.00378663570040138
chrM	5280	5281	0.000582293222613231
chrM	5281	5282	0.000607456528892151
chrM	5282	5283	0.00310488451344188
chrM	5283	5284	0.00116117632210021
chrM	5284	5285	0.00128804141937113
chrM	5285	5286	0.00942752432705674
chrM	5286	5287	0.00376849234843277
chrM	5287	5288	0.00297944943848837
chrM	5288	5289	0.000535290968876654
chrM	5289	5290	0.00094327597195666
chrM	5290	5291	0.00329014486839421
chrM	5291	5292	0.00125329309154155
chrM	5292	5293	0.00854766084102877
chrM	5293	5294	0.0139674771881531
chrM	5294	5295	0.000490956072351421
chrM	5295	5296	0.00116288084347624
chrM	5296	5297	0.00150006465795939
chrM	5297	5298	0.00214653321954121
chrM	5298	5299	0.00747523343938336
chrM	5299	5300	0.00567708333333333
chrM	5300	5301	0.0039407067174696
chrM	5301	5302	0.00190560718387804
chrM	5302	5303	0.00398530905681019
chrM	5303	5304	0.00353945450759942
chrM	5304	5305	0.00213686350132902
chrM	5305	5306	0.000391195493427916
chrM	5306	5307	0.000834485096617728
chrM	5307	5308	0.00159090316355006
chrM	5308	5309	0.00357422384555179
chrM	5309	5310	0.00464158126678662
chrM	5310	5311	0.00486055155563642
chrM	5311	5312	0.00246810942817802
chrM	5312	5313	0.00257544224765869
chrM	5313	5314	0.00070371142618849
chrM	5314	5315	0.00257530825659435
chrM	5315	5316	0.000338233381032913
chrM	5316	5317	0.000208197787898504
chrM	5317	5318	0.00174093802780304
chrM	5318	5319	0.00122017705547911
chrM	5319	5320	0.0130469330735909
chrM	5320	5321	0.00158762675407149
chrM	5321	5322	0.000819294382712889
chrM	5322	5323	0.0033996216962323
chrM	5323	5324	0.00201937578282764
chrM	5324	5325	0.00173686495874946
chrM	5325	5326	0.0022223357515071
chrM	5326	5327	0.00754881138207221
chrM	5327	5328	0.000515649976795751
chrM	5328	5329	0.00388454414488578
chrM	5329	5330	0.0244208049915614
chrM	5330	5331	0.015474490458263
chrM	5331	5332	0.00675320580197604
chrM	5332	5333	0.00386964304517216
chrM	5333	5334	0.00388431053488006
chrM	5334	5335	0.00740138054119314
chrM	5335	5336	0.00293146705400766
chrM	5336	5337	0.0256844332760217
chrM	5337	5338	0.00216878575107762
chrM	5338	5339	0.00808320310394999
chrM	5339	5340	0.0166161927478359
chrM	5340	5341	0.00384157558705768
chrM	5341	5342	0.00859622090665802
chrM	5342	5343	0.002443726411252
chrM	5343	5344	0.00236124304518931
chrM	5344	5345	0.00336362403363624
chrM	5345	5346	0.0171951582766931
chrM	5346	5347	0.00853391684901532
chrM	5347	5348	0.0139729223756681
chrM	5348	5349	0.0118218052655839
chrM	5349	5350	0.00697979963869272
chrM	5350	5351	0.0348802024592193
chrM	5351	5352	0.00315942276492187
chrM	5352	5353	0.0032520325203252
chrM	5353	5354	0.0020562616021705
chrM	5354	5355	0.000571314308566858
chrM	5355	5356	0.00145651863487077
chrM	5356	5357	0.00282744045239047
chrM	5357	5358	0.0104358676232879
chrM	5358	5359	0.00689400817067635
chrM	5359	5360	0.00125434745424483
chrM	5360	5361	0.00113999088007296
chrM	5361	5362	0.00242386221056234
chrM	5362	5363	0.0182486955034074
chrM	5363	5364	0.0030932007400555
chrM	5364	5365	0.0200878663506561
chrM	5365	5366	0.000412492634060106
chrM	5366	5367	0.000853996112845279
chrM	5367	5368	0.00114783530035024
chrM	5368	5369	0.00111820616190448
chrM	5369	5370	0.00320333852528874
chrM	5370	5371	0.000853192115328038
chrM	5371	5372	0.00614520235273461
chrM	5372	5373	0.0026345832967419
chrM	5373	5374	0.0044706776144698
chrM	5374	5375	0.00175059812102468
chrM	5375	5376	0.000933216681248177
chrM	5376	5377	0.00157406867603335
chrM	5377	5378	0.010108595194085
chrM	5378	5379	0.00438292964244521
chrM	5379	5380	0.00311301991756262
chrM	5380	5381	0.000806869921042015
chrM	5381	5382	0.000172975466313028
chrM	5382	5383	0.00675830469644903
chrM	5383	5384	0.00260215607217409
chrM	5384	5385	0.00143036960750658
chrM	5385	5386	0.0010585037905879
chrM	5386	5387	0.00122976605845679
chrM	5387	5388	0.000257510729613734
chrM	5388	5389	0.000114468864468864
chrM	5389	5390	0.000715409929889827
chrM	5390	5391	0.0153218726103826
chrM	5391	5392	0.0116962352742711
chrM	5392	5393	0.000365394344819832
chrM	5393	5394	0.000309136385352556
chrM	5394	5395	0.000842933408260747
chrM	5395	5396	0.000815018829745377
chrM	5396	5397	0.000393612235717499
chrM	5397	5398	0.00884141239471189
chrM	5398	5399	0.0102419557391232
chrM	5399	5400	0.000310138716589602
chrM	5400	5401	0.00146445871352935
chrM	5401	5402	0.00357172989847287
chrM	5402	5403	0.0194406932252982
chrM	5403	5404	0.000429430289149728
chrM	5404	5405	0.00541017682735841
chrM	5405	5406	0.0104305812135853
chrM	5406	5407	0.0151263393112932
chrM	5407	5408	0.00203417412530513
chrM	5408	5409	0.0210113339145597
chrM	5409	5410	0.00319687416748069
chrM	5410	5411	0.0013344404246486
chrM	5411	5412	0.00449810606060606
chrM	5412	5413	0.000888494002665482
chrM	5413	5414	0.00186605846983205
chrM	5414	5415	0.00396931188720045
chrM	5415	5416	0.0133071489286866
chrM	5416	5417	0.00713658964609535
chrM	5417	5418	0.00311060245913666
chrM	5418	5419	0.0169680274301791
chrM	5419	5420	0.0036207152396498
chrM	5420	5421	0.00303417913555641
chrM	5421	5422	0.0170703711334138
chrM	5422	5423	0.00389598890233464
chrM	5423	5424	0.0022494524359202
chrM	5424	5425	0.00752815649081209
chrM	5425	5426	0.0199815919954871
chrM	5426	5427	0.143151482576368
chrM	5427	5428	0.0214354527938343
chrM	5428	5429	0.0307509106192211
chrM	5429	5430	0.00838739739775619
chrM	5430	5431	0.00398363479758829
chrM	5431	5432	0.0238363495528484
chrM	5432	5433	0.00984459601997047
chrM	5433	5434	0.00374042838491125
chrM	5434	5435	0.00151787920505489
chrM	5435	5436	0.000636064878617619
chrM	5436	5437	0.00997724488009802
chrM	5437	5438	0.00982570654815638
chrM	5438	5439	0.00163324877506342
chrM	5439	5440	0.00375364938134297
chrM	5440	5441	0.0183115752828547
chrM	5441	5442	0.0329369023545944
chrM	5442	5443	0.0236785458024396
chrM	5443	5444	0.00504646225594264
chrM	5444	5445	0.00156985871271586
chrM	5445	5446	0.00226907770718425
chrM	5446	5447	0.00408362709853059
chrM	5447	5448	0.00227264780951715
chrM	5448	5449	0.00756540926762635
chrM	5449	5450	0.00504302440400621
chrM	5450	5451	0.000885363175974785
chrM	5451	5452	0.00244109530885162
chrM	5452	5453	0.00173531182491058
chrM	5453	5454	0.00687870084742758
chrM	5454	5455	0.00349550577828506
chrM	5455	5456	0.00557880055788006
chrM	5456	5457	0.00416367552045944
chrM	5457	5458	0.000719735137469411
chrM	5458	5459	0.00860176354147922
chrM	5459	5460	0.0104514599719858
chrM	5460	5461	0.00150851231951728
chrM	5461	5462	0.00848554580756508
chrM	5462	5463	0.0209148905321154
chrM	5463	5464	0.0266305739473973
chrM	5464	5465	0.00252029205737371
chrM	5465	5466	0.0100429884375926
chrM	5466	5467	0.00447443976285469
chrM	5467	5468	0.00469781141642743
chrM	5468	5469	0.00763073240068826
chrM	5469	5470	0.00984170938891592
chrM	5470	5471	0.0177459293164253
chrM	5471	5472	0.00251572327044025
chrM	5472	5473	0.00236370568051849
chrM	5473	5474	0.00445019208094025
chrM	5474	5475	0.00417663363329157
chrM	5475	5476	0.00273816314888762
chrM	5476	5477	0.000990627143183723
chrM	5477	5478	0.00338415909350165
chrM	5478	5479	0.00163541627049024
chrM	5479	5480	0.00220716949539539
chrM	5480	5481	0.00278148218708325
chrM	5481	5482	0.00591422466422466
chrM	5482	5483	0.0253026543349124
chrM	5483	5484	0.0453720508166969
chrM	5484	5485	0.00913565662531994
chrM	5485	5486	0.00548799747315224
chrM	5486	5487	0.00289464292795115
chrM	5487	5488	0.0196725220570702
chrM	5488	5489	0.0110687788249449
chrM	5489	5490	0.0338266384778013
chrM	5490	5491	0.00455160536351335
chrM	5491	5492	0.000493969456221957
chrM	5492	5493	0.0018516232563881
chrM	5493	5494	0.00398406374501992
chrM	5494	5495	0.00481085526315789
chrM	5495	5496	0.00792308009738786
chrM	5496	5497	0.00228215767634855
chrM	5497	5498	0.00153495125492636
chrM	5498	5499	0.0224098733354985
chrM	5499	5500	0.00591021333441282
chrM	5500	5501	0.0284791193011846
chrM	5501	5502	0.00473952685062457
chrM	5502	5503	0.00220511586881565
chrM	5503	5504	0.0316856288587737
chrM	5504	5505	0.00291002211616808
chrM	5505	5506	0.00294733576359265
chrM	5506	5507	0.00586306653809065
chrM	5507	5508	0.00123452027313761
chrM	5508	5509	0.0102099346105311
chrM	5509	5510	0.00691936281032582
chrM	5510	5511	0.00444427562105903
chrM	5511	5512	0.00163703506300681
chrM	5512	5513	0.00205831903945111
chrM	5513	5514	0.0060071477454186
chrM	5514	5515	0.0108046414304737
chrM	5515	5516	0.0143284939918881
chrM	5516	5517	0.00102315358672174
chrM	5517	5518	0.000985035044516007
chrM	5518	5519	0.000530785562632696
chrM	5519	5520	0.00257351549786171
chrM	5520	5521	0.0121105320385437
chrM	5521	5522	0.00221554637626737
chrM	5522	5523	0.000789265982636148
chrM	5523	5524	0.000150381593292981
chrM	5524	5525	0.00337369269408104
chrM	5525	5526	0.00123706702654071
chrM	5526	5527	0.0053000895789788
chrM	5527	5528	0.00503919372900336
chrM	5528	5529	0.00127402855322816
chrM	5529	5530	0.00670316165791532
chrM	5530	5531	0.00260649389335716
chrM	5531	5532	0.00104442537953672
chrM	5532	5533	0.00358208955223881
chrM	5533	5534	0.0146516090935932
chrM	5534	5535	0.00132767840678591
chrM	5535	5536	0.000368731563421829
chrM	5536	5537	0.00151124216734243
chrM	5537	5538	0.0046103345258732
chrM	5538	5539	0.0105348759841792
chrM	5539	5540	0.00798993859584227
chrM	5540	5541	0.0390032903249658
chrM	5541	5542	0.00203611217825586
chrM	5542	5543	0.000653821006884351
chrM	5543	5544	0.045681918493453
chrM	5544	5545	0.00521713571900948
chrM	5545	5546	0.00610541027621465
chrM	5546	5547	0.0111602209944751
chrM	5547	5548	0.00207823053514436
chrM	5548	5549	0.00512002374503766
chrM	5549	5550	0.000483720930232558
chrM	5550	5551	0.0163763971926176
chrM	5551	5552	0.00158132530120482
chrM	5552	5553	0.00101679596294344
chrM	5553	5554	0.00550809352517986
chrM	5554	5555	0.00187378204167291
chrM	5555	5556	0.00671896700574303
chrM	5556	5557	0.00459164471208129
chrM	5557	5558	0.00671745412241528
chrM	5558	5559	0.00546836960185775
chrM	5559	5560	0.00209784970405335
chrM	5560	5561	0.00434131736526946
chrM	5561	5562	0.00366300366300366
chrM	5562	5563	0.0252398909756189
chrM	5563	5564	0.0121974245685586
chrM	5564	5565	0.0141418712524041
chrM	5565	5566	0.0122866894197952
chrM	5566	5567	0.00334549878345499
chrM	5567	5568	0.00635545131270334
chrM	5568	5569	0.00732130726847309
chrM	5569	5570	0.0473226338683066
chrM	5570	5571	0.00190728270600599
chrM	5571	5572	0.00283825816485225
chrM	5572	5573	0.00450975818365601
chrM	5573	5574	0.000897911380050752
chrM	5574	5575	0.0243696835006514
chrM	5575	5576	0.0008469356328919
chrM	5576	5577	0.00203736449604059
chrM	5577	5578	0.000576612593219036
chrM	5578	5579	0.00257464550589863
chrM	5579	5580	0.00192352081249519
chrM	5580	5581	0.00257405201890199
chrM	5581	5582	0.00157498463429625
chrM	5582	5583	0.00207365308551899
chrM	5583	5584	0.000959987712157284
chrM	5584	5585	0.00348418715062409
chrM	5585	5586	0.008
chrM	5586	5587	0.00273624171419763
chrM	5587	5588	0.00246609124537608
chrM	5588	5589	0.000886114963784867
chrM	5589	5590	0.000192663378545006
chrM	5590	5591	0.00119400685591033
chrM	5591	5592	0.0064722425549948
chrM	5592	5593	0.0212158147329931
chrM	5593	5594	0.00420521446593776
chrM	5594	5595	0.00149620194889895
chrM	5595	5596	0.00349435527225252
chrM	5596	5597	0.00127089270584611
chrM	5597	5598	0.000385415863716951
chrM	5598	5599	0.00327691892517059
chrM	5599	5600	0.00961984237366713
chrM	5600	5601	0.00369692960267736
chrM	5601	5602	0.00581100581100581
chrM	5602	5603	0.00648614855624585
chrM	5603	5604	0.0720087472664792
chrM	5604	5605	0.00572479211065146
chrM	5605	5606	0.00404959712770843
chrM	5606	5607	0.00266955868857929
chrM	5607	5608	0.0150604922820192
chrM	5608	5609	0.00152355156798849
chrM	5609	5610	0.00143982383331922
chrM	5610	5611	0.0136436597110754
chrM	5611	5612	0.00358407646029782
chrM	5612	5613	0.0030750832835056
chrM	5613	5614	0.0048734610123119
chrM	5614	5615	0.0182991550970152
chrM	5615	5616	0.012409381663113
chrM	5616	5617	0.00561460654894565
chrM	5617	5618	0.00321502057613169
chrM	5618	5619	0.00347460535346603
chrM	5619	5620	0.00411328677321222
chrM	5620	5621	0.00150060024009604
chrM	5621	5622	0.00304420529091455
chrM	5622	5623	0.00223175965665236
chrM	5623	5624	0.000772499034376207
chrM	5624	5625	0.000514800514800515
chrM	5625	5626	0.00222764854560254
chrM	5626	5627	0.00149976432274928
chrM	5627	5628	0.0123849514357213
chrM	5628	5629	0.00326119181737326
chrM	5629	5630	0.00139700279400559
chrM	5630	5631	0.00177732639329694
chrM	5631	5632	0.00502661147250148
chrM	5632	5633	0.008242106597912
chrM	5633	5634	0.00085073801522821
chrM	5634	5635	0.00361702127659574
chrM	5635	5636	0.0129935875801552
chrM	5636	5637	0.00320256204963971
chrM	5637	5638	0.000632617772341951
chrM	5638	5639	0.00126528890763391
chrM	5639	5640	0.00882340524338245
chrM	5640	5641	0.00595820743073584
chrM	5641	5642	0.00718224958317302
chrM	5642	5643	0.0178026230918082
chrM	5643	5644	0.0027090797867692
chrM	5644	5645	0.00427947598253275
chrM	5645	5646	0.00257912222416506
chrM	5646	5647	0.00231683860814828
chrM	5647	5648	0.0505686789151356
chrM	5648	5649	0.00330958400367732
chrM	5649	5650	0.00418621768331953
chrM	5650	5651	0.00271814244909242
chrM	5651	5652	0.00170365595358689
chrM	5652	5653	0.0132767588283603
chrM	5653	5654	0.000549199084668192
chrM	5654	5655	0.00796613255644574
chrM	5655	5656	0.0136270724506019
chrM	5656	5657	0.00283908782855573
chrM	5657	5658	0.00261180351906158
chrM	5658	5659	0.0345821325648415
chrM	5659	5660	0.0182816165729715
chrM	5660	5661	0.00049464879935246
chrM	5661	5662	0.00417264895908112
chrM	5662	5663	0.0108040537523997
chrM	5663	5664	0.00232860149567865
chrM	5664	5665	0.00487870378659028
chrM	5665	5666	0.00233152490696319
chrM	5666	5667	0.00574480499079934
chrM	5667	5668	0.00451385754265595
chrM	5668	5669	0.00344593062797552
chrM	5669	5670	0.0709119854446213
chrM	5670	5671	0.00048926072704144
chrM	5671	5672	0.00283051095602948
chrM	5672	5673	0.000536690085870414
chrM	5673	5674	0.000536585365853659
chrM	5674	5675	0.00190271747084939
chrM	5675	5676	0.00122046475297793
chrM	5676	5677	0.00336224539518565
chrM	5677	5678	0.000585422968094448
chrM	5678	5679	0.0011216776396001
chrM	5679	5680	0.00238640237666196
chrM	5680	5681	0.00219148728937372
chrM	5681	5682	0.00751109593717992
chrM	5682	5683	0.00422438353472836
chrM	5683	5684	0.00520219866509619
chrM	5684	5685	0.000883262181657589
chrM	5685	5686	0.000245386729485669
chrM	5686	5687	0.00254802038416307
chrM	5687	5688	0.00485008818342152
chrM	5688	5689	0.0196616817847512
chrM	5689	5690	0.0144985302177271
chrM	5690	5691	0.0014640549273021
chrM	5691	5692	0.00464341593902993
chrM	5692	5693	0.000860933860022283
chrM	5693	5694	0.000557244174265451
chrM	5694	5695	0.00419721871049305
chrM	5695	5696	0.00851020718302011
chrM	5696	5697	0.00614868641699273
chrM	5697	5698	0.00117000712178248
chrM	5698	5699	0.0024421266853218
chrM	5699	5700	0.00366897676314717
chrM	5700	5701	0.00132917540003067
chrM	5701	5702	0.0114031499284107
chrM	5702	5703	0.000516689056525783
chrM	5703	5704	0.000878462174452253
chrM	5704	5705	0.00216942148760331
chrM	5705	5706	0.008558906934777
chrM	5706	5707	0.00693833169367783
chrM	5707	5708	0.0137392661982826
chrM	5708	5709	0.0271524226287763
chrM	5709	5710	0.0046554430790884
chrM	5710	5711	0.016939030349096
chrM	5711	5712	0.0208838439497465
chrM	5712	5713	0.00971528050766552
chrM	5713	5714	0.00582809936060657
chrM	5714	5715	0.00323826837859334
chrM	5715	5716	0.00774311090867684
chrM	5716	5717	0.00555873925501433
chrM	5717	5718	0.00574910888812234
chrM	5718	5719	0.0121761209533153
chrM	5719	5720	0.0114325711619225
chrM	5720	5721	0.00736333647502356
chrM	5721	5722	0.0260895345389861
chrM	5722	5723	0.0234241908006814
chrM	5723	5724	0.00846982624400573
chrM	5724	5725	0.00464182662150295
chrM	5725	5726	0.00326879557455368
chrM	5726	5727	0.0138565220129747
chrM	5727	5728	0.00146880388275113
chrM	5728	5729	0.0140655968288473
chrM	5729	5730	0.00784389990924413
chrM	5730	5731	0.00287450186189325
chrM	5731	5732	0.00516103743385379
chrM	5732	5733	0.000785751702462022
chrM	5733	5734	0.000851509792362612
chrM	5734	5735	6.553509404286e-05
chrM	5735	5736	0.000786163522012579
chrM	5736	5737	0.00222833923187836
chrM	5737	5738	0.00873620599054125
chrM	5738	5739	0.00324653813025906
chrM	5739	5740	0.0120265780730897
chrM	5740	5741	0.00376293508936971
chrM	5741	5742	0.0209441713246683
chrM	5742	5743	0.0746237889095032
chrM	5743	5744	0.0118791298537382
chrM	5744	5745	0.00781191316758056
chrM	5745	5746	0.00105884132506429
chrM	5746	5747	0.00242039180092277
chrM	5747	5748	0.00189508793208005
chrM	5748	5749	0.00364520048602673
chrM	5749	5750	0.00160048776770063
chrM	5750	5751	0.00877862595419847
chrM	5751	5752	0.0119239941533964
chrM	5752	5753	0.00956602893140457
chrM	5753	5754	0.0011776713511816
chrM	5754	5755	0.000785916378497328
chrM	5755	5756	0.00471772291240761
chrM	5756	5757	0.00347496446059074
chrM	5757	5758	0.0221112696148359
chrM	5758	5759	0.00551098144095956
chrM	5759	5760	0.0070898867247983
chrM	5760	5761	0.0129667624128026
chrM	5761	5762	0.00099767209843698
chrM	5762	5763	0.0518475366178429
chrM	5763	5764	0.00140424784974548
chrM	5764	5765	0.000878811846383689
chrM	5765	5766	0.000351772051710492
chrM	5766	5767	0.00131937725393614
chrM	5767	5768	0.0026422406200458
chrM	5768	5769	0.00282585658777817
chrM	5769	5770	0.00903294367693943
chrM	5770	5771	0.0100089365504915
chrM	5771	5772	0.00333995306011915
chrM	5772	5773	0.00914606538078421
chrM	5773	5774	0.00219298245614035
chrM	5774	5775	0.000366300366300366
chrM	5775	5776	0.00137412971784536
chrM	5776	5777	0.0165061898211829
chrM	5777	5778	0.00214372262093392
chrM	5778	5779	0.00130767793760508
chrM	5779	5780	0.00916573138795361
chrM	5780	5781	0.0512360822796754
chrM	5781	5782	0.00805249030718759
chrM	5782	5783	0.00310683503708158
chrM	5783	5784	0.000703729767769177
chrM	5784	5785	0.000804748013278342
chrM	5785	5786	0.00100664384940608
chrM	5786	5787	0.00282059030925758
chrM	5787	5788	0.000908815510451378
chrM	5788	5789	0.0188907970502071
chrM	5789	5790	0.000411607326610414
chrM	5790	5791	0.00123507616303005
chrM	5791	5792	0.000927452596867271
chrM	5792	5793	0.00185662712738525
chrM	5793	5794	0.0126072129792291
chrM	5794	5795	0.0010465724751439
chrM	5795	5796	0.00429544264012572
chrM	5796	5797	0.00105196717862403
chrM	5797	5798	0.0232680564329333
chrM	5798	5799	0.00937702090967881
chrM	5799	5800	0.00271975630983464
chrM	5800	5801	0.00818152067197556
chrM	5801	5802	0.00516937967443907
chrM	5802	5803	0.000662983425414365
chrM	5803	5804	0.00673735365584272
chrM	5804	5805	0.0135585685707935
chrM	5805	5806	0.00270392068499324
chrM	5806	5807	0.00158156348847718
chrM	5807	5808	0.00147092102285585
chrM	5808	5809	0.00181303116147309
chrM	5809	5810	0.0610739016914519
chrM	5810	5811	0.00386847195357834
chrM	5811	5812	0.00012134449702706
chrM	5812	5813	0.000728155339805825
chrM	5813	5814	0.00327908671362643
chrM	5814	5815	0.0236383574996954
chrM	5815	5816	0.00474111041796631
chrM	5816	5817	0.0528888331871162
chrM	5817	5818	0.00277888050813815
chrM	5818	5819	0.0676751592356688
chrM	5819	5820	0.0308764940239044
chrM	5820	5821	0.166666666666667
chrM	5821	5822	0.00871383757406762
chrM	5822	5823	0.0059774964838256
chrM	5823	5824	0.00389105058365759
chrM	5824	5825	0.0133049494411921
chrM	5825	5826	0.00323275862068966
chrM	5826	5827	0.0122456329911759
chrM	5827	5828	0.00619307832422587
chrM	5828	5829	0.00714285714285714
chrM	5829	5830	0.00756178531907045
chrM	5830	5831	0.00223006876045345
chrM	5831	5832	0.148575684230125
chrM	5832	5833	0.00262295081967213
chrM	5833	5834	0.000657462195923734
chrM	5834	5835	0.00043859649122807
chrM	5835	5836	0.000658039043649923
chrM	5836	5837	0.0122780092085069
chrM	5837	5838	0.00443557329784875
chrM	5838	5839	0.000668300289596792
chrM	5839	5840	0.00156041016495765
chrM	5840	5841	0.000223264121455682
chrM	5841	5842	0.00178651183564091
chrM	5842	5843	0.000223663609930664
chrM	5843	5844	0.0105074893807288
chrM	5844	5845	0.016260162601626
chrM	5845	5846	0.000917641660931406
chrM	5846	5847	0.00413033501606241
chrM	5847	5848	0.000230361667818475
chrM	5848	5849	0.0027643400138217
chrM	5849	5850	0.0168630168630169
chrM	5850	5851	0.0573308270676692
chrM	5851	5852	0.0114627460752554
chrM	5852	5853	0.0608805031446541
chrM	5853	5854	0.00962309542902967
chrM	5854	5855	0.0094441446303292
chrM	5855	5856	0.000817216017433942
chrM	5856	5857	0.0111777535441658
chrM	5857	5858	0.0181918412348401
chrM	5858	5859	0.00224403927068724
chrM	5859	5860	0.00702049985959
chrM	5860	5861	0.0141322781232335
chrM	5861	5862	0.00630733944954128
chrM	5862	5863	0.00920598388952819
chrM	5863	5864	0.278437047756874
chrM	5864	5865	0.0164328657314629
chrM	5865	5866	0.00730519480519481
chrM	5866	5867	0.0454914703493095
chrM	5867	5868	0.0468156895824547
chrM	5868	5869	0.0768892794376098
chrM	5869	5870	0.019020446980504
chrM	5870	5871	0.0750605326876513
chrM	5871	5872	0.00626959247648903
chrM	5872	5873	0.0619747899159664
chrM	5873	5874	0.00391498881431767
chrM	5874	5875	0.0189944134078212
chrM	5875	5876	0.0124645892351275
chrM	5876	5877	0.0126074498567335
chrM	5877	5878	0.157589803012746
chrM	5878	5879	0.0663021189336979
chrM	5879	5880	0.0267727930535456
chrM	5880	5881	0.0139398385913426
chrM	5881	5882	0.0161408657373441
chrM	5882	5883	0.113235294117647
chrM	5883	5884	0.0162999185004075
chrM	5884	5885	0.0255795363709033
chrM	5885	5886	0.020456333595594
chrM	5886	5887	0.0640124902419984
chrM	5887	5888	0.0154095701540957
chrM	5888	5889	0.00565428109854604
chrM	5889	5890	0.00161681487469685
chrM	5890	5891	0.139874739039666
chrM	5891	5892	0.13030303030303
chrM	5892	5893	0.00723327305605787
chrM	5893	5894	0.0531125071387778
chrM	5894	5895	0.0524891774891775
chrM	5895	5896	0.175156389633601
chrM	5896	5897	0.125928822839265
chrM	5897	5898	0.250806688178351
chrM	5898	5899	0.235015772870662
chrM	5899	5900	0.0170997113035754
chrM	5900	5901	0.185714285714286
chrM	5901	5902	0.0699865410497981
chrM	5902	5903	0.119086460032626
chrM	5903	5904	0.15068665742724
chrM	5904	5905	0.00626017278076875
chrM	5905	5906	0.121728612271828
chrM	5906	5907	0.00383393580896046
chrM	5907	5908	0.0379426644182125
chrM	5908	5909	0.0995634016704632
chrM	5909	5910	0.00556866446436999
chrM	5910	5911	0.084032160456471
chrM	5911	5912	0.00387530141233207
chrM	5912	5913	0.00786123216269333
chrM	5913	5914	0.0604625020073872
chrM	5914	5915	0.017282196969697
chrM	5915	5916	0.11042471042471
chrM	5916	5917	0.200662140171708
chrM	5917	5918	0.00140118820760004
chrM	5918	5919	0.000448279726549367
chrM	5919	5920	0.223039749227219
chrM	5920	5921	0.0391147925033467
chrM	5921	5922	0.0531569357521984
chrM	5922	5923	0.00692313744001259
chrM	5923	5924	0.155218821652876
chrM	5924	5925	0.00116213434273002
chrM	5925	5926	0.0178449091442926
chrM	5926	5927	0.0266450711382114
chrM	5927	5928	0.0014906438312718
chrM	5928	5929	0.000190264785159347
chrM	5929	5930	0.00287737937140328
chrM	5930	5931	0.00840283438891327
chrM	5931	5932	0.00244009259838578
chrM	5932	5933	0.00754658385093168
chrM	5933	5934	0.00105488504855574
chrM	5934	5935	0.00438637135884842
chrM	5935	5936	0.000216189505543717
chrM	5936	5937	0.00197275137167869
chrM	5937	5938	0.00227580268175667
chrM	5938	5939	0.00135135135135135
chrM	5939	5940	0.0104245813451661
chrM	5940	5941	0.0098405055672585
chrM	5941	5942	0.00630980861244019
chrM	5942	5943	0.013598820058997
chrM	5943	5944	0.00114915434026755
chrM	5944	5945	0.00652810304449649
chrM	5945	5946	0.00402367554013471
chrM	5946	5947	0.000291502696399942
chrM	5947	5948	0.000262291259872352
chrM	5948	5949	0.000640745594874035
chrM	5949	5950	8.73667656823344e-05
chrM	5950	5951	0.00437833449315704
chrM	5951	5952	0.000550628876137483
chrM	5952	5953	0.00144692672763051
chrM	5953	5954	0.000838513806563539
chrM	5954	5955	0.000433538541576346
chrM	5955	5956	0.00054887913103767
chrM	5956	5957	0.000548609707504403
chrM	5957	5958	0.00184469937164928
chrM	5958	5959	0.00209987343228627
chrM	5959	5960	0.00283984968876395
chrM	5960	5961	0.00214690559340471
chrM	5961	5962	0.00251313685172493
chrM	5962	5963	0.00179640718562874
chrM	5963	5964	0.00105425119671757
chrM	5964	5965	0.000740571949413239
chrM	5965	5966	0.00648174356071328
chrM	5966	5967	0.0437136283664907
chrM	5967	5968	0.00148656684145089
chrM	5968	5969	0.00569769941947968
chrM	5969	5970	0.00230612463799206
chrM	5970	5971	0.00107175392529875
chrM	5971	5972	0.00607335979329267
chrM	5972	5973	0.000186447901129342
chrM	5973	5974	0.000292927141031104
chrM	5974	5975	0.000372677421072246
chrM	5975	5976	0.000957395883197702
chrM	5976	5977	0.00254655419385644
chrM	5977	5978	0.000132618959206408
chrM	5978	5979	0.00269819855567018
chrM	5979	5980	0.00137369894859196
chrM	5980	5981	0.00292382256874934
chrM	5981	5982	0.000342312452273745
chrM	5982	5983	0.000210609451099118
chrM	5983	5984	0.00162956343469919
chrM	5984	5985	0.00606076438778442
chrM	5985	5986	0.00138265678806219
chrM	5986	5987	0.000782023877795735
chrM	5987	5988	0.00104161241602
chrM	5988	5989	0.00695647676433319
chrM	5989	5990	0.000206851971557854
chrM	5990	5991	0.000336030191020239
chrM	5991	5992	0.000335934673626544
chrM	5992	5993	0.000723047127178825
chrM	5993	5994	0.0010576278181912
chrM	5994	5995	0.000618716163959783
chrM	5995	5996	0.00061833359097233
chrM	5996	5997	0.000231845230428398
chrM	5997	5998	0.000257592540120038
chrM	5998	5999	0.000592173017507724
chrM	5999	6000	0.00136295839119477
chrM	6000	6001	0.00215594681997844
chrM	6001	6002	0.00222808410377238
chrM	6002	6003	0.000230467849734962
chrM	6003	6004	0.000102430155437761
chrM	6004	6005	0.000767715024183023
chrM	6005	6006	0.00058835567379515
chrM	6006	6007	0.0018904557531167
chrM	6007	6008	0.000511116790186558
chrM	6008	6009	0.000255597587158777
chrM	6009	6010	0.00412444625490096
chrM	6010	6011	0.00210927573062262
chrM	6011	6012	0.000355754326226717
chrM	6012	6013	0.000508181725785141
chrM	6013	6014	0.000813235406236499
chrM	6014	6015	0.000254310564060831
chrM	6015	6016	2.54355843825512e-05
chrM	6016	6017	0.000254323499491353
chrM	6017	6018	0.0007883427002009
chrM	6018	6019	0.00248749904815087
chrM	6019	6020	0.000887603976465815
chrM	6020	6021	0.000202844899718553
chrM	6021	6022	0.000278862242052426
chrM	6022	6023	0.00106412627631812
chrM	6023	6024	0.00270529935275081
chrM	6024	6025	0.000455016557546955
chrM	6025	6026	7.58360929244925e-05
chrM	6026	6027	0
chrM	6027	6028	0.000909228671010759
chrM	6028	6029	0.000530276248674309
chrM	6029	6030	0.0135795086460358
chrM	6030	6031	0.000597788183720235
chrM	6031	6032	0.000149465660264554
chrM	6032	6033	0.00044825181791015
chrM	6033	6034	0.00377152498635303
chrM	6034	6035	0.00790348393450696
chrM	6035	6036	0.00226216528559837
chrM	6036	6037	0.000590565712738995
chrM	6037	6038	9.84688100044311e-05
chrM	6038	6039	0.0011812476928756
chrM	6039	6040	0.00177243858007976
chrM	6040	6041	0.00317898420365214
chrM	6041	6042	0.00452075098814229
chrM	6042	6043	0.000991497905460675
chrM	6043	6044	0.000396628656420426
chrM	6044	6045	0.00250123823675087
chrM	6045	6046	0.00996183773603608
chrM	6046	6047	0.0302750461738132
chrM	6047	6048	0.00290108084516444
chrM	6048	6049	0.00118309714256321
chrM	6049	6050	0.000283045570336824
chrM	6050	6051	0.00177314077195868
chrM	6051	6052	0.0102030326394243
chrM	6052	6053	0.000155759196282547
chrM	6053	6054	0.00168581580517156
chrM	6054	6055	0.00412087912087912
chrM	6055	6056	0.00481204563681991
chrM	6056	6057	0.0133693276770793
chrM	6057	6058	0.013151161600655
chrM	6058	6059	0.00751783893985729
chrM	6059	6060	0.0022191613100704
chrM	6060	6061	0.00231841226975109
chrM	6061	6062	0.00759061616444637
chrM	6062	6063	0.00834669313179123
chrM	6063	6064	0.00395577644791561
chrM	6064	6065	0.00175002536268642
chrM	6065	6066	0.0104323780794369
chrM	6066	6067	0.00260998318568525
chrM	6067	6068	0.00706422705374304
chrM	6068	6069	0.00591908091908092
chrM	6069	6070	0.0115513600794932
chrM	6070	6071	0.00424665358730474
chrM	6071	6072	0.00445950322628865
chrM	6072	6073	0.00117585249305747
chrM	6073	6074	0.0091396233974359
chrM	6074	6075	0.00113685167875098
chrM	6075	6076	0.000379314704766721
chrM	6076	6077	0.00490121772522864
chrM	6077	6078	0.000481646724802271
chrM	6078	6079	0.00103958011105758
chrM	6079	6080	0.000279166560921757
chrM	6080	6081	0.00294334069168506
chrM	6081	6082	0.00297467710769857
chrM	6082	6083	0.00257305174126818
chrM	6083	6084	0.00326738991703893
chrM	6084	6085	0.00563243876952876
chrM	6085	6086	0.00620644045378237
chrM	6086	6087	0.00747620627184813
chrM	6087	6088	0.0161707798364983
chrM	6088	6089	0.0485759534750889
chrM	6089	6090	0.00376329424597764
chrM	6090	6091	0.00163938905434575
chrM	6091	6092	0.0250907800256641
chrM	6092	6093	0.00416410485719077
chrM	6093	6094	0.024995879800033
chrM	6094	6095	0.00542894149419902
chrM	6095	6096	0.00822467954007812
chrM	6096	6097	0.0109738612551009
chrM	6097	6098	0.00259110665329321
chrM	6098	6099	0.00690673127802378
chrM	6099	6100	0.00631116548042705
chrM	6100	6101	0.000444815123714206
chrM	6101	6102	0.00319001386962552
chrM	6102	6103	0.0018308413548226
chrM	6103	6104	0.0019158683881716
chrM	6104	6105	0.00125097297898365
chrM	6105	6106	0.0121450754214729
chrM	6106	6107	0.0136741142585498
chrM	6107	6108	0.00257192922955175
chrM	6108	6109	0.00127168936867688
chrM	6109	6110	0.00248664839356862
chrM	6110	6111	0.0292648709315376
chrM	6111	6112	0.00137433430682013
chrM	6112	6113	0.0106871527384057
chrM	6113	6114	0.00133231283839329
chrM	6114	6115	0.000652241726455492
chrM	6115	6116	0.00972374448472585
chrM	6116	6117	0.0107994389901823
chrM	6117	6118	0.000932703993668918
chrM	6118	6119	0.00163869582415099
chrM	6119	6120	0.00271470180697339
chrM	6120	6121	0.000708456132396282
chrM	6121	6122	0.00589552450327372
chrM	6122	6123	0.00831269393913514
chrM	6123	6124	0.0114659175600527
chrM	6124	6125	0.00176606832657788
chrM	6125	6126	0.00164873307879209
chrM	6126	6127	0.00999224739426307
chrM	6127	6128	0.0135425931770579
chrM	6128	6129	0.0171224939158651
chrM	6129	6130	0.00312003296638606
chrM	6130	6131	0.00350877192982456
chrM	6131	6132	0.00839169104393818
chrM	6132	6133	0.0276094080798121
chrM	6133	6134	0.0122948442846372
chrM	6134	6135	0.00544289351242209
chrM	6135	6136	0.00475631238990018
chrM	6136	6137	0.00361839202188686
chrM	6137	6138	0.0167483660130719
chrM	6138	6139	0.006784140969163
chrM	6139	6140	0.00218282646529601
chrM	6140	6141	0.00185884574530863
chrM	6141	6142	0.0152009643938726
chrM	6142	6143	0.00439612665597339
chrM	6143	6144	0.00758612482894032
chrM	6144	6145	0.0143962247244706
chrM	6145	6146	0.00048429081663539
chrM	6146	6147	0.0135034206674036
chrM	6147	6148	0.0023299578815306
chrM	6148	6149	0.00861864003804089
chrM	6149	6150	0.00202344819377492
chrM	6150	6151	0.00518428030867324
chrM	6151	6152	0.0034427014728775
chrM	6152	6153	0.00075090859940528
chrM	6153	6154	0.00147133891841576
chrM	6154	6155	0.00288383550121662
chrM	6155	6156	0.000872994370691472
chrM	6156	6157	0.00842570737100003
chrM	6157	6158	0.0052027269465375
chrM	6158	6159	0.00225407988459111
chrM	6159	6160	0.000662650602409639
chrM	6160	6161	0.00270546503937955
chrM	6161	6162	0.000871106305007359
chrM	6162	6163	0.000510418543205428
chrM	6163	6164	3.00237187378029e-05
chrM	6164	6165	0.0132152063764852
chrM	6165	6166	0.00305203271304966
chrM	6166	6167	0.00216932632016879
chrM	6167	6168	0.00270946227594831
chrM	6168	6169	0.00516371668208817
chrM	6169	6170	0.00275589371835964
chrM	6170	6171	0.0580066584685522
chrM	6171	6172	0.00716400802368899
chrM	6172	6173	0.00760053877236867
chrM	6173	6174	0.00668928744546777
chrM	6174	6175	0.0114157478778417
chrM	6175	6176	0.000230202578268877
chrM	6176	6177	0.000394568112320389
chrM	6177	6178	0.000230157164463734
chrM	6178	6179	0.00239540607054963
chrM	6179	6180	0.00308388832387389
chrM	6180	6181	0.00226615869679454
chrM	6181	6182	0.00925654313744663
chrM	6182	6183	0.00557839107457428
chrM	6183	6184	0.00101692691247868
chrM	6184	6185	0.000525261810183513
chrM	6185	6186	0.00186885245901639
chrM	6186	6187	0.00183540362492216
chrM	6187	6188	0.000360821360624549
chrM	6188	6189	0.00258474021724905
chrM	6189	6190	0.00444807849550286
chrM	6190	6191	0.00288676026768141
chrM	6191	6192	0.0032441997640582
chrM	6192	6193	0.00206185567010309
chrM	6193	6194	0.00166737502860692
chrM	6194	6195	0.000719259816261811
chrM	6195	6196	0.000588677764332668
chrM	6196	6197	0.000523354703650399
chrM	6197	6198	0.0638717632552404
chrM	6198	6199	0.00188877879613574
chrM	6199	6200	0.000495356037151703
chrM	6200	6201	0.0040407156076496
chrM	6201	6202	0.00209675927353458
chrM	6202	6203	0.00332809466580383
chrM	6203	6204	0.00197396829313429
chrM	6204	6205	0.0123723427231495
chrM	6205	6206	0.0478315188291986
chrM	6206	6207	0.00294432548179872
chrM	6207	6208	0.00309708159618821
chrM	6208	6209	0.00956581339213875
chrM	6209	6210	0.0613990489577414
chrM	6210	6211	0.0019020446980504
chrM	6211	6212	0.00859057868403663
chrM	6212	6213	0.00282752120640905
chrM	6213	6214	0.00163275558904798
chrM	6214	6215	0.00846527668913623
chrM	6215	6216	0.00384034248300176
chrM	6216	6217	0.0369580222124616
chrM	6217	6218	0.00427765895391795
chrM	6218	6219	0.00330685686497001
chrM	6219	6220	0.00607352846158816
chrM	6220	6221	0.00815734322102209
chrM	6221	6222	0.0420613260555466
chrM	6222	6223	0.0100755667506297
chrM	6223	6224	0.016604427847426
chrM	6224	6225	0.0118926954523954
chrM	6225	6226	0.00567834070044203
chrM	6226	6227	0.00320218020780106
chrM	6227	6228	0.00598130841121495
chrM	6228	6229	0.00389777657266811
chrM	6229	6230	0.00162480536185769
chrM	6230	6231	0.00108298361987275
chrM	6231	6232	0.00398648648648649
chrM	6232	6233	0.0539674400717857
chrM	6233	6234	0.0298358715624903
chrM	6234	6235	0.0389295133061616
chrM	6235	6236	0.0199187948687772
chrM	6236	6237	0.00656429492439339
chrM	6237	6238	0.000528200011737778
chrM	6238	6239	0.0492672714584787
chrM	6239	6240	0.00943500943500944
chrM	6240	6241	0.00360770383526669
chrM	6241	6242	0.000998862406703477
chrM	6242	6243	0.00954161740039046
chrM	6243	6244	0.0082373224597028
chrM	6244	6245	0.00192191532590193
chrM	6245	6246	0.00274544256534153
chrM	6246	6247	0.0313232473897294
chrM	6247	6248	0.00379824165316476
chrM	6248	6249	0.00159231442902258
chrM	6249	6250	0.00363087034877558
chrM	6250	6251	0.0289508282934525
chrM	6251	6252	0.0066615150949932
chrM	6252	6253	0.00188960451375951
chrM	6253	6254	0.00101079959568016
chrM	6254	6255	0.00130333014150442
chrM	6255	6256	0.00101131071190951
chrM	6256	6257	0.00146331080721545
chrM	6257	6258	0.00106408448830837
chrM	6258	6259	0.0104005958397617
chrM	6259	6260	0.00128841766205878
chrM	6260	6261	0.000805282654211628
chrM	6261	6262	0.000751718213058419
chrM	6262	6263	0.00498525864379523
chrM	6263	6264	0.0143553413055637
chrM	6264	6265	0.0267204100154824
chrM	6265	6266	0.0198689956331878
chrM	6266	6267	0.00286238328145843
chrM	6267	6268	0.00270157359699206
chrM	6268	6269	0.00376632072313358
chrM	6269	6270	0.0133471085918521
chrM	6270	6271	0.0063323201621074
chrM	6271	6272	0.00327138385177247
chrM	6272	6273	0.00973668614003895
chrM	6273	6274	0.00941571371678898
chrM	6274	6275	0.00591172587958446
chrM	6275	6276	0.0236144850573414
chrM	6276	6277	0.00293760415783973
chrM	6277	6278	0.00225759115024269
chrM	6278	6279	0.0067102787994497
chrM	6279	6280	0.00572503016866388
chrM	6280	6281	0.00343710381743908
chrM	6281	6282	0.00488231641925834
chrM	6282	6283	0.015772334701968
chrM	6283	6284	0.011318393811853
chrM	6284	6285	0.00462240875705414
chrM	6285	6286	0.0023257792778739
chrM	6286	6287	0.00557678697806086
chrM	6287	6288	0.0180256780885979
chrM	6288	6289	0.00758573309669663
chrM	6289	6290	0.00163244264971217
chrM	6290	6291	0.000515981080693708
chrM	6291	6292	0.0157031095546078
chrM	6292	6293	0.00562524610451707
chrM	6293	6294	0.0113120280850352
chrM	6294	6295	0.00328800713330361
chrM	6295	6296	0.00502652890254119
chrM	6296	6297	0.00639622959097795
chrM	6297	6298	0.00231429216527433
chrM	6298	6299	0.00468714705217981
chrM	6299	6300	0.00358503881439661
chrM	6300	6301	0.00081876958694486
chrM	6301	6302	0.00222798804219076
chrM	6302	6303	0.001354096140826
chrM	6303	6304	0.00361347147333653
chrM	6304	6305	0.0069273616648288
chrM	6305	6306	0.00880431695541039
chrM	6306	6307	0.00871317477436567
chrM	6307	6308	0.000510884681974285
chrM	6308	6309	0.00150256570181158
chrM	6309	6310	0.00172824116047144
chrM	6310	6311	0.00710039164858697
chrM	6311	6312	0.0210286855684403
chrM	6312	6313	0.0091537610619469
chrM	6313	6314	0.001688254179121
chrM	6314	6315	0.00163303717235462
chrM	6315	6316	0.00651969722084093
chrM	6316	6317	0.0467368866776055
chrM	6317	6318	0.00814470065580707
chrM	6318	6319	0.00130374627501064
chrM	6319	6320	0.00421873756268407
chrM	6320	6321	0.00750364576428477
chrM	6321	6322	0.00428373776074926
chrM	6322	6323	0.014369571568966
chrM	6323	6324	0.00494026043764264
chrM	6324	6325	0.00732492621411323
chrM	6325	6326	0.000832975064488392
chrM	6326	6327	0.00638712953312488
chrM	6327	6328	0.0190650438840718
chrM	6328	6329	0.00505780346820809
chrM	6329	6330	0.0146864249801535
chrM	6330	6331	0.00480147737765466
chrM	6331	6332	0.00563068989106983
chrM	6332	6333	0.00368159465642833
chrM	6333	6334	0.0152625791926279
chrM	6334	6335	0.000818373812038015
chrM	6335	6336	0.00384412848867825
chrM	6336	6337	0.00118577075098814
chrM	6337	6338	0.0174810665006743
chrM	6338	6339	0.0355731225296443
chrM	6339	6340	0.0102989450472348
chrM	6340	6341	0.0197813121272366
chrM	6341	6342	0.00205962876447392
chrM	6342	6343	0.00226136335083796
chrM	6343	6344	0.00191180539833472
chrM	6344	6345	0.0110476570488042
chrM	6345	6346	0.0266517912482955
chrM	6346	6347	0.00182066454255803
chrM	6347	6348	0.000860563415930547
chrM	6348	6349	0.00409432102509667
chrM	6349	6350	0.00645389891422642
chrM	6350	6351	0.00685850226507732
chrM	6351	6352	0.00232605177993528
chrM	6352	6353	0.00184338779323754
chrM	6353	6354	0.00173978819969743
chrM	6354	6355	0.0019912787034003
chrM	6355	6356	0.00644918444165621
chrM	6356	6357	0.0141940014043535
chrM	6357	6358	0.000787541599979676
chrM	6358	6359	0.00215686772057144
chrM	6359	6360	0.000812038470322532
chrM	6360	6361	0.000736171401010332
chrM	6361	6362	0.00473873599918909
chrM	6362	6363	0.00664661730142283
chrM	6363	6364	0.00356177533028519
chrM	6364	6365	0.00060687283485473
chrM	6365	6366	0.00186816793314988
chrM	6366	6367	0.00706428499344031
chrM	6367	6368	0.00319594166138237
chrM	6368	6369	0.0112339695041906
chrM	6369	6370	0.00838263058527376
chrM	6370	6371	0.00795649108671568
chrM	6371	6372	0.00065899528564911
chrM	6372	6373	0.00402144772117962
chrM	6373	6374	0.015882544208499
chrM	6374	6375	0.00228150228150228
chrM	6375	6376	0.0107326526049042
chrM	6376	6377	0.00426185638535111
chrM	6377	6378	0.0016109445091576
chrM	6378	6379	0.00374355414518048
chrM	6379	6380	0.00987879385100512
chrM	6380	6381	0.00636035460818742
chrM	6381	6382	0.0158013544018059
chrM	6382	6383	0.000388708031679705
chrM	6383	6384	0.000971368901624615
chrM	6384	6385	0.00267113474660644
chrM	6385	6386	0.00214122341719792
chrM	6386	6387	0.0119254119687771
chrM	6387	6388	0.00110749969904899
chrM	6388	6389	0.00170693592979925
chrM	6389	6390	4.80838582487859e-05
chrM	6390	6391	0.00213526546867877
chrM	6391	6392	0.00693831811354045
chrM	6392	6393	0.00183451266290234
chrM	6393	6394	0.00123791839261058
chrM	6394	6395	0.000880239805871437
chrM	6395	6396	0.00294201385593622
chrM	6396	6397	0.00206048835942496
chrM	6397	6398	0.000331604254008859
chrM	6398	6399	0.0146350586805068
chrM	6399	6400	0.00191844278595326
chrM	6400	6401	0.000866044051213632
chrM	6401	6402	0.00179923357323114
chrM	6402	6403	0.00177545203943372
chrM	6403	6404	0.00772632068885269
chrM	6404	6405	0.0156009514481601
chrM	6405	6406	0.00539389638041164
chrM	6406	6407	0.0129450606873946
chrM	6407	6408	0.00194786456329357
chrM	6408	6409	0.000553896541758983
chrM	6409	6410	0.00211976682564918
chrM	6410	6411	0.00299249463040278
chrM	6411	6412	0.000870743034055728
chrM	6412	6413	0.00575657894736842
chrM	6413	6414	0.000972762645914397
chrM	6414	6415	0.00243403758154026
chrM	6415	6416	0.00034153838647508
chrM	6416	6417	0.000731867971018028
chrM	6417	6418	0.00390253420815142
chrM	6418	6419	0.000464877296860855
chrM	6419	6420	0.00371592714827038
chrM	6420	6421	0.00230025694359476
chrM	6421	6422	0.00810190834106106
chrM	6422	6423	0.00359773856433099
chrM	6423	6424	0.00071080173533665
chrM	6424	6425	0.00800685602350637
chrM	6425	6426	0.00566593083149375
chrM	6426	6427	0.0394292508917955
chrM	6427	6428	0.00357005942112325
chrM	6428	6429	0.00605321083357259
chrM	6429	6430	0.0107452256736706
chrM	6430	6431	0.00731530661516176
chrM	6431	6432	0.00958566737492756
chrM	6432	6433	0.0263763918235559
chrM	6433	6434	0.0241635687732342
chrM	6434	6435	0.0087206493381003
chrM	6435	6436	0.00270603300393824
chrM	6436	6437	0.042364623451348
chrM	6437	6438	0.0142217296947869
chrM	6438	6439	0.01770237027841
chrM	6439	6440	0.00221678289382534
chrM	6440	6441	0.0026584063431887
chrM	6441	6442	0.00593224266580155
chrM	6442	6443	0.00346664805379121
chrM	6443	6444	0.0212097224809089
chrM	6444	6445	0.0016629448377441
chrM	6445	6446	0.00116539028682871
chrM	6446	6447	0.00584850709161083
chrM	6447	6448	0.0175328303995529
chrM	6448	6449	0.0179317064118029
chrM	6449	6450	0.00387578690218923
chrM	6450	6451	0.0179306774595854
chrM	6451	6452	0.00979317575295463
chrM	6452	6453	0.00351170568561873
chrM	6453	6454	0.00745876165431509
chrM	6454	6455	0.00312154828795082
chrM	6455	6456	0.00254452926208651
chrM	6456	6457	0.00400306821995302
chrM	6457	6458	0.00146125284465205
chrM	6458	6459	0.0127282261524527
chrM	6459	6460	0.00568724909195183
chrM	6460	6461	0.00167276029344995
chrM	6461	6462	0.00033485613145495
chrM	6462	6463	0.00246205330464922
chrM	6463	6464	0.0313236541906288
chrM	6464	6465	0.00246023025844361
chrM	6465	6466	0.000716127184187912
chrM	6466	6467	0.00920100288566157
chrM	6467	6468	0.00177129091682018
chrM	6468	6469	0.000519615484541439
chrM	6469	6470	0.00955212698709995
chrM	6470	6471	0.00649714873328971
chrM	6471	6472	0.00157129455909944
chrM	6472	6473	0.000258125073330987
chrM	6473	6474	0.00259953161592506
chrM	6474	6475	0.00821110253351112
chrM	6475	6476	0.00748834361606933
chrM	6476	6477	0.00379479638545644
chrM	6477	6478	0.00710281261877613
chrM	6478	6479	0.0046919284540453
chrM	6479	6480	0.00150171624713959
chrM	6480	6481	0.0138184070712124
chrM	6481	6482	0.00378450042183922
chrM	6482	6483	0.00417098632977313
chrM	6483	6484	0.00550405561993047
chrM	6484	6485	0.0528747787305455
chrM	6485	6486	0.00845360824742268
chrM	6486	6487	0.0015630746598014
chrM	6487	6488	0.0117537398263084
chrM	6488	6489	0.00629002225350833
chrM	6489	6490	0.00068435340009581
chrM	6490	6491	0.00134537328407899
chrM	6491	6492	0.00291950824532993
chrM	6492	6493	0.015822499097147
chrM	6493	6494	0.00853658536585366
chrM	6494	6495	0.028824239174152
chrM	6495	6496	0.0219956234349268
chrM	6496	6497	0.0012193438549671
chrM	6497	6498	0.00193374617279403
chrM	6498	6499	0.00424721061573075
chrM	6499	6500	0.00367208298907555
chrM	6500	6501	0.000897480151881256
chrM	6501	6502	0.00112742165569923
chrM	6502	6503	0.00115056262512369
chrM	6503	6504	0.00218657214537252
chrM	6504	6505	0.00810070651048259
chrM	6505	6506	0.00983523095436453
chrM	6506	6507	0.00128450651595124
chrM	6507	6508	0.00282492470758527
chrM	6508	6509	0.000350581966063666
chrM	6509	6510	0.00598326555415323
chrM	6510	6511	0.0140444858507046
chrM	6511	6512	0.00570346649213436
chrM	6512	6513	0.00596114734553615
chrM	6513	6514	0.00229363166147869
chrM	6514	6515	0.0180902167545401
chrM	6515	6516	0.0122956679216509
chrM	6516	6517	0.00894191371414799
chrM	6517	6518	0.00271824867121326
chrM	6518	6519	0.00773922897027268
chrM	6519	6520	0.00081963261173521
chrM	6520	6521	0.000867428075755385
chrM	6521	6522	0.027929426650109
chrM	6522	6523	0.0037497070541364
chrM	6523	6524	0.00173761946133797
chrM	6524	6525	0.0019456621111606
chrM	6525	6526	0.00107811657721424
chrM	6526	6527	0.00477438681894776
chrM	6527	6528	0.00534534674727481
chrM	6528	6529	0.00302867926286606
chrM	6529	6530	0.00191115461706987
chrM	6530	6531	0.00093270531175675
chrM	6531	6532	0.00485188968335036
chrM	6532	6533	0.00465385505904144
chrM	6533	6534	0.00132042253521127
chrM	6534	6535	0.00175897424028514
chrM	6535	6536	0.00643153526970954
chrM	6536	6537	0.00963927486886905
chrM	6537	6538	0.0046971169420149
chrM	6538	6539	0.0032524858284546
chrM	6539	6540	0.0104093894089702
chrM	6540	6541	0.00176201104193586
chrM	6541	6542	0.00206737771930649
chrM	6542	6543	0.00169395821569735
chrM	6543	6544	0.00610042233693102
chrM	6544	6545	0.00708521021021021
chrM	6545	6546	0.00436958207061808
chrM	6546	6547	0.00293399680781147
chrM	6547	6548	0.012056970950456
chrM	6548	6549	0.00183050041602282
chrM	6549	6550	0.00386906881245698
chrM	6550	6551	0.00457595371885151
chrM	6551	6552	0.0120618168111572
chrM	6552	6553	0.00460503010981226
chrM	6553	6554	0.000213361149305391
chrM	6554	6555	0.00229536903381528
chrM	6555	6556	0.0435039044990209
chrM	6556	6557	0.00598127175565034
chrM	6557	6558	0.0219591275299666
chrM	6558	6559	0.0108279938409576
chrM	6559	6560	0.0111925612515989
chrM	6560	6561	0.00819732663761908
chrM	6561	6562	0.00257840585099789
chrM	6562	6563	0.00153766027628283
chrM	6563	6564	0.000843086689148978
chrM	6564	6565	0.00131386499417437
chrM	6565	6566	0.0484857068668413
chrM	6566	6567	0.00997359237951523
chrM	6567	6568	0.00694971537001898
chrM	6568	6569	0.00368503637487518
chrM	6569	6570	0.000642994927484461
chrM	6570	6571	0.00278644406868466
chrM	6571	6572	0.00338538562403147
chrM	6572	6573	0.0233062459786002
chrM	6573	6574	0.0034744156664561
chrM	6574	6575	0.00408649753107441
chrM	6575	6576	0.00197623636762876
chrM	6576	6577	0.0116526200073287
chrM	6577	6578	0.00140841590274518
chrM	6578	6579	0.000321543408360129
chrM	6579	6580	0.00296230467303562
chrM	6580	6581	0.00440409408522783
chrM	6581	6582	0.00341079184354526
chrM	6582	6583	0.00467873502682311
chrM	6583	6584	0.00213455027233917
chrM	6584	6585	0.021999031945789
chrM	6585	6586	0.00320723084772943
chrM	6586	6587	0.00410273839580501
chrM	6587	6588	0.00269810403500243
chrM	6588	6589	0.00284277279685108
chrM	6589	6590	0.0144797040786528
chrM	6590	6591	0.00723959615858163
chrM	6591	6592	0.0422939068100358
chrM	6592	6593	0.0205491585473871
chrM	6593	6594	0.00461051298290057
chrM	6594	6595	0.00556077495366021
chrM	6595	6596	0.0157406230133503
chrM	6596	6597	0.0336253542901314
chrM	6597	6598	0.0139836017724945
chrM	6598	6599	0.00337349397590361
chrM	6599	6600	0.0521974514160219
chrM	6600	6601	0.00238009929876644
chrM	6601	6602	0.00417274658884366
chrM	6602	6603	0.0248205128205128
chrM	6603	6604	0.00561502938706969
chrM	6604	6605	0.00484108608713955
chrM	6605	6606	0.00674540682414698
chrM	6606	6607	0.00414198081056992
chrM	6607	6608	0.0115983393876492
chrM	6608	6609	0.00334274830919126
chrM	6609	6610	0.00264166580337719
chrM	6610	6611	0.0422083659404741
chrM	6611	6612	0.00379730596536241
chrM	6612	6613	0.00143988480921526
chrM	6613	6614	0.00123386972392165
chrM	6614	6615	0.00645045690736427
chrM	6615	6616	0.00891784847323368
chrM	6616	6617	0.0205658827154154
chrM	6617	6618	0.00204177791738652
chrM	6618	6619	0.00319062687972383
chrM	6619	6620	0.00319204604918891
chrM	6620	6621	0.00326925591735321
chrM	6621	6622	0.00245661718586661
chrM	6622	6623	0.00502578331544643
chrM	6623	6624	0.000999473961073119
chrM	6624	6625	0.00402292806058056
chrM	6625	6626	0.00350368809272919
chrM	6626	6627	0.00986126045791917
chrM	6627	6628	0.00362814176043748
chrM	6628	6629	0.00732052896725441
chrM	6629	6630	0.0113910761154856
chrM	6630	6631	0.0140807792070298
chrM	6631	6632	0.0175452694739098
chrM	6632	6633	0.0104472739144629
chrM	6633	6634	0.00244069655834362
chrM	6634	6635	0.000329371723437543
chrM	6635	6636	0.00544712999206197
chrM	6636	6637	0.00430089853166776
chrM	6637	6638	0.0177070828331333
chrM	6638	6639	0.00121285627653123
chrM	6639	6640	0.00579558876040322
chrM	6640	6641	0.00335672031916357
chrM	6641	6642	0.00410095505463353
chrM	6642	6643	0.00250461013403793
chrM	6643	6644	0.0010461690939625
chrM	6644	6645	0.00348632919732074
chrM	6645	6646	0.00255060062530854
chrM	6646	6647	0.00145368770399627
chrM	6647	6648	0.00549946646967085
chrM	6648	6649	0.0062558050592799
chrM	6649	6650	0.00807378619519404
chrM	6650	6651	0.00261931677189887
chrM	6651	6652	0.00218141654010769
chrM	6652	6653	0.00411499903338949
chrM	6653	6654	0.00102464691221268
chrM	6654	6655	0.000997506234413965
chrM	6655	6656	0.00750422285603522
chrM	6656	6657	0.0101964270830439
chrM	6657	6658	0.00226453073890799
chrM	6658	6659	0.00510076093318839
chrM	6659	6660	0.0114785612793581
chrM	6660	6661	0.00626281349172915
chrM	6661	6662	0.00760927768227038
chrM	6662	6663	0.0227323316638843
chrM	6663	6664	0.00406707894590228
chrM	6664	6665	0.020531798245614
chrM	6665	6666	0.00408342240127162
chrM	6666	6667	0.00339614373356705
chrM	6667	6668	0.011301754097912
chrM	6668	6669	0.00204166091874741
chrM	6669	6670	0.00179374672296272
chrM	6670	6671	0.0169337768370124
chrM	6671	6672	0.00189020152883947
chrM	6672	6673	0.00236308034473172
chrM	6673	6674	0.00699417152373022
chrM	6674	6675	0.0056505038133942
chrM	6675	6676	0.00443106763648524
chrM	6676	6677	0.0053794910388271
chrM	6677	6678	0.00382788488404582
chrM	6678	6679	0.00803021824286514
chrM	6679	6680	0.00273077897581712
chrM	6680	6681	0.00664115263394867
chrM	6681	6682	0.0047221829492436
chrM	6682	6683	0.00606782352274016
chrM	6683	6684	0.00153815478394622
chrM	6684	6685	0.0135077612872102
chrM	6685	6686	0.00983081847279378
chrM	6686	6687	0.00328359928567314
chrM	6687	6688	0.00620383194829178
chrM	6688	6689	0.00359482808604395
chrM	6689	6690	0.00671589719734853
chrM	6690	6691	0.00134471468662301
chrM	6691	6692	0.00379783815366637
chrM	6692	6693	0.0060694484972279
chrM	6693	6694	0.00943947629902391
chrM	6694	6695	0.00367874275287678
chrM	6695	6696	0.0338878257029295
chrM	6696	6697	0.018382129161848
chrM	6697	6698	0.00564078723074539
chrM	6698	6699	0.00410715952580976
chrM	6699	6700	0.0042644586938928
chrM	6700	6701	0.000997661730319563
chrM	6701	6702	0.00321082328002743
chrM	6702	6703	0.0119857669018041
chrM	6703	6704	0.0257413249211356
chrM	6704	6705	0.00756987577639752
chrM	6705	6706	0.0354293529584161
chrM	6706	6707	0.00523012552301255
chrM	6707	6708	0.0059668284789644
chrM	6708	6709	0.00144971511412292
chrM	6709	6710	0.00276345499275436
chrM	6710	6711	0.00188844675254603
chrM	6711	6712	0.00648429584599797
chrM	6712	6713	0.00230696159587461
chrM	6713	6714	0.00142551674982181
chrM	6714	6715	0.00173280782821419
chrM	6715	6716	0.00255119395877271
chrM	6716	6717	0.000238622805522413
chrM	6717	6718	0.000409053722388874
chrM	6718	6719	0.00211394865150534
chrM	6719	6720	0.00269312061089521
chrM	6720	6721	0.000409276944065484
chrM	6721	6722	0.000136476850114299
chrM	6722	6723	0.000102357637585725
chrM	6723	6724	0.0010574430345204
chrM	6724	6725	0.000409570292501451
chrM	6725	6726	0.00570477775136677
chrM	6726	6727	0.00261176310969405
chrM	6727	6728	0.000543146174214135
chrM	6728	6729	0.000577269177221637
chrM	6729	6730	0.000407581006725087
chrM	6730	6731	0.00613538524117827
chrM	6731	6732	0.00108891686800286
chrM	6732	6733	0.000476709343503133
chrM	6733	6734	0.00160010894358765
chrM	6734	6735	0.00136198031938438
chrM	6735	6736	0.00600794270391365
chrM	6736	6737	0.00448903247746982
chrM	6737	6738	0.00703143666587023
chrM	6738	6739	0.000687379708551004
chrM	6739	6740	0.00051578295853105
chrM	6740	6741	0.00154687016603073
chrM	6741	6742	0.00677744521278426
chrM	6742	6743	0.00363422400664544
chrM	6743	6744	0.000971446414321896
chrM	6744	6745	0.00207979479358037
chrM	6745	6746	0.00159533883609628
chrM	6746	6747	0.00368017220428428
chrM	6747	6748	0.00842237148922841
chrM	6748	6749	0.0108642663138102
chrM	6749	6750	0.0192932788088497
chrM	6750	6751	0.000285052556565117
chrM	6751	6752	0.000641482537419815
chrM	6752	6753	0.0009623266920911
chrM	6753	6754	0.00337933978372225
chrM	6754	6755	0.0013156491128258
chrM	6755	6756	0.0095103909827404
chrM	6756	6757	0.0388478633675148
chrM	6757	6758	0.0092934114413828
chrM	6758	6759	0.00598474619567201
chrM	6759	6760	0.00135779816513761
chrM	6760	6761	0.0569793480965414
chrM	6761	6762	0.00298637919731954
chrM	6762	6763	0.00696080919406881
chrM	6763	6764	0.00448381847767131
chrM	6764	6765	0.0211806307281518
chrM	6765	6766	0.155072570004398
chrM	6766	6767	0.0272296095536546
chrM	6767	6768	0.0522517933698374
chrM	6768	6769	0.0052414160707147
chrM	6769	6770	0.0122979620520028
chrM	6770	6771	0.0107096212451023
chrM	6771	6772	0.0390010857763301
chrM	6772	6773	0.00673945275643618
chrM	6773	6774	0.0124656856127087
chrM	6774	6775	0.00767806332143986
chrM	6775	6776	0.0143859178841085
chrM	6776	6777	0.0603803697300173
chrM	6777	6778	0.00452383173211454
chrM	6778	6779	0.0069194445743139
chrM	6779	6780	0.00724603585376182
chrM	6780	6781	0.0140970819040459
chrM	6781	6782	0.0463517305893358
chrM	6782	6783	0.000436723602484472
chrM	6783	6784	0.00126097288908288
chrM	6784	6785	0.00511879466872706
chrM	6785	6786	0.00794912559618442
chrM	6786	6787	0.00299995161368365
chrM	6787	6788	0.00184251357641583
chrM	6788	6789	0.00208768267223382
chrM	6789	6790	0.000778058743435129
chrM	6790	6791	0.000340500048642864
chrM	6791	6792	0.00267340689252904
chrM	6792	6793	0.0129251700680272
chrM	6793	6794	0.000981980654981097
chrM	6794	6795	0.00103158618656973
chrM	6795	6796	0.0151388547554682
chrM	6796	6797	0.0608363130711164
chrM	6797	6798	0.0579207400399453
chrM	6798	6799	0.00128040973111396
chrM	6799	6800	0.00233450058362515
chrM	6800	6801	0.0012230375806093
chrM	6801	6802	0.00728789986091794
chrM	6802	6803	0.0016225591674593
chrM	6803	6804	0.0117515388919978
chrM	6804	6805	0.00107508628982063
chrM	6805	6806	0.0457864055690758
chrM	6806	6807	0.000296524730162496
chrM	6807	6808	0.000237261996559701
chrM	6808	6809	0.00165984942794475
chrM	6809	6810	0.000889943636902996
chrM	6810	6811	5.93718458706881e-05
chrM	6811	6812	0.00106761565836299
chrM	6812	6813	0.00130354920898264
chrM	6813	6814	0.000770187807334558
chrM	6814	6815	0.00153919014918305
chrM	6815	6816	0.0357693846065939
chrM	6816	6817	0.0748225605461343
chrM	6817	6818	0.0181678044483594
chrM	6818	6819	0.0538912664447615
chrM	6819	6820	0.0435171542833088
chrM	6820	6821	0.0259387887996527
chrM	6821	6822	0.0519067215363512
chrM	6822	6823	0.0305400159835598
chrM	6823	6824	0.0167828106852497
chrM	6824	6825	0.0152538425710293
chrM	6825	6826	0.0180862128741477
chrM	6826	6827	0.00358568041177491
chrM	6827	6828	0.00802679447941329
chrM	6828	6829	0.00702198687694256
chrM	6829	6830	0.00738493244790474
chrM	6830	6831	0.00223534131942454
chrM	6831	6832	0.0238816010763539
chrM	6832	6833	0.00605381165919283
chrM	6833	6834	0.00544240588004264
chrM	6834	6835	0.00134649910233393
chrM	6835	6836	0.00061735323829835
chrM	6836	6837	0.0024644337403383
chrM	6837	6838	0.000896007168057345
chrM	6838	6839	0.00446902407686721
chrM	6839	6840	0.0152193375111907
chrM	6840	6841	0.00159090909090909
chrM	6841	6842	0.000455114347479804
chrM	6842	6843	0.000682399772533409
chrM	6843	6844	0.000341219290263876
chrM	6844	6845	0.00017061934823409
chrM	6845	6846	0.000568504832291074
chrM	6846	6847	0.000284300904076875
chrM	6847	6848	0.00062563985894665
chrM	6848	6849	0.000796268911386645
chrM	6849	6850	0.000796178343949045
chrM	6850	6851	0.000455010806506655
chrM	6851	6852	0.000284381754066659
chrM	6852	6853	0.00142182790195075
chrM	6853	6854	0.00307394546593044
chrM	6854	6855	0.00222425002851603
chrM	6855	6856	0.000741797432239658
chrM	6856	6857	0.00261795003130158
chrM	6857	6858	0.000796133067955644
chrM	6858	6859	0.0002274407232615
chrM	6859	6860	0.00272340425531915
chrM	6860	6861	0.000624396889368224
chrM	6861	6862	0.00345374249801834
chrM	6862	6863	0.00147042189797534
chrM	6863	6864	0.00135600881405729
chrM	6864	6865	0.00129840803883934
chrM	6865	6866	0.000846166864105602
chrM	6866	6867	0.00191484568596531
chrM	6867	6868	0.00591515970931215
chrM	6868	6869	0.00237812128418549
chrM	6869	6870	0.000113417262107293
chrM	6870	6871	0.000340232492203005
chrM	6871	6872	0.000567118471048602
chrM	6872	6873	0.000567150635208711
chrM	6873	6874	0.0355623617491918
chrM	6874	6875	0.00082294850693628
chrM	6875	6876	0.00873541654452717
chrM	6876	6877	0.000294759181748511
chrM	6877	6878	0.00252881674900024
chrM	6878	6879	0.000705633305892038
chrM	6879	6880	0.0153538443437849
chrM	6880	6881	0.00940980287058543
chrM	6881	6882	0.00281639501438159
chrM	6882	6883	0.00174205562563825
chrM	6883	6884	0.00294595082065773
chrM	6884	6885	0.00271100668714983
chrM	6885	6886	0.00156891141684769
chrM	6886	6887	0.0289785076068582
chrM	6887	6888	0.00508842693143034
chrM	6888	6889	0.00672310756972112
chrM	6889	6890	0.0018173842200915
chrM	6890	6891	0.00307402760351317
chrM	6891	6892	0.00559466934875534
chrM	6892	6893	0.0231235784685368
chrM	6893	6894	0.0042027673606621
chrM	6894	6895	0.0100642815401597
chrM	6895	6896	0.00419782237964056
chrM	6896	6897	0.00263469898564089
chrM	6897	6898	0.00752872804120988
chrM	6898	6899	0.000731966994942773
chrM	6899	6900	0.000332955983219018
chrM	6900	6901	6.66133759658939e-05
chrM	6901	6902	6.66178136033575e-05
chrM	6902	6903	0.000466231517250566
chrM	6903	6904	0.00392992739625658
chrM	6904	6905	0.00728414862336274
chrM	6905	6906	0.0524120298728386
chrM	6906	6907	0.000709924747976714
chrM	6907	6908	0.000497159090909091
chrM	6908	6909	0.00447602131438721
chrM	6909	6910	0.0106337425064231
chrM	6910	6911	0.000504868373602596
chrM	6911	6912	0.0165933193853257
chrM	6912	6913	0.000440108560111494
chrM	6913	6914	0.0105664807748753
chrM	6914	6915	0.00170572530406408
chrM	6915	6916	0.00222799851466766
chrM	6916	6917	0.00535754148374135
chrM	6917	6918	0.0149611011370437
chrM	6918	6919	0.0189810948295498
chrM	6919	6920	0.00603434937335603
chrM	6920	6921	0.00762349280435628
chrM	6921	6922	0.00188028831087433
chrM	6922	6923	0.00510083967668524
chrM	6923	6924	0.00386404857661068
chrM	6924	6925	0.0116343490304709
chrM	6925	6926	0.00456401633437425
chrM	6926	6927	0.00804246421103426
chrM	6927	6928	0.0327523307661127
chrM	6928	6929	0.000167630542284804
chrM	6929	6930	0.000418971007206301
chrM	6930	6931	0.00511101801424382
chrM	6931	6932	0.00471539238800943
chrM	6932	6933	0.0109127823365198
chrM	6933	6934	0.00299349982894287
chrM	6934	6935	0.00840696577163936
chrM	6935	6936	0.00518986246864458
chrM	6936	6937	0.0229505346431366
chrM	6937	6938	0.00231337307589643
chrM	6938	6939	0.0115034777956126
chrM	6939	6940	0.00252570810030669
chrM	6940	6941	0.0763248327003075
chrM	6941	6942	0.0294693557861758
chrM	6942	6943	0.00090789871885403
chrM	6943	6944	0.00736852730392652
chrM	6944	6945	0.0025414252312697
chrM	6945	6946	0.000611496127191194
chrM	6946	6947	0.019271948608137
chrM	6947	6948	0.00259902276743944
chrM	6948	6949	0.00375234521575985
chrM	6949	6950	0.00104602510460251
chrM	6950	6951	0.00303569559300743
chrM	6951	6952	0.00514435695538058
chrM	6952	6953	0.0249050232165471
chrM	6953	6954	0.00757575757575758
chrM	6954	6955	0.00567066521264995
chrM	6955	6956	0.0014257512612415
chrM	6956	6957	0.00252608456891818
chrM	6957	6958	0.0115613301035014
chrM	6958	6959	0.00479001893728417
chrM	6959	6960	0.0312290127602418
chrM	6960	6961	0.0391681109185442
chrM	6961	6962	0.00144282794276783
chrM	6962	6963	0.000601757130822
chrM	6963	6964	0.000120380402070543
chrM	6964	6965	0.000601974476282206
chrM	6965	6966	0.00252981568485725
chrM	6966	6967	0.000120772946859903
chrM	6967	6968	0.00096630027781133
chrM	6968	6969	0.00120860526951898
chrM	6969	6970	0.000120962864400629
chrM	6970	6971	0.000604887490926688
chrM	6971	6972	0.00205711519845111
chrM	6972	6973	0.00218181818181818
chrM	6973	6974	0.00558794946550049
chrM	6974	6975	0.000610724319042384
chrM	6975	6976	0.000855431993156544
chrM	6976	6977	0.00122309197651663
chrM	6977	6978	0.00306147440607397
chrM	6978	6979	0.0522048888342955
chrM	6979	6980	0.00648004147226542
chrM	6980	6981	0.000782574670666493
chrM	6981	6982	0.000261028452101279
chrM	6982	6983	0.000783289817232376
chrM	6983	6984	0.0129344133786256
chrM	6984	6985	0.0509528851244044
chrM	6985	6986	0.110971699428412
chrM	6986	6987	0.0316316943313498
chrM	6987	6988	0.0130792830615211
chrM	6988	6989	0.00392541707556428
chrM	6989	6990	0.035133803973075
chrM	6990	6991	0.00748553929908132
chrM	6991	6992	0.00154135982188731
chrM	6992	6993	0.0905039424065821
chrM	6993	6994	0.000376860749952892
chrM	6994	6995	0.00602750047089847
chrM	6995	6996	0.00170454545454545
chrM	6996	6997	0.00341491178144565
chrM	6997	6998	0.0285551113649343
chrM	6998	6999	0.0540752351097179
chrM	6999	7000	0.00849037067715883
chrM	7000	7001	0.00396742534975987
chrM	7001	7002	0.00712638859777824
chrM	7002	7003	0.474139750897192
chrM	7003	7004	0.0638297872340425
chrM	7004	7005	0.00385934819897084
chrM	7005	7006	0.0662650602409639
chrM	7006	7007	0.00967296176877015
chrM	7007	7008	0.0172093023255814
chrM	7008	7009	0.0227165168007572
chrM	7009	7010	0.0164648910411622
chrM	7010	7011	0.0231413096996553
chrM	7011	7012	0.03125
chrM	7012	7013	0.046801872074883
chrM	7013	7014	0.0190839694656489
chrM	7014	7015	0.00277932184546971
chrM	7015	7016	0.0521642619311876
chrM	7016	7017	0.0244755244755245
chrM	7017	7018	0.1194743130227
chrM	7018	7019	0.0115332428765265
chrM	7019	7020	0.00274348422496571
chrM	7020	7021	0.00481099656357388
chrM	7021	7022	0.0455486542443064
chrM	7022	7023	0.0267341040462428
chrM	7023	7024	0.0898292501855976
chrM	7024	7025	0.000815660685154976
chrM	7025	7026	0.00408163265306122
chrM	7026	7027	0.00490998363338789
chrM	7027	7028	0.00821018062397373
chrM	7028	7029	0.000827814569536424
chrM	7029	7030	0.000827814569536424
chrM	7030	7031	0.000827814569536424
chrM	7031	7032	0
chrM	7032	7033	0.00659521846661171
chrM	7033	7034	0.00990916597853014
chrM	7034	7035	0.000833333333333333
chrM	7035	7036	0
chrM	7036	7037	0.0058187863674148
chrM	7037	7038	0.00333333333333333
chrM	7038	7039	0.00918196994991653
chrM	7039	7040	0.00588730025231287
chrM	7040	7041	0.00759493670886076
chrM	7041	7042	0.00593723494486853
chrM	7042	7043	0
chrM	7043	7044	0.000851788756388416
chrM	7044	7045	0.0118845500848896
chrM	7045	7046	0.00767918088737201
chrM	7046	7047	0.00428082191780822
chrM	7047	7048	0.00171821305841924
chrM	7048	7049	0.00258175559380379
chrM	7049	7050	0.00172562553925798
chrM	7050	7051	0.00258620689655172
chrM	7051	7052	0.00431034482758621
chrM	7052	7053	0.0025974025974026
chrM	7053	7054	0.000867302688638335
chrM	7054	7055	0.000866551126516464
chrM	7055	7056	0.00346620450606586
chrM	7056	7057	0.00173913043478261
chrM	7057	7058	0.00174216027874564
chrM	7058	7059	0
chrM	7059	7060	0
chrM	7060	7061	0
chrM	7061	7062	0.00174520069808028
chrM	7062	7063	0.020924149956408
chrM	7063	7064	0.0088809946714032
chrM	7064	7065	0
chrM	7065	7066	0.000896057347670251
chrM	7066	7067	0.0017921146953405
chrM	7067	7068	0.000896057347670251
chrM	7068	7069	0.0116487455197133
chrM	7069	7070	0.000905797101449275
chrM	7070	7071	0
chrM	7071	7072	0
chrM	7072	7073	0.00452898550724638
chrM	7073	7074	0.0154686078252957
chrM	7074	7075	0
chrM	7075	7076	0.00184842883548983
chrM	7076	7077	0
chrM	7077	7078	0.00185013876040703
chrM	7078	7079	0.0222222222222222
chrM	7079	7080	0.0112359550561798
chrM	7080	7081	0
chrM	7081	7082	0.000935453695042095
chrM	7082	7083	0
chrM	7083	7084	0
chrM	7084	7085	0
chrM	7085	7086	0
chrM	7086	7087	0.00279850746268657
chrM	7087	7088	0
chrM	7088	7089	0
chrM	7089	7090	0
chrM	7090	7091	0
chrM	7091	7092	0
chrM	7092	7093	0.0027906976744186
chrM	7093	7094	0.000929368029739777
chrM	7094	7095	0.00278035217794254
chrM	7095	7096	0.00092678405931418
chrM	7096	7097	0.00185185185185185
chrM	7097	7098	0.00185185185185185
chrM	7098	7099	0
chrM	7099	7100	0.00092678405931418
chrM	7100	7101	0.000925925925925926
chrM	7101	7102	0
chrM	7102	7103	0.000925069380203515
chrM	7103	7104	0.000924214417744917
chrM	7104	7105	0.000923361034164358
chrM	7105	7106	0
chrM	7106	7107	0
chrM	7107	7108	0
chrM	7108	7109	0.000923361034164358
chrM	7109	7110	0.0018450184501845
chrM	7110	7111	0.00459136822773186
chrM	7111	7112	0.01
chrM	7112	7113	0.000908265213442325
chrM	7113	7114	0.00361990950226244
chrM	7114	7115	0.00718778077268643
chrM	7115	7116	0.000898472596585804
chrM	7116	7117	0
chrM	7117	7118	0
chrM	7118	7119	0
chrM	7119	7120	0
chrM	7120	7121	0.000898472596585804
chrM	7121	7122	0.003584229390681
chrM	7122	7123	0
chrM	7123	7124	0
chrM	7124	7125	0
chrM	7125	7126	0.0017905102954342
chrM	7126	7127	0.00267857142857143
chrM	7127	7128	0.000892060660124889
chrM	7128	7129	0
chrM	7129	7130	0
chrM	7130	7131	0
chrM	7131	7132	0
chrM	7132	7133	0.00178094390026714
chrM	7133	7134	0
chrM	7134	7135	0
chrM	7135	7136	0
chrM	7136	7137	0.00177935943060498
chrM	7137	7138	0.000889679715302491
chrM	7138	7139	0.00177777777777778
chrM	7139	7140	0
chrM	7140	7141	0
chrM	7141	7142	0.000888888888888889
chrM	7142	7143	0
chrM	7143	7144	0.00177777777777778
chrM	7144	7145	0
chrM	7145	7146	0
chrM	7146	7147	0
chrM	7147	7148	0
chrM	7148	7149	0
chrM	7149	7150	0
chrM	7150	7151	0
chrM	7151	7152	0
chrM	7152	7153	0
chrM	7153	7154	0.000890471950133571
chrM	7154	7155	0
chrM	7155	7156	0
chrM	7156	7157	0
chrM	7157	7158	0.000890471950133571
chrM	7158	7159	0
chrM	7159	7160	0.000890471950133571
chrM	7160	7161	0
chrM	7161	7162	0.00178094390026714
chrM	7162	7163	0.000890471950133571
chrM	7163	7164	0
chrM	7164	7165	0
chrM	7165	7166	0.00445235975066785
chrM	7166	7167	0.000893655049151028
chrM	7167	7168	0.000892857142857143
chrM	7168	7169	0
chrM	7169	7170	0.000892857142857143
chrM	7170	7171	0.000893655049151028
chrM	7171	7172	0.00268096514745308
chrM	7172	7173	0
chrM	7173	7174	0
chrM	7174	7175	0.000895255147717099
chrM	7175	7176	0
chrM	7176	7177	0.0017921146953405
chrM	7177	7178	0
chrM	7178	7179	0
chrM	7179	7180	0.000897666068222621
chrM	7180	7181	0
chrM	7181	7182	0.000897666068222621
chrM	7182	7183	0
chrM	7183	7184	0.00359066427289048
chrM	7184	7185	0.000900900900900901
chrM	7185	7186	0
chrM	7186	7187	0.000901713255184851
chrM	7187	7188	0
chrM	7188	7189	0
chrM	7189	7190	0.0018018018018018
chrM	7190	7191	0.000900900900900901
chrM	7191	7192	0
chrM	7192	7193	0
chrM	7193	7194	0.0018034265103697
chrM	7194	7195	0
chrM	7195	7196	0
chrM	7196	7197	0.00180505415162455
chrM	7197	7198	0
chrM	7198	7199	0
chrM	7199	7200	0.000903342366757001
chrM	7200	7201	0.0027124773960217
chrM	7201	7202	0
chrM	7202	7203	0
chrM	7203	7204	0
chrM	7204	7205	0
chrM	7205	7206	0
chrM	7206	7207	0
chrM	7207	7208	0
chrM	7208	7209	0.000906618313689937
chrM	7209	7210	0
chrM	7210	7211	0.000907441016333938
chrM	7211	7212	0
chrM	7212	7213	0.0036330608537693
chrM	7213	7214	0
chrM	7214	7215	0
chrM	7215	7216	0
chrM	7216	7217	0
chrM	7217	7218	0.000910746812386157
chrM	7218	7219	0.000910746812386157
chrM	7219	7220	0
chrM	7220	7221	0
chrM	7221	7222	0.00182149362477231
chrM	7222	7223	0
chrM	7223	7224	0
chrM	7224	7225	0.000911577028258888
chrM	7225	7226	0
chrM	7226	7227	0
chrM	7227	7228	0
chrM	7228	7229	0.000912408759124088
chrM	7229	7230	0
chrM	7230	7231	0.00091324200913242
chrM	7231	7232	0
chrM	7232	7233	0
chrM	7233	7234	0
chrM	7234	7235	0
chrM	7235	7236	0.00274223034734918
chrM	7236	7237	0
chrM	7237	7238	0
chrM	7238	7239	0
chrM	7239	7240	0.00274977085242896
chrM	7240	7241	0
chrM	7241	7242	0
chrM	7242	7243	0
chrM	7243	7244	0
chrM	7244	7245	0
chrM	7245	7246	0.00183823529411765
chrM	7246	7247	0
chrM	7247	7248	0
chrM	7248	7249	0.00184162062615101
chrM	7249	7250	0
chrM	7250	7251	0
chrM	7251	7252	0.00276752767527675
chrM	7252	7253	0.0388529139685476
chrM	7253	7254	0
chrM	7254	7255	0.00288739172281039
chrM	7255	7256	0
chrM	7256	7257	0
chrM	7257	7258	0
chrM	7258	7259	0
chrM	7259	7260	0
chrM	7260	7261	0
chrM	7261	7262	0
chrM	7262	7263	0
chrM	7263	7264	0.00193050193050193
chrM	7264	7265	0.00193423597678917
chrM	7265	7266	0
chrM	7266	7267	0.00193798449612403
chrM	7267	7268	0
chrM	7268	7269	0.000970873786407767
chrM	7269	7270	0.00388726919339164
chrM	7270	7271	0
chrM	7271	7272	0
chrM	7272	7273	0
chrM	7273	7274	0.000975609756097561
chrM	7274	7275	0.0068359375
chrM	7275	7276	0
chrM	7276	7277	0.0147492625368732
chrM	7277	7278	0.00199600798403194
chrM	7278	7279	0
chrM	7279	7280	0
chrM	7280	7281	0.006
chrM	7281	7282	0.0160965794768612
chrM	7282	7283	0.0224948875255624
chrM	7283	7284	0.00313807531380753
chrM	7284	7285	0.00104931794333683
chrM	7285	7286	0.00525210084033613
chrM	7286	7287	0.00316455696202532
chrM	7287	7288	0.00633579725448786
chrM	7288	7289	0.00212314225053079
chrM	7289	7290	0.00106382978723404
chrM	7290	7291	0
chrM	7291	7292	0.0170212765957447
chrM	7292	7293	0.00972972972972973
chrM	7293	7294	0
chrM	7294	7295	0.00109170305676856
chrM	7295	7296	0
chrM	7296	7297	0
chrM	7297	7298	0
chrM	7298	7299	0
chrM	7299	7300	0
chrM	7300	7301	0
chrM	7301	7302	0
chrM	7302	7303	0
chrM	7303	7304	0
chrM	7304	7305	0.00109289617486339
chrM	7305	7306	0
chrM	7306	7307	0
chrM	7307	7308	0
chrM	7308	7309	0
chrM	7309	7310	0
chrM	7310	7311	0
chrM	7311	7312	0
chrM	7312	7313	0.00109409190371991
chrM	7313	7314	0
chrM	7314	7315	0
chrM	7315	7316	0
chrM	7316	7317	0.00109529025191676
chrM	7317	7318	0
chrM	7318	7319	0
chrM	7319	7320	0.00109529025191676
chrM	7320	7321	0
chrM	7321	7322	0.00109529025191676
chrM	7322	7323	0
chrM	7323	7324	0.00109649122807018
chrM	7324	7325	0
chrM	7325	7326	0.00109769484083425
chrM	7326	7327	0.0021953896816685
chrM	7327	7328	0.00109769484083425
chrM	7328	7329	0.00545851528384279
chrM	7329	7330	0
chrM	7330	7331	0.00109051254089422
chrM	7331	7332	0.00108932461873638
chrM	7332	7333	0
chrM	7333	7334	0.00756756756756757
chrM	7334	7335	0
chrM	7335	7336	0
chrM	7336	7337	0.00107991360691145
chrM	7337	7338	0
chrM	7338	7339	0.00537056928034372
chrM	7339	7340	0.00214362272240086
chrM	7340	7341	0.00107066381156317
chrM	7341	7342	0.00533049040511727
chrM	7342	7343	0.00212992545260916
chrM	7343	7344	0.00212539851222104
chrM	7344	7345	0.00106157112526539
chrM	7345	7346	0
chrM	7346	7347	0.00842105263157895
chrM	7347	7348	0
chrM	7348	7349	0.0196078431372549
chrM	7349	7350	0.00103092783505155
chrM	7350	7351	0
chrM	7351	7352	0.00205973223480947
chrM	7352	7353	0.00102986611740474
chrM	7353	7354	0.00102986611740474
chrM	7354	7355	0
chrM	7355	7356	0.00102986611740474
chrM	7356	7357	0
chrM	7357	7358	0
chrM	7358	7359	0
chrM	7359	7360	0
chrM	7360	7361	0
chrM	7361	7362	0.00817160367722165
chrM	7362	7363	0.00910931174089069
chrM	7363	7364	0
chrM	7364	7365	0
chrM	7365	7366	0.00202020202020202
chrM	7366	7367	0.0303623898139079
chrM	7367	7368	0.00390243902439024
chrM	7368	7369	0.0953221535745808
chrM	7369	7370	0
chrM	7370	7371	0.00526777875329236
chrM	7371	7372	0.00437062937062937
chrM	7372	7373	0.00694444444444444
chrM	7373	7374	0.0103092783505155
chrM	7374	7375	0.0259414225941423
chrM	7375	7376	0.0180772391125719
chrM	7376	7377	0.000821018062397373
chrM	7377	7378	0.115468409586057
chrM	7378	7379	0.00433839479392625
chrM	7379	7380	0.00860215053763441
chrM	7380	7381	0.00499286733238231
chrM	7381	7382	0.0049680624556423
chrM	7382	7383	0.00353606789250354
chrM	7383	7384	0.0125698324022346
chrM	7384	7385	0.000697836706210747
chrM	7385	7386	0
chrM	7386	7387	0.00416956219596942
chrM	7387	7388	0
chrM	7388	7389	0.00346260387811634
chrM	7389	7390	0.00207325501036628
chrM	7390	7391	0.134051466187911
chrM	7391	7392	0.00238805970149254
chrM	7392	7393	0
chrM	7393	7394	0
chrM	7394	7395	0
chrM	7395	7396	0.00238237045860631
chrM	7396	7397	0.00178359096313912
chrM	7397	7398	0.00237247924080664
chrM	7398	7399	0
chrM	7399	7400	0.000592768227622999
chrM	7400	7401	0.00118413262285376
chrM	7401	7402	0
chrM	7402	7403	0.0117027501462844
chrM	7403	7404	0.00349854227405248
chrM	7404	7405	0.00290697674418605
chrM	7405	7406	0.000581057524694945
chrM	7406	7407	0.0727370689655172
chrM	7407	7408	0.0021505376344086
chrM	7408	7409	0.00694073678590497
chrM	7409	7410	0.00478214665249734
chrM	7410	7411	0.00212089077412513
chrM	7411	7412	0.00527426160337553
chrM	7412	7413	0.00576822233875197
chrM	7413	7414	0.00625325690463783
chrM	7414	7415	0.00104112441436752
chrM	7415	7416	0.000520291363163372
chrM	7416	7417	0.00978876867594024
chrM	7417	7418	0.00614439324116743
chrM	7418	7419	0.00812595226003047
chrM	7419	7420	0.074283027738599
chrM	7420	7421	0.0588495575221239
chrM	7421	7422	0.0178260869565217
chrM	7422	7423	0.153222836095764
chrM	7423	7424	0.150281778334377
chrM	7424	7425	0.0148102437519284
chrM	7425	7426	0.0127931769722814
chrM	7426	7427	0.00635593220338983
chrM	7427	7428	0.24926153147012
chrM	7428	7429	0.0143337066069429
chrM	7429	7430	0.00490305326498774
chrM	7430	7431	0.0228658536585366
chrM	7431	7432	0.0105580693815988
chrM	7432	7433	0.00748502994011976
chrM	7433	7434	0.00911210002119093
chrM	7434	7435	0.00757097791798107
chrM	7435	7436	0.0366693679092382
chrM	7436	7437	0.0221870047543582
chrM	7437	7438	0.02416392808815
chrM	7438	7439	0.0453958294888356
chrM	7439	7440	0.052953512757777
chrM	7440	7441	0.00174459176552687
chrM	7441	7442	0.00606901335182937
chrM	7442	7443	0.0291245791245791
chrM	7443	7444	0.00702223708409965
chrM	7444	7445	0.0638697557921102
chrM	7445	7446	0.000156519017060573
chrM	7446	7447	0.0245801526717557
chrM	7447	7448	0.0523726851851852
chrM	7448	7449	0.00346020761245675
chrM	7449	7450	0.0015834173024327
chrM	7450	7451	0.00186781609195402
chrM	7451	7452	0.004149377593361
chrM	7452	7453	0.00171404085130696
chrM	7453	7454	0.00185370027092542
chrM	7454	7455	0.00284454558384298
chrM	7455	7456	0.00113668655868144
chrM	7456	7457	0.00170212765957447
chrM	7457	7458	0.0243564904511486
chrM	7458	7459	0.00207153708051374
chrM	7459	7460	0.000552104899930987
chrM	7460	7461	0.00630914826498423
chrM	7461	7462	0.00164338537387017
chrM	7462	7463	0.0572055785123967
chrM	7463	7464	0.0032179173638821
chrM	7464	7465	0.00435729847494553
chrM	7465	7466	0.00357644654489718
chrM	7466	7467	0.000510790448218618
chrM	7467	7468	0.0144745122718691
chrM	7468	7469	0.00824072917967287
chrM	7469	7470	0.000623986022713091
chrM	7470	7471	0.00199277618632457
chrM	7471	7472	0.00074673304293715
chrM	7472	7473	0.000870430241233524
chrM	7473	7474	0.00173783515392254
chrM	7474	7475	0.0024770869457518
chrM	7475	7476	0.00750030738964712
chrM	7476	7477	0.00184094256259205
chrM	7477	7478	0.000368052999631947
chrM	7478	7479	0.000613045610593428
chrM	7479	7480	0.000857527869655764
chrM	7480	7481	0.000734573947110676
chrM	7481	7482	0.0020772238514174
chrM	7482	7483	0.0314792899408284
chrM	7483	7484	0.018243086218917
chrM	7484	7485	0.00554849150387238
chrM	7485	7486	0.0594888526373029
chrM	7486	7487	0.0146995708154506
chrM	7487	7488	0.00831024930747922
chrM	7488	7489	0.00487960114564549
chrM	7489	7490	0.0307549886854557
chrM	7490	7491	0.0486348957823662
chrM	7491	7492	0.00195350654424692
chrM	7492	7493	0.0022419339116873
chrM	7493	7494	0.00398096902611904
chrM	7494	7495	0.000776322173702086
chrM	7495	7496	0.017076893722572
chrM	7496	7497	0.0121629266452951
chrM	7497	7498	0.000942507068803016
chrM	7498	7499	0.00831931202093849
chrM	7499	7500	0.00205243026401717
chrM	7500	7501	0.00279147669116963
chrM	7501	7502	0.00315428147323499
chrM	7502	7503	0.00314610900342371
chrM	7503	7504	0.00267749976918105
chrM	7504	7505	0.00110752191970466
chrM	7505	7506	0.0104195228955306
chrM	7506	7507	0.0474573319400906
chrM	7507	7508	0.000522466039707419
chrM	7508	7509	0.000783426183844011
chrM	7509	7510	0.00338394793926247
chrM	7510	7511	0.000867227473766369
chrM	7511	7512	0.000433613736883184
chrM	7512	7513	0.00268212493510988
chrM	7513	7514	0.00645716745587602
chrM	7514	7515	0.00172220787048997
chrM	7515	7516	0.00249226538329323
chrM	7516	7517	0.0374823783066589
chrM	7517	7518	0.00505259670338772
chrM	7518	7519	0.00528183543781464
chrM	7519	7520	0.00964603940161857
chrM	7520	7521	0.0228489254613725
chrM	7521	7522	0.00421739476406461
chrM	7522	7523	0.000318268618714195
chrM	7523	7524	0.00443704936217415
chrM	7524	7525	0.0139192993431342
chrM	7525	7526	0.0112229102167183
chrM	7526	7527	0.00470171111453677
chrM	7527	7528	0.00422329724333871
chrM	7528	7529	0.00130418105101649
chrM	7529	7530	0.00450760180304072
chrM	7530	7531	0.00961101861661874
chrM	7531	7532	0.000605326876513317
chrM	7532	7533	0.000681250473090606
chrM	7533	7534	0.000454338936846888
chrM	7534	7535	0.016536312849162
chrM	7535	7536	0.00200848024994421
chrM	7536	7537	0.000372106869092803
chrM	7537	7538	0.00118959107806691
chrM	7538	7539	0.000371691941718704
chrM	7539	7540	0.00178120825293157
chrM	7540	7541	0.000445103857566766
chrM	7541	7542	0.000222535420221052
chrM	7542	7543	0.000370892367035086
chrM	7543	7544	0.000296757919726983
chrM	7544	7545	0.000741509713777251
chrM	7545	7546	0.00852815762387884
chrM	7546	7547	0.026978417266187
chrM	7547	7548	0.00360412311684567
chrM	7548	7549	0.00294730788584573
chrM	7549	7550	0.0392373583862946
chrM	7550	7551	0.0153207136047937
chrM	7551	7552	0.00332948291091935
chrM	7552	7553	0.00298831839174137
chrM	7553	7554	0.00427727612193632
chrM	7554	7555	0.00474062034403359
chrM	7555	7556	0.00351232691658224
chrM	7556	7557	0.0029681597409606
chrM	7557	7558	0.00384097035040431
chrM	7558	7559	0.00101146325016858
chrM	7559	7560	0.000472175379426644
chrM	7560	7561	0.0020207463289775
chrM	7561	7562	0.00616911419566821
chrM	7562	7563	0.00134273246055723
chrM	7563	7564	0.000335908632851864
chrM	7564	7565	0.00541371474401818
chrM	7565	7566	0.00147058823529412
chrM	7566	7567	0.000802836689636716
chrM	7567	7568	0.00227546513184313
chrM	7568	7569	0.00806666666666667
chrM	7569	7570	0.00306687112474165
chrM	7570	7571	0.00577535847052576
chrM	7571	7572	0.00364648942518067
chrM	7572	7573	0.00311836518046709
chrM	7573	7574	0.00515975391942846
chrM	7574	7575	0.00264165896182803
chrM	7575	7576	0.0079984265390415
chrM	7576	7577	0.00203225383505966
chrM	7577	7578	0.000788073816247455
chrM	7578	7579	0.0020374630299047
chrM	7579	7580	0.00380852321229234
chrM	7580	7581	0.00991724681465914
chrM	7581	7582	0.00205162144275314
chrM	7582	7583	0.0048777272427658
chrM	7583	7584	0.000461589185624794
chrM	7584	7585	0.000131926121372032
chrM	7585	7586	0.00230672905819548
chrM	7586	7587	0.00237435694499406
chrM	7587	7588	0.00257459730657513
chrM	7588	7589	0.00171707832518822
chrM	7589	7590	0.00132004488152597
chrM	7590	7591	0.00105624504885133
chrM	7591	7592	0.00138586418530984
chrM	7592	7593	0.0253303254914599
chrM	7593	7594	0.0804262412191928
chrM	7594	7595	0.00268288320515114
chrM	7595	7596	0.00143172463162918
chrM	7596	7597	0.0113871024839224
chrM	7597	7598	0.00206282784228208
chrM	7598	7599	0.0090726994226464
chrM	7599	7600	0.0189327740883141
chrM	7600	7601	0.0144295106766742
chrM	7601	7602	0.00924617196702002
chrM	7602	7603	0.00219662787936357
chrM	7603	7604	0.00719125163437537
chrM	7604	7605	0.00424159149292072
chrM	7605	7606	0.00203727005812212
chrM	7606	7607	0.00531724220336958
chrM	7607	7608	0.00423577138766257
chrM	7608	7609	0.0120539443847715
chrM	7609	7610	0.0186666666666667
chrM	7610	7611	0.0251881704498311
chrM	7611	7612	0.00321134270479884
chrM	7612	7613	0.0160472972972973
chrM	7613	7614	0.011066094212977
chrM	7614	7615	0.0234416940053683
chrM	7615	7616	0.00859752821063944
chrM	7616	7617	0.00507826502569005
chrM	7617	7618	0.0038908176702981
chrM	7618	7619	0.00215917951178552
chrM	7619	7620	0.00955452048250328
chrM	7620	7621	0.0419306531505587
chrM	7621	7622	0.00115493445746954
chrM	7622	7623	0.0270604781997187
chrM	7623	7624	0.0100502512562814
chrM	7624	7625	0.0146025775761934
chrM	7625	7626	0.00321133934998062
chrM	7626	7627	0.0177691668973152
chrM	7627	7628	0.00767937219730942
chrM	7628	7629	0.00526315789473684
chrM	7629	7630	0.00773296244784423
chrM	7630	7631	0.0028386953133697
chrM	7631	7632	0.00852985449071751
chrM	7632	7633	0.00218707940780619
chrM	7633	7634	0.000504654031624986
chrM	7634	7635	0.00285314685314685
chrM	7635	7636	0.00195869942358274
chrM	7636	7637	0.00531319910514541
chrM	7637	7638	0.042394282950943
chrM	7638	7639	0.00678056593699947
chrM	7639	7640	0.00154724430454036
chrM	7640	7641	0.0057609217474796
chrM	7641	7642	0.0107682417229187
chrM	7642	7643	0.00210879204066184
chrM	7643	7644	0.00118983234180638
chrM	7644	7645	0.00950539713227002
chrM	7645	7646	0.00198914036879738
chrM	7646	7647	0.000269034167339252
chrM	7647	7648	0.00396953116618389
chrM	7648	7649	0.0334810951760104
chrM	7649	7650	0.0136541982736071
chrM	7650	7651	0.0024824380710928
chrM	7651	7652	0.00693495849532416
chrM	7652	7653	0.000788684999211315
chrM	7653	7654	0.000893889998948365
chrM	7654	7655	0.00173574584472964
chrM	7655	7656	0.0140145374679705
chrM	7656	7657	0.00592243186582809
chrM	7657	7658	0.00397198703877914
chrM	7658	7659	0.000365783560641689
chrM	7659	7660	0.00517187336746421
chrM	7660	7661	0.0142969363707777
chrM	7661	7662	0.00121873675286138
chrM	7662	7663	0.00391617273497036
chrM	7663	7664	0.00232853513971211
chrM	7664	7665	0.0144927536231884
chrM	7665	7666	0.00519140010487677
chrM	7666	7667	0.00680663909105189
chrM	7667	7668	0.0068976328578147
chrM	7668	7669	0.00215098893027648
chrM	7669	7670	0.010478885046631
chrM	7670	7671	0.00567048199096923
chrM	7671	7672	0.0117893633743778
chrM	7672	7673	0.00337552742616034
chrM	7673	7674	0.00954188412673309
chrM	7674	7675	0.006353576534124
chrM	7675	7676	0.0141412001482972
chrM	7676	7677	0.00640854472630174
chrM	7677	7678	0.0139922910396536
chrM	7678	7679	0.0226683265898952
chrM	7679	7680	0.0160304166880748
chrM	7680	7681	0.0191305227997368
chrM	7681	7682	0.0247196611014204
chrM	7682	7683	0.0254968881750652
chrM	7683	7684	0.0044681834523137
chrM	7684	7685	0.00482620526775171
chrM	7685	7686	0.0133830515400725
chrM	7686	7687	0.0121689334287759
chrM	7687	7688	0.020644054108621
chrM	7688	7689	0.0259938837920489
chrM	7689	7690	0.00503430235427669
chrM	7690	7691	0.00232316741634126
chrM	7691	7692	0.00607677486290203
chrM	7692	7693	0.00871287128712871
chrM	7693	7694	0.00699127330424435
chrM	7694	7695	0.00153976059206278
chrM	7695	7696	0.00307341496059089
chrM	7696	7697	0.00168433567819281
chrM	7697	7698	0.0103163686382393
chrM	7698	7699	0.0134655583102426
chrM	7699	7700	0.00547401056048055
chrM	7700	7701	0.00256758066078868
chrM	7701	7702	0.0015517408592765
chrM	7702	7703	0.000581789973819451
chrM	7703	7704	0.00569003761211303
chrM	7704	7705	0.0107496058477856
chrM	7705	7706	0.00352885073915117
chrM	7706	7707	0.00752947861912203
chrM	7707	7708	0.000284171639670361
chrM	7708	7709	0.00113587959676274
chrM	7709	7710	0.00260145681581686
chrM	7710	7711	0.00672157531004449
chrM	7711	7712	0.00114160681158731
chrM	7712	7713	0.000570803405793655
chrM	7713	7714	0.00156941075759737
chrM	7714	7715	0.00161666111930008
chrM	7715	7716	0.00380390851600019
chrM	7716	7717	0.00104856775177542
chrM	7717	7718	0.00290531529815203
chrM	7718	7719	0.00209593674081837
chrM	7719	7720	0.00218735140275796
chrM	7720	7721	0.00337180035142708
chrM	7721	7722	0.00114079285103147
chrM	7722	7723	0.0144135657089025
chrM	7723	7724	0.00987619317644835
chrM	7724	7725	0.00658642911296437
chrM	7725	7726	0.0178757705073495
chrM	7726	7727	0.00110875433860393
chrM	7727	7728	0.0192444423377731
chrM	7728	7729	0.0029904590117245
chrM	7729	7730	0.000523087165343098
chrM	7730	7731	0.0275450210638396
chrM	7731	7732	0.0164779526834208
chrM	7732	7733	0.0222848826632709
chrM	7733	7734	0.00295360567092289
chrM	7734	7735	0.00372490233487781
chrM	7735	7736	0.00341048610795325
chrM	7736	7737	0.0021849963583394
chrM	7737	7738	0.00530660377358491
chrM	7738	7739	0.00729430953243929
chrM	7739	7740	0.00227386420482969
chrM	7740	7741	0.00880003610271222
chrM	7741	7742	0.00944451904570073
chrM	7742	7743	0.00604162004922802
chrM	7743	7744	0.00654092558577125
chrM	7744	7745	0.0124079446552109
chrM	7745	7746	0.0105723334968997
chrM	7746	7747	0.00246272332422872
chrM	7747	7748	0.00344611528822055
chrM	7748	7749	0.0398278186008087
chrM	7749	7750	0.00472627018511225
chrM	7750	7751	0.00328285038956491
chrM	7751	7752	0.00481569039488661
chrM	7752	7753	0.0084136722173532
chrM	7753	7754	0.00172086661077527
chrM	7754	7755	0.0024688092404003
chrM	7755	7756	0.0346438645980254
chrM	7756	7757	0.00682252342399709
chrM	7757	7758	0.002234382124943
chrM	7758	7759	0.00807622504537205
chrM	7759	7760	0.0199081859915458
chrM	7760	7761	0.0135488908280898
chrM	7761	7762	0.00738735431770212
chrM	7762	7763	0.00753355857912519
chrM	7763	7764	0.00509623697501934
chrM	7764	7765	0.00195623493016696
chrM	7765	7766	0.00426923426287583
chrM	7766	7767	0.00395364689843217
chrM	7767	7768	0.046472199278355
chrM	7768	7769	0.0309094763620946
chrM	7769	7770	0.017929705500398
chrM	7770	7771	0.00188426429947241
chrM	7771	7772	0.00213415909946855
chrM	7772	7773	0.00275712256663046
chrM	7773	7774	0.00570334290828858
chrM	7774	7775	0.00961818711745847
chrM	7775	7776	0.00100624711752128
chrM	7776	7777	0.0105914603754777
chrM	7777	7778	0.00677629947938187
chrM	7778	7779	0.00132209552140142
chrM	7779	7780	0.00925240562546262
chrM	7780	7781	0.0028447742733457
chrM	7781	7782	0.000784443251723711
chrM	7782	7783	0.000413069519600149
chrM	7783	7784	0.0044589405887453
chrM	7784	7785	0.0155611507821852
chrM	7785	7786	0.00096037412835609
chrM	7786	7787	8.3559640693545e-05
chrM	7787	7788	0.000668197953643767
chrM	7788	7789	0.00536382536382536
chrM	7789	7790	0.00236691304708911
chrM	7790	7791	0.00190728916162202
chrM	7791	7792	0.00380715911442168
chrM	7792	7793	0.000497326868084048
chrM	7793	7794	0.000704575596816976
chrM	7794	7795	0.00347121781891814
chrM	7795	7796	0.0104895104895105
chrM	7796	7797	0.00136420008267879
chrM	7797	7798	0.000620014053651883
chrM	7798	7799	0.00284536082474227
chrM	7799	7800	0.030577849117175
chrM	7800	7801	0.0238132724553255
chrM	7801	7802	0.00585853025596666
chrM	7802	7803	0.000709947148378954
chrM	7803	7804	0.00483053842830774
chrM	7804	7805	0.00543117258625405
chrM	7805	7806	0.00760397268777157
chrM	7806	7807	0.008595436324391
chrM	7807	7808	0.00909756755714891
chrM	7808	7809	0.000349419575261094
chrM	7809	7810	0.00108615539780441
chrM	7810	7811	0.00240412579006553
chrM	7811	7812	0.00730040385212799
chrM	7812	7813	0.0184130451743778
chrM	7813	7814	0.00122908571881691
chrM	7814	7815	0.00480292144643353
chrM	7815	7816	0.00127500199219061
chrM	7816	7817	0.0288587669435942
chrM	7817	7818	0.0240035146577203
chrM	7818	7819	0.00203853225677512
chrM	7819	7820	0.00358751544624706
chrM	7820	7821	0.00302897453270097
chrM	7821	7822	0.0133486039255954
chrM	7822	7823	0.0290989601866129
chrM	7823	7824	0.00174917626001708
chrM	7824	7825	0.00170884530881276
chrM	7825	7826	0.00260300158620409
chrM	7826	7827	0.0129619193301667
chrM	7827	7828	0.0145926876202694
chrM	7828	7829	0.00631067961165049
chrM	7829	7830	0.0105492027701723
chrM	7830	7831	0.00843123151922001
chrM	7831	7832	0.0496009122006842
chrM	7832	7833	0.00356533282761236
chrM	7833	7834	0.00144163283887856
chrM	7834	7835	0.000455390687260446
chrM	7835	7836	0.00502531549913096
chrM	7836	7837	0.00981420437518729
chrM	7837	7838	0.00254376776896603
chrM	7838	7839	0.00119626168224299
chrM	7839	7840	0.00561505280380782
chrM	7840	7841	0.00104035074682321
chrM	7841	7842	0.00133640210854555
chrM	7842	7843	0.00437571847072348
chrM	7843	7844	0.0127570945066389
chrM	7844	7845	0.00699484788086195
chrM	7845	7846	0.00320597442763927
chrM	7846	7847	0.0285048802129547
chrM	7847	7848	0.00952558139534884
chrM	7848	7849	0.0106858291756646
chrM	7849	7850	0.00662029977312456
chrM	7850	7851	0.0025295736924336
chrM	7851	7852	0.00773809523809524
chrM	7852	7853	0.0019824200486254
chrM	7853	7854	0.0107885663441219
chrM	7854	7855	0.00462329400451233
chrM	7855	7856	0.00573930318972812
chrM	7856	7857	0.00172844954398352
chrM	7857	7858	0.00330772906023742
chrM	7858	7859	0.00492556515346444
chrM	7859	7860	0.0213764714378566
chrM	7860	7861	0.0203582195424721
chrM	7861	7862	0.00319228177207108
chrM	7862	7863	0.00436000141788664
chrM	7863	7864	0.002168118002488
chrM	7864	7865	0.00390444752067582
chrM	7865	7866	0.00308970807585766
chrM	7866	7867	0.00078333630051629
chrM	7867	7868	0.00184961229280785
chrM	7868	7869	0.00167235980643325
chrM	7869	7870	0.000391975198660158
chrM	7870	7871	0.0108002138656211
chrM	7871	7872	0.00605056543974645
chrM	7872	7873	0.00456339864546739
chrM	7873	7874	0.000872505180499509
chrM	7874	7875	0.000581712415924377
chrM	7875	7876	0.00120034919249236
chrM	7876	7877	0.00262180467555167
chrM	7877	7878	0.00171589208134059
chrM	7878	7879	0.00815118064185978
chrM	7879	7880	0.00198909680271107
chrM	7880	7881	0.000922645408916445
chrM	7881	7882	0.00373065415727847
chrM	7882	7883	0.00066711140760507
chrM	7883	7884	0.00540640622107017
chrM	7884	7885	0.00174773166741038
chrM	7885	7886	0.00122895873677938
chrM	7886	7887	0.000484640620339994
chrM	7887	7888	0.000522173734661146
chrM	7888	7889	0.00490542197777695
chrM	7889	7890	0.00297508367422834
chrM	7890	7891	0.000298373862449649
chrM	7891	7892	0.000373036893348752
chrM	7892	7893	0.000522388059701492
chrM	7893	7894	0.000597237775289287
chrM	7894	7895	0.0246470983643289
chrM	7895	7896	0.000535946711584105
chrM	7896	7897	0.000497817262770927
chrM	7897	7898	0.000727718411275805
chrM	7898	7899	0.00145526960784314
chrM	7899	7900	0.00914867554738937
chrM	7900	7901	0.0084883092831237
chrM	7901	7902	0.00649827872974123
chrM	7902	7903	0.00660129709697344
chrM	7903	7904	0.00959840282576979
chrM	7904	7905	0.0107957579919127
chrM	7905	7906	0.00237229768509661
chrM	7906	7907	0.00386366244596611
chrM	7907	7908	0.00279950912716674
chrM	7908	7909	0.0011522507297588
chrM	7909	7910	0.00632111251580278
chrM	7910	7911	0.00107659181790218
chrM	7911	7912	0.00218910822643828
chrM	7912	7913	0.000921163736854226
chrM	7913	7914	0.00191879653081587
chrM	7914	7915	0.00532077782881641
chrM	7915	7916	0.0102029162066471
chrM	7916	7917	0.0223785644787067
chrM	7917	7918	0.0281079110462997
chrM	7918	7919	0.00379160742280069
chrM	7919	7920	0.00193586091021988
chrM	7920	7921	0.016100308922406
chrM	7921	7922	0.0130920432291289
chrM	7922	7923	0.004496500707111
chrM	7923	7924	0.00123690337601863
chrM	7924	7925	0.00112710878417685
chrM	7925	7926	0.00348558565100574
chrM	7926	7927	0.00384922652334955
chrM	7927	7928	0.0103399484816602
chrM	7928	7929	0.0396726821071089
chrM	7929	7930	0.00144470212523286
chrM	7930	7931	0.00190056256651969
chrM	7931	7932	0.0113273528964574
chrM	7932	7933	0.0525452158693116
chrM	7933	7934	0.00948228882833787
chrM	7934	7935	0.00549170788478324
chrM	7935	7936	0.00203962703962704
chrM	7936	7937	0.00316951437210827
chrM	7937	7938	0.0320828687551703
chrM	7938	7939	0.0033583996495583
chrM	7939	7940	0.000839538618776464
chrM	7940	7941	0.000438020148926851
chrM	7941	7942	0.012585647313379
chrM	7942	7943	0.00901126408010013
chrM	7943	7944	0.000964974982130093
chrM	7944	7945	0.00228416431707056
chrM	7945	7946	0.00504906841132129
chrM	7946	7947	0.0060471037555697
chrM	7947	7948	0.000495049504950495
chrM	7948	7949	0.00621908127208481
chrM	7949	7950	0.0180671673515658
chrM	7950	7951	0.00604694432517533
chrM	7951	7952	0.00278601278708433
chrM	7952	7953	0.00142765365122421
chrM	7953	7954	0.00708689458689459
chrM	7954	7955	0.00271914132379249
chrM	7955	7956	0.000538020086083214
chrM	7956	7957	0.000681541000071741
chrM	7957	7958	0.0203097862687414
chrM	7958	7959	0.00531649182901591
chrM	7959	7960	0.000286471388670057
chrM	7960	7961	0.00100250626566416
chrM	7961	7962	0.000609122505285033
chrM	7962	7963	0.00653734862287
chrM	7963	7964	0.000823841249373164
chrM	7964	7965	0.000931398889485939
chrM	7965	7966	0.00107430617726052
chrM	7966	7967	0.00103819854652203
chrM	7967	7968	0.00371920037192004
chrM	7968	7969	0.0113433049452516
chrM	7969	7970	0.018609841258414
chrM	7970	7971	0.00120481927710843
chrM	7971	7972	0.00116809636795036
chrM	7972	7973	0.0292177859726261
chrM	7973	7974	0.00244620129755025
chrM	7974	7975	0.00548672566371681
chrM	7975	7976	0.0126506236969504
chrM	7976	7977	0.0176023848392363
chrM	7977	7978	0.00308387420661957
chrM	7978	7979	0.00991197309096114
chrM	7979	7980	0.00471036640178347
chrM	7980	7981	0.00813827871804105
chrM	7981	7982	0.00881548647092689
chrM	7982	7983	0.00277078085642317
chrM	7983	7984	0.00572251214684182
chrM	7984	7985	0.00444155562777597
chrM	7985	7986	0.00134062828363346
chrM	7986	7987	0.113270387376318
chrM	7987	7988	0.00411629339124234
chrM	7988	7989	0.0339409968199994
chrM	7989	7990	0.00435070462498818
chrM	7990	7991	0.00692978864144644
chrM	7991	7992	0.00170670037926675
chrM	7992	7993	0.00126378313481407
chrM	7993	7994	0.009243829586543
chrM	7994	7995	0.00431088735053493
chrM	7995	7996	0.00601466073554289
chrM	7996	7997	0.00542800099825306
chrM	7997	7998	0.0211537273794083
chrM	7998	7999	0.00925262469235802
chrM	7999	8000	0.000973006905210295
chrM	8000	8001	0.0193169525575645
chrM	8001	8002	0.00463120195127976
chrM	8002	8003	0.00358245830759728
chrM	8003	8004	0.00136345325524465
chrM	8004	8005	0.00639175897483633
chrM	8005	8006	0.00646228771228771
chrM	8006	8007	0.00273215463367145
chrM	8007	8008	0.0045839874411303
chrM	8008	8009	0.00169838024846674
chrM	8009	8010	0.000157475355106926
chrM	8010	8011	6.29941100507103e-05
chrM	8011	8012	0.000629782410177284
chrM	8012	8013	0.00100768358735357
chrM	8013	8014	0.0154014029618083
chrM	8014	8015	0.0129421647014902
chrM	8015	8016	0.00380477155777327
chrM	8016	8017	0.00286461576784157
chrM	8017	8018	0.0027724129337736
chrM	8018	8019	0.0285314250155569
chrM	8019	8020	0.00891893607566813
chrM	8020	8021	0.00608202776716342
chrM	8021	8022	0.00554581673306773
chrM	8022	8023	0.000732834156444161
chrM	8023	8024	0.0028302486802773
chrM	8024	8025	0.0121622050744657
chrM	8025	8026	0.0192833999182107
chrM	8026	8027	0.0150201106083459
chrM	8027	8028	0.00143261914615899
chrM	8028	8029	0.00156050955414013
chrM	8029	8030	0.000510057700277344
chrM	8030	8031	0.000701172870984192
chrM	8031	8032	0.0223517675665565
chrM	8032	8033	0.00985571724287083
chrM	8033	8034	0.00185219485089831
chrM	8034	8035	0.00188033661107857
chrM	8035	8036	0.0229676639468117
chrM	8036	8037	0.0067649190625755
chrM	8037	8038	0.00260070158461352
chrM	8038	8039	0.00111924496339766
chrM	8039	8040	0.000876874697629415
chrM	8040	8041	0.000725206986160633
chrM	8041	8042	0.00331385190094595
chrM	8042	8043	0.00829202343397927
chrM	8043	8044	0.0023841139546113
chrM	8044	8045	0.000513672760235685
chrM	8045	8046	0.00193341792036735
chrM	8046	8047	0.00377153546751954
chrM	8047	8048	0.00603846502219136
chrM	8048	8049	0.00482695810564663
chrM	8049	8050	0.0012799414883891
chrM	8050	8051	0.00483620768318277
chrM	8051	8052	0.0109749405524053
chrM	8052	8053	0.00416024653312789
chrM	8053	8054	0.0185872456238016
chrM	8054	8055	0.00626811137709462
chrM	8055	8056	0.00155102557609521
chrM	8056	8057	0.00466435549952726
chrM	8057	8058	0.014481469947057
chrM	8058	8059	0.00439088191330344
chrM	8059	8060	0.000530189620758483
chrM	8060	8061	0.00221114917471193
chrM	8061	8062	0.008715953307393
chrM	8062	8063	0.00521614192903548
chrM	8063	8064	0.000281293952180028
chrM	8064	8065	0.00143673673361027
chrM	8065	8066	0.00115617773889132
chrM	8066	8067	0.000562798986961823
chrM	8067	8068	0.0244187117977701
chrM	8068	8069	0.00954661264082021
chrM	8069	8070	0.0421585160202361
chrM	8070	8071	0.00180971311596998
chrM	8071	8072	0.00195828264546183
chrM	8072	8073	0.00373211693966411
chrM	8073	8074	0.00536762320464801
chrM	8074	8075	0.00825350036845984
chrM	8075	8076	0.0027258451601434
chrM	8076	8077	0.00118486922005984
chrM	8077	8078	0.010244217447458
chrM	8078	8079	0.0120016392482876
chrM	8079	8080	0.0139812798022017
chrM	8080	8081	0.004455533772946
chrM	8081	8082	0.00628181845246956
chrM	8082	8083	0.000688334231160591
chrM	8083	8084	0.023862440051468
chrM	8084	8085	0.00557859688065892
chrM	8085	8086	0.00357268361251025
chrM	8086	8087	0.0029360815056226
chrM	8087	8088	0.00477809696898634
chrM	8088	8089	0.0697368421052632
chrM	8089	8090	0.0144110275689223
chrM	8090	8091	0.00401277536647285
chrM	8091	8092	0.00229426706361129
chrM	8092	8093	0.00161105346513025
chrM	8093	8094	0.000245921796868596
chrM	8094	8095	0.00458152663012354
chrM	8095	8096	0.00723194061621592
chrM	8096	8097	0.00090485330408555
chrM	8097	8098	0.00101378195468121
chrM	8098	8099	0.00963652650723418
chrM	8099	8100	0.00374664024108815
chrM	8100	8101	0.00144398430688753
chrM	8101	8102	0.00957222432534747
chrM	8102	8103	0.00218782918726197
chrM	8103	8104	0.00248078738034246
chrM	8104	8105	0.00245131050831021
chrM	8105	8106	0.0119641076769691
chrM	8106	8107	0.0131912458095991
chrM	8107	8108	0.00606726149622512
chrM	8108	8109	0.0196689067366006
chrM	8109	8110	0.0110160812643583
chrM	8110	8111	0.0167115606618658
chrM	8111	8112	0.00211631486367634
chrM	8112	8113	0.0119538222210093
chrM	8113	8114	0.0453388090349076
chrM	8114	8115	0.00769581575647019
chrM	8115	8116	0.011316344564164
chrM	8116	8117	0.00385522757350826
chrM	8117	8118	0.00847604220723058
chrM	8118	8119	0.0105095079111627
chrM	8119	8120	0.0185649335509443
chrM	8120	8121	0.0470335339638865
chrM	8121	8122	0.0215967834577829
chrM	8122	8123	0.00242214532871972
chrM	8123	8124	0.00719652264026023
chrM	8124	8125	0.0231824767749084
chrM	8125	8126	0.00317052270779777
chrM	8126	8127	0.018853058697732
chrM	8127	8128	0.00281206940187284
chrM	8128	8129	0.00326080845561365
chrM	8129	8130	0.0043675505086083
chrM	8130	8131	0.000848368304960127
chrM	8131	8132	0.0158156348847718
chrM	8132	8133	0.00283407763655101
chrM	8133	8134	0.00519465692430643
chrM	8134	8135	0.00122692384512226
chrM	8135	8136	0.00506963629631739
chrM	8136	8137	0.00999286224125625
chrM	8137	8138	0.0032536711776562
chrM	8138	8139	0.00481642776800392
chrM	8139	8140	0.00764680421295628
chrM	8140	8141	0.0098256735340729
chrM	8141	8142	0.00153334297699986
chrM	8142	8143	0.0154973882427636
chrM	8143	8144	0.00245312773786578
chrM	8144	8145	0.00336365497674691
chrM	8145	8146	0.00237404378791876
chrM	8146	8147	0.0130192369442742
chrM	8147	8148	0.00270000586957798
chrM	8148	8149	0.00429912555201357
chrM	8149	8150	0.0021050785018858
chrM	8150	8151	0.0039992993928071
chrM	8151	8152	0.00476162654825894
chrM	8152	8153	0.00155448012905118
chrM	8153	8154	0.00255176863964334
chrM	8154	8155	0.0012911555842479
chrM	8155	8156	0.000557364545747895
chrM	8156	8157	0.000440037549870922
chrM	8157	8158	0.00667794237723084
chrM	8158	8159	0.00444896772317534
chrM	8159	8160	0.00203393770339377
chrM	8160	8161	0.00180138299726887
chrM	8161	8162	0.0073546511627907
chrM	8162	8163	0.000935918809043316
chrM	8163	8164	0.00157899353782274
chrM	8164	8165	0.011478926314569
chrM	8165	8166	0.0126604332423486
chrM	8166	8167	0.000264526937659818
chrM	8167	8168	0.000352671486510316
chrM	8168	8169	0.00349209143997418
chrM	8169	8170	0.00331203470308928
chrM	8170	8171	0.00128971743463478
chrM	8171	8172	0.000645407340041658
chrM	8172	8173	0.000909490978436262
chrM	8173	8174	0.000557691743226981
chrM	8174	8175	0.00055790462767207
chrM	8175	8176	0.014069613746512
chrM	8176	8177	0.00771407297096054
chrM	8177	8178	3.00138063509214e-05
chrM	8178	8179	0.00191737319871776
chrM	8179	8180	0.000509286998202516
chrM	8180	8181	0.00278676734987415
chrM	8181	8182	0.00378196662264377
chrM	8182	8183	0.00174535824982697
chrM	8183	8184	0.00192573870132996
chrM	8184	8185	0.00252806452583742
chrM	8185	8186	0.0025304253524521
chrM	8186	8187	0.0084433990712261
chrM	8187	8188	0.00142831094633198
chrM	8188	8189	0.0104166666666667
chrM	8189	8190	0.000421458245529532
chrM	8190	8191	0.0018348623853211
chrM	8191	8192	0.00411646284666927
chrM	8192	8193	0.00213585223512424
chrM	8193	8194	0.00144395644064737
chrM	8194	8195	0.00491709891164213
chrM	8195	8196	0.0103843399379327
chrM	8196	8197	0.00942610764198632
chrM	8197	8198	0.0050629895464157
chrM	8198	8199	0.00167429066881933
chrM	8199	8200	0.00305042167593756
chrM	8200	8201	0.0111827312247039
chrM	8201	8202	0.00214956100514684
chrM	8202	8203	0.0109998801102985
chrM	8203	8204	0.0230521113840144
chrM	8204	8205	0.0115873819665783
chrM	8205	8206	0.0199445329556854
chrM	8206	8207	0.0125951271311427
chrM	8207	8208	0.00413899889825209
chrM	8208	8209	0.0291338353734772
chrM	8209	8210	0.0128436626281454
chrM	8210	8211	0.0104915541527851
chrM	8211	8212	0.00447041636230825
chrM	8212	8213	0.00175695461200586
chrM	8213	8214	0.00747296544852446
chrM	8214	8215	0.0547880505372535
chrM	8215	8216	0.0450557342242483
chrM	8216	8217	0.00620935324683813
chrM	8217	8218	0.00433753943217666
chrM	8218	8219	0.00955341076394569
chrM	8219	8220	0.0418319738470816
chrM	8220	8221	0.00323334507154976
chrM	8221	8222	0.001313302796374
chrM	8222	8223	0.024584909289057
chrM	8223	8224	0.00390907299126207
chrM	8224	8225	0.00956230283911672
chrM	8225	8226	0.0014213466433081
chrM	8226	8227	0.0130010126416882
chrM	8227	8228	0.00218468762227729
chrM	8228	8229	0.00188918927722224
chrM	8229	8230	0.000781962726443373
chrM	8230	8231	0.00439725090387935
chrM	8231	8232	0.00434257354621739
chrM	8232	8233	0.0158366599044565
chrM	8233	8234	0.00292019246723079
chrM	8234	8235	0.00119633125083079
chrM	8235	8236	0.0129205832530641
chrM	8236	8237	0.00157861149363517
chrM	8237	8238	0.00174731182795699
chrM	8238	8239	0.00114343366403229
chrM	8239	8240	0.00131088030654432
chrM	8240	8241	0.000974691627735018
chrM	8241	8242	0.000773395204949729
chrM	8242	8243	0.00275843509267669
chrM	8243	8244	0.00178661722568684
chrM	8244	8245	0.0034015896537788
chrM	8245	8246	0.001885458402074
chrM	8246	8247	0.000942443621676203
chrM	8247	8248	0.000673083395032645
chrM	8248	8249	0.00033655302392892
chrM	8249	8250	0.00104285810401669
chrM	8250	8251	0.00535726243889372
chrM	8251	8252	0.00364987945352264
chrM	8252	8253	0.000671772134891845
chrM	8253	8254	0.000839405029714938
chrM	8254	8255	0.00348490433267433
chrM	8255	8256	0.00385802469135802
chrM	8256	8257	0.000774567252643632
chrM	8257	8258	0.000876128858336703
chrM	8258	8259	0.000134879956838414
chrM	8259	8260	0.000101166790314966
chrM	8260	8261	0.00114632501685772
chrM	8261	8262	0.0269276193689894
chrM	8262	8263	0.000346692553043961
chrM	8263	8264	0.000416059912627418
chrM	8264	8265	0.00794228835015434
chrM	8265	8266	0.00220179638625799
chrM	8266	8267	0.0132002801120448
chrM	8267	8268	0.000248350244802384
chrM	8268	8269	0.000461123723041998
chrM	8269	8270	0.00159585786225973
chrM	8270	8271	0.000958398409768565
chrM	8271	8272	0.0056820199580951
chrM	8272	8273	0.000428510212826739
chrM	8273	8274	0.000749919651465914
chrM	8274	8275	0.00346502822033293
chrM	8275	8276	0.000322545962799699
chrM	8276	8277	0.00499464859079558
chrM	8277	8278	0.046242774566474
chrM	8278	8279	0.000299266796348945
chrM	8279	8280	0.000299356383774884
chrM	8280	8281	0.00194618062053221
chrM	8281	8282	0.00498444702619646
chrM	8282	8283	0.000112926296770308
chrM	8283	8284	0.000902696806710046
chrM	8284	8285	0.00367426514697061
chrM	8285	8286	0.00679307255897283
chrM	8286	8287	0.0062188128398004
chrM	8287	8288	0.013804078309463
chrM	8288	8289	0.0057760663507109
chrM	8289	8290	0.00429565990223671
chrM	8290	8291	0.0127945880363249
chrM	8291	8292	0.0244647192995365
chrM	8292	8293	0.0773096925063698
chrM	8293	8294	0.0314775910364146
chrM	8294	8295	0.0141282243390774
chrM	8295	8296	0.0119161953544623
chrM	8296	8297	0.00311559948431457
chrM	8297	8298	0.00850498815761143
chrM	8298	8299	0.00527456647398844
chrM	8299	8300	0.0430530494406351
chrM	8300	8301	0.00771007151370679
chrM	8301	8302	0.0172445558052986
chrM	8302	8303	0.00859004739336493
chrM	8303	8304	0.0315330426031533
chrM	8304	8305	0.0428167291077299
chrM	8305	8306	0.00600031580609506
chrM	8306	8307	0.0103234416705919
chrM	8307	8308	0.000788115222445522
chrM	8308	8309	0.00126033871602993
chrM	8309	8310	0.00145663556552892
chrM	8310	8311	0.00645994832041344
chrM	8311	8312	0.0105463885429639
chrM	8312	8313	0.00579518494029793
chrM	8313	8314	0.0046316117230374
chrM	8314	8315	0.00148431701886645
chrM	8315	8316	0.0165983206404999
chrM	8316	8317	0.0199588965299186
chrM	8317	8318	0.00501786359439605
chrM	8318	8319	0.00229690522243714
chrM	8319	8320	0.00221604415971635
chrM	8320	8321	0.00225588140509185
chrM	8321	8322	0.00201661692344922
chrM	8322	8323	0.00613472171772208
chrM	8323	8324	0.022636161166228
chrM	8324	8325	0.000661512382684913
chrM	8325	8326	0.00252243311417111
chrM	8326	8327	0.00842140026420079
chrM	8327	8328	0.00534870221411394
chrM	8328	8329	0.00112509375781315
chrM	8329	8330	0.00133405594697128
chrM	8330	8331	0.00229319546364243
chrM	8331	8332	0.00296364319405602
chrM	8332	8333	0.00430836156774167
chrM	8333	8334	0.00642925729553709
chrM	8334	8335	0.0145934102277895
chrM	8335	8336	0.00227913144372617
chrM	8336	8337	0.00335362066823997
chrM	8337	8338	0.0072977653170611
chrM	8338	8339	0.0203028927495564
chrM	8339	8340	0.000336884659114836
chrM	8340	8341	0.000799764280001684
chrM	8341	8342	0.0401262033816034
chrM	8342	8343	0.00258523186298271
chrM	8343	8344	0.00225861095426313
chrM	8344	8345	0.00741423533183713
chrM	8345	8346	0.00332039844781374
chrM	8346	8347	0.0014009526478005
chrM	8347	8348	0.00392596747055524
chrM	8348	8349	0.00895942145439936
chrM	8349	8350	0.0142007525185095
chrM	8350	8351	0.00188331627430911
chrM	8351	8352	0.00850215604914165
chrM	8352	8353	0.0364984317080125
chrM	8353	8354	0.00650805054304188
chrM	8354	8355	0.00318511912345522
chrM	8355	8356	0.00242357243080063
chrM	8356	8357	0.0114397084992797
chrM	8357	8358	0.00882428169494416
chrM	8358	8359	0.00347968038491279
chrM	8359	8360	0.0191115702479339
chrM	8360	8361	0.00749539756289997
chrM	8361	8362	0.0445500968480366
chrM	8362	8363	0.00780675973548861
chrM	8363	8364	0.0151556651145805
chrM	8364	8365	0.000777533845590926
chrM	8365	8366	0.0391130274099168
chrM	8366	8367	0.00650806912624775
chrM	8367	8368	0.0105429625724829
chrM	8368	8369	0.018727744317932
chrM	8369	8370	0.0100195070047881
chrM	8370	8371	0.0316855683490607
chrM	8371	8372	0.0149312036112678
chrM	8372	8373	0.0418181040749134
chrM	8373	8374	0.0145654147037213
chrM	8374	8375	0.00462195866399233
chrM	8375	8376	0.00192131347976071
chrM	8376	8377	0.0027082514305683
chrM	8377	8378	0.00622551153678711
chrM	8378	8379	0.00303977766197672
chrM	8379	8380	0.00918855959622104
chrM	8380	8381	0.00168641356049468
chrM	8381	8382	0.00397425374746209
chrM	8382	8383	0.0145224671108833
chrM	8383	8384	0.00346568543556392
chrM	8384	8385	0.00270258676161469
chrM	8385	8386	0.00355948194527833
chrM	8386	8387	0.0100936657970147
chrM	8387	8388	0.00441321393375894
chrM	8388	8389	0.0152091254752852
chrM	8389	8390	0.0246676143490258
chrM	8390	8391	0.0159227683049147
chrM	8391	8392	0.0068758594824353
chrM	8392	8393	0.00469893546240852
chrM	8393	8394	0.00770728877470683
chrM	8394	8395	0.0273264401772526
chrM	8395	8396	0.00414903327524687
chrM	8396	8397	0.00120421891869446
chrM	8397	8398	0.00360412610298687
chrM	8398	8399	0.0161017299038025
chrM	8399	8400	0.00279901407862305
chrM	8400	8401	0.00851081496242787
chrM	8401	8402	0.0061449034668881
chrM	8402	8403	0.000793087615310765
chrM	8403	8404	0.000792955218897375
chrM	8404	8405	0.00104371059992485
chrM	8405	8406	0.0159821132825439
chrM	8406	8407	0.0164350503453441
chrM	8407	8408	0.00458561211611275
chrM	8408	8409	0.0077798226535051
chrM	8409	8410	0.00522968789222659
chrM	8410	8411	0.00577212648485862
chrM	8411	8412	0.0562425044456391
chrM	8412	8413	0.00466482377332412
chrM	8413	8414	0.00397476885855007
chrM	8414	8415	0.00512621693805462
chrM	8415	8416	0.00408110662428044
chrM	8416	8417	0.000558395257935656
chrM	8417	8418	0.0126872321466457
chrM	8418	8419	0.00309545011236908
chrM	8419	8420	0.00246200865947873
chrM	8420	8421	0.00127366901587841
chrM	8421	8422	0.00330971273390758
chrM	8422	8423	0.00466516815810679
chrM	8423	8424	0.00135869565217391
chrM	8424	8425	0.0045292922451744
chrM	8425	8426	0.00253721244925575
chrM	8426	8427	0.00406280418130264
chrM	8427	8428	0.00127388535031847
chrM	8428	8429	0.00305563807664559
chrM	8429	8430	0.00539255233323426
chrM	8430	8431	0.00736445591907563
chrM	8431	8432	0.00655280290859897
chrM	8432	8433	0.00734332137581768
chrM	8433	8434	0.0121268263926902
chrM	8434	8435	0.00118986911439742
chrM	8435	8436	0.00465943747882074
chrM	8436	8437	0.0163387655154944
chrM	8437	8438	0.00085437224998932
chrM	8438	8439	0.000683293474547318
chrM	8439	8440	0.0109298949705405
chrM	8440	8441	0.00219723407005299
chrM	8441	8442	0.0219285070591769
chrM	8442	8443	0.00248420135105688
chrM	8443	8444	0.00474697326016897
chrM	8444	8445	0.00196506550218341
chrM	8445	8446	0.00548088216103354
chrM	8446	8447	0.00369677728004175
chrM	8447	8448	0.0055982293972139
chrM	8448	8449	0.00559920135422544
chrM	8449	8450	0.00113388573920628
chrM	8450	8451	0.00104684637529443
chrM	8451	8452	0.00283150374629726
chrM	8452	8453	0.00339440358588276
chrM	8453	8454	0.00130741741479997
chrM	8454	8455	0.000566992323796232
chrM	8455	8456	0.00226470972518619
chrM	8456	8457	0.00104575163398693
chrM	8457	8458	0.00940085777411948
chrM	8458	8459	0.00446583420048561
chrM	8459	8460	0.00562916774919893
chrM	8460	8461	0.0019501625135428
chrM	8461	8462	0.00251267166312871
chrM	8462	8463	0.00619637750238322
chrM	8463	8464	0.00757476818597362
chrM	8464	8465	0.00162010683947806
chrM	8465	8466	0.000306627535152657
chrM	8466	8467	0.00109481059776659
chrM	8467	8468	0.00271417939850282
chrM	8468	8469	0.0069392921049186
chrM	8469	8470	0.00673047506664918
chrM	8470	8471	0.0027246758954076
chrM	8471	8472	0.0216821122573877
chrM	8472	8473	0.00610187477891758
chrM	8473	8474	0.0159918490298574
chrM	8474	8475	0.00354705459770115
chrM	8475	8476	0.00184410560877974
chrM	8476	8477	0.00318828865238673
chrM	8477	8478	0.00779996434302015
chrM	8478	8479	0.00511361109875939
chrM	8479	8480	0.00541668516627448
chrM	8480	8481	0.00119904076738609
chrM	8481	8482	0.00168574217017124
chrM	8482	8483	0.00287674264217747
chrM	8483	8484	0.0150455325326646
chrM	8484	8485	0.00243567601080554
chrM	8485	8486	0.0140672782874618
chrM	8486	8487	0.0027534965034965
chrM	8487	8488	0.0025792349726776
chrM	8488	8489	0.00170476898194693
chrM	8489	8490	0.00244808743169399
chrM	8490	8491	0.00340849501835343
chrM	8491	8492	0.00227193289059769
chrM	8492	8493	0.00611647516274193
chrM	8493	8494	0.00575343669023673
chrM	8494	8495	0.00410161418364647
chrM	8495	8496	0.000752179107119154
chrM	8496	8497	0.000531255533911812
chrM	8497	8498	0.000708528916836418
chrM	8498	8499	0.00137289636846767
chrM	8499	8500	0.00517905360541809
chrM	8500	8501	0.0018189884649512
chrM	8501	8502	0.0334087581525356
chrM	8502	8503	0.0112421419721929
chrM	8503	8504	0.0051796697960505
chrM	8504	8505	0.0039805600555427
chrM	8505	8506	0.000928160386114721
chrM	8506	8507	0.0032963461627745
chrM	8507	8508	0.0047967214641643
chrM	8508	8509	0.00374269005847953
chrM	8509	8510	0.00515657228576786
chrM	8510	8511	0.00879710213106271
chrM	8511	8512	0.000474563401670463
chrM	8512	8513	0.000569476082004556
chrM	8513	8514	0.00132739167535792
chrM	8514	8515	0.00113695580084324
chrM	8515	8516	0.00255778704054566
chrM	8516	8517	0.00811503416856492
chrM	8517	8518	0.000669568128557081
chrM	8518	8519	0.00238766057017334
chrM	8519	8520	0.00594841534215285
chrM	8520	8521	0.00619372052027252
chrM	8521	8522	0.00647403246536869
chrM	8522	8523	0.00464587086375273
chrM	8523	8524	0.00424949242173851
chrM	8524	8525	0.00362728471829659
chrM	8525	8526	0.00339318535274989
chrM	8526	8527	0.00760582010582011
chrM	8527	8528	0.00384980988593156
chrM	8528	8529	0.00573405364420434
chrM	8529	8530	0.0172732005110974
chrM	8530	8531	0.00599462881258392
chrM	8531	8532	0.00555821753713464
chrM	8532	8533	0.00297062910258253
chrM	8533	8534	0.000767828006526538
chrM	8534	8535	0.00168051087530609
chrM	8535	8536	0.00206691020957508
chrM	8536	8537	0.0414941754115722
chrM	8537	8538	0.00170631335942989
chrM	8538	8539	0.00401868689405737
chrM	8539	8540	0.00982219311942779
chrM	8540	8541	0.00314656922452294
chrM	8541	8542	0.00167768174885613
chrM	8542	8543	0.0619481976488952
chrM	8543	8544	0.0173170852040061
chrM	8544	8545	0.0365953354171676
chrM	8545	8546	0.00327916284901384
chrM	8546	8547	0.0396574194749581
chrM	8547	8548	0.00986202426150569
chrM	8548	8549	0.00476873929348581
chrM	8549	8550	0.031788139022526
chrM	8550	8551	0.00246969016614279
chrM	8551	8552	0.00447267197423741
chrM	8552	8553	0.000357813757938993
chrM	8553	8554	0.00723961803242283
chrM	8554	8555	0.00517401494715429
chrM	8555	8556	0.00150296171868093
chrM	8556	8557	0.0124109601013853
chrM	8557	8558	0.000612075372710182
chrM	8558	8559	0.0119773425001081
chrM	8559	8560	0.00370817523283891
chrM	8560	8561	0.00258486989488196
chrM	8561	8562	0.00429793269437401
chrM	8562	8563	0.000515840605252977
chrM	8563	8564	0.00472244880436183
chrM	8564	8565	0.00510116598079561
chrM	8565	8566	0.00698371893744644
chrM	8566	8567	0.000344842450105608
chrM	8567	8568	0.00297272844771875
chrM	8568	8569	0.00892741622460862
chrM	8569	8570	0.00260337571050462
chrM	8570	8571	0.0183705376530878
chrM	8571	8572	0.00207900207900208
chrM	8572	8573	0.00602703301573233
chrM	8573	8574	0.00499286733238231
chrM	8574	8575	0.00885507052907934
chrM	8575	8576	0.00527880051457215
chrM	8576	8577	0.0612244897959184
chrM	8577	8578	0.0353723762865747
chrM	8578	8579	0.0106082364385973
chrM	8579	8580	0.0170074349442379
chrM	8580	8581	0.0102448423328164
chrM	8581	8582	0.0350506950497775
chrM	8582	8583	0.00225401352408114
chrM	8583	8584	0.0554344033496162
chrM	8584	8585	0.00988339329836577
chrM	8585	8586	0.0172251264032908
chrM	8586	8587	0.0163772775991426
chrM	8587	8588	0.00282081326216204
chrM	8588	8589	0.00230024738509613
chrM	8589	8590	0.00272928128926049
chrM	8590	8591	0.0129219973471396
chrM	8591	8592	0.00718415235504166
chrM	8592	8593	0.00693387451378319
chrM	8593	8594	0.00118478398849067
chrM	8594	8595	0.000465726745416825
chrM	8595	8596	0.00627712010784851
chrM	8596	8597	0.00593109830479956
chrM	8597	8598	0.00029535864978903
chrM	8598	8599	0.000717057533322085
chrM	8599	8600	0.000969850305713683
chrM	8600	8601	0.00172747956518075
chrM	8601	8602	0.0136917890881851
chrM	8602	8603	0.0137820380960217
chrM	8603	8604	0.00732525781633655
chrM	8604	8605	0.00135007977744139
chrM	8605	8606	0.00236918426534864
chrM	8606	8607	0.00155121035228804
chrM	8607	8608	0.00419671596789309
chrM	8608	8609	0.00370581527936146
chrM	8609	8610	0.000937818552497452
chrM	8610	8611	0.0011821294635578
chrM	8611	8612	0.0016290624745459
chrM	8612	8613	0.00631261708886536
chrM	8613	8614	0.0028254371237869
chrM	8614	8615	0.00856276630612914
chrM	8615	8616	0.00045355213787985
chrM	8616	8617	0.000700799736169511
chrM	8617	8618	0.00251390892231609
chrM	8618	8619	0.00359014566912887
chrM	8619	8620	0.0577185651040589
chrM	8620	8621	0.00603225947458146
chrM	8621	8622	0.0086941325527546
chrM	8622	8623	0.00759771629336847
chrM	8623	8624	0.00543238229838354
chrM	8624	8625	0.0046519870630455
chrM	8625	8626	0.00837543206593991
chrM	8626	8627	0.00351893095768374
chrM	8627	8628	0.00383039372884376
chrM	8628	8629	0.0126068941197214
chrM	8629	8630	0.00193977868888595
chrM	8630	8631	0.00593719764271264
chrM	8631	8632	0.00321912069497729
chrM	8632	8633	0.0042380363764789
chrM	8633	8634	0.00812758105614621
chrM	8634	8635	0.0243399871216999
chrM	8635	8636	0.013109329260532
chrM	8636	8637	0.00490444782682226
chrM	8637	8638	0.00921523248474648
chrM	8638	8639	0.00122321579213768
chrM	8639	8640	0.00602968460111317
chrM	8640	8641	0.00169520257670792
chrM	8641	8642	0.00879158037110613
chrM	8642	8643	0.0031410501294622
chrM	8643	8644	0.000935851624978731
chrM	8644	8645	0.0151882578174856
chrM	8645	8646	0.00426246447946267
chrM	8646	8647	0.00237028098603689
chrM	8647	8648	0.00427221335174557
chrM	8648	8649	0.00129881375010823
chrM	8649	8650	0.048874358549909
chrM	8650	8651	0.0104599925874068
chrM	8651	8652	0.0040828109534807
chrM	8652	8653	0.00458280004954378
chrM	8653	8654	0.0111033144838403
chrM	8654	8655	0.00391454628742764
chrM	8655	8656	0.00116924875767319
chrM	8656	8657	0.00221359061103454
chrM	8657	8658	0.00167259042441982
chrM	8658	8659	0.00300663966258822
chrM	8659	8660	0.00250166777851901
chrM	8660	8661	0.0145649043406706
chrM	8661	8662	0.00621527063181725
chrM	8662	8663	0.00485976689592686
chrM	8663	8664	0.0114895363151416
chrM	8664	8665	0.0111729557174429
chrM	8665	8666	0.0315134648440697
chrM	8666	8667	0.00156019397006114
chrM	8667	8668	0.00446917952609832
chrM	8668	8669	0.00299805759648678
chrM	8669	8670	0.00911994620492561
chrM	8670	8671	0.0147641489761021
chrM	8671	8672	0.00811857279653608
chrM	8672	8673	0.00154398264062761
chrM	8673	8674	0.00361942006073969
chrM	8674	8675	0.00573184914437614
chrM	8675	8676	0.00191610780189112
chrM	8676	8677	0.0122484328604421
chrM	8677	8678	0.00363396101750909
chrM	8678	8679	0.00231510190582496
chrM	8679	8680	0.0056778440650072
chrM	8680	8681	0.00993635803736399
chrM	8681	8682	0.00827466963072743
chrM	8682	8683	0.0183033712445477
chrM	8683	8684	0.0150040883074407
chrM	8684	8685	0.00281456953642384
chrM	8685	8686	0.0156671848155117
chrM	8686	8687	0.0111692987480566
chrM	8687	8688	0.00613951955169146
chrM	8688	8689	0.00115712042317547
chrM	8689	8690	0.00452637642992346
chrM	8690	8691	0.021216521458535
chrM	8691	8692	0.00814084055181264
chrM	8692	8693	0.00260343653622782
chrM	8693	8694	0.00367867567675637
chrM	8694	8695	0.00841676971558498
chrM	8695	8696	0.00068092605944084
chrM	8696	8697	0.0169438095988652
chrM	8697	8698	0.00638071605813541
chrM	8698	8699	0.00484920165582496
chrM	8699	8700	0.00247826600055073
chrM	8700	8701	0.0319177299561988
chrM	8701	8702	0.00224633542737483
chrM	8702	8703	0.00045766590389016
chrM	8703	8704	0.00209635615185242
chrM	8704	8705	0.00331075424309308
chrM	8705	8706	0.00665834373699542
chrM	8706	8707	0.00575794068944754
chrM	8707	8708	0.00218135319116928
chrM	8708	8709	0.000677659814772984
chrM	8709	8710	0.000827939184103568
chrM	8710	8711	0.00754970847660338
chrM	8711	8712	0.00403828896201017
chrM	8712	8713	0.00172601403324453
chrM	8713	8714	0.000300559792613743
chrM	8714	8715	0.00165245803132159
chrM	8715	8716	0.0058013324350625
chrM	8716	8717	0.0310277715397859
chrM	8717	8718	0.016091247743769
chrM	8718	8719	0.00625412733558637
chrM	8719	8720	0.00579293184557366
chrM	8720	8721	0.00800278357689631
chrM	8721	8722	0.0419286431786897
chrM	8722	8723	0.0723584731698322
chrM	8723	8724	0.00776014109347443
chrM	8724	8725	0.0077209484616892
chrM	8725	8726	0.00938912264297959
chrM	8726	8727	0.0432170615401945
chrM	8727	8728	0.0312801484230056
chrM	8728	8729	0.0274145616641902
chrM	8729	8730	0.0082078313253012
chrM	8730	8731	0.00849975553800444
chrM	8731	8732	0.0415982689150873
chrM	8732	8733	0.0327599102468212
chrM	8733	8734	0.00589508245653309
chrM	8734	8735	0.000896090803868125
chrM	8735	8736	0.000858465213496566
chrM	8736	8737	0.00697329376854599
chrM	8737	8738	0.00763387066889012
chrM	8738	8739	0.00342669845053635
chrM	8739	8740	0.0042910447761194
chrM	8740	8741	0.000861068473662536
chrM	8741	8742	0.00280227170826483
chrM	8742	8743	0.0107121528814572
chrM	8743	8744	0.00481927710843374
chrM	8744	8745	0.00483840483840484
chrM	8745	8746	0.000683008271989072
chrM	8746	8747	0.0073474001507159
chrM	8747	8748	0.00214551887680205
chrM	8748	8749	0.00116743240189802
chrM	8749	8750	0.00312700146931394
chrM	8750	8751	0.0011703854721184
chrM	8751	8752	0.00690379708839862
chrM	8752	8753	0.000863039399624765
chrM	8753	8754	0.00453642259963259
chrM	8754	8755	0.00176539082748
chrM	8755	8756	0.0010515642017501
chrM	8756	8757	0.00277746500018767
chrM	8757	8758	0.00326736019829496
chrM	8758	8759	0.014859287054409
chrM	8759	8760	0.00220055393254164
chrM	8760	8761	0.00170797434242988
chrM	8761	8762	0.00280994873742168
chrM	8762	8763	0.000837042955522581
chrM	8763	8764	0.015655874753002
chrM	8764	8765	0.00242624971116075
chrM	8765	8766	0.00134890353412726
chrM	8766	8767	0.00335402289988049
chrM	8767	8768	0.00838744588744589
chrM	8768	8769	0.00658202212182583
chrM	8769	8770	0.000744601638123604
chrM	8770	8771	0.00782840144042586
chrM	8771	8772	0.0324707496474713
chrM	8772	8773	0.0174183398261912
chrM	8773	8774	0.00362251185719087
chrM	8774	8775	0.000747104968248039
chrM	8775	8776	0.00227679904449089
chrM	8776	8777	0.0127522732313151
chrM	8777	8778	0.00196158259002924
chrM	8778	8779	0.00834006907193769
chrM	8779	8780	0.00457239007974248
chrM	8780	8781	0.00219122050982397
chrM	8781	8782	0.000219186088989552
chrM	8782	8783	0.00102279368790181
chrM	8783	8784	0.00514692462128126
chrM	8784	8785	0.00570509069631363
chrM	8785	8786	3.67161110295198e-05
chrM	8786	8787	0.0022713118657728
chrM	8787	8788	0.00380687433654233
chrM	8788	8789	0.00209220378799002
chrM	8789	8790	0.000588256921210339
chrM	8790	8791	0.0011399992645166
chrM	8791	8792	0.00231898995104355
chrM	8792	8793	0.000368881183370836
chrM	8793	8794	0.000405724402478607
chrM	8794	8795	0.00331186752529899
chrM	8795	8796	0.00176665439823335
chrM	8796	8797	0.000405126694166176
chrM	8797	8798	7.36593989393047e-05
chrM	8798	8799	0.000809895449860109
chrM	8799	8800	0.00268520562053998
chrM	8800	8801	0.00243129742871878
chrM	8801	8802	0.000553791626670605
chrM	8802	8803	0.0009970826101407
chrM	8803	8804	0.000406519087918992
chrM	8804	8805	0.00014786884033862
chrM	8805	8806	0.00357656428597766
chrM	8806	8807	0.012572604955518
chrM	8807	8808	0.000815358387072863
chrM	8808	8809	0.00251423500702507
chrM	8809	8810	0.00239763924751014
chrM	8810	8811	0.00173086838034912
chrM	8811	8812	0.000699609691435305
chrM	8812	8813	0.000920471281296024
chrM	8813	8814	0.00161806347221711
chrM	8814	8815	0.0355419977298524
chrM	8815	8816	0.00180889550968291
chrM	8816	8817	0.00127899953813906
chrM	8817	8818	0.00248782741585812
chrM	8818	8819	0.00160039832135998
chrM	8819	8820	0.00294859497673097
chrM	8820	8821	0.00248341433994395
chrM	8821	8822	0.0213534252282907
chrM	8822	8823	0.00760363863620582
chrM	8823	8824	0.00178415252754941
chrM	8824	8825	0.00199733688415446
chrM	8825	8826	0.00346541584990199
chrM	8826	8827	0.0105145881206044
chrM	8827	8828	0.0065352661035214
chrM	8828	8829	0.0021516571230262
chrM	8829	8830	0.00902141725776462
chrM	8830	8831	0.00925894055691323
chrM	8831	8832	0.112732590702595
chrM	8832	8833	0.0137467830016948
chrM	8833	8834	0.00285360981641777
chrM	8834	8835	0.00655427761146999
chrM	8835	8836	0.000819026618365097
chrM	8836	8837	0.00367450771018498
chrM	8837	8838	0.00141211912009289
chrM	8838	8839	0.00580614952395817
chrM	8839	8840	0.00267829336655248
chrM	8840	8841	0.00468231573072033
chrM	8841	8842	0.00213648749071092
chrM	8842	8843	0.00167260337618089
chrM	8843	8844	0.00742566630719458
chrM	8844	8845	0.0267958950969213
chrM	8845	8846	0.00359723013279775
chrM	8846	8847	0.00612397311426438
chrM	8847	8848	0.0050586204844373
chrM	8848	8849	0.00371603543611392
chrM	8849	8850	0.0130654761904762
chrM	8850	8851	0.0071664167916042
chrM	8851	8852	0.0118983234180638
chrM	8852	8853	0.00291740108186957
chrM	8853	8854	0.00638639183994673
chrM	8854	8855	0.00477644426977841
chrM	8855	8856	0.00378707546883994
chrM	8856	8857	0.00282417248709384
chrM	8857	8858	0.00493090643452852
chrM	8858	8859	0.000489117143555882
chrM	8859	8860	0.00268981538085341
chrM	8860	8861	0.00119419437810031
chrM	8861	8862	0.00260193461491368
chrM	8862	8863	0.00113409961685824
chrM	8863	8864	0.000184049079754601
chrM	8864	8865	0.00193263390392049
chrM	8865	8866	0.000184377112654416
chrM	8866	8867	0.0115833637358628
chrM	8867	8868	0.119709989258861
chrM	8868	8869	0.0268175151896082
chrM	8869	8870	0.00217021832919336
chrM	8870	8871	0.00222042266398474
chrM	8871	8872	0.00549307508070395
chrM	8872	8873	0.00555252847616824
chrM	8873	8874	0.000519318653926049
chrM	8874	8875	0.00324279451059745
chrM	8875	8876	0.0025668282817807
chrM	8876	8877	0.00152758718898066
chrM	8877	8878	0.00124204316099984
chrM	8878	8879	0.00446313399721377
chrM	8879	8880	0.0112490002322041
chrM	8880	8881	0.000625407166123778
chrM	8881	8882	0.000859330243216499
chrM	8882	8883	0.00200155965687549
chrM	8883	8884	0.00389478877262223
chrM	8884	8885	0.0105138380662784
chrM	8885	8886	0.00144181256436663
chrM	8886	8887	0.000308951880744574
chrM	8887	8888	0.000900506856716495
chrM	8888	8889	0.00110591018980505
chrM	8889	8890	0.00156913183279743
chrM	8890	8891	0.00468721831620696
chrM	8891	8892	0.000646830530401035
chrM	8892	8893	0.000491883915395967
chrM	8893	8894	0.00137238147026075
chrM	8894	8895	0.000881194277420693
chrM	8895	8896	0.000337049520352606
chrM	8896	8897	0.000233293587018508
chrM	8897	8898	0.0228994097829116
chrM	8898	8899	0.0107665805340224
chrM	8899	8900	0.00276554337806002
chrM	8900	8901	0.00166705137082917
chrM	8901	8902	0.000436065153264076
chrM	8902	8903	0.00376450101154959
chrM	8903	8904	0.000898103718149393
chrM	8904	8905	0.000462119072681061
chrM	8905	8906	0.00729294165646675
chrM	8906	8907	0.00117302052785924
chrM	8907	8908	0.0044628057021906
chrM	8908	8909	0.00577340656533401
chrM	8909	8910	0.0049991027251519
chrM	8910	8911	0.00441195331537771
chrM	8911	8912	0.000794912559618442
chrM	8912	8913	0.0124866486953868
chrM	8913	8914	0.00214274781898883
chrM	8914	8915	0.0013279873330439
chrM	8915	8916	5.11404316252429e-05
chrM	8916	8917	0.00115048320294524
chrM	8917	8918	0.013894930781238
chrM	8918	8919	0.000492751368033403
chrM	8919	8920	0.00114099006820009
chrM	8920	8921	0.000103831377842384
chrM	8921	8922	0.000623020611598567
chrM	8922	8923	0.000519467026830472
chrM	8923	8924	0.00443948283919207
chrM	8924	8925	0.0010161012974832
chrM	8925	8926	5.21593991237221e-05
chrM	8926	8927	0.000391185291433042
chrM	8927	8928	0.000573933006365439
chrM	8928	8929	0.00200991908117985
chrM	8929	8930	0.00177842870593158
chrM	8930	8931	0.00241020670142255
chrM	8931	8932	0.000131292177612058
chrM	8932	8933	5.25182500919069e-05
chrM	8933	8934	0.000840159630329763
chrM	8934	8935	0.00575286329725754
chrM	8935	8936	0.00132089926822181
chrM	8936	8937	0.000132261136387684
chrM	8937	8938	0.000343906245866511
chrM	8938	8939	0.000211685012701101
chrM	8939	8940	0.00439292897216047
chrM	8940	8941	0.00100988625491655
chrM	8941	8942	0.000265985743164166
chrM	8942	8943	0.00106419772793785
chrM	8943	8944	0.000346232721655525
chrM	8944	8945	0.0120141719278617
chrM	8945	8946	0.001293312496632
chrM	8946	8947	0.000620096519371276
chrM	8947	8948	0.000269745360379801
chrM	8948	8949	0.000188867603809729
chrM	8949	8950	0.00218558592590594
chrM	8950	8951	0.00137882556504812
chrM	8951	8952	0.000974526948377142
chrM	8952	8953	0.00151724511636728
chrM	8953	8954	0.000894648376077645
chrM	8954	8955	0.00105702515177797
chrM	8955	8956	0.000271201149892876
chrM	8956	8957	0.00208853206032332
chrM	8957	8958	0.00372343316845138
chrM	8958	8959	0.00188210905321732
chrM	8959	8960	0.000873887159320553
chrM	8960	8961	0.00338594287586697
chrM	8961	8962	0.0105436122141586
chrM	8962	8963	0.00149447873135361
chrM	8963	8964	0.00285476718403548
chrM	8964	8965	0.000277924460131736
chrM	8965	8966	0.0018068605103686
chrM	8966	8967	0.00108496077449508
chrM	8967	8968	0.000945836926586363
chrM	8968	8969	0.00261714508450038
chrM	8969	8970	0.000307048150732729
chrM	8970	8971	0.00572321952036629
chrM	8971	8972	0.00345301928637601
chrM	8972	8973	0.000478805801999718
chrM	8973	8974	0.00290198067224523
chrM	8974	8975	0.00144088148043509
chrM	8975	8976	0.0112311870544302
chrM	8976	8977	0.000715287116248462
chrM	8977	8978	0.00787198717581726
chrM	8978	8979	0.0804223036316958
chrM	8979	8980	0.00144295617804824
chrM	8980	8981	0.000785323867562983
chrM	8981	8982	0.00414950803181289
chrM	8982	8983	0.0116146951142533
chrM	8983	8984	0.0215836526181354
chrM	8984	8985	0.0102786660575605
chrM	8985	8986	0.00379075056861259
chrM	8986	8987	0.00519420366571826
chrM	8987	8988	0.00315940004655958
chrM	8988	8989	0.0132092464725308
chrM	8989	8990	0.0184534270650264
chrM	8990	8991	0.000964087731983611
chrM	8991	8992	0.000964951580108212
chrM	8992	8993	0.00851988548170122
chrM	8993	8994	0.00118277325540945
chrM	8994	8995	0.0119101514887689
chrM	8995	8996	0.00391010286036353
chrM	8996	8997	0.0263697419582891
chrM	8997	8998	0.00421083200232322
chrM	8998	8999	0.00586820236186033
chrM	8999	9000	0.018733044944644
chrM	9000	9001	0.0300709749719836
chrM	9001	9002	0.00300404390525708
chrM	9002	9003	0.00270385105643323
chrM	9003	9004	0.00898493474303861
chrM	9004	9005	0.00031262211801485
chrM	9005	9006	0.00457334948989563
chrM	9006	9007	0.0273305583915809
chrM	9007	9008	0.00169553106455129
chrM	9008	9009	0.00558026688232915
chrM	9009	9010	0.00589598666287155
chrM	9010	9011	0.001717861671234
chrM	9011	9012	0.00167970830431398
chrM	9012	9013	0.00106684173813139
chrM	9013	9014	0.00706452540354048
chrM	9014	9015	4.13633355393779e-05
chrM	9015	9016	0.00115692917940666
chrM	9016	9017	0.0433453163092434
chrM	9017	9018	0.00315307532826538
chrM	9018	9019	0.0116117850953206
chrM	9019	9020	0.0028054179634419
chrM	9020	9021	0.00461558749835158
chrM	9021	9022	0.000927397986221516
chrM	9022	9023	0.00207753171551076
chrM	9023	9024	0.00819454287739192
chrM	9024	9025	0.0322004376758519
chrM	9025	9026	0.0306386120339609
chrM	9026	9027	0.0271299381247025
chrM	9027	9028	0.00298434442270059
chrM	9028	9029	0.00171745424211198
chrM	9029	9030	0.00152364101051804
chrM	9030	9031	0.00551262489540779
chrM	9031	9032	0.0336550358822074
chrM	9032	9033	0.00696542893725992
chrM	9033	9034	0.0149561629706034
chrM	9034	9035	0.00392608490812961
chrM	9035	9036	0.006830960012611
chrM	9036	9037	0.0264522272775368
chrM	9037	9038	0.0148896859037061
chrM	9038	9039	0.00755736981465137
chrM	9039	9040	0.0415207603801901
chrM	9040	9041	0.0432463768115942
chrM	9041	9042	0.231849833484711
chrM	9042	9043	0.00165458556571068
chrM	9043	9044	0.00615530303030303
chrM	9044	9045	0.0358107035096078
chrM	9045	9046	0.00790513833992095
chrM	9046	9047	0.341024151381857
chrM	9047	9048	0.00906686815262561
chrM	9048	9049	0.00241392453309618
chrM	9049	9050	0.00508905852417303
chrM	9050	9051	0.00395812053115424
chrM	9051	9052	0.0394568280809634
chrM	9052	9053	0.0330754867964791
chrM	9053	9054	0.0151724137931034
chrM	9054	9055	0.0284313725490196
chrM	9055	9056	0.000576535024502739
chrM	9056	9057	0.0148521989906273
chrM	9057	9058	0.0223946135831382
chrM	9058	9059	0.0106271516240084
chrM	9059	9060	0.00453583308134261
chrM	9060	9061	0.0258123291831157
chrM	9061	9062	0.154769326683292
chrM	9062	9063	0.000737191301142647
chrM	9063	9064	0.180276497695853
chrM	9064	9065	0.101866426804587
chrM	9065	9066	0.104156234351527
chrM	9066	9067	0.277529346003354
chrM	9067	9068	0.00851063829787234
chrM	9068	9069	0.0105345298478346
chrM	9069	9070	0.00985415845486795
chrM	9070	9071	0.0586835844567803
chrM	9071	9072	0.00923206042803189
chrM	9072	9073	0.00423370025402202
chrM	9073	9074	0.0824129141886151
chrM	9074	9075	0.012494215640907
chrM	9075	9076	0.0253045923149016
chrM	9076	9077	0.00574988021082894
chrM	9077	9078	0.00192122958693564
chrM	9078	9079	0
chrM	9079	9080	0.00192492781520693
chrM	9080	9081	0.029893924783028
chrM	9081	9082	0.0283300198807157
chrM	9082	9083	0.00460122699386503
chrM	9083	9084	0.000513083632632119
chrM	9084	9085	0.000513083632632119
chrM	9085	9086	0.00205338809034908
chrM	9086	9087	0.00308641975308642
chrM	9087	9088	0.00309597523219814
chrM	9088	9089	0.0041407867494824
chrM	9089	9090	0.00467775467775468
chrM	9090	9091	0.002088772845953
chrM	9091	9092	0.00940438871473354
chrM	9092	9093	0.0057742782152231
chrM	9093	9094	0.0083989501312336
chrM	9094	9095	0.0332278481012658
chrM	9095	9096	0.0367368989735278
chrM	9096	9097	0.00333518621456365
chrM	9097	9098	0.000557413600891862
chrM	9098	9099	0.00389972144846797
chrM	9099	9100	0.00335382895472331
chrM	9100	9101	0.00503355704697987
chrM	9101	9102	0.00112044817927171
chrM	9102	9103	0.00112107623318386
chrM	9103	9104	0.00447928331466965
chrM	9104	9105	0.00505050505050505
chrM	9105	9106	0.0202816901408451
chrM	9106	9107	0.0109132682366456
chrM	9107	9108	0
chrM	9108	9109	0
chrM	9109	9110	0.00232018561484919
chrM	9110	9111	0.000580720092915215
chrM	9111	9112	0.000581057524694945
chrM	9112	9113	0.00348837209302326
chrM	9113	9114	0.000583090379008746
chrM	9114	9115	0
chrM	9115	9116	0.00640279394644936
chrM	9116	9117	0.00116890707188778
chrM	9117	9118	0.000584453535943892
chrM	9118	9119	0.00584453535943892
chrM	9119	9120	0.00117577895355673
chrM	9120	9121	0.0135214579659024
chrM	9121	9122	0.00237953599048186
chrM	9122	9123	0.00119118522930316
chrM	9123	9124	0
chrM	9124	9125	0.00119189511323004
chrM	9125	9126	0.0178784266984505
chrM	9126	9127	0.00606060606060606
chrM	9127	9128	0.00609756097560976
chrM	9128	9129	0.00306748466257669
chrM	9129	9130	0
chrM	9130	9131	0.000615384615384615
chrM	9131	9132	0
chrM	9132	9133	0.0129230769230769
chrM	9133	9134	0.000623052959501558
chrM	9134	9135	0.0012453300124533
chrM	9135	9136	0.000622277535780958
chrM	9136	9137	0.00248292985723153
chrM	9137	9138	0.00555898702903027
chrM	9138	9139	0.00308071472581639
chrM	9139	9140	0.000616142945163278
chrM	9140	9141	0
chrM	9141	9142	0.0181598062953995
chrM	9142	9143	0.00482218203737191
chrM	9143	9144	0
chrM	9144	9145	0.00659077291791492
chrM	9145	9146	0.000598802395209581
chrM	9146	9147	0.0141676505312869
chrM	9147	9148	0.00645539906103286
chrM	9148	9149	0.0513392857142857
chrM	9149	9150	0.0137816979051819
chrM	9150	9151	0.0114503816793893
chrM	9151	9152	0.00163576881134133
chrM	9152	9153	0.0161117078410312
chrM	9153	9154	0.0180371352785146
chrM	9154	9155	0.00688924218335983
chrM	9155	9156	0
chrM	9156	9157	0.00997375328083989
chrM	9157	9158	0.00834202294056309
chrM	9158	9159	0.030379746835443
chrM	9159	9160	0.00554156171284635
chrM	9160	9161	0.0345330739299611
chrM	9161	9162	0.0181557572861921
chrM	9162	9163	0.0408069692801467
chrM	9163	9164	0.00818926296633303
chrM	9164	9165	0.00588768115942029
chrM	9165	9166	0.003613369467028
chrM	9166	9167	0.0111706881143878
chrM	9167	9168	0.0171353251318102
chrM	9168	9169	0.105387337790012
chrM	9169	9170	0.00975419430355053
chrM	9170	9171	0.00506033476060724
chrM	9171	9172	0.00581170089112747
chrM	9172	9173	0.0111111111111111
chrM	9173	9174	0.00381679389312977
chrM	9174	9175	0
chrM	9175	9176	0.000381533765738268
chrM	9176	9177	0.00493545937737282
chrM	9177	9178	0.0355181252288539
chrM	9178	9179	0.0448179271708683
chrM	9179	9180	0.00973574408901252
chrM	9180	9181	0.00278164116828929
chrM	9181	9182	0.0120564932828109
chrM	9182	9183	0.00343878954607978
chrM	9183	9184	0.0149051490514905
chrM	9184	9185	0.00101522842639594
chrM	9185	9186	0.0774515927545284
chrM	9186	9187	0.00713399503722084
chrM	9187	9188	0.0128597672994489
chrM	9188	9189	0.00275145215530419
chrM	9189	9190	0.0100030312215823
chrM	9190	9191	0.00272149984880556
chrM	9191	9192	0.0273529411764706
chrM	9192	9193	0.0122022080185938
chrM	9193	9194	0.000290444379901249
chrM	9194	9195	0.0168571428571429
chrM	9195	9196	0.154050785973398
chrM	9196	9197	0.00744119059049448
chrM	9197	9198	0.0038259206121473
chrM	9198	9199	0.00570613409415121
chrM	9199	9200	0.00118736642127761
chrM	9200	9201	0.00660533144609578
chrM	9201	9202	0.00469593801361822
chrM	9202	9203	0.0125290023201856
chrM	9203	9204	0.0132936053174421
chrM	9204	9205	0.000458400183360073
chrM	9205	9206	0.00114468864468864
chrM	9206	9207	0
chrM	9207	9208	0.00320073159579332
chrM	9208	9209	0.0175517551755176
chrM	9209	9210	0.000449842555105713
chrM	9210	9211	0.00803212851405622
chrM	9211	9212	0.0136503742844562
chrM	9212	9213	0.00416940969936362
chrM	9213	9214	0.00284713096802453
chrM	9214	9215	0.00458015267175573
chrM	9215	9216	0.00196078431372549
chrM	9216	9217	0.00108908734480505
chrM	9217	9218	0.0504653567735264
chrM	9218	9219	0.0257960499798468
chrM	9219	9220	0.00800640512409928
chrM	9220	9221	0.0018
chrM	9221	9222	0.0176852033798389
chrM	9222	9223	0.0211660573407735
chrM	9223	9224	0.00153727901614143
chrM	9224	9225	0.00876357401409792
chrM	9225	9226	0.00474293302978562
chrM	9226	9227	0.0291190563951345
chrM	9227	9228	0.0156051533297042
chrM	9228	9229	0.00916936353829558
chrM	9229	9230	0.00340623879526712
chrM	9230	9231	0.000537827178200072
chrM	9231	9232	0.00232516544446432
chrM	9232	9233	0.005690912324382
chrM	9233	9234	0.00319205532895904
chrM	9234	9235	0.0080943163821925
chrM	9235	9236	0.00210711150131694
chrM	9236	9237	0.0150492994291645
chrM	9237	9238	0.000345960906417575
chrM	9238	9239	0.00413507925568573
chrM	9239	9240	0.0587185725871857
chrM	9240	9241	0.0178571428571429
chrM	9241	9242	0.00318217979315831
chrM	9242	9243	0.0207326578332034
chrM	9243	9244	0.00264673828429083
chrM	9244	9245	0.0221137715418637
chrM	9245	9246	0.0246987055497694
chrM	9246	9247	0.000743383883437407
chrM	9247	9248	0.00266903914590747
chrM	9248	9249	0.00765268579838116
chrM	9249	9250	0.00439624853458382
chrM	9250	9251	0.00408639813193228
chrM	9251	9252	0.00349344978165939
chrM	9252	9253	0.00145518044237485
chrM	9253	9254	0.00014553922282055
chrM	9254	9255	0.00578787440312545
chrM	9255	9256	0.0307152875175316
chrM	9256	9257	0.00488690309969282
chrM	9257	9258	0.027445652173913
chrM	9258	9259	0.00741839762611276
chrM	9259	9260	0.00816381156316916
chrM	9260	9261	0.000802782981000803
chrM	9261	9262	0.0400770712909441
chrM	9262	9263	0.00141152316181188
chrM	9263	9264	0.000897781197896627
chrM	9264	9265	0.0101561508188397
chrM	9265	9266	0.00164765525982256
chrM	9266	9267	0.0319018404907975
chrM	9267	9268	0.000245368666421298
chrM	9268	9269	0.00366837857666911
chrM	9269	9270	0.0102905569007264
chrM	9270	9271	0.00589792970630717
chrM	9271	9272	0.00443379269023367
chrM	9272	9273	0.00643086816720257
chrM	9273	9274	0.00793556792609262
chrM	9274	9275	0.00613496932515337
chrM	9275	9276	0.00749502283639771
chrM	9276	9277	0.001754591180255
chrM	9277	9278	0.00280373831775701
chrM	9278	9279	0.00338785046728972
chrM	9279	9280	0.0018700327255727
chrM	9280	9281	0.00696702275894101
chrM	9281	9282	0.0020910780669145
chrM	9282	9283	0.00371143586174901
chrM	9283	9284	0.000463875681317407
chrM	9284	9285	0.000927536231884058
chrM	9285	9286	0.000926998841251448
chrM	9286	9287	0.00104226983207875
chrM	9287	9288	0.00518791791560987
chrM	9288	9289	0.00103746397694524
chrM	9289	9290	0.000807288663360627
chrM	9290	9291	0.000115393491807062
chrM	9291	9292	0.00219272937103289
chrM	9292	9293	0.0108770322876116
chrM	9293	9294	0.0122282608695652
chrM	9294	9295	0.0478912738647395
chrM	9295	9296	0.00107770233861407
chrM	9296	9297	0.00258092267985805
chrM	9297	9298	0.00172061511990537
chrM	9298	9299	0.00557760377560871
chrM	9299	9300	0.00523784072688402
chrM	9300	9301	0.00202774813233725
chrM	9301	9302	0.00117433543290274
chrM	9302	9303	0.000213720880530028
chrM	9303	9304	0
chrM	9304	9305	0.0486986579910533
chrM	9305	9306	0.00536111673073033
chrM	9306	9307	0.00292545142741854
chrM	9307	9308	0.000302541347317467
chrM	9308	9309	0.0293685756240822
chrM	9309	9310	0.0101801096319499
chrM	9310	9311	0.00570697628652957
chrM	9311	9312	0.00754310344827586
chrM	9312	9313	0.00107896027464443
chrM	9313	9314	0.0013718765311122
chrM	9314	9315	0.00303059927656662
chrM	9315	9316	0.00612900087557155
chrM	9316	9317	0.010499708341435
chrM	9317	9318	0.00587947084762371
chrM	9318	9319	0.00422023751104132
chrM	9319	9320	0.0043065479103455
chrM	9320	9321	0.00381380794054371
chrM	9321	9322	0.00594541910331384
chrM	9322	9323	0.00972195216799533
chrM	9323	9324	0.000782855465309717
chrM	9324	9325	0.00815850815850816
chrM	9325	9326	0.0067600193143409
chrM	9326	9327	0.00825652841781874
chrM	9327	9328	0.00707321735805773
chrM	9328	9329	0.00229204469487155
chrM	9329	9330	0.00409289929564059
chrM	9330	9331	0.000571265352756355
chrM	9331	9332	0.00598404255319149
chrM	9332	9333	0.00408434650455927
chrM	9333	9334	0.00237281700835232
chrM	9334	9335	0.0181139122315593
chrM	9335	9336	0.00299065420560748
chrM	9336	9337	0.0622800844475721
chrM	9337	9338	0.00804266107177201
chrM	9338	9339	0.00244520129246354
chrM	9339	9340	0.00191871620443049
chrM	9340	9341	0.00520833333333333
chrM	9341	9342	0.0655630224553352
chrM	9342	9343	0.00924168660780592
chrM	9343	9344	0.00332281109818907
chrM	9344	9345	0.00663404925781574
chrM	9345	9346	0.00621581302834411
chrM	9346	9347	0.00899043220059386
chrM	9347	9348	0.000659957102788319
chrM	9348	9349	0.000412677451304061
chrM	9349	9350	0.000907515881527927
chrM	9350	9351	0.000247504331325798
chrM	9351	9352	0.00867075664621677
chrM	9352	9353	0.00187985288107887
chrM	9353	9354	0.000981434530138219
chrM	9354	9355	0.000163652728909255
chrM	9355	9356	0.000245438926613761
chrM	9356	9357	0.000572550302633731
chrM	9357	9358	0.00220624285013891
chrM	9358	9359	0.00964288632834845
chrM	9359	9360	0.00230452674897119
chrM	9360	9361	0.00098797958175531
chrM	9361	9362	0.0122129946262824
chrM	9362	9363	0.00390688588637474
chrM	9363	9364	0.00114285714285714
chrM	9364	9365	0.00269475747182754
chrM	9365	9366	0.00196126501593528
chrM	9366	9367	0.0127583979328165
chrM	9367	9368	0.00418275418275418
chrM	9368	9369	0.0146356983773465
chrM	9369	9370	0.00318877551020408
chrM	9370	9371	0.00397930760047752
chrM	9371	9372	0.00333492139113864
chrM	9372	9373	0.000952759031361651
chrM	9373	9374	0.00812559166929631
chrM	9374	9375	0.0021301775147929
chrM	9375	9376	0.0156542056074766
chrM	9376	9377	0.0262497146770144
chrM	9377	9378	0.0101831446158523
chrM	9378	9379	0.0102235446707866
chrM	9379	9380	0.00367478180983004
chrM	9380	9381	0.0137649372258357
chrM	9381	9382	0.026821899638936
chrM	9382	9383	0.00601173020527859
chrM	9383	9384	0.00666324961558175
chrM	9384	9385	0.00308143800440205
chrM	9385	9386	0.0492603963159364
chrM	9386	9387	0.00953961012028204
chrM	9387	9388	0.0080784367879583
chrM	9388	9389	0.001806684733514
chrM	9389	9390	0.0022239210508027
chrM	9390	9391	0.000973033083124826
chrM	9391	9392	0.000278009452321379
chrM	9392	9393	0.00402163361530994
chrM	9393	9394	0.00499791753436068
chrM	9394	9395	0.000627221409157433
chrM	9395	9396	0.00326593009519839
chrM	9396	9397	0.00589704454003053
chrM	9397	9398	0.0142660234321158
chrM	9398	9399	0.0144293236681939
chrM	9399	9400	0.00492678253729301
chrM	9400	9401	0.00308388157894737
chrM	9401	9402	0.000961010433827567
chrM	9402	9403	0.0093951446989439
chrM	9403	9404	0.0035832414553473
chrM	9404	9405	0.0107438582084445
chrM	9405	9406	0.00253511476533059
chrM	9406	9407	0.00273897562311695
chrM	9407	9408	0.0212430617419311
chrM	9408	9409	0.00174703004891684
chrM	9409	9410	0.00738315804137355
chrM	9410	9411	0.00230511316010059
chrM	9411	9412	0.000419844657476734
chrM	9412	9413	0.00132885718282277
chrM	9413	9414	0.000349919518510743
chrM	9414	9415	0.00056002800140007
chrM	9415	9416	0.0129328327075511
chrM	9416	9417	0.00578195750609544
chrM	9417	9418	0.0168886447892352
chrM	9418	9419	0.00437816390751129
chrM	9419	9420	0.00347932869422841
chrM	9420	9421	0.00204526861194437
chrM	9421	9422	0.000614166780401256
chrM	9422	9423	0.0137041787618983
chrM	9423	9424	0.0156531006461067
chrM	9424	9425	0.0155450609996065
chrM	9425	9426	0.00476937148830524
chrM	9426	9427	0.0276594391810263
chrM	9427	9428	0.0163064087978764
chrM	9428	9429	0.00578071401346716
chrM	9429	9430	0.0104652628924474
chrM	9430	9431	0.0031496062992126
chrM	9431	9432	0.00545796737766625
chrM	9432	9433	0.00207195328687135
chrM	9433	9434	0.00612653163290823
chrM	9434	9435	0.0659775546367395
chrM	9435	9436	0.00292223282442748
chrM	9436	9437	0.0422889842632332
chrM	9437	9438	0.0026861747728182
chrM	9438	9439	0.0016569534910296
chrM	9439	9440	0.000742390497401633
chrM	9440	9441	0.00573896244104779
chrM	9441	9442	0.0040867294812124
chrM	9442	9443	0.000227557173739902
chrM	9443	9444	0.00073909830007391
chrM	9444	9445	0.000227389005741572
chrM	9445	9446	0.00124985797068515
chrM	9446	9447	0.00475220638153428
chrM	9447	9448	0.00299046436833493
chrM	9448	9449	0.00152172687820549
chrM	9449	9450	0.00016907123534716
chrM	9450	9451	0.00118336526541192
chrM	9451	9452	0.001464953797611
chrM	9452	9453	0.00331609712230216
chrM	9453	9454	0.000393501602113666
chrM	9454	9455	0.000281009385713483
chrM	9455	9456	0.00056173463655769
chrM	9456	9457	0.000841939829366861
chrM	9457	9458	0.000505078848420226
chrM	9458	9459	0.00218524121701126
chrM	9459	9460	0.00263334827431645
chrM	9460	9461	0.00184987947754919
chrM	9461	9462	0.0031859594209379
chrM	9462	9463	0.00417617907455872
chrM	9463	9464	0.00405961517072628
chrM	9464	9465	0.00122596823627751
chrM	9465	9466	0.000780553077609277
chrM	9466	9467	0.00139368937451221
chrM	9467	9468	0.00272798129384256
chrM	9468	9469	0.00756985416898586
chrM	9469	9470	0.00792410714285714
chrM	9470	9471	0.00508692492593214
chrM	9471	9472	0.000840618695359785
chrM	9472	9473	0.0014574808004933
chrM	9473	9474	0.0133340741152286
chrM	9474	9475	0.00607310006685982
chrM	9475	9476	0.0022393908856791
chrM	9476	9477	0.00190454850997087
chrM	9477	9478	0.00956724885971743
chrM	9478	9479	0.0139401619923963
chrM	9479	9480	0.0112679137949896
chrM	9480	9481	0.00398732794406817
chrM	9481	9482	0.00841796556780535
chrM	9482	9483	0.00406393931183961
chrM	9483	9484	0.00248917748917749
chrM	9484	9485	0.00162276194082328
chrM	9485	9486	0.024943190825979
chrM	9486	9487	0.00599936848752763
chrM	9487	9488	0.0022623244067975
chrM	9488	9489	0.0119252200177056
chrM	9489	9490	0.0068639176329884
chrM	9490	9491	0.0237626837854628
chrM	9491	9492	0.00471549827098397
chrM	9492	9493	0.00382339077148693
chrM	9493	9494	0.00162388685175485
chrM	9494	9495	0.00256638558634054
chrM	9495	9496	0.00516971279373368
chrM	9496	9497	0.00813347236704901
chrM	9497	9498	0.0470806023915545
chrM	9498	9499	0.00662383584839882
chrM	9499	9500	0.00348501443791696
chrM	9500	9501	0.051494297126907
chrM	9501	9502	0.0103826468437728
chrM	9502	9503	0.0509735710489443
chrM	9503	9504	0.000651367872532318
chrM	9504	9505	0.00914603837359578
chrM	9505	9506	0.000696240302367217
chrM	9506	9507	0.000895656068069861
chrM	9507	9508	0.00144386357978591
chrM	9508	9509	0.0102634955097207
chrM	9509	9510	0.00285798758253671
chrM	9510	9511	0.00637348629700446
chrM	9511	9512	0.00273999412858401
chrM	9512	9513	0.00185946369152476
chrM	9513	9514	0.00127376053301979
chrM	9514	9515	0.00235075175082031
chrM	9515	9516	0.00553812977847481
chrM	9516	9517	0.00147768692739632
chrM	9517	9518	0.00128072508743412
chrM	9518	9519	0.00617193240264511
chrM	9519	9520	0.00611725555446804
chrM	9520	9521	0.00329351619721772
chrM	9521	9522	0.00172320417507754
chrM	9522	9523	0.000541685133205299
chrM	9523	9524	0.000836737707338682
chrM	9524	9525	0.00113149997540217
chrM	9525	9526	0.0100418410041841
chrM	9526	9527	0.000546964347869325
chrM	9527	9528	0.000696136442742778
chrM	9528	9529	0.000845224481678516
chrM	9529	9530	0.00388021092428614
chrM	9530	9531	4.99350843902926e-05
chrM	9531	9532	0.00422654268808115
chrM	9532	9533	0.00313105710451767
chrM	9533	9534	0.000199302441454908
chrM	9534	9535	0.00733363064268371
chrM	9535	9536	0.00528995896573886
chrM	9536	9537	0.00217348350128433
chrM	9537	9538	0.00246986761509583
chrM	9538	9539	0.00605493748153982
chrM	9539	9540	0.028235520863448
chrM	9540	9541	0.0183385204692363
chrM	9541	9542	0.00507760107300249
chrM	9542	9543	0.0073270530021886
chrM	9543	9544	0.0226873605771513
chrM	9544	9545	0.00227591884170258
chrM	9545	9546	0.000921569578503177
chrM	9546	9547	0.00372827192175471
chrM	9547	9548	0.0285603452455996
chrM	9548	9549	0.00378316491612325
chrM	9549	9550	0.00184290481645664
chrM	9550	9551	0.0135040861072354
chrM	9551	9552	0.00252054242072894
chrM	9552	9553	0.00327901932099077
chrM	9553	9554	0.0191876401694493
chrM	9554	9555	0.00642238374987554
chrM	9555	9556	0.00683675997027496
chrM	9556	9557	0.000793257312840853
chrM	9557	9558	0.00421042203289083
chrM	9558	9559	0.00213219616204691
chrM	9559	9560	0.00592768227622999
chrM	9560	9561	0.00261818900360618
chrM	9561	9562	0.00374587214746907
chrM	9562	9563	0.00783545543584721
chrM	9563	9564	0.00122452978056426
chrM	9564	9565	0.0166369291604379
chrM	9565	9566	0.0145060240963855
chrM	9566	9567	0.00713488326942678
chrM	9567	9568	0.000922374872566629
chrM	9568	9569	0.00193892389723703
chrM	9569	9570	0.00333930213424963
chrM	9570	9571	0.00266086115142719
chrM	9571	9572	0.0164926831593498
chrM	9572	9573	0.00842683330966245
chrM	9573	9574	0.0120431115276476
chrM	9574	9575	0.00266928912615903
chrM	9575	9576	0.00481420892731947
chrM	9576	9577	0.0285036712728599
chrM	9577	9578	0.0739031001185838
chrM	9578	9579	0.00842034355001684
chrM	9579	9580	0.0129945855893378
chrM	9580	9581	0.0231239804241436
chrM	9581	9582	0.00468374536716491
chrM	9582	9583	0.00648429584599797
chrM	9583	9584	0.00445668908516328
chrM	9584	9585	0.0561346614161069
chrM	9585	9586	0.022474469458259
chrM	9586	9587	0.00174553181800933
chrM	9587	9588	0.00949009565413874
chrM	9588	9589	0.00497006664407545
chrM	9589	9590	0.0053465868443842
chrM	9590	9591	0.00011316057485572
chrM	9591	9592	0.00458370904718966
chrM	9592	9593	0.00247515469716857
chrM	9593	9594	0.0153669978944258
chrM	9594	9595	0.000664746288499889
chrM	9595	9596	0.000886262924667651
chrM	9596	9597	0.00590885589777679
chrM	9597	9598	0.0028142936493242
chrM	9598	9599	0.00332741792369122
chrM	9599	9600	0.00221688527618696
chrM	9600	9601	0.00206871074990765
chrM	9601	9602	0.00302594191667589
chrM	9602	9603	0.0013271400132714
chrM	9603	9604	0.000626774324374147
chrM	9604	9605	0.00287060209038716
chrM	9605	9606	0.0149847207392953
chrM	9606	9607	0.0010829381231562
chrM	9607	9608	0.00275718171317858
chrM	9608	9609	0.0144846796657382
chrM	9609	9610	0.0161946313687791
chrM	9610	9611	0.0111315209404849
chrM	9611	9612	0.00656495268832979
chrM	9612	9613	0.0147670925476854
chrM	9613	9614	0.00906833639209759
chrM	9614	9615	0.00108147080028839
chrM	9615	9616	0.00259095325488503
chrM	9616	9617	0.00409615177320254
chrM	9617	9618	0.00870899810829139
chrM	9618	9619	0.0101813553929367
chrM	9619	9620	0.00144855850763143
chrM	9620	9621	0.00229357798165138
chrM	9621	9622	0.00232771390280031
chrM	9622	9623	0.000705691401150277
chrM	9623	9624	0.0267329486198985
chrM	9624	9625	0.00045727953849942
chrM	9625	9626	0.00595759593481689
chrM	9626	9627	0.00242147745218459
chrM	9627	9628	0.00302327216480349
chrM	9628	9629	0.00609326570865032
chrM	9629	9630	0.00686701355704223
chrM	9630	9631	0.00873995966172464
chrM	9631	9632	0.00400255029753471
chrM	9632	9633	0.000497371038794941
chrM	9633	9634	0.0161126484290168
chrM	9634	9635	0.0193102964883998
chrM	9635	9636	0.00403254585682678
chrM	9636	9637	0.00676204712079152
chrM	9637	9638	0.0113451615183431
chrM	9638	9639	0.00223230104174049
chrM	9639	9640	0.00644704215373716
chrM	9640	9641	0.00124555160142349
chrM	9641	9642	0.00932052650302384
chrM	9642	9643	0.00218928327890033
chrM	9643	9644	0.00200997810559564
chrM	9644	9645	0.014067039897952
chrM	9645	9646	0.00336021505376344
chrM	9646	9647	0.0118239697754145
chrM	9647	9648	0.0127792207792208
chrM	9648	9649	0.0120982986767486
chrM	9649	9650	0.00519060877934756
chrM	9650	9651	0.00310066836629229
chrM	9651	9652	0.000414350333206726
chrM	9652	9653	0.00379271109885184
chrM	9653	9654	0.00331217223295611
chrM	9654	9655	0.00790242226421577
chrM	9655	9656	0.0134094347407509
chrM	9656	9657	0.00146127618119825
chrM	9657	9658	0.00430406108989934
chrM	9658	9659	0.00131994859147591
chrM	9659	9660	0.00385389903478925
chrM	9660	9661	0.000556870388417096
chrM	9661	9662	0.00250696378830084
chrM	9662	9663	0.00670063516437496
chrM	9663	9664	0.000913081650570676
chrM	9664	9665	0.00221122459724123
chrM	9665	9666	0.000983836964160225
chrM	9666	9667	0.000492264416315049
chrM	9667	9668	0.000246192804136039
chrM	9668	9669	0.00129997891926077
chrM	9669	9670	0.000632288885766475
chrM	9670	9671	0.00084328882642305
chrM	9671	9672	0.00291801434397412
chrM	9672	9673	0.00144386533314551
chrM	9673	9674	0.00239487215608931
chrM	9674	9675	0.0016911531550576
chrM	9675	9676	0.00344961103875532
chrM	9676	9677	0.00105838772270242
chrM	9677	9678	0.0211523174230118
chrM	9678	9679	0.00703645225509714
chrM	9679	9680	0.000926052956509809
chrM	9680	9681	0.00287582594405834
chrM	9681	9682	0.00883834058442671
chrM	9682	9683	0.00096678406187418
chrM	9683	9684	0.00774582719265175
chrM	9684	9685	0.00373453934971049
chrM	9685	9686	0.000412456176531244
chrM	9686	9687	0.00189029419851526
chrM	9687	9688	0.000653909691629956
chrM	9688	9689	0.00257829420055691
chrM	9689	9690	0.0163492388558946
chrM	9690	9691	0.0044364961997455
chrM	9691	9692	0.00265224579774042
chrM	9692	9693	0.00148041038352957
chrM	9693	9694	0.0019280426923739
chrM	9694	9695	0.00984596384095509
chrM	9695	9696	0.0514252231758177
chrM	9696	9697	0.00403240454826171
chrM	9697	9698	0.000728995808274102
chrM	9698	9699	0.00477213944847182
chrM	9699	9700	0.014118158123371
chrM	9700	9701	0.0231103763073716
chrM	9701	9702	0.0129884147657768
chrM	9702	9703	0.00474905558553697
chrM	9703	9704	0.00389273356401384
chrM	9704	9705	0.00589737135459743
chrM	9705	9706	0.0183384965993662
chrM	9706	9707	0.00329277022190408
chrM	9707	9708	0.00845350571854799
chrM	9708	9709	0.00113620224399943
chrM	9709	9710	0.00138371474188398
chrM	9710	9711	0.00134833055388
chrM	9711	9712	0.00212803688597269
chrM	9712	9713	0.00269474878559019
chrM	9713	9714	0.00835360050756054
chrM	9714	9715	0.000352559582569454
chrM	9715	9716	0.00235990278609418
chrM	9716	9717	0.00556828193832599
chrM	9717	9718	0.00371747211895911
chrM	9718	9719	0.00415660082421486
chrM	9719	9720	0.00652313395594211
chrM	9720	9721	0.0446643008208768
chrM	9721	9722	0.000375065636486385
chrM	9722	9723	0.00716321632163216
chrM	9723	9724	0.00351195196556021
chrM	9724	9725	0.00673808532384449
chrM	9725	9726	0.00540293737158512
chrM	9726	9727	0.000344063001758544
chrM	9727	9728	0.00573526038082129
chrM	9728	9729	0.00222896890972676
chrM	9729	9730	0.00588687956906503
chrM	9730	9731	0.00262659816910657
chrM	9731	9732	0.0149640399041064
chrM	9732	9733	0.00623456063992471
chrM	9733	9734	0.0114618784962641
chrM	9734	9735	0.00673954782336115
chrM	9735	9736	0.00439715755172549
chrM	9736	9737	0.0101592531576057
chrM	9737	9738	0.00418195447192962
chrM	9738	9739	0.00511871480883569
chrM	9739	9740	0.00460050330292545
chrM	9740	9741	0.00161557254314761
chrM	9741	9742	0.00613617590370924
chrM	9742	9743	0.000315656565656566
chrM	9743	9744	0.000434079160254134
chrM	9744	9745	0.000552529797142632
chrM	9745	9746	0.000789203693473285
chrM	9746	9747	0.00126187941164872
chrM	9747	9748	0.00169444772825787
chrM	9748	9749	0.000945887360580144
chrM	9749	9750	0.00331164991129509
chrM	9750	9751	0.00988806708064707
chrM	9751	9752	0.00139687100893997
chrM	9752	9753	0.0180075863445798
chrM	9753	9754	0.000365868531241107
chrM	9754	9755	0.000691141196080823
chrM	9755	9756	0.00182830211676756
chrM	9756	9757	0.00138200146329567
chrM	9757	9758	0.00610426077402027
chrM	9758	9759	0.00290103783607093
chrM	9759	9760	0.00396517189224543
chrM	9760	9761	8.20445501907536e-05
chrM	9761	9762	8.20445501907536e-05
chrM	9762	9763	0.000574335411880538
chrM	9763	9764	0.002175519251293
chrM	9764	9765	8.22706705059646e-05
chrM	9765	9766	0.000287888134896155
chrM	9766	9767	0.00106894708711919
chrM	9767	9768	0.000699415782111413
chrM	9768	9769	8.23384108686702e-05
chrM	9769	9770	4.11709004075919e-05
chrM	9770	9771	0.000288208168642951
chrM	9771	9772	0.000329367203260735
chrM	9772	9773	0.00016467682173734
chrM	9773	9774	0.00127629791263535
chrM	9774	9775	0.000576986482030992
chrM	9775	9776	0.00552463409606267
chrM	9776	9777	0.00352375424923307
chrM	9777	9778	0.00361881785283474
chrM	9778	9779	0.00767978630159856
chrM	9779	9780	0.000630861757160281
chrM	9780	9781	0.00130449419289682
chrM	9781	9782	0.000379202831381141
chrM	9782	9783	0.0427397260273973
chrM	9783	9784	0.0556998811148783
chrM	9784	9785	0.00116566419545857
chrM	9785	9786	0.00125944584382872
chrM	9786	9787	0.00214502214968524
chrM	9787	9788	0.00181996360072799
chrM	9788	9789	0.00719424460431655
chrM	9789	9790	0.0013170272812794
chrM	9790	9791	0.00136477010682856
chrM	9791	9792	0.0149163568773234
chrM	9792	9793	0.0243558226349813
chrM	9793	9794	0.00724043715846995
chrM	9794	9795	0.00132632060370455
chrM	9795	9796	0.00256199103303138
chrM	9796	9797	0.0713433344698261
chrM	9797	9798	0.0152279957582185
chrM	9798	9799	0.00491999657739369
chrM	9799	9800	0.003431856205225
chrM	9800	9801	0.00472955542179035
chrM	9801	9802	0.00630097967286695
chrM	9802	9803	0.00951063461871001
chrM	9803	9804	0.0493998353338822
chrM	9804	9805	0.00340614923475181
chrM	9805	9806	0.00182008463393548
chrM	9806	9807	0.00204750204750205
chrM	9807	9808	0.0190601231437885
chrM	9808	9809	0.107330680934742
chrM	9809	9810	0.00204144125752781
chrM	9810	9811	0.0173593383028694
chrM	9811	9812	0.000726404815026202
chrM	9812	9813	0.00098552829503605
chrM	9813	9814	0.0202970042649401
chrM	9814	9815	0.006311106512855
chrM	9815	9816	0.00506459948320413
chrM	9816	9817	0.00919599280760339
chrM	9817	9818	0.00113174546015742
chrM	9818	9819	0.00848372666975166
chrM	9819	9820	0.00258933195235629
chrM	9820	9821	0.0253636316579533
chrM	9821	9822	0.00407256571640133
chrM	9822	9823	0.000954805856142584
chrM	9823	9824	0.00668683330679828
chrM	9824	9825	0.00347018311889381
chrM	9825	9826	0.00498071979434447
chrM	9826	9827	0.00332618025751073
chrM	9827	9828	0.0018229585545011
chrM	9828	9829	0.0040154192097655
chrM	9829	9830	0.00117899249732047
chrM	9830	9831	0.00845100556268721
chrM	9831	9832	0.00884528787391444
chrM	9832	9833	0.00937197026823225
chrM	9833	9834	0.0045607557823868
chrM	9834	9835	0.00757780784844384
chrM	9835	9836	0.00383638623223645
chrM	9836	9837	0.00752000859429554
chrM	9837	9838	0.00569280343716434
chrM	9838	9839	0.00701186623516721
chrM	9839	9840	0.00113889039535767
chrM	9840	9841	0.0107894166124485
chrM	9841	9842	0.00734853845735126
chrM	9842	9843	0.0139605627682112
chrM	9843	9844	0.00263013698630137
chrM	9844	9845	0.00213827512473272
chrM	9845	9846	0.00895407602724676
chrM	9846	9847	0.00182724252491694
chrM	9847	9848	0.0114377279257377
chrM	9848	9849	0.00438937659739971
chrM	9849	9850	0.00122364981367151
chrM	9850	9851	0.00228208838917956
chrM	9851	9852	0.0021711295440628
chrM	9852	9853	0.0483549351944167
chrM	9853	9854	0.00878704341833218
chrM	9854	9855	0.00517152215135322
chrM	9855	9856	0.00103842159916926
chrM	9856	9857	0.00287952084773094
chrM	9857	9858	0.00385522757350826
chrM	9858	9859	0.00500632984232938
chrM	9859	9860	0.0281706335517995
chrM	9860	9861	0.00500618410978267
chrM	9861	9862	0.000769094243625392
chrM	9862	9863	0.00412760186331741
chrM	9863	9864	0.0286429527857018
chrM	9864	9865	0.00881187533266308
chrM	9865	9866	0.00505140547928924
chrM	9866	9867	0.0082093991671624
chrM	9867	9868	0.00484420788230369
chrM	9868	9869	0.00293413173652695
chrM	9869	9870	0.0575988480230395
chrM	9870	9871	0.00394276629570747
chrM	9871	9872	0.00950255102040816
chrM	9872	9873	0.00429983314080349
chrM	9873	9874	0.00822305023769755
chrM	9874	9875	0.0161707632600259
chrM	9875	9876	0.0127969549809686
chrM	9876	9877	0.0133474998339863
chrM	9877	9878	0.00174848688634835
chrM	9878	9879	0.0226232157285214
chrM	9879	9880	0.0143191518656203
chrM	9880	9881	0.000418906653634015
chrM	9881	9882	0.00293337058248359
chrM	9882	9883	0.00119064294719148
chrM	9883	9884	0.00628886870239676
chrM	9884	9885	0.0160472386245224
chrM	9885	9886	0.00265585686329326
chrM	9886	9887	0.00733752620545073
chrM	9887	9888	0.00133492587648423
chrM	9888	9889	0.00595446584938704
chrM	9889	9890	0.000841809891266222
chrM	9890	9891	0.00189393939393939
chrM	9891	9892	0.000632422176937671
chrM	9892	9893	0.00253128955139924
chrM	9893	9894	0.00310164951360496
chrM	9894	9895	0.00148420383065941
chrM	9895	9896	0.0199476550894815
chrM	9896	9897	0.0376704914483654
chrM	9897	9898	0.0010498687664042
chrM	9898	9899	0.00022517451024544
chrM	9899	9900	0.00105089325927038
chrM	9900	9901	0.00826384193524153
chrM	9901	9902	7.57346258709482e-05
chrM	9902	9903	0.00519891500904159
chrM	9903	9904	0.0550283234017509
chrM	9904	9905	0.086250174313206
chrM	9905	9906	0.0303635362159185
chrM	9906	9907	0.0128921061702861
chrM	9907	9908	0.00412201154163232
chrM	9908	9909	0.00109859928591046
chrM	9909	9910	0.00668805022862212
chrM	9910	9911	0.00786760716223549
chrM	9911	9912	0.0172507470795979
chrM	9912	9913	0.000345351567896118
chrM	9913	9914	0.000207196629601492
chrM	9914	9915	0.00275805005860856
chrM	9915	9916	0.00578791428374561
chrM	9916	9917	0.00420283863855588
chrM	9917	9918	0.000482060464155361
chrM	9918	9919	0.0695512820512821
chrM	9919	9920	0.0939789741956037
chrM	9920	9921	0.00551560427284787
chrM	9921	9922	0.000982525089479964
chrM	9922	9923	0.00547829751369574
chrM	9923	9924	0.0101694915254237
chrM	9924	9925	7.13470319634703e-05
chrM	9925	9926	0.00135395140027079
chrM	9926	9927	0.000285042400057008
chrM	9927	9928	0
chrM	9928	9929	0.00021381227282446
chrM	9929	9930	0.0133699247062135
chrM	9930	9931	0.00932221209784818
chrM	9931	9932	0.0587415372361609
chrM	9932	9933	0.00378435798698712
chrM	9933	9934	0.0123741196603699
chrM	9934	9935	0.0178291536050157
chrM	9935	9936	0.0153474399164054
chrM	9936	9937	0.0242734369874697
chrM	9937	9938	0.00587803085966201
chrM	9938	9939	0.00506970849176172
chrM	9939	9940	0.00750182566553807
chrM	9940	9941	0.00556733828207847
chrM	9941	9942	0.00411631921391581
chrM	9942	9943	0.00411058807929457
chrM	9943	9944	0.00185602545406337
chrM	9944	9945	0.0092708264843185
chrM	9945	9946	0.0062103680460221
chrM	9946	9947	0.00495178524889236
chrM	9947	9948	0.00332355816226784
chrM	9948	9949	0.00176102269762588
chrM	9949	9950	0.00917550595431769
chrM	9950	9951	0.0119545335772145
chrM	9951	9952	0.0109644803361565
chrM	9952	9953	0.00526870389884088
chrM	9953	9954	0.0131102180644311
chrM	9954	9955	0.00345905674183463
chrM	9955	9956	0.00632069194943446
chrM	9956	9957	0.00367303325764659
chrM	9957	9958	0.00420701168614357
chrM	9958	9959	0.00513059701492537
chrM	9959	9960	0.00326296863554638
chrM	9960	9961	0.00471478849857228
chrM	9961	9962	0.00654502181673939
chrM	9962	9963	0.00244741367905808
chrM	9963	9964	0.00839891541564711
chrM	9964	9965	0.00299222022740874
chrM	9965	9966	0.00584174190122146
chrM	9966	9967	0.00352065896107347
chrM	9967	9968	0.00491955856933918
chrM	9968	9969	0.0364958805355304
chrM	9969	9970	0.00907978620645244
chrM	9970	9971	0.0075885328836425
chrM	9971	9972	0.0118778645665225
chrM	9972	9973	0.0118886089035343
chrM	9973	9974	0.010841878388087
chrM	9974	9975	0.00993204391008887
chrM	9975	9976	0.0182946749428291
chrM	9976	9977	0.00206158143246658
chrM	9977	9978	0.00139813581890812
chrM	9978	9979	0.000932525144874442
chrM	9979	9980	0.00159818871945129
chrM	9980	9981	0.000266595574513463
chrM	9981	9982	0.00139813581890812
chrM	9982	9983	0.0021953166577967
chrM	9983	9984	0.00359281437125748
chrM	9984	9985	0.00126582278481013
chrM	9985	9986	0.00106553010122536
chrM	9986	9987	0.00153047644397125
chrM	9987	9988	0.00602090776763266
chrM	9988	9989	0.00198189865891524
chrM	9989	9990	0.00191444415104304
chrM	9990	9991	0.00118819724074196
chrM	9991	9992	0.000989511181476351
chrM	9992	9993	0.00230384412848868
chrM	9993	9994	0.00157780553546775
chrM	9994	9995	0.00723255966861727
chrM	9995	9996	0.000529731161435571
chrM	9996	9997	0.000264988406757204
chrM	9997	9998	0.000463821892393321
chrM	9998	9999	0.00771411617327092
chrM	9999	10000	0.00118827567995775
chrM	10000	10001	0.000857519788918206
chrM	10001	10002	0.000329750049462507
chrM	10002	10003	0.0383151484394824
chrM	10003	10004	0.00881755899517889
chrM	10004	10005	0.00102334505916214
chrM	10005	10006	0.000767803442318766
chrM	10006	10007	0.00223642172523962
chrM	10007	10008	0.000830352580480327
chrM	10008	10009	0.000702516285604803
chrM	10009	10010	0.00453529223890131
chrM	10010	10011	0.00211633425254922
chrM	10011	10012	0.00295439948619139
chrM	10012	10013	0.030849934428277
chrM	10013	10014	0.00224536892658891
chrM	10014	10015	0.00397836762603344
chrM	10015	10016	0.00353116094659893
chrM	10016	10017	0.00382810570511237
chrM	10017	10018	0.0108157653528873
chrM	10018	10019	0.00170888007323772
chrM	10019	10020	0.0072327235154683
chrM	10020	10021	0.000243724104313917
chrM	10021	10022	0.000121862052156958
chrM	10022	10023	0.00653950953678474
chrM	10023	10024	0.0100857591496558
chrM	10024	10025	0.0104749864547589
chrM	10025	10026	0.000662132065250105
chrM	10026	10027	0.00252328026434365
chrM	10027	10028	0.00185985121190305
chrM	10028	10029	0.0020392250944641
chrM	10029	10030	0.00408114271996159
chrM	10030	10031	0.00162376713976425
chrM	10031	10032	0.00679699248120301
chrM	10032	10033	0.000181653042688465
chrM	10033	10034	0.0176723355322883
chrM	10034	10035	0.00338607400110817
chrM	10035	10036	0.00382905138339921
chrM	10036	10037	0.00130127649027141
chrM	10037	10038	0.000867732738316598
chrM	10038	10039	0.00167338084908584
chrM	10039	10040	0.000744786494538232
chrM	10040	10041	0.00695393021234323
chrM	10041	10042	0.00406224610961815
chrM	10042	10043	0.000941087897609637
chrM	10043	10044	0.00263653483992467
chrM	10044	10045	0.00144690488173125
chrM	10045	10046	0.00214119277032559
chrM	10046	10047	0.000630835225839011
chrM	10047	10048	0.0224542424051827
chrM	10048	10049	0.00185659411011524
chrM	10049	10050	0.00134460238186708
chrM	10050	10051	0.000960799385088393
chrM	10051	10052	0.00358514724711908
chrM	10052	10053	0.00460858989950714
chrM	10053	10054	0.00102544382490547
chrM	10054	10055	0.000705580500320718
chrM	10055	10056	0.00128303823453939
chrM	10056	10057	0.000898357289527721
chrM	10057	10058	0.00237407763875521
chrM	10058	10059	0.00147843414540078
chrM	10059	10060	0.00231704962347944
chrM	10060	10061	0.000387021866735471
chrM	10061	10062	0.00109684495773921
chrM	10062	10063	0.0152415396538362
chrM	10063	10064	0.00688344040907303
chrM	10064	10065	0.00336455996833355
chrM	10065	10066	0.000198530871550526
chrM	10066	10067	0.00311031698762491
chrM	10067	10068	0.0132749236691889
chrM	10068	10069	0.00188336584381516
chrM	10069	10070	0.000471698113207547
chrM	10070	10071	0.00362878838787716
chrM	10071	10072	0.0282574568288854
chrM	10072	10073	0.0120606925171832
chrM	10073	10074	0.00862068965517241
chrM	10074	10075	0.00488917861799218
chrM	10075	10076	0.00833821900853365
chrM	10076	10077	0.0188715702692258
chrM	10077	10078	0.0557602554654876
chrM	10078	10079	0.0577627828514921
chrM	10079	10080	0.00595961349302783
chrM	10080	10081	0.013532031517643
chrM	10081	10082	0.00534212320982041
chrM	10082	10083	0.00934156145615128
chrM	10083	10084	0.00102342506254264
chrM	10084	10085	0.00391245180312996
chrM	10085	10086	0.00186968838526912
chrM	10086	10087	0.000793021411578113
chrM	10087	10088	0.00815910249872514
chrM	10088	10089	0.000571102227298686
chrM	10089	10090	0.0014853747714808
chrM	10090	10091	0.000286073921501316
chrM	10091	10092	0.00068649885583524
chrM	10092	10093	5.72213321126116e-05
chrM	10093	10094	0.000743324375321631
chrM	10094	10095	0.000914076782449726
chrM	10095	10096	0.0346938775510204
chrM	10096	10097	0.0168007050787705
chrM	10097	10098	0.00106258039259549
chrM	10098	10099	0.00385216614560071
chrM	10099	10100	0.00307142458256548
chrM	10100	10101	0.00496596362013168
chrM	10101	10102	0.000614971767205233
chrM	10102	10103	0.00217901441501844
chrM	10103	10104	0.00609108689578094
chrM	10104	10105	0.00325531795476231
chrM	10105	10106	0.0386796160107786
chrM	10106	10107	0.0314951677089255
chrM	10107	10108	0.0134595642751226
chrM	10108	10109	0.0043021855102392
chrM	10109	10110	0.00453007626584093
chrM	10110	10111	0.00372727794024887
chrM	10111	10112	0.0220489228007181
chrM	10112	10113	0.0436744560838034
chrM	10113	10114	0.0635072522159549
chrM	10114	10115	0.00863833824337145
chrM	10115	10116	0.000898427751434989
chrM	10116	10117	0.00219287316222278
chrM	10117	10118	0.00213983578004479
chrM	10118	10119	0.041286812085342
chrM	10119	10120	0.00674071964302668
chrM	10120	10121	0.00585983649165918
chrM	10121	10122	0.00343934040047114
chrM	10122	10123	0.00122416309619097
chrM	10123	10124	0.00178697390077592
chrM	10124	10125	0.00155046043976696
chrM	10125	10126	0.00728349231709036
chrM	10126	10127	0.000236574402649633
chrM	10127	10128	9.46297610598533e-05
chrM	10128	10129	0.00410087202451096
chrM	10129	10130	0.00367681719619119
chrM	10130	10131	0.000189170016552376
chrM	10131	10132	9.45760627985057e-05
chrM	10132	10133	0.0537008860646201
chrM	10133	10134	0.00701801439363462
chrM	10134	10135	0.000539544085247965
chrM	10135	10136	0.000764457235362892
chrM	10136	10137	0.000449761626338041
chrM	10137	10138	0.000809753025327275
chrM	10138	10139	0.00328193139414647
chrM	10139	10140	0.00117069656445585
chrM	10140	10141	0.032198387878254
chrM	10141	10142	0.00337462812486124
chrM	10142	10143	0.0160554483242674
chrM	10143	10144	0.020543753824635
chrM	10144	10145	0.0107784431137725
chrM	10145	10146	0.00089653935807782
chrM	10146	10147	0.00455519828510182
chrM	10147	10148	0.0189307624890447
chrM	10148	10149	0.00113825409333684
chrM	10149	10150	0.00357766143106457
chrM	10150	10151	0.00226431526235576
chrM	10151	10152	0.00117467913856863
chrM	10152	10153	0.00126103404791929
chrM	10153	10154	0.00854147793451534
chrM	10154	10155	0.0125896962144975
chrM	10155	10156	0.000736536545210346
chrM	10156	10157	0.000259999133336222
chrM	10157	10158	0.00423070281471249
chrM	10158	10159	0.00194174757281553
chrM	10159	10160	0.00581871471057282
chrM	10160	10161	0.000994637605950528
chrM	10161	10162	0.00103765835098794
chrM	10162	10163	0.00306828003457217
chrM	10163	10164	0.00436549100968188
chrM	10164	10165	0.00718894807500758
chrM	10165	10166	0.00252877572375305
chrM	10166	10167	0.00401834461672854
chrM	10167	10168	0.000262938779087602
chrM	10168	10169	0.000700770847932726
chrM	10169	10170	0.00280161092628261
chrM	10170	10171	0.0111393737391457
chrM	10171	10172	0.0204631359429987
chrM	10172	10173	0.0021691032926988
chrM	10173	10174	0.00212341827006414
chrM	10174	10175	0.00427738172391445
chrM	10175	10176	0.00306668970283345
chrM	10176	10177	0.0016856846473029
chrM	10177	10178	0.000259336099585062
chrM	10178	10179	0.0128456811198361
chrM	10179	10180	0.00298037212074765
chrM	10180	10181	0.00191570881226054
chrM	10181	10182	0.000255721774709117
chrM	10182	10183	0.000596735007032948
chrM	10183	10184	0.00263829787234043
chrM	10184	10185	0.0077319587628866
chrM	10185	10186	0.00198555194119387
chrM	10186	10187	0.0006765899864682
chrM	10187	10188	0.00236276950339648
chrM	10188	10189	0.00189689331028959
chrM	10189	10190	0.000717057533322085
chrM	10190	10191	0.00809682452663096
chrM	10191	10192	0.00977018818232021
chrM	10192	10193	0.00111439715400111
chrM	10193	10194	0.00064278368186493
chrM	10194	10195	0.000642535874919683
chrM	10195	10196	0.0078834618680377
chrM	10196	10197	0.00379490275561689
chrM	10197	10198	0.000648312227168604
chrM	10198	10199	0.00211699645727123
chrM	10199	10200	0.0032426823468373
chrM	10200	10201	0.00337049520352606
chrM	10201	10202	0.0280462547462893
chrM	10202	10203	0.00141686960371928
chrM	10203	10204	0.00542304131211146
chrM	10204	10205	0.00127933650961708
chrM	10205	10206	0.014792899408284
chrM	10206	10207	0.0206022862992663
chrM	10207	10208	0.0184515803631473
chrM	10208	10209	0.0226053955944229
chrM	10209	10210	0.00583162217659138
chrM	10210	10211	0.00487006343359934
chrM	10211	10212	0.00445243249867244
chrM	10212	10213	0.00668432851029142
chrM	10213	10214	0.00326410706271166
chrM	10214	10215	0.00633656931638166
chrM	10215	10216	0.00109680302230166
chrM	10216	10217	0.0024330900243309
chrM	10217	10218	0.00348460291734198
chrM	10218	10219	0.0177528988404638
chrM	10219	10220	0.0376232069877394
chrM	10220	10221	0.000957535387177352
chrM	10221	10222	0.00398936170212766
chrM	10222	10223	0.00158069883527454
chrM	10223	10224	0.00383157719378618
chrM	10224	10225	0.00033435031554311
chrM	10225	10226	0.00341709380339209
chrM	10226	10227	0.0113380575239683
chrM	10227	10228	0.000969278098529226
chrM	10228	10229	0.00527003667945529
chrM	10229	10230	0.00605393505778756
chrM	10230	10231	0.0024670353041259
chrM	10231	10232	0.01541110271269
chrM	10232	10233	0.0120335429769392
chrM	10233	10234	0.0121032585696149
chrM	10234	10235	0.0118257614429131
chrM	10235	10236	0.014692730292577
chrM	10236	10237	0.00971917602029846
chrM	10237	10238	0.00260394063015363
chrM	10238	10239	0.0118001722652885
chrM	10239	10240	0.0190597204574333
chrM	10240	10241	0.00469881048131059
chrM	10241	10242	0.00734022358152289
chrM	10242	10243	0.00223440134907251
chrM	10243	10244	0.00202232989256372
chrM	10244	10245	0.000800707994437187
chrM	10245	10246	0.00214736842105263
chrM	10246	10247	0.0114569731687797
chrM	10247	10248	0.00187106650790951
chrM	10248	10249	0.00161605851832951
chrM	10249	10250	0.00522803587367705
chrM	10250	10251	0.00897795932261084
chrM	10251	10252	0.00546354789141199
chrM	10252	10253	0.00798769809064115
chrM	10253	10254	0.00382729852928528
chrM	10254	10255	0.00232678386763185
chrM	10255	10256	0.00555627342033854
chrM	10256	10257	0.00912590285887289
chrM	10257	10258	0.000784997819450502
chrM	10258	10259	0.00252987874029486
chrM	10259	10260	0.00078712611509533
chrM	10260	10261	0.000656081879018502
chrM	10261	10262	0.0143670722236604
chrM	10262	10263	0.00391498881431767
chrM	10263	10264	0.000903303509979353
chrM	10264	10265	0.000516284472744482
chrM	10265	10266	0.000258208890992813
chrM	10266	10267	0.00073156037524744
chrM	10267	10268	0.000430477830391735
chrM	10268	10269	0.00766316514551403
chrM	10269	10270	0.0007374311369453
chrM	10270	10271	0.00095461251410223
chrM	10271	10272	0.00195295547261522
chrM	10272	10273	0.00173784593995742
chrM	10273	10274	0.0313600974294289
chrM	10274	10275	0.000269396551724138
chrM	10275	10276	0.000718390804597701
chrM	10276	10277	0.000673612358541405
chrM	10277	10278	0.00714061166749001
chrM	10278	10279	0.00994080701278749
chrM	10279	10280	0.00670161841805334
chrM	10280	10281	0.00188021645418692
chrM	10281	10282	0.001699196326062
chrM	10282	10283	0.0292958004768018
chrM	10283	10284	0.0735036751837592
chrM	10284	10285	0.00616204877196049
chrM	10285	10286	0.00984217828650711
chrM	10286	10287	0.00552128715006686
chrM	10287	10288	0.00640336928961279
chrM	10288	10289	0.0045654233784133
chrM	10289	10290	0.0163145339921622
chrM	10290	10291	0.00737299693146949
chrM	10291	10292	0.00239910890240768
chrM	10292	10293	0.00295187165775401
chrM	10293	10294	0.00158261687839514
chrM	10294	10295	0.02309567597622
chrM	10295	10296	0.00315029534018814
chrM	10296	10297	0.00210646421205073
chrM	10297	10298	0.00224018272863041
chrM	10298	10299	0.00171428571428571
chrM	10299	10300	0.0015392734629255
chrM	10300	10301	0.00571855892315137
chrM	10301	10302	0.0201149425287356
chrM	10302	10303	0.00374261622401587
chrM	10303	10304	0.0697654251398344
chrM	10304	10305	0.0166696301564723
chrM	10305	10306	0.0429694247711176
chrM	10306	10307	0.0720836685438455
chrM	10307	10308	0.0078803152126085
chrM	10308	10309	0.0126218245726154
chrM	10309	10310	0.0117050175775008
chrM	10310	10311	0.101087974637942
chrM	10311	10312	0.00464329421927867
chrM	10312	10313	0.000684808073526762
chrM	10313	10314	0.00266081766207616
chrM	10314	10315	0.0106780565936999
chrM	10315	10316	0.0019546520719312
chrM	10316	10317	0.00389711613406079
chrM	10317	10318	0.0218192023011892
chrM	10318	10319	0.00148909767771672
chrM	10319	10320	0.000354710556186152
chrM	10320	10321	0.000425667766308396
chrM	10321	10322	0.0158925063149032
chrM	10322	10323	0.00635087719298246
chrM	10323	10324	0.00388791593695271
chrM	10324	10325	0.00446506435971675
chrM	10325	10326	0.00188323917137476
chrM	10326	10327	0.0209133440402207
chrM	10327	10328	0.00103364699173082
chrM	10328	10329	0.00738426583357001
chrM	10329	10330	0.00252570168261535
chrM	10330	10331	0.00064143681847338
chrM	10331	10332	0.00302222222222222
chrM	10332	10333	0.000711212261299385
chrM	10333	10334	0.00404887057820713
chrM	10334	10335	0.00302523401074848
chrM	10335	10336	0.00695286315339086
chrM	10336	10337	0.00493756485026298
chrM	10337	10338	0.000394392456347926
chrM	10338	10339	0.00833066324895867
chrM	10339	10340	0.0086523055011572
chrM	10340	10341	0.0190882788794016
chrM	10341	10342	0.00208524775570792
chrM	10342	10343	0.000566011037215226
chrM	10343	10344	0.0095067705044552
chrM	10344	10345	0.00200084245998315
chrM	10345	10346	0.00488336143901068
chrM	10346	10347	0.00529973325845852
chrM	10347	10348	0.00241918519037936
chrM	10348	10349	0.00175303274665171
chrM	10349	10350	0.00115712332129458
chrM	10350	10351	0.0104220948410631
chrM	10351	10352	0.00322692574600972
chrM	10352	10353	0.00135477819849237
chrM	10353	10354	0.000243393602225313
chrM	10354	10355	0.00211952744961779
chrM	10355	10356	0.00253437022635745
chrM	10356	10357	0.000486229291841767
chrM	10357	10358	0.00152756561588668
chrM	10358	10359	0.0028116213683224
chrM	10359	10360	0.0053197037655158
chrM	10360	10361	0.000523999161601341
chrM	10361	10362	0.00296539212950042
chrM	10362	10363	0.0395331325301205
chrM	10363	10364	0.00348104570613012
chrM	10364	10365	0.00857063865081559
chrM	10365	10366	0.00390328151986183
chrM	10366	10367	0.00891044827467575
chrM	10367	10368	0.0286246612466125
chrM	10368	10369	0.00256717439671402
chrM	10369	10370	0.0038688030676527
chrM	10370	10371	0.00451559934318555
chrM	10371	10372	0.00905069751616196
chrM	10372	10373	0.0147677195815252
chrM	10373	10374	0.0193799751452658
chrM	10374	10375	0.00969713524772083
chrM	10375	10376	0.00137797988149373
chrM	10376	10377	0.000723988140384748
chrM	10377	10378	0.0116235470566179
chrM	10378	10379	0.0058031017748668
chrM	10379	10380	0.00220555800617556
chrM	10380	10381	0.00132342461569785
chrM	10381	10382	0.000916092695008991
chrM	10382	10383	0.00145762711864407
chrM	10383	10384	0.00348644348915141
chrM	10384	10385	0.0239239272873895
chrM	10385	10386	0.00364814183429935
chrM	10386	10387	0.000752059617816976
chrM	10387	10388	0.0059141255298783
chrM	10388	10389	0.00921643197313873
chrM	10389	10390	0.00385396235504628
chrM	10390	10391	0.0018951793528824
chrM	10391	10392	0.00155092193692917
chrM	10392	10393	0.00509747192946201
chrM	10393	10394	0.00518367487991153
chrM	10394	10395	0.0147323904603439
chrM	10395	10396	0.0281507449605609
chrM	10396	10397	0.00573312311881898
chrM	10397	10398	0.0150862068965517
chrM	10398	10399	0.000671496730871179
chrM	10399	10400	0.00183693655503745
chrM	10400	10401	0.00664334428778402
chrM	10401	10402	0.0013501989766913
chrM	10402	10403	0.00188143414980476
chrM	10403	10404	0.00357648725212465
chrM	10404	10405	0.00205164485320127
chrM	10405	10406	0.00109660759135449
chrM	10406	10407	0.00063730349808809
chrM	10407	10408	0.00539606404740072
chrM	10408	10409	0.00673222656938423
chrM	10409	10410	0.00070824037678388
chrM	10410	10411	0.000141673160019834
chrM	10411	10412	0.00402201524132091
chrM	10412	10413	0.00242872228088701
chrM	10413	10414	0.00175852002954314
chrM	10414	10415	0.000703927917781219
chrM	10415	10416	0.00052815041723883
chrM	10416	10417	0.000281759588631001
chrM	10417	10418	0.000563400119722525
chrM	10418	10419	0.00320039389463319
chrM	10419	10420	0.000493148754799394
chrM	10420	10421	0.00197301201423387
chrM	10421	10422	0.000388185058404207
chrM	10422	10423	0.000317583542115106
chrM	10423	10424	0.00165860888590888
chrM	10424	10425	0.00307355331025224
chrM	10425	10426	0.0025438999399357
chrM	10426	10427	0.00844254477374686
chrM	10427	10428	0.0016382349798782
chrM	10428	10429	0.0183666191155492
chrM	10429	10430	0.0493827160493827
chrM	10430	10431	0.00293893129770992
chrM	10431	10432	0.00271676742940231
chrM	10432	10433	0.00161067648412333
chrM	10433	10434	0.0028769803214546
chrM	10434	10435	0.00337513903271584
chrM	10435	10436	0.00264408338442673
chrM	10436	10437	0.0167951752042141
chrM	10437	10438	0.0201012677504093
chrM	10438	10439	0.00884754129485476
chrM	10439	10440	0.0142841075244629
chrM	10440	10441	0.0080080452920143
chrM	10441	10442	0.00960543815575587
chrM	10442	10443	0.00955074752966242
chrM	10443	10444	0.00231975845054864
chrM	10444	10445	0.00257466529351184
chrM	10445	10446	0.00364117841774247
chrM	10446	10447	0.00602630998750643
chrM	10447	10448	0.00732681247023482
chrM	10448	10449	0.00220248146244769
chrM	10449	10450	0.00256899588960658
chrM	10450	10451	0.00297280434543252
chrM	10451	10452	0.00429531186901134
chrM	10452	10453	0.0054694956317451
chrM	10453	10454	0.0121310149615851
chrM	10454	10455	0.0132602414993703
chrM	10455	10456	0.00265400717703349
chrM	10456	10457	0.00209251924370376
chrM	10457	10458	0.0021287720346579
chrM	10458	10459	0.00406944185178271
chrM	10459	10460	0.00306702573309396
chrM	10460	10461	0.0015742718992466
chrM	10461	10462	0.0017616191904048
chrM	10462	10463	0.00493753272985711
chrM	10463	10464	0.0125229650181845
chrM	10464	10465	0.00125161192444815
chrM	10465	10466	0.0052679451224134
chrM	10466	10467	0.00243559005974807
chrM	10467	10468	0.0180890361399901
chrM	10468	10469	0.0134871814465289
chrM	10469	10470	0.0067629527739569
chrM	10470	10471	0.00599515775719611
chrM	10471	10472	0.00123561664993436
chrM	10472	10473	0.00528101148716367
chrM	10473	10474	0.00761450601853632
chrM	10474	10475	0.00192678227360308
chrM	10475	10476	0.0177803379416283
chrM	10476	10477	0.0092978019840498
chrM	10477	10478	0.0285018844221106
chrM	10478	10479	0.00630446130988234
chrM	10479	10480	0.0417536534446764
chrM	10480	10481	0.0076505016722408
chrM	10481	10482	0.0133516346393811
chrM	10482	10483	0.0149918793986591
chrM	10483	10484	0.0325312881884455
chrM	10484	10485	0.0144103476713399
chrM	10485	10486	0.056162041299487
chrM	10486	10487	0.0126570583887657
chrM	10487	10488	0.00321828358208955
chrM	10488	10489	0.00238061896092984
chrM	10489	10490	0.0385243987858977
chrM	10490	10491	0.000825042465421014
chrM	10491	10492	0.00440187684419291
chrM	10492	10493	0.00595266902192324
chrM	10493	10494	0.00282114888856462
chrM	10494	10495	0.00131546894031669
chrM	10495	10496	0.00233815577962882
chrM	10496	10497	0.0150983314901188
chrM	10497	10498	0.0037045946596103
chrM	10498	10499	0.010650491928551
chrM	10499	10500	0.00461553102398173
chrM	10500	10501	0.00341799192974128
chrM	10501	10502	0.00189753320683112
chrM	10502	10503	0.00213351033567229
chrM	10503	10504	0.00661907238428443
chrM	10504	10505	0.00288566157339515
chrM	10505	10506	0.00226768082392403
chrM	10506	10507	0.0113401091661961
chrM	10507	10508	0.00610679795493278
chrM	10508	10509	0.00422622156797569
chrM	10509	10510	0.00639810426540284
chrM	10510	10511	0.0033175355450237
chrM	10511	10512	0.00165868916165111
chrM	10512	10513	0.00156420344124757
chrM	10513	10514	0.00279872871305915
chrM	10514	10515	0.00199762187871581
chrM	10515	10516	0.000381115716259349
chrM	10516	10517	0.00418489632870458
chrM	10517	10518	0.00734110069148432
chrM	10518	10519	0.00184650347994887
chrM	10519	10520	0.00836544788043989
chrM	10520	10521	0.00872120138046824
chrM	10521	10522	0.00348934586396204
chrM	10522	10523	0.00576932024380031
chrM	10523	10524	0.0185748525073746
chrM	10524	10525	0.00919975960427165
chrM	10525	10526	0.0201060135258636
chrM	10526	10527	0.00237573099415205
chrM	10527	10528	0.00526171303074671
chrM	10528	10529	0.0132292145153881
chrM	10529	10530	0.00738847583643123
chrM	10530	10531	0.0095402890146378
chrM	10531	10532	0.00254632904229735
chrM	10532	10533	0.00736578686434676
chrM	10533	10534	0.000808407437348424
chrM	10534	10535	0.00285171102661597
chrM	10535	10536	0.00342156536615502
chrM	10536	10537	0.000475850582916964
chrM	10537	10538	0.000475941173670934
chrM	10538	10539	0.00185378838292613
chrM	10539	10540	0.00114052178871834
chrM	10540	10541	0.000950299344293452
chrM	10541	10542	0.000854660272541665
chrM	10542	10543	0.000711878885672251
chrM	10543	10544	0.00175322213798332
chrM	10544	10545	0.00226928895612708
chrM	10545	10546	0.000661656978118058
chrM	10546	10547	0.00113357264311355
chrM	10547	10548	0.000519382407101374
chrM	10548	10549	0.00230827209346147
chrM	10549	10550	0.00117669208321566
chrM	10550	10551	0.0013182053575632
chrM	10551	10552	0.000188519181826751
chrM	10552	10553	0.0026793268778791
chrM	10553	10554	0.00140831846774951
chrM	10554	10555	0.000891349221242259
chrM	10555	10556	0.000281439091889863
chrM	10556	10557	0.0074491363657526
chrM	10557	10558	0.000512080443182347
chrM	10558	10559	0.000605073306958343
chrM	10559	10560	0.00102320822287335
chrM	10560	10561	0.0166542612579084
chrM	10561	10562	0.000141917782298122
chrM	10562	10563	0.000331188493565481
chrM	10563	10564	0.000378626532254248
chrM	10564	10565	0.00113630983381469
chrM	10565	10566	0
chrM	10566	10567	0.000426419027764617
chrM	10567	10568	0.000142126208072769
chrM	10568	10569	4.73754026909229e-05
chrM	10569	10570	9.47418285172904e-05
chrM	10570	10571	0.00226896714724651
chrM	10571	10572	0.00586039037761709
chrM	10572	10573	0.00175822087055693
chrM	10573	10574	0.000713945740123751
chrM	10574	10575	0.00299743077362261
chrM	10575	10576	0.00767507269866997
chrM	10576	10577	0.0235941612826035
chrM	10577	10578	0.0113752868232193
chrM	10578	10579	0.0383058544772436
chrM	10579	10580	0.00220614642655585
chrM	10580	10581	0.0156788156068473
chrM	10581	10582	0.00120041753653445
chrM	10582	10583	0.00167093102187875
chrM	10583	10584	0.00339496500574533
chrM	10584	10585	0.00177926631430216
chrM	10585	10586	0.00109953400701607
chrM	10586	10587	0.00469704086425552
chrM	10587	10588	0.00631820792647904
chrM	10588	10589	0.00618837843507447
chrM	10589	10590	0.00488188976377953
chrM	10590	10591	0.00514489710205796
chrM	10591	10592	0.00283986326584276
chrM	10592	10593	0.00331247699668752
chrM	10593	10594	0.000474483340362716
chrM	10594	10595	0.00500896340820415
chrM	10595	10596	0.0012179622961237
chrM	10596	10597	0.000741721854304636
chrM	10597	10598	0.00222528345872629
chrM	10598	10599	0.00143266475644699
chrM	10599	10600	0.00122177954847278
chrM	10600	10601	0.00063799245042267
chrM	10601	10602	0.00207336523125997
chrM	10602	10603	0.0184761194824557
chrM	10603	10604	0.00238650539675652
chrM	10604	10605	0.00130448961843679
chrM	10605	10606	0.000217663383577298
chrM	10606	10607	0.00146938775510204
chrM	10607	10608	0.00190735694822888
chrM	10608	10609	0.00360144057623049
chrM	10609	10610	0.00870183887915937
chrM	10610	10611	0.000827403607479729
chrM	10611	10612	0.000386036508024045
chrM	10612	10613	0.000882417824840062
chrM	10613	10614	0.00132464951981455
chrM	10614	10615	0.00364761799491544
chrM	10615	10616	0.00360250512664191
chrM	10616	10617	0.000389018561742803
chrM	10617	10618	0.00344559297543626
chrM	10618	10619	0.00089191147778583
chrM	10619	10620	0.00446328944432046
chrM	10620	10621	0.000616453709930509
chrM	10621	10622	0.00185050187853979
chrM	10622	10623	0.00887640449438202
chrM	10623	10624	5.66829157691872e-05
chrM	10624	10625	0.00844623320673431
chrM	10625	10626	0.00074319689000686
chrM	10626	10627	0.0013730762629441
chrM	10627	10628	0.0116299054712117
chrM	10628	10629	0.00457917922559703
chrM	10629	10630	5.8230943923601e-05
chrM	10630	10631	0.00681341719077568
chrM	10631	10632	0.0024624765478424
chrM	10632	10633	0.00764031736702909
chrM	10633	10634	0.00349422564406278
chrM	10634	10635	0.00231770369049741
chrM	10635	10636	0.00976830067305974
chrM	10636	10637	0.00126315789473684
chrM	10637	10638	0.00102384967477716
chrM	10638	10639	6.02881774883945e-05
chrM	10639	10640	0.00156758712166888
chrM	10640	10641	0.00821256038647343
chrM	10641	10642	0.000669751583049196
chrM	10642	10643	0.00956558825321391
chrM	10643	10644	0.00227580268175667
chrM	10644	10645	0.00191086728718486
chrM	10645	10646	0.00277915019762846
chrM	10646	10647	0.0154827522140336
chrM	10647	10648	0.0110083663584324
chrM	10648	10649	0.00038163083577153
chrM	10649	10650	0.00579027742428099
chrM	10650	10651	0.00095957011258956
chrM	10651	10652	0.007232
chrM	10652	10653	0.00683297879198092
chrM	10653	10654	6.49055624066983e-05
chrM	10654	10655	0.0218082689686506
chrM	10655	10656	0.00258757961783439
chrM	10656	10657	0.000598682897625224
chrM	10657	10658	0.000133120340788072
chrM	10658	10659	0.00306176783812567
chrM	10659	10660	0.00460583405647153
chrM	10660	10661	0.00127311712677566
chrM	10661	10662	0.0115181142436215
chrM	10662	10663	0.00595197835644234
chrM	10663	10664	0.021827825377397
chrM	10664	10665	0.00104253544620517
chrM	10665	10666	0.00222438481857361
chrM	10666	10667	0.000834782608695652
chrM	10667	10668	0.0114094893557813
chrM	10668	10669	0.000633267661131438
chrM	10669	10670	0.00570302048862916
chrM	10670	10671	0.00120353982300885
chrM	10671	10672	0.00354107648725212
chrM	10672	10673	0.013992471056183
chrM	10673	10674	0.0203126125477202
chrM	10674	10675	0.0289663284811057
chrM	10675	10676	0.000302846759539673
chrM	10676	10677	0.00174189639503181
chrM	10677	10678	0.0079660116834838
chrM	10678	10679	0.128862037320281
chrM	10679	10680	0.00500395048722676
chrM	10680	10681	8.82301041115229e-05
chrM	10681	10682	0.00211770934439248
chrM	10682	10683	0.00539393403483951
chrM	10683	10684	0.136201991465149
chrM	10684	10685	0.0159530671058049
chrM	10685	10686	0.0230005227391532
chrM	10686	10687	0.00823529411764706
chrM	10687	10688	0.0127182582453115
chrM	10688	10689	0.0225785340314136
chrM	10689	10690	0.0131608298014722
chrM	10690	10691	0.0431687196293366
chrM	10691	10692	0.00106295027754813
chrM	10692	10693	0.0518851199621794
chrM	10693	10694	0.00834682945060421
chrM	10694	10695	0.00150659133709981
chrM	10695	10696	0.0317998994469583
chrM	10696	10697	0.0151888874464494
chrM	10697	10698	0.0079093066174532
chrM	10698	10699	0.0010629816635663
chrM	10699	10700	0.0150206034826532
chrM	10700	10701	0.0195549561699258
chrM	10701	10702	0.00605226960110041
chrM	10702	10703	0.00373650705784666
chrM	10703	10704	0.0101374809054298
chrM	10704	10705	0.00687044307347168
chrM	10705	10706	0.0588235294117647
chrM	10706	10707	0.402636309167166
chrM	10707	10708	0.00275758335422412
chrM	10708	10709	0.00150791656195024
chrM	10709	10710	0.0148502391140196
chrM	10710	10711	0.194941236586612
chrM	10711	10712	0.0361789907965725
chrM	10712	10713	0.0253539677313138
chrM	10713	10714	0.00574324324324324
chrM	10714	10715	0.00169894665307509
chrM	10715	10716	0.0459183673469388
chrM	10716	10717	0.00284900284900285
chrM	10717	10718	0.000714030703320243
chrM	10718	10719	0
chrM	10719	10720	0.000357270453733476
chrM	10720	10721	0.00142959256611866
chrM	10721	10722	0
chrM	10722	10723	0.00357525920629246
chrM	10723	10724	0.000716845878136201
chrM	10724	10725	0.000717102904266762
chrM	10725	10726	0.00107604017216643
chrM	10726	10727	0.000359066427289048
chrM	10727	10728	0.00322927879440258
chrM	10728	10729	0
chrM	10729	10730	0.0104279036317871
chrM	10730	10731	0
chrM	10731	10732	0
chrM	10732	10733	0.00145243282498184
chrM	10733	10734	0.00218023255813953
chrM	10734	10735	0.00145666423889294
chrM	10735	10736	0.002551950419249
chrM	10736	10737	0.00109609061015711
chrM	10737	10738	0.000365764447695684
chrM	10738	10739	0.00475667764361508
chrM	10739	10740	0.00441176470588235
chrM	10740	10741	0.000738552437223043
chrM	10741	10742	0.00073909830007391
chrM	10742	10743	0.000739644970414201
chrM	10743	10744	0.000370096225018505
chrM	10744	10745	0.00296186597556461
chrM	10745	10746	0.000742666171555886
chrM	10746	10747	0.00037147102526003
chrM	10747	10748	0.00445765230312036
chrM	10748	10749	0.000373134328358209
chrM	10749	10750	0
chrM	10750	10751	0.00410600970511385
chrM	10751	10752	0.00112359550561798
chrM	10752	10753	0.00487073810415886
chrM	10753	10754	0.00225563909774436
chrM	10754	10755	0.0018796992481203
chrM	10755	10756	0.00225818592397441
chrM	10756	10757	0.000377216144851
chrM	10757	10758	0.00113079532604599
chrM	10758	10759	0.0184696569920844
chrM	10759	10760	0.00115207373271889
chrM	10760	10761	0
chrM	10761	10762	0.000768935024990388
chrM	10762	10763	0.0015390534821085
chrM	10763	10764	0.00385356454720617
chrM	10764	10765	0
chrM	10765	10766	0.00618716163959783
chrM	10766	10767	0.00116686114352392
chrM	10767	10768	0.00311526479750779
chrM	10768	10769	0.02421875
chrM	10769	10770	0.00360288230584468
chrM	10770	10771	0.010847730012053
chrM	10771	10772	0.00243704305442729
chrM	10772	10773	0.0024390243902439
chrM	10773	10774	0.0105777054515867
chrM	10774	10775	0.00328812166050144
chrM	10775	10776	0.00164812525751957
chrM	10776	10777	0.00412371134020619
chrM	10777	10778	0.00703060380479735
chrM	10778	10779	0.0307948397836038
chrM	10779	10780	0.038643194504079
chrM	10780	10781	0.000892458723784025
chrM	10781	10782	0.0071396697902722
chrM	10782	10783	0.00134831460674157
chrM	10783	10784	0.00855085508550855
chrM	10784	10785	0.0186109850204267
chrM	10785	10786	0.000924214417744917
chrM	10786	10787	0.00092378752886836
chrM	10787	10788	0.000923361034164358
chrM	10788	10789	0.00138440239963083
chrM	10789	10790	0.000922934933087217
chrM	10790	10791	0.000922083909635777
chrM	10791	10792	0.00138185168125288
chrM	10792	10793	0.000460829493087558
chrM	10793	10794	0.000460829493087558
chrM	10794	10795	0.000460617227084293
chrM	10795	10796	0
chrM	10796	10797	0
chrM	10797	10798	0.0225598526703499
chrM	10798	10799	0.000470809792843691
chrM	10799	10800	0.000471031559114461
chrM	10800	10801	0.000471253534401508
chrM	10801	10802	0.00282618935468676
chrM	10802	10803	0.000471698113207547
chrM	10803	10804	0.00141376060320452
chrM	10804	10805	0.000471475719000471
chrM	10805	10806	0.00235404896421846
chrM	10806	10807	0.0428638718794159
chrM	10807	10808	0.00196850393700787
chrM	10808	10809	0.0014792899408284
chrM	10809	10810	0.00789733464955577
chrM	10810	10811	0.00986679822397632
chrM	10811	10812	0.00939199209095403
chrM	10812	10813	0.0104166666666667
chrM	10813	10814	0.0397022332506203
chrM	10814	10815	0.00822622107969152
chrM	10815	10816	0.0107581967213115
chrM	10816	10817	0.00358606557377049
chrM	10817	10818	0.0181910055583628
chrM	10818	10819	0.00403836446239273
chrM	10819	10820	0.00753012048192771
chrM	10820	10821	0.00350175087543772
chrM	10821	10822	0.00200100050025012
chrM	10822	10823	0
chrM	10823	10824	0.0877914951989026
chrM	10824	10825	0.0430579964850615
chrM	10825	10826	0.0597510373443983
chrM	10826	10827	0.031413612565445
chrM	10827	10828	0.0147117296222664
chrM	10828	10829	0.00356859635210151
chrM	10829	10830	0.00436161776367962
chrM	10830	10831	0.0210444271239283
chrM	10831	10832	0.0221531286436067
chrM	10832	10833	0.00118764845605701
chrM	10833	10834	0.0117370892018779
chrM	10834	10835	0.0121283255086072
chrM	10835	10836	0.0486425339366516
chrM	10836	10837	0.00413689356901091
chrM	10837	10838	0.00337837837837838
chrM	10838	10839	0.000751032669921142
chrM	10839	10840	0.00375375375375375
chrM	10840	10841	0.0168035847647498
chrM	10841	10842	0.00859170713485245
chrM	10842	10843	0.00409378489021213
chrM	10843	10844	0.00037202380952381
chrM	10844	10845	0.00333827893175074
chrM	10845	10846	0.00185185185185185
chrM	10846	10847	0.00110987791342952
chrM	10847	10848	0.0113386978785662
chrM	10848	10849	0.0058287795992714
chrM	10849	10850	0.00399854598327881
chrM	10850	10851	0.0230823863636364
chrM	10851	10852	0.0007097232079489
chrM	10852	10853	0.00983836964160225
chrM	10853	10854	0.00350140056022409
chrM	10854	10855	0.00104931794333683
chrM	10855	10856	0.00104858441104509
chrM	10856	10857	0.00797780090183836
chrM	10857	10858	0.00207756232686981
chrM	10858	10859	0.00413935839944809
chrM	10859	10860	0
chrM	10860	10861	0.00548885077186964
chrM	10861	10862	0.00239561943874059
chrM	10862	10863	0
chrM	10863	10864	0.00273224043715847
chrM	10864	10865	0.00136612021857923
chrM	10865	10866	0.0158089471913892
chrM	10866	10867	0.00167897918065816
chrM	10867	10868	0.000671140939597315
chrM	10868	10869	0.00864936793080506
chrM	10869	10870	0.00232712765957447
chrM	10870	10871	0.00989119683481701
chrM	10871	10872	0.000988142292490119
chrM	10872	10873	0.0075187969924812
chrM	10873	10874	0.00228384991843393
chrM	10874	10875	0.0163723916532905
chrM	10875	10876	0.00192246074975969
chrM	10876	10877	0.00383141762452107
chrM	10877	10878	0.00223143130379343
chrM	10878	10879	0.000637348629700446
chrM	10879	10880	0.237794510565946
chrM	10880	10881	0.0267139479905437
chrM	10881	10882	0.0351277372262774
chrM	10882	10883	0.0126154539310656
chrM	10883	10884	0.0038193664345091
chrM	10884	10885	0.379603794642857
chrM	10885	10886	0.021575856889253
chrM	10886	10887	0.00974025974025974
chrM	10887	10888	0.0017558076715289
chrM	10888	10889	0.0109552438209753
chrM	10889	10890	0.00624004248539565
chrM	10890	10891	0.0258665287118469
chrM	10891	10892	0.0369955156950673
chrM	10892	10893	0.00545161690001239
chrM	10893	10894	0.010906862745098
chrM	10894	10895	0.0113884177368549
chrM	10895	10896	0.00662092211387986
chrM	10896	10897	0.00503174793338924
chrM	10897	10898	0.117746538420886
chrM	10898	10899	0.00021137180300148
chrM	10899	10900	0
chrM	10900	10901	0.0108729743857815
chrM	10901	10902	0.0221858705653819
chrM	10902	10903	0.00447928331466965
chrM	10903	10904	0.00314624987313509
chrM	10904	10905	0.0511363636363636
chrM	10905	10906	0.00326358226147053
chrM	10906	10907	0.0689901697944593
chrM	10907	10908	0.000625167455568456
chrM	10908	10909	0.00258328879387137
chrM	10909	10910	0.00408090844570617
chrM	10910	10911	0.00212464589235127
chrM	10911	10912	0.00554723958791934
chrM	10912	10913	0.00114366147620304
chrM	10913	10914	0.000879430129276229
chrM	10914	10915	0.00131810193321617
chrM	10915	10916	0.00784724038713053
chrM	10916	10917	0.00191454181533374
chrM	10917	10918	0.00510910980256321
chrM	10918	10919	0.00405417062020185
chrM	10919	10920	0.00146425495262705
chrM	10920	10921	0.0197585071350165
chrM	10921	10922	0.00512475846425271
chrM	10922	10923	0.0507974481658692
chrM	10923	10924	0.016701952481769
chrM	10924	10925	0.00522702449680137
chrM	10925	10926	0.00543225205649542
chrM	10926	10927	0.00486524055911653
chrM	10927	10928	0.0296829323139195
chrM	10928	10929	0.00351165570830843
chrM	10929	10930	0.00998594570604335
chrM	10930	10931	0.0105401844532279
chrM	10931	10932	0.00949825986078886
chrM	10932	10933	0.0853011408861767
chrM	10933	10934	0.0235149316577055
chrM	10934	10935	0.00226244343891403
chrM	10935	10936	0.000516929439131559
chrM	10936	10937	0.000903808908973531
chrM	10937	10938	0.00590424849184957
chrM	10938	10939	0.00580690447323081
chrM	10939	10940	0.00709714213294468
chrM	10940	10941	0.0167611689201819
chrM	10941	10942	0.0016796267496112
chrM	10942	10943	0.00235834419412896
chrM	10943	10944	0.00530896968948701
chrM	10944	10945	0.00117153779750894
chrM	10945	10946	0.00301297423599582
chrM	10946	10947	0.00104454685099846
chrM	10947	10948	0.0122025254978145
chrM	10948	10949	0.00139529240475613
chrM	10949	10950	0.00224079457364341
chrM	10950	10951	0.0239644970414201
chrM	10951	10952	0.00436423684831328
chrM	10952	10953	0.000648470199846725
chrM	10953	10954	0.00422708859273176
chrM	10954	10955	0.000586854460093897
chrM	10955	10956	0.00304342736743533
chrM	10956	10957	0.000117061750073164
chrM	10957	10958	0.001052754708153
chrM	10958	10959	0.00390488401911645
chrM	10959	10960	0.00110658124635993
chrM	10960	10961	0.00383141762452107
chrM	10961	10962	0.0113838900707181
chrM	10962	10963	0.00424896646761599
chrM	10963	10964	0.00166484872840002
chrM	10964	10965	0.00177752293577982
chrM	10965	10966	0.000974323704722604
chrM	10966	10967	0.00194496882329386
chrM	10967	10968	0.00393184796854522
chrM	10968	10969	0.00329414437439655
chrM	10969	10970	0.00576010842557036
chrM	10970	10971	0.00444219523166892
chrM	10971	10972	0.00140417883621658
chrM	10972	10973	0.00391849529780564
chrM	10973	10974	0.00932245713334443
chrM	10974	10975	0.00508090793615729
chrM	10975	10976	0.000993267851230548
chrM	10976	10977	0.000827494897114801
chrM	10977	10978	0.00499862675089261
chrM	10978	10979	0.00208424747696358
chrM	10979	10980	0.00142489176302954
chrM	10980	10981	0.000657678395264716
chrM	10981	10982	0.0012058098109071
chrM	10982	10983	0.00507669632621868
chrM	10983	10984	0.000382200382200382
chrM	10984	10985	0.000654986081545767
chrM	10985	10986	0.00114522550035447
chrM	10986	10987	0.00441561273440907
chrM	10987	10988	0.00937821868054426
chrM	10988	10989	0.00222210178310119
chrM	10989	10990	0.00330158042866421
chrM	10990	10991	0.0010275824770146
chrM	10991	10992	0.000378685420611306
chrM	10992	10993	0.00189066551426102
chrM	10993	10994	0.000648018144508046
chrM	10994	10995	0.000755694699341466
chrM	10995	10996	0.0104166666666667
chrM	10996	10997	0.000373831775700935
chrM	10997	10998	0.00117370892018779
chrM	10998	10999	0.00149277603028203
chrM	10999	11000	0.00351699882766706
chrM	11000	11001	0.000960768614891914
chrM	11001	11002	0.000533788833137611
chrM	11002	11003	0.00122712479325615
chrM	11003	11004	0.000213515533255044
chrM	11004	11005	0.00852573607286592
chrM	11005	11006	0.00898062076571609
chrM	11006	11007	0.00488317143607246
chrM	11007	11008	0.00126528890763391
chrM	11008	11009	0.000422185867328091
chrM	11009	11010	0.00348046195222275
chrM	11010	11011	0.000950972104818259
chrM	11011	11012	0.00211327134404058
chrM	11012	11013	0.000687503305304352
chrM	11013	11014	0.000581610532438006
chrM	11014	11015	0.00221682677082234
chrM	11015	11016	0.00100247981849839
chrM	11016	11017	0.00163527984385715
chrM	11017	11018	0.000580536204348744
chrM	11018	11019	0.000527676639755158
chrM	11019	11020	0.000211126359125937
chrM	11020	11021	0.000158361486486486
chrM	11021	11022	0.00152937453855079
chrM	11022	11023	0.000158286287131325
chrM	11023	11024	0.00362776025236593
chrM	11024	11025	0.00324930559195011
chrM	11025	11026	0.000314448928253236
chrM	11026	11027	0.000785875203017761
chrM	11027	11028	0.00157051617631662
chrM	11028	11029	0.000471401634192332
chrM	11029	11030	0.00120418848167539
chrM	11030	11031	0.000261862365140882
chrM	11031	11032	0.000157133878064111
chrM	11032	11033	0.00104744946056353
chrM	11033	11034	0.000262040773544363
chrM	11034	11035	0.0032967032967033
chrM	11035	11036	0.00136132781821038
chrM	11036	11037	0.000575735371087616
chrM	11037	11038	0.000418563281536127
chrM	11038	11039	0.000313856776690903
chrM	11039	11040	0.000784354737502615
chrM	11040	11041	0.000418300653594771
chrM	11041	11042	0.00114936523692597
chrM	11042	11043	0.00726480203414457
chrM	11043	11044	0.00202324133637684
chrM	11044	11045	0.00124571784490813
chrM	11045	11046	0.00315898498187468
chrM	11046	11047	0.00139845651836122
chrM	11047	11048	0.013714051785897
chrM	11048	11049	0.00454615109567349
chrM	11049	11050	0.00030704672227624
chrM	11050	11051	0.00245373683672426
chrM	11051	11052	0.0119392369049434
chrM	11052	11053	0.0154410640574836
chrM	11053	11054	0.00283958903402344
chrM	11054	11055	0.00625613980662841
chrM	11055	11056	0.000831990016119807
chrM	11056	11057	0.000676413965346792
chrM	11057	11058	0.00291317692347708
chrM	11058	11059	0.0179325444403899
chrM	11059	11060	0.00842948211369264
chrM	11060	11061	0.00237204153708292
chrM	11061	11062	0.00147694904525794
chrM	11062	11063	0.00232079751041722
chrM	11063	11064	0.00243077573451702
chrM	11064	11065	0.0101420949764936
chrM	11065	11066	0.0013829051646189
chrM	11066	11067	0.00159616919393456
chrM	11067	11068	0.000585947903904544
chrM	11068	11069	0.00298364324151526
chrM	11069	11070	0.00336412666203877
chrM	11070	11071	0.00615697612164043
chrM	11071	11072	0.00391946308724832
chrM	11072	11073	0.000376081233546446
chrM	11073	11074	0.000429691696207971
chrM	11074	11075	0.000161134386077989
chrM	11075	11076	0.00236305048335124
chrM	11076	11077	0.000645786244752987
chrM	11077	11078	0.000430616858650016
chrM	11078	11079	0.00107636833324364
chrM	11079	11080	0.00588991218676376
chrM	11080	11081	0.0240963855421687
chrM	11081	11082	0.000274333369911116
chrM	11082	11083	0.000548787180331467
chrM	11083	11084	0.00192086054552439
chrM	11084	11085	0.000879120879120879
chrM	11085	11086	0.000329760923330585
chrM	11086	11087	0.000274740370350019
chrM	11087	11088	0.0033955857385399
chrM	11088	11089	0.0144594150509366
chrM	11089	11090	0.000555740802489719
chrM	11090	11091	0.00150066696309471
chrM	11091	11092	0.00584209647805041
chrM	11092	11093	0.00346059388256307
chrM	11093	11094	0.00301591734152471
chrM	11094	11095	0.00968536558056209
chrM	11095	11096	0.0109610712469631
chrM	11096	11097	0.00805392128862741
chrM	11097	11098	0.0102499136243234
chrM	11098	11099	0.00145450314172679
chrM	11099	11100	0.00122270742358079
chrM	11100	11101	0.00296304903555659
chrM	11101	11102	0.00243817485196796
chrM	11102	11103	0.000639349026445801
chrM	11103	11104	0.000697836706210747
chrM	11104	11105	0.0111725341867908
chrM	11105	11106	0.0119795301232845
chrM	11106	11107	0.00221007328137722
chrM	11107	11108	0.000174835363366164
chrM	11108	11109	0.000407877869712155
chrM	11109	11110	0.00151515151515152
chrM	11110	11111	0.00262543757292882
chrM	11111	11112	0.00467754195170438
chrM	11112	11113	0.0110753003222971
chrM	11113	11114	0.00135965949397021
chrM	11114	11115	0.000591891092039065
chrM	11115	11116	0.000414446417998816
chrM	11116	11117	0.00580224985198342
chrM	11117	11118	0.0101136296031888
chrM	11118	11119	0.000420243741369995
chrM	11119	11120	0.00276027602760276
chrM	11120	11121	0.000360815442900956
chrM	11121	11122	0.00431732325957906
chrM	11122	11123	0.00269978401727862
chrM	11123	11124	0.00396801539109
chrM	11124	11125	0.00500905250452625
chrM	11125	11126	0.000909587047480444
chrM	11126	11127	0.0205728850588664
chrM	11127	11128	0.00123877361412202
chrM	11128	11129	0.0260045817596434
chrM	11129	11130	0.00463286158532716
chrM	11130	11131	0.0024219247928617
chrM	11131	11132	0.00318918229365991
chrM	11132	11133	0.0024225423944919
chrM	11133	11134	0.012115801555924
chrM	11134	11135	0.00626008389803162
chrM	11135	11136	0.00441214637944459
chrM	11136	11137	0.0195299785170236
chrM	11137	11138	0.00179140127388535
chrM	11138	11139	0.00331389183457052
chrM	11139	11140	0.00537206526064465
chrM	11140	11141	0.000866493367993068
chrM	11141	11142	0.00786037836397549
chrM	11142	11143	0.0122912491649967
chrM	11143	11144	0.0140759698275862
chrM	11144	11145	0.00470925470925471
chrM	11145	11146	0.00815515350877193
chrM	11146	11147	0.00344970332551401
chrM	11147	11148	0.00413878733531075
chrM	11148	11149	0.0087707182320442
chrM	11149	11150	0.00577431473493808
chrM	11150	11151	0.000419463087248322
chrM	11151	11152	0.00139869920973495
chrM	11152	11153	0.0130049806308799
chrM	11153	11154	0.00864812508648125
chrM	11154	11155	0.000557880055788006
chrM	11155	11156	0.00327868852459016
chrM	11156	11157	0.00139967807404297
chrM	11157	11158	0.00174910795494298
chrM	11158	11159	0.00699643181977192
chrM	11159	11160	0.00471997182106376
chrM	11160	11161	0.000778485491861288
chrM	11161	11162	0.00191096326703942
chrM	11162	11163	0.00134560906515581
chrM	11163	11164	0.00665439614894521
chrM	11164	11165	0.0314590747330961
chrM	11165	11166	0.00242148517757558
chrM	11166	11167	0.00455446999191949
chrM	11167	11168	0.000737898465171192
chrM	11168	11169	0.0378080176535491
chrM	11169	11170	0.03125
chrM	11170	11171	0.0028931112674955
chrM	11171	11172	0.000860383261634728
chrM	11172	11173	0.00649503091008686
chrM	11173	11174	0.00220489802346641
chrM	11174	11175	0.00378608613345954
chrM	11175	11176	0.00465593434343434
chrM	11176	11177	0.0167588932806324
chrM	11177	11178	0.000160784628989469
chrM	11178	11179	0.000321491721588169
chrM	11179	11180	0.00594759684938113
chrM	11180	11181	0.00610785180422728
chrM	11181	11182	0.00490077930425002
chrM	11182	11183	0.000564652738565782
chrM	11183	11184	0.00064500524066758
chrM	11184	11185	0.000241896468311563
chrM	11185	11186	0.000403128275417238
chrM	11186	11187	0.00507450664518727
chrM	11187	11188	0.00606109584612898
chrM	11188	11189	0.00089372765680858
chrM	11189	11190	0.000975530444679294
chrM	11190	11191	0.00162680982593135
chrM	11191	11192	0.00407265618636475
chrM	11192	11193	0.0142284733011694
chrM	11193	11194	0.00298556974622657
chrM	11194	11195	0.00224513553966406
chrM	11195	11196	0.00025
chrM	11196	11197	0.00875
chrM	11197	11198	0.011514540258867
chrM	11198	11199	0.0266938706112386
chrM	11199	11200	0.00148445686342997
chrM	11200	11201	0.0036697247706422
chrM	11201	11202	0.0010515247108307
chrM	11202	11203	0.00411630758451568
chrM	11203	11204	0.00632133450395083
chrM	11204	11205	0.00671437406131284
chrM	11205	11206	0.00987280974828782
chrM	11206	11207	0.000808117087186855
chrM	11207	11208	0.0267648643793785
chrM	11208	11209	0.000276803838346558
chrM	11209	11210	0.00212235858632463
chrM	11210	11211	0.00490014792899408
chrM	11211	11212	0.00622387366465397
chrM	11212	11213	0.0160717622874229
chrM	11213	11214	0.0080622213791141
chrM	11214	11215	0.0049665711556829
chrM	11215	11216	0.000671591672263264
chrM	11216	11217	0.00527628549501151
chrM	11217	11218	0.0230361445783133
chrM	11218	11219	0.160090747681989
chrM	11219	11220	0.00246565692145122
chrM	11220	11221	0.0077665333019534
chrM	11221	11222	0.00177872643187478
chrM	11222	11223	0.0137799952482775
chrM	11223	11224	0.00349271347705649
chrM	11224	11225	0.00737160120845921
chrM	11225	11226	0.00645004259462091
chrM	11226	11227	0.00355087547447043
chrM	11227	11228	0.00380835380835381
chrM	11228	11229	0.00567131056589816
chrM	11229	11230	0.00136374907017109
chrM	11230	11231	0.00359935459848579
chrM	11231	11232	0.011333914559721
chrM	11232	11233	0.00151133501259446
chrM	11233	11234	0.00176544766708701
chrM	11234	11235	0.00328241383663679
chrM	11235	11236	0.000506329113924051
chrM	11236	11237	0.00329280648429585
chrM	11237	11238	0.00304878048780488
chrM	11238	11239	0.030951471150172
chrM	11239	11240	0.00183992640294388
chrM	11240	11241	0.000131665569453588
chrM	11241	11242	0.00618909665525415
chrM	11242	11243	0.0025172231054584
chrM	11243	11244	0.00225763612217795
chrM	11244	11245	0.000798615732729935
chrM	11245	11246	0.000666045024643666
chrM	11246	11247	0.00213191205862758
chrM	11247	11248	0.00453696290365626
chrM	11248	11249	0.0348385367814552
chrM	11249	11250	0.00138753989177189
chrM	11250	11251	0.00638888888888889
chrM	11251	11252	0.00195694716242661
chrM	11252	11253	0.0275910364145658
chrM	11253	11254	0.00187185025197984
chrM	11254	11255	0.00519180847995385
chrM	11255	11256	0.00173938251920568
chrM	11256	11257	0
chrM	11257	11258	0.0255220417633411
chrM	11258	11259	0.0066884661117717
chrM	11259	11260	0.00194494314781568
chrM	11260	11261	0.00793175695899431
chrM	11261	11262	0.00421559771153267
chrM	11262	11263	0.00619616140244824
chrM	11263	11264	0.0112530413625304
chrM	11264	11265	0.0413718855736696
chrM	11265	11266	0.00721847930702599
chrM	11266	11267	0.0137207425343019
chrM	11267	11268	0.012753433616743
chrM	11268	11269	0.0086106971352873
chrM	11269	11270	0.00350701402805611
chrM	11270	11271	0.000335120643431635
chrM	11271	11272	0.0184378142809252
chrM	11272	11273	0.00614754098360656
chrM	11273	11274	0.0264513912744761
chrM	11274	11275	0.00493653032440056
chrM	11275	11276	0.00106194690265487
chrM	11276	11277	0.00548672566371681
chrM	11277	11278	0.0049813200498132
chrM	11278	11279	0.018230563002681
chrM	11279	11280	0.000545851528384279
chrM	11280	11281	0.00109170305676856
chrM	11281	11282	0.00418638514743356
chrM	11282	11283	0.00146172117668555
chrM	11283	11284	0.00512351326623971
chrM	11284	11285	0.00055167340934167
chrM	11285	11286	0.010108435949274
chrM	11286	11287	0.00111275964391691
chrM	11287	11288	0.00352635486265776
chrM	11288	11289	0.0011171104077453
chrM	11289	11290	0.00223630264629146
chrM	11290	11291	0.0153070748553295
chrM	11291	11292	0.0119363395225464
chrM	11292	11293	0.0799616490891659
chrM	11293	11294	0.00125052105043768
chrM	11294	11295	0.00146076794657763
chrM	11295	11296	0.00625912789484665
chrM	11296	11297	0.00796144982191494
chrM	11297	11298	0.013082928887951
chrM	11298	11299	0.00534302201325069
chrM	11299	11300	0.00451127819548872
chrM	11300	11301	0.00474547023295945
chrM	11301	11302	0.00108342361863489
chrM	11302	11303	0.0281995661605206
chrM	11303	11304	0.00624303232998885
chrM	11304	11305	0.0221873599282833
chrM	11305	11306	0.00183360073344029
chrM	11306	11307	0.0165327210103329
chrM	11307	11308	0.0730796170908242
chrM	11308	11309	0.00201308505284348
chrM	11309	11310	0.00327373457567363
chrM	11310	11311	0.00428859737638749
chrM	11311	11312	0.0116190957312453
chrM	11312	11313	0.0211303462321792
chrM	11313	11314	0.0025953802232027
chrM	11314	11315	0.00156128024980484
chrM	11315	11316	0.0231650182196773
chrM	11316	11317	0.000531914893617021
chrM	11317	11318	0.008774262164318
chrM	11318	11319	0.00080450522928399
chrM	11319	11320	0.00536624631070566
chrM	11320	11321	0.0431383122135346
chrM	11321	11322	0.0499859590002808
chrM	11322	11323	0.0456419316843345
chrM	11323	11324	0.00369913686806412
chrM	11324	11325	0.00340241261985772
chrM	11325	11326	0.000310366232153942
chrM	11326	11327	0.0179900744416873
chrM	11327	11328	0.0022075055187638
chrM	11328	11329	0.0110479797979798
chrM	11329	11330	0.000956937799043062
chrM	11330	11331	0.00319182891797
chrM	11331	11332	0.0064
chrM	11332	11333	0.00514634930845931
chrM	11333	11334	0.231589147286822
chrM	11334	11335	0.00210172341319882
chrM	11335	11336	0.0037910699241786
chrM	11336	11337	0.00126689189189189
chrM	11337	11338	0.0341916420430561
chrM	11338	11339	0.00480349344978166
chrM	11339	11340	0.00394736842105263
chrM	11340	11341	0.00528169014084507
chrM	11341	11342	0.00398053958425475
chrM	11342	11343	0.0057649667405765
chrM	11343	11344	0.0164810690423163
chrM	11344	11345	0.052536231884058
chrM	11345	11346	0.00621414913957935
chrM	11346	11347	0.00240153698366955
chrM	11347	11348	0.0052757793764988
chrM	11348	11349	0.00864138262121939
chrM	11349	11350	0.00096665055582407
chrM	11350	11351	0.00145137880986938
chrM	11351	11352	0.00726392251815981
chrM	11352	11353	0.00195026816187226
chrM	11353	11354	0.00439667806546165
chrM	11354	11355	0.00539480137322217
chrM	11355	11356	0.000984736582964057
chrM	11356	11357	0.00294985250737463
chrM	11357	11358	0.00492125984251968
chrM	11358	11359	0.0103806228373702
chrM	11359	11360	0.000999000999000999
chrM	11360	11361	0.0005
chrM	11361	11362	0.00249875062468766
chrM	11362	11363	0.00149925037481259
chrM	11363	11364	0.0004995004995005
chrM	11364	11365	0.00348953140578265
chrM	11365	11366	0.00249252243270189
chrM	11366	11367	0.000998003992015968
chrM	11367	11368	0.00149700598802395
chrM	11368	11369	0.000499251123315027
chrM	11369	11370	0.00697211155378486
chrM	11370	11371	0.00199900049975012
chrM	11371	11372	0.00150075037518759
chrM	11372	11373	0.000500751126690035
chrM	11373	11374	0.00599101347978033
chrM	11374	11375	0.0113861386138614
chrM	11375	11376	0.112137203166227
chrM	11376	11377	0.00482244629548444
chrM	11377	11378	0.0448825503355705
chrM	11378	11379	0.0328600405679513
chrM	11379	11380	0.577720651242502
chrM	11380	11381	0.00444140758455757
chrM	11381	11382	0.206297502714441
chrM	11382	11383	0.118554851058739
chrM	11383	11384	0.0164725261795505
chrM	11384	11385	0.00223057055646865
chrM	11385	11386	0.0213694852941176
chrM	11386	11387	0.00538003663003663
chrM	11387	11388	0.121929118002416
chrM	11388	11389	0.053734756097561
chrM	11389	11390	0.0075642965204236
chrM	11390	11391	0.00235826808791623
chrM	11391	11392	0.00562904587672389
chrM	11392	11393	0.00224698061979215
chrM	11393	11394	0.0119333950046253
chrM	11394	11395	0.0447998586197756
chrM	11395	11396	0.025152898613145
chrM	11396	11397	0.00326320309145556
chrM	11397	11398	0.0383249359874453
chrM	11398	11399	0.0887734357352609
chrM	11399	11400	0.000527068744823432
chrM	11400	11401	0.0148378959863491
chrM	11401	11402	0.0229068503080826
chrM	11402	11403	0.00166449558546823
chrM	11403	11404	0.00475367329299914
chrM	11404	11405	0.033618709542702
chrM	11405	11406	0.017038456274805
chrM	11406	11407	0.00989360981229247
chrM	11407	11408	0.00411689275831815
chrM	11408	11409	0.00047220723151646
chrM	11409	11410	0.00329456061319169
chrM	11410	11411	0.00100792904179546
chrM	11411	11412	0.0259935834479146
chrM	11412	11413	0.00391517128874388
chrM	11413	11414	0.00058723737439645
chrM	11414	11415	0.00091264667535854
chrM	11415	11416	0.00331405549418416
chrM	11416	11417	0.0034355351007973
chrM	11417	11418	0.000389105058365759
chrM	11418	11419	0.00058339275296558
chrM	11419	11420	0.000971565515901289
chrM	11420	11421	0.000776699029126214
chrM	11421	11422	0.00406163367932435
chrM	11422	11423	0.00038677238445175
chrM	11423	11424	0.000322351879311456
chrM	11424	11425	0.00115979381443299
chrM	11425	11426	0.0169169359437369
chrM	11426	11427	0.0062996094242157
chrM	11427	11428	0.000567000567000567
chrM	11428	11429	0.00445867872393871
chrM	11429	11430	0.0037593984962406
chrM	11430	11431	0.00808256652573987
chrM	11431	11432	0.00433490215506564
chrM	11432	11433	0.00117581533510737
chrM	11433	11434	0.00259371333292163
chrM	11434	11435	0.00301779885446819
chrM	11435	11436	0.00478175576262874
chrM	11436	11437	0.00688101327487517
chrM	11437	11438	0.00659447032488354
chrM	11438	11439	0.00114831379185302
chrM	11439	11440	0.000905742406859489
chrM	11440	11441	0.00588305919077921
chrM	11441	11442	0.00880690270752752
chrM	11442	11443	0.00290749421467988
chrM	11443	11444	0.00213169114163903
chrM	11444	11445	0.00306965761511216
chrM	11445	11446	0.00153256704980843
chrM	11446	11447	0.000765741886081169
chrM	11447	11448	0.000471003826906094
chrM	11448	11449	0.00158711497766283
chrM	11449	11450	0.000411305012045361
chrM	11450	11451	0.000234976208658873
chrM	11451	11452	0.0190179806362379
chrM	11452	11453	0.00143884892086331
chrM	11453	11454	0.00452696120566157
chrM	11454	11455	0.000401054199610405
chrM	11455	11456	0.000343681979608203
chrM	11456	11457	0.00205784840516749
chrM	11457	11458	0.000342857142857143
chrM	11458	11459	0.00222361594161583
chrM	11459	11460	0.00068372172525782
chrM	11460	11461	0.00272742769475538
chrM	11461	11462	0.000511160333958085
chrM	11462	11463	0.000794732061762035
chrM	11463	11464	0.00204116346317401
chrM	11464	11465	0.000170174144874922
chrM	11465	11466	0.0067609442785509
chrM	11466	11467	0.000731899560860263
chrM	11467	11468	0.00011258725512272
chrM	11468	11469	0.000112580917534478
chrM	11469	11470	0.000394011032308905
chrM	11470	11471	0.00134975535684157
chrM	11471	11472	0.000674574175051998
chrM	11472	11473	0.000674119431492613
chrM	11473	11474	0.000280851541874965
chrM	11474	11475	0.000336965067954622
chrM	11475	11476	0
chrM	11476	11477	0.0059733154692123
chrM	11477	11478	0.000390668601406407
chrM	11478	11479	0.000111619600401831
chrM	11479	11480	0
chrM	11480	11481	0.00400222345747638
chrM	11481	11482	0.000611212979941101
chrM	11482	11483	0
chrM	11483	11484	0.002273735581189
chrM	11484	11485	0.000443508149462246
chrM	11485	11486	0.000387919091160986
chrM	11486	11487	0
chrM	11487	11488	0.000166241826443533
chrM	11488	11489	0.000996732930948558
chrM	11489	11490	0.00424640158826449
chrM	11490	11491	0.003681723266293
chrM	11491	11492	0.00758154248936402
chrM	11492	11493	0.00369886858137511
chrM	11493	11494	0.00298556074259038
chrM	11494	11495	0.00609723196460368
chrM	11495	11496	0.000862998921251348
chrM	11496	11497	0.00696901468853865
chrM	11497	11498	0.000536279294256449
chrM	11498	11499	0.00101871213339767
chrM	11499	11500	0.00342557405127656
chrM	11500	11501	0.00374732334047109
chrM	11501	11502	0.00470110582830279
chrM	11502	11503	0.000106837606837607
chrM	11503	11504	0.000373811812453274
chrM	11504	11505	0.000907150480256137
chrM	11505	11506	0.00494470438111442
chrM	11506	11507	0.00122294890200457
chrM	11507	11508	0.000531716913915032
chrM	11508	11509	0.00880755234428564
chrM	11509	11510	0.000896766365986179
chrM	11510	11511	0.00321170957721266
chrM	11511	11512	0.0108389786347056
chrM	11512	11513	0.00395792104989064
chrM	11513	11514	0.000522329589971272
chrM	11514	11515	0.00302130541230401
chrM	11515	11516	0.00119698152485038
chrM	11516	11517	0.0115865904526495
chrM	11517	11518	0.000978977741137675
chrM	11518	11519	0.000309310238168883
chrM	11519	11520	0.00154448105436573
chrM	11520	11521	0.000926259455565276
chrM	11521	11522	0.00359952691931918
chrM	11522	11523	0.00391692006390764
chrM	11523	11524	0.00382686042302322
chrM	11524	11525	0.00072632944228275
chrM	11525	11526	0.00119294605809129
chrM	11526	11527	0.00392866373739984
chrM	11527	11528	0.00067190407277238
chrM	11528	11529	0.00309358081979892
chrM	11529	11530	0.00113337798155685
chrM	11530	11531	0.00807156444398746
chrM	11531	11532	0.0124910412613904
chrM	11532	11533	0.0124653739612188
chrM	11533	11534	0.0036318356334959
chrM	11534	11535	0.00858346772095927
chrM	11535	11536	0.00806661462399167
chrM	11536	11537	0.00722716164924869
chrM	11537	11538	0.0104731137974156
chrM	11538	11539	0.0042848931389455
chrM	11539	11540	0.00885001822062575
chrM	11540	11541	0.0127984119521496
chrM	11541	11542	0.00880523041231678
chrM	11542	11543	0.0294694440027561
chrM	11543	11544	0.0174290770633346
chrM	11544	11545	0.00883401628439146
chrM	11545	11546	0.000532566437663099
chrM	11546	11547	0.00424605912637333
chrM	11547	11548	0.0322928986476063
chrM	11548	11549	0.00512242598094458
chrM	11549	11550	0.00133203545263589
chrM	11550	11551	0.00663129973474801
chrM	11551	11552	0.00671653182720195
chrM	11552	11553	0.00432240020340707
chrM	11553	11554	0.00380536810594145
chrM	11554	11555	0.003248730964467
chrM	11555	11556	0.00218762718762719
chrM	11556	11557	0.00370897266537953
chrM	11557	11558	0.00172720345440691
chrM	11558	11559	0.0127071261563485
chrM	11559	11560	0.00267572295976124
chrM	11560	11561	0.000618652368923029
chrM	11561	11562	0.0127317172540232
chrM	11562	11563	0.00173151354654716
chrM	11563	11564	0.00239466041677281
chrM	11564	11565	0.00529019787374739
chrM	11565	11566	0.00586076852512486
chrM	11566	11567	0.00148550353447393
chrM	11567	11568	0.00148717948717949
chrM	11568	11569	0.0119530087723798
chrM	11569	11570	0.00600911728139246
chrM	11570	11571	0.00140376416761984
chrM	11571	11572	0.00249467283405228
chrM	11572	11573	0.0115846090194456
chrM	11573	11574	0.0134459842357426
chrM	11574	11575	0.000672808197909119
chrM	11575	11576	0.000879871642254542
chrM	11576	11577	0.00924309335524289
chrM	11577	11578	0.0120229202905965
chrM	11578	11579	0.00288600288600289
chrM	11579	11580	0.00216572990254215
chrM	11580	11581	0.0061318081104756
chrM	11581	11582	0.00351294105491553
chrM	11582	11583	0.00196402728964234
chrM	11583	11584	0.0210403569255729
chrM	11584	11585	0.00536708860759494
chrM	11585	11586	0.00116786838631055
chrM	11586	11587	0.000812100294386357
chrM	11587	11588	0.0069317951831613
chrM	11588	11589	0.00268885393942469
chrM	11589	11590	0.00763127305806843
chrM	11590	11591	0.000658227848101266
chrM	11591	11592	0.00227479526842584
chrM	11592	11593	0.0130143157473221
chrM	11593	11594	0.00295783827141926
chrM	11594	11595	0.00316011235955056
chrM	11595	11596	0.00321107821985851
chrM	11596	11597	0.0045045045045045
chrM	11597	11598	0.00498479637106824
chrM	11598	11599	0.00892458723784025
chrM	11599	11600	0.0174140397612353
chrM	11600	11601	0.021676087490784
chrM	11601	11602	0.00781829877777228
chrM	11602	11603	0.0169290755638912
chrM	11603	11604	0.00298388701014522
chrM	11604	11605	0.0136182902584493
chrM	11605	11606	0.0119775359077581
chrM	11606	11607	0.00238213399503722
chrM	11607	11608	0.00148743120630671
chrM	11608	11609	0.00326635652776403
chrM	11609	11610	0.0048548498959675
chrM	11610	11611	0.0156280619243582
chrM	11611	11612	0.0060972635481196
chrM	11612	11613	0.00467995905035831
chrM	11613	11614	0.00718202552530693
chrM	11614	11615	0.00494329747019482
chrM	11615	11616	0.00072928821470245
chrM	11616	11617	0.00533229919046003
chrM	11617	11618	0.00892250994083988
chrM	11618	11619	0.00331529423236312
chrM	11619	11620	0.0131375579598145
chrM	11620	11621	0.00492729819815468
chrM	11621	11622	0.00928478166255622
chrM	11622	11623	0.00657606313020605
chrM	11623	11624	0.000882136731193335
chrM	11624	11625	0.0016653605015674
chrM	11625	11626	0.000538661182116449
chrM	11626	11627	0.000293772032902468
chrM	11627	11628	0.000391676866585067
chrM	11628	11629	0.00874083426407032
chrM	11629	11630	0.00723792868940056
chrM	11630	11631	0.00024463036352072
chrM	11631	11632	0.00356184435228104
chrM	11632	11633	0.00136565380675999
chrM	11633	11634	0.000634022629730784
chrM	11634	11635	0.000633806250304715
chrM	11635	11636	0.00586524478914203
chrM	11636	11637	0.0131661140742876
chrM	11637	11638	0.00135102533172497
chrM	11638	11639	0.000868767797673633
chrM	11639	11640	0.00245593759029182
chrM	11640	11641	0.00264537540281853
chrM	11641	11642	0.000337073241199981
chrM	11642	11643	0.00379972103313934
chrM	11643	11644	0.0124307395808239
chrM	11644	11645	0.00136492151701277
chrM	11645	11646	0.000927145854682087
chrM	11646	11647	0.00185456320156174
chrM	11647	11648	0.00409856062454257
chrM	11648	11649	0.00112436448963629
chrM	11649	11650	0.000195618153364632
chrM	11650	11651	0.00166064276643548
chrM	11651	11652	0.00332015038328207
chrM	11652	11653	0.0102259446825088
chrM	11653	11654	0.00647390965732087
chrM	11654	11655	0.00652322071852789
chrM	11655	11656	0.000733891090562161
chrM	11656	11657	0.0021989835809226
chrM	11657	11658	0.0635138850701127
chrM	11658	11659	0.00480813261287664
chrM	11659	11660	0.0309186492025305
chrM	11660	11661	0.00492545260915868
chrM	11661	11662	0.00221936171157175
chrM	11662	11663	0.00939153439153439
chrM	11663	11664	0.0117264702007115
chrM	11664	11665	0.0467070465790821
chrM	11665	11666	0.0152467510405164
chrM	11666	11667	0.00186614640766817
chrM	11667	11668	0.0129832055953428
chrM	11668	11669	0.00535385644972394
chrM	11669	11670	0.00163576881134133
chrM	11670	11671	0.0336011687363039
chrM	11671	11672	0.00711858922504449
chrM	11672	11673	0.00307393625626921
chrM	11673	11674	0.000202224469160768
chrM	11674	11675	0.00242316546181495
chrM	11675	11676	0.0245173516522563
chrM	11676	11677	0.00674077578051088
chrM	11677	11678	7.91546285669055e-05
chrM	11678	11679	0.00496395225150691
chrM	11679	11680	0.0151916484886257
chrM	11680	11681	0.00656744258345315
chrM	11681	11682	0.00830874359372573
chrM	11682	11683	0.00300840007814026
chrM	11683	11684	0.00543775917377357
chrM	11684	11685	0.00223529411764706
chrM	11685	11686	0.00293461673905388
chrM	11686	11687	0.00230784275376491
chrM	11687	11688	0.00360332132226226
chrM	11688	11689	0.00332993810232704
chrM	11689	11690	0.000313430496787337
chrM	11690	11691	0.00472047750946046
chrM	11691	11692	0.00854600796066495
chrM	11692	11693	0.00495010607370158
chrM	11693	11694	0.00102422690565294
chrM	11694	11695	0.000590900137876699
chrM	11695	11696	0.00224153525502379
chrM	11696	11697	0.000786782061369001
chrM	11697	11698	0.000550985871148018
chrM	11698	11699	0.000629871663648532
chrM	11699	11700	0.000945030713498189
chrM	11700	11701	0.00928246905843647
chrM	11701	11702	0.00125761446256632
chrM	11702	11703	0.00196618167518679
chrM	11703	11704	0.00350173119294932
chrM	11704	11705	0.00859093048799623
chrM	11705	11706	0.0194774900863074
chrM	11706	11707	0.0192127825409197
chrM	11707	11708	0.0116804971093719
chrM	11708	11709	0.0199764521193093
chrM	11709	11710	0.0105600379686758
chrM	11710	11711	0.00282812188807011
chrM	11711	11712	0.0111731843575419
chrM	11712	11713	0.0200913242009132
chrM	11713	11714	0.000607164541590771
chrM	11714	11715	0.00326982076538027
chrM	11715	11716	0.00830879683781712
chrM	11716	11717	0.00369393139841689
chrM	11717	11718	0.00113895216400911
chrM	11718	11719	0.00337631696700972
chrM	11719	11720	0.00808351612641157
chrM	11720	11721	0.00435880723480528
chrM	11721	11722	0.00220363191185472
chrM	11722	11723	0.00979241694654635
chrM	11723	11724	0.00599044766453493
chrM	11724	11725	0.00344869558161237
chrM	11725	11726	0.0117542870944368
chrM	11726	11727	0.00589779842456069
chrM	11727	11728	0.00182585409397062
chrM	11728	11729	0.0126134811601189
chrM	11729	11730	0.00374350923801473
chrM	11730	11731	0.00451740410599766
chrM	11731	11732	0.00569743009536124
chrM	11732	11733	0.00210936232354373
chrM	11733	11734	0.00471008608088355
chrM	11734	11735	0.000896532051020824
chrM	11735	11736	0.00215824408518956
chrM	11736	11737	0.00232311705249429
chrM	11737	11738	0.000694245926409932
chrM	11738	11739	0.00399315459212778
chrM	11739	11740	0.00561820624516549
chrM	11740	11741	0.00281552209572775
chrM	11741	11742	0.0100347980901513
chrM	11742	11743	0.0007688261239024
chrM	11743	11744	0.00186038987300817
chrM	11744	11745	0.000930533640814015
chrM	11745	11746	0.00194198325039447
chrM	11746	11747	0.00473818491070344
chrM	11747	11748	0.000935415649910525
chrM	11748	11749	0.00199422082943307
chrM	11749	11750	0.00350633995188975
chrM	11750	11751	0.00740138267588451
chrM	11751	11752	0.00434535412605588
chrM	11752	11753	0.000569360283053398
chrM	11753	11754	0.00366032210834553
chrM	11754	11755	0.000775225427394019
chrM	11755	11756	0.0182320217647298
chrM	11756	11757	0.00468846391116595
chrM	11757	11758	0.00524424990709006
chrM	11758	11759	0.00937474188486
chrM	11759	11760	0.00269642412677342
chrM	11760	11761	0.00910413635418832
chrM	11761	11762	0.00343858766301841
chrM	11762	11763	0.0425789232244881
chrM	11763	11764	0.00258431321876211
chrM	11764	11765	0.0019353173920523
chrM	11765	11766	0.00287936739868495
chrM	11766	11767	0.000947051226861817
chrM	11767	11768	0.00495134762765866
chrM	11768	11769	0.00228912020040599
chrM	11769	11770	0.00353280772047736
chrM	11770	11771	0.0113893273045259
chrM	11771	11772	0.00170597517806116
chrM	11772	11773	0.000213292381196144
chrM	11773	11774	0.0011934700140659
chrM	11774	11775	0.00178868020953111
chrM	11775	11776	0.0226111715936689
chrM	11776	11777	0.00113559892328398
chrM	11777	11778	0.00252069066924337
chrM	11778	11779	0.0151358075886378
chrM	11779	11780	0.00989731535321044
chrM	11780	11781	0.00471191204430851
chrM	11781	11782	0.00182542316627946
chrM	11782	11783	0.00573375436263919
chrM	11783	11784	0.0017545325424012
chrM	11784	11785	0.0126762331088148
chrM	11785	11786	0.00296359017781541
chrM	11786	11787	0.0356294536817102
chrM	11787	11788	0.00140597539543058
chrM	11788	11789	0.000351694728975249
chrM	11789	11790	0.00131862335721507
chrM	11790	11791	0.00237393942058293
chrM	11791	11792	0.00501937301866855
chrM	11792	11793	0.00590854975968958
chrM	11793	11794	0.00176592644916339
chrM	11794	11795	0.00715445727077207
chrM	11795	11796	0.00416977570995918
chrM	11796	11797	0.00114441656763062
chrM	11797	11798	0.00505494505494506
chrM	11798	11799	0.00114542490858628
chrM	11799	11800	0.0366843783209352
chrM	11800	11801	0.00144576263979249
chrM	11801	11802	0.00886375147729191
chrM	11802	11803	0.00350137101877241
chrM	11803	11804	0.00421389743373646
chrM	11804	11805	0.00583445265278711
chrM	11805	11806	0.00418637752752543
chrM	11806	11807	0.00443106763648524
chrM	11807	11808	0.00267457896276485
chrM	11808	11809	0.0120731001405772
chrM	11809	11810	0.000496627074452676
chrM	11810	11811	0.00272986722918476
chrM	11811	11812	0.00371931564592115
chrM	11812	11813	0.00227263336225776
chrM	11813	11814	0.00813041514392477
chrM	11814	11815	0.00205195551360447
chrM	11815	11816	0.00320013128743743
chrM	11816	11817	0.00891866343347992
chrM	11817	11818	0.00211302618495194
chrM	11818	11819	0.00741078082305208
chrM	11819	11820	0.00087361677344205
chrM	11820	11821	0.00203682919732302
chrM	11821	11822	0.00385684070833161
chrM	11822	11823	0.0199458261511943
chrM	11823	11824	0.0184633217420103
chrM	11824	11825	0.00598777145266709
chrM	11825	11826	0.0253637019128812
chrM	11826	11827	0.0199554642000685
chrM	11827	11828	0.0252100840336134
chrM	11828	11829	0.00592427234480982
chrM	11829	11830	0.00819566061338049
chrM	11830	11831	0.00646533020914692
chrM	11831	11832	0.00848231763017095
chrM	11832	11833	0.0442197535150148
chrM	11833	11834	0.0116284290396444
chrM	11834	11835	0.012410071942446
chrM	11835	11836	0.00279354780571326
chrM	11836	11837	0.00333663991342772
chrM	11837	11838	0.00495785820525533
chrM	11838	11839	0.0115934214073874
chrM	11839	11840	0.0012663380217991
chrM	11840	11841	9.04731747037004e-05
chrM	11841	11842	0.00031661314396852
chrM	11842	11843	0.0220588235294118
chrM	11843	11844	0.00606892885620625
chrM	11844	11845	0.000979083222073876
chrM	11845	11846	0.00470462917757756
chrM	11846	11847	0.00991940483570986
chrM	11847	11848	0.0288582728497544
chrM	11848	11849	0.00226658530206608
chrM	11849	11850	0.00920513044236978
chrM	11850	11851	0.00488513335093742
chrM	11851	11852	0.0112661180301897
chrM	11852	11853	0.00132813883477953
chrM	11853	11854	0.00566823133469135
chrM	11854	11855	0.0306617418005429
chrM	11855	11856	0.00321130378933847
chrM	11856	11857	0.00896922864633642
chrM	11857	11858	0.000881057268722467
chrM	11858	11859	0.0403169748366467
chrM	11859	11860	0.00838069550139678
chrM	11860	11861	0.00729433360707212
chrM	11861	11862	0.00569910649601546
chrM	11862	11863	0.00843983602604292
chrM	11863	11864	0.0195065424170731
chrM	11864	11865	0.0142530524882035
chrM	11865	11866	0.00531266754398791
chrM	11866	11867	0.00243498587708191
chrM	11867	11868	0.00523534829608803
chrM	11868	11869	0.00803580021172168
chrM	11869	11870	0.0170863309352518
chrM	11870	11871	0.0139176227195787
chrM	11871	11872	0.0189776268663659
chrM	11872	11873	0.0112599045456652
chrM	11873	11874	0.0070859167404783
chrM	11874	11875	0.0172389887692379
chrM	11875	11876	0.015995561925015
chrM	11876	11877	0.00365219834246383
chrM	11877	11878	0.00999860484583547
chrM	11878	11879	0.00663757890828073
chrM	11879	11880	0.0109616801768607
chrM	11880	11881	0.00666329672349616
chrM	11881	11882	0.00230627306273063
chrM	11882	11883	0.00716187677899183
chrM	11883	11884	0.00827996340347667
chrM	11884	11885	0.00612823561693954
chrM	11885	11886	0.00333546559444394
chrM	11886	11887	0.00109669164686529
chrM	11887	11888	0.00536973833902162
chrM	11888	11889	0.00268267175919611
chrM	11889	11890	0.0219996422822393
chrM	11890	11891	0.0323017154829979
chrM	11891	11892	0.00803423281809449
chrM	11892	11893	0.0074731229787606
chrM	11893	11894	0.0431098819087756
chrM	11894	11895	0.00986238532110092
chrM	11895	11896	0.00115697889670492
chrM	11896	11897	0.00226673451450247
chrM	11897	11898	0.00250069463739928
chrM	11898	11899	0.000371057513914657
chrM	11899	11900	0.00236078322455215
chrM	11900	11901	0.00254641418584194
chrM	11901	11902	0.0193368884766984
chrM	11902	11903	0.000661281942279533
chrM	11903	11904	4.7254512805973e-05
chrM	11904	11905	0.00047247814788566
chrM	11905	11906	0.00103950103950104
chrM	11906	11907	0.0144334743770569
chrM	11907	11908	0.0143649551984071
chrM	11908	11909	0.000913417624152685
chrM	11909	11910	9.62186086789185e-05
chrM	11910	11911	4.81139337952271e-05
chrM	11911	11912	9.62324977144782e-05
chrM	11912	11913	0.00206492508643872
chrM	11913	11914	0.00287301283279065
chrM	11914	11915	0.000861161611329059
chrM	11915	11916	0.00033478406427854
chrM	11916	11917	0.0147488455376496
chrM	11917	11918	0.00103612301605991
chrM	11918	11919	0.0138914873713751
chrM	11919	11920	0.00628282070517629
chrM	11920	11921	0.00136194993659888
chrM	11921	11922	0.00366059695888868
chrM	11922	11923	0.00277268668640444
chrM	11923	11924	0.0332866479925303
chrM	11924	11925	0.00822612272227271
chrM	11925	11926	0.0151194144838213
chrM	11926	11927	0.00190494798026669
chrM	11927	11928	0.000489021468042447
chrM	11928	11929	0.0124352833018822
chrM	11929	11930	0.00155001210946961
chrM	11930	11931	0.0051296941540844
chrM	11931	11932	0.00227834601774201
chrM	11932	11933	0.00208212279682355
chrM	11933	11934	0.00575268297399207
chrM	11934	11935	0.00208464633732487
chrM	11935	11936	0.012274089107954
chrM	11936	11937	0.00223942359184071
chrM	11937	11938	0.00141270459859704
chrM	11938	11939	0.0135897065201677
chrM	11939	11940	0.0112472963229993
chrM	11940	11941	0.00588916779301023
chrM	11941	11942	0.00353459545828693
chrM	11942	11943	0.00140756200553317
chrM	11943	11944	0.00271805076930544
chrM	11944	11945	0.0225940225940226
chrM	11945	11946	0.0199529411764706
chrM	11946	11947	0.00504265045478109
chrM	11947	11948	0.00503505717378006
chrM	11948	11949	0.00386154932893807
chrM	11949	11950	0.00372395587819365
chrM	11950	11951	0.0179646350639579
chrM	11951	11952	0.00257486172038909
chrM	11952	11953	0.0019084880003817
chrM	11953	11954	0.00157547980521341
chrM	11954	11955	0.0313093418554027
chrM	11955	11956	0.00628378690569699
chrM	11956	11957	0.00152997357318374
chrM	11957	11958	0.00514842300556586
chrM	11958	11959	0.00479649809071435
chrM	11959	11960	0.0102800260489348
chrM	11960	11961	0.0187365666760116
chrM	11961	11962	0.00633001760982343
chrM	11962	11963	0.0171692190621136
chrM	11963	11964	0.00431820362729105
chrM	11964	11965	0.00144223835392529
chrM	11965	11966	0.0127029608404967
chrM	11966	11967	0.0107808996803893
chrM	11967	11968	0.0100437928408225
chrM	11968	11969	0.00991178981314616
chrM	11969	11970	0.00633419995272985
chrM	11970	11971	0.0136966891796155
chrM	11971	11972	0.00679787031755087
chrM	11972	11973	0.00827266710787558
chrM	11973	11974	0.0287896320296228
chrM	11974	11975	0.0110707972834682
chrM	11975	11976	0.0168437659505359
chrM	11976	11977	0.00841625592857807
chrM	11977	11978	0.00846110695587135
chrM	11978	11979	0.0261017416479022
chrM	11979	11980	0.0194326046106604
chrM	11980	11981	0.0114750290360046
chrM	11981	11982	0.00126635711270578
chrM	11982	11983	0.00239021418193748
chrM	11983	11984	0.0203872171681829
chrM	11984	11985	0.00785018443204388
chrM	11985	11986	0.0231941991261504
chrM	11986	11987	0.00125418060200669
chrM	11987	11988	0.00292479108635097
chrM	11988	11989	0.000883597637538948
chrM	11989	11990	0.00528022232515053
chrM	11990	11991	0.0072992700729927
chrM	11991	11992	0.000927428703918386
chrM	11992	11993	0.00910637906452651
chrM	11993	11994	0.000505979760809568
chrM	11994	11995	0.00339465113078582
chrM	11995	11996	0.0019266938850406
chrM	11996	11997	0.0212114388651205
chrM	11997	11998	0.0220624578746349
chrM	11998	11999	0.00429184549356223
chrM	11999	12000	0.0454944283583399
chrM	12000	12001	0.0109068519658721
chrM	12001	12002	0.0377592625421025
chrM	12002	12003	0.0186481238993995
chrM	12003	12004	0.00948698349894339
chrM	12004	12005	0.00126547952634909
chrM	12005	12006	0.0011754068716094
chrM	12006	12007	0.00649087221095335
chrM	12007	12008	0.00234826589595376
chrM	12008	12009	0.0044630781714904
chrM	12009	12010	0.00103809351868568
chrM	12010	12011	0.00383574007220217
chrM	12011	12012	0.00280175335532559
chrM	12012	12013	0.000949495862910883
chrM	12013	12014	0.0207369170523318
chrM	12014	12015	0.00325849216622774
chrM	12015	12016	0.00957023388936094
chrM	12016	12017	0.000857671647180969
chrM	12017	12018	0.00288418206399279
chrM	12018	12019	0.00994935687715681
chrM	12019	12020	0.00484348372051305
chrM	12020	12021	0.000988097911520323
chrM	12021	12022	0.00175021316698829
chrM	12022	12023	0.000628197074396482
chrM	12023	12024	0.00210970464135021
chrM	12024	12025	0.00318428488137418
chrM	12025	12026	0.0238650636999821
chrM	12026	12027	0.000459453250631748
chrM	12027	12028	0.00316151202749141
chrM	12028	12029	0.00100811070888512
chrM	12029	12030	0.00192483959670027
chrM	12030	12031	0.00201797835259585
chrM	12031	12032	0.00137766348273328
chrM	12032	12033	0.00215873599118133
chrM	12033	12034	0.00201964564399155
chrM	12034	12035	0.000642585027768853
chrM	12035	12036	0.00261599889852678
chrM	12036	12037	0.000781214098616792
chrM	12037	12038	0.00114784205693297
chrM	12038	12039	0.00119287942741787
chrM	12039	12040	0.00393178804919307
chrM	12040	12041	0.00510343570582338
chrM	12041	12042	0.00309498884893724
chrM	12042	12043	0.000909876711705564
chrM	12043	12044	0.00277108981056648
chrM	12044	12045	0.00218271110909008
chrM	12045	12046	0.0172406072276208
chrM	12046	12047	0.000313437513992746
chrM	12047	12048	0.000313465585956742
chrM	12048	12049	0.0139569806987324
chrM	12049	12050	0.0055961928262977
chrM	12050	12051	0.000927602809311365
chrM	12051	12052	0.000795017887902478
chrM	12052	12053	0.00185545149319668
chrM	12053	12054	0.000486682594460667
chrM	12054	12055	0.000575221238938053
chrM	12055	12056	0.00585438859054494
chrM	12056	12057	0.00431508960415658
chrM	12057	12058	0.00110419151097566
chrM	12058	12059	0.00610291534949069
chrM	12059	12060	0.0115727648466391
chrM	12060	12061	0.0076679807650652
chrM	12061	12062	0.0100125698929392
chrM	12062	12063	0.00928094370717322
chrM	12063	12064	0.0098515809851581
chrM	12064	12065	0.000818048738482735
chrM	12065	12066	0.00441699901367983
chrM	12066	12067	0.00540216086434574
chrM	12067	12068	0.00159434653337355
chrM	12068	12069	0.000431406384814495
chrM	12069	12070	0.00647540632102577
chrM	12070	12071	0.00137233038854104
chrM	12071	12072	0.001029910311977
chrM	12072	12073	0.000730021041782969
chrM	12073	12074	0.00513061695668904
chrM	12074	12075	0.00252212200230838
chrM	12075	12076	0.000856421016571747
chrM	12076	12077	0.00175603906116156
chrM	12077	12078	0.000386083823087813
chrM	12078	12079	0.00111506626066818
chrM	12079	12080	0.00834688810889479
chrM	12080	12081	0.0281138330391355
chrM	12081	12082	0.00119590733932763
chrM	12082	12083	0.0003990599920188
chrM	12083	12084	0.0003990599920188
chrM	12084	12085	0.0016838746842735
chrM	12085	12086	0.00709594957909119
chrM	12086	12087	0.00632772333787406
chrM	12087	12088	0.00334065934065934
chrM	12088	12089	0.0018021978021978
chrM	12089	12090	0.000879662209711471
chrM	12090	12091	0.0318794810515534
chrM	12091	12092	0.0188213251575541
chrM	12092	12093	0.000907637118036046
chrM	12093	12094	0.000389155532494487
chrM	12094	12095	0.00436681222707424
chrM	12095	12096	0.0155341490931181
chrM	12096	12097	0.0172587498357352
chrM	12097	12098	0.027952511739169
chrM	12098	12099	0.00182008463393548
chrM	12099	12100	0.000637261595885111
chrM	12100	12101	0.000364182637592753
chrM	12101	12102	0.0112735998551184
chrM	12102	12103	0.00823326055312955
chrM	12103	12104	0.00128252106998901
chrM	12104	12105	0.00242963234619969
chrM	12105	12106	0.00532500918105031
chrM	12106	12107	0.00589562894385335
chrM	12107	12108	0.0199768786127168
chrM	12108	12109	0.010890062228927
chrM	12109	12110	0.00171485733339685
chrM	12110	12111	0.00839134166110422
chrM	12111	12112	0.00273617511520737
chrM	12112	12113	0.00725926638142397
chrM	12113	12114	0.0130355602415413
chrM	12114	12115	0.00407986944417779
chrM	12115	12116	0.00571620712844654
chrM	12116	12117	0.0191807228915663
chrM	12117	12118	0.00333758712084029
chrM	12118	12119	0.103287536800785
chrM	12119	12120	0.00196195977982451
chrM	12120	12121	0.0450159094465599
chrM	12121	12122	0.0129092223484457
chrM	12122	12123	0.0120667522464698
chrM	12123	12124	0.0113386791970989
chrM	12124	12125	0.0028638641710136
chrM	12125	12126	0.000666529942575882
chrM	12126	12127	0.00975609756097561
chrM	12127	12128	0.00745398306373916
chrM	12128	12129	0.000764214387609537
chrM	12129	12130	0.0011211333639097
chrM	12130	12131	0.00494066113176794
chrM	12131	12132	0.0106241699867198
chrM	12132	12133	0.0010830883490639
chrM	12133	12134	0.00211351100572194
chrM	12134	12135	0.00314303380049464
chrM	12135	12136	0.00113454695477283
chrM	12136	12137	0.00405981807903798
chrM	12137	12138	0.0135467980295567
chrM	12138	12139	0.00253872856328688
chrM	12139	12140	0.00155440414507772
chrM	12140	12141	0.00108926811556616
chrM	12141	12142	0.0056824052071495
chrM	12142	12143	0.0112284659557014
chrM	12143	12144	0.00261659227335693
chrM	12144	12145	0.00980740891305452
chrM	12145	12146	0.00334940370464349
chrM	12146	12147	0.00552402189337117
chrM	12147	12148	0.00553580497714576
chrM	12148	12149	0.0120670503887711
chrM	12149	12150	0.00490146538655887
chrM	12150	12151	0.000608951588348726
chrM	12151	12152	0.00096422227860949
chrM	12152	12153	0.0043561949143957
chrM	12153	12154	0.00796307567457902
chrM	12154	12155	0.0028556858745538
chrM	12155	12156	0.00570177671435117
chrM	12156	12157	0.00204206657137023
chrM	12157	12158	0.000306638728471406
chrM	12158	12159	0.00579739625711961
chrM	12159	12160	0.00466082374993667
chrM	12160	12161	0.0163337547408344
chrM	12161	12162	0.00102616726526424
chrM	12162	12163	0.000616079679638567
chrM	12163	12164	0.00359250705671029
chrM	12164	12165	0.00252109487548878
chrM	12165	12166	0.00185528756957328
chrM	12166	12167	0.00422636841562726
chrM	12167	12168	0.00284193665064848
chrM	12168	12169	0.00238255554980059
chrM	12169	12170	0.00403517847904811
chrM	12170	12171	0.033348796453791
chrM	12171	12172	0.00201644998673388
chrM	12172	12173	0.000531434341287134
chrM	12173	12174	0.0079208973472968
chrM	12174	12175	0.00550713789231674
chrM	12175	12176	0.00697424892703863
chrM	12176	12177	0.00118719982731639
chrM	12177	12178	0.00279976309696872
chrM	12178	12179	0.000700204675212754
chrM	12179	12180	0.00886894267243682
chrM	12180	12181	0.00309531433450742
chrM	12181	12182	0.00838151822184499
chrM	12182	12183	0.0024361826077746
chrM	12183	12184	0.00169365936276066
chrM	12184	12185	0.0024859832857294
chrM	12185	12186	0.0103081884019665
chrM	12186	12187	0.013430300456524
chrM	12187	12188	0.00411346759976494
chrM	12188	12189	0.00417246175243394
chrM	12189	12190	0.00278626158709747
chrM	12190	12191	0.00171443878917761
chrM	12191	12192	0.00814794961136425
chrM	12192	12193	0.00593792172739541
chrM	12193	12194	0.0099316183653533
chrM	12194	12195	0.00158886697348236
chrM	12195	12196	0.00491266375545852
chrM	12196	12197	0.00212557226945716
chrM	12197	12198	0.0011986487959028
chrM	12198	12199	0.00174310927116244
chrM	12199	12200	0.00762818067890808
chrM	12200	12201	0.00175275236895437
chrM	12201	12202	0.00213628396143734
chrM	12202	12203	0.00252151510168284
chrM	12203	12204	0.00493908462298321
chrM	12204	12205	0.00385993934381031
chrM	12205	12206	0.00121728545343883
chrM	12206	12207	0.0421349869885388
chrM	12207	12208	0.00699139076674178
chrM	12208	12209	0.00127832655432888
chrM	12209	12210	0.00127817801533814
chrM	12210	12211	0.00104638995465644
chrM	12211	12212	0.00523103748910201
chrM	12212	12213	0.00396987564948333
chrM	12213	12214	0.00845481049562682
chrM	12214	12215	0.00619448340345956
chrM	12215	12216	0.0019349164467898
chrM	12216	12217	0.00286868450324922
chrM	12217	12218	0.00111260760086666
chrM	12218	12219	0.00233781414377557
chrM	12219	12220	0.00105134045908533
chrM	12220	12221	0.00239471993458326
chrM	12221	12222	0.00011706860220089
chrM	12222	12223	0.0043731778425656
chrM	12223	12224	0.00343622597553873
chrM	12224	12225	0.0030333080557662
chrM	12225	12226	0.00245484832544275
chrM	12226	12227	0.00198900198900199
chrM	12227	12228	0.00858945892251957
chrM	12228	12229	0.00328928046989721
chrM	12229	12230	0.00451665884561239
chrM	12230	12231	0.00709012070784015
chrM	12231	12232	0.00182492494260317
chrM	12232	12233	0.00340795581409013
chrM	12233	12234	0.00393700787401575
chrM	12234	12235	0.00819384291232588
chrM	12235	12236	0.0123763807761263
chrM	12236	12237	0.00161681487469685
chrM	12237	12238	0.00126918195454021
chrM	12238	12239	0.00517925994130172
chrM	12239	12240	0.0144663401298553
chrM	12240	12241	0.0201398601398601
chrM	12241	12242	0.0023479427549195
chrM	12242	12243	0.00218047635021805
chrM	12243	12244	0.00290974204017682
chrM	12244	12245	0.00591649921857557
chrM	12245	12246	0.00760772989782319
chrM	12246	12247	0.00444493832648072
chrM	12247	12248	0.00189562890276539
chrM	12248	12249	0.000446802569114772
chrM	12249	12250	0.0017866115794763
chrM	12250	12251	0.00469483568075117
chrM	12251	12252	0.00274663677130045
chrM	12252	12253	0.00353495679497251
chrM	12253	12254	0.00236300213795432
chrM	12254	12255	0.0036564099679361
chrM	12255	12256	0.00258761320807785
chrM	12256	12257	0.0629241209130167
chrM	12257	12258	0.0053603335318642
chrM	12258	12259	0.00538309707518392
chrM	12259	12260	0.00377562028047465
chrM	12260	12261	0.00113922532677779
chrM	12261	12262	0.00975580560210678
chrM	12262	12263	0.00680149271698567
chrM	12263	12264	0.00641141958507228
chrM	12264	12265	0.00623222605433533
chrM	12265	12266	0.00986384266263238
chrM	12266	12267	0.0179421457341633
chrM	12267	12268	0.00627134430301149
chrM	12268	12269	0.00624726682076591
chrM	12269	12270	0.00081648034166562
chrM	12270	12271	0.0051969194164423
chrM	12271	12272	0.0313986099256188
chrM	12272	12273	0.00610948191593353
chrM	12273	12274	0.0172276377904482
chrM	12274	12275	0.0132561613144137
chrM	12275	12276	0.0187221210027015
chrM	12276	12277	0.0174938201178931
chrM	12277	12278	0.0124056784755084
chrM	12278	12279	0.0030357834905051
chrM	12279	12280	0.00278281128656485
chrM	12280	12281	0.00998638220608261
chrM	12281	12282	0.0160287863918875
chrM	12282	12283	0.0893580296089756
chrM	12283	12284	0.00305921771432734
chrM	12284	12285	0.00458982952061781
chrM	12285	12286	0.0137796695765096
chrM	12286	12287	0.00303599826514385
chrM	12287	12288	0.010291346571967
chrM	12288	12289	0.00746104893570331
chrM	12289	12290	0.00623487126824617
chrM	12290	12291	0.0110916520723876
chrM	12291	12292	0.0031412082694134
chrM	12292	12293	0.0034321600701037
chrM	12293	12294	0.00607346699839017
chrM	12294	12295	0.00404411764705882
chrM	12295	12296	0.00567428150331614
chrM	12296	12297	0.00207238546369625
chrM	12297	12298	0.0188315539739027
chrM	12298	12299	0.00428958458759783
chrM	12299	12300	0.0111673615247171
chrM	12300	12301	0.00342134622536259
chrM	12301	12302	0.00558451228592703
chrM	12302	12303	0.000971454192198476
chrM	12303	12304	0.0030635881342001
chrM	12304	12305	0.000674308833445718
chrM	12305	12306	0.00447894893998208
chrM	12306	12307	0.0123207885304659
chrM	12307	12308	0.000680374962201391
chrM	12308	12309	0.00121037899992435
chrM	12309	12310	0.00339827820570911
chrM	12310	12311	0.0186499546964663
chrM	12311	12312	0.00253748558246828
chrM	12312	12313	0.00416184971098266
chrM	12313	12314	0.00317214700193424
chrM	12314	12315	0.00217273221075502
chrM	12315	12316	0.00194386128605863
chrM	12316	12317	0.0123851067144415
chrM	12317	12318	0.00717495860600804
chrM	12318	12319	0.000714512543664655
chrM	12319	12320	0.0011900983814662
chrM	12320	12321	0.000475963826749167
chrM	12321	12322	0.00499603489294211
chrM	12322	12323	0.0023094688221709
chrM	12323	12324	0.000399042298483639
chrM	12324	12325	0.000159667890787163
chrM	12325	12326	0.000877752952441749
chrM	12326	12327	0.000718161506543249
chrM	12327	12328	0
chrM	12328	12329	0.000558570060644749
chrM	12329	12330	0.000957625089777352
chrM	12330	12331	0.00095831336847149
chrM	12331	12332	0.00159667890787163
chrM	12332	12333	0.000798722044728434
chrM	12333	12334	0.00151684496247805
chrM	12334	12335	0.000478927203065134
chrM	12335	12336	0.000797829902664752
chrM	12336	12337	0.000478736136599378
chrM	12337	12338	0.000558570060644749
chrM	12338	12339	0.000558703807167372
chrM	12339	12340	0.000638773554774832
chrM	12340	12341	0.00151781434733983
chrM	12341	12342	0.00032
chrM	12342	12343	0.00648103696591455
chrM	12343	12344	0.000161017631430642
chrM	12344	12345	8.05023345677025e-05
chrM	12345	12346	0.00177090879819689
chrM	12346	12347	0.0249133274207853
chrM	12347	12348	0.0136420008267879
chrM	12348	12349	0.00469365518397452
chrM	12349	12350	0.00294587997643296
chrM	12350	12351	0.00244705088178213
chrM	12351	12352	0.00016914749661705
chrM	12352	12353	0.00245263870094723
chrM	12353	12354	0.0108437817688919
chrM	12354	12355	0.0110379053649354
chrM	12355	12356	0.00172920629431091
chrM	12356	12357	0.00354916897506925
chrM	12357	12358	0.000260620276257493
chrM	12358	12359	0.000695047784535187
chrM	12359	12360	0.000608484005563282
chrM	12360	12361	0.000956272276797357
chrM	12361	12362	0.00356583753696295
chrM	12362	12363	0.000785408848939698
chrM	12363	12364	0.000611193573736139
chrM	12364	12365	0.000698384984722828
chrM	12365	12366	0.00331732867743344
chrM	12366	12367	0.000437905062182519
chrM	12367	12368	0.00183984580339933
chrM	12368	12369	0.00105235464351486
chrM	12369	12370	0.00131555867391686
chrM	12370	12371	0.00114155251141553
chrM	12371	12372	0.00140659340659341
chrM	12372	12373	0.00642662206180122
chrM	12373	12374	0.00505005758837601
chrM	12374	12375	0.00658890570741697
chrM	12375	12376	0.00143394873633268
chrM	12376	12377	0.00035896975679799
chrM	12377	12378	0.000269323996768112
chrM	12378	12379	0.00350215517241379
chrM	12379	12380	0.00504595422598666
chrM	12380	12381	0.0496017378711079
chrM	12381	12382	0.00085657180927001
chrM	12382	12383	0.000856979622928966
chrM	12383	12384	0.00390625
chrM	12384	12385	0.00478194338179036
chrM	12385	12386	0.00788006919085143
chrM	12386	12387	0.00503680743897714
chrM	12387	12388	0.00321230409812129
chrM	12388	12389	0.00136652025378233
chrM	12389	12390	0.0016609672691744
chrM	12390	12391	0.00391466040321002
chrM	12391	12392	0.0689316575019639
chrM	12392	12393	0.0346717251554431
chrM	12393	12394	0.00545791944110905
chrM	12394	12395	0.0032927230819888
chrM	12395	12396	0.0634291377601586
chrM	12396	12397	0.00469980025848901
chrM	12397	12398	0.084109944555857
chrM	12398	12399	0.00218846549948507
chrM	12399	12400	0.0181794739556472
chrM	12400	12401	0.00919117647058824
chrM	12401	12402	0.00993904055128545
chrM	12402	12403	0.0121804309998661
chrM	12403	12404	0.0125999187102019
chrM	12404	12405	0.0102852441031267
chrM	12405	12406	0.0164683088845834
chrM	12406	12407	0.00492056797413187
chrM	12407	12408	0.0151172647640576
chrM	12408	12409	0.026108162387032
chrM	12409	12410	0.0182648401826484
chrM	12410	12411	0.0388597149287322
chrM	12411	12412	0.0373087730252888
chrM	12412	12413	0.00502675531052376
chrM	12413	12414	0.00635075720566683
chrM	12414	12415	0.0191552062868369
chrM	12415	12416	0.0776034712950601
chrM	12416	12417	0.0302153066763163
chrM	12417	12418	0.0106323447118075
chrM	12418	12419	0.00339302544769086
chrM	12419	12420	0.00208057499527142
chrM	12420	12421	0.0257771038665656
chrM	12421	12422	0.0340466926070039
chrM	12422	12423	0.0167170191339376
chrM	12423	12424	0.0147480540761983
chrM	12424	12425	0.0222453222453222
chrM	12425	12426	0.0271935415338857
chrM	12426	12427	0.0359947643979058
chrM	12427	12428	0.00203573852069668
chrM	12428	12429	0.000453206435531385
chrM	12429	12430	0.00045341192473362
chrM	12430	12431	0.00385225470201677
chrM	12431	12432	0.0186321290615769
chrM	12432	12433	0.00162037037037037
chrM	12433	12434	0.00231857175979597
chrM	12434	12435	0.00139437601673251
chrM	12435	12436	0.000232720502676286
chrM	12436	12437	0.00581936685288641
chrM	12437	12438	0.00234137204401779
chrM	12438	12439	0.00305092701243839
chrM	12439	12440	0.000941619585687382
chrM	12440	12441	0.000471253534401508
chrM	12441	12442	0.0223950966525224
chrM	12442	12443	0.00361707258258982
chrM	12443	12444	0.00726040658276864
chrM	12444	12445	0.00170648464163823
chrM	12445	12446	0.000488400488400488
chrM	12446	12447	0.0073295870999267
chrM	12447	12448	0.0258429731725326
chrM	12448	12449	0.0419297802475373
chrM	12449	12450	0.0100158144438587
chrM	12450	12451	0.0119744544970729
chrM	12451	12452	0.00807537012113055
chrM	12452	12453	0.030393487109905
chrM	12453	12454	0.00447802966694654
chrM	12454	12455	0.001404099971918
chrM	12455	12456	0.025
chrM	12456	12457	0.0109447004608295
chrM	12457	12458	0.038136826783115
chrM	12458	12459	0.00151331719128329
chrM	12459	12460	0.00303030303030303
chrM	12460	12461	0.00667070952092177
chrM	12461	12462	0.0289017341040462
chrM	12462	12463	0.0466207759699625
chrM	12463	12464	0.00689202494256646
chrM	12464	12465	0.00428901352688882
chrM	12465	12466	0.0115549686365137
chrM	12466	12467	0.0163333333333333
chrM	12467	12468	0.0084573748308525
chrM	12468	12469	0.00407885791978246
chrM	12469	12470	0.00749318801089918
chrM	12470	12471	0.00411663807890223
chrM	12471	12472	0.0333792154163799
chrM	12472	12473	0.250176928520878
chrM	12473	12474	0.000937207122774133
chrM	12474	12475	0.0120705663881151
chrM	12475	12476	0.0134758364312268
chrM	12476	12477	0.0305307656176609
chrM	12477	12478	0.055099081681972
chrM	12478	12479	0.00356960734319225
chrM	12479	12480	0.0438328236493374
chrM	12480	12481	0.0074468085106383
chrM	12481	12482	0.00214247455811462
chrM	12482	12483	0.00214362272240086
chrM	12483	12484	0.00160599571734475
chrM	12484	12485	0.00533333333333333
chrM	12485	12486	0.000534188034188034
chrM	12486	12487	0.00533902829684997
chrM	12487	12488	0.00107238605898123
chrM	12488	12489	0.0123456790123457
chrM	12489	12490	0.0032520325203252
chrM	12490	12491	0.00216567406605306
chrM	12491	12492	0.00646203554119548
chrM	12492	12493	0.00161550888529887
chrM	12493	12494	0.00161637931034483
chrM	12494	12495	0.037176724137931
chrM	12495	12496	0.00335382895472331
chrM	12496	12497	0.00224340998317443
chrM	12497	12498	0.0039237668161435
chrM	12498	12499	0.0106561974200785
chrM	12499	12500	0.00226116449971735
chrM	12500	12501	0
chrM	12501	12502	0
chrM	12502	12503	0
chrM	12503	12504	0.00112930547713156
chrM	12504	12505	0
chrM	12505	12506	0.000564334085778781
chrM	12506	12507	0
chrM	12507	12508	0.00169014084507042
chrM	12508	12509	0.000563063063063063
chrM	12509	12510	0
chrM	12510	12511	0.000563063063063063
chrM	12511	12512	0.00168728908886389
chrM	12512	12513	0.00224845418774592
chrM	12513	12514	0.00168634064080944
chrM	12514	12515	0
chrM	12515	12516	0
chrM	12516	12517	0.000561797752808989
chrM	12517	12518	0.00112359550561798
chrM	12518	12519	0
chrM	12519	12520	0.00112485939257593
chrM	12520	12521	0.00056274620146314
chrM	12521	12522	0
chrM	12522	12523	0.00056274620146314
chrM	12523	12524	0
chrM	12524	12525	0.000563063063063063
chrM	12525	12526	0.00338028169014085
chrM	12526	12527	0
chrM	12527	12528	0.00113058224985868
chrM	12528	12529	0.00113122171945701
chrM	12529	12530	0.000565610859728507
chrM	12530	12531	0
chrM	12531	12532	0
chrM	12532	12533	0.00282167042889391
chrM	12533	12534	0.00225352112676056
chrM	12534	12535	0.00225352112676056
chrM	12535	12536	0.00225479143179256
chrM	12536	12537	0.00112739571589628
chrM	12537	12538	0.0100783874580067
chrM	12538	12539	0.00112170499158721
chrM	12539	12540	0.00447928331466965
chrM	12540	12541	0.000561167227833895
chrM	12541	12542	0.00168255748738082
chrM	12542	12543	0.000561167227833895
chrM	12543	12544	0.000560852495793606
chrM	12544	12545	0.000560538116591928
chrM	12545	12546	0.00223713646532438
chrM	12546	12547	0.0016750418760469
chrM	12547	12548	0.00389538119087368
chrM	12548	12549	0.000556792873051225
chrM	12549	12550	0.000556792873051225
chrM	12550	12551	0.00277623542476402
chrM	12551	12552	0.00442233278054174
chrM	12552	12553	0
chrM	12553	12554	0.00110558319513543
chrM	12554	12555	0.00165929203539823
chrM	12555	12556	0
chrM	12556	12557	0
chrM	12557	12558	0.0125751776927283
chrM	12558	12559	0.00708061002178649
chrM	12559	12560	0.00272479564032698
chrM	12560	12561	0
chrM	12561	12562	0.000544959128065395
chrM	12562	12563	0.0043525571273123
chrM	12563	12564	0.00596852957135106
chrM	12564	12565	0.0010851871947911
chrM	12565	12566	0.00432198811453269
chrM	12566	12567	0
chrM	12567	12568	0.000539956803455724
chrM	12568	12569	0.0227152667723191
chrM	12569	12570	0.0425316455696203
chrM	12570	12571	0.03564453125
chrM	12571	12572	0.00243546030199708
chrM	12572	12573	0.00677310111272375
chrM	12573	12574	0.00577200577200577
chrM	12574	12575	0.0216470588235294
chrM	12575	12576	0.12262592898431
chrM	12576	12577	0.00206100577081616
chrM	12577	12578	0.0221774193548387
chrM	12578	12579	0.00720576461168935
chrM	12579	12580	0.00636435958631663
chrM	12580	12581	0.0451955943790353
chrM	12581	12582	0.118513558754603
chrM	12582	12583	0.0352180936995153
chrM	12583	12584	0.00386349001931745
chrM	12584	12585	0.0028892455858748
chrM	12585	12586	0.000962155227710071
chrM	12586	12587	0.00510529674537333
chrM	12587	12588	0.00191082802547771
chrM	12588	12589	0.00158982511923688
chrM	12589	12590	0
chrM	12590	12591	0.000317863954227591
chrM	12591	12592	0.00127064803049555
chrM	12592	12593	0.0196322842006856
chrM	12593	12594	0
chrM	12594	12595	0.000622858922454064
chrM	12595	12596	0.000622471210706505
chrM	12596	12597	0
chrM	12597	12598	0.00186393289841566
chrM	12598	12599	0.000931966449207828
chrM	12599	12600	0.00248215947874651
chrM	12600	12601	0.000310269934843314
chrM	12601	12602	0.00124031007751938
chrM	12602	12603	0.00123992560446373
chrM	12603	12604	0.00465116279069767
chrM	12604	12605	0.000311429461227032
chrM	12605	12606	0.000311332503113325
chrM	12606	12607	0.000933125972006221
chrM	12607	12608	0.000622083981337481
chrM	12608	12609	0.000933125972006221
chrM	12609	12610	0.000933125972006221
chrM	12610	12611	0.000932835820895522
chrM	12611	12612	0.0031055900621118
chrM	12612	12613	0.000621890547263682
chrM	12613	12614	0.0027906976744186
chrM	12614	12615	0.021250758955677
chrM	12615	12616	0.0125974805038992
chrM	12616	12617	0.00865671641791045
chrM	12617	12618	0.00567842199641363
chrM	12618	12619	0.0263697626721359
chrM	12619	12620	0.00410076157000586
chrM	12620	12621	0.0152958152958153
chrM	12621	12622	0.0436343551505109
chrM	12622	12623	0.00959166895039737
chrM	12623	12624	0.017264634475317
chrM	12624	12625	0.00188476036618201
chrM	12625	12626	0.0024174053182917
chrM	12626	12627	0.00107324926214113
chrM	12627	12628	0.00798722044728434
chrM	12628	12629	0.0317173800928314
chrM	12629	12630	0.00051559680329982
chrM	12630	12631	0.00154479917610711
chrM	12631	12632	0.000514668039114771
chrM	12632	12633	0.00718132854578097
chrM	12633	12634	0
chrM	12634	12635	0.00384911470361817
chrM	12635	12636	0.000256739409499358
chrM	12636	12637	0.000513347022587269
chrM	12637	12638	0.000769822940723634
chrM	12638	12639	0.00561654327291294
chrM	12639	12640	0.00127616130678918
chrM	12640	12641	0.0178168130489335
chrM	12641	12642	0.00225394440270473
chrM	12642	12643	0.000750938673341677
chrM	12643	12644	0.000250312891113892
chrM	12644	12645	0.0005005005005005
chrM	12645	12646	0.00125093820365274
chrM	12646	12647	0.000250375563345017
chrM	12647	12648	0.000750562922191644
chrM	12648	12649	0.000250125062531266
chrM	12649	12650	0.000500250125062531
chrM	12650	12651	0.00149962509372657
chrM	12651	12652	0.00124937531234383
chrM	12652	12653	0.000999750062484379
chrM	12653	12654	0.0017473789316026
chrM	12654	12655	0.00149551345962114
chrM	12655	12656	0.00024919013207077
chrM	12656	12657	0.00024919013207077
chrM	12657	12658	0.00024919013207077
chrM	12658	12659	0.00049825610363727
chrM	12659	12660	0.00298284862043251
chrM	12660	12661	0.000745526838966203
chrM	12661	12662	0.000496894409937888
chrM	12662	12663	0.000744971442761361
chrM	12663	12664	0.00247831474597274
chrM	12664	12665	0.00198019801980198
chrM	12665	12666	0
chrM	12666	12667	0.00148331273176761
chrM	12667	12668	0.000247157686604053
chrM	12668	12669	0
chrM	12669	12670	0.00491883915395967
chrM	12670	12671	0
chrM	12671	12672	0.00562484715089264
chrM	12672	12673	0.00220102714600147
chrM	12673	12674	0.000490196078431373
chrM	12674	12675	0.00366479354996335
chrM	12675	12676	0.000244259892525647
chrM	12676	12677	0.000488519785051295
chrM	12677	12678	0
chrM	12678	12679	0.000976800976800977
chrM	12679	12680	0.000488519785051295
chrM	12680	12681	0.000488639139995114
chrM	12681	12682	0.000488758553274682
chrM	12682	12683	0.000488997555012225
chrM	12683	12684	0.000733496332518337
chrM	12684	12685	0.00122159784998778
chrM	12685	12686	0.00268817204301075
chrM	12686	12687	0.00585794483768611
chrM	12687	12688	0.000244558571777941
chrM	12688	12689	0.00146735143066764
chrM	12689	12690	0
chrM	12690	12691	0.00244798041615667
chrM	12691	12692	0.00147094876195146
chrM	12692	12693	0.00122518990443519
chrM	12693	12694	0.00244738130200685
chrM	12694	12695	0.00171484566389025
chrM	12695	12696	0.0019603038470963
chrM	12696	12697	0
chrM	12697	12698	0.000245218244237371
chrM	12698	12699	0.000981113563895021
chrM	12699	12700	0.00122699386503067
chrM	12700	12701	0.000981836033382425
chrM	12701	12702	0.00220534182798334
chrM	12702	12703	0
chrM	12703	12704	0.000490075961774075
chrM	12704	12705	0.00171526586620926
chrM	12705	12706	0.00851581508515815
chrM	12706	12707	0.00170068027210884
chrM	12707	12708	0.000485908649173955
chrM	12708	12709	0.000729217306757414
chrM	12709	12710	0.000972762645914397
chrM	12710	12711	0.00436152168645505
chrM	12711	12712	0
chrM	12712	12713	0.00266537436394475
chrM	12713	12714	0.000485908649173955
chrM	12714	12715	0
chrM	12715	12716	0
chrM	12716	12717	0.000729040097205346
chrM	12717	12718	0.0121477162293489
chrM	12718	12719	0
chrM	12719	12720	0.000491400491400491
chrM	12720	12721	0
chrM	12721	12722	0.000245760629147211
chrM	12722	12723	0.00712881022615536
chrM	12723	12724	0.000494926998267755
chrM	12724	12725	0
chrM	12725	12726	0.000741839762611276
chrM	12726	12727	0.000494315373208107
chrM	12727	12728	0.00074147305981216
chrM	12728	12729	0.00663880009835259
chrM	12729	12730	0.0031988188976378
chrM	12730	12731	0.000246852628980499
chrM	12731	12732	0
chrM	12732	12733	0.00172626387176326
chrM	12733	12734	0.00344912540034491
chrM	12734	12735	0.001232741617357
chrM	12735	12736	0.00098570724494825
chrM	12736	12737	0.0014792899408284
chrM	12737	12738	0.00271604938271605
chrM	12738	12739	0.00123670541676973
chrM	12739	12740	0.0101359703337454
chrM	12740	12741	0.000998253057149988
chrM	12741	12742	0.00373785198106155
chrM	12742	12743	0.000997755051134946
chrM	12743	12744	0.000249625561657514
chrM	12744	12745	0.000998751560549313
chrM	12745	12746	0.000499875031242189
chrM	12746	12747	0.0200050012503126
chrM	12747	12748	0.000510073960724305
chrM	12748	12749	0.000765110941086458
chrM	12749	12750	0.00127616130678918
chrM	12750	12751	0.000510855683269476
chrM	12751	12752	0.00204342273307791
chrM	12752	12753	0.000255950857435372
chrM	12753	12754	0.00383926286153059
chrM	12754	12755	0.000513610683102209
chrM	12755	12756	0.00102748522989982
chrM	12756	12757	0.00257135510413988
chrM	12757	12758	0.00025779840164991
chrM	12758	12759	0.00335224342444559
chrM	12759	12760	0.00155159038013964
chrM	12760	12761	0.00129433083096039
chrM	12761	12762	0.00103680663556247
chrM	12762	12763	0.00129735339906591
chrM	12763	12764	0.0111717329176409
chrM	12764	12765	0.00026267402153927
chrM	12765	12766	0.0126050420168067
chrM	12766	12767	0.00904014889657006
chrM	12767	12768	0.00321543408360129
chrM	12768	12769	0.00429530201342282
chrM	12769	12770	0.00269614451334592
chrM	12770	12771	0.0089213300892133
chrM	12771	12772	0.0359967275702209
chrM	12772	12773	0.00367647058823529
chrM	12773	12774	0.000567536889897843
chrM	12774	12775	0.0147559591373439
chrM	12775	12776	0.0135251798561151
chrM	12776	12777	0.0306122448979592
chrM	12777	12778	0.00240601503759398
chrM	12778	12779	0.0307506783237866
chrM	12779	12780	0.00435323383084577
chrM	12780	12781	0.00437090227911333
chrM	12781	12782	0.00282220131702728
chrM	12782	12783	0.00470219435736677
chrM	12783	12784	0.00878569187323502
chrM	12784	12785	0.00316355583676052
chrM	12785	12786	0.0469692161218661
chrM	12786	12787	0.047952047952048
chrM	12787	12788	0.0101327742837177
chrM	12788	12789	0.00423131170662906
chrM	12789	12790	0.00460339943342776
chrM	12790	12791	0.000355618776671408
chrM	12791	12792	0.00142196942765731
chrM	12792	12793	0.00925266903914591
chrM	12793	12794	0.000359066427289048
chrM	12794	12795	0.00969479353680431
chrM	12795	12796	0.000724900326205147
chrM	12796	12797	0.00326323422770123
chrM	12797	12798	0.00109090909090909
chrM	12798	12799	0.00254730713245997
chrM	12799	12800	0.00182415176942722
chrM	12800	12801	0.000365363536719035
chrM	12801	12802	0.00109609061015711
chrM	12802	12803	0.00219378427787934
chrM	12803	12804	0.00292932991578176
chrM	12804	12805	0.00110132158590308
chrM	12805	12806	0.000367511944138185
chrM	12806	12807	0.000735023888276369
chrM	12807	12808	0.00551470588235294
chrM	12808	12809	0.0022181146025878
chrM	12809	12810	0.00296406076324565
chrM	12810	12811	0.000743218134522482
chrM	12811	12812	0.000371885459278542
chrM	12812	12813	0.00223214285714286
chrM	12813	12814	0.000372856077554064
chrM	12814	12815	0.010443864229765
chrM	12815	12816	0.00414624952883528
chrM	12816	12817	0.00189250567751703
chrM	12817	12818	0.00189609404626469
chrM	12818	12819	0
chrM	12819	12820	0.000759878419452888
chrM	12820	12821	0.00304182509505703
chrM	12821	12822	0.000381242851696531
chrM	12822	12823	0.000762485703393061
chrM	12823	12824	0.00228920259442961
chrM	12824	12825	0.00267686424474187
chrM	12825	12826	0.00153374233128834
chrM	12826	12827	0.00268817204301075
chrM	12827	12828	0.00192529842125529
chrM	12828	12829	0.00231481481481481
chrM	12829	12830	0.00193348801237432
chrM	12830	12831	0.0065865943432778
chrM	12831	12832	0.00078003120124805
chrM	12832	12833	0.00039032006245121
chrM	12833	12834	0.000390472471690746
chrM	12834	12835	0.00703125
chrM	12835	12836	0.001573564122738
chrM	12836	12837	0.00865800865800866
chrM	12837	12838	0.00317082837891399
chrM	12838	12839	0.000794912559618442
chrM	12839	12840	0.00477326968973747
chrM	12840	12841	0.0191846522781775
chrM	12841	12842	0.00162999185004075
chrM	12842	12843	0.000408163265306122
chrM	12843	12844	0.00530828909759085
chrM	12844	12845	0.00410340582683627
chrM	12845	12846	0.0028830313014827
chrM	12846	12847	0.000826104915324246
chrM	12847	12848	0.00454733360892931
chrM	12848	12849	0.0402823920265781
chrM	12849	12850	0.077022933794894
chrM	12850	12851	0
chrM	12851	12852	0.00140646976090014
chrM	12852	12853	0.00140845070422535
chrM	12853	12854	0.00846262341325811
chrM	12854	12855	0.00284495021337127
chrM	12855	12856	0.0209224916785544
chrM	12856	12857	0.00485436893203883
chrM	12857	12858	0.0165772793759142
chrM	12858	12859	0.000991571641051066
chrM	12859	12860	0.000992555831265509
chrM	12860	12861	0.0193740685543964
chrM	12861	12862	0.00557244174265451
chrM	12862	12863	0.0275089149261335
chrM	12863	12864	0
chrM	12864	12865	0.000523834468308015
chrM	12865	12866	0.00314300680984809
chrM	12866	12867	0.00210084033613445
chrM	12867	12868	0.0215789473684211
chrM	12868	12869	0.0010752688172043
chrM	12869	12870	0.00322754168908015
chrM	12870	12871	0
chrM	12871	12872	0.00809498111171074
chrM	12872	12873	0.00598151169113649
chrM	12873	12874	0.00656096227446692
chrM	12874	12875	0.000550357732526142
chrM	12875	12876	0
chrM	12876	12877	0.00330396475770925
chrM	12877	12878	0.0204419889502762
chrM	12878	12879	0.00394811054709532
chrM	12879	12880	0.00849377123442809
chrM	12880	12881	0
chrM	12881	12882	0
chrM	12882	12883	0.00342661336379212
chrM	12883	12884	0.000573065902578797
chrM	12884	12885	0.00458715596330275
chrM	12885	12886	0.00864055299539171
chrM	12886	12887	0.00290528762347472
chrM	12887	12888	0
chrM	12888	12889	0
chrM	12889	12890	0.00874125874125874
chrM	12890	12891	0.00176263219741481
chrM	12891	12892	0
chrM	12892	12893	0.00117577895355673
chrM	12893	12894	0.00117647058823529
chrM	12894	12895	0
chrM	12895	12896	0.00235571260306243
chrM	12896	12897	0
chrM	12897	12898	0.00354191263282172
chrM	12898	12899	0.00118343195266272
chrM	12899	12900	0
chrM	12900	12901	0.00118343195266272
chrM	12901	12902	0
chrM	12902	12903	0.00177725118483412
chrM	12903	12904	0.00651658767772512
chrM	12904	12905	0.000594883997620464
chrM	12905	12906	0
chrM	12906	12907	0
chrM	12907	12908	0.00178465199286139
chrM	12908	12909	0.00119189511323004
chrM	12909	12910	0.00119331742243437
chrM	12910	12911	0.000597371565113501
chrM	12911	12912	0
chrM	12912	12913	0
chrM	12913	12914	0
chrM	12914	12915	0.000597728631201434
chrM	12915	12916	0.0017910447761194
chrM	12916	12917	0
chrM	12917	12918	0.000596658711217184
chrM	12918	12919	0
chrM	12919	12920	0
chrM	12920	12921	0
chrM	12921	12922	0.00119189511323004
chrM	12922	12923	0
chrM	12923	12924	0
chrM	12924	12925	0
chrM	12925	12926	0.00237812128418549
chrM	12926	12927	0
chrM	12927	12928	0
chrM	12928	12929	0.0005941770647653
chrM	12929	12930	0.00118694362017804
chrM	12930	12931	0
chrM	12931	12932	0.0146198830409357
chrM	12932	12933	0.0479108635097493
chrM	12933	12934	0.00664451827242525
chrM	12934	12935	0.0066006600660066
chrM	12935	12936	0.00329127811300055
chrM	12936	12937	0.0135354629128316
chrM	12937	12938	0.0273828330700369
chrM	12938	12939	0.00367647058823529
chrM	12939	12940	0.00626959247648903
chrM	12940	12941	0.0184615384615385
chrM	12941	12942	0.00864260294865277
chrM	12942	12943	0.00253807106598985
chrM	12943	12944	0.00606060606060606
chrM	12944	12945	0.000505050505050505
chrM	12945	12946	0.0388726919339164
chrM	12946	12947	0.000971345313258863
chrM	12947	12948	0.00387596899224806
chrM	12948	12949	0.00193986420950533
chrM	12949	12950	0.00242836328314716
chrM	12950	12951	0.000973709834469328
chrM	12951	12952	0.00194552529182879
chrM	12952	12953	0.005819592628516
chrM	12953	12954	0.000486144871171609
chrM	12954	12955	0.000485908649173955
chrM	12955	12956	0.00963391136801541
chrM	12956	12957	0.000964320154291225
chrM	12957	12958	0.00576368876080692
chrM	12958	12959	0.00240384615384615
chrM	12959	12960	0.0212464589235127
chrM	12960	12961	0.000472589792060492
chrM	12961	12962	0.00141843971631206
chrM	12962	12963	0.00142045454545455
chrM	12963	12964	0.0118427285646613
chrM	12964	12965	0.012924844423169
chrM	12965	12966	0.00531144374698213
chrM	12966	12967	0.0326923076923077
chrM	12967	12968	0.00345508390918065
chrM	12968	12969	0.00148294611962432
chrM	12969	12970	0.00443131462333826
chrM	12970	12971	0.0303907380607815
chrM	12971	12972	0.00145985401459854
chrM	12972	12973	0.00048661800486618
chrM	12973	12974	0
chrM	12974	12975	0.00387972841901067
chrM	12975	12976	0.00193798449612403
chrM	12976	12977	0.00434572670207629
chrM	12977	12978	0.024493641073952
chrM	12978	12979	0.00234962406015038
chrM	12979	12980	0.000938967136150235
chrM	12980	12981	0.00187441424554827
chrM	12981	12982	0.00140383715489003
chrM	12982	12983	0.00512104283054004
chrM	12983	12984	0.00185873605947955
chrM	12984	12985	0.000464468183929401
chrM	12985	12986	0.000464468183929401
chrM	12986	12987	0
chrM	12987	12988	0.00834879406307978
chrM	12988	12989	0.00139925373134328
chrM	12989	12990	0
chrM	12990	12991	0.000932400932400932
chrM	12991	12992	0.000465983224603914
chrM	12992	12993	0.000931098696461825
chrM	12993	12994	0
chrM	12994	12995	0.000930665425779432
chrM	12995	12996	0.00139470013947001
chrM	12996	12997	0.00278164116828929
chrM	12997	12998	0.00046339202965709
chrM	12998	12999	0.0208711433756806
chrM	12999	13000	0.00272108843537415
chrM	13000	13001	0.00181488203266788
chrM	13001	13002	0.0072234762979684
chrM	13002	13003	0.000452488687782805
chrM	13003	13004	0.00316027088036117
chrM	13004	13005	0
chrM	13005	13006	0.00270392068499324
chrM	13006	13007	0.00760626398210291
chrM	13007	13008	0.0132567388422448
chrM	13008	13009	0.0113735783027122
chrM	13009	13010	0.0317931326833404
chrM	13010	13011	0.0150375939849624
chrM	13011	13012	0.0025
chrM	13012	13013	0.0163934426229508
chrM	13013	13014	0.0165255945183394
chrM	13014	13015	0
chrM	13015	13016	0.0107655502392345
chrM	13016	13017	0.00869565217391304
chrM	13017	13018	0.00589390962671906
chrM	13018	13019	0.00818394388152767
chrM	13019	13020	0.142140468227425
chrM	13020	13021	0.00730897009966777
chrM	13021	13022	0.0290416263310745
chrM	13022	13023	0.00545571245186136
chrM	13023	13024	0.130094919039643
chrM	13024	13025	0.00472353431508752
chrM	13025	13026	0.0153214774281806
chrM	13026	13027	0.101303171871158
chrM	13027	13028	0.0249400479616307
chrM	13028	13029	0.0374047564072962
chrM	13029	13030	0.00619692448932752
chrM	13030	13031	0.0447564721369021
chrM	13031	13032	0.00131550098662574
chrM	13032	13033	0.0826795413397707
chrM	13033	13034	0.00380761523046092
chrM	13034	13035	0.002
chrM	13035	13036	0.000999000999000999
chrM	13036	13037	0.000998003992015968
chrM	13037	13038	0.000798084596967279
chrM	13038	13039	0.0039769337840525
chrM	13039	13040	0.0135373749264273
chrM	13040	13041	0.000196155355041193
chrM	13041	13042	0.000196116885663856
chrM	13042	13043	0
chrM	13043	13044	0.00449043342444358
chrM	13044	13045	0.00311647837943124
chrM	13045	13046	0.00213966154444661
chrM	13046	13047	0.000971628449280995
chrM	13047	13048	0
chrM	13048	13049	0.000194325689856199
chrM	13049	13050	0.0171952617500955
chrM	13050	13051	0.0244357396008207
chrM	13051	13052	0.00408921933085502
chrM	13052	13053	0.0097551997055034
chrM	13053	13054	0.00403299725022915
chrM	13054	13055	0.00109869987181835
chrM	13055	13056	0.0123054650741947
chrM	13056	13057	0.00647598488936859
chrM	13057	13058	0.00161637931034483
chrM	13058	13059	0.0390058681394546
chrM	13059	13060	0.00583390528483185
chrM	13060	13061	0.00901513862901854
chrM	13061	13062	0.00203769740193581
chrM	13062	13063	0.0067476383265857
chrM	13063	13064	0.00302826379542396
chrM	13064	13065	0.00067260803766605
chrM	13065	13066	0.0336366590835229
chrM	13066	13067	0.00981496379726468
chrM	13067	13068	0.0100350430073272
chrM	13068	13069	0.000477630950485591
chrM	13069	13070	0.00364847715736041
chrM	13070	13071	0.00110935023771791
chrM	13071	13072	0.00126642393541238
chrM	13072	13073	0.0169623404917523
chrM	13073	13074	0.0106251924853711
chrM	13074	13075	0.000615953187557746
chrM	13075	13076	0.0303256647744249
chrM	13076	13077	0.0204858062628036
chrM	13077	13078	0.00813126179758966
chrM	13078	13079	0.0691007437457742
chrM	13079	13080	0.0340909090909091
chrM	13080	13081	0.0789061558848332
chrM	13081	13082	0.000241225425159812
chrM	13082	13083	0.00204720616570328
chrM	13083	13084	0.00539762504498021
chrM	13084	13085	0.00335329341317365
chrM	13085	13086	0.0031074459184893
chrM	13086	13087	0.00523373379326752
chrM	13087	13088	0.00178231939163498
chrM	13088	13089	0.00237304224015187
chrM	13089	13090	0.00987422122957564
chrM	13090	13091	0.0199400645458737
chrM	13091	13092	0.00367520385896405
chrM	13092	13093	0.012251843448667
chrM	13093	13094	0.0280074980703495
chrM	13094	13095	0.0142546245919478
chrM	13095	13096	0.0153417015341702
chrM	13096	13097	0.00171416327405185
chrM	13097	13098	0.0450219993860636
chrM	13098	13099	0.0409224730127576
chrM	13099	13100	0.0182151117964534
chrM	13100	13101	0.00660982852763675
chrM	13101	13102	0.0139886578449905
chrM	13102	13103	0.0138940693770981
chrM	13103	13104	0.0472678809418036
chrM	13104	13105	0.0102112676056338
chrM	13105	13106	0.00184842883548983
chrM	13106	13107	0.0132150930272996
chrM	13107	13108	0.000434631432545202
chrM	13108	13109	0.0213617021276596
chrM	13109	13110	0.00491692099016616
chrM	13110	13111	0.00456543794386202
chrM	13111	13112	0.00320675105485232
chrM	13112	13113	0.000674763832658569
chrM	13113	13114	0.00252419015565839
chrM	13114	13115	0.00176678445229682
chrM	13115	13116	0.000421300977418268
chrM	13116	13117	0.00310898243845055
chrM	13117	13118	0.00643489888016045
chrM	13118	13119	0.0512107979356888
chrM	13119	13120	0.00686715605020128
chrM	13120	13121	0.00346511261616003
chrM	13121	13122	0.0279950912716674
chrM	13122	13123	0.0131017672151127
chrM	13123	13124	0.0338217880402605
chrM	13124	13125	0.00663765764436905
chrM	13125	13126	0.00353617209370856
chrM	13126	13127	0.00117733627667403
chrM	13127	13128	0.000147145379635079
chrM	13128	13129	0.00330057209916385
chrM	13129	13130	0.0046066101199181
chrM	13130	13131	0.00546169531022429
chrM	13131	13132	0.00500072474271634
chrM	13132	13133	0.0251785840582785
chrM	13133	13134	0.00162659123055163
chrM	13134	13135	0.0188495513667664
chrM	13135	13136	0.00222887789928258
chrM	13136	13137	0.0209144966167726
chrM	13137	13138	0.00204694323144105
chrM	13138	13139	0.0297252565375703
chrM	13139	13140	0.00382863555350188
chrM	13140	13141	0.00158342679949858
chrM	13141	13142	0.00112085448671458
chrM	13142	13143	0.0188312948941953
chrM	13143	13144	0.0142893595304925
chrM	13144	13145	0.0390510053948014
chrM	13145	13146	0.00518419126616248
chrM	13146	13147	0.0024339783375928
chrM	13147	13148	0.000608198515995621
chrM	13148	13149	0.000607939692382516
chrM	13149	13150	0.00658451129636342
chrM	13150	13151	0.00762579560465954
chrM	13151	13152	0.000180407721450478
chrM	13152	13153	0.000601214453195455
chrM	13153	13154	0.000480913736098587
chrM	13154	13155	0.000961654044957327
chrM	13155	13156	0.00360208921174281
chrM	13156	13157	0.00603814192622706
chrM	13157	13158	0.0223902467616201
chrM	13158	13159	0.00117501909406028
chrM	13159	13160	0.0382352941176471
chrM	13160	13161	0.00665839070082383
chrM	13161	13162	0.0010761823845936
chrM	13162	13163	0.00631021465998084
chrM	13163	13164	0.00298037451498622
chrM	13164	13165	0.00704264714102062
chrM	13165	13166	0.00111681929863748
chrM	13166	13167	0.0031201248049922
chrM	13167	13168	0.0219966159052453
chrM	13168	13169	0.00561277314587761
chrM	13169	13170	0.0548171898433056
chrM	13170	13171	0.00356976563712556
chrM	13171	13172	0.00129688229496291
chrM	13172	13173	0.0012455238984898
chrM	13173	13174	0.00140208755257828
chrM	13174	13175	0.00150586769134905
chrM	13175	13176	0.00388943629103355
chrM	13176	13177	0.00326780434669848
chrM	13177	13178	0.000674693792817106
chrM	13178	13179	0.00217627856365615
chrM	13179	13180	0.00300067256454033
chrM	13180	13181	0.00196575448761057
chrM	13181	13182	0.00449565936337329
chrM	13182	13183	0.00304878048780488
chrM	13183	13184	0.000258478081058726
chrM	13184	13185	0.000568710578016751
chrM	13185	13186	0.00315326957870251
chrM	13186	13187	0.00990658043322041
chrM	13187	13188	0.00200225895882534
chrM	13188	13189	0.00189996918968882
chrM	13189	13190	0.0038394594041159
chrM	13190	13191	0.00158551554828151
chrM	13191	13192	0.00404071402997289
chrM	13192	13193	0.010015760841934
chrM	13193	13194	0.00528535854042791
chrM	13194	13195	0.00381698814189017
chrM	13195	13196	0.0337515375153752
chrM	13196	13197	0.0219013237063779
chrM	13197	13198	0.0111423265558783
chrM	13198	13199	0.000571210967250571
chrM	13199	13200	0.000190394592793565
chrM	13200	13201	0.0268254262416605
chrM	13201	13202	0.00557835046793601
chrM	13202	13203	0.0519134047671113
chrM	13203	13204	0.00196807347474306
chrM	13204	13205	0.0010942834631883
chrM	13205	13206	0.0012242042672263
chrM	13206	13207	0.000961244374535763
chrM	13207	13208	0.00279500393047428
chrM	13208	13209	0.00712578752987182
chrM	13209	13210	0.00447184474449703
chrM	13210	13211	0.000174299533748747
chrM	13211	13212	0.000261472087854622
chrM	13212	13213	0.000697380464629735
chrM	13213	13214	0.00161269232445626
chrM	13214	13215	0.00651437505428646
chrM	13215	13216	0.00169425257396064
chrM	13216	13217	0.000825010855405992
chrM	13217	13218	0.000520969002344361
chrM	13218	13219	0.00117126496616346
chrM	13219	13220	0.00065073098780964
chrM	13220	13221	0.0115406066326312
chrM	13221	13222	0.00266025916073114
chrM	13222	13223	0.000258064516129032
chrM	13223	13224	0.000343967667039298
chrM	13224	13225	0.000730554361839278
chrM	13225	13226	0.002017860209514
chrM	13226	13227	0.00214399039492303
chrM	13227	13228	0.00667379679144385
chrM	13228	13229	0.00257389215391875
chrM	13229	13230	0.00606215846994535
chrM	13230	13231	0.00447436826181446
chrM	13231	13232	0.00303172637601947
chrM	13232	13233	0.0436869308392813
chrM	13233	13234	0.00405289229131699
chrM	13234	13235	0.004
chrM	13235	13236	0.0485784294659873
chrM	13236	13237	0.0140681316126032
chrM	13237	13238	0.0118867851473264
chrM	13238	13239	0.00463070155128502
chrM	13239	13240	0.0109835438193647
chrM	13240	13241	0.00420441080915797
chrM	13241	13242	0.00129979356219894
chrM	13242	13243	0.0477284328739153
chrM	13243	13244	0.00458281806939696
chrM	13244	13245	0.00656510700036271
chrM	13245	13246	0.00794051829928535
chrM	13246	13247	0.0153063066315295
chrM	13247	13248	0.00270398655314795
chrM	13248	13249	0.00142512606884455
chrM	13249	13250	0.0124304401243044
chrM	13250	13251	0.00489138253488707
chrM	13251	13252	0.00376519525226808
chrM	13252	13253	0.0230707198204832
chrM	13253	13254	0.00203052793726369
chrM	13254	13255	0.00815027284175178
chrM	13255	13256	0.000634048399027792
chrM	13256	13257	0.00264103105852525
chrM	13257	13258	0.00309575740519243
chrM	13258	13259	0.00193253689388616
chrM	13259	13260	0.00397132213397062
chrM	13260	13261	0.000986888481601579
chrM	13261	13262	0.00249859234234234
chrM	13262	13263	0.00724257373779784
chrM	13263	13264	0.00153862293247543
chrM	13264	13265	0.00805136213777546
chrM	13265	13266	0.0138811771238201
chrM	13266	13267	0.00246253429958489
chrM	13267	13268	0.00116262683201804
chrM	13268	13269	0.0025685232750431
chrM	13269	13270	0.00590987441516868
chrM	13270	13271	0.00095440084835631
chrM	13271	13272	0.000495119536002263
chrM	13272	13273	0.000565850898288301
chrM	13273	13274	0.00212186582735085
chrM	13274	13275	0.0248592372251142
chrM	13275	13276	0.0124124414764272
chrM	13276	13277	0.00869788608338227
chrM	13277	13278	0.0291740020838573
chrM	13278	13279	0.0534133790737564
chrM	13279	13280	0.0406715299290497
chrM	13280	13281	0.011760775141998
chrM	13281	13282	0.0146578719435006
chrM	13282	13283	0.00822620395657097
chrM	13283	13284	0.0111402141838798
chrM	13284	13285	0.00707982086406744
chrM	13285	13286	0.00748227881333683
chrM	13286	13287	0.00134948324665921
chrM	13287	13288	0.000362235321236869
chrM	13288	13289	0.00769079722476764
chrM	13289	13290	0.00516188049266556
chrM	13290	13291	0.00317148929213667
chrM	13291	13292	0.00388482632541133
chrM	13292	13293	0.00182922845756843
chrM	13293	13294	0.00219054469365069
chrM	13294	13295	0.00965661723788013
chrM	13295	13296	0.005826968659468
chrM	13296	13297	0.000857237059017474
chrM	13297	13298	0.00158186132349064
chrM	13298	13299	0.000626463121105213
chrM	13299	13300	0.000560649033704901
chrM	13300	13301	0.00145166611679314
chrM	13301	13302	0.00339284537848343
chrM	13302	13303	0.0169192579043637
chrM	13303	13304	0.0385139201216229
chrM	13304	13305	0.00598783523998613
chrM	13305	13306	0.00339654684404189
chrM	13306	13307	0.00421449913508413
chrM	13307	13308	0.00377702936640332
chrM	13308	13309	0.0102233406731677
chrM	13309	13310	0.00743424161285242
chrM	13310	13311	0.000504048136597045
chrM	13311	13312	0.000755953130905884
chrM	13312	13313	0.00122761182284617
chrM	13313	13314	0.0380690498014054
chrM	13314	13315	0.00338711663998029
chrM	13315	13316	0.00222098833981122
chrM	13316	13317	0.00188364624505929
chrM	13317	13318	0.00114427091387042
chrM	13318	13319	0.019187917801436
chrM	13319	13320	0.0104605776736924
chrM	13320	13321	0.0137131459203391
chrM	13321	13322	0.00107110229026872
chrM	13322	13323	0.00210671949187184
chrM	13323	13324	0.00254229308559053
chrM	13324	13325	0.013398027860385
chrM	13325	13326	0.00290321562687368
chrM	13326	13327	0.00113683013863012
chrM	13327	13328	0.00522094668973109
chrM	13328	13329	0.00179042593290614
chrM	13329	13330	0.014012028024056
chrM	13330	13331	0.0341643025291242
chrM	13331	13332	0.00384755210857974
chrM	13332	13333	0.00293379306173064
chrM	13333	13334	0.00069589422407794
chrM	13334	13335	0.00205487731173698
chrM	13335	13336	0.000816301850284194
chrM	13336	13337	0.0127301865682925
chrM	13337	13338	0.00210938216502094
chrM	13338	13339	0.00186572870469491
chrM	13339	13340	0.00229463056447912
chrM	13340	13341	0.000980091883614089
chrM	13341	13342	0.001594016308013
chrM	13342	13343	0.00119723714504988
chrM	13343	13344	0.00101413644744929
chrM	13344	13345	0.00778412039439543
chrM	13345	13346	0.00956558825321391
chrM	13346	13347	0.0185581297261471
chrM	13347	13348	0.00309886274745773
chrM	13348	13349	0.0092971476711999
chrM	13349	13350	0.031978401079946
chrM	13350	13351	0.0230369691414604
chrM	13351	13352	0.00180775464405934
chrM	13352	13353	0.00221611835944816
chrM	13353	13354	0.00449382099613032
chrM	13354	13355	0.00159509586213368
chrM	13355	13356	0.00950310559006211
chrM	13356	13357	0.0119676717438607
chrM	13357	13358	0.00191775653923541
chrM	13358	13359	0.00357961503438314
chrM	13359	13360	0.00618788674292143
chrM	13360	13361	0.0205439005439005
chrM	13361	13362	0.00302238453546579
chrM	13362	13363	0.0033960128293818
chrM	13363	13364	0.000377619736924917
chrM	13364	13365	0.00714464778139885
chrM	13365	13366	0.00708644210657759
chrM	13366	13367	0.00396255850234009
chrM	13367	13368	0.000219037486701295
chrM	13368	13369	0.000437924239106635
chrM	13369	13370	0.00580307001123175
chrM	13370	13371	0.00644257703081232
chrM	13371	13372	0.0041417538614848
chrM	13372	13373	0.00246612973715427
chrM	13373	13374	0.00277899206894398
chrM	13374	13375	0.00193919679719755
chrM	13375	13376	0.0102376372774089
chrM	13376	13377	0.0214753436986004
chrM	13377	13378	0.00854565595822124
chrM	13378	13379	0.00446044540733425
chrM	13379	13380	0.000991904777141394
chrM	13380	13381	0.00310429801260921
chrM	13381	13382	0.00856400551688745
chrM	13382	13383	0.00620836836318955
chrM	13383	13384	0.00019514733623886
chrM	13384	13385	0.000520443678235696
chrM	13385	13386	0.000390485177833458
chrM	13386	13387	0.00107411385606874
chrM	13387	13388	0.00947975372186207
chrM	13388	13389	0.000197290543206629
chrM	13389	13390	0.000394645969678035
chrM	13390	13391	0.000394658948891666
chrM	13391	13392	0.000493307462097543
chrM	13392	13393	0.00659903476804885
chrM	13393	13394	0.00214160983163652
chrM	13394	13395	0.009511668954697
chrM	13395	13396	0.00296706879686991
chrM	13396	13397	0.00107568941912771
chrM	13397	13398	0.00188955856002606
chrM	13398	13399	0.0050849115029825
chrM	13399	13400	0.00124365897561774
chrM	13400	13401	0.00101406607785411
chrM	13401	13402	0.00971731448763251
chrM	13402	13403	0.000363384096990519
chrM	13403	13404	0.000165207335205683
chrM	13404	13405	0.00728752913370318
chrM	13405	13406	0.0024270252541817
chrM	13406	13407	0.000459408019951434
chrM	13407	13408	0.000492029128124385
chrM	13408	13409	0.0190816359365447
chrM	13409	13410	0.0133770660492636
chrM	13410	13411	0.00120470159215967
chrM	13411	13412	0.00325754120789628
chrM	13412	13413	0.0006859382655561
chrM	13413	13414	0.00169940194123991
chrM	13414	13415	0.0136488609583661
chrM	13415	13416	0.0016258004578785
chrM	13416	13417	0.00843937934013357
chrM	13417	13418	0.00110545357095002
chrM	13418	13419	0.00167644593461861
chrM	13419	13420	0.00271930708026992
chrM	13420	13421	0.000302877334679455
chrM	13421	13422	0.00148103268369854
chrM	13422	13423	0.00293225480283114
chrM	13423	13424	0.00726670497177815
chrM	13424	13425	0.00430625254306253
chrM	13425	13426	0.00708669388857017
chrM	13426	13427	0.00104793455479684
chrM	13427	13428	0.00307172995780591
chrM	13428	13429	0.00209247384407695
chrM	13429	13430	0.0118111564809503
chrM	13430	13431	0.0557169604235264
chrM	13431	13432	0.00132527394382131
chrM	13432	13433	0.0380759651307596
chrM	13433	13434	0.00224159402241594
chrM	13434	13435	0.00305086856360127
chrM	13435	13436	0.033544054928768
chrM	13436	13437	0.00684475134774971
chrM	13437	13438	0.00692051979449985
chrM	13438	13439	0.000513734852376779
chrM	13439	13440	0.000936697386312132
chrM	13440	13441	0.00262403860654502
chrM	13441	13442	0.00451372171401059
chrM	13442	13443	0.0487420030409961
chrM	13443	13444	0.00192021093660438
chrM	13444	13445	0.0162305586134869
chrM	13445	13446	0.00135371425348299
chrM	13446	13447	0.0027625866832046
chrM	13447	13448	0.00225771857537958
chrM	13448	13449	0.004138863079652
chrM	13449	13450	0.0135909244075031
chrM	13450	13451	0.00584085778781038
chrM	13451	13452	0.00678821879382889
chrM	13452	13453	0.000841632767569084
chrM	13453	13454	0.0025251108243084
chrM	13454	13455	0.00807718196096029
chrM	13455	13456	0.0300455068808597
chrM	13456	13457	0.0169454879597849
chrM	13457	13458	0.02589909102885
chrM	13458	13459	0.0166058394160584
chrM	13459	13460	0.0094435603787859
chrM	13460	13461	0.00540286586798215
chrM	13461	13462	0.0885523491533508
chrM	13462	13463	0.0065825562260011
chrM	13463	13464	0.00313502129899966
chrM	13464	13465	0.00595167241995001
chrM	13465	13466	0.00254265481678627
chrM	13466	13467	0.00391050860311893
chrM	13467	13468	0.01691662520435
chrM	13468	13469	0.00211711494971852
chrM	13469	13470	0.00326703180551552
chrM	13470	13471	0.00361650659832826
chrM	13471	13472	0.00831590952290439
chrM	13472	13473	0.00308590690056258
chrM	13473	13474	0.0019710750670878
chrM	13474	13475	0.00458824085899437
chrM	13475	13476	0.00531764705882353
chrM	13476	13477	0.00898587933247754
chrM	13477	13478	0.00123782609711096
chrM	13478	13479	0.00102839780296833
chrM	13479	13480	0.00149546686606225
chrM	13480	13481	0.0125652515360096
chrM	13481	13482	0.00972238221403064
chrM	13482	13483	0.00349197539429259
chrM	13483	13484	0.00141020898834844
chrM	13484	13485	0.000277475894281684
chrM	13485	13486	0.000601114373569463
chrM	13486	13487	0.00258923617532828
chrM	13487	13488	0.0290808057420699
chrM	13488	13489	0.000452758250923389
chrM	13489	13490	0.000714660060031445
chrM	13490	13491	0.00168951075575861
chrM	13491	13492	0.00380065561309326
chrM	13492	13493	0.00244649770789292
chrM	13493	13494	0.00064172648191282
chrM	13494	13495	0.000594191186956315
chrM	13495	13496	0.00154328315684505
chrM	13496	13497	0.000569990025174559
chrM	13497	13498	0.00934711797195865
chrM	13498	13499	0.001654416109286
chrM	13499	13500	0.000307285018673474
chrM	13500	13501	0.000236384266263238
chrM	13501	13502	0.00645949310595918
chrM	13502	13503	0.0347460515850472
chrM	13503	13504	0.00332248594770498
chrM	13504	13505	0.0015263349735739
chrM	13505	13506	0.00789003685031537
chrM	13506	13507	0.00573272846277112
chrM	13507	13508	0.00219377600868464
chrM	13508	13509	0.0178146475991371
chrM	13509	13510	0.00752728641324802
chrM	13510	13511	0.00417670327727564
chrM	13511	13512	0.0124421548939143
chrM	13512	13513	0.0136422080327762
chrM	13513	13514	0.00253242606416947
chrM	13514	13515	0.00700255439090989
chrM	13515	13516	0.0298372707925794
chrM	13516	13517	0.0013965880280177
chrM	13517	13518	0.00410179319231182
chrM	13518	13519	0.00161314606499903
chrM	13519	13520	0.0104781740493419
chrM	13520	13521	0.0124067869880039
chrM	13521	13522	0.00336083104185762
chrM	13522	13523	0.00834808452981927
chrM	13523	13524	0.00191431777675094
chrM	13524	13525	0.00195892853212423
chrM	13525	13526	0.0026807295099978
chrM	13526	13527	0.00217286335103815
chrM	13527	13528	0.00250318387422599
chrM	13528	13529	0.00733840137100672
chrM	13529	13530	0.0185024322446143
chrM	13530	13531	0.00524399757302592
chrM	13531	13532	0.00477078544476732
chrM	13532	13533	0.0100957354221062
chrM	13533	13534	0.00140538878763258
chrM	13534	13535	0.000636914697355706
chrM	13535	13536	0.00284850344011569
chrM	13536	13537	0.0100634672230916
chrM	13537	13538	0.000914295665803165
chrM	13538	13539	0.00894941634241245
chrM	13539	13540	0.0041649582425171
chrM	13540	13541	0.075325039565679
chrM	13541	13542	0.00331218885498635
chrM	13542	13543	0.0011464430097146
chrM	13543	13544	0.00432874406300727
chrM	13544	13545	0.000741289844329133
chrM	13545	13546	0.0117253263087009
chrM	13546	13547	0.00209581430294403
chrM	13547	13548	0.0365302894601444
chrM	13548	13549	0.00102833638025594
chrM	13549	13550	0.00338235853000418
chrM	13550	13551	0.00311331321069917
chrM	13551	13552	0.0163221099034734
chrM	13552	13553	0.00314708267366876
chrM	13553	13554	0.00736099632911149
chrM	13554	13555	0.00656409078730815
chrM	13555	13556	0.00183872821298602
chrM	13556	13557	0.0104412130965381
chrM	13557	13558	0.00653204362403175
chrM	13558	13559	0.0217879993083175
chrM	13559	13560	0.0101183063511831
chrM	13560	13561	0.000724056280699008
chrM	13561	13562	0.00985577392220769
chrM	13562	13563	0.00557239221820315
chrM	13563	13564	0.00279400558801118
chrM	13564	13565	0.014430409448203
chrM	13565	13566	0.00560296184838346
chrM	13566	13567	0.00534260178748759
chrM	13567	13568	0.00225000995579626
chrM	13568	13569	0.0493457802351783
chrM	13569	13570	0.0109813524204182
chrM	13570	13571	0.00217605207387224
chrM	13571	13572	0.00459696184332495
chrM	13572	13573	0.00778804450311145
chrM	13573	13574	0.0360908279767649
chrM	13574	13575	0.00830393487109905
chrM	13575	13576	0.00490602792107067
chrM	13576	13577	0.000342824149254809
chrM	13577	13578	0.00185619030455938
chrM	13578	13579	0.0283736417805818
chrM	13579	13580	0.00761416897531058
chrM	13580	13581	0.00109815405532605
chrM	13581	13582	0.00141021623315575
chrM	13582	13583	0.00367800138792505
chrM	13583	13584	0.00138624155259054
chrM	13584	13585	0.00245802319543015
chrM	13585	13586	0.00124746608451583
chrM	13586	13587	0.00336064579832661
chrM	13587	13588	0.0021144946877654
chrM	13588	13589	0.00194067091766011
chrM	13589	13590	0.0109543196246205
chrM	13590	13591	0.0120826543702111
chrM	13591	13592	0.00323607612650434
chrM	13592	13593	0.000507285671803663
chrM	13593	13594	0.000419844657476734
chrM	13594	13595	0.00303898281402822
chrM	13595	13596	0.0394613379669852
chrM	13596	13597	0.00835364979205507
chrM	13597	13598	0.000486609234761922
chrM	13598	13599	0.00212570481526184
chrM	13599	13600	0.00459608521682708
chrM	13600	13601	0.0137684671585259
chrM	13601	13602	0.00232679785718151
chrM	13602	13603	0.00380241841019264
chrM	13603	13604	0.00369429276819664
chrM	13604	13605	0.0123467803807519
chrM	13605	13606	0.132795749044467
chrM	13606	13607	0.00262965441050617
chrM	13607	13608	0.0762011687825661
chrM	13608	13609	0.0142794282550993
chrM	13609	13610	0.0108721608068436
chrM	13610	13611	0.00063188934915397
chrM	13611	13612	0.002940599882376
chrM	13612	13613	0.00127418857990983
chrM	13613	13614	0.000350331413517187
chrM	13614	13615	0.00411763884817777
chrM	13615	13616	0.00119930830590729
chrM	13616	13617	0.00426778242677824
chrM	13617	13618	0.00015406809809936
chrM	13618	13619	0.000616099808168923
chrM	13619	13620	0.00159525342139879
chrM	13620	13621	0.000490045084147742
chrM	13621	13622	0.000839618813058871
chrM	13622	13623	0.00700369639531975
chrM	13623	13624	0.0127369956246962
chrM	13624	13625	0.00153158723021583
chrM	13625	13626	0.000941871090180642
chrM	13626	13627	0.0104409656839324
chrM	13627	13628	0.00147346348927489
chrM	13628	13629	0.00259159078356677
chrM	13629	13630	0.00311213591546307
chrM	13630	13631	0.00657302105618737
chrM	13631	13632	0.0075079289342951
chrM	13632	13633	0.0229703862177683
chrM	13633	13634	0.004191090691746
chrM	13634	13635	0.00586615932315764
chrM	13635	13636	0.0255484824371945
chrM	13636	13637	0.00160518244618339
chrM	13637	13638	0.00136189001662939
chrM	13638	13639	0.00237883694935657
chrM	13639	13640	0.0013911995869428
chrM	13640	13641	0.00982947989230309
chrM	13641	13642	0.0137390857729841
chrM	13642	13643	0.0145015105740181
chrM	13643	13644	0.00512552453137024
chrM	13644	13645	0.00137018249664743
chrM	13645	13646	0.00527112819616751
chrM	13646	13647	0.0224153772112762
chrM	13647	13648	0.0284512985083497
chrM	13648	13649	0.00471361016923381
chrM	13649	13650	0.00491229134132844
chrM	13650	13651	0.00304061719990924
chrM	13651	13652	0.0440511393285789
chrM	13652	13653	0.00458875464684015
chrM	13653	13654	0.0124383845954282
chrM	13654	13655	0.00129711032643943
chrM	13655	13656	0.00204481308680376
chrM	13656	13657	0.00350134001901962
chrM	13657	13658	0.00484919995395418
chrM	13658	13659	0.0100992662926198
chrM	13659	13660	0.00130743640774583
chrM	13660	13661	0.000785169029443839
chrM	13661	13662	0.00065441219242627
chrM	13662	13663	0.000945179584120983
chrM	13663	13664	0.000610829127823267
chrM	13664	13665	0.00109070284891584
chrM	13665	13666	0.00133886342137816
chrM	13666	13667	0.00147097375549795
chrM	13667	13668	0.000962113150337469
chrM	13668	13669	0.00251768198620369
chrM	13669	13670	0.00275053118723986
chrM	13670	13671	0.000700035001750087
chrM	13671	13672	0.000845641302287605
chrM	13672	13673	0.00312645416472778
chrM	13673	13674	0.00482754609434072
chrM	13674	13675	0.00214429500831461
chrM	13675	13676	0.0019540363975735
chrM	13676	13677	0.000904739668456689
chrM	13677	13678	0.00157673440784863
chrM	13678	13679	0.00186918617386352
chrM	13679	13680	0.006059898076895
chrM	13680	13681	0.00190520854705865
chrM	13681	13682	0.00571328630560252
chrM	13682	13683	0.000524605452982236
chrM	13683	13684	0.00100578691893941
chrM	13684	13685	0.000481463649494463
chrM	13685	13686	0.00283846926447255
chrM	13686	13687	0.0144512414537603
chrM	13687	13688	0.0246577659979417
chrM	13688	13689	0.00136758402887435
chrM	13689	13690	0.000888362451880367
chrM	13690	13691	0.000705447465327257
chrM	13691	13692	0.00674690007293946
chrM	13692	13693	0.0202835816754072
chrM	13693	13694	0.00163780673880482
chrM	13694	13695	0.000266304119304245
chrM	13695	13696	0.00039239317796432
chrM	13696	13697	0.0014436688812267
chrM	13697	13698	0.00349253103303177
chrM	13698	13699	0.0280448605477029
chrM	13699	13700	0.00328497125650151
chrM	13700	13701	0.000115613619284352
chrM	13701	13702	0.000375755123276585
chrM	13702	13703	0.00350442018430654
chrM	13703	13704	0.0265830087984999
chrM	13704	13705	0.00528372258236391
chrM	13705	13706	0.00225767162760301
chrM	13706	13707	0.00193150583166184
chrM	13707	13708	0.000565249081470243
chrM	13708	13709	0.0122130599509695
chrM	13709	13710	0.00490902540082868
chrM	13710	13711	0.00406565276313808
chrM	13711	13712	0.00770483399173728
chrM	13712	13713	0.000515737580583997
chrM	13713	13714	0.00610705485767841
chrM	13714	13715	0.000787842976834386
chrM	13715	13716	0.000727327827865747
chrM	13716	13717	0.00193998181267051
chrM	13717	13718	0.00463362558488166
chrM	13718	13719	0.00178793296766569
chrM	13719	13720	0.000727283746723435
chrM	13720	13721	0.0022877401369614
chrM	13721	13722	0.00107735728809444
chrM	13722	13723	0.00370364748561801
chrM	13723	13724	0.00065459970466897
chrM	13724	13725	0.00501743216613612
chrM	13725	13726	0.00081893871608608
chrM	13726	13727	0.000531099679822764
chrM	13727	13728	0.00185202052403073
chrM	13728	13729	0.000395389154171356
chrM	13729	13730	0.00495915542236488
chrM	13730	13731	0.00270571869697479
chrM	13731	13732	0.00125585811866328
chrM	13732	13733	0.000735463111928292
chrM	13733	13734	0.000429263506469614
chrM	13734	13735	0.00081269646553707
chrM	13735	13736	0.0228172471996317
chrM	13736	13737	0.000989010989010989
chrM	13737	13738	0.00144417932939847
chrM	13738	13739	0.00299326124431907
chrM	13739	13740	0.016940000308561
chrM	13740	13741	0.00824805724397938
chrM	13741	13742	0.00384550045559142
chrM	13742	13743	0.0107970980865315
chrM	13743	13744	0.0261863245734213
chrM	13744	13745	0.00334384255278494
chrM	13745	13746	0.0045189620758483
chrM	13746	13747	0.00241925147398103
chrM	13747	13748	0.00498917141252908
chrM	13748	13749	0.00589340484640213
chrM	13749	13750	0.00985711992294108
chrM	13750	13751	0.0145084592242746
chrM	13751	13752	0.019848266714117
chrM	13752	13753	0.00435460808527233
chrM	13753	13754	0.00677381010535229
chrM	13754	13755	0.00658625874354449
chrM	13755	13756	0.0084316202162038
chrM	13756	13757	0.00821756031951712
chrM	13757	13758	0.00483881514418361
chrM	13758	13759	0.00227172438589897
chrM	13759	13760	0.00225748405038443
chrM	13760	13761	0.00707999410000492
chrM	13761	13762	0.00373478117801909
chrM	13762	13763	0.00426204150142342
chrM	13763	13764	0.00280315272235597
chrM	13764	13765	0.00270328185009972
chrM	13765	13766	0.00143493320138545
chrM	13766	13767	0.000313660751134957
chrM	13767	13768	0.0104997276014066
chrM	13768	13769	0.0108378629192629
chrM	13769	13770	0.00839986693280106
chrM	13770	13771	0.000217901441501844
chrM	13771	13772	0.00182631570128847
chrM	13772	13773	0.0359849755181434
chrM	13773	13774	0.00878165379152666
chrM	13774	13775	0.00898743840655146
chrM	13775	13776	0.0280545495503301
chrM	13776	13777	0.00907466699686897
chrM	13777	13778	0.00398903016704064
chrM	13778	13779	0.00391989166844844
chrM	13779	13780	0.00324936173251683
chrM	13780	13781	0.00662204373047747
chrM	13781	13782	0.00359153042079871
chrM	13782	13783	0.00465747069005514
chrM	13783	13784	0.00454756215001605
chrM	13784	13785	0.00544779051905834
chrM	13785	13786	0.00238582140422631
chrM	13786	13787	0.000305469704592827
chrM	13787	13788	0.000629055159150955
chrM	13788	13789	0.000593354430379747
chrM	13789	13790	0.00420855740004676
chrM	13790	13791	0.0012087317337182
chrM	13791	13792	0.0014795835513614
chrM	13792	13793	0.000776986737017094
chrM	13793	13794	0.0106858083063627
chrM	13794	13795	0.00513429563310798
chrM	13795	13796	0.00071616137502984
chrM	13796	13797	0.000606338998621957
chrM	13797	13798	0.00336403242706667
chrM	13798	13799	0.000165996532516876
chrM	13799	13800	0.000221361372440509
chrM	13800	13801	0.012970958337946
chrM	13801	13802	0.00893174131584356
chrM	13802	13803	0.000753820929838117
chrM	13803	13804	0.00037710945601961
chrM	13804	13805	0.000810938236680811
chrM	13805	13806	0.000868186622376566
chrM	13806	13807	0.00800906686815262
chrM	13807	13808	0.00359609566756093
chrM	13808	13809	0.00192593722588765
chrM	13809	13810	0.00713304851998779
chrM	13810	13811	0.00157205575046491
chrM	13811	13812	0.00349073612336492
chrM	13812	13813	0.0203850074039885
chrM	13813	13814	0.0454340362923001
chrM	13814	13815	0.00168478149205893
chrM	13815	13816	0.000473289982714627
chrM	13816	13817	0.00144089253000144
chrM	13817	13818	0.00117378142954223
chrM	13818	13819	0.00181230306649917
chrM	13819	13820	0.00107265151202607
chrM	13820	13821	0.000660747470576089
chrM	13821	13822	0.00776731118823335
chrM	13822	13823	0.00220635680536186
chrM	13823	13824	0.0219846628323748
chrM	13824	13825	0.0012556397378054
chrM	13825	13826	0.00123548833741613
chrM	13826	13827	0.000533117243144112
chrM	13827	13828	0.00433122106296273
chrM	13828	13829	0.00304022951591839
chrM	13829	13830	0.0329356735184311
chrM	13830	13831	0.000377174298899539
chrM	13831	13832	0.000532670454545455
chrM	13832	13833	0.00466335050630663
chrM	13833	13834	0.00136093882468431
chrM	13834	13835	0.00464679862383272
chrM	13835	13836	0.00332121538530587
chrM	13836	13837	0.00153077304038539
chrM	13837	13838	0.000360717828478673
chrM	13838	13839	0.00345037548203775
chrM	13839	13840	0.0260842024296993
chrM	13840	13841	0.00607973267740289
chrM	13841	13842	0.0010491466940222
chrM	13842	13843	0.000746303465646719
chrM	13843	13844	4.66733565144337e-05
chrM	13844	13845	0.000583403341734341
chrM	13845	13846	0.00492656844661328
chrM	13846	13847	0.00400571575815784
chrM	13847	13848	0.00169033924169503
chrM	13848	13849	0.00119799863757018
chrM	13849	13850	0.00122117326569912
chrM	13850	13851	0.00101055204343024
chrM	13851	13852	0.00249288586815926
chrM	13852	13853	0.00471397930563085
chrM	13853	13854	0.0204753112720731
chrM	13854	13855	0.00306704018547141
chrM	13855	13856	0.00423831436183095
chrM	13856	13857	0.00797122581899485
chrM	13857	13858	0.029764527341264
chrM	13858	13859	0.00206830449477879
chrM	13859	13860	0.00166658249583354
chrM	13860	13861	0.00151637687019814
chrM	13861	13862	0.000227801964159158
chrM	13862	13863	0.00134160232881914
chrM	13863	13864	0.00136791974870808
chrM	13864	13865	0.00139445261396481
chrM	13865	13866	0.00121855246122211
chrM	13866	13867	0.00162655348565329
chrM	13867	13868	0.00109442606261135
chrM	13868	13869	0.000840700073879703
chrM	13869	13870	0.00221774707486808
chrM	13870	13871	0.0832673494929887
chrM	13871	13872	0.0011142061281337
chrM	13872	13873	0.00105941063313725
chrM	13873	13874	0.00159066808059385
chrM	13874	13875	0.0309915045830539
chrM	13875	13876	0.00893886966551326
chrM	13876	13877	0.00238580157113762
chrM	13877	13878	0.00201101687505465
chrM	13878	13879	0.0304056025678436
chrM	13879	13880	0.0045134500812421
chrM	13880	13881	0.0266569951944873
chrM	13881	13882	0.0558884714503058
chrM	13882	13883	0.00174216027874564
chrM	13883	13884	0.0115842822352399
chrM	13884	13885	0.00149800266311585
chrM	13885	13886	0.002900096669889
chrM	13886	13887	0.000668560922614073
chrM	13887	13888	0.000267549580281596
chrM	13888	13889	0.00123754097264031
chrM	13889	13890	0.0106144316089067
chrM	13890	13891	0.0107948969578018
chrM	13891	13892	0.00331816782403448
chrM	13892	13893	0.00233380238185125
chrM	13893	13894	0.0890922224897664
chrM	13894	13895	0.00619265188989163
chrM	13895	13896	0.0466945288753799
chrM	13896	13897	0.00115574685158616
chrM	13897	13898	0.000758059368017874
chrM	13898	13899	0.00914354162507486
chrM	13899	13900	0.0325596389426177
chrM	13900	13901	0.00670609796734422
chrM	13901	13902	0.0128318027424833
chrM	13902	13903	0.00726330544110776
chrM	13903	13904	0.010267818944126
chrM	13904	13905	0.000907754819745829
chrM	13905	13906	0.0319300826374767
chrM	13906	13907	0.0203798882681564
chrM	13907	13908	0.00168803321319403
chrM	13908	13909	0.0211132437619962
chrM	13909	13910	0.00219410858503338
chrM	13910	13911	0.0331228070175439
chrM	13911	13912	0.00483652544012382
chrM	13912	13913	0.00660643155542602
chrM	13913	13914	0.00449855752774925
chrM	13914	13915	0.0355616680583526
chrM	13915	13916	0.23335879806468
chrM	13916	13917	0.00551019053309434
chrM	13917	13918	0.0079375667022412
chrM	13918	13919	0.124033613445378
chrM	13919	13920	0.0338853112542165
chrM	13920	13921	0.365646797717185
chrM	13921	13922	0.00949288033974519
chrM	13922	13923	0.151354757403907
chrM	13923	13924	0.0114311163895487
chrM	13924	13925	0.0097612254092206
chrM	13925	13926	0.00606612071580224
chrM	13926	13927	0.0237949969493594
chrM	13927	13928	0.0201499531396439
chrM	13928	13929	0.0307520713830465
chrM	13929	13930	0.00837988826815642
chrM	13930	13931	0.0190428878953469
chrM	13931	13932	0.189271255060729
chrM	13932	13933	0.00643420506434205
chrM	13933	13934	0.0327151489893728
chrM	13934	13935	0
chrM	13935	13936	0.00107688994184794
chrM	13936	13937	0.00129338219443846
chrM	13937	13938	0.00408690040869004
chrM	13938	13939	0.0122659780503551
chrM	13939	13940	0.00370128456346614
chrM	13940	13941	0.00370774263904035
chrM	13941	13942	0.00480874316939891
chrM	13942	13943	0.00526662277814352
chrM	13943	13944	0.00374696936301521
chrM	13944	13945	0.0444591904445919
chrM	13945	13946	0.00416088765603329
chrM	13946	13947	0.00486448922863099
chrM	13947	13948	0.00509967547519703
chrM	13948	13949	0.00975156721615974
chrM	13949	13950	0.0135926880712444
chrM	13950	13951	0.00118764845605701
chrM	13951	13952	0.0140309155766944
chrM	13952	13953	0.00602845430431637
chrM	13953	13954	0.0126121756002911
chrM	13954	13955	0.00663227708179808
chrM	13955	13956	0.00173053152039555
chrM	13956	13957	0.00791883197228409
chrM	13957	13958	0.00841584158415842
chrM	13958	13959	0.00518902891030393
chrM	13959	13960	0.0151064883605745
chrM	13960	13961	0.00727728983688833
chrM	13961	13962	0.00578616352201258
chrM	13962	13963	0.00352733686067019
chrM	13963	13964	0.00731768861973253
chrM	13964	13965	0.00507227998985544
chrM	13965	13966	0.00178071737471381
chrM	13966	13967	0.00280254777070064
chrM	13967	13968	0.00332141032192131
chrM	13968	13969	0.00486929779600205
chrM	13969	13970	0.0146755921730175
chrM	13970	13971	0.000522466039707419
chrM	13971	13972	0.00182672233820459
chrM	13972	13973	0.00966057441253264
chrM	13973	13974	0.00500263296471827
chrM	13974	13975	0.0023784355179704
chrM	13975	13976	0.00211864406779661
chrM	13976	13977	0.00502778512834083
chrM	13977	13978	0.00636604774535809
chrM	13978	13979	0
chrM	13979	13980	0.000533902829684997
chrM	13980	13981	0.00799360511590727
chrM	13981	13982	0.0450808804030761
chrM	13982	13983	0.0605313612708847
chrM	13983	13984	0.0913006029285099
chrM	13984	13985	0.00903990024937656
chrM	13985	13986	0.00816070307595731
chrM	13986	13987	0.00347112653834017
chrM	13987	13988	0.0234103131920278
chrM	13988	13989	0.0197411003236246
chrM	13989	13990	0.0191292875989446
chrM	13990	13991	0.00907563025210084
chrM	13991	13992	0.0433751270755676
chrM	13992	13993	0.116295510781195
chrM	13993	13994	0.052191235059761
chrM	13994	13995	0.00376411543287327
chrM	13995	13996	0.000836820083682008
chrM	13996	13997	0.00125365649811952
chrM	13997	13998	0.00208507089241034
chrM	13998	13999	0.00208073241781107
chrM	13999	14000	0.069713400464756
chrM	14000	14001	0.138322753090545
chrM	14001	14002	0.264155588380108
chrM	14002	14003	0.344688408136907
chrM	14003	14004	0.21347743165925
chrM	14004	14005	0.0319201380330293
chrM	14005	14006	0.0478985677389058
chrM	14006	14007	0.0161718840244889
chrM	14007	14008	0.0904696858253651
chrM	14008	14009	0.689913638585628
chrM	14009	14010	0.00130267700123754
chrM	14010	14011	0.0157793457344452
chrM	14011	14012	0.0431767269156412
chrM	14012	14013	0.0647800005740363
chrM	14013	14014	0.00825599271195126
chrM	14014	14015	0.0935274078662125
chrM	14015	14016	0.0103277263663786
chrM	14016	14017	0.00988167329667824
chrM	14017	14018	0.00968729608994629
chrM	14018	14019	0.00282796936783623
chrM	14019	14020	0.048366729408401
chrM	14020	14021	0.00375189969604863
chrM	14021	14022	0.00994498518831993
chrM	14022	14023	0.0564355117795821
chrM	14023	14024	0.00468280614949638
chrM	14024	14025	0.0604726502471238
chrM	14025	14026	0.0291217101946153
chrM	14026	14027	0.0137444057682745
chrM	14027	14028	0.0036465249014051
chrM	14028	14029	0.00759199889857011
chrM	14029	14030	0.0121458276652804
chrM	14030	14031	0.00137821259414551
chrM	14031	14032	0.00205362678239306
chrM	14032	14033	0.0121342035254263
chrM	14033	14034	0.0115405717312749
chrM	14034	14035	0.000661775828165179
chrM	14035	14036	0.00316664467607864
chrM	14036	14037	0.00811442460502945
chrM	14037	14038	0.00812299475158102
chrM	14038	14039	0.0265215114914514
chrM	14039	14040	0.0210498409331919
chrM	14040	14041	0.00204639675399136
chrM	14041	14042	0.00202511138112596
chrM	14042	14043	0.00128390024270991
chrM	14043	14044	0.00117698726394379
chrM	14044	14045	0.00309971629715246
chrM	14045	14046	0.000192607378613577
chrM	14046	14047	0.121562173137267
chrM	14047	14048	0.0344996584192236
chrM	14048	14049	0.0172089153566581
chrM	14049	14050	0.00379531474937835
chrM	14050	14051	0.017291395744316
chrM	14051	14052	0.0330712143617242
chrM	14052	14053	0.0669117172889663
chrM	14053	14054	0.00574498916402713
chrM	14054	14055	0.0076986702296876
chrM	14055	14056	0.00102969592189566
chrM	14056	14057	0.00242222870404423
chrM	14057	14058	0.00264359528959385
chrM	14058	14059	0.00170473917490624
chrM	14059	14060	0.0211493059418301
chrM	14060	14061	0.00109891466742397
chrM	14061	14062	0.00159027589437609
chrM	14062	14063	0.000246499704200355
chrM	14063	14064	0.000357305668839249
chrM	14064	14065	0.0143316936904111
chrM	14065	14066	0.00570062078794174
chrM	14066	14067	0.00618225033912344
chrM	14067	14068	0.000995478369334469
chrM	14068	14069	0.000767018216682646
chrM	14069	14070	0.018549667705699
chrM	14070	14071	0.122972805678207
chrM	14071	14072	0.305756117127958
chrM	14072	14073	0.00530125976172832
chrM	14073	14074	0.0119472546659063
chrM	14074	14075	0.0221740327688283
chrM	14075	14076	0.223572238020911
chrM	14076	14077	0.00119614031153047
chrM	14077	14078	0.00387819592071244
chrM	14078	14079	0.00790094526339123
chrM	14079	14080	0.00798965428776368
chrM	14080	14081	0.0244304831954234
chrM	14081	14082	0.0294132228127231
chrM	14082	14083	0.00360122708478444
chrM	14083	14084	0.00126802745254765
chrM	14084	14085	0.00590058760631358
chrM	14085	14086	0.00501212768968732
chrM	14086	14087	0.000521963950340252
chrM	14087	14088	0.000555848107190919
chrM	14088	14089	0.000195001145631731
chrM	14089	14090	0.000165727543917799
chrM	14090	14091	0.00145047456802142
chrM	14091	14092	0.0181050840490768
chrM	14092	14093	0.000258057116641817
chrM	14093	14094	0.000940581059466686
chrM	14094	14095	0.00250513170991908
chrM	14095	14096	0.000518862311079376
chrM	14096	14097	0.00242663120904169
chrM	14097	14098	6.1731912549623e-05
chrM	14098	14099	0.000280094757480666
chrM	14099	14100	7.5953933939066e-05
chrM	14100	14101	6.64562219637814e-05
chrM	14101	14102	0.000806317736618683
chrM	14102	14103	0.0027624832075079
chrM	14103	14104	0.000170289255221021
chrM	14104	14105	0.00509255554980303
chrM	14105	14106	0.000639689938523916
chrM	14106	14107	0.00013638650996327
chrM	14107	14108	0.000906861132777626
chrM	14108	14109	0.0124682146370436
chrM	14109	14110	0.000436091690597585
chrM	14110	14111	0.000644640670797314
chrM	14111	14112	0.000180862016194107
chrM	14112	14113	4.17397111611988e-05
chrM	14113	14114	4.17400983211205e-05
chrM	14114	14115	0.000222571535882705
chrM	14115	14116	0.00127819200666883
chrM	14116	14117	3.24179132126152e-05
chrM	14117	14118	0.000208362272537852
chrM	14118	14119	0.000689450937930907
chrM	14119	14120	0.000739939140005735
chrM	14120	14121	0.000152627270330646
chrM	14121	14122	0.00124736667036257
chrM	14122	14123	0.00110804347223889
chrM	14123	14124	0.00062315074247257
chrM	14124	14125	0.00600159675509998
chrM	14125	14126	0.00262694217523626
chrM	14126	14127	0.0051273395767664
chrM	14127	14128	0.211441467749669
chrM	14128	14129	0.00445211996309049
chrM	14129	14130	0.0312843526055799
chrM	14130	14131	0.00198670436310843
chrM	14131	14132	0.00712836578936473
chrM	14132	14133	0.0167558319528556
chrM	14133	14134	0.0216717854626195
chrM	14134	14135	0.0112265702071687
chrM	14135	14136	0.00179242650558902
chrM	14136	14137	0.00508969027372603
chrM	14137	14138	0.00956964122745131
chrM	14138	14139	0.056206074680682
chrM	14139	14140	0.0558622938896377
chrM	14140	14141	0.0268667700328075
chrM	14141	14142	0.0637842927365545
chrM	14142	14143	0.00682191687764705
chrM	14143	14144	0.0563526638610868
chrM	14144	14145	0.0326837384535944
chrM	14145	14146	0.0281750708386506
chrM	14146	14147	0.000982562420587818
chrM	14147	14148	0.00734678629983466
chrM	14148	14149	0.00215402671821602
chrM	14149	14150	0.00266988062442608
chrM	14150	14151	0.00971496404644626
chrM	14151	14152	0.00672484622789455
chrM	14152	14153	0.0131289564197162
chrM	14153	14154	0.0165539814233879
chrM	14154	14155	0.00473460652318712
chrM	14155	14156	0.00308457754793512
chrM	14156	14157	0.00813479152840259
chrM	14157	14158	0.0389808774230556
chrM	14158	14159	0.00484786762133641
chrM	14159	14160	0.000606739572051877
chrM	14160	14161	0.000389406486517836
chrM	14161	14162	0.00362029935816317
chrM	14162	14163	0.00160394075586486
chrM	14163	14164	0.000520680992654457
chrM	14164	14165	0.0013821886241939
chrM	14165	14166	0.000787086805318221
chrM	14166	14167	0.000113926122016948
chrM	14167	14168	0.000126365943342483
chrM	14168	14169	0.00171706848827635
chrM	14169	14170	0.0127305467191904
chrM	14170	14171	0.00228049698248786
chrM	14171	14172	0.025359302250388
chrM	14172	14173	0.0014227104955674
chrM	14173	14174	0.000859406364045343
chrM	14174	14175	0.00102863020744043
chrM	14175	14176	0.00473952693132206
chrM	14176	14177	0.00332650921056061
chrM	14177	14178	0.013574606894586
chrM	14178	14179	0.00259236151695598
chrM	14179	14180	0.0211103678412479
chrM	14180	14181	0.00654548390445324
chrM	14181	14182	0.00919463535063722
chrM	14182	14183	0.00180826657927029
chrM	14183	14184	0.00944141596667246
chrM	14184	14185	0.00482874662204907
chrM	14185	14186	0.00373514110637976
chrM	14186	14187	0.00555829157252471
chrM	14187	14188	0.0099103113097979
chrM	14188	14189	0.00260258620368681
chrM	14189	14190	0.00492967016261052
chrM	14190	14191	0.0054164909866927
chrM	14191	14192	0.000619020613015742
chrM	14192	14193	0.00441855312234573
chrM	14193	14194	0.00201864385513001
chrM	14194	14195	0.00569804764569039
chrM	14195	14196	0.00096558357918246
chrM	14196	14197	0.00172014969354078
chrM	14197	14198	0.000761225776247544
chrM	14198	14199	0.00310589844870578
chrM	14199	14200	0.00677619992911617
chrM	14200	14201	0.00555670797636334
chrM	14201	14202	0.00375802217837151
chrM	14202	14203	0.000417658911888624
chrM	14203	14204	0.00307342601119736
chrM	14204	14205	0.00158609788855287
chrM	14205	14206	0.00130759833505241
chrM	14206	14207	0.0537423048221085
chrM	14207	14208	0.00358190709046455
chrM	14208	14209	0.015224270395755
chrM	14209	14210	0.0059624436560253
chrM	14210	14211	0.00155361520925631
chrM	14211	14212	0.00278918669656023
chrM	14212	14213	0.0168315422389866
chrM	14213	14214	0.00676123715246531
chrM	14214	14215	0.0049821799067872
chrM	14215	14216	0.00730074421140855
chrM	14216	14217	0.00310284954541405
chrM	14217	14218	0.017943672385411
chrM	14218	14219	0.00346028240959368
chrM	14219	14220	0.00809511679529974
chrM	14220	14221	0.00497081771520799
chrM	14221	14222	0.00914091198832907
chrM	14222	14223	0.00123848366236373
chrM	14223	14224	0.00421495966804327
chrM	14224	14225	0.00236997831199971
chrM	14225	14226	0.00267992934285251
chrM	14226	14227	0.0316553305287124
chrM	14227	14228	0.0526225349437689
chrM	14228	14229	0.0192878998114349
chrM	14229	14230	0.00149060945735283
chrM	14230	14231	0.00132670278741146
chrM	14231	14232	0.00550911292943018
chrM	14232	14233	0.00708570454331672
chrM	14233	14234	0.0456883267344551
chrM	14234	14235	0.00444714166381683
chrM	14235	14236	0.00187019764461485
chrM	14236	14237	0.000251939937518895
chrM	14237	14238	0.00982448455073119
chrM	14238	14239	0.00651531118874349
chrM	14239	14240	0.0219071060333321
chrM	14240	14241	0.0201175696917204
chrM	14241	14242	0.0490168382046035
chrM	14242	14243	0.0104472801046624
chrM	14243	14244	0.0053480402330561
chrM	14244	14245	0.0557421153324568
chrM	14245	14246	0.0111727512361525
chrM	14246	14247	0.00821875966070674
chrM	14247	14248	0.0003707065469732
chrM	14248	14249	0.0068176520384252
chrM	14249	14250	0.00311163162803959
chrM	14250	14251	0.000957804878649323
chrM	14251	14252	0.00612357644303383
chrM	14252	14253	0.00212223017752566
chrM	14253	14254	0.0010561548863991
chrM	14254	14255	0.000145655013041632
chrM	14255	14256	0.00386617898335348
chrM	14256	14257	0.00176070925511641
chrM	14257	14258	0.00208127690598105
chrM	14258	14259	0.000562257891386866
chrM	14259	14260	0.00866737064413939
chrM	14260	14261	0.00478886288571102
chrM	14261	14262	0.00248914755714818
chrM	14262	14263	0.00252331572582293
chrM	14263	14264	0.00144037208809393
chrM	14264	14265	0.00228508856372738
chrM	14265	14266	0.00107007037215605
chrM	14266	14267	0.0160112934583376
chrM	14267	14268	0.000914632703384496
chrM	14268	14269	0.00185438577610421
chrM	14269	14270	0.00988738680602325
chrM	14270	14271	0.00243645918461865
chrM	14271	14272	0.00928271818949565
chrM	14272	14273	0.00254101692366611
chrM	14273	14274	0.00560229671892273
chrM	14274	14275	0.000991571641051066
chrM	14275	14276	0.000856301154890666
chrM	14276	14277	0.00992696853626127
chrM	14277	14278	0.0215172166802906
chrM	14278	14279	0.00205246396344648
chrM	14279	14280	0.000207461747017589
chrM	14280	14281	0.00103022629412546
chrM	14281	14282	0.00737367294043438
chrM	14282	14283	0.00791206539338131
chrM	14283	14284	0.00622977927960313
chrM	14284	14285	0.000964876565665813
chrM	14285	14286	0.0030085837375089
chrM	14286	14287	0.00902381969741959
chrM	14287	14288	0.00597248638078284
chrM	14288	14289	0.0324376622740411
chrM	14289	14290	0.00354615314521763
chrM	14290	14291	0.0190791370195452
chrM	14291	14292	0.000565477653927676
chrM	14292	14293	0.0038215802163017
chrM	14293	14294	0.00228619527744798
chrM	14294	14295	0.0036942157796904
chrM	14295	14296	0.0107216656128389
chrM	14296	14297	0.00116412599890157
chrM	14297	14298	0.00822683528983683
chrM	14298	14299	0.0153575524826991
chrM	14299	14300	0.00673296189805402
chrM	14300	14301	0.0411159125571937
chrM	14301	14302	0.0119367137861461
chrM	14302	14303	0.0075288979197482
chrM	14303	14304	0.00558895810212086
chrM	14304	14305	0.00963928006627005
chrM	14305	14306	0.0228324233454464
chrM	14306	14307	0.00162664310894279
chrM	14307	14308	0.00819678034213066
chrM	14308	14309	0.0867010703741102
chrM	14309	14310	0.0183797886905531
chrM	14310	14311	0.00182816142418181
chrM	14311	14312	0.0147831643601751
chrM	14312	14313	0.0137790888371193
chrM	14313	14314	0.00303474466522446
chrM	14314	14315	0.00575130027802842
chrM	14315	14316	0.0346852923228874
chrM	14316	14317	0.00582580008732636
chrM	14317	14318	0.00245204037915978
chrM	14318	14319	0.00400204591608718
chrM	14319	14320	0.000772245146499743
chrM	14320	14321	0.00168174530923973
chrM	14321	14322	0.00477810017361233
chrM	14322	14323	0.00390158253066922
chrM	14323	14324	0.000620303948934978
chrM	14324	14325	0.000206196711662926
chrM	14325	14326	0.00119608844048084
chrM	14326	14327	0.00284858907700305
chrM	14327	14328	0.00147589768715788
chrM	14328	14329	0.000369862256461283
chrM	14329	14330	0.00212663957780777
chrM	14330	14331	0.000720089593245056
chrM	14331	14332	0.00119562042325164
chrM	14332	14333	0.00185632282894333
chrM	14333	14334	0.0051054328202085
chrM	14334	14335	0.0128328604785458
chrM	14335	14336	0.000474133869874567
chrM	14336	14337	0.0011781211854148
chrM	14337	14338	0.00154995225457738
chrM	14338	14339	0.00794353338180166
chrM	14339	14340	0.000952373175128463
chrM	14340	14341	0.000722031983872236
chrM	14341	14342	0.00126175751797188
chrM	14342	14343	0.00274544972790086
chrM	14343	14344	0.0169336370551393
chrM	14344	14345	0.00101715388711938
chrM	14345	14346	0.00462908169303791
chrM	14346	14347	0.00354706963447008
chrM	14347	14348	0.0051594641727052
chrM	14348	14349	0.00153262089374711
chrM	14349	14350	0.002637491452574
chrM	14350	14351	0.00731553166348961
chrM	14351	14352	0.0014350344940531
chrM	14352	14353	0.00115582555531327
chrM	14353	14354	0.00688298918387414
chrM	14354	14355	0.00728590908671166
chrM	14355	14356	0.00177735941365718
chrM	14356	14357	0.00632625860822311
chrM	14357	14358	0.00261328087505689
chrM	14358	14359	0.00733671406699787
chrM	14359	14360	0.00663620123714578
chrM	14360	14361	0.00654883539340776
chrM	14361	14362	0.0215833598663351
chrM	14362	14363	0.0022845685636812
chrM	14363	14364	0.02052164716078
chrM	14364	14365	0.00673191850645343
chrM	14365	14366	0.0041043720572498
chrM	14366	14367	0.00762716290430793
chrM	14367	14368	0.00424422896339779
chrM	14368	14369	0.0143469800381587
chrM	14369	14370	0.00698303619492066
chrM	14370	14371	0.00920868785713213
chrM	14371	14372	0.000517383896830417
chrM	14372	14373	0.00510864190055204
chrM	14373	14374	0.0093618863786273
chrM	14374	14375	0.0175740667944902
chrM	14375	14376	0.0033545517832012
chrM	14376	14377	0.0488014817939173
chrM	14377	14378	0.0125474582725377
chrM	14378	14379	0.00146208602865237
chrM	14379	14380	0.00299896684512069
chrM	14380	14381	0.00324570828035638
chrM	14381	14382	0.00956448980049233
chrM	14382	14383	0.00109668925235175
chrM	14383	14384	0.0130209488738039
chrM	14384	14385	0.0120549319667171
chrM	14385	14386	0.0115596483671463
chrM	14386	14387	0.00923945118220328
chrM	14387	14388	0.00340521211464485
chrM	14388	14389	0.020299146264648
chrM	14389	14390	0.00123598465242306
chrM	14390	14391	0.00253983720406484
chrM	14391	14392	0.00438460882114668
chrM	14392	14393	0.00603551626983147
chrM	14393	14394	0.00159598368509338
chrM	14394	14395	0.000630440181031631
chrM	14395	14396	0.000968046224207206
chrM	14396	14397	0.00198248378467514
chrM	14397	14398	0.0192436054053373
chrM	14398	14399	0.00393897106040114
chrM	14399	14400	0.00382842849444637
chrM	14400	14401	0.000455601214936573
chrM	14401	14402	0.000166158216568475
chrM	14402	14403	0.0152200957738195
chrM	14403	14404	0.00644355275466496
chrM	14404	14405	0.00114958449975429
chrM	14405	14406	0.00202755966195595
chrM	14406	14407	0.00091382088054301
chrM	14407	14408	0.00356977491000881
chrM	14408	14409	0.00135252785521444
chrM	14409	14410	0.00563837501031464
chrM	14410	14411	0.00175199549913851
chrM	14411	14412	0.000705059903718004
chrM	14412	14413	0.000756063231502166
chrM	14413	14414	0.0105237053784603
chrM	14414	14415	0.00718900751214887
chrM	14415	14416	0.0022242413748168
chrM	14416	14417	0.0007472164845252
chrM	14417	14418	0.000415789261906997
chrM	14418	14419	0.000873410071839543
chrM	14419	14420	0.00112274579283195
chrM	14420	14421	0.00100584282923471
chrM	14421	14422	0.0147448058879512
chrM	14422	14423	0.0121895241953522
chrM	14423	14424	0.02464531590105
chrM	14424	14425	0.00205548936049672
chrM	14425	14426	0.0364468348486789
chrM	14426	14427	0.00380218092825365
chrM	14427	14428	0.0186243703847779
chrM	14428	14429	0.00337792586143388
chrM	14429	14430	0.00435783320518632
chrM	14430	14431	0.00218049676969618
chrM	14431	14432	0.00461704082099199
chrM	14432	14433	0.0305125287589305
chrM	14433	14434	0.00225488794612175
chrM	14434	14435	0.00293652896621255
chrM	14435	14436	0.0083398847752553
chrM	14436	14437	0.00823324292909725
chrM	14437	14438	0.0141211701450471
chrM	14438	14439	0.00280130679559357
chrM	14439	14440	0.0188358868740445
chrM	14440	14441	0.00641746436824317
chrM	14441	14442	0.00366835335059585
chrM	14442	14443	0.0225617733855809
chrM	14443	14444	0.00495033660155125
chrM	14444	14445	0.0276950613746769
chrM	14445	14446	0.00255940614031549
chrM	14446	14447	0.00288392329634528
chrM	14447	14448	0.0010662484415284
chrM	14448	14449	0.00952534256222459
chrM	14449	14450	0.0320538545674874
chrM	14450	14451	0.00231601509862174
chrM	14451	14452	0.000212330480948273
chrM	14452	14453	0.00168944644391645
chrM	14453	14454	0.017446497303193
chrM	14454	14455	0.00198126196312838
chrM	14455	14456	0.00227609049678253
chrM	14456	14457	0.00837060570985817
chrM	14457	14458	0.00567708296234035
chrM	14458	14459	0.000949919122078087
chrM	14459	14460	0.000986072812314566
chrM	14460	14461	0.0242018309424527
chrM	14461	14462	0.00302574423547727
chrM	14462	14463	0.000851368766951721
chrM	14463	14464	0.000891852052549923
chrM	14464	14465	0.00169093017263592
chrM	14465	14466	0.00131329802771928
chrM	14466	14467	0.000526320448676111
chrM	14467	14468	0.000772892621006755
chrM	14468	14469	0.00248090545823287
chrM	14469	14470	0.0027323411731514
chrM	14470	14471	0.000642799206199085
chrM	14471	14472	0.00275257318796931
chrM	14472	14473	0.0158607488363966
chrM	14473	14474	0.00304160564803387
chrM	14474	14475	0.00138005741038827
chrM	14475	14476	0.00439560264071518
chrM	14476	14477	0.0114885043282976
chrM	14477	14478	0.00147032532350765
chrM	14478	14479	0.00120635485922785
chrM	14479	14480	0.0107650561193019
chrM	14480	14481	0.00656244967911968
chrM	14481	14482	0.00222032381417297
chrM	14482	14483	0.000339918957451439
chrM	14483	14484	0.0050221389909577
chrM	14484	14485	0.00146386018374026
chrM	14485	14486	0.00225772496089561
chrM	14486	14487	0.00217775002482176
chrM	14487	14488	0.00367146160427123
chrM	14488	14489	0.00265432692268184
chrM	14489	14490	0.00138475859398812
chrM	14490	14491	0.00208676289053718
chrM	14491	14492	0.00530350770959947
chrM	14492	14493	0.000993900726856812
chrM	14493	14494	0.00125290057603772
chrM	14494	14495	0.0025849833869539
chrM	14495	14496	0.00453548431584374
chrM	14496	14497	0.0163524698463499
chrM	14497	14498	0.00581847998939836
chrM	14498	14499	0.00514341592784725
chrM	14499	14500	0.00278821604366114
chrM	14500	14501	0.00560892893467032
chrM	14501	14502	0.00872713636931795
chrM	14502	14503	0.00359045672351975
chrM	14503	14504	0.00484070206918254
chrM	14504	14505	0.00520530061366165
chrM	14505	14506	0.000726222530759147
chrM	14506	14507	0.00946124252427872
chrM	14507	14508	0.0233036262172807
chrM	14508	14509	0.0374405314621899
chrM	14509	14510	0.00455821169423261
chrM	14510	14511	0.0132918567182298
chrM	14511	14512	0.0236486122725853
chrM	14512	14513	0.0436613394708108
chrM	14513	14514	0.0398911649295074
chrM	14514	14515	0.0090583195367603
chrM	14515	14516	0.0231220398622847
chrM	14516	14517	0.00248827568397608
chrM	14517	14518	0.0263623028305475
chrM	14518	14519	0.0139902748203203
chrM	14519	14520	0.0048620205329958
chrM	14520	14521	0.00395752331394159
chrM	14521	14522	0.00489130384992062
chrM	14522	14523	0.00496721947952298
chrM	14523	14524	0.00521837390279341
chrM	14524	14525	0.00955306486497924
chrM	14525	14526	0.00371302174637305
chrM	14526	14527	0.00109207505432445
chrM	14527	14528	0.00283506401217366
chrM	14528	14529	0.0180867029635864
chrM	14529	14530	0.0141662044302755
chrM	14530	14531	0.0765348420183998
chrM	14531	14532	0.00371538840106716
chrM	14532	14533	0.00265902538368087
chrM	14533	14534	0.0078469629692601
chrM	14534	14535	0.0285835338108707
chrM	14535	14536	0.0223937134754441
chrM	14536	14537	0.0100069061900127
chrM	14537	14538	0.0180007672351576
chrM	14538	14539	0.018706636324122
chrM	14539	14540	0.0153618689523282
chrM	14540	14541	0.0307784183061843
chrM	14541	14542	0.00271351881169783
chrM	14542	14543	0.00803154386879592
chrM	14543	14544	0.0375572194575738
chrM	14544	14545	0.0192373472260594
chrM	14545	14546	0.00293022056467862
chrM	14546	14547	0.00777233741323631
chrM	14547	14548	0.00732728425311104
chrM	14548	14549	0.00849828951553946
chrM	14549	14550	0.0153535635056741
chrM	14550	14551	0.0233704657500619
chrM	14551	14552	0.021382357764704
chrM	14552	14553	0.0164822200220226
chrM	14553	14554	0.00521983722592396
chrM	14554	14555	0.00306862198722348
chrM	14555	14556	0.0010516191825475
chrM	14556	14557	0.000956840836262771
chrM	14557	14558	0.0119213317294068
chrM	14558	14559	0.00533697968413146
chrM	14559	14560	0.000953273718776318
chrM	14560	14561	0.00679476431295129
chrM	14561	14562	0.0083866274359493
chrM	14562	14563	0.00233724584124124
chrM	14563	14564	0.00231082488872052
chrM	14564	14565	0.0109611080948661
chrM	14565	14566	0.0258941129466234
chrM	14566	14567	0.00482714102840893
chrM	14567	14568	0.002632694812859
chrM	14568	14569	0.00317228929355095
chrM	14569	14570	0.00563975490190706
chrM	14570	14571	0.00479044027319171
chrM	14571	14572	0.00394108328528703
chrM	14572	14573	0.0230139106451325
chrM	14573	14574	0.00115051045441779
chrM	14574	14575	0.00338450326209706
chrM	14575	14576	0.00138327448101758
chrM	14576	14577	0.000775693282949129
chrM	14577	14578	0.00140852252446217
chrM	14578	14579	0.0247270741120985
chrM	14579	14580	0.00434176002665445
chrM	14580	14581	0.000370616160949333
chrM	14581	14582	0.00468040492768901
chrM	14582	14583	0.00522957801363656
chrM	14583	14584	0.00494809588526155
chrM	14584	14585	0.00650146721676714
chrM	14585	14586	0.00346208464485991
chrM	14586	14587	0.00115659674862683
chrM	14587	14588	0.00115926797873677
chrM	14588	14589	0.0092981297273411
chrM	14589	14590	0.0327540923188956
chrM	14590	14591	0.0235805642832207
chrM	14591	14592	0.00316985197056188
chrM	14592	14593	0.0044977659883849
chrM	14593	14594	0.00717786231923781
chrM	14594	14595	0.0045220352112599
chrM	14595	14596	0.0335700110440195
chrM	14596	14597	0.0144767945809152
chrM	14597	14598	0.00126241724064642
chrM	14598	14599	0.00104315033536696
chrM	14599	14600	0.00374470856398567
chrM	14600	14601	0.00658629122792511
chrM	14601	14602	0.00256170981656119
chrM	14602	14603	0.00184617997866117
chrM	14603	14604	0.00182893366692178
chrM	14604	14605	0.000666233844891835
chrM	14605	14606	0.00273053551606378
chrM	14606	14607	0.00494424976107041
chrM	14607	14608	0.00147878875694381
chrM	14608	14609	0.0081351253086211
chrM	14609	14610	0.00478162341638314
chrM	14610	14611	0.00494972573857384
chrM	14611	14612	0.0131550528737551
chrM	14612	14613	0.0356083614165455
chrM	14613	14614	0.0953592970613082
chrM	14614	14615	0.00648398847814896
chrM	14615	14616	0.00178762082401462
chrM	14616	14617	0.00339269072125547
chrM	14617	14618	0.00133986242641538
chrM	14618	14619	0.00807335121563246
chrM	14619	14620	0.00375240563846523
chrM	14620	14621	0.00104414982522478
chrM	14621	14622	0.00482218732545524
chrM	14622	14623	0.00948316416511953
chrM	14623	14624	0.00829492641363284
chrM	14624	14625	0.00234376901027346
chrM	14625	14626	0.0453008947436967
chrM	14626	14627	0.00096507171061244
chrM	14627	14628	0.00475753470258325
chrM	14628	14629	0.00308271011396011
chrM	14629	14630	0.0135960443451434
chrM	14630	14631	0.0192396776203594
chrM	14631	14632	0.00212934659001993
chrM	14632	14633	0.00327110226740686
chrM	14633	14634	0.00143124172268696
chrM	14634	14635	0.00388857910690553
chrM	14635	14636	0.00512057434204808
chrM	14636	14637	0.00270967498569719
chrM	14637	14638	0.000797989905427696
chrM	14638	14639	0.00167996287282051
chrM	14639	14640	0.0121401828490224
chrM	14640	14641	0.00218892516446146
chrM	14641	14642	0.00297496127347878
chrM	14642	14643	0.00910899360176526
chrM	14643	14644	0.00313190668119023
chrM	14644	14645	0.00277706719386729
chrM	14645	14646	0.00299995374983707
chrM	14646	14647	0.0250661410947253
chrM	14647	14648	0.00697835003760184
chrM	14648	14649	0.00131511405432694
chrM	14649	14650	0.0112746953575838
chrM	14650	14651	0.0146648636733587
chrM	14651	14652	0.0108668234506136
chrM	14652	14653	0.015047501670086
chrM	14653	14654	0.00438153604571279
chrM	14654	14655	0.0256674409130562
chrM	14655	14656	0.0046004062060799
chrM	14656	14657	0.0106376802108746
chrM	14657	14658	0.00434970303592595
chrM	14658	14659	0.00734316428801147
chrM	14659	14660	0.0259962039468553
chrM	14660	14661	0.00625633043647672
chrM	14661	14662	0.0015166936079347
chrM	14662	14663	0.00177249143663107
chrM	14663	14664	0.0016445330303304
chrM	14664	14665	0.000211392032308275
chrM	14665	14666	0.00947293709418785
chrM	14666	14667	0.0023777379249199
chrM	14667	14668	0.0895426709996785
chrM	14668	14669	0.00197897424621229
chrM	14669	14670	0.00667303386921278
chrM	14670	14671	0.00228446113961206
chrM	14671	14672	0.00169226412804574
chrM	14672	14673	0.0102111095336943
chrM	14673	14674	0.00214482737366033
chrM	14674	14675	0.00932106930814901
chrM	14675	14676	0.00326383697642011
chrM	14676	14677	0.00344438252610666
chrM	14677	14678	0.0310197125361312
chrM	14678	14679	0.0266259164564249
chrM	14679	14680	0.00157511604602679
chrM	14680	14681	0.00146028513433569
chrM	14681	14682	0.000571344211880509
chrM	14682	14683	0.000252154821142654
chrM	14683	14684	0.000703648812137271
chrM	14684	14685	0.00618334728001498
chrM	14685	14686	0.00102811915460653
chrM	14686	14687	0.00249015171285157
chrM	14687	14688	0.00121461781076598
chrM	14688	14689	0.000792535272593939
chrM	14689	14690	0.00105931292715194
chrM	14690	14691	0.00474264604448098
chrM	14691	14692	0.00482371063441351
chrM	14692	14693	0.000560500650257143
chrM	14693	14694	0.00298226023229534
chrM	14694	14695	0.00254130701536758
chrM	14695	14696	0.00044169908193806
chrM	14696	14697	0.00071945210216412
chrM	14697	14698	0.00102352177987074
chrM	14698	14699	0.00401555824434984
chrM	14699	14700	8.11090308146726e-05
chrM	14700	14701	0.000889366994731394
chrM	14701	14702	0.0024676590765699
chrM	14702	14703	0.0026970825814546
chrM	14703	14704	0.00340928610732895
chrM	14704	14705	0.000823772155916894
chrM	14705	14706	0.00374926315481787
chrM	14706	14707	0.000835637444767297
chrM	14707	14708	0.000277647698310357
chrM	14708	14709	0.00290130857132799
chrM	14709	14710	0.00121095170999128
chrM	14710	14711	0.00910290056197529
chrM	14711	14712	0.000119825826723932
chrM	14712	14713	0.000113889802208076
chrM	14713	14714	0.00185895696371023
chrM	14714	14715	0.00142335552842198
chrM	14715	14716	0.000374360013187005
chrM	14716	14717	0.000199659486209589
chrM	14717	14718	0.00161144023215866
chrM	14718	14719	0.00469753056329579
chrM	14719	14720	0.00027776528833136
chrM	14720	14721	0.000869899577035051
chrM	14721	14722	0.00274390213449016
chrM	14722	14723	0.00135194003394872
chrM	14723	14724	0.00176362952750971
chrM	14724	14725	0.0015538199494833
chrM	14725	14726	0.0136663736566355
chrM	14726	14727	0.000822476740900723
chrM	14727	14728	0.00105282104757203
chrM	14728	14729	0.00290370304944024
chrM	14729	14730	0.00166752232053329
chrM	14730	14731	0.00525119028650053
chrM	14731	14732	0.00119832536294367
chrM	14732	14733	0.00405132143536557
chrM	14733	14734	0.000358587669634695
chrM	14734	14735	0.000970357154036373
chrM	14735	14736	0.0098127914259865
chrM	14736	14737	0.0218313568898057
chrM	14737	14738	0.0392031639080123
chrM	14738	14739	0.00174620176727325
chrM	14739	14740	0.00120584576871937
chrM	14740	14741	0.0451373664816456
chrM	14741	14742	0.0191638439051552
chrM	14742	14743	0.0108017318463795
chrM	14743	14744	0.00193145561180714
chrM	14744	14745	0.00267143901824848
chrM	14745	14746	0.0113933666066223
chrM	14746	14747	0.0246248039886174
chrM	14747	14748	0.0284656818649817
chrM	14748	14749	0.0109104638779319
chrM	14749	14750	0.00848332489430942
chrM	14750	14751	0.00998371530164042
chrM	14751	14752	0.00231333021528534
chrM	14752	14753	0.0182068308636199
chrM	14753	14754	0.0544499000297463
chrM	14754	14755	0.0136246010009262
chrM	14755	14756	0.00193035807789906
chrM	14756	14757	0.00575886902099227
chrM	14757	14758	0.0456479436337813
chrM	14758	14759	0.0129662163377076
chrM	14759	14760	0.00314915760034191
chrM	14760	14761	0.00764226844374655
chrM	14761	14762	0.0127397902634496
chrM	14762	14763	0.0129363862891003
chrM	14763	14764	0.0259905852779613
chrM	14764	14765	0.0298490383441734
chrM	14765	14766	0.00345504751947025
chrM	14766	14767	0.00442918872156646
chrM	14767	14768	0.00375800791042282
chrM	14768	14769	0.00300518226986982
chrM	14769	14770	0.00627520546397986
chrM	14770	14771	0.00667468582754549
chrM	14771	14772	0.00932541781689242
chrM	14772	14773	0.00246068618302932
chrM	14773	14774	0.00788037485026315
chrM	14774	14775	0.00616412106910791
chrM	14775	14776	0.00262317015329251
chrM	14776	14777	0.00619668376920026
chrM	14777	14778	0.0166219551001743
chrM	14778	14779	0.0129628123390207
chrM	14779	14780	0.0242954631618855
chrM	14780	14781	0.0102060165304005
chrM	14781	14782	0.00451720065789808
chrM	14782	14783	0.0030241482781849
chrM	14783	14784	0.00141747288635347
chrM	14784	14785	0.00478858764302809
chrM	14785	14786	0.015867023142914
chrM	14786	14787	0.00241867164555012
chrM	14787	14788	0.00189404211114773
chrM	14788	14789	0.00374218810397892
chrM	14789	14790	0.00151052968122687
chrM	14790	14791	0.00209483288541463
chrM	14791	14792	0.0177452551631031
chrM	14792	14793	0.00112758300609892
chrM	14793	14794	0.000242101314724436
chrM	14794	14795	0.000549534453940391
chrM	14795	14796	0.0028238272091624
chrM	14796	14797	0.00865926820227255
chrM	14797	14798	0.00235496524241892
chrM	14798	14799	0.00132805306379238
chrM	14799	14800	0.00601401022827528
chrM	14800	14801	0.000956145748518129
chrM	14801	14802	0.000734259252546865
chrM	14802	14803	0.00192143047185819
chrM	14803	14804	0.00721374501418051
chrM	14804	14805	0.00575738225143678
chrM	14805	14806	0.0016752050178234
chrM	14806	14807	0.011179391035656
chrM	14807	14808	0.00318194758625226
chrM	14808	14809	0.000846813324020447
chrM	14809	14810	0.00495980739568549
chrM	14810	14811	0.00577060983159095
chrM	14811	14812	0.00754918345566704
chrM	14812	14813	0.00138369717736025
chrM	14813	14814	0.00303544079456223
chrM	14814	14815	0.00173630886595018
chrM	14815	14816	0.00416139918083339
chrM	14816	14817	0.0065536697680331
chrM	14817	14818	0.0100839108162009
chrM	14818	14819	0.00144597409279129
chrM	14819	14820	0.000123591292941483
chrM	14820	14821	0.00143913427662736
chrM	14821	14822	0.00582372662436704
chrM	14822	14823	0.00576418704547396
chrM	14823	14824	0.00234663020766371
chrM	14824	14825	0.00343245248678
chrM	14825	14826	0.00933543726988194
chrM	14826	14827	0.018658611787577
chrM	14827	14828	0.0426150525053865
chrM	14828	14829	0.0160298490423086
chrM	14829	14830	0.00299178202730944
chrM	14830	14831	0.0070377912611747
chrM	14831	14832	0.0144845917486408
chrM	14832	14833	0.0043905500802935
chrM	14833	14834	0.000919492092057019
chrM	14834	14835	0.00312880614451542
chrM	14835	14836	0.0111112712686329
chrM	14836	14837	0.00888696698581037
chrM	14837	14838	0.00614868699482406
chrM	14838	14839	0.00943313718691255
chrM	14839	14840	0.0114587550920915
chrM	14840	14841	0.0013241939620926
chrM	14841	14842	0.00072786123502827
chrM	14842	14843	0.00084395580550835
chrM	14843	14844	0.0013581414949779
chrM	14844	14845	0.00138522936602808
chrM	14845	14846	0.00261566980352207
chrM	14846	14847	0.00247434524897512
chrM	14847	14848	0.00066446779368484
chrM	14848	14849	0.000661540165834429
chrM	14849	14850	0.00150754031520347
chrM	14850	14851	0.00132876680822058
chrM	14851	14852	0.0126650957696594
chrM	14852	14853	0.00223686411341631
chrM	14853	14854	0.00195305662378995
chrM	14854	14855	0.000606925756292204
chrM	14855	14856	0.00139750958261898
chrM	14856	14857	0.000352525938879883
chrM	14857	14858	7.45768562445865e-05
chrM	14858	14859	0.00092258686538861
chrM	14859	14860	0.000298490278811241
chrM	14860	14861	0.00216538602190548
chrM	14861	14862	0.000183777372945193
chrM	14862	14863	0.00204644303621616
chrM	14863	14864	0.000349080131022837
chrM	14864	14865	0.00107329007324509
chrM	14865	14866	0.00164166109080927
chrM	14866	14867	0.000156807990763365
chrM	14867	14868	0.000436117863538076
chrM	14868	14869	0.0010090958329393
chrM	14869	14870	5.91647231951532e-05
chrM	14870	14871	0.00536377611559766
chrM	14871	14872	0.000133032082363082
chrM	14872	14873	2.59608488764902e-05
chrM	14873	14874	0.000260696112707259
chrM	14874	14875	0.000428458285907185
chrM	14875	14876	0.000790080057838189
chrM	14876	14877	0.000305423542306576
chrM	14877	14878	0.000279511483263437
chrM	14878	14879	0.000781325348860143
chrM	14879	14880	0.00290106238531314
chrM	14880	14881	0.00173698916801808
chrM	14881	14882	0.0013771718512175
chrM	14882	14883	0.0215652538221428
chrM	14883	14884	0.00190342382123204
chrM	14884	14885	0.000302758791735467
chrM	14885	14886	0.000771095324145006
chrM	14886	14887	0.00755921046009522
chrM	14887	14888	0.00016114546251565
chrM	14888	14889	0.0237253445646747
chrM	14889	14890	0.00134488976521572
chrM	14890	14891	0.00103456367421532
chrM	14891	14892	0.0277320404751023
chrM	14892	14893	0.0172714593091892
chrM	14893	14894	0.00465126417267198
chrM	14894	14895	0.00608170827995567
chrM	14895	14896	0.00226198927758329
chrM	14896	14897	0.00128812702649984
chrM	14897	14898	0.00099006252379958
chrM	14898	14899	0.000869254101293307
chrM	14899	14900	0.00602564560049121
chrM	14900	14901	6.80844742640687e-05
chrM	14901	14902	0.000188168182741016
chrM	14902	14903	0.0055098738176987
chrM	14903	14904	0.000339893400465392
chrM	14904	14905	0.0022978599388981
chrM	14905	14906	0.00101737527166416
chrM	14906	14907	0.000943431591837755
chrM	14907	14908	0.00023264074765233
chrM	14908	14909	0.00141993031707607
chrM	14909	14910	0.0203542162305049
chrM	14910	14911	0.00141692509351322
chrM	14911	14912	0.00036241674339742
chrM	14912	14913	0.00179222948736344
chrM	14913	14914	0.00494482788713523
chrM	14914	14915	0.00395690736993344
chrM	14915	14916	0.0511061187758564
chrM	14916	14917	0.000544463866839694
chrM	14917	14918	0.00350610838353112
chrM	14918	14919	0.000782331100058915
chrM	14919	14920	0.0129123463256648
chrM	14920	14921	0.0167094972843073
chrM	14921	14922	0.0105867793813501
chrM	14922	14923	0.00372231288845483
chrM	14923	14924	0.00115941613580503
chrM	14924	14925	0.00914834057194346
chrM	14925	14926	0.0172926854344385
chrM	14926	14927	0.0452582300751946
chrM	14927	14928	0.0137392233063652
chrM	14928	14929	0.0227361285203912
chrM	14929	14930	0.00627542033626902
chrM	14930	14931	0.00614248238789808
chrM	14931	14932	0.0317247238191587
chrM	14932	14933	0.0124817085625693
chrM	14933	14934	0.00952608611622537
chrM	14934	14935	0.00152846836515503
chrM	14935	14936	0.00756997858944009
chrM	14936	14937	0.000392092513105735
chrM	14937	14938	0.00616870101325666
chrM	14938	14939	0.00123092329678812
chrM	14939	14940	0.00220193387235746
chrM	14940	14941	0.000427392175059835
chrM	14941	14942	0.000432806751785328
chrM	14942	14943	0.00753196370550266
chrM	14943	14944	0.0053267845079937
chrM	14944	14945	0.0524279125045983
chrM	14945	14946	0.0012299801598041
chrM	14946	14947	0.00501007246945556
chrM	14947	14948	0.00512536388393276
chrM	14948	14949	0.0171124912691371
chrM	14949	14950	0.0138668817761901
chrM	14950	14951	0.00914214932047382
chrM	14951	14952	0.011762092803384
chrM	14952	14953	0.00412315770630706
chrM	14953	14954	0.00693229478729778
chrM	14954	14955	0.00521890228083124
chrM	14955	14956	0.0510291343788096
chrM	14956	14957	0.00727096874527323
chrM	14957	14958	0.0117642261941805
chrM	14958	14959	0.0274587467345915
chrM	14959	14960	0.364797427796323
chrM	14960	14961	0.0294074225093678
chrM	14961	14962	0.0569895082228443
chrM	14962	14963	0.14082992491887
chrM	14963	14964	0.598926322094432
chrM	14964	14965	0.507834614955979
chrM	14965	14966	0.438647736793243
chrM	14966	14967	0.338227582590456
chrM	14967	14968	0.0837498476167256
chrM	14968	14969	0.0425758382118148
chrM	14969	14970	0.24360755975542
chrM	14970	14971	0.125390409700533
chrM	14971	14972	0.175821867450898
chrM	14972	14973	0.0328746177370031
chrM	14973	14974	0.201264488935722
chrM	14974	14975	0.0268755152514427
chrM	14975	14976	0.188580142324636
chrM	14976	14977	0.0027145541866778
chrM	14977	14978	0.0033500837520938
chrM	14978	14979	0.0178571428571429
chrM	14979	14980	0.0254002134471718
chrM	14980	14981	0.0546328671328671
chrM	14981	14982	0.00946882217090069
chrM	14982	14983	0.0144387517466232
chrM	14983	14984	0.0111006140765234
chrM	14984	14985	0.0112145072774994
chrM	14985	14986	0.125632987701953
chrM	14986	14987	0.0176405733186329
chrM	14987	14988	0.0767722050994676
chrM	14988	14989	0.00787878787878788
chrM	14989	14990	0.0125152625152625
chrM	14990	14991	0.113411619283066
chrM	14991	14992	0.0578397212543554
chrM	14992	14993	0.0769230769230769
chrM	14993	14994	0.0344551282051282
chrM	14994	14995	0.0539195354624637
chrM	14995	14996	0.0670464504820333
chrM	14996	14997	0.0197275716298732
chrM	14997	14998	0.233828461907044
chrM	14998	14999	0.0368519675202998
chrM	14999	15000	0.0200777202072539
chrM	15000	15001	0.0396301188903567
chrM	15001	15002	0.029553264604811
chrM	15002	15003	0.00424929178470255
chrM	15003	15004	0.00497866287339972
chrM	15004	15005	0.00927246790299572
chrM	15005	15006	0.0610193826274228
chrM	15006	15007	0.000763941940412529
chrM	15007	15008	0.00458365164247517
chrM	15008	15009	0.00306513409961686
chrM	15009	15010	0.00384024577572965
chrM	15010	15011	0.00846805234795997
chrM	15011	15012	0.010844306738962
chrM	15012	15013	0.00704225352112676
chrM	15013	15014	0.00157604412923562
chrM	15014	15015	0.00947119179163378
chrM	15015	15016	0
chrM	15016	15017	0.00238853503184713
chrM	15017	15018	0.000797448165869219
chrM	15018	15019	0.000798084596967279
chrM	15019	15020	0
chrM	15020	15021	0.00159744408945687
chrM	15021	15022	0.0008
chrM	15022	15023	0.0104083266613291
chrM	15023	15024	0.0129449838187702
chrM	15024	15025	0.000819672131147541
chrM	15025	15026	0
chrM	15026	15027	0.00164068908941756
chrM	15027	15028	0.00164338537387017
chrM	15028	15029	0
chrM	15029	15030	0.0213991769547325
chrM	15030	15031	0.00168208578637511
chrM	15031	15032	0.0008424599831508
chrM	15032	15033	0.00927487352445194
chrM	15033	15034	0.000850340136054422
chrM	15034	15035	0.00169779286926995
chrM	15035	15036	0.00507185122569738
chrM	15036	15037	0.00084530853761623
chrM	15037	15038	0.000844594594594595
chrM	15038	15039	0.0033698399326032
chrM	15039	15040	0.0124895920066611
chrM	15040	15041	0.00415973377703827
chrM	15041	15042	0
chrM	15042	15043	0.0172413793103448
chrM	15043	15044	0.00245901639344262
chrM	15044	15045	0.00409836065573771
chrM	15045	15046	0.000822368421052632
chrM	15046	15047	0.00328407224958949
chrM	15047	15048	0
chrM	15048	15049	0.00410846343467543
chrM	15049	15050	0.00411184210526316
chrM	15050	15051	0.0210016155088853
chrM	15051	15052	0.0306603773584906
chrM	15052	15053	0.0132192846034215
chrM	15053	15054	0.0175975516449885
chrM	15054	15055	0.0106463878326996
chrM	15055	15056	0.0439238653001464
chrM	15056	15057	0.0123456790123457
chrM	15057	15058	0.0166545981173063
chrM	15058	15059	0.000733137829912023
chrM	15059	15060	0.0521195274496178
chrM	15060	15061	0.00553250345781466
chrM	15061	15062	0.0150375939849624
chrM	15062	15063	0.0351925630810093
chrM	15063	15064	0.00663129973474801
chrM	15064	15065	0.0013271400132714
chrM	15065	15066	0.0704573547589617
chrM	15066	15067	0.0403800475059382
chrM	15067	15068	0.00534441805225653
chrM	15068	15069	0.000597014925373134
chrM	15069	15070	0.0787011557512383
chrM	15070	15071	0.0381962864721485
chrM	15071	15072	0.0136411332633788
chrM	15072	15073	0.0109546165884194
chrM	15073	15074	0.0251798561151079
chrM	15074	15075	0.0082135523613963
chrM	15075	15076	0.00307850179579271
chrM	15076	15077	0.0526059425231369
chrM	15077	15078	0.0126520681265207
chrM	15078	15079	0.00147420147420147
chrM	15079	15080	0.00147275405007364
chrM	15080	15081	0
chrM	15081	15082	0.0216450216450216
chrM	15082	15083	0.00481231953801732
chrM	15083	15084	0.0161673799334284
chrM	15084	15085	0.012218045112782
chrM	15085	15086	0.0247479376718607
chrM	15086	15087	0.0122504537205082
chrM	15087	15088	0.0135869565217391
chrM	15088	15089	0.0045662100456621
chrM	15089	15090	0.00682749203459263
chrM	15090	15091	0.00227272727272727
chrM	15091	15092	0.0081190798376184
chrM	15092	15093	0.0107190710138455
chrM	15093	15094	0.00267498885421311
chrM	15094	15095	0.00311111111111111
chrM	15095	15096	0.0234578627280626
chrM	15096	15097	0.00778883600173085
chrM	15097	15098	0.0666939443535188
chrM	15098	15099	0.0358565737051793
chrM	15099	15100	0.00476379515680826
chrM	15100	15101	0.00905868452146514
chrM	15101	15102	0.00548804390435124
chrM	15102	15103	0.00117554858934169
chrM	15103	15104	0.00117462803445576
chrM	15104	15105	0.00312377977352597
chrM	15105	15106	0.00582977069568597
chrM	15106	15107	0.00116686114352392
chrM	15107	15108	0.00194704049844237
chrM	15108	15109	0.0019485580670304
chrM	15109	15110	0.00233735878457343
chrM	15110	15111	0.00233826968043648
chrM	15111	15112	0.000390167772142021
chrM	15112	15113	0.000390015600624025
chrM	15113	15114	0.00388651379712398
chrM	15114	15115	0
chrM	15115	15116	0.000388802488335925
chrM	15116	15117	0.0015552099533437
chrM	15117	15118	0.00194476857253987
chrM	15118	15119	0.0142089093701997
chrM	15119	15120	0.00115118956254797
chrM	15120	15121	0.00268096514745308
chrM	15121	15122	0.000765990042129452
chrM	15122	15123	0.00114766641162969
chrM	15123	15124	0.00759301442672741
chrM	15124	15125	0
chrM	15125	15126	0.00303145130731338
chrM	15126	15127	0.000379218809252939
chrM	15127	15128	0.00151515151515152
chrM	15128	15129	0
chrM	15129	15130	0.000757575757575758
chrM	15130	15131	0.00416666666666667
chrM	15131	15132	0.000380083618396047
chrM	15132	15133	0
chrM	15133	15134	0
chrM	15134	15135	0.000760167236792094
chrM	15135	15136	0.00152149106124002
chrM	15136	15137	0.00114242193450114
chrM	15137	15138	0.000761614623000762
chrM	15138	15139	0
chrM	15139	15140	0.00152322924600152
chrM	15140	15141	0.0015255530129672
chrM	15141	15142	0.00190766882869134
chrM	15142	15143	0.00419367136866184
chrM	15143	15144	0.0022883295194508
chrM	15144	15145	0.0003813882532418
chrM	15145	15146	0.000381533765738268
chrM	15146	15147	0.00190766882869134
chrM	15147	15148	0.00152671755725191
chrM	15148	15149	0.0161593385945133
chrM	15149	15150	0.0167099888600074
chrM	15150	15151	0.0179750550256787
chrM	15151	15152	0.0087431693989071
chrM	15152	15153	0.0021849963583394
chrM	15153	15154	0.0379346680716544
chrM	15154	15155	0.0119089316987741
chrM	15155	15156	0.0122292103424179
chrM	15156	15157	0.0198970840480274
chrM	15157	15158	0.00545888775162061
chrM	15158	15159	0.0111336032388664
chrM	15159	15160	0.0100267379679144
chrM	15160	15161	0.00832223701731025
chrM	15161	15162	0.00565347522447622
chrM	15162	15163	0.00695364238410596
chrM	15163	15164	0.00364238410596027
chrM	15164	15165	0.0150474321229964
chrM	15165	15166	0.0208801798907806
chrM	15166	15167	0.00924744897959184
chrM	15167	15168	0.291817359855335
chrM	15168	15169	0.0149453490965871
chrM	15169	15170	0.00200803212851406
chrM	15170	15171	0.00200624164065983
chrM	15171	15172	0.00399911130859809
chrM	15172	15173	0.0146833223756301
chrM	15173	15174	0.00740418118466899
chrM	15174	15175	0.00130605137135394
chrM	15175	15176	0.0354892902141957
chrM	15176	15177	0.00874453466583385
chrM	15177	15178	0.00187110187110187
chrM	15178	15179	0.0109031063567167
chrM	15179	15180	0.00430680885972108
chrM	15180	15181	0.00672920065252855
chrM	15181	15182	0.00162965980851497
chrM	15182	15183	0.000407581006725087
chrM	15183	15184	0.00849171047310958
chrM	15184	15185	0.0129766420443202
chrM	15185	15186	0.00988533017002768
chrM	15186	15187	0.00315457413249211
chrM	15187	15188	0.0013801261829653
chrM	15188	15189	0.00177374852187623
chrM	15189	15190	0.00118203309692671
chrM	15190	15191	0.00490677134445535
chrM	15191	15192	0.0183220829315333
chrM	15192	15193	0.00057881535790083
chrM	15193	15194	0.00211905220574071
chrM	15194	15195	0
chrM	15195	15196	0.0142423091530573
chrM	15196	15197	0.000759013282732448
chrM	15197	15198	0.00246118894358198
chrM	15198	15199	0.00770676691729323
chrM	15199	15200	0.00262565641410353
chrM	15200	15201	0.00205953941209511
chrM	15201	15202	0.0114857354575769
chrM	15202	15203	0.00685566055215861
chrM	15203	15204	0.00297508367422834
chrM	15204	15205	0.00241187384044527
chrM	15205	15206	0.00148257968865827
chrM	15206	15207	0.0231758102480536
chrM	15207	15208	0.00488776249094859
chrM	15208	15209	0.0010911074740862
chrM	15209	15210	0.00597176981541802
chrM	15210	15211	0.00612502251846514
chrM	15211	15212	0.00484913793103448
chrM	15212	15213	0.00340746054519369
chrM	15213	15214	0.00412334169953388
chrM	15214	15215	0.00269493352497305
chrM	15215	15216	0.00466870174178488
chrM	15216	15217	0.0138494318181818
chrM	15217	15218	0.0175500797730899
chrM	15218	15219	0.00483437779767234
chrM	15219	15220	0.000894454382826476
chrM	15220	15221	0.00410201533797039
chrM	15221	15222	0.00550426136363636
chrM	15222	15223	0.0401503502477362
chrM	15223	15224	0.0155248059399258
chrM	15224	15225	0.00319919178312847
chrM	15225	15226	0.00369499496137051
chrM	15226	15227	0.00218487394957983
chrM	15227	15228	0.117770452502248
chrM	15228	15229	0.07772670288341
chrM	15229	15230	0.00236406619385343
chrM	15230	15231	0.000278164116828929
chrM	15231	15232	0.00208217656857301
chrM	15232	15233	0.00854465270121279
chrM	15233	15234	0.00110390506416448
chrM	15234	15235	0.0127014476918875
chrM	15235	15236	0.001640016400164
chrM	15236	15237	0.0102939184613301
chrM	15237	15238	0.00270343336036767
chrM	15238	15239	0.0028336256915396
chrM	15239	15240	0.0222521915037087
chrM	15240	15241	0.002065546681355
chrM	15241	15242	0.00425882676191785
chrM	15242	15243	0.00573848886459899
chrM	15243	15244	0.001912829621533
chrM	15244	15245	0.00150499384320701
chrM	15245	15246	0.0034195048556969
chrM	15246	15247	0.00123287671232877
chrM	15247	15248	0.00423265974877116
chrM	15248	15249	0.00272963013511669
chrM	15249	15250	0.0032719836400818
chrM	15250	15251	0.00176967056901715
chrM	15251	15252	0.00190269094862734
chrM	15252	15253	0.000679255535932618
chrM	15253	15254	0.000271739130434783
chrM	15254	15255	0.000679532481652623
chrM	15255	15256	0.000815328169588259
chrM	15256	15257	0.00513791238507301
chrM	15257	15258	0.000270416441319632
chrM	15258	15259	0.000810701256586948
chrM	15259	15260	0.00751072961373391
chrM	15260	15261	0.00414106331819396
chrM	15261	15262	0.00133547008547009
chrM	15262	15263	0.00664010624169987
chrM	15263	15264	0.0134975756781549
chrM	15264	15265	0.00248495945592467
chrM	15265	15266	0.00026160889470242
chrM	15266	15267	0.0108695652173913
chrM	15267	15268	0.00543267365153279
chrM	15268	15269	0.00465898796428109
chrM	15269	15270	0.00116399379203311
chrM	15270	15271	0.000129366106080207
chrM	15271	15272	0.000775694893341952
chrM	15272	15273	0.000516929439131559
chrM	15273	15274	0.00142008778724503
chrM	15274	15275	0.000645577792123951
chrM	15275	15276	0.00555196901226598
chrM	15276	15277	0.00181653042688465
chrM	15277	15278	0.00051975051975052
chrM	15278	15279	0.000649603741717552
chrM	15279	15280	0.00103842159916926
chrM	15280	15281	0.00570983649104594
chrM	15281	15282	0.000912765680010432
chrM	15282	15283	0
chrM	15283	15284	0.00117263843648208
chrM	15284	15285	0.0135187331015836
chrM	15285	15286	0.0047655847501288
chrM	15286	15287	0.00630711803320891
chrM	15287	15288	0.00103092783505155
chrM	15288	15289	0.0149387129724208
chrM	15289	15290	0.0109876070014054
chrM	15290	15291	0.0122966568464199
chrM	15291	15292	0.00450334534225425
chrM	15292	15293	0.00333889816360601
chrM	15293	15294	0.00166923472008218
chrM	15294	15295	0.088042203985932
chrM	15295	15296	0.0115009293680297
chrM	15296	15297	0.00174297002091564
chrM	15297	15298	0.0438118536639609
chrM	15298	15299	0.0249565972222222
chrM	15299	15300	0.0105251852647406
chrM	15300	15301	0.00279029834728483
chrM	15301	15302	0.0365410567839718
chrM	15302	15303	0.0139530111829281
chrM	15303	15304	0.0293883243674039
chrM	15304	15305	0.0120149694701595
chrM	15305	15306	0.0198154443904808
chrM	15306	15307	0.00872515753756665
chrM	15307	15308	0.00193779672512353
chrM	15308	15309	0.0124497222754262
chrM	15309	15310	0.00552907530981888
chrM	15310	15311	0.00484054669703872
chrM	15311	15312	0.00208432022738039
chrM	15312	15313	0.00396375990939977
chrM	15313	15314	0.00863201351097767
chrM	15314	15315	0.0057084035186225
chrM	15315	15316	0.0123214785774293
chrM	15316	15317	0.00487713374601388
chrM	15317	15318	0.00448514296393198
chrM	15318	15319	0.0018677624206201
chrM	15319	15320	0.00834260289210234
chrM	15320	15321	0.0062840772571851
chrM	15321	15322	0.00314290996487336
chrM	15322	15323	0.00698465214594247
chrM	15323	15324	0.00349425287356322
chrM	15324	15325	0.0055167340934167
chrM	15325	15326	0.00860727039648384
chrM	15326	15327	0.00612375468421534
chrM	15327	15328	0.0741431964709874
chrM	15328	15329	0.00220395015681953
chrM	15329	15330	0.00607236231761828
chrM	15330	15331	0.00143206132592031
chrM	15331	15332	0.0222937825117662
chrM	15332	15333	0.00853578463558766
chrM	15333	15334	0.003111438630967
chrM	15334	15335	0.00130911471117657
chrM	15335	15336	0.00269453743773985
chrM	15336	15337	0.00633373934226553
chrM	15337	15338	0.00469027979945011
chrM	15338	15339	0.00837493960380093
chrM	15339	15340	0.00322814946332015
chrM	15340	15341	0.00145372314650299
chrM	15341	15342	0.000727155207239234
chrM	15342	15343	0.000646464646464646
chrM	15343	15344	0.0216873212583413
chrM	15344	15345	0.00518630814649326
chrM	15345	15346	0.000400865870279804
chrM	15346	15347	0.0554419450124972
chrM	15347	15348	0.0162747293766331
chrM	15348	15349	0.00963105645280782
chrM	15349	15350	0.00288589610774012
chrM	15350	15351	0.00728959575878065
chrM	15351	15352	0.0152560842717036
chrM	15352	15353	0.00571469907407407
chrM	15353	15354	0.00418168709444845
chrM	15354	15355	0.0117680826636051
chrM	15355	15356	0.014456630109671
chrM	15356	15357	0.00298380221653879
chrM	15357	15358	0.000923426623099872
chrM	15358	15359	0.00560323427193418
chrM	15359	15360	0.00333877956951055
chrM	15360	15361	0.00340401389972342
chrM	15361	15362	0.00148820069449366
chrM	15362	15363	0.0223014541387025
chrM	15363	15364	0.076276197358912
chrM	15364	15365	0.0336215177713737
chrM	15365	15366	0.00707141492004842
chrM	15366	15367	0.00829376384931941
chrM	15367	15368	0.0126463406999311
chrM	15368	15369	0.000939496429913566
chrM	15369	15370	0.000689093528785316
chrM	15370	15371	0.00112711333750783
chrM	15371	15372	0.00244116174261392
chrM	15372	15373	0.00206741009898509
chrM	15373	15374	0.00100282043246631
chrM	15374	15375	0.00759509431613024
chrM	15375	15376	0.0056687223571918
chrM	15376	15377	0.0030611607421753
chrM	15377	15378	0.00224592925322852
chrM	15378	15379	0.00305029880478088
chrM	15379	15380	0.00205364366170888
chrM	15380	15381	0.00205453866268211
chrM	15381	15382	0.00510394622183493
chrM	15382	15383	0.00443306693306693
chrM	15383	15384	0.00318929397786255
chrM	15384	15385	0.00181476846057572
chrM	15385	15386	0.00431357839459865
chrM	15386	15387	0.0195982060576273
chrM	15387	15388	0.000675883256528418
chrM	15388	15389	0.00257605495583906
chrM	15389	15390	0.00568668215727039
chrM	15390	15391	0.00416335027245454
chrM	15391	15392	0.000429922613929493
chrM	15392	15393	0.0126482213438735
chrM	15393	15394	0.0136582430806258
chrM	15394	15395	0.002462758289284
chrM	15395	15396	0.00233798932917691
chrM	15396	15397	0.0106926458358085
chrM	15397	15398	0.00385962828810641
chrM	15398	15399	0.00273516470448329
chrM	15399	15400	0.00172526622642632
chrM	15400	15401	0.00267475035663338
chrM	15401	15402	0.000535746175367581
chrM	15402	15403	0.00308715269532178
chrM	15403	15404	0.004027243115191
chrM	15404	15405	0.000948654096999881
chrM	15405	15406	0.00403058502756209
chrM	15406	15407	0.00106983655274889
chrM	15407	15408	0.000713351563428843
chrM	15408	15409	0.00225827539074107
chrM	15409	15410	0.00606998333730064
chrM	15410	15411	0.0037037037037037
chrM	15411	15412	0.00245024801290862
chrM	15412	15413	0.00298329355608592
chrM	15413	15414	0.00202610094750015
chrM	15414	15415	0.0081709988750074
chrM	15415	15416	0.0131881071533706
chrM	15416	15417	0.000651465798045603
chrM	15417	15418	0.00230782886561335
chrM	15418	15419	0.0045516344505527
chrM	15419	15420	0.00159924184090505
chrM	15420	15421	0.0697969543147208
chrM	15421	15422	0.00603798441102207
chrM	15422	15423	0.0140470766894457
chrM	15423	15424	0.0015735214324471
chrM	15424	15425	0.00276377824743944
chrM	15425	15426	0.00588648269158071
chrM	15426	15427	0.00210549047130594
chrM	15427	15428	0.0424276918300823
chrM	15428	15429	0.00627830382873611
chrM	15429	15430	0.00210796915167095
chrM	15430	15431	0.000565901841753267
chrM	15431	15432	0.0218413468830578
chrM	15432	15433	0.00845912268260561
chrM	15433	15434	0.000763941940412529
chrM	15434	15435	0.00122205814960029
chrM	15435	15436	0.00259212198221093
chrM	15436	15437	0.0142900120336943
chrM	15437	15438	0.0026549115864349
chrM	15438	15439	0.00235447349964933
chrM	15439	15440	0.00155404050531382
chrM	15440	15441	0.000902346099859635
chrM	15441	15442	0.00170204245094113
chrM	15442	15443	0.00279622509612024
chrM	15443	15444	0.0158210583742499
chrM	15444	15445	0.00159904057565461
chrM	15445	15446	0.00249277096420381
chrM	15446	15447	0.00542126728339799
chrM	15447	15448	0.00471768386552118
chrM	15448	15449	0.0316242240578718
chrM	15449	15450	0.00104249404289118
chrM	15450	15451	0.0103265145554681
chrM	15451	15452	0.0928561866940342
chrM	15452	15453	0.00524584333600071
chrM	15453	15454	0.0100755667506297
chrM	15454	15455	0.0085978835978836
chrM	15455	15456	0.00877770463023919
chrM	15456	15457	0.0186621842944574
chrM	15457	15458	0.00472630403024835
chrM	15458	15459	0.000774260151410874
chrM	15459	15460	0.000988864525559998
chrM	15460	15461	0.00377148244974928
chrM	15461	15462	0.00273703117649574
chrM	15462	15463	0.0076877336051648
chrM	15463	15464	0.00148582102224486
chrM	15464	15465	0.00101820033091511
chrM	15465	15466	0.000975072070544345
chrM	15466	15467	0.00152445479568071
chrM	15467	15468	0.0109224842301342
chrM	15468	15469	0.00111134857875614
chrM	15469	15470	0.000854700854700855
chrM	15470	15471	0.00281509916826615
chrM	15471	15472	0.00551899808957758
chrM	15472	15473	0.00610972039543468
chrM	15473	15474	0.00115109140518417
chrM	15474	15475	0.000938246332309792
chrM	15475	15476	0.00968779084524917
chrM	15476	15477	0.00139599813866915
chrM	15477	15478	0.00316856780735108
chrM	15478	15479	0.000634625148079201
chrM	15479	15480	0.00849417602287541
chrM	15480	15481	0.00369965525939628
chrM	15481	15482	0.0153827017165602
chrM	15482	15483	0.0177830711733541
chrM	15483	15484	0.00132346250878862
chrM	15484	15485	0.0012396694214876
chrM	15485	15486	0.000206611570247934
chrM	15486	15487	0.0011145050771898
chrM	15487	15488	0.0118541530412034
chrM	15488	15489	0.000818766119457977
chrM	15489	15490	0.000450229207596595
chrM	15490	15491	0.000368278909894427
chrM	15491	15492	0.00143073212606794
chrM	15492	15493	0.00420202349869452
chrM	15493	15494	0.00451788839594611
chrM	15494	15495	0.00344911540334361
chrM	15495	15496	0.000810997120960221
chrM	15496	15497	0.000932004214279925
chrM	15497	15498	0.000850856934484016
chrM	15498	15499	0.00190191000323729
chrM	15499	15500	0.00137568278373457
chrM	15500	15501	0.00298869143780291
chrM	15501	15502	0.00217662944899029
chrM	15502	15503	0.00161251310166895
chrM	15503	15504	0.000605669062424291
chrM	15504	15505	0.00084800516879341
chrM	15505	15506	0.00193798449612403
chrM	15506	15507	0.000727802037845706
chrM	15507	15508	4.04612583451345e-05
chrM	15508	15509	0.00177720332821714
chrM	15509	15510	0.01781098546042
chrM	15510	15511	0.000328866233659459
chrM	15511	15512	0.000698869475847893
chrM	15512	15513	4.11336432067788e-05
chrM	15513	15514	0.000164534572827115
chrM	15514	15515	0.000411353352529823
chrM	15515	15516	0.00229941693356328
chrM	15516	15517	0.00196898843219296
chrM	15517	15518	0.00069789400221684
chrM	15518	15519	0.00106749876827065
chrM	15519	15520	0.000410728221136074
chrM	15520	15521	8.21591422585548e-05
chrM	15521	15522	0.00209239353409371
chrM	15522	15523	0.00509114797175234
chrM	15523	15524	0.00041262636682484
chrM	15524	15525	0.000907328741700004
chrM	15525	15526	0.00437185515136517
chrM	15526	15527	0.00231951290229052
chrM	15527	15528	0.00377718744811556
chrM	15528	15529	0.00558100791336943
chrM	15529	15530	0.00309830849104003
chrM	15530	15531	0.00117592709252026
chrM	15531	15532	0.00807265388496468
chrM	15532	15533	0.0075442909214207
chrM	15533	15534	0.00157998121103425
chrM	15534	15535	0.000256552785735665
chrM	15535	15536	0.00119729752843582
chrM	15536	15537	0.00188364227920716
chrM	15537	15538	0.000300210147102972
chrM	15538	15539	0.00201595607789311
chrM	15539	15540	0.00498495917490331
chrM	15540	15541	0.00177067587993954
chrM	15541	15542	0.000778715120051914
chrM	15542	15543	0.00116893237509741
chrM	15543	15544	0.00160353644795007
chrM	15544	15545	0.000607612516817846
chrM	15545	15546	0.0163572634038686
chrM	15546	15547	0.00179714210572456
chrM	15547	15548	0.00298494359334533
chrM	15548	15549	0.00228893388502509
chrM	15549	15550	0.0056913438630548
chrM	15550	15551	0.0143319873985002
chrM	15551	15552	0.000270087778528022
chrM	15552	15553	0.00373655066852744
chrM	15553	15554	0.00117376190691165
chrM	15554	15555	0.00117413294797688
chrM	15555	15556	0.00171790235081374
chrM	15556	15557	0.00883032196712403
chrM	15557	15558	0.0445865692096848
chrM	15558	15559	0.00210345157280811
chrM	15559	15560	0.00062266500622665
chrM	15560	15561	0.00191690228590598
chrM	15561	15562	0.000384116771498536
chrM	15562	15563	0.00043229742062539
chrM	15563	15564	0.000288309067320167
chrM	15564	15565	0.00293184658271652
chrM	15565	15566	0.00110870089178115
chrM	15566	15567	0.000723798494499131
chrM	15567	15568	0.00439380039592487
chrM	15568	15569	0.000775945683802134
chrM	15569	15570	0.0335371772471365
chrM	15570	15571	0.00225983026163813
chrM	15571	15572	0.00105692284463234
chrM	15572	15573	0.000806085948914303
chrM	15573	15574	0.000453789139313266
chrM	15574	15575	0.00232041969330105
chrM	15575	15576	0.00278086763070078
chrM	15576	15577	0.0287988642701415
chrM	15577	15578	0.000678673975463326
chrM	15578	15579	0.000104482290251802
chrM	15579	15580	0.00203751110182331
chrM	15580	15581	0.00298382453017851
chrM	15581	15582	0.00152254948285819
chrM	15582	15583	0.00935906199064094
chrM	15583	15584	0.00217610530226633
chrM	15584	15585	0.00329787234042553
chrM	15585	15586	0.00026683744262995
chrM	15586	15587	0.0149468851758928
chrM	15587	15588	0.0013006015282068
chrM	15588	15589	0.00103092783505155
chrM	15589	15590	0.00733217466869433
chrM	15590	15591	0.0184384745855447
chrM	15591	15592	0.0179487179487179
chrM	15592	15593	0.00527839264430444
chrM	15593	15594	0.00296685114394934
chrM	15594	15595	0.0132188841201717
chrM	15595	15596	0.0103786165709979
chrM	15596	15597	0.0318669087926894
chrM	15597	15598	0.008652508017184
chrM	15598	15599	0.00592041015625
chrM	15599	15600	0.0195861730214281
chrM	15600	15601	0.00839178356713427
chrM	15601	15602	0.00827333585954276
chrM	15602	15603	6.36820989619818e-05
chrM	15603	15604	0.0063045277972362
chrM	15604	15605	0.0043575776994553
chrM	15605	15606	0.000514866778221135
chrM	15606	15607	0.0138432811795763
chrM	15607	15608	0.00169746033818633
chrM	15608	15609	0.0109861365419827
chrM	15609	15610	0.0483998942078815
chrM	15610	15611	0.0102132981310359
chrM	15611	15612	0.00652769004000842
chrM	15612	15613	0.01992369648156
chrM	15613	15614	0.00122540185972753
chrM	15614	15615	0.00252561697214605
chrM	15615	15616	0.00412326388888889
chrM	15616	15617	0.000871649596862061
chrM	15617	15618	0.0314725977613025
chrM	15618	15619	0.00105042016806723
chrM	15619	15620	0.00931350458164338
chrM	15620	15621	0.0473085670962851
chrM	15621	15622	0.046792933312112
chrM	15622	15623	0.00726331607947904
chrM	15623	15624	0.000420486081910689
chrM	15624	15625	0.0016826518593303
chrM	15625	15626	0.0060677566155402
chrM	15626	15627	0
chrM	15627	15628	0.00220451076818721
chrM	15628	15629	0.00407885791978246
chrM	15629	15630	0.0348122866894198
chrM	15630	15631	0.000884016973125884
chrM	15631	15632	0.0264554946027252
chrM	15632	15633	0.00327183495410343
chrM	15633	15634	0.00547045951859956
chrM	15634	15635	0.0038500320836007
chrM	15635	15636	0.0207048863531793
chrM	15636	15637	0.0349558353692915
chrM	15637	15638	0.00399221032132425
chrM	15638	15639	0.00263903821718307
chrM	15639	15640	0.0679992161473643
chrM	15640	15641	0.00588730025231287
chrM	15641	15642	0.00645093062605753
chrM	15642	15643	0.00713145290047898
chrM	15643	15644	0.072041166380789
chrM	15644	15645	0.00127064803049555
chrM	15645	15646	0.475425002891176
chrM	15646	15647	0.0908289241622575
chrM	15647	15648	0.0150339476236663
chrM	15648	15649	0.106351550960118
chrM	15649	15650	0.0539944903581267
chrM	15650	15651	0.0433896330809552
chrM	15651	15652	0.0146118721461187
chrM	15652	15653	0.274019153537226
chrM	15653	15654	0.0578723404255319
chrM	15654	15655	0.0740740740740741
chrM	15655	15656	0.0121891760117016
chrM	15656	15657	0.354711396151949
chrM	15657	15658	0.349388379204893
chrM	15658	15659	0.113983548766157
chrM	15659	15660	0.10079575596817
chrM	15660	15661	0.00294985250737463
chrM	15661	15662	0.0177514792899408
chrM	15662	15663	0.307228915662651
chrM	15663	15664	0.139130434782609
chrM	15664	15665	0.0126262626262626
chrM	15665	15666	0.00255754475703325
chrM	15666	15667	0.0641025641025641
chrM	15667	15668	0.0219178082191781
chrM	15668	15669	0.0448179271708683
chrM	15669	15670	0
chrM	15670	15671	0
chrM	15671	15672	0
chrM	15672	15673	0.0117302052785924
chrM	15673	15674	0.00593471810089021
chrM	15674	15675	0.00298507462686567
chrM	15675	15676	0.0029940119760479
chrM	15676	15677	0.00900900900900901
chrM	15677	15678	0
chrM	15678	15679	0
chrM	15679	15680	0.00302114803625378
chrM	15680	15681	0
chrM	15681	15682	0
chrM	15682	15683	0.00302114803625378
chrM	15683	15684	0.00302114803625378
chrM	15684	15685	0
chrM	15685	15686	0
chrM	15686	15687	0
chrM	15687	15688	0.00302114803625378
chrM	15688	15689	0.00303030303030303
chrM	15689	15690	0.00303951367781155
chrM	15690	15691	0.0121951219512195
chrM	15691	15692	0.00617283950617284
chrM	15692	15693	0
chrM	15693	15694	0
chrM	15694	15695	0
chrM	15695	15696	0
chrM	15696	15697	0.0062111801242236
chrM	15697	15698	0.003125
chrM	15698	15699	0
chrM	15699	15700	0.00626959247648903
chrM	15700	15701	0
chrM	15701	15702	0
chrM	15702	15703	0
chrM	15703	15704	0.00315457413249211
chrM	15704	15705	0.00316455696202532
chrM	15705	15706	0.00634920634920635
chrM	15706	15707	0.00319488817891374
chrM	15707	15708	0
chrM	15708	15709	0
chrM	15709	15710	0.00961538461538462
chrM	15710	15711	0.00970873786407767
chrM	15711	15712	0
chrM	15712	15713	0
chrM	15713	15714	0
chrM	15714	15715	0.00326797385620915
chrM	15715	15716	0.00327868852459016
chrM	15716	15717	0.00986842105263158
chrM	15717	15718	0.00332225913621262
chrM	15718	15719	0
chrM	15719	15720	0.00333333333333333
chrM	15720	15721	0.00334448160535117
chrM	15721	15722	0
chrM	15722	15723	0
chrM	15723	15724	0
chrM	15724	15725	0.0100671140939597
chrM	15725	15726	0.00338983050847458
chrM	15726	15727	0
chrM	15727	15728	0.00680272108843537
chrM	15728	15729	0
chrM	15729	15730	0.00684931506849315
chrM	15730	15731	0.0103448275862069
chrM	15731	15732	0.00696864111498258
chrM	15732	15733	0.00350877192982456
chrM	15733	15734	0.00704225352112676
chrM	15734	15735	0
chrM	15735	15736	0.0921985815602837
chrM	15736	15737	0.0078125
chrM	15737	15738	0
chrM	15738	15739	0.00393700787401575
chrM	15739	15740	0.00395256916996047
chrM	15740	15741	0
chrM	15741	15742	0
chrM	15742	15743	0
chrM	15743	15744	0
chrM	15744	15745	0.00396825396825397
chrM	15745	15746	0
chrM	15746	15747	0.0239043824701195
chrM	15747	15748	0
chrM	15748	15749	0
chrM	15749	15750	0.00816326530612245
chrM	15750	15751	0
chrM	15751	15752	0.0411522633744856
chrM	15752	15753	0
chrM	15753	15754	0.0171673819742489
chrM	15754	15755	0
chrM	15755	15756	0
chrM	15756	15757	0
chrM	15757	15758	0
chrM	15758	15759	0
chrM	15759	15760	0
chrM	15760	15761	0.00436681222707424
chrM	15761	15762	0
chrM	15762	15763	0.0043859649122807
chrM	15763	15764	0.00440528634361234
chrM	15764	15765	0
chrM	15765	15766	0.00442477876106195
chrM	15766	15767	0
chrM	15767	15768	0.00888888888888889
chrM	15768	15769	0
chrM	15769	15770	0
chrM	15770	15771	0
chrM	15771	15772	0.00448430493273543
chrM	15772	15773	0
chrM	15773	15774	0
chrM	15774	15775	0
chrM	15775	15776	0
chrM	15776	15777	0.0045045045045045
chrM	15777	15778	0
chrM	15778	15779	0
chrM	15779	15780	0
chrM	15780	15781	0
chrM	15781	15782	0.00452488687782805
chrM	15782	15783	0.00454545454545455
chrM	15783	15784	0
chrM	15784	15785	0
chrM	15785	15786	0
chrM	15786	15787	0
chrM	15787	15788	0
chrM	15788	15789	0
chrM	15789	15790	0
chrM	15790	15791	0
chrM	15791	15792	0.0091324200913242
chrM	15792	15793	0
chrM	15793	15794	0.00460829493087558
chrM	15794	15795	0
chrM	15795	15796	0
chrM	15796	15797	0
chrM	15797	15798	0
chrM	15798	15799	0
chrM	15799	15800	0.00462962962962963
chrM	15800	15801	0
chrM	15801	15802	0
chrM	15802	15803	0
chrM	15803	15804	0
chrM	15804	15805	0.00465116279069767
chrM	15805	15806	0.00467289719626168
chrM	15806	15807	0
chrM	15807	15808	0
chrM	15808	15809	0
chrM	15809	15810	0
chrM	15810	15811	0
chrM	15811	15812	0.00469483568075117
chrM	15812	15813	0
chrM	15813	15814	0.0188679245283019
chrM	15814	15815	0
chrM	15815	15816	0
chrM	15816	15817	0
chrM	15817	15818	0
chrM	15818	15819	0
chrM	15819	15820	0
chrM	15820	15821	0
chrM	15821	15822	0
chrM	15822	15823	0.00480769230769231
chrM	15823	15824	0
chrM	15824	15825	0.00966183574879227
chrM	15825	15826	0
chrM	15826	15827	0
chrM	15827	15828	0
chrM	15828	15829	0
chrM	15829	15830	0.0048780487804878
chrM	15830	15831	0
chrM	15831	15832	0
chrM	15832	15833	0
chrM	15833	15834	0.00490196078431373
chrM	15834	15835	0.00492610837438424
chrM	15835	15836	0.00495049504950495
chrM	15836	15837	0
chrM	15837	15838	0
chrM	15838	15839	0
chrM	15839	15840	0.0348258706467662
chrM	15840	15841	0.0309278350515464
chrM	15841	15842	0
chrM	15842	15843	0
chrM	15843	15844	0.00531914893617021
chrM	15844	15845	0
chrM	15845	15846	0
chrM	15846	15847	0.0160427807486631
chrM	15847	15848	0
chrM	15848	15849	0
chrM	15849	15850	0
chrM	15850	15851	0
chrM	15851	15852	0
chrM	15852	15853	0
chrM	15853	15854	0.00543478260869565
chrM	15854	15855	0
chrM	15855	15856	0
chrM	15856	15857	0
chrM	15857	15858	0
chrM	15858	15859	0
chrM	15859	15860	0
chrM	15860	15861	0.00546448087431694
chrM	15861	15862	0
chrM	15862	15863	0
chrM	15863	15864	0.00549450549450549
chrM	15864	15865	0.00552486187845304
chrM	15865	15866	0
chrM	15866	15867	0
chrM	15867	15868	0
chrM	15868	15869	0
chrM	15869	15870	0
chrM	15870	15871	0
chrM	15871	15872	0
chrM	15872	15873	0.00555555555555556
chrM	15873	15874	0.0614525139664804
chrM	15874	15875	0.0119047619047619
chrM	15875	15876	0.00602409638554217
chrM	15876	15877	0
chrM	15877	15878	0
chrM	15878	15879	0
chrM	15879	15880	0
chrM	15880	15881	0
chrM	15881	15882	0
chrM	15882	15883	0
chrM	15883	15884	0
chrM	15884	15885	0.0121212121212121
chrM	15885	15886	0
chrM	15886	15887	0
chrM	15887	15888	0
chrM	15888	15889	0
chrM	15889	15890	0
chrM	15890	15891	0
chrM	15891	15892	0
chrM	15892	15893	0
chrM	15893	15894	0
chrM	15894	15895	0
chrM	15895	15896	0
chrM	15896	15897	0.00613496932515337
chrM	15897	15898	0
chrM	15898	15899	0
chrM	15899	15900	0
chrM	15900	15901	0.0185185185185185
chrM	15901	15902	0
chrM	15902	15903	0
chrM	15903	15904	0
chrM	15904	15905	0
chrM	15905	15906	0
chrM	15906	15907	0
chrM	15907	15908	0
chrM	15908	15909	0
chrM	15909	15910	0
chrM	15910	15911	0
chrM	15911	15912	0
chrM	15912	15913	0
chrM	15913	15914	0
chrM	15914	15915	0
chrM	15915	15916	0
chrM	15916	15917	0
chrM	15917	15918	0
chrM	15918	15919	0.00625
chrM	15919	15920	0
chrM	15920	15921	0
chrM	15921	15922	0.00625
chrM	15922	15923	0
chrM	15923	15924	0
chrM	15924	15925	0
chrM	15925	15926	0
chrM	15926	15927	0
chrM	15927	15928	0
chrM	15928	15929	0.00628930817610063
chrM	15929	15930	0
chrM	15930	15931	0
chrM	15931	15932	0
chrM	15932	15933	0
chrM	15933	15934	0.00632911392405063
chrM	15934	15935	0
chrM	15935	15936	0
chrM	15936	15937	0
chrM	15937	15938	0
chrM	15938	15939	0
chrM	15939	15940	0
chrM	15940	15941	0
chrM	15941	15942	0
chrM	15942	15943	0
chrM	15943	15944	0.00636942675159236
chrM	15944	15945	0
chrM	15945	15946	0
chrM	15946	15947	0
chrM	15947	15948	0
chrM	15948	15949	0.00636942675159236
chrM	15949	15950	0
chrM	15950	15951	0
chrM	15951	15952	0
chrM	15952	15953	0.00636942675159236
chrM	15953	15954	0
chrM	15954	15955	0.00636942675159236
chrM	15955	15956	0.0127388535031847
chrM	15956	15957	0
chrM	15957	15958	0
chrM	15958	15959	0
chrM	15959	15960	0.00645161290322581
chrM	15960	15961	0
chrM	15961	15962	0
chrM	15962	15963	0
chrM	15963	15964	0
chrM	15964	15965	0.00645161290322581
chrM	15965	15966	0.00645161290322581
chrM	15966	15967	0
chrM	15967	15968	0
chrM	15968	15969	0
chrM	15969	15970	0
chrM	15970	15971	0
chrM	15971	15972	0
chrM	15972	15973	0
chrM	15973	15974	0.00645161290322581
chrM	15974	15975	0.00645161290322581
chrM	15975	15976	0
chrM	15976	15977	0
chrM	15977	15978	0
chrM	15978	15979	0.0129032258064516
chrM	15979	15980	0
chrM	15980	15981	0.00649350649350649
chrM	15981	15982	0.0129032258064516
chrM	15982	15983	0
chrM	15983	15984	0.00641025641025641
chrM	15984	15985	0
chrM	15985	15986	0
chrM	15986	15987	0
chrM	15987	15988	0.031055900621118
chrM	15988	15989	0
chrM	15989	15990	0.00617283950617284
chrM	15990	15991	0.00613496932515337
chrM	15991	15992	0
chrM	15992	15993	0
chrM	15993	15994	0.00613496932515337
chrM	15994	15995	0
chrM	15995	15996	0
chrM	15996	15997	0
chrM	15997	15998	0
chrM	15998	15999	0.00617283950617284
chrM	15999	16000	0.00617283950617284
chrM	16000	16001	0
chrM	16001	16002	0.00613496932515337
chrM	16002	16003	0
chrM	16003	16004	0.0304878048780488
chrM	16004	16005	0.0875
chrM	16005	16006	0
chrM	16006	16007	0
chrM	16007	16008	0
chrM	16008	16009	0.00680272108843537
chrM	16009	16010	0
chrM	16010	16011	0.00680272108843537
chrM	16011	16012	0
chrM	16012	16013	0
chrM	16013	16014	0.00680272108843537
chrM	16014	16015	0
chrM	16015	16016	0.00680272108843537
chrM	16016	16017	0.00684931506849315
chrM	16017	16018	0.0137931034482759
chrM	16018	16019	0.00699300699300699
chrM	16019	16020	0.00699300699300699
chrM	16020	16021	0
chrM	16021	16022	0
chrM	16022	16023	0
chrM	16023	16024	0
chrM	16024	16025	0
chrM	16025	16026	0
chrM	16026	16027	0
chrM	16027	16028	0
chrM	16028	16029	0.00694444444444444
chrM	16029	16030	0.00689655172413793
chrM	16030	16031	0
chrM	16031	16032	0
chrM	16032	16033	0.00684931506849315
chrM	16033	16034	0
chrM	16034	16035	0
chrM	16035	16036	0
chrM	16036	16037	0
chrM	16037	16038	0
chrM	16038	16039	0
chrM	16039	16040	0
chrM	16040	16041	0
chrM	16041	16042	0
chrM	16042	16043	0
chrM	16043	16044	0
chrM	16044	16045	0
chrM	16045	16046	0.00680272108843537
chrM	16046	16047	0
chrM	16047	16048	0
chrM	16048	16049	0
chrM	16049	16050	0.00680272108843537
chrM	16050	16051	0
chrM	16051	16052	0
chrM	16052	16053	0
chrM	16053	16054	0
chrM	16054	16055	0
chrM	16055	16056	0.0136986301369863
chrM	16056	16057	0.00694444444444444
chrM	16057	16058	0.013986013986014
chrM	16058	16059	0.00709219858156028
chrM	16059	16060	0
chrM	16060	16061	0
chrM	16061	16062	0
chrM	16062	16063	0
chrM	16063	16064	0
chrM	16064	16065	0.00709219858156028
chrM	16065	16066	0
chrM	16066	16067	0
chrM	16067	16068	0
chrM	16068	16069	0
chrM	16069	16070	0
chrM	16070	16071	0
chrM	16071	16072	0.013986013986014
chrM	16072	16073	0
chrM	16073	16074	0
chrM	16074	16075	0.0592105263157895
chrM	16075	16076	0.0318471337579618
chrM	16076	16077	0.0125786163522013
chrM	16077	16078	0.0125
chrM	16078	16079	0
chrM	16079	16080	0.00625
chrM	16080	16081	0.0062111801242236
chrM	16081	16082	0.0182926829268293
chrM	16082	16083	0
chrM	16083	16084	0
chrM	16084	16085	0.0574712643678161
chrM	16085	16086	0.0279329608938547
chrM	16086	16087	0.0165745856353591
chrM	16087	16088	0
chrM	16088	16089	0
chrM	16089	16090	0
chrM	16090	16091	0.00555555555555556
chrM	16091	16092	0.00558659217877095
chrM	16092	16093	0.00561797752808989
chrM	16093	16094	0
chrM	16094	16095	0
chrM	16095	16096	0
chrM	16096	16097	0.00564971751412429
chrM	16097	16098	0
chrM	16098	16099	0.00568181818181818
chrM	16099	16100	0
chrM	16100	16101	0
chrM	16101	16102	0.0112994350282486
chrM	16102	16103	0.00564971751412429
chrM	16103	16104	0
chrM	16104	16105	0
chrM	16105	16106	0
chrM	16106	16107	0.00568181818181818
chrM	16107	16108	0
chrM	16108	16109	0
chrM	16109	16110	0
chrM	16110	16111	0
chrM	16111	16112	0
chrM	16112	16113	0
chrM	16113	16114	0
chrM	16114	16115	0.0168539325842697
chrM	16115	16116	0
chrM	16116	16117	0
chrM	16117	16118	0
chrM	16118	16119	0
chrM	16119	16120	0
chrM	16120	16121	0.00561797752808989
chrM	16121	16122	0
chrM	16122	16123	0
chrM	16123	16124	0.00561797752808989
chrM	16124	16125	0.00561797752808989
chrM	16125	16126	0
chrM	16126	16127	0
chrM	16127	16128	0
chrM	16128	16129	0.00561797752808989
chrM	16129	16130	0.00558659217877095
chrM	16130	16131	0
chrM	16131	16132	0
chrM	16132	16133	0
chrM	16133	16134	0
chrM	16134	16135	0
chrM	16135	16136	0
chrM	16136	16137	0.00555555555555556
chrM	16137	16138	0
chrM	16138	16139	0
chrM	16139	16140	0
chrM	16140	16141	0
chrM	16141	16142	0
chrM	16142	16143	0
chrM	16143	16144	0.00552486187845304
chrM	16144	16145	0.0109289617486339
chrM	16145	16146	0.00546448087431694
chrM	16146	16147	0
chrM	16147	16148	0
chrM	16148	16149	0.00549450549450549
chrM	16149	16150	0
chrM	16150	16151	0
chrM	16151	16152	0.00549450549450549
chrM	16152	16153	0.00549450549450549
chrM	16153	16154	0
chrM	16154	16155	0
chrM	16155	16156	0.00552486187845304
chrM	16156	16157	0
chrM	16157	16158	0
chrM	16158	16159	0
chrM	16159	16160	0.00555555555555556
chrM	16160	16161	0
chrM	16161	16162	0.00555555555555556
chrM	16162	16163	0
chrM	16163	16164	0
chrM	16164	16165	0
chrM	16165	16166	0.0111111111111111
chrM	16166	16167	0.00561797752808989
chrM	16167	16168	0.00564971751412429
chrM	16168	16169	0.0222222222222222
chrM	16169	16170	0.0166666666666667
chrM	16170	16171	0
chrM	16171	16172	0
chrM	16172	16173	0.0166666666666667
chrM	16173	16174	0
chrM	16174	16175	0
chrM	16175	16176	0
chrM	16176	16177	0.0110497237569061
chrM	16177	16178	0
chrM	16178	16179	0.0222222222222222
chrM	16179	16180	0.00568181818181818
chrM	16180	16181	0.0114285714285714
chrM	16181	16182	0
chrM	16182	16183	0
chrM	16183	16184	0
chrM	16184	16185	0.00578034682080925
chrM	16185	16186	0.00581395348837209
chrM	16186	16187	0.0174418604651163
chrM	16187	16188	0.00588235294117647
chrM	16188	16189	0.00591715976331361
chrM	16189	16190	0
chrM	16190	16191	0.00595238095238095
chrM	16191	16192	0
chrM	16192	16193	0
chrM	16193	16194	0.00598802395209581
chrM	16194	16195	0
chrM	16195	16196	0.0119760479041916
chrM	16196	16197	0.0119760479041916
chrM	16197	16198	0.0119047619047619
chrM	16198	16199	0.0236686390532544
chrM	16199	16200	0.00602409638554217
chrM	16200	16201	0.0236686390532544
chrM	16201	16202	0.0236686390532544
chrM	16202	16203	0.0119760479041916
chrM	16203	16204	0
chrM	16204	16205	0.00595238095238095
chrM	16205	16206	0.0178571428571429
chrM	16206	16207	0.0121212121212121
chrM	16207	16208	0.0245398773006135
chrM	16208	16209	0
chrM	16209	16210	0.0125
chrM	16210	16211	0
chrM	16211	16212	0
chrM	16212	16213	0.0124223602484472
chrM	16213	16214	0
chrM	16214	16215	0.0248447204968944
chrM	16215	16216	0.00636942675159236
chrM	16216	16217	0.00641025641025641
chrM	16217	16218	0.00645161290322581
chrM	16218	16219	0
chrM	16219	16220	0
chrM	16220	16221	0.0193548387096774
chrM	16221	16222	0.00649350649350649
chrM	16222	16223	0.0454545454545455
chrM	16223	16224	0.0136054421768707
chrM	16224	16225	0
chrM	16225	16226	0.00689655172413793
chrM	16226	16227	0
chrM	16227	16228	0
chrM	16228	16229	0.00689655172413793
chrM	16229	16230	0
chrM	16230	16231	0
chrM	16231	16232	0.00689655172413793
chrM	16232	16233	0
chrM	16233	16234	0
chrM	16234	16235	0.00694444444444444
chrM	16235	16236	0.013986013986014
chrM	16236	16237	0
chrM	16237	16238	0
chrM	16238	16239	0
chrM	16239	16240	0
chrM	16240	16241	0.0211267605633803
chrM	16241	16242	0
chrM	16242	16243	0
chrM	16243	16244	0
chrM	16244	16245	0
chrM	16245	16246	0
chrM	16246	16247	0.0141843971631206
chrM	16247	16248	0.0142857142857143
chrM	16248	16249	0
chrM	16249	16250	0
chrM	16250	16251	0
chrM	16251	16252	0
chrM	16252	16253	0
chrM	16253	16254	0
chrM	16254	16255	0
chrM	16255	16256	0
chrM	16256	16257	0
chrM	16257	16258	0
chrM	16258	16259	0
chrM	16259	16260	0
chrM	16260	16261	0.00719424460431655
chrM	16261	16262	0
chrM	16262	16263	0.00714285714285714
chrM	16263	16264	0
chrM	16264	16265	0
chrM	16265	16266	0.00714285714285714
chrM	16266	16267	0
chrM	16267	16268	0
chrM	16268	16269	0
chrM	16269	16270	0
chrM	16270	16271	0
chrM	16271	16272	0
chrM	16272	16273	0
chrM	16273	16274	0
chrM	16274	16275	0
chrM	16275	16276	0.00719424460431655
chrM	16276	16277	0.0144927536231884
chrM	16277	16278	0.0220588235294118
chrM	16278	16279	0
chrM	16279	16280	0
chrM	16280	16281	0
chrM	16281	16282	0
chrM	16282	16283	0
chrM	16283	16284	0
chrM	16284	16285	0
chrM	16285	16286	0
chrM	16286	16287	0.0225563909774436
chrM	16287	16288	0.00763358778625954
chrM	16288	16289	0.0229007633587786
chrM	16289	16290	0.0078125
chrM	16290	16291	0
chrM	16291	16292	0
chrM	16292	16293	0
chrM	16293	16294	0.0078740157480315
chrM	16294	16295	0.0158730158730159
chrM	16295	16296	0.032258064516129
chrM	16296	16297	0
chrM	16297	16298	0
chrM	16298	16299	0.00833333333333333
chrM	16299	16300	0
chrM	16300	16301	0
chrM	16301	16302	0
chrM	16302	16303	0
chrM	16303	16304	0
chrM	16304	16305	0
chrM	16305	16306	0
chrM	16306	16307	0
chrM	16307	16308	0.00840336134453781
chrM	16308	16309	0.0423728813559322
chrM	16309	16310	0.0176991150442478
chrM	16310	16311	0.00900900900900901
chrM	16311	16312	0.0454545454545455
chrM	16312	16313	0
chrM	16313	16314	0
chrM	16314	16315	0.00952380952380952
chrM	16315	16316	0
chrM	16316	16317	0.00961538461538462
chrM	16317	16318	0.029126213592233
chrM	16318	16319	0.01
chrM	16319	16320	0.0808080808080808
chrM	16320	16321	0
chrM	16321	16322	0.0769230769230769
chrM	16322	16323	0.0238095238095238
chrM	16323	16324	0.024390243902439
chrM	16324	16325	0
chrM	16325	16326	0
chrM	16326	16327	0
chrM	16327	16328	0
chrM	16328	16329	0.0125
chrM	16329	16330	0
chrM	16330	16331	0.0506329113924051
chrM	16331	16332	0
chrM	16332	16333	0.0266666666666667
chrM	16333	16334	0
chrM	16334	16335	0.0273972602739726
chrM	16335	16336	0
chrM	16336	16337	0.0140845070422535
chrM	16337	16338	0
chrM	16338	16339	0
chrM	16339	16340	0.0285714285714286
chrM	16340	16341	0.0294117647058824
chrM	16341	16342	0.0151515151515152
chrM	16342	16343	0
chrM	16343	16344	0
chrM	16344	16345	0
chrM	16345	16346	0.0615384615384615
chrM	16346	16347	0
chrM	16347	16348	0
chrM	16348	16349	0.0163934426229508
chrM	16349	16350	0.0166666666666667
chrM	16350	16351	0
chrM	16351	16352	0
chrM	16352	16353	0
chrM	16353	16354	0
chrM	16354	16355	0
chrM	16355	16356	0
chrM	16356	16357	0
chrM	16357	16358	0
chrM	16358	16359	0
chrM	16359	16360	0
chrM	16360	16361	0
chrM	16361	16362	0.0169491525423729
chrM	16362	16363	0
chrM	16363	16364	0
chrM	16364	16365	0
chrM	16365	16366	0.0517241379310345
chrM	16366	16367	0.109090909090909
chrM	16367	16368	0
chrM	16368	16369	0
chrM	16369	16370	0
chrM	16370	16371	0.0612244897959184
chrM	16371	16372	0
chrM	16372	16373	0.0217391304347826
chrM	16373	16374	0.0222222222222222
chrM	16374	16375	0
chrM	16375	16376	0.0227272727272727
chrM	16376	16377	0
chrM	16377	16378	0
chrM	16378	16379	0
chrM	16379	16380	0
chrM	16380	16381	0.0465116279069767
chrM	16381	16382	0
chrM	16382	16383	0.0731707317073171
chrM	16383	16384	0.0526315789473684
chrM	16384	16385	0
chrM	16385	16386	0
chrM	16386	16387	0
chrM	16387	16388	0
chrM	16388	16389	0
chrM	16389	16390	0
chrM	16390	16391	0
chrM	16391	16392	0.0555555555555556
chrM	16392	16393	0.176470588235294
chrM	16393	16394	0
chrM	16394	16395	0
chrM	16395	16396	0
chrM	16396	16397	0.0714285714285714
chrM	16397	16398	0
chrM	16398	16399	0
chrM	16399	16400	0
chrM	16400	16401	0
chrM	16401	16402	0.115384615384615
chrM	16402	16403	0.0434782608695652
chrM	16403	16404	0
chrM	16404	16405	0
chrM	16405	16406	0
chrM	16406	16407	0
chrM	16407	16408	0
chrM	16408	16409	0
chrM	16409	16410	0
chrM	16410	16411	0
chrM	16411	16412	0
chrM	16412	16413	0.0454545454545455
chrM	16413	16414	0
chrM	16414	16415	0.0476190476190476
chrM	16415	16416	0
chrM	16416	16417	0
chrM	16417	16418	0
chrM	16418	16419	0
chrM	16419	16420	0
chrM	16420	16421	0
chrM	16421	16422	0
chrM	16422	16423	0
chrM	16423	16424	0
chrM	16424	16425	0.1
chrM	16425	16426	0
chrM	16426	16427	0
chrM	16427	16428	0.111111111111111
chrM	16428	16429	0.0625
chrM	16429	16430	0
chrM	16430	16431	0
chrM	16431	16432	0
chrM	16432	16433	0.0666666666666667
chrM	16433	16434	0.0714285714285714
chrM	16434	16435	0
chrM	16435	16436	0
chrM	16436	16437	0
chrM	16437	16438	0
chrM	16438	16439	0
chrM	16439	16440	0
chrM	16440	16441	0
chrM	16441	16442	0
chrM	16442	16443	0
chrM	16443	16444	0
chrM	16444	16445	0
chrM	16445	16446	0.0769230769230769
chrM	16446	16447	0
chrM	16447	16448	0
chrM	16448	16449	0.0833333333333333
chrM	16449	16450	0
chrM	16450	16451	0
chrM	16451	16452	0
chrM	16452	16453	0
chrM	16453	16454	0
chrM	16454	16455	0.0909090909090909
chrM	16455	16456	0
chrM	16456	16457	0.1
chrM	16457	16458	0
chrM	16458	16459	0.111111111111111
chrM	16459	16460	0
chrM	16460	16461	0
chrM	16461	16462	0
chrM	16462	16463	0.125
chrM	16463	16464	0.857142857142857
chrM	16464	16465	0
