,assembler,type_input_data,type_ref_data,Contigs/scaffolds,Time_min,ContigLength/ScaffoldsLenght,Assembly_length,max_memory_vsz_mb,max_memory_rss_mb,path_ref,script,name_script,path_config_file,Comment,min_fot_score,lenght_ref,ref_vs_qry,qry_vs_ref,X19,Score,Secondary_title,Species,Gene_Count
1,ARC,genome,full_COI_Bpul,625,48.25,69793,NA,915.419999999999959,217.97999999999999,NA,NA,NA,NA,NA,0.241693708330451,16284,0.238195043767723,0.0575702434341553,NA,0.134764748883082,NA,B. pullus,NA
2,ARC,genome,full_COI_Ecy,4319,47.966666666666697,675000,0,1080.88000000000011,999.889999999999986,/media/main/sandbox/ad/mt_BM/ref_mt_BM,/media/main/sandbox/ad/mt_BM/use_ARC,"Script_ARC,sh",/media/main/sandbox/ad/mt_BM/use_ARC/config_files,Контигов больше 10,0.02283631913852,14370,0.221155184411969,0.00505037037037037,NA,0.062318352249606,Pool animals,E. cyaneus,1
3,ARC,genome,full_COI_EveS,5,49.7833299999999994,6903,NA,925.440000000000055,185.870000000000005,NA,NA,NA,NA,S by W,0.442471636433562,15601,0.330235241330684,0.746342170070984,NA,0.429762261958808,NA,NA,NA
4,ARC,genome,full_mt_genom_Bpul,57,157.150000000000006,23378,NA,929.730000000000018,507.810000000000002,NA,NA,NA,NA,NA,0.696552314141501,16284,0.955354949643822,0.665454701000941,NA,0.583726456108845,NA,B. pullus,NA
5,ARC,genome,full_mt_genom_Bpul_Eve,67,36.7333300000000023,26595,NA,918.409999999999968,140.030000000000001,NA,NA,NA,NA,NA,0.615972492454628,16284,0.575761311798792,0.354653130287648,NA,0.39032807691885,NA,B. pullus,NA
6,ARC,genome,full_mt_genom_Ecy,3481,95.8166666666667055,604027,0,1100.88000000000011,1032.5,/media/main/sandbox/ad/mt_BM/ref_mt_BM,/media/main/sandbox/ad/mt_BM/use_ARC,"Script_ARC,sh",/media/main/sandbox/ad/mt_BM/use_ARC/config_files,Контигов больше 10,0.026961912731312,14370,0.963604732080724,0.0259806266938398,NA,0.254208636319448,Pool animals,E. cyaneus,10
7,ARC,genome,full_mt_genom_Eve,791,411.783333333333019,127871,0,1373.09999999999991,1293.1400000000001,/media/main/sandbox/ad/mt_BM/ref_mt_BM,/media/main/sandbox/ad/mt_BM/use_ARC,"Script_ARC,sh",/media/main/sandbox/ad/mt_BM/use_ARC/config_files,Контигов больше 10,0.119032531527898,14370,0.991997216423104,0.11807993993947,NA,0.307593477598408,Pool animals,E. cyaneus,12
8,ARC,genome,full_mt_genom_EveS_Ecy,50,713.883299999999963,23394,NA,1863.36999999999989,1826.96000000000004,NA,NA,NA,NA,S by W,0.667855051371145,15601,0.789436574578553,0.52722920406942,NA,0.50113020750478,NA,NA,13
9,ARC,genome,full_mt_genom_EveS_EveS,26,636.666699999999992,20619,NA,2001.50999999999999,1847.63000000000011,NA,NA,NA,NA,S by W,0.756632232407003,15601,0.931030062175502,0.704447354381881,NA,0.60764279685648,NA,NA,15
10,ARC,genome,part_COI_Bpul,205,171.300000000000011,32642,NA,910,453.389999999999986,NA,NA,NA,NA,NA,0.496967097604313,16284,0.262667981753175,0.130537344525458,NA,0.223762618165859,NA,B. pullus,NA
11,ARC,genome,part_COI_Ecy,10,60.25,6989,0,904.130000000000109,247.27000000000001,/media/main/sandbox/ad/mt_BM/ref_mt_BM,/media/main/sandbox/ad/mt_BM/use_ARC,"Script_ARC,sh",/media/main/sandbox/ad/mt_BM/use_ARC/config_files,NA,0.463645295425811,14370,0.328114126652749,0.707683502647017,NA,0.399860731181395,Pool animals,E. cyaneus,4
12,ARC,genome,part_COI_EveS,2,48.6000000000000014,4928,NA,924.42999999999995,116.159999999999997,NA,NA,NA,NA,S by W,0.315877187359785,15601,0.29517338632139,0.934456168831169,NA,0.511376685628088,NA,NA,5
13,ARC,genome_10p,full_COI_Ecy,1,5.43333300000000019,2666,0,909.909999999999968,130.539999999999992,/media/main/sandbox/ad/mt_BM/ref_mt_BM,/media/main/sandbox/ad/mt_BM/use_ARC,"Script_ARC,sh",/media/main/sandbox/ad/mt_BM/use_ARC/config_files,NA,0.185525400139179,14370,0.179123173277662,0.965491372843211,NA,0.582534986565013,Pool animals,E. cyaneus,NA
14,ARC,genome_10p,full_mt_genom_Ecy,6,2.76666699999999999,13704,0,924.649999999999977,160.030000000000001,/media/main/sandbox/ad/mt_BM/ref_mt_BM,/media/main/sandbox/ad/mt_BM/use_ARC,"Script_ARC,sh",/media/main/sandbox/ad/mt_BM/use_ARC/config_files,NA,0.95365344467641,14370,0.943006263048017,0.988835376532399,NA,0.763040437730875,Pool animals,E. cyaneus,14
15,ARC,genome_10p,full_mt_genom_Eve,9,5.38333300000000037,13965,0,912.909999999999968,198.25,/media/main/sandbox/ad/mt_BM/ref_mt_BM,/media/main/sandbox/ad/mt_BM/use_ARC,"Script_ARC,sh",/media/main/sandbox/ad/mt_BM/use_ARC/config_files,NA,0.971816283924843,14370,0.895546276965901,0.921518080916577,NA,0.724997938229608,Pool animals,E. cyaneus,NA
16,ARC,genome_10p,part_COI_Ecy,1,6.90000000000000036,2603,0,906.620000000000005,230.069999999999993,/media/main/sandbox/ad/mt_BM/ref_mt_BM,/media/main/sandbox/ad/mt_BM/use_ARC,"Script_ARC,sh",/media/main/sandbox/ad/mt_BM/use_ARC/config_files,NA,0.181141266527488,14370,0.174739039665971,0.964656165962351,NA,0.580134118038953,Pool animals,E. cyaneus,NA
17,ARC,genome_16p,full_COI_Ecy,8,10.3666699999999992,5675,0,911.610000000000014,133.159999999999997,/media/main/sandbox/ad/mt_BM/ref_mt_BM,/media/main/sandbox/ad/mt_BM/use_ARC,"Script_ARC,sh",/media/main/sandbox/ad/mt_BM/use_ARC/config_files,NA,0.373199373695198,14370,0.276200417536534,0.740088105726872,NA,0.378621974239653,Pool animals,E. cyaneus,NA
18,ARC,genome_16p,full_mt_genom_Ecy,12,4.31666699999999981,15854,0,923.659999999999968,213.77000000000001,/media/main/sandbox/ad/mt_BM/ref_mt_BM,/media/main/sandbox/ad/mt_BM/use_ARC,"Script_ARC,sh",/media/main/sandbox/ad/mt_BM/use_ARC/config_files,NA,0.921567041445788,14370,0.960403618649965,0.885076321433077,NA,0.71259507871554,Pool animals,E. cyaneus,12
19,ARC,genome_16p,full_mt_genom_Eve,16,10.1166699999999992,17056,0,920.92999999999995,245.849999999999994,/media/main/sandbox/ad/mt_BM/ref_mt_BM,/media/main/sandbox/ad/mt_BM/use_ARC,"Script_ARC,sh",/media/main/sandbox/ad/mt_BM/use_ARC/config_files,NA,0.856620771287612,14370,0.960403618649965,0.822701688555347,NA,0.67555651962323,Pool animals,E. cyaneus,NA
20,ARC,genome_16p,part_COI_Ecy,5,10.4000000000000004,5108,0,917.169999999999959,186.659999999999997,/media/main/sandbox/ad/mt_BM/ref_mt_BM,/media/main/sandbox/ad/mt_BM/use_ARC,"Script_ARC,sh",/media/main/sandbox/ad/mt_BM/use_ARC/config_files,NA,0.348697907260657,14370,0.276200417536534,0.792090837901331,NA,0.404247290674633,Pool animals,E. cyaneus,NA
21,ARC,genome_1p,full_COI_Ecy,0,0.366666666666666874,0,0,860.379999999999995,87.0699999999999932,/media/main/sandbox/ad/mt_BM/ref_mt_BM,/media/main/sandbox/ad/mt_BM/use_ARC,"Script_ARC,sh",/media/main/sandbox/ad/mt_BM/use_ARC/config_files,NA,0,14370,0,0,NA,NA,Pool animals,E. cyaneus,NA
22,ARC,genome_1p,full_mt_genom_Ecy,0,0.51666666666666714,0,0,917.899999999999977,137.47999999999999,/media/main/sandbox/ad/mt_BM/ref_mt_BM,/media/main/sandbox/ad/mt_BM/use_ARC,"Script_ARC,sh",/media/main/sandbox/ad/mt_BM/use_ARC/config_files,NA,0,14370,0,0,NA,NA,Pool animals,E. cyaneus,0
23,ARC,genome_1p,full_mt_genom_Eve,0,0.5,0,0,859.590000000000032,194.289999999999992,/media/main/sandbox/ad/mt_BM/ref_mt_BM,/media/main/sandbox/ad/mt_BM/use_ARC,"Script_ARC,sh",/media/main/sandbox/ad/mt_BM/use_ARC/config_files,NA,0,14370,0,0,NA,NA,Pool animals,E. cyaneus,NA
24,ARC,genome_1p,part_COI_Ecy,0,0.35,0,0,848.990000000000009,257.730000000000018,/media/main/sandbox/ad/mt_BM/ref_mt_BM,/media/main/sandbox/ad/mt_BM/use_ARC,"Script_ARC,sh",/media/main/sandbox/ad/mt_BM/use_ARC/config_files,NA,0,14370,0,0,NA,NA,Pool animals,E. cyaneus,NA
25,ARC,genome_3x,full_COI_Bpul,15,18.13333,9400,NA,923.69,264.43,NA,NA,NA,NA,NA,0.577253746008352,16284,0.479918938835667,0.831382978723404,NA,0.488805582558523,NA,NA,8
26,ARC,genome_3x,full_COI_Ecy,8,26.53333,5968,NA,906.39,190.04,NA,NA,NA,NA,NA,0.393163658514487,14370,0.285386221294363,0.725871313672922,NA,0.382355298370445,NA,NA,0
27,ARC,genome_3x,full_mt_genom_Bpul,26821,319.5333,7248527,NA,3381.5,3198.16,NA,NA,NA,NA,NA,0.002246525397504,16284,0.970891672807664,0.00218113280118843,NA,0.243839153805987,NA,NA,15
28,ARC,genome_3x,full_mt_genom_Bpul_Eve,18,5.5,12314,NA,900.43,123.2,NA,NA,NA,NA,NA,0.756041752414924,16284,0.577990665684107,0.764495695955823,NA,0.538520917402603,NA,NA,10
29,ARC,genome_3x,full_mt_genom_Ecy,24693,63.23333,2516010,NA,1488.89,1463.5,NA,NA,NA,NA,NA,0.006120075138361,14370,0.984272790535839,0.00602382343472403,NA,0.249114296603963,NA,NA,0
30,ARC,genome_3x,full_mt_genom_Eve,29,19.5,20986,NA,925.7,189.88,NA,NA,NA,NA,NA,0.690599671608573,14370,0.984342379958246,0.679786524349566,NA,0.597302833634268,NA,NA,14
31,ARC,genome_3x,part_COI_Bpul,4808,69.15,1214081,NA,1100.88,1032.36,NA,NA,NA,NA,NA,0.013412614150128,16284,0.450012281994596,0.00603584110121153,NA,0.117417180983697,NA,NA,8
32,ARC,genome_3x,part_COI_Ecy,9,26.36667,6216,NA,905.88,202.56,NA,NA,NA,NA,NA,0.409501558533186,14370,0.285386221294363,0.696911196911197,NA,0.375727521962465,NA,NA,0
33,ARC,genome_NCBI,full_COI_Ecy,7,1349.11699999999996,3585,0,3224.88999999999987,3098,/media/main/sandbox/ad/mt_BM/ref_mt_BM,/media/main/sandbox/ad/mt_BM/use_ARC,"Script_ARC,sh",/media/main/sandbox/ad/mt_BM/use_ARC/config_files,NA,0.249478079331942,14370,0.171398747390397,0.687029288702929,NA,0.312690814570603,One animal,E. cyaneus,NA
34,ARC,genome_NCBI,full_mt_genom_Ecy,675,1505.68299999999999,91284,0,1607.78999999999996,1520.70000000000005,/media/main/sandbox/ad/mt_BM/ref_mt_BM,/media/main/sandbox/ad/mt_BM/use_ARC,"Script_ARC,sh",/media/main/sandbox/ad/mt_BM/use_ARC/config_files,NA,0.163167017036048,14370,0.939874739039666,0.153356557556636,NA,0.314469948778458,One animal,E. cyaneus,NA
35,ARC,genome_NCBI,full_mt_genom_Eve,22,1287.54999999999995,20885,0,1780.8900000000001,1752.66000000000008,/media/main/sandbox/ad/mt_BM/ref_mt_BM,/media/main/sandbox/ad/mt_BM/use_ARC,"Script_ARC,sh",/media/main/sandbox/ad/mt_BM/use_ARC/config_files,NA,0.688053627005027,14370,0.992205984690327,0.682690926502274,NA,0.602101270913045,One animal,E. cyaneus,NA
36,ARC,genome_NCBI,part_COI_Ecy,6,1151.45000000000005,2437,0,1796.8900000000001,1772.30999999999995,/media/main/sandbox/ad/mt_BM/ref_mt_BM,/media/main/sandbox/ad/mt_BM/use_ARC,"Script_ARC,sh",/media/main/sandbox/ad/mt_BM/use_ARC/config_files,NA,0.169589422407794,14370,0.118649965205289,0.699630693475585,NA,0.288634186938835,One animal,E. cyaneus,NA
37,ARC,genome_NCBI_50p,full_COI_Ecy,311,878.183300000000031,82161,NA,4069.59000000000015,3828.82000000000016,NA,NA,NA,NA,NA,0.174900500237337,14370,0.284272790535839,0.0497194532685824,NA,0.12802704453134,NA,NA,NA
38,ARC,genome_NCBI_50p,full_mt_genom_Ecy,25,339.283299999999997,21586,NA,3480.88999999999987,3452.92000000000007,NA,NA,NA,NA,NA,0.665709255999259,14370,0.993458594293667,0.661354581673307,NA,0.590130607991558,NA,NA,NA
39,ARC,genome_NCBI_50p,full_mt_genom_Eve,36,382.583300000000008,24857,NA,1120.88000000000011,1032.43000000000006,NA,NA,NA,NA,NA,0.583497606308082,14370,1,0.583497606308082,NA,0.548693247598485,NA,NA,NA
40,ARC,genome_NCBI_50p,part_COI_Ecy,10,326.800000000000011,7342,NA,3548.88999999999987,3522.73000000000002,NA,NA,NA,NA,NA,0.510925539318024,14370,0.283159359777314,0.554208662489785,NA,0.36207339039628,NA,NA,NA
41,ARC,transcriptome,full_COI_Ecy,5032,523.549999999999955,557556,0,1870.83999999999992,1774.32999999999993,/media/main/sandbox/ad/mt_BM/ref_mt_BM,/media/main/sandbox/ad/mt_BM/use_ARC,"Script_ARC,sh",/media/main/sandbox/ad/mt_BM/use_ARC/config_files,Контигов больше 10,0.026009647214604,14370,0.417188587334725,0.0108509279785349,NA,0.113561972666942,One animal,E. cyaneus,NA
42,ARC,transcriptome,full_mt_genom_Bpul,0,321.449999999999989,0,NA,1928.8900000000001,1906.57999999999993,NA,NA,NA,NA,NA,NA,16284,0,0,NA,NA,NA,NA,0
43,ARC,transcriptome,full_mt_genom_Ecy,0,239.533333333332962,0,0,2192.90999999999985,1975.3900000000001,/media/main/sandbox/ad/mt_BM/ref_mt_BM,/media/main/sandbox/ad/mt_BM/use_ARC,"Script_ARC,sh",/media/main/sandbox/ad/mt_BM/use_ARC/config_files,No assemb,0,14370,0,0,NA,0,One animal,E. cyaneus,0
44,ARC,transcriptome,full_mt_genom_Eve,0,193.633333333332871,0,0,1120.88000000000011,1061.6099999999999,/media/main/sandbox/ad/mt_BM/ref_mt_BM,/media/main/sandbox/ad/mt_BM/use_ARC,"Script_ARC,sh",/media/main/sandbox/ad/mt_BM/use_ARC/config_files,No assemb,0,14370,0,0,NA,0,One animal,E. cyaneus,NA
45,ARC,transcriptome,full_mt_genom_EveS_EveS,NA,250.449999999999989,NA,NA,1316.8900000000001,1051.74000000000001,NA,NA,NA,NA,S by W,NA,15601,NA,NA,NA,NA,NA,NA,0
46,ARC,transcriptome,part_COI_Ecy,3492,349.216666666666868,329475,0,4936.89000000000033,4912.25,/media/main/sandbox/ad/mt_BM/ref_mt_BM,/media/main/sandbox/ad/mt_BM/use_ARC,"Script_ARC,sh",/media/main/sandbox/ad/mt_BM/use_ARC/config_files,Контигов больше 10,0.043614841793764,14370,0.243006263048017,0.0105986797177328,NA,0.074376538350646,One animal,E. cyaneus,NA
47,ARC,transcriptome_10p,full_COI_Ecy,268,80.2166699999999935,95600,0,1120.88000000000011,1032.68000000000006,/media/main/sandbox/ad/mt_BM/ref_mt_BM,/media/main/sandbox/ad/mt_BM/use_ARC,"Script_ARC,sh",/media/main/sandbox/ad/mt_BM/use_ARC/config_files,Контигов больше 10,0.150313807531381,14370,0.343354210160056,0.0516108786610879,NA,0.137252559909027,One animal,E. cyaneus,NA
48,ARC,transcriptome_10p,full_mt_genom_Ecy,914,166.650000000000006,305021,0,1120.88000000000011,1032.52999999999997,/media/main/sandbox/ad/mt_BM/ref_mt_BM,/media/main/sandbox/ad/mt_BM/use_ARC,"Script_ARC,sh",/media/main/sandbox/ad/mt_BM/use_ARC/config_files,Контигов больше 10,0.047451940098715,14370,0.991927627000696,0.047068890338698,NA,0.271885637335458,One animal,E. cyaneus,NA
49,ARC,transcriptome_10p,full_mt_genom_Eve,646,177.166699999999992,292636,0,1120.88000000000011,1032.51000000000022,/media/main/sandbox/ad/mt_BM/ref_mt_BM,/media/main/sandbox/ad/mt_BM/use_ARC,"Script_ARC,sh",/media/main/sandbox/ad/mt_BM/use_ARC/config_files,Контигов больше 10,0.049270294716766,14370,0.994572025052192,0.0490028567913722,NA,0.273598291044108,One animal,E. cyaneus,NA
50,ARC,transcriptome_10p,part_COI_Ecy,388,75.8333300000000037,107376,0,1124.88000000000011,1032.57999999999993,/media/main/sandbox/ad/mt_BM/ref_mt_BM,/media/main/sandbox/ad/mt_BM/use_ARC,"Script_ARC,sh",/media/main/sandbox/ad/mt_BM/use_ARC/config_files,Контигов больше 10,0.133828788556103,14370,0.334029227557411,0.0447027268663388,NA,0.128784515641871,One animal,E. cyaneus,NA
51,ARC,transcriptome_1p,full_COI_Ecy,2,1.18333299999999998,2346,0,853.080000000000041,149.680000000000007,/media/main/sandbox/ad/mt_BM/ref_mt_BM,/media/main/sandbox/ad/mt_BM/use_ARC,"Script_ARC,sh",/media/main/sandbox/ad/mt_BM/use_ARC/config_files,NA,0.163256784968684,14370,0.156645789839944,0.959505541346974,NA,0.4448520290389,One animal,E. cyaneus,NA
52,ARC,transcriptome_1p,full_mt_genom_Ecy,9,1.98333300000000001,14150,0,854.620000000000005,133.72999999999999,/media/main/sandbox/ad/mt_BM/ref_mt_BM,/media/main/sandbox/ad/mt_BM/use_ARC,"Script_ARC,sh",/media/main/sandbox/ad/mt_BM/use_ARC/config_files,NA,0.984690327070285,14370,0.944258872651357,0.958939929328622,NA,0.749750060040345,One animal,E. cyaneus,NA
53,ARC,transcriptome_1p,full_mt_genom_Eve,9,3.39999999999999991,13584,0,854.620000000000005,214.030000000000001,/media/main/sandbox/ad/mt_BM/ref_mt_BM,/media/main/sandbox/ad/mt_BM/use_ARC,"Script_ARC,sh",/media/main/sandbox/ad/mt_BM/use_ARC/config_files,NA,0.945302713987475,14370,0.900765483646486,0.952885747938751,NA,0.727516264170958,One animal,E. cyaneus,NA
54,ARC,transcriptome_1p,part_COI_Ecy,2,1.56666699999999999,2346,0,853.080000000000041,238.199999999999989,/media/main/sandbox/ad/mt_BM/ref_mt_BM,/media/main/sandbox/ad/mt_BM/use_ARC,"Script_ARC,sh",/media/main/sandbox/ad/mt_BM/use_ARC/config_files,NA,0.163256784968684,14370,0.156645789839944,0.959505541346974,NA,0.4448520290389,One animal,E. cyaneus,NA
55,ARC,transcriptome_our,full_COI_Ecy,80,27.3000000000000007,8596,0,895.370000000000005,873.590000000000032,/media/main/sandbox/ad/mt_BM/ref_mt_BM,/media/main/sandbox/ad/mt_BM/use_ARC,"Script_ARC,sh",/media/main/sandbox/ad/mt_BM/use_ARC/config_files,NA,0.598190675017395,14370,0.131315240083507,0.219520707305724,NA,0.240381655601657,Pool animals,E. cyaneus,NA
56,ARC,transcriptome_our,full_mt_genom_Ecy,1293,280.649999999999977,115182,0,3464.73000000000002,3189.07000000000016,/media/main/sandbox/ad/mt_BM/ref_mt_BM,/media/main/sandbox/ad/mt_BM/use_ARC,"Script_ARC,sh",/media/main/sandbox/ad/mt_BM/use_ARC/config_files,NA,0.126528127612202,14370,0.741057759220598,0.093764650726676,NA,0.240530983191107,Pool animals,E. cyaneus,NA
57,ARC,transcriptome_our,full_mt_genom_Eve,9691,641.833300000000008,805835,0,4393.64999999999964,4268.14000000000033,/media/main/sandbox/ad/mt_BM/ref_mt_BM,/media/main/sandbox/ad/mt_BM/use_ARC,"Script_ARC,sh",/media/main/sandbox/ad/mt_BM/use_ARC/config_files,NA,0.018381787326854,14370,0.720598469032707,0.0132458878058163,NA,0.188082333172703,Pool animals,E. cyaneus,NA
58,ARC,transcriptome_our,part_COI_Ecy,10167,149.016699999999958,837486,0,3186.03999999999996,3041.96000000000004,/media/main/sandbox/ad/mt_BM/ref_mt_BM,/media/main/sandbox/ad/mt_BM/use_ARC,"Script_ARC,sh",/media/main/sandbox/ad/mt_BM/use_ARC/config_files,NA,0.017158495783814,14370,0.0626304801670146,0.00107464482988372,NA,0.020240494552904,Pool animals,E. cyaneus,NA
59,GetOrganelle,genome,full_COI_Bpul,1,66.7000000000000028,15634,NA,10054.0900000000001,8949.04000000000087,NA,NA,NA,NA,NA,0.963752928122304,16284,0.868635186783381,0.901304848407317,NA,0.93342324082825,NA,B. pullus,NA
60,GetOrganelle,genome,full_COI_Ecy,1,1,1601,0,9544.93000000000029,520.029999999999973,/media/main/sandbox/ad/mt_BM/ref_mt_BM,/media/main/sandbox/ad/mt_BM/use_getOrganelle,"Script_getOrganelle,sh",no_use,NA,0.197494780793319,14370,0.186778009742519,0.945736434108527,NA,0.582502306161093,Pool animals,E. cyaneus,3
61,GetOrganelle,genome,full_COI_EveS,3,236.349999999999994,4034,NA,29327.6899999999987,28085.130000000001,NA,NA,NA,NA,S by W,0.258573168386642,15601,0.257996282289597,0.997768963807635,NA,0.4619179369543,NA,NA,NA
62,GetOrganelle,genome,full_mt_genom_Bpul,1,57.9166700000000034,15727,NA,10042.8400000000001,8911.52000000000044,NA,NA,NA,NA,NA,0.965794645050356,16284,0.965794645050356,1,NA,0.98289732252518,NA,B. pullus,NA
63,GetOrganelle,genome,full_mt_genom_Bpul_Eve,NA,149.816699999999997,NA,NA,19457.880000000001,18081.7999999999993,NA,NA,NA,NA,NA,NA,16284,NA,NA,NA,NA,NA,B. pullus,NA
64,GetOrganelle,genome,full_mt_genom_Ecy,3,193,13701,0,38407.6600000000035,37064.6399999999994,/media/main/sandbox/ad/mt_BM/ref_mt_BM,/media/main/sandbox/ad/mt_BM/use_getOrganelle,"Script_getOrganelle,sh",no_use,NA,0.953444676409186,14370,0.946485734168406,0.992701262681556,NA,0.80649125164812,Pool animals,E. cyaneus,14
65,GetOrganelle,genome,full_mt_genom_Eve,3,189,12257,0,38519.1600000000035,37086.5,/media/main/sandbox/ad/mt_BM/ref_mt_BM,/media/main/sandbox/ad/mt_BM/use_getOrganelle,"Script_getOrganelle,sh",no_use,NA,0.852957550452331,14370,0.834725121781489,0.978624459492535,NA,0.74991011626492,Pool animals,E. cyaneus,13
66,GetOrganelle,genome,full_mt_genom_EveS_Ecy,6,257.183299999999974,8040,NA,29327.5600000000013,28097.880000000001,NA,NA,NA,NA,S by W,0.515351580026922,15601,0.478815460547401,0.92910447761194,NA,0.522484546213233,NA,NA,6
67,GetOrganelle,genome,full_mt_genom_EveS_EveS,3,73.0999999999999801,14268,NA,13076.8700000000008,11930.1399999999994,NA,NA,NA,NA,S by W,0.914556759182104,15601,0.904172809435293,0.988645920941968,NA,0.785177205723173,NA,NA,15
68,GetOrganelle,genome,part_COI_Bpul,1,70.8333300000000037,15634,NA,10363.4500000000007,9207,NA,NA,NA,NA,NA,0.963752928122304,16284,0.868635186783381,0.901304848407317,NA,0.93342324082825,NA,B. pullus,NA
69,GetOrganelle,genome,part_COI_Ecy,1,70,2838,0,15109.9599999999991,13916.2299999999996,/media/main/sandbox/ad/mt_BM/ref_mt_BM,/media/main/sandbox/ad/mt_BM/use_getOrganelle,"Script_getOrganelle,sh",no_use,NA,0.197494780793319,14370,0.186778009742519,0.945736434108527,NA,0.582502306161093,Pool animals,E. cyaneus,3
70,GetOrganelle,genome,part_COI_EveS,1,101.216700000000003,7512,NA,13066.7999999999993,11907.8199999999997,NA,NA,NA,NA,S by W,0.481507595666944,15601,0.481507595666944,1,NA,0.74075379783347,NA,NA,7
71,GetOrganelle,genome_10p,full_COI_Ecy,1,10.8333300000000001,2666,0,8741.29999999999927,4474.02000000000044,/media/main/sandbox/ad/mt_BM/ref_mt_BM,/media/main/sandbox/ad/mt_BM/use_getOrganelle,"Script_getOrganelle,sh",no_use,NA,0.185525400139179,14370,0.179123173277662,0.965491372843211,NA,0.582534986565013,Pool animals,E. cyaneus,3
72,GetOrganelle,genome_10p,full_mt_genom_Ecy,5,16.6666699999999999,12249,0,9452.94000000000051,4473.81999999999971,/media/main/sandbox/ad/mt_BM/ref_mt_BM,/media/main/sandbox/ad/mt_BM/use_getOrganelle,"Script_getOrganelle,sh",no_use,NA,0.85240083507307,14370,0.842032011134308,0.987835741693199,NA,0.720567146975145,Pool animals,E. cyaneus,13
73,GetOrganelle,genome_10p,full_mt_genom_Eve,4,16.8000000000000007,9269,0,5503.47999999999956,4473.10000000000036,/media/main/sandbox/ad/mt_BM/ref_mt_BM,/media/main/sandbox/ad/mt_BM/use_getOrganelle,"Script_getOrganelle,sh",no_use,NA,0.632258618625099,14370,0.620389700765484,0.981227748408674,NA,0.620969016949815,Pool animals,E. cyaneus,10
74,GetOrganelle,genome_10p,part_COI_Ecy,1,10.6999999999999993,2666,0,5500.71000000000004,4473.47000000000025,/media/main/sandbox/ad/mt_BM/ref_mt_BM,/media/main/sandbox/ad/mt_BM/use_getOrganelle,"Script_getOrganelle,sh",no_use,NA,0.185525400139179,14370,0.179123173277662,0.965491372843211,NA,0.582534986565013,Pool animals,E. cyaneus,3
75,GetOrganelle,genome_16p,full_COI_Ecy,1,21.5500000000000007,4097,0,7700.93000000000029,4688.17000000000007,/media/main/sandbox/ad/mt_BM/ref_mt_BM,/media/main/sandbox/ad/mt_BM/use_getOrganelle,"Script_getOrganelle,sh",no_use,NA,0.285107863604733,14370,0.281558803061935,0.987551867219917,NA,0.638554633471645,Pool animals,E. cyaneus,4
76,GetOrganelle,genome_16p,full_mt_genom_Ecy,5,17.5166700000000013,13064,0,5722.77000000000044,4686.72999999999956,/media/main/sandbox/ad/mt_BM/ref_mt_BM,/media/main/sandbox/ad/mt_BM/use_getOrganelle,"Script_getOrganelle,sh",no_use,NA,0.909116214335421,14370,0.90598469032707,0.996555419473362,NA,0.752914081033963,Pool animals,E. cyaneus,12
77,GetOrganelle,genome_16p,full_mt_genom_Eve,4,101.383300000000006,12376,0,29299.8300000000017,28117.9500000000007,/media/main/sandbox/ad/mt_BM/ref_mt_BM,/media/main/sandbox/ad/mt_BM/use_getOrganelle,"Script_getOrganelle,sh",no_use,NA,0.861238691718859,14370,0.850034794711204,0.986990950226244,NA,0.737066109164078,Pool animals,E. cyaneus,12
78,GetOrganelle,genome_16p,part_COI_Ecy,1,43.75,4113,0,9012.94000000000051,4686.21000000000004,/media/main/sandbox/ad/mt_BM/ref_mt_BM,/media/main/sandbox/ad/mt_BM/use_getOrganelle,"Script_getOrganelle,sh",no_use,NA,0.286221294363257,14370,0.285942936673626,0.99902747386336,NA,0.642797926225063,Pool animals,E. cyaneus,4
79,GetOrganelle,genome_1p,full_COI_Ecy,0,0.966666700000000034,0,0,1771.50999999999999,542.730000000000018,/media/main/sandbox/ad/mt_BM/ref_mt_BM,/media/main/sandbox/ad/mt_BM/use_getOrganelle,"Script_getOrganelle,sh",no_use,NA,0,14370,0,0,NA,0,Pool animals,E. cyaneus,NA
80,GetOrganelle,genome_1p,full_mt_genom_Ecy,0,1.01666700000000021,0,0,1774.57999999999993,533.879999999999995,/media/main/sandbox/ad/mt_BM/ref_mt_BM,/media/main/sandbox/ad/mt_BM/use_getOrganelle,"Script_getOrganelle,sh",no_use,NA,0,14370,0,0,NA,0,Pool animals,E. cyaneus,NA
81,GetOrganelle,genome_1p,full_mt_genom_Eve,0,0.45,0,0,1769.75999999999999,115.920000000000002,/media/main/sandbox/ad/mt_BM/ref_mt_BM,/media/main/sandbox/ad/mt_BM/use_getOrganelle,"Script_getOrganelle,sh",no_use,NA,0,14370,0,0,NA,0,Pool animals,E. cyaneus,NA
82,GetOrganelle,genome_1p,part_COI_Ecy,0,0.45,0,0,1768.98000000000002,118.340000000000003,/media/main/sandbox/ad/mt_BM/ref_mt_BM,/media/main/sandbox/ad/mt_BM/use_getOrganelle,"Script_getOrganelle,sh",no_use,NA,0,14370,0,0,NA,0,Pool animals,E. cyaneus,NA
83,GetOrganelle,genome_3x,full_COI_Bpul,1,20.1999999999999993,15632,NA,6882.76,5833.57,NA,NA,NA,NA,NA,0.959960697617294,16284,0.958241218373864,0.998208802456499,NA,0.979102679611913,NA,NA,15
84,GetOrganelle,genome_3x,full_COI_Ecy,1,48.78333,3862,NA,9238.01,8125.09,NA,NA,NA,NA,NA,0.268754349338901,14370,0.268336812804454,0.998446400828586,NA,0.633884390742985,NA,NA,3
85,GetOrganelle,genome_3x,full_mt_genom_Bpul,1,24.55,15944,NA,9824.93,5848.72,NA,NA,NA,NA,NA,0.979120609186932,16284,0.977401129943503,0.998243853487205,NA,0.98869139815441,NA,NA,15
86,GetOrganelle,genome_3x,full_mt_genom_Bpul_Eve,NA,25.36667,NA,NA,7478.79,6424.88,NA,NA,NA,NA,не смог собрать,NA,16284,NA,NA,NA,NA,NA,NA,0
87,GetOrganelle,genome_3x,full_mt_genom_Ecy,2,38.28333,14162,NA,9262.92,8131.5,NA,NA,NA,NA,NA,0.985525400139178,14370,0.984342379958246,0.998799604575625,NA,0.867166846168262,NA,NA,14
88,GetOrganelle,genome_3x,full_mt_genom_Eve,4,64.46667,12492,NA,9236.97,8124.45,NA,NA,NA,NA,NA,0.868464264427829,14370,0.856437021572721,0.986151136727506,NA,0.740263105682015,NA,NA,12
89,GetOrganelle,genome_3x,part_COI_Bpul,1,20.86667,15668,NA,6882.95,5830.84,NA,NA,NA,NA,NA,0.962171456644559,16284,0.96045197740113,0.998212918049528,NA,0.980209088023805,NA,NA,15
90,GetOrganelle,genome_3x,part_COI_Ecy,1,46.76667,4184,NA,9300.13,8141.42,NA,NA,NA,NA,NA,0.29116214335421,14370,0.290744606819763,0.998565965583174,NA,0.645118178939288,NA,NA,4
91,GetOrganelle,genome_NCBI,full_COI_Ecy,1,136.550000000000011,15582,0,13982.2099999999991,12765.5400000000009,/media/main/sandbox/ad/mt_BM/ref_mt_BM,/media/main/sandbox/ad/mt_BM/use_getOrganelle,"Script_getOrganelle,sh",no_use,NA,0.917389577583479,14370,0.996868475991649,0.914516750096265,NA,0.957193700917848,One animal,E. cyaneus,15
92,GetOrganelle,genome_NCBI,full_mt_genom_Ecy,1,115.583299999999994,15582,0,14371.8799999999992,13187.2199999999993,/media/main/sandbox/ad/mt_BM/ref_mt_BM,/media/main/sandbox/ad/mt_BM/use_getOrganelle,"Script_getOrganelle,sh",no_use,NA,0.917389577583479,14370,0.996868475991649,0.914516750096265,NA,0.957193700917848,One animal,E. cyaneus,15
93,GetOrganelle,genome_NCBI,full_mt_genom_Eve,1,171.583300000000008,15582,0,28107.5299999999988,26536.9900000000016,/media/main/sandbox/ad/mt_BM/ref_mt_BM,/media/main/sandbox/ad/mt_BM/use_getOrganelle,"Script_getOrganelle,sh",no_use,NA,0.917389577583479,14370,0.996868475991649,0.914516750096265,NA,0.957193700917848,One animal,E. cyaneus,15
94,GetOrganelle,genome_NCBI,part_COI_Ecy,1,152.333300000000008,15582,0,17097.7000000000007,15853.9200000000001,/media/main/sandbox/ad/mt_BM/ref_mt_BM,/media/main/sandbox/ad/mt_BM/use_getOrganelle,"Script_getOrganelle,sh",no_use,NA,0.917389577583479,14370,0.996868475991649,0.914516750096265,NA,0.957193700917848,One animal,E. cyaneus,15
95,GetOrganelle,genome_NCBI_50p,full_COI_Ecy,1,93.2999999999999972,15582,NA,13992.6599999999999,12734.9500000000007,NA,NA,NA,NA,NA,0.917389577583479,14370,0.996868475991649,0.914516750096265,NA,0.957193700917848,NA,NA,15
96,GetOrganelle,genome_NCBI_50p,full_mt_genom_Ecy,1,77.4166699999999821,15582,NA,15247.5100000000002,13970.8400000000001,NA,NA,NA,NA,NA,0.917389577583479,14370,0.996868475991649,0.914516750096265,NA,0.957193700917848,NA,NA,15
97,GetOrganelle,genome_NCBI_50p,full_mt_genom_Eve,1,207.599999999999994,15582,NA,39053.0400000000009,37588.8799999999974,NA,NA,NA,NA,NA,0.917389577583479,14370,0.996868475991649,0.914516750096265,NA,0.957193700917848,NA,NA,15
98,GetOrganelle,genome_NCBI_50p,part_COI_Ecy,1,99.683329999999998,15582,NA,15374.1599999999999,14119.7600000000002,NA,NA,NA,NA,NA,0.917389577583479,14370,0.996868475991649,0.914516750096265,NA,0.957193700917848,NA,NA,15
99,GetOrganelle,transcriptome,full_COI_Ecy,1,1,1601,0,9544.93000000000029,520.029999999999973,/media/main/sandbox/ad/mt_BM/ref_mt_BM,/media/main/sandbox/ad/mt_BM/use_getOrganelle,"Script_getOrganelle,sh",no_use,NA,0.111412665274878,14370,0.111412665274878,1,NA,0.55570633263744,One animal,E. cyaneus,1
100,GetOrganelle,transcriptome,full_mt_genom_Bpul,2,1.21666699999999994,12071,NA,7088.93000000000029,400.819999999999993,NA,NA,NA,NA,NA,0.741279783836895,16284,0.712478506509457,0.961146549581642,NA,0.728726209982,NA,NA,13
101,GetOrganelle,transcriptome,full_mt_genom_Ecy,6,1,11734,0,1770.83999999999992,337.939999999999998,/media/main/sandbox/ad/mt_BM/ref_mt_BM,/media/main/sandbox/ad/mt_BM/use_getOrganelle,"Script_getOrganelle,sh",no_use,NA,0.816562282533056,14370,0.808629088378567,0.990284642918016,NA,0.695535670124078,One animal,E. cyaneus,13
102,GetOrganelle,transcriptome,full_mt_genom_Eve,2,1,2179,0,1770.83999999999992,169.430000000000007,/media/main/sandbox/ad/mt_BM/ref_mt_BM,/media/main/sandbox/ad/mt_BM/use_getOrganelle,"Script_getOrganelle,sh",no_use,NA,0.151635351426583,14370,0.148155880306193,0.977053694355209,NA,0.444211231521995,One animal,E. cyaneus,0
103,GetOrganelle,transcriptome,full_mt_genom_EveS_EveS,1,0.55,89,NA,1770.83999999999992,161.150000000000006,NA,NA,NA,NA,S by W,NA,15601,0,0,NA,NA,NA,NA,0
104,GetOrganelle,transcriptome,part_COI_Ecy,1,1,1601,0,7908.93999999999869,546.159999999999968,/media/main/sandbox/ad/mt_BM/ref_mt_BM,/media/main/sandbox/ad/mt_BM/use_getOrganelle,"Script_getOrganelle,sh",no_use,NA,0.111412665274878,14370,0.111134307585247,0.997501561524047,NA,0.555012133596043,One animal,E. cyaneus,1
105,GetOrganelle,transcriptome_10p,full_COI_Ecy,1,1.05000000000000004,1579,0,1770.80999999999995,513.580000000000041,/media/main/sandbox/ad/mt_BM/ref_mt_BM,/media/main/sandbox/ad/mt_BM/use_getOrganelle,"Script_getOrganelle,sh",no_use,NA,0.109881697981907,14370,0.109394572025052,0.995566814439519,NA,0.55371077111162,One animal,E. cyaneus,1
106,GetOrganelle,transcriptome_10p,full_mt_genom_Ecy,NA,NA,NA,0,NA,NA,/media/main/sandbox/ad/mt_BM/ref_mt_BM,/media/main/sandbox/ad/mt_BM/use_getOrganelle,"Script_getOrganelle,sh",no_use,NA,NA,14370,NA,NA,NA,0,One animal,E. cyaneus,NA
107,GetOrganelle,transcriptome_10p,full_mt_genom_Eve,NA,NA,NA,0,NA,NA,/media/main/sandbox/ad/mt_BM/ref_mt_BM,/media/main/sandbox/ad/mt_BM/use_getOrganelle,"Script_getOrganelle,sh",no_use,NA,NA,14370,NA,NA,NA,0,One animal,E. cyaneus,NA
108,GetOrganelle,transcriptome_10p,part_COI_Ecy,1,1.21666699999999994,1526,0,9363.40999999999985,599.100000000000023,/media/main/sandbox/ad/mt_BM/ref_mt_BM,/media/main/sandbox/ad/mt_BM/use_getOrganelle,"Script_getOrganelle,sh",no_use,NA,0.106193458594294,14370,0.104175365344468,0.980996068152031,NA,0.547841223022698,One animal,E. cyaneus,0
109,GetOrganelle,transcriptome_1p,full_COI_Ecy,1,1.11666700000000008,1525,0,9544.93000000000029,520.029999999999973,/media/main/sandbox/ad/mt_BM/ref_mt_BM,/media/main/sandbox/ad/mt_BM/use_getOrganelle,"Script_getOrganelle,sh",no_use,NA,0.106123869171886,14370,0.104175365344468,0.981639344262295,NA,0.547984644694663,One animal,E. cyaneus,0
110,GetOrganelle,transcriptome_1p,full_mt_genom_Ecy,0,1.1666669999999999,0,0,1770.83999999999992,337.939999999999998,/media/main/sandbox/ad/mt_BM/ref_mt_BM,/media/main/sandbox/ad/mt_BM/use_getOrganelle,"Script_getOrganelle,sh",no_use,No assemb,0,14370,0,0,NA,0,One animal,E. cyaneus,NA
111,GetOrganelle,transcriptome_1p,full_mt_genom_Eve,3,0.383333299999999966,4201,0,1770.83999999999992,169.430000000000007,/media/main/sandbox/ad/mt_BM/ref_mt_BM,/media/main/sandbox/ad/mt_BM/use_getOrganelle,"Script_getOrganelle,sh",no_use,NA,0.292345163535142,14370,0.289770354906054,0.991192573196858,NA,0.476660356242845,One animal,E. cyaneus,0
112,GetOrganelle,transcriptome_1p,part_COI_Ecy,1,1.25,1560,0,7908.93999999999869,546.159999999999968,/media/main/sandbox/ad/mt_BM/ref_mt_BM,/media/main/sandbox/ad/mt_BM/use_getOrganelle,"Script_getOrganelle,sh",no_use,NA,0.108559498956159,14370,0.104036186499652,0.958333333333333,NA,0.542732254697288,One animal,E. cyaneus,1
113,GetOrganelle,transcriptome_our,full_COI_Ecy,1,3.73333300000000001,222,0,2572.92999999999984,1326.04999999999995,/media/main/sandbox/ad/mt_BM/ref_mt_BM,/media/main/sandbox/ad/mt_BM/use_getOrganelle,"Script_getOrganelle,sh",no_use,NA,NA,14370,0,0,NA,NA,Pool animals,E. cyaneus,NA
114,GetOrganelle,transcriptome_our,full_mt_genom_Ecy,2,1.23333300000000001,1157,0,1770.83999999999992,400.70999999999998,/media/main/sandbox/ad/mt_BM/ref_mt_BM,/media/main/sandbox/ad/mt_BM/use_getOrganelle,"Script_getOrganelle,sh",no_use,NA,0.080514961725818,14370,0.0741127348643006,0.920484010371651,NA,0.393777926740443,Pool animals,E. cyaneus,NA
115,GetOrganelle,transcriptome_our,full_mt_genom_Eve,2,0.516666700000000034,881,0,1770.83999999999992,188.340000000000003,/media/main/sandbox/ad/mt_BM/ref_mt_BM,/media/main/sandbox/ad/mt_BM/use_getOrganelle,"Script_getOrganelle,sh",no_use,NA,0.061308281141267,14370,0.0609603340292276,0.994324631101022,NA,0.40414831156788,Pool animals,E. cyaneus,NA
116,GetOrganelle,transcriptome_our,part_COI_Ecy,1,3.0833330000000001,219,0,1957.45000000000005,966.380000000000109,/media/main/sandbox/ad/mt_BM/ref_mt_BM,/media/main/sandbox/ad/mt_BM/use_getOrganelle,"Script_getOrganelle,sh",no_use,NA,NA,14370,0,0,NA,NA,Pool animals,E. cyaneus,NA
117,MEANGS,genome,de_novo,97,173.966700000000003,48857,0,5190.52999999999975,3998.26000000000022,/media/main/sandbox/ad/mt_BM/ref_mt_BM,/media/main/sandbox/ad/mt_BM/use_MEANGS,"Script_getOrganelle,sh",no_use,NA,0.334231439804848,14370,0.800695894224078,0.267617741572344,NA,0.353213588487948,Pool animals,E. cyaneus,9
118,MEANGS,genome,de_novo_Bpul,148,113.4833,58574,NA,5259.01000000000022,4178.35000000000036,NA,NA,NA,NA,NA,0.277719663636737,16284,0.712232866617539,0.197801072148052,NA,0.298627589789773,NA,B. pullus,NA
119,MEANGS,genome,de_novo_EveS,84,74.3333300000000037,30012,NA,5167.26000000000022,3910.55000000000018,NA,NA,NA,NA,S by W,0.541232862403608,15601,0.611691558233447,0.331067572970812,NA,0.373974188878158,NA,NA,5
120,MEANGS,genome_10p,de_novo,47,7.66666700000000034,16788,0,4395.89000000000033,3548.51999999999998,/media/main/sandbox/ad/mt_BM/ref_mt_BM,/media/main/sandbox/ad/mt_BM/use_MEANGS,"Script_getOrganelle,sh",no_use,NA,0.963483867702901,14370,0.487543493389005,0.469740290683822,NA,0.485511061880103,Pool animals,E. cyaneus,3
121,MEANGS,genome_16p,de_novo,63,12.2833299999999994,24214,0,4384.43000000000029,3553.82000000000016,/media/main/sandbox/ad/mt_BM/ref_mt_BM,/media/main/sandbox/ad/mt_BM/use_MEANGS,"Script_getOrganelle,sh",no_use,NA,0.561316434044031,14370,0.548643006263048,0.307962335838771,NA,0.358448698004718,Pool animals,E. cyaneus,4
122,MEANGS,genome_1p,de_novo,8,0.833333299999999788,1701,0,3950.76999999999998,3155,/media/main/sandbox/ad/mt_BM/ref_mt_BM,/media/main/sandbox/ad/mt_BM/use_MEANGS,"Script_getOrganelle,sh",no_use,NA,0.118371607515658,14370,0.020946416144746,0.176954732510288,NA,0.110318189042673,Pool animals,E. cyaneus,0
123,MEANGS,genome_3x,de_novo,123,40.21667,44652,NA,5121.61,3744.03,NA,NA,NA,NA,NA,0.44831962734032,14370,0.652400835073069,0.292484099256472,NA,0.350333660742668,NA,NA,2
124,MEANGS,genome_3x,de_novo_Bpul,106,23.25,44653,NA,5049.4,3602.06,NA,NA,NA,NA,NA,0.363933576977879,16284,0.691230655858511,0.251562045103353,NA,0.329040060050973,NA,NA,13
125,MEANGS,genome_NCBI,de_novo,147,178.349999999999994,60525,0,11781.8199999999997,4154.35000000000036,/media/main/sandbox/ad/mt_BM/ref_mt_BM,/media/main/sandbox/ad/mt_BM/use_MEANGS,"Script_getOrganelle,sh",no_use,NA,0.239048999771006,14370,0.85330549756437,0.203981825691863,NA,0.32578476102892,One animal,E. cyaneus,12
126,MEANGS,genome_NCBI_50p,de_novo,82,93.2999999999999972,39821,NA,4852.17000000000007,3702.67999999999984,NA,NA,NA,NA,NA,0.362226066197278,14370,0.848643006263048,0.307400617764496,NA,0.38261620304401,NA,NA,12
127,MEANGS,transcriptome,de_novo,293,54.0333299999999994,74341,0,5098.64000000000033,4017.36000000000013,/media/main/sandbox/ad/mt_BM/ref_mt_BM,/media/main/sandbox/ad/mt_BM/use_MEANGS,"Script_getOrganelle,sh",no_use,NA,0.19200956047979,14370,0.772303409881698,0.148289638288428,NA,0.2790038944833,One animal,E. cyaneus,0
128,MEANGS,transcriptome,de_novo_EveS,434,58.7000000000000028,80282,NA,4914.60000000000036,4399.96000000000004,NA,NA,NA,NA,S by W,NA,15601,0,0,NA,NA,NA,NA,3
129,MEANGS,transcriptome,full_mt_genom_Bpul,8,102.416700000000006,11093,NA,12230.7999999999993,12226.7800000000007,NA,NA,NA,NA,NA,0.623434317862679,16284,0.545259150085974,0.874605607139638,NA,0.542074768772073,NA,NA,0
130,MEANGS,transcriptome_10p,de_novo,189,5.53333299999999983,44804,0,4197.96000000000004,3390.09000000000015,/media/main/sandbox/ad/mt_BM/ref_mt_BM,/media/main/sandbox/ad/mt_BM/use_MEANGS,"Script_getOrganelle,sh",no_use,NA,0.320699490988259,14370,0.724634655532359,0.23238996518168,NA,0.320753779248328,One animal,E. cyaneus,10
131,MEANGS,transcriptome_1p,de_novo,84,0.7,22270,0,4029.15000000000009,3244.32000000000016,/media/main/sandbox/ad/mt_BM/ref_mt_BM,/media/main/sandbox/ad/mt_BM/use_MEANGS,"Script_getOrganelle,sh",no_use,NA,0.652833696560217,14370,0.676130828114127,0.441400987876066,NA,0.445567568613793,One animal,E. cyaneus,5
132,MEANGS,transcriptome_our,de_novo,479,41.4166700000000034,94058,0,5281.39999999999964,4055.61999999999989,/media/main/sandbox/ad/mt_BM/ref_mt_BM,/media/main/sandbox/ad/mt_BM/use_MEANGS,"Script_getOrganelle,sh",no_use,NA,0.164704919400676,14370,0.594572025052192,0.0979289374641179,NA,0.214823391147305,Pool animals,E. cyaneus,NA
133,MITGARD,genome,full_COI_Bpul,6,59.7000000000000028,10048,NA,1871.58999999999992,397.600000000000023,NA,NA,NA,NA,NA,0.109357662433732,16284,0.109357662433732,1,NA,0.346345497883533,NA,B. pullus,NA
134,MITGARD,genome,full_COI_Ecy,8,39.7166700000000006,10636,0,1870.82999999999993,407.699999999999989,/media/main/sandbox/ad/mt_BM/ref_mt_BM,/media/main/sandbox/ad/mt_BM/use_MITGARD,"Script_MEANGS,sh",no_use,NA,0.127259524536461,14370,0.115031315240084,0.903911244828883,NA,0.317800521151358,Pool animals,E. cyaneus,0
135,MITGARD,genome,full_COI_EveS,27,34.2333300000000023,13437,NA,5804.93000000000029,635.629999999999995,NA,NA,NA,NA,S by W,0.287096980962759,15601,0.1071085186847,0.373074346952445,NA,0.201079220909235,NA,NA,NA
136,MITGARD,genome,full_mt_genom_Bpul,33,66.5166700000000048,96298,NA,10144.9300000000003,537.480000000000018,NA,NA,NA,NA,NA,0.935926595919848,16284,0.956951608941292,0.895636461816445,NA,0.704704424245155,NA,B. pullus,NA
137,MITGARD,genome,full_mt_genom_Bpul_Eve,141,58.6499999999999986,53252,NA,2300.92999999999984,635.960000000000036,NA,NA,NA,NA,NA,0.613114593649324,16284,0.160522746886944,0.0984188387290618,NA,0.219787094461723,NA,B. pullus,NA
138,MITGARD,genome,full_mt_genom_Ecy,61,41.683329999999998,217447,0,6312.93000000000029,635.710000000000036,/media/main/sandbox/ad/mt_BM/ref_mt_BM,/media/main/sandbox/ad/mt_BM/use_MITGARD,"Script_MEANGS,sh",no_use,NA,0.296479276641117,14370,0.995059151009047,0.295014417306286,NA,0.40073657189485,Pool animals,E. cyaneus,0
139,MITGARD,genome,full_mt_genom_Eve,131,39.816670000000002,71624,0,9708.93000000000029,635.960000000000036,/media/main/sandbox/ad/mt_BM/ref_mt_BM,/media/main/sandbox/ad/mt_BM/use_MITGARD,"Script_MEANGS,sh",no_use,NA,0.319032464284427,14370,0.836047320807237,0.266726237015526,NA,0.357359902473363,Pool animals,E. cyaneus,0
140,MITGARD,genome,full_mt_genom_EveS_Ecy,121,32.5,55869,NA,13402.5,635.950000000000045,NA,NA,NA,NA,S by W,0.466110312073701,15601,0.515415678482149,0.240240562744993,NA,0.30750775402769,NA,NA,0
141,MITGARD,genome,full_mt_genom_EveS_EveS,63,38.7000000000000028,98104,NA,1876.80999999999995,635.710000000000036,NA,NA,NA,NA,S by W,0.628915205152652,15601,0.944811230049356,0.59420614857702,NA,0.545951399913013,NA,NA,0
142,MITGARD,genome,part_COI_Bpul,6,59.3833300000000008,4592,NA,10140.9300000000003,389.839999999999975,NA,NA,NA,NA,NA,0.094357456951465,16284,0.0531377142152632,0.56315331010453,NA,0.219328786984481,NA,B. pullus,NA
143,MITGARD,genome,part_COI_Ecy,7,39.6166699999999992,4821,0,2391.98999999999978,636,/media/main/sandbox/ad/mt_BM/ref_mt_BM,/media/main/sandbox/ad/mt_BM/use_MITGARD,"Script_MEANGS,sh",no_use,NA,0.061502809832592,14370,0.0562978427279054,0.91537025513379,NA,0.294007012637858,Pool animals,E. cyaneus,0
144,MITGARD,genome,part_COI_EveS,6,34.8333299999999966,4376,NA,1858.41000000000008,636.009999999999991,NA,NA,NA,NA,S by W,0.093573803675855,15601,0.0529453240176912,0.56581352833638,NA,0.219749830674148,NA,NA,0
145,MITGARD,genome_10p,full_COI_Ecy,4,3.01666699999999999,4605,0,1866.78999999999996,181.439999999999998,/media/main/sandbox/ad/mt_BM/ref_mt_BM,/media/main/sandbox/ad/mt_BM/use_MITGARD,"Script_MITGARD,sh",no_use,NA,0.163765608258062,14370,0.112804453723034,0.688816503800217,NA,0.303846641445328,Pool animals,E. cyaneus,1
146,MITGARD,genome_10p,full_mt_genom_Ecy,49,4,93686,0,10140.9300000000003,635.950000000000045,/media/main/sandbox/ad/mt_BM/ref_mt_BM,/media/main/sandbox/ad/mt_BM/use_MITGARD,"Script_MITGARD,sh",no_use,NA,0.43329128651731,14370,0.949269311064718,0.411310121042632,NA,0.453569720472493,Pool animals,E. cyaneus,0
147,MITGARD,genome_10p,full_mt_genom_Eve,20,3.03333299999999983,8184,0,3776.92999999999984,147.879999999999995,/media/main/sandbox/ad/mt_BM/ref_mt_BM,/media/main/sandbox/ad/mt_BM/use_MITGARD,"Script_MITGARD,sh",no_use,NA,0.570123649602208,14370,0.328531663187196,0.57624633431085,NA,0.381225411775063,Pool animals,E. cyaneus,0
148,MITGARD,genome_10p,part_COI_Ecy,2,3.06666699999999981,1431,0,1854.8900000000001,150.800000000000011,/media/main/sandbox/ad/mt_BM/ref_mt_BM,/media/main/sandbox/ad/mt_BM/use_MITGARD,"Script_MITGARD,sh",no_use,NA,0.056019584522795,14370,0.0547668754349339,0.977638015373864,NA,0.3971061188329,Pool animals,E. cyaneus,0
149,MITGARD,genome_16p,full_COI_Ecy,6,4.96666700000000017,9949,0,1875.65000000000009,635.919999999999959,/media/main/sandbox/ad/mt_BM/ref_mt_BM,/media/main/sandbox/ad/mt_BM/use_MITGARD,"Script_MITGARD,sh",no_use,NA,0.118510191139437,14370,0.112804453723034,0.951854457734446,NA,0.337458942315898,Pool animals,E. cyaneus,0
150,MITGARD,genome_16p,full_mt_genom_Ecy,37,5.38333300000000037,115437,0,4744.93000000000029,635.919999999999959,/media/main/sandbox/ad/mt_BM/ref_mt_BM,/media/main/sandbox/ad/mt_BM/use_MITGARD,"Script_MITGARD,sh",no_use,NA,0.368245694194167,14370,0.965344467640919,0.355483943622929,NA,0.429025283121263,Pool animals,E. cyaneus,0
151,MITGARD,genome_16p,full_mt_genom_Eve,57,4.95000000000000018,29944,0,1840.94000000000005,635.980000000000018,/media/main/sandbox/ad/mt_BM/ref_mt_BM,/media/main/sandbox/ad/mt_BM/use_MITGARD,"Script_MITGARD,sh",no_use,NA,0.708700101866059,14370,0.602366040361865,0.426896874165108,NA,0.438876719010538,Pool animals,E. cyaneus,0
152,MITGARD,genome_16p,part_COI_Ecy,6,4.84999999999999964,4478,0,1857.46000000000004,635.990000000000009,/media/main/sandbox/ad/mt_BM/ref_mt_BM,/media/main/sandbox/ad/mt_BM/use_MITGARD,"Script_MITGARD,sh",no_use,NA,0.082746934330388,14370,0.0556019485038274,0.671951764180438,NA,0.24424182842033,Pool animals,E. cyaneus,0
153,MITGARD,genome_1p,full_COI_Ecy,4,0.416666700000000034,2194,0,3732.92999999999984,115.560000000000002,/media/main/sandbox/ad/mt_BM/ref_mt_BM,/media/main/sandbox/ad/mt_BM/use_MITGARD,"Script_MITGARD,sh",no_use,NA,0.07633959638135,14370,0.0756437021572721,0.990884229717411,NA,0.348216882064008,Pool animals,E. cyaneus,0
154,MITGARD,genome_1p,full_mt_genom_Ecy,57,0.666666699999999945,22939,0,1867.8599999999999,635.639999999999986,/media/main/sandbox/ad/mt_BM/ref_mt_BM,/media/main/sandbox/ad/mt_BM/use_MITGARD,"Script_MITGARD,sh",no_use,NA,0.746800005970138,14370,0.242867084203201,0.325210340468198,NA,0.333105322572665,Pool animals,E. cyaneus,0
155,MITGARD,genome_1p,full_mt_genom_Eve,57,0.416666700000000034,93459,0,7932.93000000000029,110.670000000000002,/media/main/sandbox/ad/mt_BM/ref_mt_BM,/media/main/sandbox/ad/mt_BM/use_MITGARD,"Script_MITGARD,sh",no_use,NA,0.037369519832986,14370,0.0167014613778706,0.446927374301676,NA,0.129635553790414,Pool animals,E. cyaneus,0
156,MITGARD,genome_1p,part_COI_Ecy,2,0.433333299999999966,1115,0,8760.93000000000029,91.0400000000000063,/media/main/sandbox/ad/mt_BM/ref_mt_BM,/media/main/sandbox/ad/mt_BM/use_MITGARD,"Script_MITGARD,sh",no_use,NA,0.042297556331005,14370,0.0420320111343076,0.99372197309417,NA,0.394512885139873,Pool animals,E. cyaneus,0
157,MITGARD,genome_3x,full_COI_Bpul,6,9.266667,10047,NA,9916.93,398.59,NA,NA,NA,NA,NA,0.108879882092852,16284,0.108879882092852,1,NA,0.346106607713093,NA,NA,0
158,MITGARD,genome_3x,full_COI_Ecy,6,14.88333,10032,NA,1873.11,635.97,NA,NA,NA,NA,NA,0.119982756756968,14370,0.115031315240084,0.958732057416268,NA,0.340103199019998,NA,NA,0
159,MITGARD,genome_3x,full_mt_genom_Bpul,17,13.81667,119535,NA,6416.93,635.81,NA,NA,NA,NA,NA,0.772812829756997,16284,0.942765905183002,0.728581586982892,NA,0.625745962833665,NA,NA,0
160,MITGARD,genome_3x,full_mt_genom_Bpul_Eve,40,8.816667,13432,NA,6773.32,635.52,NA,NA,NA,NA,NA,0.434810493415885,16284,0.168816015720953,0.388251935675998,NA,0.25421961120321,NA,NA,0
161,MITGARD,genome_3x,full_mt_genom_Ecy,47,17.75,217772,NA,6773.32,635.52,NA,NA,NA,NA,NA,0.298400357848508,14370,0.988239387613083,0.294890986903734,NA,0.400701832027503,NA,NA,0
162,MITGARD,genome_3x,full_mt_genom_Eve,72,15.83333,45204,NA,3212.94,635.58,NA,NA,NA,NA,NA,0.533650064700049,14370,0.802922755741127,0.428479780550394,NA,0.444735372470115,NA,NA,0
163,MITGARD,genome_3x,part_COI_Bpul,6,9.016667,4560,NA,1858.44,389.63,NA,NA,NA,NA,NA,0.093343158929011,16284,0.0522598870056497,0.559868421052632,NA,0.21803453341349,NA,NA,0
164,MITGARD,genome_3x,part_COI_Ecy,6,16.45,4554,NA,1866,635.58,NA,NA,NA,NA,NA,0.057934475815065,14370,0.0559498956158664,0.965744400527009,NA,0.311573859656155,NA,NA,0
165,MITGARD,genome_NCBI,full_COI_Ecy,15,96.0999999999999943,12991,0,4497.30000000000018,635.789999999999964,/media/main/sandbox/ad/mt_BM/ref_mt_BM,/media/main/sandbox/ad/mt_BM/use_MITGARD,"Script_MITGARD,sh",no_use,NA,0.155192096779494,14370,0.115100904662491,0.741667308136402,NA,0.269656744061265,One animal,E. cyaneus,0
166,MITGARD,genome_NCBI,full_mt_genom_Ecy,70,100.799999999999997,107140,0,10141.2999999999993,635.850000000000023,/media/main/sandbox/ad/mt_BM/ref_mt_BM,/media/main/sandbox/ad/mt_BM/use_MITGARD,"Script_MITGARD,sh",no_use,NA,0.311321635243607,14370,1,0.311321635243607,NA,0.409232246193233,One animal,E. cyaneus,0
167,MITGARD,genome_NCBI,full_mt_genom_Eve,74,94.6500000000000057,61842,0,1842.23000000000002,452.720000000000027,/media/main/sandbox/ad/mt_BM/ref_mt_BM,/media/main/sandbox/ad/mt_BM/use_MITGARD,"Script_MITGARD,sh",no_use,NA,0.448944199181758,14370,0.975017397355602,0.437728404644093,NA,0.468800878673743,One animal,E. cyaneus,0
168,MITGARD,genome_NCBI,part_COI_Ecy,8,93.75,5338,0,6773.31999999999971,635.950000000000045,/media/main/sandbox/ad/mt_BM/ref_mt_BM,/media/main/sandbox/ad/mt_BM/use_MITGARD,"Script_MITGARD,sh",no_use,NA,0.066706739137201,14370,0.0542101600556715,0.812663919070813,NA,0.264645204565923,One animal,E. cyaneus,0
169,MITGARD,genome_NCBI_50p,full_COI_Ecy,13,44.3666699999999992,12002,NA,10141.2999999999993,635.620000000000005,NA,NA,NA,NA,NA,0.143278362748053,14370,0.114961725817676,0.802366272287952,NA,0.28438235944419,NA,NA,0
170,MITGARD,genome_NCBI_50p,full_mt_genom_Ecy,45,46.2000000000000028,100902,NA,10140.9300000000003,635.779999999999973,NA,NA,NA,NA,NA,0.21895502566847,14370,1,0.21895502566847,NA,0.36503306838979,NA,NA,0
171,MITGARD,genome_NCBI_50p,full_mt_genom_Eve,61,46.3833300000000008,55404,NA,13991.6599999999999,424.25,NA,NA,NA,NA,NA,0.498521241249773,14370,0.962560890744607,0.479857050032489,NA,0.489333156162455,NA,NA,0
172,MITGARD,genome_NCBI_50p,part_COI_Ecy,9,41.6499999999999986,5490,NA,7068.93000000000029,635.67999999999995,NA,NA,NA,NA,NA,0.068606219157593,14370,0.0542101600556715,0.790163934426229,NA,0.256022856187653,NA,NA,0
173,MITGARD,transcriptome,full_COI_Ecy,20,24.6000000000000014,13288,0,14455.5400000000009,635.919999999999959,/media/main/sandbox/ad/mt_BM/ref_mt_BM,/media/main/sandbox/ad/mt_BM/use_MITGARD,"Script_MEANGS,sh",no_use,NA,0.189795250276888,14370,0.111551844119694,0.587748344370861,NA,0.234773859691861,One animal,E. cyaneus,1
174,MITGARD,transcriptome,full_mt_genom_Bpul,360,106.816699999999997,267661,NA,33402.8600000000006,4758.11999999999989,NA,NA,NA,NA,NA,0.070555816254563,16284,0.954618029968067,0.0673538543157203,NA,0.273826369579033,NA,NA,0
175,MITGARD,transcriptome,full_mt_genom_Ecy,269,74.0333300000000065,164932,0,33402.8600000000006,4068.73000000000002,/media/main/sandbox/ad/mt_BM/ref_mt_BM,/media/main/sandbox/ad/mt_BM/use_MITGARD,"Script_MEANGS,sh",no_use,NA,0.138238384127407,14370,0.999652052887961,0.138190284480877,NA,0.319949548403803,One animal,E. cyaneus,0
176,MITGARD,transcriptome,full_mt_genom_Eve,255,31.0500000000000007,115537,0,27975.4799999999996,1622.72000000000003,/media/main/sandbox/ad/mt_BM/ref_mt_BM,/media/main/sandbox/ad/mt_BM/use_MITGARD,"Script_MEANGS,sh",no_use,NA,0.179175529748415,14370,0.892693110647182,0.159948761002969,NA,0.308934742506505,One animal,E. cyaneus,0
177,MITGARD,transcriptome,full_mt_genom_EveS_EveS,486,138.133299999999991,161472,NA,33402.8600000000006,5478.60000000000036,NA,NA,NA,NA,S by W,NA,15601,0,0,NA,NA,NA,NA,15
178,MITGARD,transcriptome,part_COI_Ecy,14,20.0666699999999985,7521,0,14315.5499999999993,394.850000000000023,/media/main/sandbox/ad/mt_BM/ref_mt_BM,/media/main/sandbox/ad/mt_BM/use_MITGARD,"Script_MEANGS,sh",no_use,NA,0.181387908019424,14370,0.0558803061934586,0.308070735274565,NA,0.154191880229005,One animal,E. cyaneus,1
179,MITGARD,transcriptome_10p,full_COI_Ecy,4,3,4605,0,1871.8599999999999,184.379999999999995,/media/main/sandbox/ad/mt_BM/ref_mt_BM,/media/main/sandbox/ad/mt_BM/use_MITGARD,"Script_MITGARD,sh",no_use,NA,0.163765608258062,14370,0.112804453723034,0.688816503800217,NA,0.303846641445328,One animal,E. cyaneus,1
180,MITGARD,transcriptome_10p,full_mt_genom_Ecy,54,9.11666699999999963,106119,0,14199.5499999999993,635.870000000000005,/media/main/sandbox/ad/mt_BM/ref_mt_BM,/media/main/sandbox/ad/mt_BM/use_MITGARD,"Script_MITGARD,sh",no_use,NA,0.312098055370488,14370,0.998051496172582,0.311489931115069,NA,0.410039500294165,One animal,E. cyaneus,0
181,MITGARD,transcriptome_10p,full_mt_genom_Eve,50,2.23333300000000001,20381,0,14379.5499999999993,181.110000000000014,/media/main/sandbox/ad/mt_BM/ref_mt_BM,/media/main/sandbox/ad/mt_BM/use_MITGARD,"Script_MITGARD,sh",no_use,NA,0.693648231992253,14370,0.75615866388309,0.52450812030813,NA,0.498578754045868,One animal,E. cyaneus,7
182,MITGARD,transcriptome_10p,part_COI_Ecy,2,1.91666699999999999,1466,0,3152.92999999999984,130.090000000000003,/media/main/sandbox/ad/mt_BM/ref_mt_BM,/media/main/sandbox/ad/mt_BM/use_MITGARD,"Script_MITGARD,sh",no_use,NA,0.055626857252517,14370,0.0544885177453027,0.979536152796726,NA,0.397412881948638,One animal,E. cyaneus,0
183,MITGARD,transcriptome_1p,full_COI_Ecy,4,0.4,2194,0,1831.83999999999992,117.719999999999999,/media/main/sandbox/ad/mt_BM/ref_mt_BM,/media/main/sandbox/ad/mt_BM/use_MITGARD,"Script_MITGARD,sh",no_use,NA,0.07633959638135,14370,0.0756437021572721,0.990884229717411,NA,0.348216882064008,One animal,E. cyaneus,0
184,MITGARD,transcriptome_1p,full_mt_genom_Ecy,57,1.39999999999999991,93459,0,1831.40000000000009,406.360000000000014,/media/main/sandbox/ad/mt_BM/ref_mt_BM,/media/main/sandbox/ad/mt_BM/use_MITGARD,"Script_MITGARD,sh",no_use,NA,0.322746302672855,14370,0.958872651356994,0.309472602959587,NA,0.40215885415964,One animal,E. cyaneus,0
185,MITGARD,transcriptome_1p,full_mt_genom_Eve,39,0.316666700000000079,12561,0,1828.30999999999995,129.210000000000008,/media/main/sandbox/ad/mt_BM/ref_mt_BM,/media/main/sandbox/ad/mt_BM/use_MITGARD,"Script_MITGARD,sh",no_use,NA,0.874112734864301,14370,0.472720946416145,0.540800891648754,NA,0.478318899642558,One animal,E. cyaneus,1
186,MITGARD,transcriptome_1p,part_COI_Ecy,2,0.283333300000000001,1411,0,4492.93000000000029,129.960000000000008,/media/main/sandbox/ad/mt_BM/ref_mt_BM,/media/main/sandbox/ad/mt_BM/use_MITGARD,"Script_MITGARD,sh",no_use,NA,0.052748782185108,14370,0.0527487821851079,1,NA,0.401374391092555,One animal,E. cyaneus,0
187,MITGARD,transcriptome_our,full_COI_Ecy,21,19.2833299999999994,15722,0,14379.5400000000009,627.460000000000036,/media/main/sandbox/ad/mt_BM/ref_mt_BM,/media/main/sandbox/ad/mt_BM/use_MITGARD,"Script_MITGARD,sh",no_use,NA,0.188258704728406,14370,0.111551844119694,0.592545477674596,NA,0.234993768535436,Pool animals,E. cyaneus,NA
188,MITGARD,transcriptome_our,full_mt_genom_Ecy,268,52.1499999999999986,182849,0,33338.8600000000006,2887.48999999999978,/media/main/sandbox/ad/mt_BM/ref_mt_BM,/media/main/sandbox/ad/mt_BM/use_MITGARD,"Script_MITGARD,sh",no_use,NA,0.220206913565796,14370,0.999512874043145,0.220099645062319,NA,0.36088769398871,Pool animals,E. cyaneus,NA
189,MITGARD,transcriptome_our,full_mt_genom_Eve,200,28.4166699999999999,76895,0,33314.8099999999977,1664.33999999999992,/media/main/sandbox/ad/mt_BM/ref_mt_BM,/media/main/sandbox/ad/mt_BM/use_MITGARD,"Script_MITGARD,sh",no_use,NA,0.280342713783111,14370,0.768058455114823,0.215319591650953,NA,0.317180190137223,Pool animals,E. cyaneus,NA
190,MITGARD,transcriptome_our,part_COI_Ecy,8,19.25,5570,0,1828.18000000000006,392.699999999999989,/media/main/sandbox/ad/mt_BM/ref_mt_BM,/media/main/sandbox/ad/mt_BM/use_MITGARD,"Script_MITGARD,sh",no_use,NA,0.071549318454628,14370,0.0535142658315936,0.747935368043088,NA,0.249499738082328,Pool animals,E. cyaneus,NA
191,MITObim,genome,full_COI_Bpul,1,1416.5,15987,NA,916.610000000000014,845.840000000000032,NA,NA,NA,NA,NA,0.981761238025055,16284,0.981761238025055,1,NA,0.99088061901253,NA,B. pullus,NA
192,MITObim,genome,full_COI_Ecy,1,153,4219,4219,737.340000000000032,341.089999999999975,/media/main/sandbox/ad/mt_BM/ref_mt_BM,/media/main/sandbox/ad/mt_BM/use_MITObim,"Script_MITObim,sh",no_use,NA,0.293597773138483,14370,0.29116214335421,0.991704195306945,NA,0.64411602794991,Pool animals,E. cyaneus,4
193,MITObim,genome,full_COI_EveS,1,518,8414,NA,735.840000000000032,331.199999999999989,NA,NA,NA,NA,S by W,0.539324402281905,15601,0.529645535542593,0.982053719990492,NA,0.76275591445375,NA,NA,NA
194,MITObim,genome,full_mt_genom_Bpul,1,146.966700000000003,16284,NA,917.730000000000018,843.57000000000005,NA,NA,NA,NA,NA,1,16284,1,1,NA,1,NA,B. pullus,NA
195,MITObim,genome,full_mt_genom_Bpul_Eve,1,80.7999999999999829,15322,NA,694.889999999999986,316.689999999999998,NA,NA,NA,NA,Собрал верукозуса,NA,NA,0,0,NA,NA,NA,B. pullus,NA
196,MITObim,genome,full_mt_genom_Ecy,1,41,14520,14520,717.649999999999977,362.29000000000002,/media/main/sandbox/ad/mt_BM/ref_mt_BM,/media/main/sandbox/ad/mt_BM/use_MITObim,"Script_MITObim,sh",no_use,NA,0.989669421487603,14370,0.999582463465553,0.989256198347107,NA,0.994627020825065,Pool animals,E. cyaneus,15
197,MITObim,genome,full_mt_genom_Eve,1,533,15520,15520,1190.83999999999992,1179.31999999999994,/media/main/sandbox/ad/mt_BM/ref_mt_BM,/media/main/sandbox/ad/mt_BM/use_MITObim,"Script_MITObim,sh",no_use,NA,0.97081475476287,14370,0.959568545581072,0.931563302256452,NA,0.965486650650098,Pool animals,E. cyaneus,15
198,MITObim,genome,full_mt_genom_EveS_Ecy,1,131.616700000000009,14736,NA,740.629999999999995,337.339999999999975,NA,NA,NA,NA,S by W,0.920628887733674,15601,0.794179860265368,0.862649294245386,NA,0.894364510561105,NA,NA,15
199,MITObim,genome,full_mt_genom_EveS_EveS,1,15.9666700000000006,15601,NA,701.889999999999986,335.970000000000027,NA,NA,NA,NA,S by W,1,15601,1,1,NA,1,NA,NA,15
200,MITObim,genome,part_COI_Bpul,1,1461.41699999999992,15935,NA,916.620000000000005,846.049999999999841,NA,NA,NA,NA,NA,0.978567919430115,16284,0.978567919430115,1,NA,0.98928395971506,NA,B. pullus,NA
201,MITObim,genome,part_COI_Ecy,1,183,4254,4254,737.889999999999986,334.819999999999993,/media/main/sandbox/ad/mt_BM/ref_mt_BM,/media/main/sandbox/ad/mt_BM/use_MITObim,"Script_MITObim,sh",no_use,NA,0.296033402922756,14370,0.29116214335421,0.983544898918665,NA,0.64268511129891,Pool animals,E. cyaneus,4
202,MITObim,genome,part_COI_EveS,1,563.399999999999977,9787,NA,739.629999999999995,338.110000000000014,NA,NA,NA,NA,S by W,0.627331581308891,15601,0.617652714569579,0.984571370184939,NA,0.807388916515853,NA,NA,10
203,MITObim,genome_10p,full_COI_Ecy,1,3.14999999999999991,1648,0,692.879999999999995,313.060000000000002,/media/main/sandbox/ad/mt_BM/ref_mt_BM,/media/main/sandbox/ad/mt_BM/use_MITObim,"Script_MITObim,sh",no_use,NA,0.114683368128044,14370,0.108281141266527,0.944174757281553,NA,0.54178481666903,Pool animals,E. cyaneus,NA
204,MITObim,genome_10p,full_mt_genom_Ecy,1,3.31666699999999981,14386,0,696.889999999999986,321.759999999999991,/media/main/sandbox/ad/mt_BM/ref_mt_BM,/media/main/sandbox/ad/mt_BM/use_MITObim,"Script_MITObim,sh",no_use,NA,0.998887807590713,14370,0.994224077940153,0.993118309467538,NA,0.9965575487496,Pool animals,E. cyaneus,15
205,MITObim,genome_10p,full_mt_genom_Eve,1,27.8833300000000008,14323,0,695.909999999999968,330.230000000000018,/media/main/sandbox/ad/mt_BM/ref_mt_BM,/media/main/sandbox/ad/mt_BM/use_MITObim,"Script_MITObim,sh",no_use,NA,0.996729297146834,14370,0.754975643702157,0.757453047545905,NA,0.877289497098723,Pool animals,E. cyaneus,NA
206,MITObim,genome_10p,part_COI_Ecy,1,10.5500000000000007,1648,0,692.889999999999986,312.490000000000009,/media/main/sandbox/ad/mt_BM/ref_mt_BM,/media/main/sandbox/ad/mt_BM/use_MITObim,"Script_MITObim,sh",no_use,NA,0.114683368128044,14370,0.108281141266527,0.944174757281553,NA,0.54178481666903,Pool animals,E. cyaneus,NA
207,MITObim,genome_16p,full_COI_Ecy,1,24.8000000000000007,3189,0,693.889999999999986,313.980000000000018,/media/main/sandbox/ad/mt_BM/ref_mt_BM,/media/main/sandbox/ad/mt_BM/use_MITObim,"Script_MITObim,sh",no_use,NA,0.221920668058455,14370,0.219485038274182,0.989024772656005,NA,0.607607619747163,Pool animals,E. cyaneus,NA
208,MITObim,genome_16p,full_mt_genom_Ecy,1,5.25,14520,0,735.340000000000032,323.589999999999975,/media/main/sandbox/ad/mt_BM/ref_mt_BM,/media/main/sandbox/ad/mt_BM/use_MITObim,"Script_MITObim,sh",no_use,NA,0.989669421487603,14370,0.999791231732777,0.989462809917355,NA,0.994730865784433,Pool animals,E. cyaneus,15
209,MITObim,genome_16p,full_mt_genom_Eve,1,26.75,15357,0,732.590000000000032,325.279999999999973,/media/main/sandbox/ad/mt_BM/ref_mt_BM,/media/main/sandbox/ad/mt_BM/use_MITObim,"Script_MITObim,sh",no_use,NA,0.935729634694276,14370,0.834237995824635,0.780621215081071,NA,0.887647211399998,Pool animals,E. cyaneus,NA
210,MITObim,genome_16p,part_COI_Ecy,1,31.5166700000000013,4189,0,693.889999999999986,314.819999999999993,/media/main/sandbox/ad/mt_BM/ref_mt_BM,/media/main/sandbox/ad/mt_BM/use_MITObim,"Script_MITObim,sh",no_use,NA,0.29151009046625,14370,0.286638830897704,0.98328956791597,NA,0.64035962231998,Pool animals,E. cyaneus,NA
211,MITObim,genome_1p,full_COI_Ecy,1,0.283333300000000001,1508,0,675.299999999999955,279.860000000000014,/media/main/sandbox/ad/mt_BM/ref_mt_BM,/media/main/sandbox/ad/mt_BM/use_MITObim,"Script_MITObim,sh",no_use,NA,0.104940848990953,14370,0.104940848990953,1,NA,0.552470424495475,Pool animals,E. cyaneus,NA
212,MITObim,genome_1p,full_mt_genom_Ecy,1,0,14148,0,12.3000000000000007,9.78999999999999915,/media/main/sandbox/ad/mt_BM/ref_mt_BM,/media/main/sandbox/ad/mt_BM/use_MITObim,"Script_MITObim,sh",no_use,NA,0.984551148225469,14370,0.572512178148921,0.58149561775516,NA,0.784639736032388,Pool animals,E. cyaneus,6
213,MITObim,genome_1p,full_mt_genom_Eve,1,0.633333299999999966,12798,0,678.879999999999995,308.649999999999977,/media/main/sandbox/ad/mt_BM/ref_mt_BM,/media/main/sandbox/ad/mt_BM/use_MITObim,"Script_MITObim,sh",no_use,NA,0.890605427974957,14370,0.032776617954071,0.0368026254102203,NA,0.490046167834813,Pool animals,E. cyaneus,NA
214,MITObim,genome_1p,part_COI_Ecy,1,0.283333300000000001,754,0,691.269999999999982,279.839999999999975,/media/main/sandbox/ad/mt_BM/ref_mt_BM,/media/main/sandbox/ad/mt_BM/use_MITObim,"Script_MITObim,sh",no_use,NA,0.052470424495477,14370,0.0514265831593598,0.980106100795756,NA,0.52100077711265,Pool animals,E. cyaneus,NA
215,MITObim,genome_3x,full_COI_Bpul,1,313.8833,15645,NA,780.27,400,NA,NA,NA,NA,NA,0.960759027266028,16284,0.960759027266028,1,NA,0.980379513633015,NA,NA,15
216,MITObim,genome_3x,full_COI_Ecy,1,76.65,4132,NA,732.32,322.36,NA,NA,NA,NA,NA,0.287543493389005,14370,0.287195546276966,0.998789932236205,NA,0.643382242975545,NA,NA,4
217,MITObim,genome_3x,full_mt_genom_Bpul,1,52.1,16321,NA,779.75,399.6,NA,NA,NA,NA,NA,1,16284,1,1,NA,1,NA,NA,15
218,MITObim,genome_3x,full_mt_genom_Bpul_Eve,1,12,15320,NA,694.89,315.64,NA,NA,NA,NA,NA,NA,16284,0,0,NA,NA,NA,NA,0
219,MITObim,genome_3x,full_mt_genom_Ecy,1,21.18333,14522,NA,744.63,346.73,NA,NA,NA,NA,NA,0.989533122159482,14370,0.995685455810717,0.985263737777166,NA,0.99262057893684,NA,NA,15
220,MITObim,genome_3x,full_mt_genom_Eve,1,113.3667,15376,NA,704.91,345.52,NA,NA,NA,NA,NA,0.934573361082206,14370,0.981837160751566,0.917598855359001,NA,0.958502344298195,NA,NA,15
221,MITObim,genome_3x,part_COI_Bpul,1,332.4333,15646,NA,780.56,405.56,NA,NA,NA,NA,NA,0.960820437239007,16284,0.960759027266028,0.99993608590055,NA,0.980378887601398,NA,NA,15
222,MITObim,genome_3x,part_COI_Ecy,1,96.68333,4095,NA,695.89,322.81,NA,NA,NA,NA,NA,0.284968684759917,14370,0.284620737647878,0.998778998778999,NA,0.6420921052967,NA,NA,4
223,MITObim,genome_NCBI,full_COI_Ecy,1,1353.93300000000022,15673,0,902.960000000000036,717.82000000000005,/media/main/sandbox/ad/mt_BM/ref_mt_BM,/media/main/sandbox/ad/mt_BM/use_MITObim,"Script_MITObim,sh",no_use,NA,0.937918713711479,14370,1,0.937918713711478,NA,0.96895935685574,One animal,E. cyaneus,NA
224,MITObim,genome_NCBI,full_mt_genom_Ecy,1,91.0999999999999943,14754,0,894.960000000000036,693.100000000000023,/media/main/sandbox/ad/mt_BM/ref_mt_BM,/media/main/sandbox/ad/mt_BM/use_MITObim,"Script_MITObim,sh",no_use,NA,0.973973159821065,14370,1,0.973973159821065,NA,0.986986579910535,One animal,E. cyaneus,NA
225,MITObim,genome_NCBI,full_mt_genom_Eve,1,386.63330000000002,16867,0,893.159999999999854,716.730000000000018,/media/main/sandbox/ad/mt_BM/ref_mt_BM,/media/main/sandbox/ad/mt_BM/use_MITObim,"Script_MITObim,sh",no_use,NA,0.85195944744175,14370,0.984968684759917,0.839153376415486,NA,0.919020377154288,One animal,E. cyaneus,NA
226,MITObim,genome_NCBI,part_COI_Ecy,1,1438.5329999999999,15556,0,902.960000000000036,717.700000000000045,/media/main/sandbox/ad/mt_BM/ref_mt_BM,/media/main/sandbox/ad/mt_BM/use_MITObim,"Script_MITObim,sh",no_use,NA,0.939830290563127,14370,1,0.939830290563127,NA,0.969915145281565,One animal,E. cyaneus,NA
227,MITObim,genome_NCBI_50p,full_COI_Ecy,1,647.899999999999977,15435,NA,815.509999999999991,489.519999999999982,NA,NA,NA,NA,NA,0.941107871720117,14370,1,0.941107871720117,NA,0.97055393586006,NA,NA,15
228,MITObim,genome_NCBI_50p,full_mt_genom_Ecy,1,10.9666700000000006,14651,NA,746.909999999999854,478.990000000000009,NA,NA,NA,NA,NA,0.980820421814212,14370,0.996172581767571,0.977066411849021,NA,0.9885148538577,NA,NA,NA
229,MITObim,genome_NCBI_50p,full_mt_genom_Eve,1,10.25,16115,NA,684.879999999999995,315.470000000000027,NA,NA,NA,NA,NA,0.891715792739683,14370,1,0.891715792739683,NA,0.94585789636984,NA,NA,NA
230,MITObim,genome_NCBI_50p,part_COI_Ecy,1,690.016700000000014,15561,NA,815.529999999999859,490.680000000000007,NA,NA,NA,NA,NA,0.939142728616413,14370,1,0.939142728616413,NA,0.969571364308205,NA,NA,15
231,MITObim,transcriptome,full_COI_Ecy,1,38.3666699999999992,1751,0,3580.44000000000005,3550.63999999999987,/media/main/sandbox/ad/mt_BM/ref_mt_BM,/media/main/sandbox/ad/mt_BM/use_MITObim,"Script_MITObim,sh",no_use,NA,0.121851078636047,14370,0.0999304105775922,0.820102798400914,NA,0.510471071903638,One animal,E. cyaneus,NA
232,MITObim,transcriptome,full_mt_genom_Bpul,1,1458.04999999999995,17639,NA,40691.6299999999974,40389.9400000000023,NA,NA,NA,NA,NA,0.923181586257725,16284,0.744780152296733,0.687567322410568,NA,0.838882265241258,NA,NA,13
233,MITObim,transcriptome,full_mt_genom_Ecy,1,1567.43299999999999,14925,0,28224.6100000000006,27998.3400000000001,/media/main/sandbox/ad/mt_BM/ref_mt_BM,/media/main/sandbox/ad/mt_BM/use_MITObim,"Script_MITObim,sh",no_use,NA,0.962814070351759,14370,0.799860821155184,0.770117252931323,NA,0.883198036109568,One animal,E. cyaneus,15
234,MITObim,transcriptome,full_mt_genom_Eve,1,1921.98299999999995,15747,0,19553.4599999999991,19448.5999999999985,/media/main/sandbox/ad/mt_BM/ref_mt_BM,/media/main/sandbox/ad/mt_BM/use_MITObim,"Script_MITObim,sh",no_use,NA,0.912554772337589,14370,0.452331245650661,0.412777036895917,NA,0.694415763721043,One animal,E. cyaneus,NA
235,MITObim,transcriptome,full_mt_genom_EveS_EveS,0,4402.61700000000019,0,NA,22410.5900000000001,22086.9199999999983,NA,NA,NA,NA,S by W Первая итерация более 2 дней,NA,15601,0,0,NA,NA,NA,NA,0
236,MITObim,transcriptome,part_COI_Ecy,1,32.9666700000000006,931,0,1678.73000000000002,1660.03999999999996,/media/main/sandbox/ad/mt_BM/ref_mt_BM,/media/main/sandbox/ad/mt_BM/use_MITObim,"Script_MITObim,sh",no_use,NA,0.064787752261656,14370,0.0505915100904663,0.780880773361976,NA,0.474065008928525,One animal,E. cyaneus,NA
237,MITObim,transcriptome_10p,full_COI_Ecy,NA,NA,NA,0,NA,NA,/media/main/sandbox/ad/mt_BM/ref_mt_BM,/media/main/sandbox/ad/mt_BM/use_MITObim,"Script_MITObim,sh",no_use,Переделать,NA,14370,NA,NA,NA,0,One animal,E. cyaneus,NA
238,MITObim,transcriptome_10p,full_mt_genom_Ecy,1,26.3500000000000014,14460,0,3736.13000000000011,3708.03999999999996,/media/main/sandbox/ad/mt_BM/ref_mt_BM,/media/main/sandbox/ad/mt_BM/use_MITObim,"Script_MITObim,sh",no_use,NA,0.993775933609959,14370,0.988517745302714,0.982365145228216,NA,0.991164706035223,One animal,E. cyaneus,NA
239,MITObim,transcriptome_10p,full_mt_genom_Eve,1,97.3833300000000008,14392,0,3166.21000000000004,3156.01999999999998,/media/main/sandbox/ad/mt_BM/ref_mt_BM,/media/main/sandbox/ad/mt_BM/use_MITObim,"Script_MITObim,sh",no_use,NA,0.998471372984991,14370,0.738900487125957,0.737770983879933,NA,0.86878571099772,One animal,E. cyaneus,NA
240,MITObim,transcriptome_10p,part_COI_Ecy,1,36.2000000000000028,3835,0,827.370000000000005,604.990000000000009,/media/main/sandbox/ad/mt_BM/ref_mt_BM,/media/main/sandbox/ad/mt_BM/use_MITObim,"Script_MITObim,sh",no_use,NA,0.26687543493389,14370,0.259429366736256,0.972099087353325,NA,0.624600972255868,One animal,E. cyaneus,NA
241,MITObim,transcriptome_1p,full_COI_Ecy,NA,NA,NA,0,NA,NA,/media/main/sandbox/ad/mt_BM/ref_mt_BM,/media/main/sandbox/ad/mt_BM/use_MITObim,"Script_MITObim,sh",no_use,Переделать,NA,14370,NA,NA,NA,0,One animal,E. cyaneus,NA
242,MITObim,transcriptome_1p,full_mt_genom_Ecy,1,2.26666699999999999,14377,0,791.080000000000041,464.870000000000005,/media/main/sandbox/ad/mt_BM/ref_mt_BM,/media/main/sandbox/ad/mt_BM/use_MITObim,"Script_MITObim,sh",no_use,NA,0.999513111219309,14370,0.987752261656228,0.987271336161925,NA,0.993634177259365,One animal,E. cyaneus,NA
243,MITObim,transcriptome_1p,full_mt_genom_Eve,1,11.8166700000000002,14251,0,781.269999999999982,447.089999999999975,/media/main/sandbox/ad/mt_BM/ref_mt_BM,/media/main/sandbox/ad/mt_BM/use_MITObim,"Script_MITObim,sh",no_use,NA,0.991718858733473,14370,0.67633959638135,0.681987228966388,NA,0.837511421020303,One animal,E. cyaneus,NA
244,MITObim,transcriptome_1p,part_COI_Ecy,1,0.466666700000000034,872,0,695.889999999999986,319.70999999999998,/media/main/sandbox/ad/mt_BM/ref_mt_BM,/media/main/sandbox/ad/mt_BM/use_MITObim,"Script_MITObim,sh",no_use,NA,0.060681976339596,14370,0.0562978427279054,0.927752293577982,NA,0.51118302816137,One animal,E. cyaneus,NA
245,MITObim,transcriptome_our,full_COI_Ecy,1,39.8666699999999992,937,NA,1793.24000000000001,1781.1400000000001,/media/main/sandbox/ad/mt_BM/ref_mt_BM,/media/main/sandbox/ad/mt_BM/use_MITObim,"Script_MITObim,sh",no_use,NA,0.065205288796104,14370,0.0538622129436326,0.826040554962647,NA,0.486277014175595,Pool animals,E. cyaneus,NA
246,MITObim,transcriptome_our,full_mt_genom_Ecy,1,961.433300000000031,14982,NA,15593.4599999999991,15508.9400000000005,/media/main/sandbox/ad/mt_BM/ref_mt_BM,/media/main/sandbox/ad/mt_BM/use_MITObim,"Script_MITObim,sh",no_use,NA,0.959150981177412,14370,0.770424495476688,0.738953410759578,NA,0.86713222185342,Pool animals,E. cyaneus,NA
247,MITObim,transcriptome_our,full_mt_genom_Eve,1,4774.18299999999999,16243,NA,13279.7000000000007,13212.3199999999997,/media/main/sandbox/ad/mt_BM/ref_mt_BM,/media/main/sandbox/ad/mt_BM/use_MITObim,"Script_MITObim,sh",no_use,NA,0.884688789016808,14370,0.487821851078636,0.431570522686696,NA,0.701020290695535,Pool animals,E. cyaneus,NA
248,MITObim,transcriptome_our,part_COI_Ecy,1,20.6166699999999992,1850,NA,801.330000000000041,763.830000000000041,/media/main/sandbox/ad/mt_BM/ref_mt_BM,/media/main/sandbox/ad/mt_BM/use_MITObim,"Script_MITObim,sh",no_use,NA,0.12874043145442,14370,0.0961029923451635,0.746486486486487,NA,0.492832477571518,Pool animals,E. cyaneus,NA
249,MitoFinder,genome,full_COI_Bpul,NA,NA,NA,NA,NA,NA,NA,NA,NA,NA,NA,NA,16284,NA,NA,NA,NA,NA,B. pullus,NA
250,MitoFinder,genome,full_COI_Ecy,1,569.149999999999977,11897,1539,19297.5400000000009,14963,/media/main/sandbox/ad/mt_BM/ref_mt_BM,/media/main/sandbox/ad/mt_BM/use_Mitofinder,"Script_Mitofinder,sh",no_use,NA,0.827905358385526,14370,0.823103688239388,0.99420021854249,NA,0.911302316291853,Pool animals,E. cyaneus,1
251,MitoFinder,genome,full_COI_EveS,1,351.583300000000008,10565,NA,19457.7599999999984,10645.2700000000004,NA,NA,NA,NA,S by W,0.677200179475675,15601,0.621947311069803,0.918409843823947,NA,0.804389333592358,NA,NA,NA
252,MitoFinder,genome,full_mt_genom_Bpul,7,881.566699999999855,23779,NA,21745.75,20223.4500000000007,NA,NA,NA,NA,NA,0.684805921190967,16284,0.970891672807664,0.664872366373691,NA,0.615856775807368,NA,B. pullus,NA
253,MitoFinder,genome,full_mt_genom_Bpul_Eve,NA,NA,NA,NA,NA,NA,NA,NA,NA,NA,NA,NA,16284,NA,NA,NA,NA,NA,B. pullus,NA
254,MitoFinder,genome,full_mt_genom_Ecy,2,568.200000000000045,13816,11834,19298.880000000001,14963.1599999999999,/media/main/sandbox/ad/mt_BM/ref_mt_BM,/media/main/sandbox/ad/mt_BM/use_Mitofinder,"Script_Mitofinder,sh",no_use,NA,0.936477523770817,14370,0.931732776617954,0.994933410538506,NA,0.84078592773182,Pool animals,E. cyaneus,14
255,MitoFinder,genome,full_mt_genom_Eve,2,566.616700000000037,13816,11771,19303,14963.2299999999996,/media/main/sandbox/ad/mt_BM/ref_mt_BM,/media/main/sandbox/ad/mt_BM/use_Mitofinder,"Script_Mitofinder,sh",no_use,NA,0.936477523770817,14370,0.931732776617954,0.994933410538506,NA,0.84078592773182,Pool animals,E. cyaneus,14
256,MitoFinder,genome,full_mt_genom_EveS_Ecy,3,364.149999999999977,14819,NA,19457.7599999999984,10646.1900000000005,NA,NA,NA,NA,S by W,0.949875008012307,15601,0.893019678225755,0.9401444092044,NA,0.77909310719395,NA,NA,15
257,MitoFinder,genome,full_mt_genom_EveS_EveS,3,353.683299999999974,14819,NA,19914.8300000000017,10645.1800000000003,NA,NA,NA,NA,S by W,0.949875008012307,15601,0.893019678225755,0.9401444092044,NA,0.77909310719395,NA,NA,15
258,MitoFinder,genome,part_COI_Bpul,2,NA,17550,NA,NA,NA,NA,NA,NA,NA,NA,0.927863247863248,16284,0.970891672807664,0.900854700854701,NA,0.824902405381405,NA,B. pullus,NA
259,MitoFinder,genome,part_COI_Ecy,1,568.966699999999946,11897,645,19297.5400000000009,14963.1399999999994,/media/main/sandbox/ad/mt_BM/ref_mt_BM,/media/main/sandbox/ad/mt_BM/use_Mitofinder,"Script_Mitofinder,sh",no_use,NA,0.827905358385526,14370,0.823103688239388,0.99420021854249,NA,0.911302316291853,Pool animals,E. cyaneus,1
260,MitoFinder,genome,part_COI_EveS,1,350.88330000000002,10565,NA,19457.7599999999984,10645.1599999999999,NA,NA,NA,NA,S by W,0.677200179475675,15601,0.621947311069803,0.918409843823947,NA,0.804389333592358,NA,NA,11
261,MitoFinder,genome_10p,full_COI_Ecy,1,50.9833300000000023,2602,0,19328.7599999999984,2153.59000000000015,/media/main/sandbox/ad/mt_BM/ref_mt_BM,/media/main/sandbox/ad/mt_BM/use_Mitofinder,"Script_Mitofinder,sh",no_use,NA,0.18107167710508,14370,0.179123173277662,0.98923904688701,NA,0.587358474317438,Pool animals,E. cyaneus,NA
262,MitoFinder,genome_10p,full_mt_genom_Ecy,5,52.9833300000000023,12759,0,19392.7599999999984,2153.34999999999991,/media/main/sandbox/ad/mt_BM/ref_mt_BM,/media/main/sandbox/ad/mt_BM/use_Mitofinder,"Script_Mitofinder,sh",no_use,NA,0.887891440501044,14370,0.870702853166319,0.980641116074928,NA,0.734808852435573,Pool animals,E. cyaneus,14
263,MitoFinder,genome_10p,full_mt_genom_Eve,5,52.9500000000000028,12759,0,19392.7599999999984,2153.76000000000022,/media/main/sandbox/ad/mt_BM/ref_mt_BM,/media/main/sandbox/ad/mt_BM/use_Mitofinder,"Script_Mitofinder,sh",no_use,NA,0.887891440501044,14370,0.870702853166319,0.980641116074928,NA,0.734808852435573,Pool animals,E. cyaneus,NA
264,MitoFinder,genome_10p,part_COI_Ecy,1,50.7833299999999994,2602,0,19393.7599999999984,2153.53999999999996,/media/main/sandbox/ad/mt_BM/ref_mt_BM,/media/main/sandbox/ad/mt_BM/use_Mitofinder,"Script_Mitofinder,sh",no_use,NA,0.18107167710508,14370,0.179123173277662,0.98923904688701,NA,0.587358474317438,Pool animals,E. cyaneus,NA
265,MitoFinder,genome_16p,full_COI_Ecy,1,82.433329999999998,4098,NA,19392.7599999999984,3281.26999999999998,/media/main/sandbox/ad/mt_BM/ref_mt_BM,/media/main/sandbox/ad/mt_BM/use_Mitofinder,"Script_Mitofinder,sh",no_use,NA,0.28517745302714,14370,0.281558803061935,0.987310883357736,NA,0.638511784861703,Pool animals,E. cyaneus,NA
266,MitoFinder,genome_16p,full_mt_genom_Ecy,3,84.8666699999999992,13002,0,19392.7599999999984,3281.51999999999998,/media/main/sandbox/ad/mt_BM/ref_mt_BM,/media/main/sandbox/ad/mt_BM/use_Mitofinder,"Script_Mitofinder,sh",no_use,NA,0.904801670146137,14370,0.899582463465553,0.994231656668205,NA,0.782987280903308,Pool animals,E. cyaneus,14
267,MitoFinder,genome_16p,full_mt_genom_Eve,3,84.2333299999999809,13002,0,19457.7599999999984,3281.63000000000011,/media/main/sandbox/ad/mt_BM/ref_mt_BM,/media/main/sandbox/ad/mt_BM/use_Mitofinder,"Script_Mitofinder,sh",no_use,NA,0.904801670146137,14370,0.899582463465553,0.994231656668205,NA,0.782987280903308,Pool animals,E. cyaneus,NA
268,MitoFinder,genome_16p,part_COI_Ecy,1,81.9000000000000057,4098,0,19392.7599999999984,3281.07000000000016,/media/main/sandbox/ad/mt_BM/ref_mt_BM,/media/main/sandbox/ad/mt_BM/use_Mitofinder,"Script_Mitofinder,sh",no_use,NA,0.28517745302714,14370,0.281558803061935,0.987310883357736,NA,0.638511784861703,Pool animals,E. cyaneus,NA
269,MitoFinder,genome_1p,full_COI_Ecy,0,4.88333300000000037,0,0,973.389999999999986,482.069999999999993,/media/main/sandbox/ad/mt_BM/ref_mt_BM,/media/main/sandbox/ad/mt_BM/use_Mitofinder,"Script_Mitofinder,sh",no_use,No assemb,0,14370,0,0,NA,0,Pool animals,E. cyaneus,NA
270,MitoFinder,genome_1p,full_mt_genom_Ecy,0,4.95000000000000018,0,0,970.92999999999995,465.470000000000027,/media/main/sandbox/ad/mt_BM/ref_mt_BM,/media/main/sandbox/ad/mt_BM/use_Mitofinder,"Script_Mitofinder,sh",no_use,No assemb,0,14370,0,0,NA,0,Pool animals,E. cyaneus,0
271,MitoFinder,genome_1p,full_mt_genom_Eve,0,4.90000000000000036,0,0,971.450000000000045,469.70999999999998,/media/main/sandbox/ad/mt_BM/ref_mt_BM,/media/main/sandbox/ad/mt_BM/use_Mitofinder,"Script_Mitofinder,sh",no_use,No assemb,0,14370,0,0,NA,0,Pool animals,E. cyaneus,NA
272,MitoFinder,genome_1p,part_COI_Ecy,0,4.88333300000000037,0,0,973.389999999999986,482.069999999999993,/media/main/sandbox/ad/mt_BM/ref_mt_BM,/media/main/sandbox/ad/mt_BM/use_Mitofinder,"Script_Mitofinder,sh",no_use,No assemb,0,14370,0,0,NA,0,Pool animals,E. cyaneus,NA
273,MitoFinder,genome_3x,full_COI_Bpul,NA,NA,NA,NA,NA,NA,NA,NA,NA,NA,Косяк с референсом,NA,16284,NA,NA,NA,NA,NA,NA,NA
274,MitoFinder,genome_3x,full_COI_Ecy,NA,NA,NA,NA,NA,NA,NA,NA,NA,NA,переделать.косяк референса,NA,14370,NA,NA,NA,NA,NA,NA,NA
275,MitoFinder,genome_3x,full_mt_genom_Bpul,1,172.2167,15831,NA,19850.83,7343.91,NA,NA,NA,NA,NA,0.972181282240236,16284,0.972119872267256,0.999936832796412,NA,0.986059496825978,NA,NA,15
276,MitoFinder,genome_3x,full_mt_genom_Bpul_Eve,NA,168.8667,NA,NA,8428.82,7343.6,NA,NA,NA,NA,не смог собрать,NA,16284,NA,NA,NA,NA,NA,NA,0
277,MitoFinder,genome_3x,full_mt_genom_Ecy,2,273.5333,13500,NA,19457.76,8899.86,NA,NA,NA,NA,NA,0.9368019869087,14370,0.932985386221294,0.995925925925926,NA,0.84142832476398,NA,NA,14
278,MitoFinder,genome_3x,full_mt_genom_Eve,2,276.0167,13500,NA,19457.76,8899.66,NA,NA,NA,NA,NA,0.9368019869087,14370,0.932985386221294,0.995925925925926,NA,0.84142832476398,NA,NA,14
279,MitoFinder,genome_3x,part_COI_Bpul,1,170.3167,15831,NA,19850.83,7343.27,NA,NA,NA,NA,NA,0.972181282240236,16284,0.972119872267256,0.999936832796412,NA,0.986059496825978,NA,NA,15
280,MitoFinder,genome_3x,part_COI_Ecy,1,272.4667,11620,NA,19392.76,8900.1,NA,NA,NA,NA,NA,0.808629088378567,14370,0.804871259568546,0.995352839931153,NA,0.902213296969568,NA,NA,1
281,MitoFinder,genome_NCBI,full_COI_Ecy,3,1326.16699999999992,19588,0,26481.2400000000016,23990.0800000000017,/media/main/sandbox/ad/mt_BM/ref_mt_BM,/media/main/sandbox/ad/mt_BM/use_Mitofinder,"Script_Mitofinder,sh",no_use,NA,0.733510312436185,14370,1,0.733510312436185,NA,0.700088489551428,One animal,E. cyaneus,NA
282,MitoFinder,genome_NCBI,full_mt_genom_Ecy,6,1331.7829999999999,27339,0,26485.1699999999983,23994.3899999999994,/media/main/sandbox/ad/mt_BM/ref_mt_BM,/media/main/sandbox/ad/mt_BM/use_Mitofinder,"Script_Mitofinder,sh",no_use,NA,0.525549581184389,14370,1,0.525549581184389,NA,0.554441457258863,One animal,E. cyaneus,NA
283,MitoFinder,genome_NCBI,full_mt_genom_Eve,3,1329.40000000000009,20550,0,26484.4199999999983,23989.619999999999,/media/main/sandbox/ad/mt_BM/ref_mt_BM,/media/main/sandbox/ad/mt_BM/use_Mitofinder,"Script_Mitofinder,sh",no_use,NA,0.699172749391727,14370,1,0.699172749391727,0.699172749391727,0.682919708029198,One animal,E. cyaneus,NA
284,MitoFinder,genome_NCBI,part_COI_Ecy,1,1327.01700000000005,15374,0,26485.380000000001,23991.630000000001,/media/main/sandbox/ad/mt_BM/ref_mt_BM,/media/main/sandbox/ad/mt_BM/use_Mitofinder,"Script_Mitofinder,sh",no_use,NA,0.934564849746325,14370,1,0.934564849746325,NA,0.967282424873165,One animal,E. cyaneus,NA
285,MitoFinder,genome_NCBI_50p,full_COI_Ecy,1,1326.16699999999992,15372,NA,26481.2400000000016,23990.0800000000017,NA,NA,NA,NA,NA,0.942688004163414,14370,1,0.942688004163414,NA,0.971344002081705,NA,NA,NA
286,MitoFinder,genome_NCBI_50p,full_mt_genom_Ecy,5,1331.7829999999999,22368,NA,26485.1699999999983,23994.3899999999994,NA,NA,NA,NA,NA,0.647845135908441,14370,1,0.647845135908441,NA,0.62392256795422,NA,NA,NA
287,MitoFinder,genome_NCBI_50p,full_mt_genom_Eve,3,1329.40000000000009,19388,NA,26484.4199999999983,23989.619999999999,NA,NA,NA,NA,NA,0.747421085207345,14370,1,0.747421085207345,NA,0.707043875937008,NA,NA,NA
288,MitoFinder,genome_NCBI_50p,part_COI_Ecy,1,1327.01700000000005,15372,NA,26485.380000000001,23991.630000000001,NA,NA,NA,NA,NA,0.942688004163414,14370,1,0.942688004163414,NA,0.971344002081705,NA,NA,NA
289,MitoFinder,transcriptome,full_COI_Ecy,6,55.3333299999999966,13984,NA,19328.8899999999994,5742.27999999999975,/media/main/sandbox/ad/mt_BM/ref_mt_BM,/media/main/sandbox/ad/mt_BM/use_Mitofinder,"Script_Mitofinder,sh",no_use,NA,1,14370,0.244885177453027,0.244885177453027,NA,0.41410925539318,One animal,E. cyaneus,NA
290,MitoFinder,transcriptome,full_mt_genom_Bpul,83,85.316670000000002,171738,NA,19400.8899999999994,6137.15999999999985,NA,NA,NA,NA,NA,0.095465505808187,16284,0.900454433800049,0.0859623379799462,NA,0.273482617589815,NA,NA,14
291,MitoFinder,transcriptome,full_mt_genom_Ecy,43,67.3666699999999992,91171,9881,19392.7599999999984,5741.81999999999971,/media/main/sandbox/ad/mt_BM/ref_mt_BM,/media/main/sandbox/ad/mt_BM/use_Mitofinder,"Script_Mitofinder,sh",no_use,NA,0.160810113004498,14370,0.727974947807933,0.117065733621437,NA,0.25727665209684,One animal,E. cyaneus,12
292,MitoFinder,transcriptome,full_mt_genom_Eve,20,56.8666699999999992,39145,7390,19393.7599999999984,5742.03999999999996,/media/main/sandbox/ad/mt_BM/ref_mt_BM,/media/main/sandbox/ad/mt_BM/use_Mitofinder,"Script_Mitofinder,sh",no_use,NA,0.372093912142556,14370,0.577661795407098,0.21494443734832,NA,0.303675036224493,One animal,E. cyaneus,NA
293,MitoFinder,transcriptome,full_mt_genom_EveS_EveS,24,57.4666700000000006,54169,NA,19392.7599999999984,6601.55000000000018,NA,NA,NA,NA,S by W,NA,15601,0,0,NA,NA,NA,NA,15
294,MitoFinder,transcriptome,part_COI_Ecy,3,50.5499999999999972,10681,645,19392.7599999999984,5742.05000000000018,/media/main/sandbox/ad/mt_BM/ref_mt_BM,/media/main/sandbox/ad/mt_BM/use_Mitofinder,"Script_Mitofinder,sh",no_use,NA,0.743284620737647,14370,0.244885177453027,0.329463533377025,NA,0.412741666225258,One animal,E. cyaneus,NA
295,MitoFinder,transcriptome_10p,full_COI_Ecy,2,8.13333300000000037,7316,0,19457.7599999999984,595.169999999999959,/media/main/sandbox/ad/mt_BM/ref_mt_BM,/media/main/sandbox/ad/mt_BM/use_Mitofinder,"Script_Mitofinder,sh",no_use,NA,0.509116214335422,14370,0.412247738343772,0.809732094040459,NA,0.557774011679913,One animal,E. cyaneus,NA
296,MitoFinder,transcriptome_10p,full_mt_genom_Ecy,11,12.7166700000000006,29720,0,19457.7599999999984,595.169999999999959,/media/main/sandbox/ad/mt_BM/ref_mt_BM,/media/main/sandbox/ad/mt_BM/use_Mitofinder,"Script_Mitofinder,sh",no_use,NA,0.483512786002692,14370,0.993249826026444,0.480248990578735,NA,0.51198017337924,One animal,E. cyaneus,NA
297,MitoFinder,transcriptome_10p,full_mt_genom_Eve,7,11.0666700000000002,21979,0,19457.7599999999984,595.17999999999995,/media/main/sandbox/ad/mt_BM/ref_mt_BM,/media/main/sandbox/ad/mt_BM/use_Mitofinder,"Script_Mitofinder,sh",no_use,NA,0.6538059056372,14370,0.993249826026444,0.64939260202921,NA,0.609826369137498,One animal,E. cyaneus,NA
298,MitoFinder,transcriptome_10p,part_COI_Ecy,2,8.11666699999999786,7316,0,19457.7599999999984,595.110000000000014,/media/main/sandbox/ad/mt_BM/ref_mt_BM,/media/main/sandbox/ad/mt_BM/use_Mitofinder,"Script_Mitofinder,sh",no_use,NA,0.509116214335422,14370,0.412247738343772,0.809732094040459,NA,0.557774011679913,One animal,E. cyaneus,NA
299,MitoFinder,transcriptome_1p,full_COI_Ecy,1,1.30000000000000004,2306,0,19263.7599999999984,81.5100000000000051,/media/main/sandbox/ad/mt_BM/ref_mt_BM,/media/main/sandbox/ad/mt_BM/use_Mitofinder,"Script_Mitofinder,sh",no_use,NA,0.160473208072373,14370,0.157341684064022,0.980485689505637,NA,0.574575145410508,One animal,E. cyaneus,NA
300,MitoFinder,transcriptome_1p,full_mt_genom_Ecy,8,67.3666699999999992,14534,0,19392.7599999999984,5741.81999999999971,/media/main/sandbox/ad/mt_BM/ref_mt_BM,/media/main/sandbox/ad/mt_BM/use_Mitofinder,"Script_Mitofinder,sh",no_use,NA,0.988716113939728,14370,0.891510090466249,0.881450392183845,NA,0.721669149147455,One animal,E. cyaneus,NA
301,MitoFinder,transcriptome_1p,full_mt_genom_Eve,5,56.8666699999999992,9323,0,19393.7599999999984,5742.03999999999996,/media/main/sandbox/ad/mt_BM/ref_mt_BM,/media/main/sandbox/ad/mt_BM/use_Mitofinder,"Script_Mitofinder,sh",no_use,NA,0.648782185107864,14370,0.63723034098817,0.98219457256248,NA,0.617051774664628,One animal,E. cyaneus,NA
302,MitoFinder,transcriptome_1p,part_COI_Ecy,1,50.5499999999999972,2306,0,19392.7599999999984,5742.05000000000018,/media/main/sandbox/ad/mt_BM/ref_mt_BM,/media/main/sandbox/ad/mt_BM/use_Mitofinder,"Script_Mitofinder,sh",no_use,NA,0.160473208072373,14370,0.157341684064022,0.980485689505637,NA,0.574575145410508,One animal,E. cyaneus,NA
303,MitoFinder,transcriptome_our,full_COI_Ecy,1,34.6333300000000008,6549,0,19457.7599999999984,5119.53999999999996,/media/main/sandbox/ad/mt_BM/ref_mt_BM,/media/main/sandbox/ad/mt_BM/use_Mitofinder,"Script_Mitofinder,sh",no_use,NA,0.455741127348643,14370,0.424565066109951,0.931592609558711,NA,0.702974700754325,Pool animals,E. cyaneus,NA
304,MitoFinder,transcriptome_our,full_mt_genom_Ecy,6,40.8500000000000014,26166,0,19393.7599999999984,5118.94999999999982,/media/main/sandbox/ad/mt_BM/ref_mt_BM,/media/main/sandbox/ad/mt_BM/use_Mitofinder,"Script_Mitofinder,sh",no_use,NA,0.549464801784054,14370,0.959429366736256,0.527172666819537,NA,0.550683375501628,Pool animals,E. cyaneus,NA
305,MitoFinder,transcriptome_our,full_mt_genom_Eve,5,38.2666699999999977,24694,0,19392.7599999999984,5118.69999999999982,/media/main/sandbox/ad/mt_BM/ref_mt_BM,/media/main/sandbox/ad/mt_BM/use_Mitofinder,"Script_Mitofinder,sh",no_use,NA,0.582218190794588,14370,0.959429366736256,0.55859723009638,NA,0.575061196906808,Pool animals,E. cyaneus,NA
306,MitoFinder,transcriptome_our,part_COI_Ecy,1,38.316670000000002,6549,0,19457.7599999999984,5119.90999999999985,/media/main/sandbox/ad/mt_BM/ref_mt_BM,/media/main/sandbox/ad/mt_BM/use_Mitofinder,"Script_Mitofinder,sh",no_use,NA,0.455741127348643,14370,0.424565066109951,0.931592609558711,NA,0.702974700754325,Pool animals,E. cyaneus,NA
307,MitoZ,genome,de_novo,1,254.866700000000009,8818,8818,28154.130000000001,25106.3899999999994,/media/main/sandbox/ad/mt_BM/ref_mt_BM,/media/main/sandbox/ad/mt_BM/use_MitoZ,"Script_MitoZ,sh",no_use,NA,0.613639526791928,14370,0.609881697981907,0.993876162395101,NA,0.804349346792235,Pool animals,E. cyaneus,9
308,MitoZ,genome,de_novo_Bpul,1,434.36669999999998,15881,NA,39716.5999999999985,33825.9499999999971,NA,NA,NA,NA,NA,0.975251780889216,16284,0.975251780889216,1,NA,0.98762589044461,NA,B. pullus,NA
309,MitoZ,genome,de_novo_EveS,2,137.199999999999989,11278,NA,14582.4799999999996,12595.3899999999994,NA,NA,NA,NA,S by W,0.722902378052689,15601,0.718864175373374,0.994413903174322,NA,0.734045114150098,NA,NA,12
310,MitoZ,genome_10p,de_novo,2,19.6666699999999999,5478,0,5016.5600000000004,2880.46000000000004,/media/main/sandbox/ad/mt_BM/ref_mt_BM,/media/main/sandbox/ad/mt_BM/use_MitoZ,"Script_MitoZ,sh",no_use,NA,0.381210855949895,14370,0.377870563674321,0.991237677984666,NA,0.562579774402223,Pool animals,E. cyaneus,5
311,MitoZ,genome_16p,de_novo,2,32.7999999999999972,6570,0,5425.52000000000044,4517.28999999999996,/media/main/sandbox/ad/mt_BM/ref_mt_BM,/media/main/sandbox/ad/mt_BM/use_MitoZ,"Script_MitoZ,sh",no_use,NA,0.457202505219206,14370,0.454975643702157,0.995129375951294,NA,0.601826881218165,Pool animals,E. cyaneus,7
312,MitoZ,genome_1p,de_novo,0,1.83333300000000001,0,0,1326.06999999999994,553.539999999999964,/media/main/sandbox/ad/mt_BM/ref_mt_BM,/media/main/sandbox/ad/mt_BM/use_MitoZ,"Script_MitoZ,sh",no_use,No assemb,NA,14370,NA,NA,NA,NA,Pool animals,E. cyaneus,NA
313,MitoZ,genome_3x,de_novo,1,115.4167,7320,NA,15210.02,13519.04,NA,NA,NA,NA,NA,0.509394572025052,14370,0.498677800974252,0.97896174863388,NA,0.746758530408295,NA,NA,8
314,MitoZ,genome_3x,de_novo_Bpul,1,82.53333,15660,NA,11972.17,10545.21,NA,NA,NA,NA,NA,0.961680176860722,16284,0.961680176860722,1,NA,0.98084008843036,NA,NA,15
315,MitoZ,genome_NCBI,de_novo,1,619.416699999999992,15381,0,50742.5400000000009,37566.1399999999994,/media/main/sandbox/ad/mt_BM/ref_mt_BM,/media/main/sandbox/ad/mt_BM/use_MitoZ,"Script_MitoZ,sh",no_use,NA,0.935439828359665,14370,1,0.935439828359665,NA,0.967719914179835,One animal,E. cyaneus,15
316,MitoZ,genome_NCBI_50p,de_novo,1,333.433299999999974,15225,NA,30046.9500000000007,26269.5200000000004,NA,NA,NA,NA,NA,0.94384236453202,14370,0.993041057759221,0.937274220032841,NA,0.96853941058102,NA,NA,15
317,MitoZ,transcriptome,de_novo,2,30.6666699999999999,14693,11833,5743.34000000000015,4953.63000000000011,/media/main/sandbox/ad/mt_BM/ref_mt_BM,/media/main/sandbox/ad/mt_BM/use_MitoZ,"Script_MitoZ,sh",no_use,NA,0.978016742666576,14370,0.998956158663883,0.976995848363166,NA,0.863492187423408,One animal,E. cyaneus,15
318,MitoZ,transcriptome,de_novo_EveS,2,28.8500000000000014,8736,NA,6643.46000000000004,5852.61999999999989,NA,NA,NA,NA,S by W,NA,15601,0,0,NA,NA,NA,NA,10
319,MitoZ,transcriptome,full_mt_genom_Bpul,1,32.2666699999999977,16188,NA,6137.89000000000033,5348.3100000000004,NA,NA,NA,NA,NA,0.994104642593958,16284,0.918816015720953,0.92426488757104,NA,0.959296386471488,NA,NA,15
320,MitoZ,transcriptome_10p,de_novo,1,6.15000000000000036,8310,0,5021.78999999999996,1057.76999999999998,/media/main/sandbox/ad/mt_BM/ref_mt_BM,/media/main/sandbox/ad/mt_BM/use_MitoZ,"Script_MitoZ,sh",no_use,NA,0.578288100208768,14370,0.574599860821155,0.993622141997593,NA,0.78662752575688,One animal,E. cyaneus,8
321,MitoZ,transcriptome_1p,de_novo,3,2.88333300000000001,5907,0,4952.5600000000004,581.980000000000018,/media/main/sandbox/ad/mt_BM/ref_mt_BM,/media/main/sandbox/ad/mt_BM/use_MitoZ,"Script_MitoZ,sh",no_use,NA,0.411064718162839,14370,0.409881697981907,0.997122058574573,NA,0.537850452013163,One animal,E. cyaneus,7
322,MitoZ,transcriptome_our,de_novo,4,30.1999999999999993,11904,0,5275.26000000000022,4485.5600000000004,/media/main/sandbox/ad/mt_BM/ref_mt_BM,/media/main/sandbox/ad/mt_BM/use_MitoZ,"Script_MitoZ,sh",no_use,NA,0.82839248434238,14370,0.788726513569937,0.952116935483871,NA,0.704808983349048,Pool animals,E. cyaneus,NA
323,mtGrasp,genome,full_COI_Bpul,1,371.949999999999989,15651,NA,212200.5,32548.0400000000009,NA,NA,NA,NA,NA,0.958536831108455,16284,0.867833805942547,0.905373458564948,NA,0.93293602390399,NA,B. pullus,NA
324,mtGrasp,genome,full_COI_Ecy,1,346,2658,0,211608.399999999994,19130.3499999999985,/media/main/sandbox/ad/mt_BM/ref_mt_BM,/media/main/sandbox/ad/mt_BM/use_mtGrasp,"Script_mtGrasp,sh",no_use,NA,0.184968684759917,14370,0.180097425191371,0.973664409330323,NA,0.584682629820403,Pool animals,E. cyaneus,3
325,mtGrasp,genome,full_COI_EveS,1,434.550000000000011,3174,NA,212200.5,15633.5900000000001,NA,NA,NA,NA,S by W,0.203448496891225,15601,0.203448496891225,1,NA,0.601724248445615,NA,NA,NA
326,mtGrasp,genome,full_mt_genom_Bpul,1,379.683299999999974,15651,NA,1048959,32657.2700000000004,NA,NA,NA,NA,NA,0.961127487103906,16284,0.961127487103906,1,NA,0.980563743551955,NA,B. pullus,NA
327,mtGrasp,genome,full_mt_genom_Bpul_Eve,1,377.86669999999998,15651,NA,212200.5,32658.9500000000007,NA,NA,NA,NA,NA,0.961127487103906,16284,0.961127487103906,1,NA,0.980563743551955,NA,B. pullus,NA
328,mtGrasp,genome,full_mt_genom_Ecy,1,352,14372,0,212198.899999999994,19079.6599999999999,/media/main/sandbox/ad/mt_BM/ref_mt_BM,/media/main/sandbox/ad/mt_BM/use_mtGrasp,"Script_mtGrasp,sh",no_use,Много NNNNNN в сборке,0.990378316395743,14370,0.829157967988866,0.821180072362928,NA,0.910179089186883,Pool animals,E. cyaneus,13
329,mtGrasp,genome,full_mt_genom_Eve,5,240,12031,0,212199.200000000012,19238.7999999999993,/media/main/sandbox/ad/mt_BM/ref_mt_BM,/media/main/sandbox/ad/mt_BM/use_mtGrasp,"Script_mtGrasp,sh",no_use,NA,0.83723034098817,14370,0.827835768963118,0.988778987615327,NA,0.713461274391655,Pool animals,E. cyaneus,0
330,mtGrasp,genome,full_mt_genom_EveS_Ecy,4,377.183299999999974,9307,NA,211615.5,15630.4599999999991,NA,NA,NA,NA,S by W,0.596564322799821,15601,0.596564322799821,1,NA,0.79828216139991,NA,NA,0
331,mtGrasp,genome,full_mt_genom_EveS_EveS,1,494.666699999999992,12523,NA,1048959,15625.7800000000007,NA,NA,NA,NA,S by W,0.802779875937602,15601,0.686814947759759,0.855545795735846,NA,0.836285154858303,NA,NA,12
332,mtGrasp,genome,part_COI_Bpul,1,378.766700000000014,15651,NA,212200.5,32671.8100000000013,NA,NA,NA,NA,NA,0.958536831108455,16284,0.867833805942547,0.905373458564948,NA,0.93293602390399,NA,B. pullus,NA
333,mtGrasp,genome,part_COI_Ecy,1,347,2658,0,1048954,19906.9099999999999,/media/main/sandbox/ad/mt_BM/ref_mt_BM,/media/main/sandbox/ad/mt_BM/use_mtGrasp,"Script_mtGrasp,sh",no_use,NA,0.184968684759917,14370,0.180097425191371,0.973664409330323,NA,0.584682629820403,Pool animals,E. cyaneus,3
334,mtGrasp,genome,part_COI_EveS,1,435.433299999999974,3174,NA,212200.5,15638.6100000000006,NA,NA,NA,NA,S by W,0.203448496891225,15601,0.203448496891225,1,NA,0.601724248445615,NA,NA,4
335,mtGrasp,genome_10p,full_COI_Ecy,0,15.5833300000000001,0,0,2594.7800000000002,1815.22000000000003,/media/main/sandbox/ad/mt_BM/ref_mt_BM,/media/main/sandbox/ad/mt_BM/use_mtGrasp,"Script_mtGrasp,sh",no_use,No assemb,NA,14370,0,0,NA,0,Pool animals,E. cyaneus,NA
336,mtGrasp,genome_10p,full_mt_genom_Ecy,0,15.5,0,0,2609.61999999999989,1831.83999999999992,/media/main/sandbox/ad/mt_BM/ref_mt_BM,/media/main/sandbox/ad/mt_BM/use_mtGrasp,"Script_mtGrasp,sh",no_use,No assemb,NA,14370,0,0,NA,0,Pool animals,E. cyaneus,NA
337,mtGrasp,genome_10p,full_mt_genom_Eve,0,15.5500000000000007,0,0,2608.7199999999998,1833.25,/media/main/sandbox/ad/mt_BM/ref_mt_BM,/media/main/sandbox/ad/mt_BM/use_mtGrasp,"Script_mtGrasp,sh",no_use,No assemb,NA,14370,0,0,NA,0,Pool animals,E. cyaneus,NA
338,mtGrasp,genome_10p,part_COI_Ecy,0,15.5,0,0,2593.59000000000015,1814.25,/media/main/sandbox/ad/mt_BM/ref_mt_BM,/media/main/sandbox/ad/mt_BM/use_mtGrasp,"Script_mtGrasp,sh",no_use,No assemb,NA,14370,0,0,NA,0,Pool animals,E. cyaneus,NA
339,mtGrasp,genome_16p,full_COI_Ecy,1,28.2833299999999994,2531,0,1048959,2775.73000000000002,/media/main/sandbox/ad/mt_BM/ref_mt_BM,/media/main/sandbox/ad/mt_BM/use_mtGrasp,"Script_mtGrasp,sh",no_use,No assemb,0.176130828114127,14370,0.174739039665971,0.992097984986172,NA,0.585741963191568,Pool animals,E. cyaneus,NA
340,mtGrasp,genome_16p,full_mt_genom_Ecy,1,51.1333300000000008,2531,0,4176.98999999999978,3502.55000000000018,/media/main/sandbox/ad/mt_BM/ref_mt_BM,/media/main/sandbox/ad/mt_BM/use_mtGrasp,"Script_mtGrasp,sh",no_use,NA,0.176130828114127,14370,0.174739039665971,0.992097984986172,NA,0.585741963191568,Pool animals,E. cyaneus,3
341,mtGrasp,genome_16p,full_mt_genom_Eve,2,29.6999999999999993,2621,0,3539.63999999999987,2789.2800000000002,/media/main/sandbox/ad/mt_BM/ref_mt_BM,/media/main/sandbox/ad/mt_BM/use_mtGrasp,"Script_mtGrasp,sh",no_use,NA,0.176082669344294,14370,0.174739039665971,0.992369324685235,NA,0.460797758423875,Pool animals,E. cyaneus,0
342,mtGrasp,genome_16p,part_COI_Ecy,1,40.316670000000002,1370,0,211615.5,3100.57999999999993,/media/main/sandbox/ad/mt_BM/ref_mt_BM,/media/main/sandbox/ad/mt_BM/use_mtGrasp,"Script_mtGrasp,sh",no_use,NA,0.095337508698678,14370,0.0939457202505219,0.985401459854015,NA,0.543671172200805,Pool animals,E. cyaneus,1
343,mtGrasp,genome_1p,full_COI_Ecy,0,1.13333299999999992,0,0,1977.53999999999996,517.220000000000027,/media/main/sandbox/ad/mt_BM/ref_mt_BM,/media/main/sandbox/ad/mt_BM/use_mtGrasp,"Script_mtGrasp,sh",no_use,No assemb,NA,14370,0,0,NA,0,Pool animals,E. cyaneus,NA
344,mtGrasp,genome_1p,full_mt_genom_Ecy,0,1.3333330000000001,0,0,2017,517.279999999999973,/media/main/sandbox/ad/mt_BM/ref_mt_BM,/media/main/sandbox/ad/mt_BM/use_mtGrasp,"Script_mtGrasp,sh",no_use,No assemb,NA,14370,0,0,NA,0,Pool animals,E. cyaneus,NA
345,mtGrasp,genome_1p,full_mt_genom_Eve,0,1.13333299999999992,0,0,2016.95000000000005,517.269999999999982,/media/main/sandbox/ad/mt_BM/ref_mt_BM,/media/main/sandbox/ad/mt_BM/use_mtGrasp,"Script_mtGrasp,sh",no_use,No assemb,NA,14370,0,0,NA,0,Pool animals,E. cyaneus,NA
346,mtGrasp,genome_1p,part_COI_Ecy,0,1.13333299999999992,0,0,1977.54999999999995,517.200000000000045,/media/main/sandbox/ad/mt_BM/ref_mt_BM,/media/main/sandbox/ad/mt_BM/use_mtGrasp,"Script_mtGrasp,sh",no_use,No assemb,NA,14370,0,0,NA,0,Pool animals,E. cyaneus,NA
347,mtGrasp,genome_3x,full_COI_Bpul,1,49.86667,15580,NA,211550.5,7196.5,NA,NA,NA,NA,NA,0.956767379022353,16284,0.956767379022353,1,NA,0.978383689511175,NA,NA,15
348,mtGrasp,genome_3x,full_COI_Ecy,NA,NA,NA,NA,NA,NA,NA,NA,NA,NA,не смог собрать,NA,14370,NA,NA,NA,NA,NA,NA,0
349,mtGrasp,genome_3x,full_mt_genom_Bpul,1,50.1,15580,NA,211354.5,7196.49,NA,NA,NA,NA,NA,0.956767379022353,16284,0.956767379022353,1,NA,0.978383689511175,NA,NA,15
350,mtGrasp,genome_3x,full_mt_genom_Bpul_Eve,1,49.91667,15580,NA,211550.5,7196.49,NA,NA,NA,NA,NA,0.956767379022353,16284,0.956767379022353,1,NA,0.978383689511175,NA,NA,15
351,mtGrasp,genome_3x,full_mt_genom_Ecy,2,151.4,14372,NA,212200.5,9407.14,NA,NA,NA,NA,NA,0.99986084052324,14370,0.737021572720946,0.736919009184525,NA,0.743450355607178,NA,NA,0
352,mtGrasp,genome_3x,full_mt_genom_Eve,6,118.5167,10948,NA,10036.33,9368.1,NA,NA,NA,NA,NA,0.739062206503481,14370,0.735281837160752,0.994884910485934,NA,0.65897390520421,NA,NA,0
353,mtGrasp,genome_3x,part_COI_Bpul,1,49.66667,15580,NA,212205.7,7196.44,NA,NA,NA,NA,NA,0.956767379022353,16284,0.956767379022353,1,NA,0.978383689511175,NA,NA,15
354,mtGrasp,genome_3x,part_COI_Ecy,2,118.1167,3219,NA,211615.5,9383.04,NA,NA,NA,NA,NA,0.220701694799677,14370,0.21830201809325,0.989127058092575,NA,0.482032692746378,NA,NA,0
355,mtGrasp,genome_NCBI,full_COI_Ecy,1,839.116700000000037,15726,0,1048959,49142.1800000000003,/media/main/sandbox/ad/mt_BM/ref_mt_BM,/media/main/sandbox/ad/mt_BM/use_mtGrasp,"Script_mtGrasp,sh",no_use,NA,0.909004196871423,14370,1,0.909004196871423,NA,0.95450209843571,One animal,E. cyaneus,15
356,mtGrasp,genome_NCBI,full_mt_genom_Ecy,1,838.483299999999986,15726,0,212200.5,49148.6399999999994,/media/main/sandbox/ad/mt_BM/ref_mt_BM,/media/main/sandbox/ad/mt_BM/use_mtGrasp,"Script_mtGrasp,sh",no_use,NA,0.909004196871423,14370,1,0.909004196871423,NA,0.95450209843571,One animal,E. cyaneus,15
357,mtGrasp,genome_NCBI,full_mt_genom_Eve,1,837.966699999999832,15726,0,1048959,52815.6999999999971,/media/main/sandbox/ad/mt_BM/ref_mt_BM,/media/main/sandbox/ad/mt_BM/use_mtGrasp,"Script_mtGrasp,sh",no_use,NA,0.909004196871423,14370,1,0.909004196871423,NA,0.95450209843571,One animal,E. cyaneus,15
358,mtGrasp,genome_NCBI,part_COI_Ecy,1,846.549999999999841,15726,0,1048959,49153.9100000000035,/media/main/sandbox/ad/mt_BM/ref_mt_BM,/media/main/sandbox/ad/mt_BM/use_mtGrasp,"Script_mtGrasp,sh",no_use,NA,0.909004196871423,14370,1,0.909004196871423,NA,0.95450209843571,One animal,E. cyaneus,15
359,mtGrasp,genome_NCBI_50p,full_COI_Ecy,1,351.63330000000002,15327,NA,212200.5,23249.3899999999994,NA,NA,NA,NA,NA,0.932667841064788,14370,1,0.932667841064788,NA,0.966333920532395,NA,NA,15
360,mtGrasp,genome_NCBI_50p,full_mt_genom_Ecy,1,350.36669999999998,15327,NA,1048959,23365.880000000001,NA,NA,NA,NA,NA,0.932667841064788,14370,1,0.932667841064788,NA,0.966333920532395,NA,NA,15
361,mtGrasp,genome_NCBI_50p,full_mt_genom_Eve,1,352.13330000000002,15327,NA,212204.200000000012,23100.5600000000013,NA,NA,NA,NA,NA,0.932667841064788,14370,1,0.932667841064788,NA,0.966333920532395,NA,NA,15
362,mtGrasp,genome_NCBI_50p,part_COI_Ecy,1,355.483299999999986,15327,NA,212200.5,23363.1500000000015,NA,NA,NA,NA,NA,0.932667841064788,14370,1,0.932667841064788,NA,0.966333920532395,NA,NA,15
363,mtGrasp,transcriptome,full_COI_Ecy,1,30.8166699999999985,2658,0,11604.9300000000003,11602.5699999999997,/media/main/sandbox/ad/mt_BM/ref_mt_BM,/media/main/sandbox/ad/mt_BM/use_mtGrasp,"Script_mtGrasp,sh",no_use,NA,0.184968684759917,14370,0.180097425191371,0.973664409330323,NA,0.584682629820403,One animal,E. cyaneus,NA
364,mtGrasp,transcriptome,full_mt_genom_Bpul,1,97.4833299999999952,27802,NA,212332.5,12896.6100000000006,NA,NA,NA,NA,NA,0.589325136833788,16284,0.91617538688283,0.539925185238472,NA,0.761356427238773,NA,NA,7
365,mtGrasp,transcriptome,full_mt_genom_Ecy,3,113,16749,0,212200.5,19444.1100000000006,/media/main/sandbox/ad/mt_BM/ref_mt_BM,/media/main/sandbox/ad/mt_BM/use_mtGrasp,"Script_mtGrasp,sh",no_use,NA,0.857961669353393,14370,0.730897703549061,0.627082213863514,NA,0.637318730024825,One animal,E. cyaneus,0
366,mtGrasp,transcriptome,full_mt_genom_Eve,6,69,12154,0,212200.5,5064.30000000000018,/media/main/sandbox/ad/mt_BM/ref_mt_BM,/media/main/sandbox/ad/mt_BM/use_mtGrasp,"Script_mtGrasp,sh",no_use,NA,0.845789839944329,14370,0.670215727209464,0.792414020075695,NA,0.61877156347404,One animal,E. cyaneus,0
367,mtGrasp,transcriptome,full_mt_genom_EveS_EveS,0,191.75,0,NA,2561.51999999999998,1764.55999999999995,NA,NA,NA,NA,S by W не смог собрать,NA,15601,0,0,NA,NA,NA,NA,0
368,mtGrasp,transcriptome,part_COI_Ecy,1,89,2302,0,212200.5,2344.40999999999985,/media/main/sandbox/ad/mt_BM/ref_mt_BM,/media/main/sandbox/ad/mt_BM/use_mtGrasp,"Script_mtGrasp,sh",no_use,NA,0.160194850382742,14370,0.157898399443285,0.985664639443962,NA,0.575939472317498,One animal,E. cyaneus,2
369,mtGrasp,transcriptome_10p,full_COI_Ecy,1,7.11666699999999963,2250,0,212200.5,2057.19999999999982,/media/main/sandbox/ad/mt_BM/ref_mt_BM,/media/main/sandbox/ad/mt_BM/use_mtGrasp,"Script_mtGrasp,sh",no_use,NA,0.156576200417537,14370,0.156506610995129,0.999555555555556,NA,0.578159591742058,One animal,E. cyaneus,2
370,mtGrasp,transcriptome_10p,full_mt_genom_Ecy,1,13.3499999999999996,14254,0,212200.5,2057.17000000000007,/media/main/sandbox/ad/mt_BM/ref_mt_BM,/media/main/sandbox/ad/mt_BM/use_mtGrasp,"Script_mtGrasp,sh",no_use,NA,0.999487544425911,14370,0.83723034098817,0.837659604321594,NA,0.918594372433918,One animal,E. cyaneus,13
371,mtGrasp,transcriptome_10p,full_mt_genom_Eve,5,4.04999999999999982,7933,0,212200.5,2057.19000000000005,/media/main/sandbox/ad/mt_BM/ref_mt_BM,/media/main/sandbox/ad/mt_BM/use_mtGrasp,"Script_mtGrasp,sh",no_use,NA,0.55205288796103,14370,0.545859429366736,0.988781041220219,NA,0.571673339636998,One animal,E. cyaneus,0
372,mtGrasp,transcriptome_10p,part_COI_Ecy,1,7.06666699999999981,2250,0,212200.5,2056.96000000000004,/media/main/sandbox/ad/mt_BM/ref_mt_BM,/media/main/sandbox/ad/mt_BM/use_mtGrasp,"Script_mtGrasp,sh",no_use,NA,0.156576200417537,14370,0.156506610995129,0.999555555555556,NA,0.578159591742058,One animal,E. cyaneus,2
373,mtGrasp,transcriptome_1p,full_COI_Ecy,1,1.6666669999999999,1451,0,211615.5,2056.80000000000018,/media/main/sandbox/ad/mt_BM/ref_mt_BM,/media/main/sandbox/ad/mt_BM/use_mtGrasp,"Script_mtGrasp,sh",no_use,NA,0.100974251913709,14370,0.100974251913709,1,NA,0.550487125956855,One animal,E. cyaneus,0
374,mtGrasp,transcriptome_1p,full_mt_genom_Ecy,1,1.76666699999999999,1451,0,212200.5,2056.82999999999993,/media/main/sandbox/ad/mt_BM/ref_mt_BM,/media/main/sandbox/ad/mt_BM/use_mtGrasp,"Script_mtGrasp,sh",no_use,NA,0.100974251913709,14370,0.100974251913709,1,NA,0.550487125956855,One animal,E. cyaneus,0
375,mtGrasp,transcriptome_1p,full_mt_genom_Eve,1,1.6666669999999999,1451,0,211550.5,2056.94000000000005,/media/main/sandbox/ad/mt_BM/ref_mt_BM,/media/main/sandbox/ad/mt_BM/use_mtGrasp,"Script_mtGrasp,sh",no_use,NA,0.100974251913709,14370,0.100974251913709,1,NA,0.550487125956855,One animal,E. cyaneus,0
376,mtGrasp,transcriptome_1p,part_COI_Ecy,1,1.6666669999999999,1451,0,211550.5,2056.92000000000007,/media/main/sandbox/ad/mt_BM/ref_mt_BM,/media/main/sandbox/ad/mt_BM/use_mtGrasp,"Script_mtGrasp,sh",no_use,NA,0.100974251913709,14370,0.100974251913709,1,NA,0.550487125956855,One animal,E. cyaneus,0
377,mtGrasp,transcriptome_our,full_COI_Ecy,0,199.766699999999986,0,NA,2515.73999999999978,1720.3599999999999,/media/main/sandbox/ad/mt_BM/ref_mt_BM,/media/main/sandbox/ad/mt_BM/use_mtGrasp,"Script_mtGrasp,sh",no_use,No assemb,NA,NA,NA,NA,NA,0,Pool animals,E. cyaneus,NA
378,mtGrasp,transcriptome_our,full_mt_genom_Ecy,1,222.116700000000009,1059,0,211615.5,2106.84999999999991,/media/main/sandbox/ad/mt_BM/ref_mt_BM,/media/main/sandbox/ad/mt_BM/use_mtGrasp,"Script_mtGrasp,sh",no_use,NA,0.073695198329854,14370,0.0725817675713292,0.984891406987724,NA,0.532792093222225,Pool animals,E. cyaneus,NA
379,mtGrasp,transcriptome_our,full_mt_genom_Eve,1,221.383299999999991,1059,0,6549.39999999999964,2098,/media/main/sandbox/ad/mt_BM/ref_mt_BM,/media/main/sandbox/ad/mt_BM/use_mtGrasp,"Script_mtGrasp,sh",no_use,NA,0.073695198329854,14370,0.0725817675713292,0.984891406987724,NA,0.532792093222225,Pool animals,E. cyaneus,NA
380,mtGrasp,transcriptome_our,part_COI_Ecy,0,199.816699999999997,0,NA,2515.73999999999978,1727.26999999999998,/media/main/sandbox/ad/mt_BM/ref_mt_BM,/media/main/sandbox/ad/mt_BM/use_mtGrasp,"Script_mtGrasp,sh",no_use,No assemb,NA,NA,NA,NA,NA,0,Pool animals,E. cyaneus,NA
381,Norgal,genome,de_novo,1,472,23376,0,24663.2799999999988,24663.2799999999988,/media/main/sandbox/ad/mt_BM/ref_mt_BM,/media/main/sandbox/ad/mt_BM/use_Norgal,"Script_Norgal,sh",no_use,NA,0.614733059548254,14370,0.817466945024356,0.502523956194387,NA,0.733680990191748,Pool animals,E. cyaneus,13
382,Norgal,genome,de_novo_Bpul,1,622.75,20193,NA,35800.7799999999988,34932.989999999998,NA,NA,NA,NA,NA,NA,16284,0,0,NA,NA,NA,B. pullus,NA
383,Norgal,genome,de_novo_EveS,1,251.066699999999997,28338,NA,18990.0600000000013,11799.5100000000002,NA,NA,NA,NA,S by W,0.550532853412379,15601,0.621947311069803,0.342402427835415,NA,0.6287206480794,NA,NA,0
384,Norgal,genome_10p,de_novo,1,43.6333300000000008,23249,0,4406.93000000000029,3303.51000000000022,/media/main/sandbox/ad/mt_BM/ref_mt_BM,/media/main/sandbox/ad/mt_BM/use_Norgal,"Script_Norgal,sh",no_use,NA,NA,14370,0,0,NA,0,Pool animals,E. cyaneus,0
385,Norgal,genome_16p,de_novo,1,69.2000000000000028,20344,0,9452.93000000000029,5126.47999999999956,/media/main/sandbox/ad/mt_BM/ref_mt_BM,/media/main/sandbox/ad/mt_BM/use_Norgal,"Script_Norgal,sh",no_use,NA,NA,14370,0,0,NA,0,Pool animals,E. cyaneus,0
386,Norgal,genome_1p,de_novo,1,4.18333300000000019,22993,0,1236.73000000000002,823.450000000000045,/media/main/sandbox/ad/mt_BM/ref_mt_BM,/media/main/sandbox/ad/mt_BM/use_Norgal,"Script_Norgal,sh",no_use,NA,NA,14370,0,0,NA,0,Pool animals,E. cyaneus,0
387,Norgal,genome_3x,de_novo,1,220.65,23383,NA,20229.39,13265.02,NA,NA,NA,NA,NA,NA,14370,0,0,NA,NA,NA,NA,0
388,Norgal,genome_3x,de_novo_Bpul,1,151.05,24519,NA,18963.71,11896.32,NA,NA,NA,NA,NA,0.664138015416616,16284,0.961680176860722,0.63868836412578,NA,0.81612663910078,NA,NA,15
389,Norgal,genome_NCBI,de_novo,NA,865.833300000000008,NA,0,45627.0299999999988,44759.1900000000023,/media/main/sandbox/ad/mt_BM/ref_mt_BM,/media/main/sandbox/ad/mt_BM/use_Norgal,"Script_Norgal,sh",no_use,NA,NA,14370,0,0,NA,0,One animal,E. cyaneus,NA
390,Norgal,genome_NCBI_50p,de_novo,1,865.833300000000008,23802,NA,45627.0299999999988,44759.1900000000023,NA,NA,NA,NA,NA,0.600575831293793,14370,0.99874739039666,0.59982354423998,NA,0.799786691482608,NA,NA,NA
391,Norgal,transcriptome,de_novo,1,55.0499999999999972,20041,0,3846.11000000000013,3272.40999999999985,/media/main/sandbox/ad/mt_BM/ref_mt_BM,/media/main/sandbox/ad/mt_BM/use_Norgal,"Script_Norgal,sh",no_use,NA,NA,14370,0,0,NA,0,One animal,E. cyaneus,0
392,Norgal,transcriptome,de_novo_EveS,1,85.4166699999999821,27045,NA,4595.18000000000029,4021.15999999999985,NA,NA,NA,NA,S by W,NA,15601,0,0,NA,NA,NA,NA,0
393,Norgal,transcriptome,full_mt_genom_Bpul,1,95.2999999999999972,17439,NA,4124.77000000000044,3550.57000000000016,NA,NA,NA,NA,NA,0.939576766770264,16284,0.427413411938099,0.454899936922989,NA,0.705472528907838,NA,NA,15
394,Norgal,transcriptome_10p,de_novo,NA,NA,NA,0,NA,NA,/media/main/sandbox/ad/mt_BM/ref_mt_BM,/media/main/sandbox/ad/mt_BM/use_Norgal,"Script_Norgal,sh",no_use,NA,NA,14370,NA,NA,NA,0,One animal,E. cyaneus,NA
395,Norgal,transcriptome_1p,de_novo,NA,NA,NA,0,NA,NA,/media/main/sandbox/ad/mt_BM/ref_mt_BM,/media/main/sandbox/ad/mt_BM/use_Norgal,"Script_Norgal,sh",no_use,NA,NA,14370,NA,NA,NA,0,One animal,E. cyaneus,NA
396,Norgal,transcriptome_our,de_novo,1,69.7999999999999972,33971,0,3588.0300000000002,3014.55000000000018,/media/main/sandbox/ad/mt_BM/ref_mt_BM,/media/main/sandbox/ad/mt_BM/use_Norgal,"Script_Norgal,sh",no_use,NA,NA,14370,0,0,NA,0,Pool animals,E. cyaneus,NA
397,NOVOplasty,genome,full_COI_Bpul,1,14.75,15708,NA,30874.9199999999983,30868.2200000000012,NA,NA,NA,NA,NA,0.964627855563744,16284,0.964627855563744,1,NA,0.98231392778187,NA,NA,NA
398,NOVOplasty,genome,full_COI_Ecy,1,13,4200,0,29951.2700000000004,29942.2999999999993,/media/main/sandbox/ad/mt_BM/ref_mt_BM,/media/main/sandbox/ad/mt_BM/use_NOVOPlasty,"Script_Novoplasty,sh",no_use,NA,0.292275574112735,14370,0.290675017397356,0.994523809523809,NA,0.644368600258478,Pool animals,E. cyaneus,4
399,NOVOplasty,genome,full_COI_EveS,1,12.3166700000000002,3226,NA,23098.4300000000003,23070.9700000000012,NA,NA,NA,NA,NA,0.206781616563041,15601,0.206781616563041,1,NA,0.60339080828152,NA,NA,NA
400,NOVOplasty,genome,full_mt_genom_Bpul,1,15.9499999999999993,15708,NA,30875.0400000000009,30865.9199999999983,NA,NA,NA,NA,NA,0.964627855563744,16284,0.964627855563744,1,NA,0.98231392778187,NA,B. pullus,NA
401,NOVOplasty,genome,full_mt_genom_Bpul_Eve,0,14.3499999999999996,0,NA,30869.0499999999993,30862.2000000000007,NA,NA,NA,NA,NA,NA,16284,0,0,NA,NA,NA,NA,NA
402,NOVOplasty,genome,full_mt_genom_Ecy,1,14,4200,0,29951.0800000000017,29939.0900000000001,/media/main/sandbox/ad/mt_BM/ref_mt_BM,/media/main/sandbox/ad/mt_BM/use_NOVOPlasty,"Script_Novoplasty,sh",no_use,NA,0.292275574112735,14370,0.290675017397356,0.994523809523809,NA,0.644368600258478,Pool animals,E. cyaneus,4
403,NOVOplasty,genome,full_mt_genom_Eve,1,14,4200,0,29951.0600000000013,29940.0200000000004,/media/main/sandbox/ad/mt_BM/ref_mt_BM,/media/main/sandbox/ad/mt_BM/use_NOVOPlasty,"Script_Novoplasty,sh",no_use,NA,0.292275574112735,14370,0.290675017397356,0.994523809523809,NA,0.644368600258478,Pool animals,E. cyaneus,4
404,NOVOplasty,genome,full_mt_genom_EveS_Ecy,1,14.2333300000000005,8070,NA,23105.2000000000007,23077.6800000000003,NA,NA,NA,NA,NA,0.517274533683738,15601,0.517274533683738,1,NA,0.75863726684187,NA,NA,8
405,NOVOplasty,genome,full_mt_genom_EveS_EveS,1,12.3666699999999992,827,NA,23098.2400000000016,23064,NA,NA,NA,NA,NA,0.053009422472918,15601,0.0530094224729184,1,NA,0.52650471123646,NA,NA,0
406,NOVOplasty,genome,part_COI_Bpul,1,15.8666699999999992,15708,NA,30874.9099999999999,30868.1399999999994,NA,NA,NA,NA,NA,0.964627855563744,16284,0.964627855563744,1,NA,0.98231392778187,NA,NA,NA
407,NOVOplasty,genome,part_COI_Ecy,1,14,4200,0,29951.1599999999999,29942.2700000000004,/media/main/sandbox/ad/mt_BM/ref_mt_BM,/media/main/sandbox/ad/mt_BM/use_NOVOPlasty,"Script_Novoplasty,sh",no_use,NA,0.292275574112735,14370,0.290675017397356,0.994523809523809,NA,0.644368600258478,Pool animals,E. cyaneus,4
408,NOVOplasty,genome,part_COI_EveS,1,12.3333300000000001,3226,NA,23103.880000000001,23076.5900000000001,NA,NA,NA,NA,NA,0.206781616563041,15601,0.206781616563041,1,NA,0.60339080828152,NA,NA,3
409,NOVOplasty,genome_10p,full_COI_Ecy,1,3.10000000000000009,2539,NA,5667.47000000000025,5660.67000000000007,/media/main/sandbox/ad/mt_BM/ref_mt_BM,/media/main/sandbox/ad/mt_BM/use_NOVOPlasty,"Script_Novoplasty,sh",no_use,NA,0.176687543493389,14370,0.174739039665971,0.988972036234738,NA,0.585099654848525,Pool animals,E. cyaneus,3
410,NOVOplasty,genome_10p,full_mt_genom_Ecy,1,3.20000000000000018,2539,NA,5667.52000000000044,5660.81999999999971,/media/main/sandbox/ad/mt_BM/ref_mt_BM,/media/main/sandbox/ad/mt_BM/use_NOVOPlasty,"Script_Novoplasty,sh",no_use,NA,0.176687543493389,14370,0.174739039665971,0.988972036234738,NA,0.585099654848525,Pool animals,E. cyaneus,3
411,NOVOplasty,genome_10p,full_mt_genom_Eve,1,3.21666700000000017,2519,NA,5674.4399999999996,5667.63000000000011,/media/main/sandbox/ad/mt_BM/ref_mt_BM,/media/main/sandbox/ad/mt_BM/use_NOVOPlasty,"Script_Novoplasty,sh",no_use,NA,0.175295755045233,14370,0.173903966597077,0.99206034140532,NA,0.585315015761908,Pool animals,E. cyaneus,4
412,NOVOplasty,genome_10p,part_COI_Ecy,1,3.14999999999999991,2539,NA,5667.47000000000025,5660.75,/media/main/sandbox/ad/mt_BM/ref_mt_BM,/media/main/sandbox/ad/mt_BM/use_NOVOPlasty,"Script_Novoplasty,sh",no_use,NA,0.176687543493389,14370,0.174739039665971,0.988972036234738,NA,0.585099654848525,Pool animals,E. cyaneus,3
413,NOVOplasty,genome_16p,full_COI_Ecy,1,5,4058,NA,8729.01000000000022,8722.15999999999985,/media/main/sandbox/ad/mt_BM/ref_mt_BM,/media/main/sandbox/ad/mt_BM/use_NOVOPlasty,"Script_Novoplasty,sh",no_use,NA,0.282393876130828,14370,0.281489213639527,0.996796451453918,NA,0.64016988530607,Pool animals,E. cyaneus,3
414,NOVOplasty,genome_16p,full_mt_genom_Ecy,1,5.06666699999999981,4058,NA,8729.04999999999927,8722.28000000000065,/media/main/sandbox/ad/mt_BM/ref_mt_BM,/media/main/sandbox/ad/mt_BM/use_NOVOPlasty,"Script_Novoplasty,sh",no_use,NA,0.282393876130828,14370,0.281489213639527,0.996796451453918,NA,0.64016988530607,Pool animals,E. cyaneus,3
415,NOVOplasty,genome_16p,full_mt_genom_Eve,1,4.43333300000000019,4056,NA,8729.11000000000058,8722.19000000000051,/media/main/sandbox/ad/mt_BM/ref_mt_BM,/media/main/sandbox/ad/mt_BM/use_NOVOPlasty,"Script_Novoplasty,sh",no_use,NA,0.282254697286012,14370,0.281280445372303,0.9965483234714,NA,0.640020866532428,Pool animals,E. cyaneus,4
416,NOVOplasty,genome_16p,part_COI_Ecy,1,5.04999999999999982,4058,NA,8729,8722.32999999999993,/media/main/sandbox/ad/mt_BM/ref_mt_BM,/media/main/sandbox/ad/mt_BM/use_NOVOPlasty,"Script_Novoplasty,sh",no_use,NA,0.282393876130828,14370,0.281489213639527,0.996796451453918,NA,0.64016988530607,Pool animals,E. cyaneus,3
417,NOVOplasty,genome_1p,full_COI_Ecy,NA,NA,NA,NA,NA,NA,/media/main/sandbox/ad/mt_BM/ref_mt_BM,/media/main/sandbox/ad/mt_BM/use_NOVOPlasty,"Script_Novoplasty,sh",no_use,No assemb,NA,14370,NA,NA,NA,0,Pool animals,E. cyaneus,NA
418,NOVOplasty,genome_1p,full_mt_genom_Ecy,NA,NA,NA,NA,NA,NA,/media/main/sandbox/ad/mt_BM/ref_mt_BM,/media/main/sandbox/ad/mt_BM/use_NOVOPlasty,"Script_Novoplasty,sh",no_use,No assemb,NA,14370,NA,NA,NA,0,Pool animals,E. cyaneus,NA
419,NOVOplasty,genome_1p,full_mt_genom_Eve,NA,NA,NA,NA,NA,NA,/media/main/sandbox/ad/mt_BM/ref_mt_BM,/media/main/sandbox/ad/mt_BM/use_NOVOPlasty,"Script_Novoplasty,sh",no_use,No assemb,NA,14370,NA,NA,NA,0,Pool animals,E. cyaneus,NA
420,NOVOplasty,genome_1p,part_COI_Ecy,NA,NA,NA,NA,NA,NA,/media/main/sandbox/ad/mt_BM/ref_mt_BM,/media/main/sandbox/ad/mt_BM/use_NOVOPlasty,"Script_Novoplasty,sh",no_use,No assemb,NA,14370,NA,NA,NA,0,Pool animals,E. cyaneus,NA
421,NOVOplasty,genome_3x,full_COI_Bpul,1,7.29999999999999982,15604,NA,17096.91,17090.21,NA,NA,NA,NA,NA,0.958241218373864,16284,0.958241218373864,1,NA,0.97912060918693,NA,NA,15
422,NOVOplasty,genome_3x,full_COI_Ecy,1,11.65,4153,NA,26985.21,26977.54,NA,NA,NA,NA,NA,0.289004871259569,14370,0.28865692414753,0.998796051047436,NA,0.644114461613635,NA,NA,4
423,NOVOplasty,genome_3x,full_mt_genom_Bpul,1,NA,15604,NA,17097.03,17090.28,NA,NA,NA,NA,NA,0.958241218373864,16284,0.958241218373864,1,NA,0.97912060918693,NA,NA,15
424,NOVOplasty,genome_3x,full_mt_genom_Bpul_Eve,NA,6.40000000000000036,NA,NA,17092.43,17085.48,NA,NA,NA,NA,NA,NA,16284,NA,NA,NA,NA,NA,NA,0
425,NOVOplasty,genome_3x,full_mt_genom_Ecy,1,11.95,4153,NA,26985.25,26977.65,NA,NA,NA,NA,NA,0.289004871259569,14370,0.28865692414753,0.998796051047436,NA,0.644114461613635,NA,NA,4
426,NOVOplasty,genome_3x,full_mt_genom_Eve,1,11.8000000000000007,4153,NA,26985.15,26977.56,NA,NA,NA,NA,NA,0.289004871259569,14370,0.28865692414753,0.998796051047436,NA,0.644114461613635,NA,NA,4
427,NOVOplasty,genome_3x,part_COI_Bpul,1,7.35,15604,NA,17096.96,17090.23,NA,NA,NA,NA,NA,0.958241218373864,16284,0.958241218373864,1,NA,0.97912060918693,NA,NA,15
428,NOVOplasty,genome_3x,part_COI_Ecy,1,11.76667,4153,NA,26985.33,26977.39,NA,NA,NA,NA,NA,0.289004871259569,14370,0.28865692414753,0.998796051047436,NA,0.644114461613635,NA,NA,4
429,NOVOplasty,genome_NCBI,full_COI_Ecy,2,12.6500000000000004,17491,NA,28931.0299999999988,28919.4799999999996,/media/main/sandbox/ad/mt_BM/ref_mt_BM,/media/main/sandbox/ad/mt_BM/use_NOVOPlasty,"Script_Novoplasty,sh",no_use,NA,0.829226459321937,14370,1,0.829226459321937,NA,0.78961322966097,One animal,E. cyaneus,15
430,NOVOplasty,genome_NCBI,full_mt_genom_Ecy,2,12.8166700000000002,17491,NA,28931.1399999999994,28919.4300000000003,/media/main/sandbox/ad/mt_BM/ref_mt_BM,/media/main/sandbox/ad/mt_BM/use_NOVOPlasty,"Script_Novoplasty,sh",no_use,NA,0.829226459321937,14370,1,0.829226459321937,NA,0.78961322966097,One animal,E. cyaneus,15
431,NOVOplasty,genome_NCBI,full_mt_genom_Eve,2,12.7666699999999995,17491,NA,28931.1500000000015,28919.2099999999991,/media/main/sandbox/ad/mt_BM/ref_mt_BM,/media/main/sandbox/ad/mt_BM/use_NOVOPlasty,"Script_Novoplasty,sh",no_use,NA,0.829226459321937,14370,1,0.829226459321937,NA,0.78961322966097,One animal,E. cyaneus,15
432,NOVOplasty,genome_NCBI,part_COI_Ecy,2,12.8333300000000001,17491,NA,28931.0900000000001,28919.6599999999999,/media/main/sandbox/ad/mt_BM/ref_mt_BM,/media/main/sandbox/ad/mt_BM/use_NOVOPlasty,"Script_Novoplasty,sh",no_use,NA,0.829226459321937,14370,1,0.829226459321937,NA,0.78961322966097,One animal,E. cyaneus,15
433,NOVOplasty,genome_NCBI_50p,full_COI_Ecy,2,12.4666700000000006,17491,NA,28931.0900000000001,28918.9799999999996,NA,NA,NA,NA,NA,0.829226459321937,14370,1,0.829226459321937,NA,0.78961322966097,NA,NA,15
434,NOVOplasty,genome_NCBI_50p,full_mt_genom_Ecy,2,12.8000000000000007,17491,NA,28931.1399999999994,28922.0800000000017,NA,NA,NA,NA,NA,0.829226459321937,14370,1,0.829226459321937,NA,0.78961322966097,NA,NA,15
435,NOVOplasty,genome_NCBI_50p,full_mt_genom_Eve,2,11.5999999999999996,17491,NA,28931.0800000000017,28919.2099999999991,NA,NA,NA,NA,NA,0.829226459321937,14370,1,0.829226459321937,NA,0.78961322966097,NA,NA,15
436,NOVOplasty,genome_NCBI_50p,part_COI_Ecy,2,12.8499999999999996,17491,NA,28931.0900000000001,28918.880000000001,NA,NA,NA,NA,NA,0.829226459321937,14370,1,0.829226459321937,NA,0.78961322966097,NA,NA,15
437,NOVOplasty,transcriptome,full_COI_Ecy,1,10,2758,0,16631.2900000000009,16619.9700000000012,/media/main/sandbox/ad/mt_BM/ref_mt_BM,/media/main/sandbox/ad/mt_BM/use_NOVOPlasty,"Script_Novoplasty,sh",no_use,NA,0.191927627000696,14370,0.189839944328462,0.989122552574329,NA,0.592722530975873,One animal,E. cyaneus,2
438,NOVOplasty,transcriptome,full_mt_genom_Bpul,1,9.86666699999999963,7173,NA,15668.8500000000004,15627.25,NA,NA,NA,NA,NA,NA,16284,0,0,NA,NA,NA,NA,2
439,NOVOplasty,transcriptome,full_mt_genom_Ecy,1,10,2758,0,16631.3499999999985,16620,/media/main/sandbox/ad/mt_BM/ref_mt_BM,/media/main/sandbox/ad/mt_BM/use_NOVOPlasty,"Script_Novoplasty,sh",no_use,NA,0.191927627000696,14370,0.189839944328462,0.989122552574329,NA,0.592722530975873,One animal,E. cyaneus,2
440,NOVOplasty,transcriptome,full_mt_genom_Eve,1,8,1638,0,16582.369999999999,16571.0099999999984,/media/main/sandbox/ad/mt_BM/ref_mt_BM,/media/main/sandbox/ad/mt_BM/use_NOVOPlasty,"Script_Novoplasty,sh",no_use,NA,0.113987473903967,14370,0.100417536534447,0.880952380952381,NA,0.5238393478477,One animal,E. cyaneus,1
441,NOVOplasty,transcriptome,full_mt_genom_EveS_EveS,1,9.76666699999999999,1485,NA,16213.0200000000004,16166.8299999999999,NA,NA,NA,NA,NA,NA,15601,0,0,NA,NA,NA,NA,0
442,NOVOplasty,transcriptome,part_COI_Ecy,1,10,2758,0,16632.6100000000006,16621.0900000000001,/media/main/sandbox/ad/mt_BM/ref_mt_BM,/media/main/sandbox/ad/mt_BM/use_NOVOPlasty,"Script_Novoplasty,sh",no_use,NA,0.191927627000696,14370,0.189839944328462,0.989122552574329,NA,0.592722530975873,One animal,E. cyaneus,2
443,NOVOplasty,transcriptome_10p,full_COI_Ecy,NA,NA,NA,NA,NA,NA,/media/main/sandbox/ad/mt_BM/ref_mt_BM,/media/main/sandbox/ad/mt_BM/use_NOVOPlasty,"Script_Novoplasty,sh",no_use,NA,NA,14370,NA,NA,NA,0,One animal,E. cyaneus,NA
444,NOVOplasty,transcriptome_10p,full_mt_genom_Ecy,NA,NA,NA,NA,NA,NA,/media/main/sandbox/ad/mt_BM/ref_mt_BM,/media/main/sandbox/ad/mt_BM/use_NOVOPlasty,"Script_Novoplasty,sh",no_use,NA,NA,14370,NA,NA,NA,0,One animal,E. cyaneus,NA
445,NOVOplasty,transcriptome_10p,full_mt_genom_Eve,NA,NA,NA,NA,NA,NA,/media/main/sandbox/ad/mt_BM/ref_mt_BM,/media/main/sandbox/ad/mt_BM/use_NOVOPlasty,"Script_Novoplasty,sh",no_use,NA,NA,14370,NA,NA,NA,0,One animal,E. cyaneus,NA
446,NOVOplasty,transcriptome_10p,part_COI_Ecy,NA,NA,NA,NA,NA,NA,/media/main/sandbox/ad/mt_BM/ref_mt_BM,/media/main/sandbox/ad/mt_BM/use_NOVOPlasty,"Script_Novoplasty,sh",no_use,NA,NA,14370,NA,NA,NA,0,One animal,E. cyaneus,NA
447,NOVOplasty,transcriptome_1p,full_COI_Ecy,NA,NA,NA,NA,NA,NA,/media/main/sandbox/ad/mt_BM/ref_mt_BM,/media/main/sandbox/ad/mt_BM/use_NOVOPlasty,"Script_Novoplasty,sh",no_use,No assemb,NA,14370,NA,NA,NA,0,One animal,E. cyaneus,NA
448,NOVOplasty,transcriptome_1p,full_mt_genom_Ecy,NA,NA,NA,NA,NA,NA,/media/main/sandbox/ad/mt_BM/ref_mt_BM,/media/main/sandbox/ad/mt_BM/use_NOVOPlasty,"Script_Novoplasty,sh",no_use,No assemb,NA,14370,NA,NA,NA,0,One animal,E. cyaneus,NA
449,NOVOplasty,transcriptome_1p,full_mt_genom_Eve,NA,NA,NA,NA,NA,NA,/media/main/sandbox/ad/mt_BM/ref_mt_BM,/media/main/sandbox/ad/mt_BM/use_NOVOPlasty,"Script_Novoplasty,sh",no_use,No assemb,NA,14370,NA,NA,NA,0,One animal,E. cyaneus,NA
450,NOVOplasty,transcriptome_1p,part_COI_Ecy,NA,NA,NA,NA,NA,NA,/media/main/sandbox/ad/mt_BM/ref_mt_BM,/media/main/sandbox/ad/mt_BM/use_NOVOPlasty,"Script_Novoplasty,sh",no_use,No assemb,NA,14370,NA,NA,NA,0,One animal,E. cyaneus,NA
451,NOVOplasty,transcriptome_our,full_COI_Ecy,2,15.3499999999999996,2562,NA,16153.2999999999993,16112.1399999999994,/media/main/sandbox/ad/mt_BM/ref_mt_BM,/media/main/sandbox/ad/mt_BM/use_NOVOPlasty,"Script_Novoplasty,sh",no_use,NA,0.172859946214419,14370,0.157341684064022,0.910226385636222,NA,0.435107003978665,Pool animals,E. cyaneus,NA
452,NOVOplasty,transcriptome_our,full_mt_genom_Ecy,5,18.7166700000000006,4838,NA,16162.6399999999994,16121.7800000000007,/media/main/sandbox/ad/mt_BM/ref_mt_BM,/media/main/sandbox/ad/mt_BM/use_NOVOPlasty,"Script_Novoplasty,sh",no_use,NA,0.326423270798344,14370,0.157341684064022,0.482017362546507,NA,0.291445579352218,Pool animals,E. cyaneus,NA
453,NOVOplasty,transcriptome_our,full_mt_genom_Eve,1,7.84999999999999876,639,NA,16072.6200000000008,16031.6800000000003,/media/main/sandbox/ad/mt_BM/ref_mt_BM,/media/main/sandbox/ad/mt_BM/use_NOVOPlasty,"Script_Novoplasty,sh",no_use,NA,0.044467640918581,14370,0.0409185803757829,0.92018779342723,NA,0.501393503680398,Pool animals,E. cyaneus,NA
454,NOVOplasty,transcriptome_our,part_COI_Ecy,5,20.4499999999999993,4771,NA,16165.75,16124.7199999999993,/media/main/sandbox/ad/mt_BM/ref_mt_BM,/media/main/sandbox/ad/mt_BM/use_NOVOPlasty,"Script_Novoplasty,sh",no_use,NA,0.321902733563229,14370,0.157341684064022,0.488786417941731,NA,0.292007708892245,Pool animals,E. cyaneus,NA
