chrM	1	1	
chrM	2	2	1
chrM	3	3	0
chrM	4	4	0
chrM	5	5	0
chrM	6	6	0
chrM	7	7	0.666666666666667
chrM	8	8	0.4
chrM	9	9	0
chrM	10	10	0
chrM	11	11	0
chrM	12	12	0.285714285714286
chrM	13	13	0
chrM	14	14	0
chrM	15	15	0
chrM	16	16	0.3
chrM	17	17	0.230769230769231
chrM	18	18	0.0714285714285714
chrM	19	19	0
chrM	20	20	0.363636363636364
chrM	21	21	0.185185185185185
chrM	22	22	0
chrM	23	23	0
chrM	24	24	0.0357142857142857
chrM	25	25	0
chrM	26	26	0.0344827586206897
chrM	27	27	0
chrM	28	28	0
chrM	29	29	0
chrM	30	30	0.5
chrM	31	31	0.121212121212121
chrM	32	32	0
chrM	33	33	0
chrM	34	34	0
chrM	35	35	0
chrM	36	36	0
chrM	37	37	0
chrM	38	38	0
chrM	39	39	0
chrM	40	40	0
chrM	41	41	0
chrM	42	42	0.0149253731343284
chrM	43	43	0
chrM	44	44	0
chrM	45	45	0.0147058823529412
chrM	46	46	0.0144927536231884
chrM	47	47	0.028169014084507
chrM	48	48	0
chrM	49	49	0
chrM	50	50	0
chrM	51	51	0
chrM	52	52	0
chrM	53	53	0
chrM	54	54	0.0138888888888889
chrM	55	55	0
chrM	56	56	0
chrM	57	57	0
chrM	58	58	0.0136986301369863
chrM	59	59	0
chrM	60	60	0
chrM	61	61	0.0135135135135135
chrM	62	62	0
chrM	63	63	0.0133333333333333
chrM	64	64	0
chrM	65	65	0
chrM	66	66	0
chrM	67	67	0.0506329113924051
chrM	68	68	0
chrM	69	69	0
chrM	70	70	0
chrM	71	71	0
chrM	72	72	0
chrM	73	73	0
chrM	74	74	0
chrM	75	75	0.0246913580246914
chrM	76	76	0
chrM	77	77	0.0121951219512195
chrM	78	78	0.0120481927710843
chrM	79	79	0.0348837209302326
chrM	80	80	0.0227272727272727
chrM	81	81	0.0434782608695652
chrM	82	82	0
chrM	83	83	0.14018691588785
chrM	84	84	0.0272727272727273
chrM	85	85	0
chrM	86	86	0
chrM	87	87	0
chrM	88	88	0
chrM	89	89	0
chrM	90	90	0
chrM	91	91	0
chrM	92	92	0
chrM	93	93	0.00900900900900901
chrM	94	94	0
chrM	95	95	0
chrM	96	96	0
chrM	97	97	0
chrM	98	98	0.00892857142857143
chrM	99	99	0.176470588235294
chrM	100	100	0.0354609929078014
chrM	101	101	0.0275862068965517
chrM	102	102	0.0397350993377483
chrM	103	103	0.0258064516129032
chrM	104	104	0.0372670807453416
chrM	105	105	0.143617021276596
chrM	106	106	0.0456852791878173
chrM	107	107	0.13215859030837
chrM	108	108	0.126923076923077
chrM	109	109	0.0225563909774436
chrM	110	110	0.269230769230769
chrM	111	111	0.0808080808080808
chrM	112	112	0.0725995316159251
chrM	113	113	0.123203285420945
chrM	114	114	0.630780894617134
chrM	115	115	0.219988172678888
chrM	116	116	0.223955943093162
chrM	117	117	0.0362671384343211
chrM	118	118	0.110542879622345
chrM	119	119	0.000786163522012579
chrM	120	120	0.000392927308447937
chrM	121	121	0.000392772977219167
chrM	122	122	0.00856697819314642
chrM	123	123	0
chrM	124	124	0.00426521907716169
chrM	125	125	0.00616570327552987
chrM	126	126	0.00383877159309021
chrM	127	127	0.007996953541508
chrM	128	128	0.000380662352493338
chrM	129	129	0.0109186746987952
chrM	130	130	0.00112824370063934
chrM	131	131	0.00037593984962406
chrM	132	132	0.00746268656716418
chrM	133	133	0.000745712155108128
chrM	134	134	0
chrM	135	135	0.0026031982149498
chrM	136	136	0.00222634508348794
chrM	137	137	0.00185185185185185
chrM	138	138	0.0124359912216533
chrM	139	139	0.0158387329013679
chrM	140	140	0.00394406597346719
chrM	141	141	0.00143215180809166
chrM	142	142	0.000715563506261181
chrM	143	143	0.00533807829181495
chrM	144	144	0.0263340263340263
chrM	145	145	0.035427807486631
chrM	146	146	0.198285101822079
chrM	147	147	0.0535125538929749
chrM	148	148	0.00829979879275654
chrM	149	149	0.00624843789052737
chrM	150	150	0.01984321411073
chrM	151	151	0.00463301633747866
chrM	152	152	0.00509461426491994
chrM	153	153	0.0195052331113225
chrM	154	154	0.000713097218920846
chrM	155	155	0.0366384245477444
chrM	156	156	0.000228937728937729
chrM	157	157	0.00045766590389016
chrM	158	158	0.000914494741655235
chrM	159	159	0.000457038391224863
chrM	160	160	0.00159707962582706
chrM	161	161	0.000228102189781022
chrM	162	162	0.00182149362477231
chrM	163	163	0.000455166135639508
chrM	164	164	0.00227066303360581
chrM	165	165	0.00203942895989123
chrM	166	166	0.0042870036101083
chrM	167	167	0.0018018018018018
chrM	168	168	0.00134952766531714
chrM	169	169	0.000449640287769784
chrM	170	170	0.00179573512906846
chrM	171	171	0.00911921708185053
chrM	172	172	0.00772456411388215
chrM	173	173	0.00723366944322665
chrM	174	174	0.0312234494477485
chrM	175	175	0.0125838926174497
chrM	176	176	0.00480066791901482
chrM	177	177	0.0111478117258464
chrM	178	178	0.0208206994137861
chrM	179	179	0.00201775625504439
chrM	180	180	0.210433102559974
chrM	181	181	0.00337078651685393
chrM	182	182	0.00638060296698038
chrM	183	183	0.00286532951289398
chrM	184	184	0.000318369945877109
chrM	185	185	0.00336
chrM	186	186	0.00143815915627996
chrM	187	187	0.00143609382479655
chrM	188	188	0.0116700835830311
chrM	189	189	0.00392834695160277
chrM	190	190	0.0186584425597533
chrM	191	191	0.007502679528403
chrM	192	192	0.00624428876028023
chrM	193	193	0.00136902951019166
chrM	194	194	0
chrM	195	195	0.000456343170063888
chrM	196	196	0.00182204676586699
chrM	197	197	0.0018187329493786
chrM	198	198	0.169561933534743
chrM	199	199	0.00175923598894195
chrM	200	200	0.00537432820897388
chrM	201	201	0.00174672489082969
chrM	202	202	0.00298544595098893
chrM	203	203	0.00285289010171173
chrM	204	204	0.000743678730788299
chrM	205	205	0.000123931094311563
chrM	206	206	0.00173310225303293
chrM	207	207	0.00123793018073781
chrM	208	208	0.000743034055727554
chrM	209	209	0.00123747061007301
chrM	210	210	0.00148276288150253
chrM	211	211	0.0125671059053197
chrM	212	212	0.00990577434162841
chrM	213	213	0.0442212215679483
chrM	214	214	0.00471156056079062
chrM	215	215	0.00718767826583001
chrM	216	216	0.0120604147880974
chrM	217	217	0.0153163152053274
chrM	218	218	0.00133155792276964
chrM	219	219	0.354261057173679
chrM	220	220	0.000649303802034485
chrM	221	221	0.000648929266709929
chrM	222	222	0.00158375926859117
chrM	223	223	0.00351531673721214
chrM	224	224	0.00549411344987513
chrM	225	225	0.00483023156698395
chrM	226	226	0.0153867673800532
chrM	227	227	0.0185363174515996
chrM	228	228	0.0164764670133027
chrM	229	229	0.0344355312072002
chrM	230	230	0.00480675544007795
chrM	231	231	0.0399301222859995
chrM	232	232	0.00434917676296987
chrM	233	233	0.00186058050111635
chrM	234	234	0.0201750121536218
chrM	235	235	0
chrM	236	236	0.000121543603767852
chrM	237	237	0
chrM	238	238	6.0790273556231e-05
chrM	239	239	0
chrM	240	240	0.000364630811303555
chrM	241	241	6.07681088964511e-05
chrM	242	242	0.000121521448535667
chrM	243	243	0.000789361831319449
chrM	244	244	0.000303508558941362
chrM	245	245	0.000970285021224985
chrM	246	246	0.00115088739475438
chrM	247	247	0.000121138703815869
chrM	248	248	0.000971935366298141
chrM	249	249	0.000425325069874833
chrM	250	250	0.00212249848392965
chrM	251	251	0.00410801667371473
chrM	252	252	0.0124686791552321
chrM	253	253	0.000596231814929645
chrM	254	254	0.000595876534382076
chrM	255	255	5.95841029613299e-05
chrM	256	256	0.000238308013106941
chrM	257	257	0.000178720362206601
chrM	258	258	0
chrM	259	259	0.000535905680600214
chrM	260	260	0.000297636764093101
chrM	261	261	0.000357036596251116
chrM	262	262	0.00195985271409906
chrM	263	263	0.000771467568690285
chrM	264	264	0.00189539773736895
chrM	265	265	0.000177661968494611
chrM	266	266	5.92171492864334e-05
chrM	267	267	0.000177619893428064
chrM	268	268	0.000295945546019532
chrM	269	269	0.00135965949397021
chrM	270	270	0.00271258403113575
chrM	271	271	0.000942784750456661
chrM	272	272	0.00452648286402916
chrM	273	273	0.00099835564951844
chrM	274	274	0.00123174379729016
chrM	275	275	0.00900953266682167
chrM	276	276	0.0127395845288649
chrM	277	277	0.0164804153967716
chrM	278	278	0.0226556887881969
chrM	279	279	0.00637012630422845
chrM	280	280	0.00816993464052288
chrM	281	281	0.0054188793757451
chrM	282	282	0.00540686672073533
chrM	283	283	0.00105292324743696
chrM	284	284	0.000280835767243316
chrM	285	285	0.000737421294457995
chrM	286	286	0
chrM	287	287	0.000113752701626664
chrM	288	288	0.000398111812546209
chrM	289	289	0.000284284739595179
chrM	290	290	0.00011372036163075
chrM	291	291	0.000284236257176965
chrM	292	292	0
chrM	293	293	5.68472514353931e-05
chrM	294	294	0
chrM	295	295	0
chrM	296	296	0.000170512674775492
chrM	297	297	0.000113662195953626
chrM	298	298	0
chrM	299	299	0.000227272727272727
chrM	300	300	5.68149536958127e-05
chrM	301	301	0.000227208179494462
chrM	302	302	5.68020448736155e-05
chrM	303	303	0.000227156567664263
chrM	304	304	0.00412849225200769
chrM	305	305	0.000395748530076888
chrM	306	306	0.000678042716691152
chrM	307	307	0.000282438004857934
chrM	308	308	0.00242335437330929
chrM	309	309	0.000732105648476657
chrM	310	310	0.00280788453978772
chrM	311	311	0.00663877266387727
chrM	312	312	0.00466433449941696
chrM	313	313	0.00475321947714586
chrM	314	314	0.00979640980735552
chrM	315	315	0.00158469945355191
chrM	316	316	0.000982693672544631
chrM	317	317	0.000273343538158758
chrM	318	318	0.0132539897213957
chrM	319	319	0.00032520325203252
chrM	320	320	0.00113790300731509
chrM	321	321	0.000866222727518813
chrM	322	322	0.00129771817886882
chrM	323	323	0.00724676579526545
chrM	324	324	0.00459549000748103
chrM	325	325	0.00367431705628628
chrM	326	326	0.0118984942613457
chrM	327	327	0.00424684108425523
chrM	328	328	0.00141368658044924
chrM	329	329	0.000785216981625923
chrM	330	330	5.44158458943244e-05
chrM	331	331	0.000388780894196057
chrM	332	332	0.000746054519368723
chrM	333	333	0.000347765605981568
chrM	334	334	0.00353254574936298
chrM	335	335	0.0229240957717779
chrM	336	336	0.00596410285264165
chrM	337	337	0.000955593029792018
chrM	338	338	0.00117904665656055
chrM	339	339	0.00769359424652952
chrM	340	340	0.00217088783746173
chrM	341	341	0.00222283967768825
chrM	342	342	0.000278164116828929
chrM	343	343	0.015288508959395
chrM	344	344	0.000602475627122357
chrM	345	345	0.00136813878399825
chrM	346	346	0.00438044132946394
chrM	347	347	0.00816755148474418
chrM	348	348	0.00464954085784029
chrM	349	349	0.00312880236398401
chrM	350	350	0.0134911107300063
chrM	351	351	0.00114200879346771
chrM	352	352	0.000970098151107053
chrM	353	353	0.000230308613542146
chrM	354	354	0.000348837209302326
chrM	355	355	0.00111554720526069
chrM	356	356	0.00048408568316592
chrM	357	357	0.00092160235930204
chrM	358	358	0.00160523553744521
chrM	359	359	0.00371379054221342
chrM	360	360	0.00266154988858628
chrM	361	361	0.00112464854732896
chrM	362	362	0.0268022181146026
chrM	363	363	0.0029055390702275
chrM	364	364	0.0284611673902557
chrM	365	365	0.0572386679000925
chrM	366	366	0.0553169259345252
chrM	367	367	0.0158109584315529
chrM	368	368	0.0207969340021417
chrM	369	369	0.0179127725856698
chrM	370	370	0.00648990459285556
chrM	371	371	0.00204533833304926
chrM	372	372	0.090419863597613
chrM	373	373	0.00152763380435376
chrM	374	374	0.00114685161924526
chrM	375	375	0.00467950810751986
chrM	376	376	0.000544010445000544
chrM	377	377	0.00357917570498915
chrM	378	378	0.000271076172404446
chrM	379	379	0.000650159830958444
chrM	380	380	0.0194963875903102
chrM	381	381	0.00481277766024963
chrM	382	382	0.0897750806723498
chrM	383	383	0.00379078694817658
chrM	384	384	0.00743034055727554
chrM	385	385	0.00133187461351853
chrM	386	386	0.000475443350924737
chrM	387	387	0.000475217411965974
chrM	388	388	4.75420747361415e-05
chrM	389	389	0.000142891164562991
chrM	390	390	0.00105404369490226
chrM	391	391	0.000911139883949552
chrM	392	392	0.00458869078915922
chrM	393	393	0.000526492126549562
chrM	394	394	0.000430642614479162
chrM	395	395	0.000191360091852844
chrM	396	396	0.00019141503565105
chrM	397	397	0.000191451682381659
chrM	398	398	9.57762666411263e-05
chrM	399	399	0.000766613961956782
chrM	400	400	0.000144418235209166
chrM	401	401	0.000971015196387823
chrM	402	402	0.000102061645233721
chrM	403	403	0
chrM	404	404	5.12373827944869e-05
chrM	405	405	0.000665847162466708
chrM	406	406	0.00204488523081642
chrM	407	407	0.0022444399102224
chrM	408	408	0.00502589095339628
chrM	409	409	0.00147006640644802
chrM	410	410	0.00010137361244868
chrM	411	411	0.000152037299817555
chrM	412	412	0.000405309555172763
chrM	413	413	0.00479144600796893
chrM	414	414	0.013681592039801
chrM	415	415	0.0195609756097561
chrM	416	416	0.0155589704187476
chrM	417	417	0.018106374952848
chrM	418	418	0.00216429848499106
chrM	419	419	0.00159714393085306
chrM	420	420	0.000985499084893707
chrM	421	421	0.000187731731355892
chrM	422	422	9.45715906941555e-05
chrM	423	423	0.0116863002769043
chrM	424	424	0.000893318914852602
chrM	425	425	0
chrM	426	426	0.00509941520467836
chrM	427	427	0.00028062298302231
chrM	428	428	0.0031703109702084
chrM	429	429	0.000372838700657128
chrM	430	430	4.66026656724765e-05
chrM	431	431	0.00041926767912047
chrM	432	432	0.00125622295631136
chrM	433	433	0.000418565714817226
chrM	434	434	0.00490581755912436
chrM	435	435	0.00226265238271149
chrM	436	436	0.00170569795316246
chrM	437	437	0.115379909457971
chrM	438	438	0.0147886191930558
chrM	439	439	0.00919769062313359
chrM	440	440	0.0170639113929005
chrM	441	441	0.0112229102167183
chrM	442	442	0.0135898610474882
chrM	443	443	0.00641074273575601
chrM	444	444	0.00629524708844822
chrM	445	445	0.00440858098799449
chrM	446	446	0.00225252403362697
chrM	447	447	0.00933366817344718
chrM	448	448	0.000795711533629282
chrM	449	449	0.00117321712897008
chrM	450	450	0.00138190954773869
chrM	451	451	0.000462281992015129
chrM	452	452	0.0140833367953139
chrM	453	453	0.000623337765957447
chrM	454	454	0.000623001204468995
chrM	455	455	0.00306405531862035
chrM	456	456	0.00115807759119861
chrM	457	457	0.000248118435199735
chrM	458	458	0.000372039188127816
chrM	459	459	0.000206765362666446
chrM	460	460	8.26993053258353e-05
chrM	461	461	0.000165419130722468
chrM	462	462	0.000165391771759355
chrM	463	463	0.000124028443856458
chrM	464	464	0.000289795073483751
chrM	465	465	0.000455335706598228
chrM	466	466	0.000124177325220415
chrM	467	467	0.000744509244323117
chrM	468	468	0.000165425971877585
chrM	469	469	0.00028941166742465
chrM	470	470	0.00086748182419035
chrM	471	471	0.000577986954008752
chrM	472	472	0.000288909983903587
chrM	473	473	0
chrM	474	474	0.000247995370753079
chrM	475	475	0.0012796697626419
chrM	476	476	0.00205973223480947
chrM	477	477	0.0124898291293735
chrM	478	478	0.00979246423534153
chrM	479	479	0.000845614882821938
chrM	480	480	0.00196937422129336
chrM	481	481	0.000923546418246065
chrM	482	482	0.00100292855137
chrM	483	483	0.0266703112187122
chrM	484	484	0.00124809859978938
chrM	485	485	0.00605049839041229
chrM	486	486	0.00293958381681751
chrM	487	487	0.0136672520424525
chrM	488	488	0.00232336697771853
chrM	489	489	0.00594426775708012
chrM	490	490	0.000529781276016045
chrM	491	491	0.00579513810491458
chrM	492	492	0
chrM	493	493	3.77900385458393e-05
chrM	494	494	3.82204555878306e-05
chrM	495	495	0.000154285273470647
chrM	496	496	3.86966953022212e-05
chrM	497	497	0.00019382850054272
chrM	498	498	0.0001550447691771
chrM	499	499	3.87596899224806e-05
chrM	500	500	0.000116283576882825
chrM	501	501	0.000155635967472083
chrM	502	502	7.78331257783313e-05
chrM	503	503	0.000118788358740843
chrM	504	504	0.000158629441624365
chrM	505	505	0.000555048963247829
chrM	506	506	0.00055507096978828
chrM	507	507	0.000752892692978285
chrM	508	508	0.000237717908082409
chrM	509	509	0.00118769547488024
chrM	510	510	0.000435315999841703
chrM	511	511	0.000869874658969594
chrM	512	512	0.000632261123844148
chrM	513	513	0.0136441602993919
chrM	514	514	0.00101427791214793
chrM	515	515	0.000780944943381492
chrM	516	516	0.00156770527140898
chrM	517	517	0.000470569781577193
chrM	518	518	0.000352941176470588
chrM	519	519	0.000392064612248098
chrM	520	520	0.000313565633206601
chrM	521	521	0.00047084673938633
chrM	522	522	0.000196170747018205
chrM	523	523	0.00058837373499647
chrM	524	524	0.000196324799748704
chrM	525	525	0.000196347928529354
chrM	526	526	0.000274822346982843
chrM	527	527	0
chrM	528	528	0.00129406689933728
chrM	529	529	7.84221464141474e-05
chrM	530	530	0.00121463835122639
chrM	531	531	0.000822175240779892
chrM	532	532	0.000195733020160501
chrM	533	533	0.000273951158422041
chrM	534	534	0.000625806703954316
chrM	535	535	0.000390991554582421
chrM	536	536	0.0121282348397065
chrM	537	537	0.000115861429730043
chrM	538	538	0
chrM	539	539	0
chrM	540	540	7.72349874493145e-05
chrM	541	541	0
chrM	542	542	7.72290226667182e-05
chrM	543	543	0.000193035286850436
chrM	544	544	0.000231588698471515
chrM	545	545	0.000231535077564251
chrM	546	546	0.000154332896056795
chrM	547	547	0.00119465104628309
chrM	548	548	0.00257533825338253
chrM	549	549	0.0293283582089552
chrM	550	550	0.00312488374688442
chrM	551	551	0.0177586143895933
chrM	552	552	0.0188232763256965
chrM	553	553	0.00605866210485049
chrM	554	554	0.0151972483504142
chrM	555	555	0.0077386969707533
chrM	556	556	0.0921294827039035
chrM	557	557	0.0153221581980094
chrM	558	558	0.00223610654390003
chrM	559	559	0.000559339321554305
chrM	560	560	0.000527269731421981
chrM	561	561	0.00125084516565247
chrM	562	562	0.000475462727118356
chrM	563	563	0.00236340886973446
chrM	564	564	0.00316892409915666
chrM	565	565	0.00380664337487615
chrM	566	566	0.0034360325277746
chrM	567	567	0.0015582616725342
chrM	568	568	0.00983531564501372
chrM	569	569	0.00125692738387705
chrM	570	570	0.00331163640516159
chrM	571	571	0.0086094590767488
chrM	572	572	5.66475953095791e-05
chrM	573	573	0.0168282625654742
chrM	574	574	0.000111482720178372
chrM	575	575	0.00183649618787913
chrM	576	576	0.00641415537738457
chrM	577	577	0.00467829820023116
chrM	578	578	0.00302065026362039
chrM	579	579	0.000713462488337632
chrM	580	580	0.0009868962114151
chrM	581	581	0.000877963125548727
chrM	582	582	0.00131557309653018
chrM	583	583	0.000876520214747453
chrM	584	584	0.000442673749446658
chrM	585	585	0.0126156897311591
chrM	586	586	0.000110454520351245
chrM	587	587	0
chrM	588	588	5.54016620498615e-05
chrM	589	589	5.54170130229981e-05
chrM	590	590	0.000110821743226021
chrM	591	591	5.54078014184397e-05
chrM	592	592	0.000166195778627223
chrM	593	593	0
chrM	594	594	0.000110784911095109
chrM	595	595	0
chrM	596	596	0.000332244310316186
chrM	597	597	0.00022144715717212
chrM	598	598	0.000885004701587477
chrM	599	599	0.000165910850569627
chrM	600	600	0.00539053905390539
chrM	601	601	0.00021997360316762
chrM	602	602	0.000329924117452986
chrM	603	603	0.000934117259190065
chrM	604	604	0.000164889524018907
chrM	605	605	0.000604229607250755
chrM	606	606	0.000603864734299517
chrM	607	607	0.000109781534745856
chrM	608	608	0.000713071142559377
chrM	609	609	0.00186158563293912
chrM	610	610	0.0020222999562746
chrM	611	611	0.00267131875919969
chrM	612	612	0.00423475758727401
chrM	613	613	0.000596885343751696
chrM	614	614	0.00967325881341359
chrM	615	615	0.0105285547165798
chrM	616	616	0.041254462009179
chrM	617	617	0.0532670111556479
chrM	618	618	0.133265771472004
chrM	619	619	0.0116915111278133
chrM	620	620	0.0153542172642325
chrM	621	621	0.00983834095362508
chrM	622	622	0.000451615551997372
chrM	623	623	0.000138440239963083
chrM	624	624	0
chrM	625	625	0
chrM	626	626	0.000144724781706788
chrM	627	627	0
chrM	628	628	0.000193479732997968
chrM	629	629	0.000145123839009288
chrM	630	630	0
chrM	631	631	0
chrM	632	632	0.000194391796666181
chrM	633	633	0.000145772594752187
chrM	634	634	0.000485672656629432
chrM	635	635	0.00338884585592564
chrM	636	636	0.0118643256948763
chrM	637	637	0.000239257345200498
chrM	638	638	0.00148141068527191
chrM	639	639	0.000430169199885288
chrM	640	640	0.000674341313038871
chrM	641	641	0.00279060816012317
chrM	642	642	0.00129770258579256
chrM	643	643	0.000240280647796626
chrM	644	644	0.001391755051111
chrM	645	645	0.000143953934740883
chrM	646	646	0
chrM	647	647	0
chrM	648	648	0.000335779728498105
chrM	649	649	0.000143884892086331
chrM	650	650	0.000239796652438732
chrM	651	651	0
chrM	652	652	0.000143864192202561
chrM	653	653	0.00023971617604756
chrM	654	654	0.00014380902161929
chrM	655	655	0.000383343715558963
chrM	656	656	0.000526819923371647
chrM	657	657	0.00717987732395036
chrM	658	658	0.0043558543629563
chrM	659	659	0.0007097232079489
chrM	660	660	0.000756465415346792
chrM	661	661	0.0031579939668175
chrM	662	662	0.000141389386370063
chrM	663	663	0.00384976525821596
chrM	664	664	0.000187758167480285
chrM	665	665	0.000234642639260406
chrM	666	666	9.38482473839801e-05
chrM	667	667	0.000187661271405114
chrM	668	668	0.0105375545446105
chrM	669	669	0.000463994060876021
chrM	670	670	0.000417420342284681
chrM	671	671	0.00175934071021807
chrM	672	672	0.00129467794886022
chrM	673	673	0.000277354042435168
chrM	674	674	0.000277277138499931
chrM	675	675	0.00345399281569494
chrM	676	676	4.60511167395809e-05
chrM	677	677	0
chrM	678	678	0.000506329113924051
chrM	679	679	4.60278007916782e-05
chrM	680	680	0.000230086052183517
chrM	681	681	0.00220395794113596
chrM	682	682	0.00425220611769009
chrM	683	683	0.00359908883826879
chrM	684	684	0.000637406665452559
chrM	685	685	0.000227593427101825
chrM	686	686	0.00772462393278222
chrM	687	687	4.51752800867365e-05
chrM	688	688	0.000180741945687045
chrM	689	689	0.00351335525426783
chrM	690	690	0.00224840363342027
chrM	691	691	0.00492236094330335
chrM	692	692	0.00851932377867507
chrM	693	693	0.00106382978723404
chrM	694	694	0.00752276626633232
chrM	695	695	0.00420591456736035
chrM	696	696	0.022902397260274
chrM	697	697	0.0944017988679538
chrM	698	698	0.0318354169013027
chrM	699	699	0.0196576477084484
chrM	700	700	0.00941090643808134
chrM	701	701	0.00656629784146563
chrM	702	702	0.121836149187121
chrM	703	703	0.0219656786271451
chrM	704	704	0.0258833572147191
chrM	705	705	0.0124471299093656
chrM	706	706	0.0026954994245563
chrM	707	707	0.0564430550377147
chrM	708	708	0.000659763059005766
chrM	709	709	0.000458912949949806
chrM	710	710	0.000231850456455586
chrM	711	711	0.00210838901262064
chrM	712	712	0.000239270225811276
chrM	713	713	0.000278310346960233
chrM	714	714	0.000372231528010422
chrM	715	715	0.00136735137822804
chrM	716	716	0.000706781893532946
chrM	717	717	0.00054870570008392
chrM	718	718	0.000193735873425896
chrM	719	719	0.00128998968008256
chrM	720	720	0.000676960768511653
chrM	721	721	0.00115915896577261
chrM	722	722	9.65903602820439e-05
chrM	723	723	0.0107033639143731
chrM	724	724	0.00111386926357329
chrM	725	725	0.00133490131265296
chrM	726	726	0.000285977566648661
chrM	727	727	0.00493358633776091
chrM	728	728	0.00189423835832676
chrM	729	729	0.000157833264938919
chrM	730	730	0.000252541195782562
chrM	731	731	0.00870327468536723
chrM	732	732	0.00281135788585887
chrM	733	733	0.00162388358003872
chrM	734	734	0.00040779196336146
chrM	735	735	0.0130236596483612
chrM	736	736	0.000898918198443942
chrM	737	737	0.00024791595649075
chrM	738	738	0.000402838461776827
chrM	739	739	0.000311245292414952
chrM	740	740	0.000125054711436253
chrM	741	741	0.000125223053564161
chrM	742	742	0
chrM	743	743	9.39525852619711e-05
chrM	744	744	0.000156769298300621
chrM	745	745	0.00184675097032678
chrM	746	746	0.000750750750750751
chrM	747	747	0.00025025025025025
chrM	748	748	0.000594084172346945
chrM	749	749	0.000312607458813967
chrM	750	750	0.00059363869274511
chrM	751	751	0.000218661168900134
chrM	752	752	0.000156167036261986
chrM	753	753	0.000593119810201661
chrM	754	754	0.000187277607840689
chrM	755	755	6.24258692802297e-05
chrM	756	756	0
chrM	757	757	6.24239208464684e-05
chrM	758	758	0.00183812075518724
chrM	759	759	0.00864838151717321
chrM	760	760	0.0475405977877148
chrM	761	761	0.079206847979196
chrM	762	762	0.0662450992791198
chrM	763	763	0.00523362604735425
chrM	764	764	0.00400982406896897
chrM	765	765	0.00498753117206983
chrM	766	766	0.00602529134639226
chrM	767	767	0.017937987910824
chrM	768	768	0.0140789212770176
chrM	769	769	0.000422643761032245
chrM	770	770	0.000250037505625844
chrM	771	771	0.000531511009870919
chrM	772	772	0.000335155202639992
chrM	773	773	0.000564066025412659
chrM	774	774	0.000151841841537854
chrM	775	775	0.000214336017636792
chrM	776	776	0.000245647434519606
chrM	777	777	0.000860770389498601
chrM	778	778	0.00113622405109937
chrM	779	779	0.00162636553332515
chrM	780	780	0.00613384601300009
chrM	781	781	0.000702204310923857
chrM	782	782	0.000427376518712986
chrM	783	783	0.000183161365162708
chrM	784	784	0.000274742047744063
chrM	785	785	0.00237913680036602
chrM	786	786	0.000122044241037376
chrM	787	787	9.15499404925387e-05
chrM	788	788	0.000701433363830436
chrM	789	789	0.000274406976035124
chrM	790	790	0.00693393084236662
chrM	791	791	0.00208497008521182
chrM	792	792	0.000211493141579552
chrM	793	793	0.00087597414365976
chrM	794	794	0.00102622921131267
chrM	795	795	0.000934917666928042
chrM	796	796	0.00066423115244105
chrM	797	797	0.000393676942644298
chrM	798	798	0.00045522138933568
chrM	799	799	0.000584327715586173
chrM	800	800	9.32487877657591e-05
chrM	801	801	0.000466679111442972
chrM	802	802	3.11487665088463e-05
chrM	803	803	0.00756284288503859
chrM	804	804	6.20328153593251e-05
chrM	805	805	0.000217081188364448
chrM	806	806	0.000155053183241852
chrM	807	807	0.000186075360521011
chrM	808	808	0.000155038759689922
chrM	809	809	0.00018603497457522
chrM	810	810	3.10077519379845e-05
chrM	811	811	0.000836586726157278
chrM	812	812	0.000154913867889453
chrM	813	813	0.000247808444072732
chrM	814	814	0.000154856293359762
chrM	815	815	0.000897360522325711
chrM	816	816	0.000587580405739733
chrM	817	817	0.0019445044600142
chrM	818	818	0.00304634131331159
chrM	819	819	0.0229691539895376
chrM	820	820	0.00141175057070768
chrM	821	821	0.00442676397571262
chrM	822	822	0.00289327685975064
chrM	823	823	0.00119171756293758
chrM	824	824	0.000149249276141011
chrM	825	825	2.98569850416505e-05
chrM	826	826	8.95977062987187e-05
chrM	827	827	8.9833807456206e-05
chrM	828	828	5.98999670550181e-05
chrM	829	829	8.98499505825272e-05
chrM	830	830	0
chrM	831	831	0.000149727495957358
chrM	832	832	0
chrM	833	833	0
chrM	834	834	5.9890998382943e-05
chrM	835	835	0
chrM	836	836	5.98874116660678e-05
chrM	837	837	2.99428092343624e-05
chrM	838	838	0
chrM	839	839	0
chrM	840	840	5.9889204970804e-05
chrM	841	841	5.98856184687247e-05
chrM	842	842	5.98820323961795e-05
chrM	843	843	0.000508753553793207
chrM	844	844	0.00155376938476708
chrM	845	845	0.00573380867498515
chrM	846	846	0.0133083191651521
chrM	847	847	0.00579955119051088
chrM	848	848	0.00151493080844865
chrM	849	849	0.000407759072639366
chrM	850	850	0.000116502592182676
chrM	851	851	0.00038094121783977
chrM	852	852	0.000441020816182524
chrM	853	853	0.00155717475614056
chrM	854	854	0.00199436884091976
chrM	855	855	0.00207863688263021
chrM	856	856	5.85668687223638e-05
chrM	857	857	0
chrM	858	858	0.000117140598002753
chrM	859	859	5.85668687223638e-05
chrM	860	860	5.85720142915715e-05
chrM	861	861	8.78580214373572e-05
chrM	862	862	0.000263504611330698
chrM	863	863	0.00131578947368421
chrM	864	864	0.00157645822385707
chrM	865	865	0.00296891372685994
chrM	866	866	0.000930963256043988
chrM	867	867	0.000670006991377301
chrM	868	868	0.000326748848952918
chrM	869	869	0.000331026181161601
chrM	870	870	0.00156778358438365
chrM	871	871	0.000339726365854412
chrM	872	872	0.00123517786561265
chrM	873	873	0.00058669136946117
chrM	874	874	0.000957321968995121
chrM	875	875	0.00195173332507203
chrM	876	876	0.00112732095490716
chrM	877	877	0.0010356462766846
chrM	878	878	0.00254751449736869
chrM	879	879	0.00154041926193825
chrM	880	880	0.00107433022225206
chrM	881	881	0.000561502017897877
chrM	882	882	0.000431173870863426
chrM	883	883	0.00123284947305627
chrM	884	884	0.00363956325240971
chrM	885	885	0.00593389088012744
chrM	886	886	0.012521656953851
chrM	887	887	0.00244585585230187
chrM	888	888	0.0727178576712531
chrM	889	889	0.000592900022233751
chrM	890	890	0.000111503438022672
chrM	891	891	0
chrM	892	892	0.000112498593767578
chrM	893	893	0.000112604158846933
chrM	894	894	7.50778933143136e-05
chrM	895	895	0.000450332119938455
chrM	896	896	0.0012743628185907
chrM	897	897	0.00898893098581086
chrM	898	898	0.0121691176470588
chrM	899	899	0.0045392978731193
chrM	900	900	0.00222904333844917
chrM	901	901	0.0010594381324663
chrM	902	902	0.000627005495518755
chrM	903	903	0.00118177117955536
chrM	904	904	0.00631308496971921
chrM	905	905	0.00743250628483987
chrM	906	906	0.0100324792493685
chrM	907	907	0.00965492580010728
chrM	908	908	0.00182058330061043
chrM	909	909	0.000785041393091636
chrM	910	910	0.0123430667230921
chrM	911	911	0.00376853449793963
chrM	912	912	0.0199405584738734
chrM	913	913	0.0050237423439543
chrM	914	914	0.0162700833841773
chrM	915	915	0.000643762282306702
chrM	916	916	0.000406435224386113
chrM	917	917	6.77392040643522e-05
chrM	918	918	0.000135469231550784
chrM	919	919	0
chrM	920	920	3.3889114816321e-05
chrM	921	921	0
chrM	922	922	0.000203348471497323
chrM	923	923	0.000271057803076506
chrM	924	924	0.000643348119053262
chrM	925	925	0.00071061180292366
chrM	926	926	0.000236822518438325
chrM	927	927	0.00165501401695545
chrM	928	928	0.000472637655717228
chrM	929	929	0.000775873701254891
chrM	930	930	0.0110773747956358
chrM	931	931	0.00504614567425802
chrM	932	932	0.00891858092542618
chrM	933	933	0.00855063477040567
chrM	934	934	0.0029940119760479
chrM	935	935	0.05722882318627
chrM	936	936	0.000276251573099236
chrM	937	937	0.00012278978388998
chrM	938	938	0.000246586320623863
chrM	939	939	0.0029580329081161
chrM	940	940	0.000246479958098407
chrM	941	941	0.000708389799186892
chrM	942	942	0.000586256903946435
chrM	943	943	6.17207752129367e-05
chrM	944	944	6.17283950617284e-05
chrM	945	945	6.1751265900951e-05
chrM	946	946	0.000586655139407787
chrM	947	947	0.00641379733627938
chrM	948	948	0.0101461162246727
chrM	949	949	0.00846411036477002
chrM	950	950	0.0164449317016801
chrM	951	951	0.000917757120018947
chrM	952	952	0.000236798484489699
chrM	953	953	0.000562263257575758
chrM	954	954	0.000209656163891218
chrM	955	955	0.0023685019993848
chrM	956	956	0.00170008019246191
chrM	957	957	0.00157335780778812
chrM	958	958	0.000196882690730107
chrM	959	959	0.00144177206894292
chrM	960	960	0.000818571756000131
chrM	961	961	0.00196072023790072
chrM	962	962	0.00120792661029676
chrM	963	963	0.000522073938721571
chrM	964	964	0.00332128553287096
chrM	965	965	0.000686117554807724
chrM	966	966	0.000686207234584845
chrM	967	967	0.000653402594008298
chrM	968	968	0.000530838392886765
chrM	969	969	0.0134138609896893
chrM	970	970	0.00193226889047086
chrM	971	971	0.000203652162107121
chrM	972	972	0.00203286464509571
chrM	973	973	0.000372603482148906
chrM	974	974	0.000473997833152763
chrM	975	975	6.77277345072807e-05
chrM	976	976	3.38650140539808e-05
chrM	977	977	0.000304795448387971
chrM	978	978	0.000541565123206066
chrM	979	979	0.00417972831765935
chrM	980	980	0.00265590855605984
chrM	981	981	0.00368447496231787
chrM	982	982	0.00113769449556634
chrM	983	983	0.00838072433403173
chrM	984	984	0.0165500098122588
chrM	985	985	0.0331762547835162
chrM	986	986	0.0861042040131845
chrM	987	987	0.0535567603088549
chrM	988	988	0.00158704098943797
chrM	989	989	0.00150445866841731
chrM	990	990	0.00339544513457557
chrM	991	991	0.00426882354593198
chrM	992	992	0.0184405845894866
chrM	993	993	0.00170007511959831
chrM	994	994	0.00300347771103383
chrM	995	995	0.00464256206475981
chrM	996	996	0.00811738994692476
chrM	997	997	0.00249172668872883
chrM	998	998	0.00907861695962913
chrM	999	999	0.00258358076581961
chrM	1000	1000	0.00200269593683805
chrM	1001	1001	0.00115477885984834
chrM	1002	1002	0.00297056440723738
chrM	1003	1003	0.00625527669045974
chrM	1004	1004	0.000767636447378522
chrM	1005	1005	0.000191975427145325
chrM	1006	1006	0.000422995577773505
chrM	1007	1007	0.000194031588342582
chrM	1008	1008	0.000233100233100233
chrM	1009	1009	3.88606070026814e-05
chrM	1010	1010	7.78300968984706e-05
chrM	1011	1011	0.00690297060420383
chrM	1012	1012	0.00023296447291788
chrM	1013	1013	0.000232982565138042
chrM	1014	1014	0.000232955427861469
chrM	1015	1015	0.00205394512478685
chrM	1016	1016	0.00143188854489164
chrM	1017	1017	0.00343311217404721
chrM	1018	1018	0.0016174998074405
chrM	1019	1019	0.00111581377452866
chrM	1020	1020	0.00103782287822878
chrM	1021	1021	0.00363831335452491
chrM	1022	1022	0.000803704695931723
chrM	1023	1023	0.0402292516257026
chrM	1024	1024	0.00051415769951155
chrM	1025	1025	0
chrM	1026	1026	0.00279155188246097
chrM	1027	1027	7.35023888276369e-05
chrM	1028	1028	7.37490320439544e-05
chrM	1029	1029	0.000147715942243067
chrM	1030	1030	7.38688827331487e-05
chrM	1031	1031	7.38770685579196e-05
chrM	1032	1032	3.69398987846773e-05
chrM	1033	1033	0.000258512445527735
chrM	1034	1034	0.00066432921203174
chrM	1035	1035	0.00400676371121894
chrM	1036	1036	0.00304174148862096
chrM	1037	1037	0.00630007283321195
chrM	1038	1038	0.00315835329993465
chrM	1039	1039	0.000725531451788435
chrM	1040	1040	0.00286740953141447
chrM	1041	1041	0.00173976078289235
chrM	1042	1042	0.00958707360861759
chrM	1043	1043	0.0137530129023111
chrM	1044	1044	0.0344780360872394
chrM	1045	1045	0.00337837837837838
chrM	1046	1046	0.0112052381113099
chrM	1047	1047	0.00205740497149988
chrM	1048	1048	0.00141480832715758
chrM	1049	1049	0.0003036334806518
chrM	1050	1050	0.00552467462039046
chrM	1051	1051	0.0001358926448106
chrM	1052	1052	0
chrM	1053	1053	6.84064712521805e-05
chrM	1054	1054	0.000239931448157669
chrM	1055	1055	0.00113025310819605
chrM	1056	1056	0.00283469945355191
chrM	1057	1057	0.00105769558838582
chrM	1058	1058	0.000238793750426417
chrM	1059	1059	0
chrM	1060	1060	3.41145566813359e-05
chrM	1061	1061	0.000579631081864366
chrM	1062	1062	0.00204164965291956
chrM	1063	1063	0.0053812569804041
chrM	1064	1064	0.0172322022621424
chrM	1065	1065	0.0202797430797822
chrM	1066	1066	0.00737959606421543
chrM	1067	1067	0.0137270550678372
chrM	1068	1068	0.00289707427334373
chrM	1069	1069	0.0071774117051886
chrM	1070	1070	0.00113794411430016
chrM	1071	1071	0.00179975371791229
chrM	1072	1072	0.000792845363440315
chrM	1073	1073	0.0121951219512195
chrM	1074	1074	0.00113960113960114
chrM	1075	1075	0.000379794910748196
chrM	1076	1076	0.000316575914904394
chrM	1077	1077	0.00211810824481538
chrM	1078	1078	0.000189699326567391
chrM	1079	1079	0.000221385875581138
chrM	1080	1080	0.00151606076876915
chrM	1081	1081	0.000315786149619478
chrM	1082	1082	0.0164010809803373
chrM	1083	1083	0.000620944456518364
chrM	1084	1084	0.000714041786967185
chrM	1085	1085	0.00308526551982049
chrM	1086	1086	0.00282986597008427
chrM	1087	1087	0.000186654223051797
chrM	1088	1088	3.16235532224401e-05
chrM	1089	1089	0
chrM	1090	1090	0
chrM	1091	1091	0
chrM	1092	1092	3.4611657206147e-05
chrM	1093	1093	0
chrM	1094	1094	0.000104307916970898
chrM	1095	1095	0.000382462362226626
chrM	1096	1096	0.000382342718109141
chrM	1097	1097	0.000764101139205335
chrM	1098	1098	0.00079819538434843
chrM	1099	1099	0.000208181534297908
chrM	1100	1100	0.000208138203767301
chrM	1101	1101	0.000589418209555509
chrM	1102	1102	0.00479690789246644
chrM	1103	1103	0.00610571810791342
chrM	1104	1104	0.00759174780418057
chrM	1105	1105	0.00346044239381191
chrM	1106	1106	0.00553418370790308
chrM	1107	1107	0.0131223980016653
chrM	1108	1108	0.00365145228215768
chrM	1109	1109	0.000978605655665789
chrM	1110	1110	0.000305374592833876
chrM	1111	1111	0.000306549950611397
chrM	1112	1112	3.4467307758591e-05
chrM	1113	1113	0.00121170157521205
chrM	1114	1114	0
chrM	1115	1115	0.00897585803700392
chrM	1116	1116	0.000309522990679919
chrM	1117	1117	0.00017194539014409
chrM	1118	1118	0.00113355317394889
chrM	1119	1119	0.000549299642955232
chrM	1120	1120	0.000343229792345976
chrM	1121	1121	0.000583410549435464
chrM	1122	1122	0.000104344196723592
chrM	1123	1123	0
chrM	1124	1124	0.000278677674434807
chrM	1125	1125	0.000487617986137717
chrM	1126	1126	0.000835305582625644
chrM	1127	1127	0.000626500991959904
chrM	1128	1128	3.48298561526941e-05
chrM	1129	1129	0.000104515050167224
chrM	1130	1130	0
chrM	1131	1131	0
chrM	1132	1132	3.48760157639591e-05
chrM	1133	1133	0.00010467185373853
chrM	1134	1134	0.000174453089564216
chrM	1135	1135	0.000209299891861723
chrM	1136	1136	0.00027898866608544
chrM	1137	1137	0.000348614258323165
chrM	1138	1138	0.000766363604695719
chrM	1139	1139	0.00111346950137444
chrM	1140	1140	0.00187552097804946
chrM	1141	1141	0.00294351906361464
chrM	1142	1142	0.0162499148327315
chrM	1143	1143	0.0163527913678708
chrM	1144	1144	0.00543242792867855
chrM	1145	1145	0.00921278562937525
chrM	1146	1146	0.000659978880675818
chrM	1147	1147	0.0756207674943567
chrM	1148	1148	0.00100563766570166
chrM	1149	1149	0.102216142270862
chrM	1150	1150	0.00335405759162304
chrM	1151	1151	0.0057747051647011
chrM	1152	1152	0.00464212458166901
chrM	1153	1153	0.00177892779170373
chrM	1154	1154	0.00133362364596375
chrM	1155	1155	0.000412938747419133
chrM	1156	1156	0.000643969089483705
chrM	1157	1157	0.000624869818787753
chrM	1158	1158	0.00737338707157809
chrM	1159	1159	0.00132687587076229
chrM	1160	1160	0.0885148145847568
chrM	1161	1161	0.000715552375322776
chrM	1162	1162	0.000342114266164899
chrM	1163	1163	0.00024876395410305
chrM	1164	1164	0.000373447857342919
chrM	1165	1165	0.000249128051818635
chrM	1166	1166	0.000816886681479545
chrM	1167	1167	0.000694904037061549
chrM	1168	1168	0.000134875408841083
chrM	1169	1169	0.000798749782948428
chrM	1170	1170	0.00159877658834978
chrM	1171	1171	0.00662914753305942
chrM	1172	1172	0.0146628563652446
chrM	1173	1173	0.000781940572516489
chrM	1174	1174	0.000102002652068954
chrM	1175	1175	0.0119464261677211
chrM	1176	1176	0.000370108677366172
chrM	1177	1177	0.000437312880546305
chrM	1178	1178	0.000134939108727187
chrM	1179	1179	0.00448763370111685
chrM	1180	1180	0.000202922077922078
chrM	1181	1181	0.00010148163182464
chrM	1182	1182	0
chrM	1183	1183	0.00256982484614864
chrM	1184	1184	6.76384050864081e-05
chrM	1185	1185	0.000101491931391454
chrM	1186	1186	0.000236918703039328
chrM	1187	1187	0.000271554650373388
chrM	1188	1188	0.000169825419468786
chrM	1189	1189	0
chrM	1190	1190	0.00054336752020648
chrM	1191	1191	0.000203769740193581
chrM	1192	1192	0.000101884870096791
chrM	1193	1193	3.3963930306015e-05
chrM	1194	1194	0.000101905635381637
chrM	1195	1195	0
chrM	1196	1196	0
chrM	1197	1197	3.3983551960851e-05
chrM	1198	1198	0.000101940263005879
chrM	1199	1199	6.7955557065679e-05
chrM	1200	1200	0.00125559929414959
chrM	1201	1201	0.00182926829268293
chrM	1202	1202	0.00135336310732169
chrM	1203	1203	0.000236782464567195
chrM	1204	1204	0.00125004223115646
chrM	1205	1205	0.000607984867932176
chrM	1206	1206	0.00175373511854575
chrM	1207	1207	0.000303551553172114
chrM	1208	1208	0.000506072874493927
chrM	1209	1209	0.00145088909133853
chrM	1210	1210	0.000573355817875211
chrM	1211	1211	0.00111305990286023
chrM	1212	1212	0.0242062969305757
chrM	1213	1213	0.00230096640589047
chrM	1214	1214	0.000526021632639642
chrM	1215	1215	0.00102313607709825
chrM	1216	1216	0.00788909060901139
chrM	1217	1217	0.00250999042240497
chrM	1218	1218	0.00239123214878778
chrM	1219	1219	0.00110330992978937
chrM	1220	1220	0.00317503208809025
chrM	1221	1221	0.00259862981337113
chrM	1222	1222	0.00223599959345462
chrM	1223	1223	0.00615951007115296
chrM	1224	1224	0.000354408846044797
chrM	1225	1225	0.000106352807714124
chrM	1226	1226	7.10202052483932e-05
chrM	1227	1227	7.10202052483932e-05
chrM	1228	1228	3.55239786856128e-05
chrM	1229	1229	0.000142136308720063
chrM	1230	1230	0.000461959418641839
chrM	1231	1231	0.000639295354453758
chrM	1232	1232	0.00067435669920142
chrM	1233	1233	0.00141768562821194
chrM	1234	1234	0.00106217249681348
chrM	1235	1235	0.00106104548348306
chrM	1236	1236	0.00482207595649572
chrM	1237	1237	0.00910422771033905
chrM	1238	1238	0.00233181359412522
chrM	1239	1239	0.00831808925551375
chrM	1240	1240	0.00378240836256103
chrM	1241	1241	0.00588094505419359
chrM	1242	1242	0.00160447888574062
chrM	1243	1243	0.00661330801058129
chrM	1244	1244	0.00947421468167311
chrM	1245	1245	0.00221268606678289
chrM	1246	1246	0.0128408790045009
chrM	1247	1247	0.00875898041531345
chrM	1248	1248	0.249618433361233
chrM	1249	1249	0.00541096393506843
chrM	1250	1250	0.00741298852809644
chrM	1251	1251	0.00264236018520763
chrM	1252	1252	0.00212894641345107
chrM	1253	1253	0.00304024708039764
chrM	1254	1254	0.00074781685723935
chrM	1255	1255	0.000314602390978171
chrM	1256	1256	0
chrM	1257	1257	0.0017598310562186
chrM	1258	1258	0
chrM	1259	1259	0.000164009709374795
chrM	1260	1260	0.000229741704683449
chrM	1261	1261	0.000459347726228755
chrM	1262	1262	0.00101612691752983
chrM	1263	1263	0.000589699908268903
chrM	1264	1264	0
chrM	1265	1265	6.55179191508878e-05
chrM	1266	1266	3.276754702143e-05
chrM	1267	1267	9.83187493855078e-05
chrM	1268	1268	0.000360407588217948
chrM	1269	1269	0.0011782418014008
chrM	1270	1270	0.00650364203954214
chrM	1271	1271	0.00488641511876254
chrM	1272	1272	0.00345061111290271
chrM	1273	1273	0.00193118542598732
chrM	1274	1274	0.000836227968609289
chrM	1275	1275	0.00769279877425945
chrM	1276	1276	0.000319519442758092
chrM	1277	1277	0.00182260024301337
chrM	1278	1278	0.00341995077827852
chrM	1279	1279	0.00803761476633733
chrM	1280	1280	0.0238582774882105
chrM	1281	1281	0.00717784418224947
chrM	1282	1282	0.000831101671437806
chrM	1283	1283	0.000799704724409449
chrM	1284	1284	0.000983495712573378
chrM	1285	1285	0.0107075500395449
chrM	1286	1286	0.000273772586238365
chrM	1287	1287	0.000182915675873422
chrM	1288	1288	0.0074475492718961
chrM	1289	1289	0.000302718411333777
chrM	1290	1290	0.000786448880822746
chrM	1291	1291	0.00144993203443589
chrM	1292	1292	0.000845078924335255
chrM	1293	1293	0.00297914597815293
chrM	1294	1294	0.000210602322642758
chrM	1295	1295	6.01684717208183e-05
chrM	1296	1296	0
chrM	1297	1297	0.000270701115890156
chrM	1298	1298	3.00824258468203e-05
chrM	1299	1299	0.000360902255639098
chrM	1300	1300	0.00422307415838026
chrM	1301	1301	0.00316474592464322
chrM	1302	1302	0.00451802752429926
chrM	1303	1303	0.00435039952648713
chrM	1304	1304	0.00171602710139353
chrM	1305	1305	0.000532339632685653
chrM	1306	1306	0.00174205739931499
chrM	1307	1307	0.0010049657129345
chrM	1308	1308	0.00863313592032765
chrM	1309	1309	0.00193412086767638
chrM	1310	1310	0.00400418347527267
chrM	1311	1311	0.0019405881474847
chrM	1312	1312	0.000358155499179227
chrM	1313	1313	0.00023872045834328
chrM	1314	1314	0.0123194812849985
chrM	1315	1315	0.00155969512374562
chrM	1316	1316	0.00246703280566243
chrM	1317	1317	0.0313239276043893
chrM	1318	1318	0.0028468129928545
chrM	1319	1319	0.0009954776870787
chrM	1320	1320	0.000568553316087216
chrM	1321	1321	0.000113704198527531
chrM	1322	1322	0.000170915823956701
chrM	1323	1323	0
chrM	1324	1324	0.000114161767224157
chrM	1325	1325	0.000342553738117667
chrM	1326	1326	0.00162467221525482
chrM	1327	1327	0.00847864793827544
chrM	1328	1328	0.00127039692846254
chrM	1329	1329	0.000112914608327452
chrM	1330	1330	0.000141123341800734
chrM	1331	1331	2.82286520818631e-05
chrM	1332	1332	0.000282382176037049
chrM	1333	1333	0.000113000734504774
chrM	1334	1334	0.000791072185336912
chrM	1335	1335	0.000536768652710682
chrM	1336	1336	0.000508273564127181
chrM	1337	1337	2.82366228999012e-05
chrM	1338	1338	0.0026191280838121
chrM	1339	1339	0
chrM	1340	1340	5.63427895315097e-05
chrM	1341	1341	0
chrM	1342	1342	0.000197461212976023
chrM	1343	1343	8.46333963381951e-05
chrM	1344	1344	0.000169242920004513
chrM	1345	1345	0.000141015878387906
chrM	1346	1346	0.000112799977440005
chrM	1347	1347	0.0003664655804251
chrM	1348	1348	2.81888653981677e-05
chrM	1349	1349	0.0001972831294741
chrM	1350	1350	0.000450742316252078
chrM	1351	1351	8.45094228006423e-05
chrM	1352	1352	0.000253471146534486
chrM	1353	1353	0.000168952214681947
chrM	1354	1354	0.00219156528335815
chrM	1355	1355	0.00235505214758327
chrM	1356	1356	0.00162351294611617
chrM	1357	1357	0.00039175084646165
chrM	1358	1358	0.000811915560781679
chrM	1359	1359	0.000280064975074217
chrM	1360	1360	0.00019639750855732
chrM	1361	1361	0.000367498438131638
chrM	1362	1362	3.72093023255814e-05
chrM	1363	1363	3.75319021167993e-05
chrM	1364	1364	0
chrM	1365	1365	3.9488232506713e-05
chrM	1366	1366	7.90451347719548e-05
chrM	1367	1367	3.95241294810482e-05
chrM	1368	1368	0.000316093089414833
chrM	1369	1369	0.000710703991787421
chrM	1370	1370	0.000946745562130178
chrM	1371	1371	3.94508442480669e-05
chrM	1372	1372	0
chrM	1373	1373	0.0001183385270798
chrM	1374	1374	7.88861278744133e-05
chrM	1375	1375	0.000433719738190994
chrM	1376	1376	0.000433634249221429
chrM	1377	1377	0.00110275294395652
chrM	1378	1378	0.00133742427818425
chrM	1379	1379	0.00325426386982945
chrM	1380	1380	0.0010966200603141
chrM	1381	1381	0.00304556635820546
chrM	1382	1382	0.00253164556962025
chrM	1383	1383	0.0175290875688916
chrM	1384	1384	0.00134264232008593
chrM	1385	1385	0.000693427844980353
chrM	1386	1386	0.000655055487053021
chrM	1387	1387	0.000269947167482935
chrM	1388	1388	0.000925033725187897
chrM	1389	1389	0.0023464245874524
chrM	1390	1390	0.00543270334379065
chrM	1391	1391	0.0210135970333745
chrM	1392	1392	0.0240541034545787
chrM	1393	1393	0.00722218189736517
chrM	1394	1394	0.0591434630909215
chrM	1395	1395	0.00317124735729387
chrM	1396	1396	0.00583288117200217
chrM	1397	1397	0.0123705119179322
chrM	1398	1398	0.0244644274001587
chrM	1399	1399	0.00828030361113241
chrM	1400	1400	0.142196786264583
chrM	1401	1401	0.00597524541186513
chrM	1402	1402	0.00526315789473684
chrM	1403	1403	0.00127669452181987
chrM	1404	1404	0.004225133731297
chrM	1405	1405	0.00355638022343345
chrM	1406	1406	0.00208462013588635
chrM	1407	1407	0.0116603586038154
chrM	1408	1408	0.000612909404328673
chrM	1409	1409	0.0120541298661916
chrM	1410	1410	0.000416840350145894
chrM	1411	1411	0.000151561079114883
chrM	1412	1412	0.00060617541200985
chrM	1413	1413	0.000340934919312069
chrM	1414	1414	0
chrM	1415	1415	0.000266362252663623
chrM	1416	1416	0
chrM	1417	1417	0.000763213127265789
chrM	1418	1418	0.000381941792070888
chrM	1419	1419	3.82350692054753e-05
chrM	1420	1420	0.00156560256606079
chrM	1421	1421	0.000267257177764203
chrM	1422	1422	0.00697762609025408
chrM	1423	1423	0.00204375141927182
chrM	1424	1424	0.000416177972834929
chrM	1425	1425	0.0316221464951816
chrM	1426	1426	0.00204813108038914
chrM	1427	1427	0.00193465960941778
chrM	1428	1428	0.0074278053552665
chrM	1429	1429	0.00872970254346889
chrM	1430	1430	0.00211530187867489
chrM	1431	1431	0.000788219698326825
chrM	1432	1432	0.000286615075952995
chrM	1433	1433	0.000217477980354489
chrM	1434	1434	0.00171821305841924
chrM	1435	1435	7.5551526140828e-05
chrM	1436	1436	0.000114902907043548
chrM	1437	1437	7.68226165783207e-05
chrM	1438	1438	0.000537944284341979
chrM	1439	1439	0.000153692461384769
chrM	1440	1440	0.000268889486421081
chrM	1441	1441	0.0189184096476352
chrM	1442	1442	0.00476369092273068
chrM	1443	1443	0.00407202630005977
chrM	1444	1444	0.00104493207941484
chrM	1445	1445	0.00018657412590022
chrM	1446	1446	0.0105962709987078
chrM	1447	1447	0.000184569952011812
chrM	1448	1448	0
chrM	1449	1449	0.00387654138669423
chrM	1450	1450	0.000259153678131132
chrM	1451	1451	0.000148274456018089
chrM	1452	1452	0.000148527718985556
chrM	1453	1453	0.000223106384561038
chrM	1454	1454	0
chrM	1455	1455	0.000111561488974006
chrM	1456	1456	0.000148726529094627
chrM	1457	1457	0.000854446838546697
chrM	1458	1458	3.71498625455086e-05
chrM	1459	1459	0.000408481562627651
chrM	1460	1460	0.000482571736144623
chrM	1461	1461	7.42500742500742e-05
chrM	1462	1462	0.00336837429671306
chrM	1463	1463	0
chrM	1464	1464	0.0014420410427066
chrM	1465	1465	0.000184842883548983
chrM	1466	1466	0.000480360639988176
chrM	1467	1467	0.00349817726553007
chrM	1468	1468	0.00176438154750965
chrM	1469	1469	0.00263987680574906
chrM	1470	1470	0.0010255658926086
chrM	1471	1471	3.66313784387707e-05
chrM	1472	1472	0
chrM	1473	1473	0.000622596594030397
chrM	1474	1474	0.00160924584887719
chrM	1475	1475	0.000366300366300366
chrM	1476	1476	0.0100944081336238
chrM	1477	1477	0.000834542815674891
chrM	1478	1478	0.000108849461195167
chrM	1479	1479	3.6285786857288e-05
chrM	1480	1480	0.000362844702467344
chrM	1481	1481	0.000833907400021754
chrM	1482	1482	0.000652268444702131
chrM	1483	1483	0.00572890394177416
chrM	1484	1484	0.000216216216216216
chrM	1485	1485	0.00469921440614126
chrM	1486	1486	0.00150435187506716
chrM	1487	1487	0.00228726635931525
chrM	1488	1488	0.00458976730947129
chrM	1489	1489	0.014068200954252
chrM	1490	1490	0.00838727639729937
chrM	1491	1491	0.000904064814492854
chrM	1492	1492	0.000556038227628149
chrM	1493	1493	0.000104275286757039
chrM	1494	1494	0.0122655122655123
chrM	1495	1495	0.000721475933624214
chrM	1496	1496	0.00192045811655435
chrM	1497	1497	0.000489664579762862
chrM	1498	1498	0.000104939135301525
chrM	1499	1499	0.000386860800450165
chrM	1500	1500	0
chrM	1501	1501	7.03952694378938e-05
chrM	1502	1502	0
chrM	1503	1503	3.53094876593341e-05
chrM	1504	1504	0.000176572377017339
chrM	1505	1505	0.000247201327824275
chrM	1506	1506	0.000353045013239188
chrM	1507	1507	3.53057477757379e-05
chrM	1508	1508	0.000105906026052882
chrM	1509	1509	0
chrM	1510	1510	0
chrM	1511	1511	0.00010590228748941
chrM	1512	1512	0
chrM	1513	1513	0
chrM	1514	1514	0
chrM	1515	1515	0
chrM	1516	1516	0
chrM	1517	1517	0
chrM	1518	1518	0
chrM	1519	1519	7.07063565014495e-05
chrM	1520	1520	0.000354145270389914
chrM	1521	1521	0.000495680498512959
chrM	1522	1522	0.000646064391084311
chrM	1523	1523	0.000143626570915619
chrM	1524	1524	0.000215741972600769
chrM	1525	1525	3.61049933205762e-05
chrM	1526	1526	0.000150189614388165
chrM	1527	1527	4.47988531493594e-05
chrM	1528	1528	0.000290388152163392
chrM	1529	1529	0.000252385038614911
chrM	1530	1530	0.000151967985411073
chrM	1531	1531	0.000455742353656066
chrM	1532	1532	0.0022233451237999
chrM	1533	1533	0.000656565656565657
chrM	1534	1534	0.0036231884057971
chrM	1535	1535	0.000402434730117209
chrM	1536	1536	0.00276021278731306
chrM	1537	1537	0.00350157570906908
chrM	1538	1538	0.00294352424665735
chrM	1539	1539	0.000598682897625224
chrM	1540	1540	0.0046472116729962
chrM	1541	1541	0.00905292479108635
chrM	1542	1542	0.00223491432828408
chrM	1543	1543	0.000448184851352024
chrM	1544	1544	0.000264326496087968
chrM	1545	1545	0.0396272836727216
chrM	1546	1546	0.000210903722450701
chrM	1547	1547	0
chrM	1548	1548	5.43419193565917e-05
chrM	1549	1549	0.000109051254089422
chrM	1550	1550	0
chrM	1551	1551	0
chrM	1552	1552	0
chrM	1553	1553	0
chrM	1554	1554	0
chrM	1555	1555	0
chrM	1556	1556	0
chrM	1557	1557	0.000763400403511642
chrM	1558	1558	0
chrM	1559	1559	0.000218090616651219
chrM	1560	1560	0.000109045308325609
chrM	1561	1561	0
chrM	1562	1562	0
chrM	1563	1563	5.45315737812193e-05
chrM	1564	1564	0.00016502557896474
chrM	1565	1565	0.000333852659692856
chrM	1566	1566	0.000112669708748803
chrM	1567	1567	0.00136410139820393
chrM	1568	1568	0.000399497774226686
chrM	1569	1569	0.000114168284050691
chrM	1570	1570	0.000798630918425556
chrM	1571	1571	5.70874008106411e-05
chrM	1572	1572	0.00607678328032712
chrM	1573	1573	5.68246391635413e-05
chrM	1574	1574	0
chrM	1575	1575	0
chrM	1576	1576	0
chrM	1577	1577	0
chrM	1578	1578	0.000116036203295428
chrM	1579	1579	0.000526469727990641
chrM	1580	1580	0.00075992283860408
chrM	1581	1581	0.0001754591180255
chrM	1582	1582	0.000994500994500995
chrM	1583	1583	0.000176211453744493
chrM	1584	1584	0.000176616036736136
chrM	1585	1585	0.000359259924555416
chrM	1586	1586	0.000241677240045919
chrM	1587	1587	0.00042334442092531
chrM	1588	1588	0.000181884321571481
chrM	1589	1589	0
chrM	1590	1590	0.000182071979122413
chrM	1591	1591	0.000242718446601942
chrM	1592	1592	0.000546481267836541
chrM	1593	1593	0.0018796992481203
chrM	1594	1594	0.00115214359347523
chrM	1595	1595	0.000121307696973373
chrM	1596	1596	0.000303250849102377
chrM	1597	1597	0.000303287637995875
chrM	1598	1598	0.000728730187648023
chrM	1599	1599	0.00242836328314716
chrM	1600	1600	0.000924442253173918
chrM	1601	1601	0.00070871722182849
chrM	1602	1602	0.000214838155256374
chrM	1603	1603	0.00021551724137931
chrM	1604	1604	0.000514101057579318
chrM	1605	1605	0.000418585182084554
chrM	1606	1606	9.12075884713608e-05
chrM	1607	1607	0
chrM	1608	1608	9.59969280983009e-05
chrM	1609	1609	0
chrM	1610	1610	0.00115546218487395
chrM	1611	1611	0
chrM	1612	1612	0.000135611608353675
chrM	1613	1613	0
chrM	1614	1614	0
chrM	1615	1615	0.000278125434570991
chrM	1616	1616	0
chrM	1617	1617	0
chrM	1618	1618	0.000140449438202247
chrM	1619	1619	0
chrM	1620	1620	0
chrM	1621	1621	0.000140607424071991
chrM	1622	1622	0
chrM	1623	1623	0.00056274620146314
chrM	1624	1624	0.000422178440754292
chrM	1625	1625	0.000140924464487035
chrM	1626	1626	0.00141063619692481
chrM	1627	1627	0
chrM	1628	1628	0
chrM	1629	1629	0
chrM	1630	1630	0
chrM	1631	1631	0
chrM	1632	1632	0
chrM	1633	1633	0
chrM	1634	1634	0.00202575604109391
chrM	1635	1635	0.000144969556393157
chrM	1636	1636	0
chrM	1637	1637	0
chrM	1638	1638	0
chrM	1639	1639	0.000146049364685264
chrM	1640	1640	0
chrM	1641	1641	0
chrM	1642	1642	0
chrM	1643	1643	0
chrM	1644	1644	0
chrM	1645	1645	0.00161629222563439
chrM	1646	1646	0.00530802637928261
chrM	1647	1647	0.008454298931249
chrM	1648	1648	0.0118221941992434
chrM	1649	1649	0.00486274509803922
chrM	1650	1650	0.012546468401487
chrM	1651	1651	0.000309693403530505
chrM	1652	1652	0.000154822727976467
chrM	1653	1653	0.000155642023346304
chrM	1654	1654	0
chrM	1655	1655	0
chrM	1656	1656	0
chrM	1657	1657	0.000155738981467061
chrM	1658	1658	0
chrM	1659	1659	0.000466998754669988
chrM	1660	1660	0.000155666251556663
chrM	1661	1661	0.000155642023346304
chrM	1662	1662	0
chrM	1663	1663	0
chrM	1664	1664	0
chrM	1665	1665	0.000155642023346304
chrM	1666	1666	0
chrM	1667	1667	0.000311623558741041
chrM	1668	1668	0
chrM	1669	1669	0
chrM	1670	1670	0.00015581177937052
chrM	1671	1671	0
chrM	1672	1672	0
chrM	1673	1673	0
chrM	1674	1674	0
chrM	1675	1675	0.00171126322339764
chrM	1676	1676	0.00495356037151703
chrM	1677	1677	0.00200834234512591
chrM	1678	1678	0
chrM	1679	1679	0.000617569862590706
chrM	1680	1680	0.00323176361957525
chrM	1681	1681	0.000153869826127096
chrM	1682	1682	0.000615384615384615
chrM	1683	1683	0.000615006150061501
chrM	1684	1684	0.000461041954817888
chrM	1685	1685	0
chrM	1686	1686	0.000460900291903518
chrM	1687	1687	0.000614156302779057
chrM	1688	1688	0.00671038584718621
chrM	1689	1689	0.00441871095535578
chrM	1690	1690	0.00846304972041711
chrM	1691	1691	0.00271329514621646
chrM	1692	1692	0.00165537998495109
chrM	1693	1693	0.00285114045618247
chrM	1694	1694	0.00552156394567975
chrM	1695	1695	0.00119242808168132
chrM	1696	1696	0.00119100789042727
chrM	1697	1697	0.00680171521514121
chrM	1698	1698	0.00206581083075107
chrM	1699	1699	0.00688745603751465
chrM	1700	1700	0.0247248820923253
chrM	1701	1701	0.0943567175770127
chrM	1702	1702	0.148931482705442
chrM	1703	1703	0.23988947500628
chrM	1704	1704	0.386594761171032
chrM	1705	1705	0.0198348771647201
chrM	1706	1706	0.00947441906851501
chrM	1707	1707	0.00144400736941692
chrM	1708	1708	0.00213653979926463
chrM	1709	1709	0.0123668842322226
chrM	1710	1710	0.0182597803044903
chrM	1711	1711	0.031907449736437
chrM	1712	1712	0.410300145808688
chrM	1713	1713	0.126162944443109
chrM	1714	1714	0.00139242329668219
chrM	1715	1715	0.00177338957055215
chrM	1716	1716	0.000287521564117309
chrM	1717	1717	9.58428177788427e-05
chrM	1718	1718	0.000670449919785456
chrM	1719	1719	0.000119708868032944
chrM	1720	1720	0.00033507251926667
chrM	1721	1721	0.000119654437983105
chrM	1722	1722	0.000334928229665072
chrM	1723	1723	0.000358722946311132
chrM	1724	1724	9.56503024940816e-05
chrM	1725	1725	0.000191268588915985
chrM	1726	1726	0.000406280620414406
chrM	1727	1727	0.0287140204271123
chrM	1728	1728	0.00910847364062931
chrM	1729	1729	0.0128513691476318
chrM	1730	1730	0.00991389969201717
chrM	1731	1731	0.000224754455757085
chrM	1732	1732	0.000134837520787451
chrM	1733	1733	0.000112359550561798
chrM	1734	1734	0.000449236298292902
chrM	1735	1735	0.000291931463474883
chrM	1736	1736	0.000336896954451532
chrM	1737	1737	8.98351524951714e-05
chrM	1738	1738	0.000112281332105724
chrM	1739	1739	0.000762930550880736
chrM	1740	1740	0.000919158857552796
chrM	1741	1741	0.000918417633618565
chrM	1742	1742	0.0105062505541271
chrM	1743	1743	0.00581766896582119
chrM	1744	1744	0.00138641315111903
chrM	1745	1745	0.0553800099783802
chrM	1746	1746	0.00335688679831741
chrM	1747	1747	0.00138673289868571
chrM	1748	1748	0.000847913306034661
chrM	1749	1749	0.0168767791785279
chrM	1750	1750	0.0241937084449737
chrM	1751	1751	0.113328631875882
chrM	1752	1752	0.0801220660325293
chrM	1753	1753	0.0334019064369729
chrM	1754	1754	0.00433117035415527
chrM	1755	1755	0.000890764181903422
chrM	1756	1756	0.000609108515024677
chrM	1757	1757	6.2469741219097e-05
chrM	1758	1758	0.000234221292276943
chrM	1759	1759	0.000312226801548645
chrM	1760	1760	6.24414611301904e-05
chrM	1761	1761	0
chrM	1762	1762	0.00176113959758739
chrM	1763	1763	0.000187000358417354
chrM	1764	1764	1.55833632014461e-05
chrM	1765	1765	0
chrM	1766	1766	6.23305388475083e-05
chrM	1767	1767	1.55823918971562e-05
chrM	1768	1768	3.11652694237542e-05
chrM	1769	1769	1.55823918971562e-05
chrM	1770	1770	0.000295991649919771
chrM	1771	1771	0.000233623025885431
chrM	1772	1772	0.000607051132383843
chrM	1773	1773	4.66947873052438e-05
chrM	1774	1774	7.78210116731518e-05
chrM	1775	1775	0.000171187574894564
chrM	1776	1776	3.11274357218452e-05
chrM	1777	1777	1.55642023346303e-05
chrM	1778	1778	0.000124505867338998
chrM	1779	1779	0.000233401279039009
chrM	1780	1780	0.000653127235405716
chrM	1781	1781	0.000528475503606068
chrM	1782	1782	0.000838639540301289
chrM	1783	1783	0.000651850012416191
chrM	1784	1784	0.00429682066183403
chrM	1785	1785	0.000710479573712256
chrM	1786	1786	0.00194345472213225
chrM	1787	1787	7.7121219132232e-05
chrM	1788	1788	1.54256714023478e-05
chrM	1789	1789	0
chrM	1790	1790	0.000216329810247852
chrM	1791	1791	7.72940885481078e-05
chrM	1792	1792	0.000525510440655961
chrM	1793	1793	0.000849762066621346
chrM	1794	1794	0.00252934190841932
chrM	1795	1795	0.00158627487217397
chrM	1796	1796	7.70392283750886e-05
chrM	1797	1797	6.16294835449279e-05
chrM	1798	1798	6.16313827000709e-05
chrM	1799	1799	1.5423292255965e-05
chrM	1800	1800	0.00268059342792439
chrM	1801	1801	0.000401296496372897
chrM	1802	1802	0.000694594511159818
chrM	1803	1803	0.000108058042605743
chrM	1804	1804	0.000802159660624759
chrM	1805	1805	3.0857530780387e-05
chrM	1806	1806	0.000262248549919783
chrM	1807	1807	1.54363866506128e-05
chrM	1808	1808	6.17961037556582e-05
chrM	1809	1809	3.09171574765416e-05
chrM	1810	1810	0.000479223348998269
chrM	1811	1811	0.000633458995117731
chrM	1812	1812	0.000818242168804903
chrM	1813	1813	0.00326445135659512
chrM	1814	1814	0.00221245736410288
chrM	1815	1815	0.00233007327467272
chrM	1816	1816	0.00477556376064203
chrM	1817	1817	0.000106806634217794
chrM	1818	1818	0.000137438152831226
chrM	1819	1819	3.0842778934382e-05
chrM	1820	1820	0
chrM	1821	1821	0.000624208901912507
chrM	1822	1822	1.77389885228744e-05
chrM	1823	1823	7.13737665720964e-05
chrM	1824	1824	1.78839688103584e-05
chrM	1825	1825	0
chrM	1826	1826	0
chrM	1827	1827	0
chrM	1828	1828	3.57826561465658e-05
chrM	1829	1829	7.15691536947576e-05
chrM	1830	1830	0
chrM	1831	1831	1.78954903364352e-05
chrM	1832	1832	0
chrM	1833	1833	0.000143153675470618
chrM	1834	1834	0.000447155198626339
chrM	1835	1835	0.000357596238087575
chrM	1836	1836	0.000250272618387887
chrM	1837	1837	0.00103576977338072
chrM	1838	1838	0.000392744930019994
chrM	1839	1839	0.0158824976281668
chrM	1840	1840	0.00015815555477454
chrM	1841	1841	3.51512382023657e-05
chrM	1842	1842	0.000544767595114665
chrM	1843	1843	7.0482097547223e-05
chrM	1844	1844	8.81974211074068e-05
chrM	1845	1845	0.000123712068995988
chrM	1846	1846	7.07914483930341e-05
chrM	1847	1847	0.000180258129641647
chrM	1848	1848	9.03146562624183e-05
chrM	1849	1849	0.000108387376483552
chrM	1850	1850	0.000361212953096498
chrM	1851	1851	0.000198724549708236
chrM	1852	1852	0.0422530335289332
chrM	1853	1853	0.00420502526476085
chrM	1854	1854	0.00261237569445654
chrM	1855	1855	0.00173492917535961
chrM	1856	1856	0.00176477158494359
chrM	1857	1857	0.000426956697602301
chrM	1858	1858	0.000562657544112351
chrM	1859	1859	4.59210616949464e-05
chrM	1860	1860	0.000281563239103503
chrM	1861	1861	0.000118518518518519
chrM	1862	1862	6.17207752129367e-05
chrM	1863	1863	3.14940791131267e-05
chrM	1864	1864	0.000127331762908257
chrM	1865	1865	0.000287769784172662
chrM	1866	1866	0.00699322928255825
chrM	1867	1867	0.00171586539989196
chrM	1868	1868	0.000540214179033334
chrM	1869	1869	0.000412960609911055
chrM	1870	1870	0.00468058191018343
chrM	1871	1871	0.00484734025810513
chrM	1872	1872	0.0122895989546063
chrM	1873	1873	0.00781829419035847
chrM	1874	1874	0.00394319337050615
chrM	1875	1875	0.00272563959610977
chrM	1876	1876	0.000870186779376573
chrM	1877	1877	0.000125183863799956
chrM	1878	1878	0.000231680677831469
chrM	1879	1879	0.000353544281421248
chrM	1880	1880	0.000548847420417124
chrM	1881	1881	0.000700151085234182
chrM	1882	1882	0.00284584395904941
chrM	1883	1883	0.00261915301755939
chrM	1884	1884	0.000110721535338623
chrM	1885	1885	0.00138286739422933
chrM	1886	1886	3.73915644630571e-05
chrM	1887	1887	7.5013127297277e-05
chrM	1888	1888	3.75996390434652e-05
chrM	1889	1889	0
chrM	1890	1890	0.000112905046855594
chrM	1891	1891	3.7642098923436e-05
chrM	1892	1892	3.76463501863494e-05
chrM	1893	1893	0.00112811642161471
chrM	1894	1894	0.00142701565961921
chrM	1895	1895	0.00649277958132766
chrM	1896	1896	0.00382913862968884
chrM	1897	1897	0.00536302104523431
chrM	1898	1898	0.00948891738413629
chrM	1899	1899	0.00972353239968072
chrM	1900	1900	0.00433557337957945
chrM	1901	1901	0.124837903659424
chrM	1902	1902	0.00581889095083823
chrM	1903	1903	0.00758995502248876
chrM	1904	1904	0.0453061835604132
chrM	1905	1905	0.0172373081463991
chrM	1906	1906	0.00230169971671388
chrM	1907	1907	0.0277849536439048
chrM	1908	1908	0.004004004004004
chrM	1909	1909	0.00340922223506298
chrM	1910	1910	0.000404635972137923
chrM	1911	1911	0.000433626271970398
chrM	1912	1912	0.000523621131021643
chrM	1913	1913	0.00020373119124538
chrM	1914	1914	8.73184503885671e-05
chrM	1915	1915	0.000174616571112599
chrM	1916	1916	0.000349253470706365
chrM	1917	1917	0.000349151851959615
chrM	1918	1918	0.00075592382613752
chrM	1919	1919	0.00313016259455699
chrM	1920	1920	0.00107128380334704
chrM	1921	1921	0.00984302809424054
chrM	1922	1922	0.000688290458573518
chrM	1923	1923	0.000172117039586919
chrM	1924	1924	5.73937498206445e-05
chrM	1925	1925	0.000172196073929514
chrM	1926	1926	0.00017223067428309
chrM	1927	1927	0.0124198945159644
chrM	1928	1928	0.00381603866919185
chrM	1929	1929	0.00371841460322826
chrM	1930	1930	0.0154785020804438
chrM	1931	1931	0.00268378385856182
chrM	1932	1932	0.00140926800961618
chrM	1933	1933	0.00435034004240205
chrM	1934	1934	0.0030229746070133
chrM	1935	1935	0.00249167109941488
chrM	1936	1936	0.032617165757542
chrM	1937	1937	0.0012739574781304
chrM	1938	1938	0.000542423204293708
chrM	1939	1939	0.000575158887642711
chrM	1940	1940	0.00101287802054695
chrM	1941	1941	0.00202587329609585
chrM	1942	1942	0.000290816029779561
chrM	1943	1943	0.0265871325095867
chrM	1944	1944	0.000823933857999261
chrM	1945	1945	0.124884964556647
chrM	1946	1946	0.00696571485031123
chrM	1947	1947	0.000518518518518519
chrM	1948	1948	9.87703096449207e-05
chrM	1949	1949	0.000123517786561265
chrM	1950	1950	0
chrM	1951	1951	7.41326480181872e-05
chrM	1952	1952	0.00209648776637727
chrM	1953	1953	9.8672850165277e-05
chrM	1954	1954	0.0017487684729064
chrM	1955	1955	0.000443251495973799
chrM	1956	1956	0.00046785353721898
chrM	1957	1957	2.46311485504569e-05
chrM	1958	1958	4.92890060871922e-05
chrM	1959	1959	4.9295080350981e-05
chrM	1960	1960	2.46511857220332e-05
chrM	1961	1961	0.000123286320149916
chrM	1962	1962	4.9330340626002e-05
chrM	1963	1963	0.0016273393002441
chrM	1964	1964	0.000517674900162698
chrM	1965	1965	0.00268565515202287
chrM	1966	1966	0.00155057839035196
chrM	1967	1967	0.00140349149287174
chrM	1968	1968	0.000468661355171308
chrM	1969	1969	0.000172745669019298
chrM	1970	1970	4.94132180358246e-05
chrM	1971	1971	0.000148562656300295
chrM	1972	1972	0.0112850021081872
chrM	1973	1973	0.00293824701195219
chrM	1974	1974	0.00318281281082156
chrM	1975	1975	0.00245877210411286
chrM	1976	1976	0.0100826283690734
chrM	1977	1977	0.00640289352134705
chrM	1978	1978	0.00355646497125597
chrM	1979	1979	0.0039314662913168
chrM	1980	1980	0.000679413762981656
chrM	1981	1981	0.000464877296860855
chrM	1982	1982	0.00010492628928178
chrM	1983	1983	0.000184244466085858
chrM	1984	1984	0.000131759249499315
chrM	1985	1985	0.00110593253811518
chrM	1986	1986	0.00118364985007102
chrM	1987	1987	0.00679241339672919
chrM	1988	1988	0.00455183894293295
chrM	1989	1989	0.00205098914793084
chrM	1990	1990	0.000598086124401914
chrM	1991	1991	0.0013763373844396
chrM	1992	1992	0.0109672779575692
chrM	1993	1993	0.0174659262998486
chrM	1994	1994	0.0241642576532503
chrM	1995	1995	0.0156076358876843
chrM	1996	1996	0.00256771103375059
chrM	1997	1997	0.00148558977914232
chrM	1998	1998	0.000277259666280184
chrM	1999	1999	0.000427131385614215
chrM	2000	2000	0.00134149897929425
chrM	2001	2001	0.000965363912941727
chrM	2002	2002	0.00411486604797759
chrM	2003	2003	0.00180810731991834
chrM	2004	2004	0.0108193883439123
chrM	2005	2005	0.000201996883476655
chrM	2006	2006	0.00057696745903531
chrM	2007	2007	0.000174286876198222
chrM	2008	2008	5.85908891167423e-05
chrM	2009	2009	0.00143476223940033
chrM	2010	2010	0.000731935823866963
chrM	2011	2011	0.00119935644288431
chrM	2012	2012	0.000146280097129984
chrM	2013	2013	0.000906273753142724
chrM	2014	2014	2.92363466261256e-05
chrM	2015	2015	0
chrM	2016	2016	2.93289535429376e-05
chrM	2017	2017	0
chrM	2018	2018	0.000598497770595805
chrM	2019	2019	0.000270424566569514
chrM	2020	2020	6.01124102070873e-05
chrM	2021	2021	3.00562051035436e-05
chrM	2022	2022	0.000630782169890664
chrM	2023	2023	6.00943481265587e-05
chrM	2024	2024	0.000180288461538462
chrM	2025	2025	0.000690711432775759
chrM	2026	2026	0.000120112906131764
chrM	2027	2027	0.000540394487976223
chrM	2028	2028	0.000300264232524622
chrM	2029	2029	0.000120116513017627
chrM	2030	2030	6.00636674875368e-05
chrM	2031	2031	0.0008706617028942
chrM	2032	2032	0.000150132116262311
chrM	2033	2033	0.000420218513627086
chrM	2034	2034	0.00125940807820324
chrM	2035	2035	3.09176354192431e-05
chrM	2036	2036	0
chrM	2037	2037	0
chrM	2038	2038	0
chrM	2039	2039	3.10462589257994e-05
chrM	2040	2040	0
chrM	2041	2041	0.00018628912071535
chrM	2042	2042	6.20944456518364e-05
chrM	2043	2043	6.20905901710596e-05
chrM	2044	2044	6.20886626102074e-05
chrM	2045	2045	0.00287925696594427
chrM	2046	2046	0.000154803554289606
chrM	2047	2047	0.000278741328047572
chrM	2048	2048	9.29166537615759e-05
chrM	2049	2049	6.19559493200335e-05
chrM	2050	2050	9.3920230417632e-05
chrM	2051	2051	0
chrM	2052	2052	3.14090081035241e-05
chrM	2053	2053	0
chrM	2054	2054	0
chrM	2055	2055	0.000189292362053191
chrM	2056	2056	0.000252389816070922
chrM	2057	2057	0.000189274447949527
chrM	2058	2058	0
chrM	2059	2059	0
chrM	2060	2060	0.000126178984890067
chrM	2061	2061	9.46252838758516e-05
chrM	2062	2062	3.15407664406245e-05
chrM	2063	2063	0.000913875145747329
chrM	2064	2064	0.000126043800220577
chrM	2065	2065	3.15099571464583e-05
chrM	2066	2066	0.000409461715329617
chrM	2067	2067	0.000346347607052897
chrM	2068	2068	0.0022306000628338
chrM	2069	2069	0.000627963201356401
chrM	2070	2070	0.000313883047176622
chrM	2071	2071	0.00178593808747963
chrM	2072	2072	0.00187652467629949
chrM	2073	2073	0.00988136170740018
chrM	2074	2074	0.00149523394181048
chrM	2075	2075	0.00122406704121026
chrM	2076	2076	0.000695586189452384
chrM	2077	2077	0.000606253988513082
chrM	2078	2078	0.000582561978121561
chrM	2079	2079	0.0294239140796289
chrM	2080	2080	8.6333419666753e-05
chrM	2081	2081	4.47127207690588e-05
chrM	2082	2082	4.52550119925782e-05
chrM	2083	2083	4.53658757882321e-05
chrM	2084	2084	0.000635439360929557
chrM	2085	2085	0.00104332048083466
chrM	2086	2086	0.00244454504300589
chrM	2087	2087	0.000407442618497895
chrM	2088	2088	0
chrM	2089	2089	0.000407313540912382
chrM	2090	2090	0.00144619695394767
chrM	2091	2091	0.000361516561977496
chrM	2092	2092	0.00637800934243622
chrM	2093	2093	0.000224587881237928
chrM	2094	2094	0.00139113265122958
chrM	2095	2095	0.00130009862817179
chrM	2096	2096	0.00058254167413515
chrM	2097	2097	0.00067315891038011
chrM	2098	2098	0.00256329540855331
chrM	2099	2099	0.00265385495309998
chrM	2100	2100	0.00292665081397476
chrM	2101	2101	0.00510529674537333
chrM	2102	2102	0.00282859619508189
chrM	2103	2103	0.00293416467999266
chrM	2104	2104	0.00144927536231884
chrM	2105	2105	0.000944242481469241
chrM	2106	2106	0.000735222037055191
chrM	2107	2107	0.0428598431150175
chrM	2108	2108	0.00429731771817151
chrM	2109	2109	0.000472656803894692
chrM	2110	2110	0.0231252379139703
chrM	2111	2111	0.000905149826115954
chrM	2112	2112	0.00153794396116691
chrM	2113	2113	0.00148909597463733
chrM	2114	2114	0.00164084744944742
chrM	2115	2115	0.00133280679237832
chrM	2116	2116	0.00214776632302406
chrM	2117	2117	0.000508420718144264
chrM	2118	2118	0.00184772220452373
chrM	2119	2119	0.000767018216682646
chrM	2120	2120	0.00373422611382951
chrM	2121	2121	0.000843608046722907
chrM	2122	2122	0.000129954515919428
chrM	2123	2123	0.000200601805416249
chrM	2124	2124	0.00207122335805439
chrM	2125	2125	0.0015130674002751
chrM	2126	2126	0.00144498727035024
chrM	2127	2127	0.000620604054613157
chrM	2128	2128	0.00200100050025012
chrM	2129	2129	0.000143081985977965
chrM	2130	2130	0.000357756153405839
chrM	2131	2131	0.000215007525263384
chrM	2132	2132	0.00606363247253531
chrM	2133	2133	0.0123387153634633
chrM	2134	2134	0.0637510735284402
chrM	2135	2135	0.000396301188903567
chrM	2136	2136	6.60545610674417e-05
chrM	2137	2137	0.0001998135073931
chrM	2138	2138	6.66178136033575e-05
chrM	2139	2139	0.0001999600079984
chrM	2140	2140	0.000467352116437442
chrM	2141	2141	0.00133877769596359
chrM	2142	2142	0.000535546927299505
chrM	2143	2143	0.00193772551115863
chrM	2144	2144	0.00332978156632925
chrM	2145	2145	0.0068792168276227
chrM	2146	2146	6.61463156502183e-05
chrM	2147	2147	6.61463156502183e-05
chrM	2148	2148	0.000199004975124378
chrM	2149	2149	0.000132969882321654
chrM	2150	2150	0.000731626205520452
chrM	2151	2151	0.000266010507415043
chrM	2152	2152	0.000133014099494546
chrM	2153	2153	6.65158972994546e-05
chrM	2154	2154	0.00139571979263592
chrM	2155	2155	0.000597966912497508
chrM	2156	2156	6.65026268537607e-05
chrM	2157	2157	0.00786620835536753
chrM	2158	2158	0.0038316751815004
chrM	2159	2159	0.00121016538926987
chrM	2160	2160	0.0013430029546065
chrM	2161	2161	0.0115491835921943
chrM	2162	2162	0.00870482722236877
chrM	2163	2163	0.0019748535316964
chrM	2164	2164	0.00177421474569589
chrM	2165	2165	0.0168186816741057
chrM	2166	2166	0.000452810660456692
chrM	2167	2167	6.47165415480197e-05
chrM	2168	2168	6.47123535883e-05
chrM	2169	2169	0.000194099378881988
chrM	2170	2170	0.000711375541615469
chrM	2171	2171	0.00187193390136845
chrM	2172	2172	0.00411416816662381
chrM	2173	2173	0.000128724979082191
chrM	2174	2174	0.0129639044229792
chrM	2175	2175	0.00025414575258911
chrM	2176	2176	0
chrM	2177	2177	0
chrM	2178	2178	6.36051392952551e-05
chrM	2179	2179	0.000127356087620988
chrM	2180	2180	0.000191192403288509
chrM	2181	2181	0.000382457929627741
chrM	2182	2182	0.000446570972886762
chrM	2183	2183	0.000382848392036753
chrM	2184	2184	0.000638406537282942
chrM	2185	2185	0.000382995021064726
chrM	2186	2186	0.000319101410428234
chrM	2187	2187	0.000319203268641471
chrM	2188	2188	0.000383362085489745
chrM	2189	2189	0.000383313102919568
chrM	2190	2190	0.00114876507754164
chrM	2191	2191	0.00102288709883647
chrM	2192	2192	0.00325068519344764
chrM	2193	2193	0.00197251208959023
chrM	2194	2194	0.00235040020327786
chrM	2195	2195	0.0049856184084372
chrM	2196	2196	0.000833760903027193
chrM	2197	2197	0.00211579149836507
chrM	2198	2198	6.42343268242549e-05
chrM	2199	2199	0.000257284363542806
chrM	2200	2200	0.000128849375080531
chrM	2201	2201	0
chrM	2202	2202	6.45036444559118e-05
chrM	2203	2203	0.000258949957920632
chrM	2204	2204	0.0018133540573797
chrM	2205	2205	0.000974025974025974
chrM	2206	2206	0.00104220948410631
chrM	2207	2207	0.000130301648315851
chrM	2208	2208	0
chrM	2209	2209	0.000130301648315851
chrM	2210	2210	0.00130132084065326
chrM	2211	2211	0.00104058272632674
chrM	2212	2212	0.027688018754356
chrM	2213	2213	0.00297186215618084
chrM	2214	2214	0.00164234729328533
chrM	2215	2215	0.00233291298865069
chrM	2216	2216	0.00226472068444892
chrM	2217	2217	0.00465408805031447
chrM	2218	2218	0.00386479758941439
chrM	2219	2219	0.0106528093536863
chrM	2220	2220	0.0415909802693392
chrM	2221	2221	0.0132011155872327
chrM	2222	2222	0.000504032258064516
chrM	2223	2223	0.000126175004731563
chrM	2224	2224	0.0013874873864783
chrM	2225	2225	0.000571138469348902
chrM	2226	2226	0.000127445357802842
chrM	2227	2227	0
chrM	2228	2228	0
chrM	2229	2229	0.000128907508862391
chrM	2230	2230	0.000132722808414626
chrM	2231	2231	0.00087073007367716
chrM	2232	2232	0
chrM	2233	2233	6.73854447439353e-05
chrM	2234	2234	6.78472080873872e-05
chrM	2235	2235	6.83807439824945e-05
chrM	2236	2236	0
chrM	2237	2237	0
chrM	2238	2238	0
chrM	2239	2239	0
chrM	2240	2240	0.000205789545891069
chrM	2241	2241	0
chrM	2242	2242	6.86059275521405e-05
chrM	2243	2243	0
chrM	2244	2244	0
chrM	2245	2245	6.86200507788376e-05
chrM	2246	2246	0
chrM	2247	2247	0
chrM	2248	2248	0
chrM	2249	2249	0
chrM	2250	2250	0
chrM	2251	2251	0
chrM	2252	2252	6.86813186813187e-05
chrM	2253	2253	0
chrM	2254	2254	0.000206015657189946
chrM	2255	2255	6.8667170225915e-05
chrM	2256	2256	0.000137324910738808
chrM	2257	2257	0.000137343771459964
chrM	2258	2258	0.00061770761839396
chrM	2259	2259	0.000274536719286205
chrM	2260	2260	0.000411720304673025
chrM	2261	2261	0.00301019361017993
chrM	2262	2262	0.000615552971752958
chrM	2263	2263	0.00177510753055233
chrM	2264	2264	0.000750443443853186
chrM	2265	2265	6.82547266398198e-05
chrM	2266	2266	0.0014997614015952
chrM	2267	2267	0.00176942969919695
chrM	2268	2268	0.000816882232811436
chrM	2269	2269	0.000340785169029444
chrM	2270	2270	0.00414120841819416
chrM	2271	2271	0
chrM	2272	2272	0
chrM	2273	2273	0
chrM	2274	2274	0
chrM	2275	2275	0
chrM	2276	2276	0
chrM	2277	2277	0
chrM	2278	2278	0
chrM	2279	2279	0.000611039445990902
chrM	2280	2280	0.000610666304790338
chrM	2281	2281	0.000406945198046663
chrM	2282	2282	0.000881176709821731
chrM	2283	2283	0.000406586704614759
chrM	2284	2284	0.000541931987535564
chrM	2285	2285	0.000135482996883891
chrM	2286	2286	0
chrM	2287	2287	0
chrM	2288	2288	0
chrM	2289	2289	0
chrM	2290	2290	0
chrM	2291	2291	0
chrM	2292	2292	0
chrM	2293	2293	0
chrM	2294	2294	0
chrM	2295	2295	0
chrM	2296	2296	0
chrM	2297	2297	0
chrM	2298	2298	0
chrM	2299	2299	0
chrM	2300	2300	8.07037365830038e-05
chrM	2301	2301	0
chrM	2302	2302	8.06972240154939e-05
chrM	2303	2303	8.09126952018772e-05
chrM	2304	2304	0
chrM	2305	2305	0
chrM	2306	2306	0
chrM	2307	2307	8.27129859387924e-05
chrM	2308	2308	8.34376303712975e-05
chrM	2309	2309	0.000167140230653518
chrM	2310	2310	0
chrM	2311	2311	0
chrM	2312	2312	8.3619031691613e-05
chrM	2313	2313	0
chrM	2314	2314	0
chrM	2315	2315	0
chrM	2316	2316	0
chrM	2317	2317	8.46596681341009e-05
chrM	2318	2318	0
chrM	2319	2319	0.000169405387091309
chrM	2320	2320	0.000169419737399407
chrM	2321	2321	0.000169391039214026
chrM	2322	2322	0.000169376693766938
chrM	2323	2323	0.000423298340670505
chrM	2324	2324	0
chrM	2325	2325	0
chrM	2326	2326	0
chrM	2327	2327	0.000254604090639056
chrM	2328	2328	0
chrM	2329	2329	0
chrM	2330	2330	0
chrM	2331	2331	0
chrM	2332	2332	0
chrM	2333	2333	8.57706492838151e-05
chrM	2334	2334	8.57632933104631e-05
chrM	2335	2335	8.57706492838151e-05
chrM	2336	2336	0.00017164435290079
chrM	2337	2337	0.000180880889933978
chrM	2338	2338	0
chrM	2339	2339	0
chrM	2340	2340	0.000365998719004483
chrM	2341	2341	0.000386996904024768
chrM	2342	2342	0.000892060660124889
chrM	2343	2343	0.0002999700029997
chrM	2344	2344	0.00110319927790593
chrM	2345	2345	0.000100280786201364
chrM	2346	2346	0
chrM	2347	2347	0.000100331092605598
chrM	2348	2348	0
chrM	2349	2349	0
chrM	2350	2350	0
chrM	2351	2351	0
chrM	2352	2352	0
chrM	2353	2353	0.000100948919846558
chrM	2354	2354	0
chrM	2355	2355	0
chrM	2356	2356	0.000201877460381548
chrM	2357	2357	0
chrM	2358	2358	0.000100928542591845
chrM	2359	2359	0
chrM	2360	2360	0
chrM	2361	2361	0.000201836714098294
chrM	2362	2362	0
chrM	2363	2363	0.000302663438256659
chrM	2364	2364	0
chrM	2365	2365	0.000100877635428226
chrM	2366	2366	0
chrM	2367	2367	0
chrM	2368	2368	0.00345019476905954
chrM	2369	2369	0.000112372176649062
chrM	2370	2370	0
chrM	2371	2371	0.000116049669258443
chrM	2372	2372	0
chrM	2373	2373	0
chrM	2374	2374	0
chrM	2375	2375	0.000232153221125943
chrM	2376	2376	0
chrM	2377	2377	0
chrM	2378	2378	0
chrM	2379	2379	0
chrM	2380	2380	0
chrM	2381	2381	0
chrM	2382	2382	0.000116103564379426
chrM	2383	2383	0
chrM	2384	2384	0.000116090085906664
chrM	2385	2385	0
chrM	2386	2386	0
chrM	2387	2387	0
chrM	2388	2388	0
chrM	2389	2389	0
chrM	2390	2390	0
chrM	2391	2391	0.000232801769293447
chrM	2392	2392	0.0109371402256505
chrM	2393	2393	0.000345264127057199
chrM	2394	2394	0
chrM	2395	2395	0
chrM	2396	2396	0
chrM	2397	2397	0
chrM	2398	2398	0.000115101289134438
chrM	2399	2399	0
chrM	2400	2400	0
chrM	2401	2401	0
chrM	2402	2402	0
chrM	2403	2403	0
chrM	2404	2404	0
chrM	2405	2405	0
chrM	2406	2406	0.000115114538966271
chrM	2407	2407	0
chrM	2408	2408	0
chrM	2409	2409	0
chrM	2410	2410	0
chrM	2411	2411	0
chrM	2412	2412	0.000115101289134438
chrM	2413	2413	0
chrM	2414	2414	0
chrM	2415	2415	0
chrM	2416	2416	0
chrM	2417	2417	0
chrM	2418	2418	0
chrM	2419	2419	0
chrM	2420	2420	0
chrM	2421	2421	0
chrM	2422	2422	0
chrM	2423	2423	0
chrM	2424	2424	0
chrM	2425	2425	0
chrM	2426	2426	0
chrM	2427	2427	0
chrM	2428	2428	0
chrM	2429	2429	0.000460193281178095
chrM	2430	2430	0
chrM	2431	2431	0
chrM	2432	2432	0
chrM	2433	2433	0
chrM	2434	2434	0
chrM	2435	2435	0
chrM	2436	2436	0
chrM	2437	2437	0
chrM	2438	2438	0
chrM	2439	2439	0
chrM	2440	2440	0
chrM	2441	2441	0.000115446779034865
chrM	2442	2442	0.000115433452614568
chrM	2443	2443	0
chrM	2444	2444	0.000346180475421186
chrM	2445	2445	0.000346060675971854
chrM	2446	2446	0.000230653903817322
chrM	2447	2447	0
chrM	2448	2448	0.000230627306273063
chrM	2449	2449	0
chrM	2450	2450	0
chrM	2451	2451	0
chrM	2452	2452	0
chrM	2453	2453	0.000115313653136531
chrM	2454	2454	0
chrM	2455	2455	0
chrM	2456	2456	0
chrM	2457	2457	0
chrM	2458	2458	0
chrM	2459	2459	0
chrM	2460	2460	0
chrM	2461	2461	0
chrM	2462	2462	0
chrM	2463	2463	0
chrM	2464	2464	0
chrM	2465	2465	0
chrM	2466	2466	0.000115300357431108
chrM	2467	2467	0
chrM	2468	2468	0
chrM	2469	2469	0
chrM	2470	2470	0
chrM	2471	2471	0
chrM	2472	2472	0.00011528706479133
chrM	2473	2473	0
chrM	2474	2474	0
chrM	2475	2475	0
chrM	2476	2476	0
chrM	2477	2477	0.000115273775216138
chrM	2478	2478	0
chrM	2479	2479	0
chrM	2480	2480	0
chrM	2481	2481	0
chrM	2482	2482	0
chrM	2483	2483	0
chrM	2484	2484	0.000230494410510545
chrM	2485	2485	0
chrM	2486	2486	0.000115233924867481
chrM	2487	2487	0
chrM	2488	2488	0.000115220647540039
chrM	2489	2489	0.000230388204123949
chrM	2490	2490	0.000230335137625245
chrM	2491	2491	0.000115154306771073
chrM	2492	2492	0.0032139577594123
chrM	2493	2493	0.000114771031791576
chrM	2494	2494	0
chrM	2495	2495	0.000917325994725376
chrM	2496	2496	0.00183129220556255
chrM	2497	2497	0.00194196938542381
chrM	2498	2498	0.00307482063546293
chrM	2499	2499	0.000341530054644809
chrM	2500	2500	0.00159127074335076
chrM	2501	2501	0.000113649278327083
chrM	2502	2502	0.000454442172233583
chrM	2503	2503	0.00362236812316052
chrM	2504	2504	0.0204036371701042
chrM	2505	2505	0.0288606504415249
chrM	2506	2506	0.071864067966017
chrM	2507	2507	0.01854031783402
chrM	2508	2508	0.0487122060470325
chrM	2509	2509	0.00695023630803447
chrM	2510	2510	0.00927371223946378
chrM	2511	2511	0.00945884492951342
chrM	2512	2512	0.183027420673256
chrM	2513	2513	0.0190260970987024
chrM	2514	2514	0.0396247549705965
chrM	2515	2515	0.151277480689245
chrM	2516	2516	0.128340584213797
chrM	2517	2517	0.216396103896104
chrM	2518	2518	0.047103410936654
chrM	2519	2519	0.0628782662269416
chrM	2520	2520	0.00598004250873591
chrM	2521	2521	0.013714691774738
chrM	2522	2522	0.000710126402499645
chrM	2523	2523	3.55050594709746e-05
chrM	2524	2524	0.00733091319211927
chrM	2525	2525	3.52435328117291e-05
chrM	2526	2526	0.000246643881469998
chrM	2527	2527	0.000352224296431968
chrM	2528	2528	0.000176081138188477
chrM	2529	2529	0.000387228500017601
chrM	2530	2530	3.52013517319065e-05
chrM	2531	2531	0.00045740825445973
chrM	2532	2532	0.000246244767298695
chrM	2533	2533	0.000562528565903737
chrM	2534	2534	0.000421718502899315
chrM	2535	2535	0.000877808988764045
chrM	2536	2536	0.00105226236408278
chrM	2537	2537	0.000490814752489132
chrM	2538	2538	0.000140213123948402
chrM	2539	2539	0.00234306696974996
chrM	2540	2540	3.49699258637572e-05
chrM	2541	2541	0.00143171421587457
chrM	2542	2542	0
chrM	2543	2543	0
chrM	2544	2544	0
chrM	2545	2545	0
chrM	2546	2546	0
chrM	2547	2547	3.49186395698024e-05
chrM	2548	2548	0
chrM	2549	2549	0.000139655052021507
chrM	2550	2550	6.98226504678118e-05
chrM	2551	2551	3.49101064758247e-05
chrM	2552	2552	3.49088878028346e-05
chrM	2553	2553	0.000209409465307832
chrM	2554	2554	0.000627833972793861
chrM	2555	2555	0.000488076976711756
chrM	2556	2556	0.00170535621062889
chrM	2557	2557	0.00204918032786885
chrM	2558	2558	0.000173629197485849
chrM	2559	2559	0
chrM	2560	2560	0
chrM	2561	2561	3.47246336551149e-05
chrM	2562	2562	0.000312434909393876
chrM	2563	2563	0.000312337324310255
chrM	2564	2564	3.47053515652114e-05
chrM	2565	2565	0.000728281602219525
chrM	2566	2566	3.46788736301845e-05
chrM	2567	2567	6.9352937096886e-05
chrM	2568	2568	0.000311990848268451
chrM	2569	2569	0.000762063112681423
chrM	2570	2570	0.00217751970136873
chrM	2571	2571	0.00124279352366486
chrM	2572	2572	0.000621075150093161
chrM	2573	2573	0.00068960761326805
chrM	2574	2574	0.000689132382330646
chrM	2575	2575	0.000172277159494194
chrM	2576	2576	0.000483341964439841
chrM	2577	2577	0.000310634038587651
chrM	2578	2578	0.000276042924674787
chrM	2579	2579	0.000965250965250965
chrM	2580	2580	0.000379075056861259
chrM	2581	2581	0.019797966147505
chrM	2582	2582	0.000202682160591832
chrM	2583	2583	6.75858340091917e-05
chrM	2584	2584	0.00323384760493162
chrM	2585	2585	0
chrM	2586	2586	0.000303111949346625
chrM	2587	2587	0
chrM	2588	2588	0.00536067276443194
chrM	2589	2589	0.000100502512562814
chrM	2590	2590	3.3500837520938e-05
chrM	2591	2591	0.00013401232913428
chrM	2592	2592	0.000669792364367046
chrM	2593	2593	0.00103720556745182
chrM	2594	2594	0.000133815067576609
chrM	2595	2595	0.00156985871271586
chrM	2596	2596	3.34146422962542e-05
chrM	2597	2597	3.34146422962542e-05
chrM	2598	2598	0.000100250626566416
chrM	2599	2599	0.000167627732332037
chrM	2600	2600	3.35435395142895e-05
chrM	2601	2601	3.35615518861592e-05
chrM	2602	2602	6.71727010143078e-05
chrM	2603	2603	0
chrM	2604	2604	3.35976347265153e-05
chrM	2605	2605	0.000100799677441032
chrM	2606	2606	0.000268799139842753
chrM	2607	2607	0.000335886067445922
chrM	2608	2608	0
chrM	2609	2609	0.00100667762826751
chrM	2610	2610	6.71975271310016e-05
chrM	2611	2611	0.000134489946876471
chrM	2612	2612	0.000168123739071957
chrM	2613	2613	6.7371825102742e-05
chrM	2614	2614	0.00104524917391598
chrM	2615	2615	6.749687826938e-05
chrM	2616	2616	3.38146282081628e-05
chrM	2617	2617	6.76475562320311e-05
chrM	2618	2618	0.00037212449255751
chrM	2619	2619	0.000169877348554344
chrM	2620	2620	0.000408956139454044
chrM	2621	2621	0.000321543408360129
chrM	2622	2622	0.000144843568945539
chrM	2623	2623	3.64750510650715e-05
chrM	2624	2624	0.000146038700255568
chrM	2625	2625	0.000182541710780913
chrM	2626	2626	0.00584370803237632
chrM	2627	2627	0.000834482258181554
chrM	2628	2628	0.000145248556592469
chrM	2629	2629	3.63213714949877e-05
chrM	2630	2630	3.63438124659277e-05
chrM	2631	2631	0.000290782204129107
chrM	2632	2632	0.000109031437397783
chrM	2633	2633	0
chrM	2634	2634	7.26876249318553e-05
chrM	2635	2635	0
chrM	2636	2636	0.000109138533178114
chrM	2637	2637	3.63874536059967e-05
chrM	2638	2638	0
chrM	2639	2639	0
chrM	2640	2640	3.63980490645701e-05
chrM	2641	2641	0.000145581598485951
chrM	2642	2642	0.000145560407569141
chrM	2643	2643	0.00040013095194791
chrM	2644	2644	0.000109114715938023
chrM	2645	2645	0.000581606688476917
chrM	2646	2646	0.000109043326548415
chrM	2647	2647	0.00517235143053496
chrM	2648	2648	3.61702897240207e-05
chrM	2649	2649	0.000108510869172062
chrM	2650	2650	0.00115753300777717
chrM	2651	2651	0.000470332850940666
chrM	2652	2652	0.000144717800289436
chrM	2653	2653	0.000108534423501321
chrM	2654	2654	0.000253210345451257
chrM	2655	2655	0.00184155412724778
chrM	2656	2656	0.000288787813154285
chrM	2657	2657	0.00115386002235604
chrM	2658	2658	0.000216301957532716
chrM	2659	2659	0.000108143181572402
chrM	2660	2660	0.00122416648664218
chrM	2661	2661	7.20279468433752e-05
chrM	2662	2662	3.6017864860971e-05
chrM	2663	2663	0.00010806916426513
chrM	2664	2664	0.000540151242347857
chrM	2665	2665	3.60165676211057e-05
chrM	2666	2666	0
chrM	2667	2667	0
chrM	2668	2668	0.000108100317094263
chrM	2669	2669	0.000108092527203286
chrM	2670	2670	0.000108080844471665
chrM	2671	2671	0.000360152704746813
chrM	2672	2672	0.000503959683225342
chrM	2673	2673	0.000359841669665347
chrM	2674	2674	0.000898795613877404
chrM	2675	2675	3.59505320678746e-05
chrM	2676	2676	0.00426004152645522
chrM	2677	2677	7.15922107674685e-05
chrM	2678	2678	0.000214730513205927
chrM	2679	2679	0.00135811293781272
chrM	2680	2680	0.00610969025291276
chrM	2681	2681	0.0267579340385812
chrM	2682	2682	0.0216133942161339
chrM	2683	2683	0.0130862961108329
chrM	2684	2684	0.00804689052255116
chrM	2685	2685	0.00399129172714078
chrM	2686	2686	0.00910073002258814
chrM	2687	2687	0.0320465430233679
chrM	2688	2688	0.00381059911086021
chrM	2689	2689	0.0261416521233275
chrM	2690	2690	0.00935149420613946
chrM	2691	2691	0.00868367219137478
chrM	2692	2692	0.00359486686452368
chrM	2693	2693	0.00133840813082939
chrM	2694	2694	0.00117120508637638
chrM	2695	2695	0.000503503545504133
chrM	2696	2696	8.76808417360807e-05
chrM	2697	2697	0.000573093270929844
chrM	2698	2698	0
chrM	2699	2699	0
chrM	2700	2700	5.05561172901921e-05
chrM	2701	2701	0.000252742253449932
chrM	2702	2702	0.000454867077731729
chrM	2703	2703	0.00045466026774438
chrM	2704	2704	0.00216755721342877
chrM	2705	2705	0.00166087875585082
chrM	2706	2706	0.000704154511618549
chrM	2707	2707	0.00135623869801085
chrM	2708	2708	0.00609116780668031
chrM	2709	2709	0.00109720213455688
chrM	2710	2710	0.0610218704631668
chrM	2711	2711	0.000468120962456699
chrM	2712	2712	0.0848082279837154
chrM	2713	2713	0.00456465167868265
chrM	2714	2714	0.00766234865803065
chrM	2715	2715	0.00806858295511851
chrM	2716	2716	0.0526126558005753
chrM	2717	2717	0.00139648086821211
chrM	2718	2718	0.00199744327261106
chrM	2719	2719	0.00219920828501739
chrM	2720	2720	0.000578225673219891
chrM	2721	2721	0.000999000999000999
chrM	2722	2722	0.0229963376203049
chrM	2723	2723	8.53606487409304e-05
chrM	2724	2724	0.00691997452770112
chrM	2725	2725	0
chrM	2726	2726	0.000127469725940089
chrM	2727	2727	0
chrM	2728	2728	4.24917141157474e-05
chrM	2729	2729	8.49762066621346e-05
chrM	2730	2730	4.24862981688405e-05
chrM	2731	2731	0
chrM	2732	2732	4.24844931599966e-05
chrM	2733	2733	0
chrM	2734	2734	0
chrM	2735	2735	4.24899086466964e-05
chrM	2736	2736	0.000254874474321397
chrM	2737	2737	4.24772746580579e-05
chrM	2738	2738	0.000212341274897014
chrM	2739	2739	0.00050935948045333
chrM	2740	2740	4.24466233711108e-05
chrM	2741	2741	0.00506799560773714
chrM	2742	2742	0.000379971291058009
chrM	2743	2743	0.000295508274231678
chrM	2744	2744	0.00854199815760824
chrM	2745	2745	0.0035056967572305
chrM	2746	2746	0.00762062538827915
chrM	2747	2747	0.00140617891558791
chrM	2748	2748	0.000867768595041322
chrM	2749	2749	8.26412131730094e-05
chrM	2750	2750	0
chrM	2751	2751	0
chrM	2752	2752	0
chrM	2753	2753	0
chrM	2754	2754	8.44701609156565e-05
chrM	2755	2755	0.000464468183929401
chrM	2756	2756	0.00033768097589802
chrM	2757	2757	0.000421923125606514
chrM	2758	2758	0.000253089804699034
chrM	2759	2759	0.00210464284210969
chrM	2760	2760	0.000546907867059318
chrM	2761	2761	0.00172189324261896
chrM	2762	2762	0.000167968421936676
chrM	2763	2763	0.000377865479889159
chrM	2764	2764	0.00180263268214974
chrM	2765	2765	0.00267648042823687
chrM	2766	2766	0.00247182538020026
chrM	2767	2767	0.0311573303001991
chrM	2768	2768	0.00105510916321727
chrM	2769	2769	0.00476806206562146
chrM	2770	2770	0.000568458664934221
chrM	2771	2771	0.00169807413543177
chrM	2772	2772	0.00326522996548185
chrM	2773	2773	0.000659568453783096
chrM	2774	2774	0.000283085633404105
chrM	2775	2775	0.00396002262870074
chrM	2776	2776	0.000899067808640515
chrM	2777	2777	0.000569259962049336
chrM	2778	2778	0.00199004975124378
chrM	2779	2779	0.000237597414940125
chrM	2780	2780	0.000240998698607028
chrM	2781	2781	0.118962317088963
chrM	2782	2782	0.000433990105025605
chrM	2783	2783	0.000260880907865559
chrM	2784	2784	4.35047420168798e-05
chrM	2785	2785	0.000695924492192597
chrM	2786	2786	0.00721257666062019
chrM	2787	2787	0.0024558380008617
chrM	2788	2788	0.00240787719826289
chrM	2789	2789	0.0200820191941826
chrM	2790	2790	0.000803043110735418
chrM	2791	2791	0.000718087353214497
chrM	2792	2792	0.00029569551810079
chrM	2793	2793	0.000255134583492792
chrM	2794	2794	0.00161715890714103
chrM	2795	2795	0.000128391680219122
chrM	2796	2796	0.00137658091714704
chrM	2797	2797	4.31164575518475e-05
chrM	2798	2798	0.00292523444893745
chrM	2799	2799	0.000258042318940306
chrM	2800	2800	0.000644717613685206
chrM	2801	2801	0.000730146458789675
chrM	2802	2802	0.000128877051293066
chrM	2803	2803	4.29590170976888e-05
chrM	2804	2804	4.29571716998153e-05
chrM	2805	2805	4.29645542427497e-05
chrM	2806	2806	4.29774798005845e-05
chrM	2807	2807	0.000128943522737041
chrM	2808	2808	0.000128976784178848
chrM	2809	2809	0.000215035265783589
chrM	2810	2810	4.30052036296392e-05
chrM	2811	2811	0.000386913718240832
chrM	2812	2812	0
chrM	2813	2813	0.000300842358604091
chrM	2814	2814	0.000128921357971637
chrM	2815	2815	0.007126093449968
chrM	2816	2816	0.000895293315143247
chrM	2817	2817	0.00055418194219456
chrM	2818	2818	0.000468763317139691
chrM	2819	2819	4.30570505920344e-05
chrM	2820	2820	0
chrM	2821	2821	0
chrM	2822	2822	4.31369165732034e-05
chrM	2823	2823	8.62701117197947e-05
chrM	2824	2824	0.000345169780385727
chrM	2825	2825	0.00129332643559234
chrM	2826	2826	0.006085018854988
chrM	2827	2827	0.00192472198460222
chrM	2828	2828	0.000812000512842429
chrM	2829	2829	0.000299081392864772
chrM	2830	2830	4.27240878407246e-05
chrM	2831	2831	0
chrM	2832	2832	0.000854408749145591
chrM	2833	2833	0
chrM	2834	2834	0.000561336845286929
chrM	2835	2835	0.000129853265809635
chrM	2836	2836	0
chrM	2837	2837	4.32881693433185e-05
chrM	2838	2838	8.6587583340549e-05
chrM	2839	2839	4.32919173990216e-05
chrM	2840	2840	0.000346215432552906
chrM	2841	2841	0.00073558045952144
chrM	2842	2842	0.00336526016049702
chrM	2843	2843	0.0019807096107475
chrM	2844	2844	0.000516440006885867
chrM	2845	2845	0.00398662551440329
chrM	2846	2846	0.000257201646090535
chrM	2847	2847	0.00120104662634582
chrM	2848	2848	0.00167123757284882
chrM	2849	2849	4.29479470881292e-05
chrM	2850	2850	0.0022764367322395
chrM	2851	2851	0.000171932086825704
chrM	2852	2852	0
chrM	2853	2853	0.000128949065119278
chrM	2854	2854	0.000601400403797414
chrM	2855	2855	0.000343539313780221
chrM	2856	2856	0.00034342133505044
chrM	2857	2857	0.00055774841256221
chrM	2858	2858	0.000514579759862779
chrM	2859	2859	0.000214362272240086
chrM	2860	2860	0.000342862040886298
chrM	2861	2861	0.00124133207773307
chrM	2862	2862	0.00392257184275603
chrM	2863	2863	0.0194028602492264
chrM	2864	2864	0.00635725266963061
chrM	2865	2865	0.00946657886071781
chrM	2866	2866	0.00254536497249364
chrM	2867	2867	0.00412969701925829
chrM	2868	2868	0.00257647636185179
chrM	2869	2869	0.000533639834161159
chrM	2870	2870	0.00346165074863411
chrM	2871	2871	0.000254831174346995
chrM	2872	2872	4.26021386273591e-05
chrM	2873	2873	0
chrM	2874	2874	4.32021428262842e-05
chrM	2875	2875	0.000172816037328264
chrM	2876	2876	0.000302414999783989
chrM	2877	2877	0.000216094735932233
chrM	2878	2878	0.00348927371413802
chrM	2879	2879	0.000817872670139038
chrM	2880	2880	0.000258242231212878
chrM	2881	2881	0
chrM	2882	2882	8.60844488443163e-05
chrM	2883	2883	8.60844488443163e-05
chrM	2884	2884	0.000430237060620402
chrM	2885	2885	0.000258086717136958
chrM	2886	2886	0.0010313708637731
chrM	2887	2887	0.000944530310836339
chrM	2888	2888	0.00265479147041192
chrM	2889	2889	0.00303094983991462
chrM	2890	2890	0.000128051903704968
chrM	2891	2891	0.000128051903704968
chrM	2892	2892	0.000170706725844998
chrM	2893	2893	0.000256114739403253
chrM	2894	2894	0.000170728584233215
chrM	2895	2895	0.000554749509260049
chrM	2896	2896	8.53715798010842e-05
chrM	2897	2897	0
chrM	2898	2898	0.000469343345991381
chrM	2899	2899	0.000298596595998806
chrM	2900	2900	0
chrM	2901	2901	0.000341165934581432
chrM	2902	2902	0.000681895669962496
chrM	2903	2903	0.0014469932331787
chrM	2904	2904	0.000340353116358222
chrM	2905	2905	0.00038275070170962
chrM	2906	2906	0.000637700875775869
chrM	2907	2907	0.000467428717120639
chrM	2908	2908	0.00190855882602426
chrM	2909	2909	0.00607057038067535
chrM	2910	2910	0.0184181118331195
chrM	2911	2911	0.0230925324675325
chrM	2912	2912	0.139053149676003
chrM	2913	2913	0.0206364647026126
chrM	2914	2914	0.0159327133479212
chrM	2915	2915	0.0113582584003786
chrM	2916	2916	0.0143276022924164
chrM	2917	2917	0.00698213103904699
chrM	2918	2918	0.00405753117371511
chrM	2919	2919	0.00155074567770886
chrM	2920	2920	0.00509650478413836
chrM	2921	2921	0.000164419598816179
chrM	2922	2922	0.000427434734004077
chrM	2923	2923	0.000164381760199888
chrM	2924	2924	0.000492918405573264
chrM	2925	2925	0.000295731607136989
chrM	2926	2926	0.0420014494123578
chrM	2927	2927	0.00417543088563087
chrM	2928	2928	0.00285016286644951
chrM	2929	2929	0.00162616880883135
chrM	2930	2930	0.000531632110579479
chrM	2931	2931	0.00107059638516279
chrM	2932	2932	0.00063029844631433
chrM	2933	2933	0.000725140298883914
chrM	2934	2934	0.00102765021355856
chrM	2935	2935	0.0201165148540346
chrM	2936	2936	0.00237426431246656
chrM	2937	2937	0.00261816177483809
chrM	2938	2938	0.00106771371495488
chrM	2939	2939	0.000757341044442149
chrM	2940	2940	0.00106613474567528
chrM	2941	2941	0.00185452297547909
chrM	2942	2942	0.00123503379189681
chrM	2943	2943	0.000171526586620926
chrM	2944	2944	0
chrM	2945	2945	0.000963026655202064
chrM	2946	2946	6.88065503835965e-05
chrM	2947	2947	0
chrM	2948	2948	3.44103781700561e-05
chrM	2949	2949	0.000103224030554313
chrM	2950	2950	0.000309640129360765
chrM	2951	2951	0.0100810571486956
chrM	2952	2952	0.00656381107051022
chrM	2953	2953	3.38352224665877e-05
chrM	2954	2954	0
chrM	2955	2955	0.000169210463975092
chrM	2956	2956	6.76796047511083e-05
chrM	2957	2957	0.000236830530838718
chrM	2958	2958	0.000202970129562599
chrM	2959	2959	0.000709891150023663
chrM	2960	2960	0.000202798620969377
chrM	2961	2961	0
chrM	2962	2962	0.000473004932765727
chrM	2963	2963	0.000101354775499172
chrM	2964	2964	0.00340090241767122
chrM	2965	2965	0.000336632330168989
chrM	2966	2966	0.00060557125555107
chrM	2967	2967	0.000437165820358476
chrM	2968	2968	0.00972425735979752
chrM	2969	2969	0.00374917053749171
chrM	2970	2970	0.000464329541308746
chrM	2971	2971	0.000165820979670348
chrM	2972	2972	9.94892883199575e-05
chrM	2973	2973	0.00360199596840818
chrM	2974	2974	0
chrM	2975	2975	0.000297363378047975
chrM	2976	2976	0.000462718138551031
chrM	2977	2977	0.0460451621042008
chrM	2978	2978	0.000914105594956659
chrM	2979	2979	0.000504175200882307
chrM	2980	2980	3.15238635647185e-05
chrM	2981	2981	0.00050546534403235
chrM	2982	2982	6.32211158526948e-05
chrM	2983	2983	3.16105579263474e-05
chrM	2984	2984	0
chrM	2985	2985	3.16455696202532e-05
chrM	2986	2986	0.000126654423405737
chrM	2987	2987	0.000126698552469038
chrM	2988	2988	3.16927075080024e-05
chrM	2989	2989	3.17138145376126e-05
chrM	2990	2990	0.000602619810333344
chrM	2991	2991	0.00082450688146128
chrM	2992	2992	0.00202653494189544
chrM	2993	2993	0.00513855174805334
chrM	2994	2994	0.00148068804738202
chrM	2995	2995	0.00511196136235338
chrM	2996	2996	0.00278377279409465
chrM	2997	2997	0.00234309100565466
chrM	2998	2998	0.00268021317044286
chrM	2999	2999	0.00385212799005902
chrM	3000	3000	0.00245391052664695
chrM	3001	3001	0.0263638079657711
chrM	3002	3002	0.000161149966158507
chrM	3003	3003	3.24117589861602e-05
chrM	3004	3004	0
chrM	3005	3005	0.00191577208918249
chrM	3006	3006	0.000165409554055842
chrM	3007	3007	0.000496179418477722
chrM	3008	3008	0.000264602765098895
chrM	3009	3009	0.00155212839734487
chrM	3010	3010	0.000297137574697085
chrM	3011	3011	0.000231053604436229
chrM	3012	3012	0.000132013201320132
chrM	3013	3013	9.90131687514439e-05
chrM	3014	3014	0
chrM	3015	3015	0
chrM	3016	3016	0
chrM	3017	3017	0
chrM	3018	3018	0.00208402249421105
chrM	3019	3019	0
chrM	3020	3020	0
chrM	3021	3021	0.000165464292805613
chrM	3022	3022	9.92851469420175e-05
chrM	3023	3023	9.92752903802244e-05
chrM	3024	3024	3.30917634600748e-05
chrM	3025	3025	6.62295516259355e-05
chrM	3026	3026	0.000629034927992054
chrM	3027	3027	0
chrM	3028	3028	0
chrM	3029	3029	6.63525977042001e-05
chrM	3030	3030	6.64451827242525e-05
chrM	3031	3031	3.32723340542339e-05
chrM	3032	3032	0
chrM	3033	3033	0.000133636242148871
chrM	3034	3034	0.00154595866240968
chrM	3035	3035	0.000930970277911868
chrM	3036	3036	0.00200577099021747
chrM	3037	3037	0.00350355664083236
chrM	3038	3038	0.00563330380868025
chrM	3039	3039	0.030399117667333
chrM	3040	3040	0.00103770321687997
chrM	3041	3041	0.00395476306112537
chrM	3042	3042	0.000452315507463206
chrM	3043	3043	0.00121667561281088
chrM	3044	3044	0.00288216383992905
chrM	3045	3045	0.0093976274842089
chrM	3046	3046	0.00627581397843695
chrM	3047	3047	0.010989010989011
chrM	3048	3048	0.00485851575013348
chrM	3049	3049	0.00128006827030775
chrM	3050	3050	0.00107181136120043
chrM	3051	3051	0.000914076782449726
chrM	3052	3052	0.000215703192407248
chrM	3053	3053	0.000217971772655441
chrM	3054	3054	0.00187204052417135
chrM	3055	3055	0
chrM	3056	3056	0
chrM	3057	3057	0
chrM	3058	3058	0
chrM	3059	3059	5.60475283040018e-05
chrM	3060	3060	0.000392310710082385
chrM	3061	3061	0.00106382978723404
chrM	3062	3062	0.00340382791138887
chrM	3063	3063	0.00133741989412093
chrM	3064	3064	0.000334243217648042
chrM	3065	3065	0.00127969732376342
chrM	3066	3066	5.56359185490152e-05
chrM	3067	3067	0
chrM	3068	3068	5.56421099488093e-05
chrM	3069	3069	0.000667482478584937
chrM	3070	3070	0.000500389191593462
chrM	3071	3071	0.000611586789725342
chrM	3072	3072	0.000666740748972108
chrM	3073	3073	0
chrM	3074	3074	0.000222246916324036
chrM	3075	3075	0.000111111111111111
chrM	3076	3076	5.55524693072607e-05
chrM	3077	3077	0.000499722376457524
chrM	3078	3078	0.000665852846520919
chrM	3079	3079	0.00105321507760532
chrM	3080	3080	0.000942402572204668
chrM	3081	3081	0.000498697844517094
chrM	3082	3082	0.00221153314535302
chrM	3083	3083	0.0132031207376289
chrM	3084	3084	0.0201026518391788
chrM	3085	3085	0.00669607270021789
chrM	3086	3086	0.00376059322033898
chrM	3087	3087	0.00169294254576235
chrM	3088	3088	0.0019539501478665
chrM	3089	3089	0.000911430409607549
chrM	3090	3090	0.001071524243236
chrM	3091	3091	0.000856714499892911
chrM	3092	3092	0.00304715064685128
chrM	3093	3093	0.000892697732547759
chrM	3094	3094	0.000240514701461127
chrM	3095	3095	0
chrM	3096	3096	0.000365163410626255
chrM	3097	3097	0.000426101777453129
chrM	3098	3098	0.000304302842188546
chrM	3099	3099	0.000729793833242109
chrM	3100	3100	6.08124543906592e-05
chrM	3101	3101	0.000972348830142814
chrM	3102	3102	0.00447697985359066
chrM	3103	3103	0.000120984816405541
chrM	3104	3104	0.0007857833655706
chrM	3105	3105	0.000785498489425982
chrM	3106	3106	0.00132834198768265
chrM	3107	3107	6.04120099075696e-05
chrM	3108	3108	0.000120853223759744
chrM	3109	3109	6.04631477114699e-05
chrM	3110	3110	0.00254699818071559
chrM	3111	3111	0.108359638619789
chrM	3112	3112	0.00201207243460765
chrM	3113	3113	0.000272242186649243
chrM	3114	3114	5.44662309368192e-05
chrM	3115	3115	0.000326708412741628
chrM	3116	3116	0.000272197724427024
chrM	3117	3117	0.000978952520802741
chrM	3118	3118	0.00222487518992837
chrM	3119	3119	0.00119286450143686
chrM	3120	3120	0.000866879774611259
chrM	3121	3121	0.00140677415864084
chrM	3122	3122	0.000162381596752368
chrM	3123	3123	0.00398964847962044
chrM	3124	3124	0.000215691561067673
chrM	3125	3125	0.00118540869658926
chrM	3126	3126	5.39490720759603e-05
chrM	3127	3127	0.000108038029386344
chrM	3128	3128	0.000108055540547842
chrM	3129	3129	0
chrM	3130	3130	0.000971869769450894
chrM	3131	3131	0.071955071955072
chrM	3132	3132	0.00494406711945665
chrM	3133	3133	0.000149805253170878
chrM	3134	3134	4.99325910021471e-05
chrM	3135	3135	0.000199730364008588
chrM	3136	3136	0.00104753828503018
chrM	3137	3137	0.000349231690281381
chrM	3138	3138	0.012039869732557
chrM	3139	3139	0.000345593680572698
chrM	3140	3140	0.00024682825689885
chrM	3141	3141	0.000246950165456611
chrM	3142	3142	0.000740375123395854
chrM	3143	3143	0.000741436409470614
chrM	3144	3144	9.88533017002768e-05
chrM	3145	3145	4.94290939647076e-05
chrM	3146	3146	0.000944193211747751
chrM	3147	3147	0.000149090547659278
chrM	3148	3148	0.000596154801530131
chrM	3149	3149	0
chrM	3150	3150	0.00178890876565295
chrM	3151	3151	0.00341837998513748
chrM	3152	3152	0
chrM	3153	3153	0.000346774992569107
chrM	3154	3154	4.95687518588282e-05
chrM	3155	3155	4.95785820525533e-05
chrM	3156	3156	9.91522482772297e-05
chrM	3157	3157	4.95785820525533e-05
chrM	3158	3158	0.00148514851485149
chrM	3159	3159	4.95049504950495e-05
chrM	3160	3160	4.95074013565028e-05
chrM	3161	3161	0.000544285007422068
chrM	3162	3162	0.00014844871097036
chrM	3163	3163	0
chrM	3164	3164	4.94853523357086e-05
chrM	3165	3165	9.89707046714173e-05
chrM	3166	3166	0
chrM	3167	3167	0
chrM	3168	3168	0
chrM	3169	3169	0.000247439006284951
chrM	3170	3170	0.00014846340377097
chrM	3171	3171	0
chrM	3172	3172	0.000197912028103508
chrM	3173	3173	0.000197872866683156
chrM	3174	3174	0.000197833720757703
chrM	3175	3175	0.000494339809184834
chrM	3176	3176	0.000740960284528749
chrM	3177	3177	0.000543075783757097
chrM	3178	3178	0.0109385682195527
chrM	3179	3179	0.000244905956112853
chrM	3180	3180	0.000636786676463385
chrM	3181	3181	0.000294565270754578
chrM	3182	3182	0.000484313619975246
chrM	3183	3183	0.000486092357547934
chrM	3184	3184	0.000162937214859874
chrM	3185	3185	0.000271931255778539
chrM	3186	3186	0.000491346836272315
chrM	3187	3187	0.00387893356643357
chrM	3188	3188	0.0096419478901468
chrM	3189	3189	0.000162619254119688
chrM	3190	3190	0.00178697135430768
chrM	3191	3191	5.41917303419498e-05
chrM	3192	3192	0
chrM	3193	3193	0.000108442227403351
chrM	3194	3194	0
chrM	3195	3195	0.00059623827849748
chrM	3196	3196	0.000162584001734229
chrM	3197	3197	0
chrM	3198	3198	5.41946672447431e-05
chrM	3199	3199	0.000108389334489486
chrM	3200	3200	0.000379218809252939
chrM	3201	3201	0.000270797227036395
chrM	3202	3202	0.00102797164962398
chrM	3203	3203	0.00194436943019174
chrM	3204	3204	0.00183377379860849
chrM	3205	3205	0.00134654745233222
chrM	3206	3206	0.000376891186130404
chrM	3207	3207	0.000323014804845222
chrM	3208	3208	0.000107921433196633
chrM	3209	3209	0
chrM	3210	3210	0
chrM	3211	3211	0
chrM	3212	3212	0
chrM	3213	3213	0.000141073569866685
chrM	3214	3214	0
chrM	3215	3215	0
chrM	3216	3216	0
chrM	3217	3217	0.00219081272084806
chrM	3218	3218	0.000635683006074304
chrM	3219	3219	0
chrM	3220	3220	0.00351939184908848
chrM	3221	3221	7.07113562438128e-05
chrM	3222	3222	0
chrM	3223	3223	0
chrM	3224	3224	0
chrM	3225	3225	0.000142460289194387
chrM	3226	3226	0
chrM	3227	3227	0
chrM	3228	3228	0
chrM	3229	3229	0
chrM	3230	3230	0
chrM	3231	3231	0.000143688483368058
chrM	3232	3232	7.1854566357692e-05
chrM	3233	3233	0.00122100122100122
chrM	3234	3234	0
chrM	3235	3235	0
chrM	3236	3236	0.00150634818162255
chrM	3237	3237	0
chrM	3238	3238	0
chrM	3239	3239	0
chrM	3240	3240	0
chrM	3241	3241	7.21188518678783e-05
chrM	3242	3242	0
chrM	3243	3243	0.000579500181093807
chrM	3244	3244	0.00662394700842393
chrM	3245	3245	0.00358963313949314
chrM	3246	3246	0.000359221208420145
chrM	3247	3247	0.000143988480921526
chrM	3248	3248	0.000216107189165826
chrM	3249	3249	7.20461095100865e-05
chrM	3250	3250	0.000144144144144144
chrM	3251	3251	0.00101317122593718
chrM	3252	3252	0.000144749221972932
chrM	3253	3253	0.00137382501807664
chrM	3254	3254	0.000144980065241029
chrM	3255	3255	0
chrM	3256	3256	0
chrM	3257	3257	0
chrM	3258	3258	0
chrM	3259	3259	0
chrM	3260	3260	0
chrM	3261	3261	0
chrM	3262	3262	0
chrM	3263	3263	0.000146541617819461
chrM	3264	3264	0.00190448285965426
chrM	3265	3265	7.33299112708074e-05
chrM	3266	3266	0.00021997360316762
chrM	3267	3267	0.000293212138982554
chrM	3268	3268	0.000366649556354037
chrM	3269	3269	0.000220264317180617
chrM	3270	3270	7.34160487482564e-05
chrM	3271	3271	0
chrM	3272	3272	0.000220377580254169
chrM	3273	3273	7.39535571660997e-05
chrM	3274	3274	0.000672444710101614
chrM	3275	3275	0
chrM	3276	3276	0
chrM	3277	3277	0
chrM	3278	3278	7.62718328121425e-05
chrM	3279	3279	0
chrM	3280	3280	7.627765064836e-05
chrM	3281	3281	0
chrM	3282	3282	0
chrM	3283	3283	0
chrM	3284	3284	0
chrM	3285	3285	0
chrM	3286	3286	0.000229410415232852
chrM	3287	3287	0
chrM	3288	3288	0
chrM	3289	3289	7.65052406089817e-05
chrM	3290	3290	0
chrM	3291	3291	0
chrM	3292	3292	7.65872711955273e-05
chrM	3293	3293	0.000153186274509804
chrM	3294	3294	0
chrM	3295	3295	7.66107408258638e-05
chrM	3296	3296	0.000153256704980843
chrM	3297	3297	0.000229885057471264
chrM	3298	3298	7.66342248448157e-05
chrM	3299	3299	0.000918906501263496
chrM	3300	3300	0
chrM	3301	3301	0.000306419488279455
chrM	3302	3302	7.66166104811523e-05
chrM	3303	3303	0.000229867443107808
chrM	3304	3304	0.0130076382061559
chrM	3305	3305	7.58725341426404e-05
chrM	3306	3306	0.000228015505054344
chrM	3307	3307	0
chrM	3308	3308	0
chrM	3309	3309	0
chrM	3310	3310	0
chrM	3311	3311	0
chrM	3312	3312	0
chrM	3313	3313	0
chrM	3314	3314	0.000270855904658722
chrM	3315	3315	9.0293453724605e-05
chrM	3316	3316	0
chrM	3317	3317	0.00045134500812421
chrM	3318	3318	0.000815734614338802
chrM	3319	3319	0.000543773790103317
chrM	3320	3320	0.000362417323548066
chrM	3321	3321	0.00200254869834335
chrM	3322	3322	0.00221627112383415
chrM	3323	3323	0.0102874988518416
chrM	3324	3324	0.00147058823529412
chrM	3325	3325	0.00722450845907636
chrM	3326	3326	0.00292104062072113
chrM	3327	3327	0.00227686703096539
chrM	3328	3328	0.00154587614804037
chrM	3329	3329	0.00199655141119884
chrM	3330	3330	0.00135943447525829
chrM	3331	3331	0.000362417323548066
chrM	3332	3332	0.00307108662270798
chrM	3333	3333	0.0772693173293323
chrM	3334	3334	0.0070364238410596
chrM	3335	3335	0.0124315040484174
chrM	3336	3336	0.011162339238049
chrM	3337	3337	0.00897795591182365
chrM	3338	3338	0.00676805478143164
chrM	3339	3339	0.0046762304826821
chrM	3340	3340	0.00371130764371447
chrM	3341	3341	0.00338396159597072
chrM	3342	3342	0.00329696208493602
chrM	3343	3343	0.0105058365758755
chrM	3344	3344	0.0441931403913399
chrM	3345	3345	0.00745937961595273
chrM	3346	3346	0.00140128328047791
chrM	3347	3347	0.000368622825125332
chrM	3348	3348	0.000957572186210961
chrM	3349	3349	0.00044176115446915
chrM	3350	3350	0.00132352941176471
chrM	3351	3351	0.0038092447439748
chrM	3352	3352	0.00379728348181685
chrM	3353	3353	0.000437956204379562
chrM	3354	3354	0.000437764482708303
chrM	3355	3355	0.0026197060107699
chrM	3356	3356	0.00123555490951377
chrM	3357	3357	0
chrM	3358	3358	0
chrM	3359	3359	0.00130718954248366
chrM	3360	3360	0.00412236927750054
chrM	3361	3361	0.00952790314492442
chrM	3362	3362	0.00499037570399943
chrM	3363	3363	0.000925925925925926
chrM	3364	3364	0.000640614990390775
chrM	3365	3365	0.00142156514322269
chrM	3366	3366	0.00614667231877914
chrM	3367	3367	0.00993493318407612
chrM	3368	3368	0.168054504163513
chrM	3369	3369	0.0352848634678054
chrM	3370	3370	0.00123456790123457
chrM	3371	3371	0.000897062121551918
chrM	3372	3372	0.000112126478667937
chrM	3373	3373	0
chrM	3374	3374	0
chrM	3375	3375	0.000336322869955157
chrM	3376	3376	0.00167879127028539
chrM	3377	3377	0.00273452759640605
chrM	3378	3378	0.00516322451698867
chrM	3379	3379	0.0119583104772353
chrM	3380	3380	0.00268067180917993
chrM	3381	3381	0.000328137817883511
chrM	3382	3382	0.000164041994750656
chrM	3383	3383	0.000328137817883511
chrM	3384	3384	0.00207457553092755
chrM	3385	3385	0.000382262996941896
chrM	3386	3386	0.0213789417423838
chrM	3387	3387	0.000213743721278187
chrM	3388	3388	0.0289080340460868
chrM	3389	3389	0.000881514130152969
chrM	3390	3390	0.00310157663478935
chrM	3391	3391	0.00785138810489044
chrM	3392	3392	0.00784114052953157
chrM	3393	3393	0.00127129417747267
chrM	3394	3394	0.000305033045246568
chrM	3395	3395	0.000254388196387688
chrM	3396	3396	0.00020351055711015
chrM	3397	3397	0.00127045431446285
chrM	3398	3398	0.000254052131497383
chrM	3399	3399	0.00716339605508752
chrM	3400	3400	0.00231516432633751
chrM	3401	3401	0.00130686102035687
chrM	3402	3402	0.000803575912812013
chrM	3403	3403	0.0375598201769227
chrM	3404	3404	0.00144808611285418
chrM	3405	3405	0.000964506172839506
chrM	3406	3406	0.00125246880870948
chrM	3407	3407	0.0096369448022518
chrM	3408	3408	0.00493756824763804
chrM	3409	3409	0.00156442590310041
chrM	3410	3410	0
chrM	3411	3411	4.76553564620663e-05
chrM	3412	3412	4.77258626449673e-05
chrM	3413	3413	0
chrM	3414	3414	9.56480153036825e-05
chrM	3415	3415	4.78697941598851e-05
chrM	3416	3416	0
chrM	3417	3417	0
chrM	3418	3418	0
chrM	3419	3419	4.78720857867777e-05
chrM	3420	3420	0
chrM	3421	3421	0
chrM	3422	3422	0.000239303149229444
chrM	3423	3423	0.00052618990672088
chrM	3424	3424	0.000812541822005544
chrM	3425	3425	0.000716435019343746
chrM	3426	3426	0.00185926773455378
chrM	3427	3427	0.00488637980928887
chrM	3428	3428	0.000521574205784732
chrM	3429	3429	0.000189627382193989
chrM	3430	3430	0
chrM	3431	3431	9.48047023132347e-05
chrM	3432	3432	4.74001042802294e-05
chrM	3433	3433	0.000189564475617269
chrM	3434	3434	0.000236899459869232
chrM	3435	3435	0.000473574540632696
chrM	3436	3436	0.000851708148007949
chrM	3437	3437	0.00037839371866427
chrM	3438	3438	9.45894816496406e-05
chrM	3439	3439	0.000236417797531798
chrM	3440	3440	4.72813238770686e-05
chrM	3441	3441	0
chrM	3442	3442	0
chrM	3443	3443	0.000236373091287288
chrM	3444	3444	4.72723834735747e-05
chrM	3445	3445	0
chrM	3446	3446	4.7270148900969e-05
chrM	3447	3447	9.45313607789384e-05
chrM	3448	3448	9.45268929010303e-05
chrM	3449	3449	4.72612127227185e-05
chrM	3450	3450	4.72589792060492e-05
chrM	3451	3451	0.000472411186696901
chrM	3452	3452	0.00113250283125708
chrM	3453	3453	0.00646976090014065
chrM	3454	3454	0.00387633102932935
chrM	3455	3455	0.0031193258531589
chrM	3456	3456	0.000325793539979522
chrM	3457	3457	0.000232655530221953
chrM	3458	3458	0.000139586823003908
chrM	3459	3459	0.000139573834558481
chrM	3460	3460	0
chrM	3461	3461	4.6935135642542e-05
chrM	3462	3462	9.41176470588235e-05
chrM	3463	3463	0.000188563616650167
chrM	3464	3464	0.000377091680414801
chrM	3465	3465	0.00061239871867345
chrM	3466	3466	0.00136515558066187
chrM	3467	3467	0
chrM	3468	3468	0
chrM	3469	3469	0.000141236288310343
chrM	3470	3470	0.00150439565605754
chrM	3471	3471	0.000235017626321974
chrM	3472	3472	0.00820551074642174
chrM	3473	3473	0.000279668127155775
chrM	3474	3474	0.000465896384644055
chrM	3475	3475	0.00204575041844895
chrM	3476	3476	9.29800092980009e-05
chrM	3477	3477	0.00125365649811952
chrM	3478	3478	0.00130081300813008
chrM	3479	3479	0.000139353400222965
chrM	3480	3480	0.00013934045517882
chrM	3481	3481	0.000417846696689726
chrM	3482	3482	0.0011595547309833
chrM	3483	3483	0.00189806027498727
chrM	3484	3484	0.00908381887415699
chrM	3485	3485	0.00315558401170767
chrM	3486	3486	0.00050281117155003
chrM	3487	3487	0.00545528935763968
chrM	3488	3488	0.00208683028625868
chrM	3489	3489	0.00284990500316656
chrM	3490	3490	0.015980413977298
chrM	3491	3491	0.00155555555555556
chrM	3492	3492	0.00204027321919631
chrM	3493	3493	0.000664864146092815
chrM	3494	3494	0.000265886732252061
chrM	3495	3495	0.000575756233668453
chrM	3496	3496	4.4292864419542e-05
chrM	3497	3497	0
chrM	3498	3498	4.44622293361789e-05
chrM	3499	3499	0.000569259962049336
chrM	3500	3500	0.000285293138700014
chrM	3501	3501	0.000380970522405829
chrM	3502	3502	0.00014288435892551
chrM	3503	3503	0.00109430012370349
chrM	3504	3504	0.000237846066026068
chrM	3505	3505	0.00133016627078385
chrM	3506	3506	0.000285035629453682
chrM	3507	3507	0.01099469059813
chrM	3508	3508	0.000328808304758326
chrM	3509	3509	0.00527988038501075
chrM	3510	3510	0.000140167266271083
chrM	3511	3511	4.67486326024964e-05
chrM	3512	3512	9.34885242836442e-05
chrM	3513	3513	0.000187038249321986
chrM	3514	3514	0.000187038249321986
chrM	3515	3515	0.000374146478346273
chrM	3516	3516	0.000187099490153889
chrM	3517	3517	9.35716290820623e-05
chrM	3518	3518	0.000374566907013765
chrM	3519	3519	0.000234082397003745
chrM	3520	3520	0.000187344855041918
chrM	3521	3521	0.00145002104869264
chrM	3522	3522	0.000140304929379852
chrM	3523	3523	0.022983778843957
chrM	3524	3524	0.00200647544347667
chrM	3525	3525	0.00100223224454467
chrM	3526	3526	0.00236352893050316
chrM	3527	3527	0.0032168909428662
chrM	3528	3528	0.00126702565726956
chrM	3529	3529	0.000587969244685663
chrM	3530	3530	0.000226121562952243
chrM	3531	3531	0.000994664978750339
chrM	3532	3532	0.00758970674091705
chrM	3533	3533	0.000269529670724586
chrM	3534	3534	0.000134770889487871
chrM	3535	3535	4.49216117874309e-05
chrM	3536	3536	8.98432235748619e-05
chrM	3537	3537	0.000314352433985989
chrM	3538	3538	0
chrM	3539	3539	0.000224547536713522
chrM	3540	3540	0.000134716421931833
chrM	3541	3541	0.000538599640933573
chrM	3542	3542	0.000314098537198241
chrM	3543	3543	0.000314028083082859
chrM	3544	3544	0.000627690100430416
chrM	3545	3545	4.48329970858552e-05
chrM	3546	3546	0.000179299834147653
chrM	3547	3547	0.00143240823634736
chrM	3548	3548	0.000358021928843142
chrM	3549	3549	0.000939093104373491
chrM	3550	3550	0.00640740411141764
chrM	3551	3551	0.0128475888771559
chrM	3552	3552	0.00868047982551799
chrM	3553	3553	0.00576931418904264
chrM	3554	3554	0.0443652044116428
chrM	3555	3555	0.00120107682750052
chrM	3556	3556	0.000951868559367628
chrM	3557	3557	0.00173812282734647
chrM	3558	3558	0.00936739157347419
chrM	3559	3559	0.00400297127764939
chrM	3560	3560	0.00505195711997371
chrM	3561	3561	0.00258143822987093
chrM	3562	3562	0.0100276063657031
chrM	3563	3563	0.00633370985960949
chrM	3564	3564	0.00357760180086023
chrM	3565	3565	0.0227514268844716
chrM	3566	3566	0.000983554961051224
chrM	3567	3567	0.00055061747817195
chrM	3568	3568	0.000668370355808925
chrM	3569	3569	0.00231563248165156
chrM	3570	3570	0.000117776381909548
chrM	3571	3571	0.000627943485086342
chrM	3572	3572	0.000157022846824213
chrM	3573	3573	0.00011781801044653
chrM	3574	3574	0.000510404397330192
chrM	3575	3575	0.00051036432160804
chrM	3576	3576	0.000550033394884689
chrM	3577	3577	0.00493208595921243
chrM	3578	3578	0.000665127743651943
chrM	3579	3579	0.00206998906420872
chrM	3580	3580	0.00218332098717299
chrM	3581	3581	0.0013296832225264
chrM	3582	3582	0.000670082774931021
chrM	3583	3583	0.0066079295154185
chrM	3584	3584	0.000751973931570372
chrM	3585	3585	0.000179977502812148
chrM	3586	3586	9.506155235515e-05
chrM	3587	3587	0.000291729469538581
chrM	3588	3588	0.000292740046838407
chrM	3589	3589	4.88328938372888e-05
chrM	3590	3590	0.000439324416674802
chrM	3591	3591	0.000585508660648939
chrM	3592	3592	0.00109002625972353
chrM	3593	3593	0.000644713350525689
chrM	3594	3594	0.000198965380023876
chrM	3595	3595	0.000398227885907711
chrM	3596	3596	9.95569714769277e-05
chrM	3597	3597	0.000199123855037834
chrM	3598	3598	4.97883993029624e-05
chrM	3599	3599	4.97908783110934e-05
chrM	3600	3600	0.000149350326081545
chrM	3601	3601	9.95569714769277e-05
chrM	3602	3602	0.000199074304484149
chrM	3603	3603	9.95272455834785e-05
chrM	3604	3604	0.000348224057307731
chrM	3605	3605	0.00114285714285714
chrM	3606	3606	0.00188464018251252
chrM	3607	3607	0.000693962526023595
chrM	3608	3608	0
chrM	3609	3609	0.000198235702249975
chrM	3610	3610	0.000148676776687481
chrM	3611	3611	0
chrM	3612	3612	0
chrM	3613	3613	0
chrM	3614	3614	9.91276764472641e-05
chrM	3615	3615	0.000643915003219575
chrM	3616	3616	0.000297103243377074
chrM	3617	3617	0.0010387811634349
chrM	3618	3618	0.00123511684205326
chrM	3619	3619	0.000592504814101615
chrM	3620	3620	4.93729633652612e-05
chrM	3621	3621	4.93705257960997e-05
chrM	3622	3622	0
chrM	3623	3623	0
chrM	3624	3624	0.000100120144173008
chrM	3625	3625	0.000650390234140484
chrM	3626	3626	0.00259481037924152
chrM	3627	3627	0.00683913172762414
chrM	3628	3628	0.00483330045373841
chrM	3629	3629	0.00627327974906881
chrM	3630	3630	0.000832598687432657
chrM	3631	3631	0.000978569331637146
chrM	3632	3632	0.0036613942589338
chrM	3633	3633	0.00510129718699898
chrM	3634	3634	0.00833614417192695
chrM	3635	3635	0.0201421800947867
chrM	3636	3636	0.000521203506278133
chrM	3637	3637	0.000284333238555587
chrM	3638	3638	0.00151421946718402
chrM	3639	3639	0.0011352885525071
chrM	3640	3640	0.0278684755116119
chrM	3641	3641	0.0132140586686041
chrM	3642	3642	0.0226384943181818
chrM	3643	3643	0.0137466071272218
chrM	3644	3644	0.0819869785387027
chrM	3645	3645	0.00927732430818236
chrM	3646	3646	0.0552943389129208
chrM	3647	3647	0.00131519615211183
chrM	3648	3648	0.00052599939885783
chrM	3649	3649	0.00045461433550538
chrM	3650	3650	0.000608874343557348
chrM	3651	3651	0.000419271230370483
chrM	3652	3652	0.000918836140888208
chrM	3653	3653	0.000841654233138223
chrM	3654	3654	0.00271147603589842
chrM	3655	3655	0.0162671876174018
chrM	3656	3656	0.0139665839291668
chrM	3657	3657	0.00630856636906958
chrM	3658	3658	0.0553044215284645
chrM	3659	3659	0.00201221449500477
chrM	3660	3660	0.00130502257336343
chrM	3661	3661	0.000564812199943519
chrM	3662	3662	0.000494822040787474
chrM	3663	3663	0.000530879490355689
chrM	3664	3664	0.000778761061946903
chrM	3665	3665	0.011172206072917
chrM	3666	3666	0.00781847244422823
chrM	3667	3667	0.124490416793429
chrM	3668	3668	0.00943254075882229
chrM	3669	3669	0.0854142550024806
chrM	3670	3670	0.00299524607732681
chrM	3671	3671	0.00241234682968283
chrM	3672	3672	0.00246116823452199
chrM	3673	3673	0.00139336648270586
chrM	3674	3674	0.0339748158707531
chrM	3675	3675	0.000659613202817868
chrM	3676	3676	0.000422007701640555
chrM	3677	3677	0.00467289719626168
chrM	3678	3678	0.000131243929968239
chrM	3679	3679	5.24948161369065e-05
chrM	3680	3680	0.000367328732978249
chrM	3681	3681	0.000104940052994727
chrM	3682	3682	2.6234324990818e-05
chrM	3683	3683	0.00259053799455725
chrM	3684	3684	0.000130818136626462
chrM	3685	3685	0.000235417211613916
chrM	3686	3686	0.000601307189542484
chrM	3687	3687	5.22862147394839e-05
chrM	3688	3688	5.22834810341673e-05
chrM	3689	3689	0.0001829587036069
chrM	3690	3690	2.61376408165399e-05
chrM	3691	3691	0.000339682788534399
chrM	3692	3692	0.00161757416055728
chrM	3693	3693	0.00166701396124193
chrM	3694	3694	0.00559498523545563
chrM	3695	3695	0.00605093081339959
chrM	3696	3696	0.0038994356080041
chrM	3697	3697	0.0005128336624016
chrM	3698	3698	7.69191323521871e-05
chrM	3699	3699	0.000256456287025876
chrM	3700	3700	0.000312053049018333
chrM	3701	3701	0.000156793059293909
chrM	3702	3702	0.000131769666622743
chrM	3703	3703	0.000105766942542108
chrM	3704	3704	0.000555511467343862
chrM	3705	3705	5.29801324503311e-05
chrM	3706	3706	0.000556202987604619
chrM	3707	3707	0.00113768652767489
chrM	3708	3708	0.00103084608674966
chrM	3709	3709	0.00208410278056244
chrM	3710	3710	0.00558791122304423
chrM	3711	3711	0.000576822233875197
chrM	3712	3712	0.00107391691550107
chrM	3713	3713	0.000183515100671141
chrM	3714	3714	0.000105482450357322
chrM	3715	3715	0.00121912435068377
chrM	3716	3716	0.000960128017068942
chrM	3717	3717	0.000614332647773712
chrM	3718	3718	0.0249511145874071
chrM	3719	3719	0.00187436544919689
chrM	3720	3720	0.00140383715489003
chrM	3721	3721	0.00360066314371568
chrM	3722	3722	0.0074371445482385
chrM	3723	3723	0.00537717007220771
chrM	3724	3724	0.0037787612909905
chrM	3725	3725	0.00333989229494615
chrM	3726	3726	0.00377973956041111
chrM	3727	3727	0.00159468785945833
chrM	3728	3728	0.000792133296913412
chrM	3729	3729	5.54538900903898e-05
chrM	3730	3730	0.00111305896429863
chrM	3731	3731	0.000195607220700833
chrM	3732	3732	0.00376842340330505
chrM	3733	3733	0.00654918828916331
chrM	3734	3734	0.00436717432764864
chrM	3735	3735	0.0158872657036372
chrM	3736	3736	0.00285248573757131
chrM	3737	3737	0.000380207484655912
chrM	3738	3738	0.000678481287486091
chrM	3739	3739	0.00443207307515607
chrM	3740	3740	0.00900104476412441
chrM	3741	3741	0.00742969748615253
chrM	3742	3742	0.000247695059859639
chrM	3743	3743	5.5363321799308e-05
chrM	3744	3744	0.000166329387630638
chrM	3745	3745	0.000306355483763159
chrM	3746	3746	0.000200074313316375
chrM	3747	3747	0.000235828199156914
chrM	3748	3748	0.000998336106489185
chrM	3749	3749	0.000194798870166553
chrM	3750	3750	0.000864103160623484
chrM	3751	3751	0.00125043417853421
chrM	3752	3752	0.00823205200678349
chrM	3753	3753	0.000994636069766616
chrM	3754	3754	0.00712113079262838
chrM	3755	3755	0.0112165660051769
chrM	3756	3756	0.00119513255106475
chrM	3757	3757	0.000693987873475053
chrM	3758	3758	0.00138888888888889
chrM	3759	3759	0.00476883873316345
chrM	3760	3760	0.0103081597222222
chrM	3761	3761	0.00374774774774775
chrM	3762	3762	0.00580520318211137
chrM	3763	3763	0.0105035307476669
chrM	3764	3764	0.00177210703526493
chrM	3765	3765	0.00120528909213372
chrM	3766	3766	0.00123942065937179
chrM	3767	3767	0.000354295837023915
chrM	3768	3768	0.000283647709544745
chrM	3769	3769	7.0916956244238e-05
chrM	3770	3770	0
chrM	3771	3771	0.00010636789107928
chrM	3772	3772	3.54685394055473e-05
chrM	3773	3773	0.000957616598687711
chrM	3774	3774	0.000213295414148596
chrM	3775	3775	0.000606017396264081
chrM	3776	3776	0.000143333213888988
chrM	3777	3777	0.000107592439837894
chrM	3778	3778	0.000107642626480086
chrM	3779	3779	0.000179597701149425
chrM	3780	3780	0.000107878744291416
chrM	3781	3781	0.000216880534971986
chrM	3782	3782	0
chrM	3783	3783	0.000146364667569249
chrM	3784	3784	0.000987600131680018
chrM	3785	3785	0.00153402242594689
chrM	3786	3786	0.00411073520317218
chrM	3787	3787	0.0402262727844123
chrM	3788	3788	0.0101628124027792
chrM	3789	3789	0.00213896363761816
chrM	3790	3790	0.001584567688598
chrM	3791	3791	0.00422071237389335
chrM	3792	3792	0.00539341184502475
chrM	3793	3793	0.00360863348539525
chrM	3794	3794	0.00248138957816377
chrM	3795	3795	0.00115461676911061
chrM	3796	3796	0.000238079042242024
chrM	3797	3797	0.000102040816326531
chrM	3798	3798	3.40136054421769e-05
chrM	3799	3799	0.0001020581731587
chrM	3800	3800	0.00763513513513514
chrM	3801	3801	0.000168941748884984
chrM	3802	3802	0.0010126924115582
chrM	3803	3803	0.000944605627150665
chrM	3804	3804	0.00124700886387382
chrM	3805	3805	0.000370594973384543
chrM	3806	3806	0.000673468700542142
chrM	3807	3807	0.000101033913717038
chrM	3808	3808	6.74081563869228e-05
chrM	3809	3809	6.76635766966642e-05
chrM	3810	3810	3.41436765910953e-05
chrM	3811	3811	0.000173991717994223
chrM	3812	3812	0
chrM	3813	3813	3.48407776461571e-05
chrM	3814	3814	0
chrM	3815	3815	0.000104515050167224
chrM	3816	3816	0.0143534097932834
chrM	3817	3817	0.00109777015437393
chrM	3818	3818	0.000137211855104281
chrM	3819	3819	6.86082810195191e-05
chrM	3820	3820	0
chrM	3821	3821	0.000103043209452497
chrM	3822	3822	0
chrM	3823	3823	0
chrM	3824	3824	0
chrM	3825	3825	3.43855305687367e-05
chrM	3826	3826	0.000171904008801485
chrM	3827	3827	0.000412399477627328
chrM	3828	3828	0.000137447598103223
chrM	3829	3829	0.000858339627823937
chrM	3830	3830	6.8662455369404e-05
chrM	3831	3831	3.43300490919702e-05
chrM	3832	3832	0
chrM	3833	3833	0
chrM	3834	3834	0
chrM	3835	3835	3.43441975478243e-05
chrM	3836	3836	3.4346556757685e-05
chrM	3837	3837	3.4346556757685e-05
chrM	3838	3838	0
chrM	3839	3839	6.86883950956486e-05
chrM	3840	3840	0.000446290638195613
chrM	3841	3841	0.000480406286459406
chrM	3842	3842	0.000411621445477309
chrM	3843	3843	0.000308620807900693
chrM	3844	3844	0.000137145991908386
chrM	3845	3845	0.0015405682985279
chrM	3846	3846	0.000376454483230664
chrM	3847	3847	0.00146948260542683
chrM	3848	3848	0.000819560169375768
chrM	3849	3849	0.0194896524010448
chrM	3850	3850	0.00466900116725029
chrM	3851	3851	0.003996270147862
chrM	3852	3852	0.00237521744948481
chrM	3853	3853	0.000669142493894075
chrM	3854	3854	3.34672021419009e-05
chrM	3855	3855	0.000100425133063301
chrM	3856	3856	3.36620998417881e-05
chrM	3857	3857	6.74172453313558e-05
chrM	3858	3858	0.000134934556739981
chrM	3859	3859	6.81082921845735e-05
chrM	3860	3860	0.000273457528627585
chrM	3861	3861	0.000627221409157433
chrM	3862	3862	0.000244490237854074
chrM	3863	3863	3.59234112871358e-05
chrM	3864	3864	0.000478406471534815
chrM	3865	3865	0.000148588410104012
chrM	3866	3866	0.000943710447429777
chrM	3867	3867	0.000227842333105491
chrM	3868	3868	0.00154860911958704
chrM	3869	3869	0.00148988596642026
chrM	3870	3870	0.00779782571574933
chrM	3871	3871	0.0060138431862022
chrM	3872	3872	0.00271585379653729
chrM	3873	3873	0.000622207138412806
chrM	3874	3874	0.000228141219414818
chrM	3875	3875	0.000171135196805476
chrM	3876	3876	0
chrM	3877	3877	0
chrM	3878	3878	0.000345383375546857
chrM	3879	3879	0.000805523590333717
chrM	3880	3880	0.0006325838173558
chrM	3881	3881	0.000861870834290968
chrM	3882	3882	0.000574250602963133
chrM	3883	3883	0.000574052812858783
chrM	3884	3884	0.000344392147859029
chrM	3885	3885	0.00371704694916223
chrM	3886	3886	0.00154232834456758
chrM	3887	3887	0.00154012891449432
chrM	3888	3888	0.00792303338992643
chrM	3889	3889	0.00226090888537192
chrM	3890	3890	0.0307599517490953
chrM	3891	3891	0.000493827160493827
chrM	3892	3892	0.00147985749520417
chrM	3893	3893	0.00192128231871329
chrM	3894	3894	0.0031768636687298
chrM	3895	3895	0.000438404208680403
chrM	3896	3896	0.0308697731257638
chrM	3897	3897	0.000212494687632809
chrM	3898	3898	0.000477935319420105
chrM	3899	3899	0.000371885459278542
chrM	3900	3900	0.0322730080296479
chrM	3901	3901	0.000411776816965205
chrM	3902	3902	0.000476720165262991
chrM	3903	3903	0.000321526177589625
chrM	3904	3904	0.000488785097485472
chrM	3905	3905	0.000164455651792567
chrM	3906	3906	0.00110442321497598
chrM	3907	3907	0.000337742752603434
chrM	3908	3908	0.00230492466831572
chrM	3909	3909	0.000505731625084289
chrM	3910	3910	0.00112283853581855
chrM	3911	3911	0.000392927308447937
chrM	3912	3912	0.00039279501711464
chrM	3913	3913	0.000336568126998373
chrM	3914	3914	0.000280410521002748
chrM	3915	3915	0.0147530113824732
chrM	3916	3916	0.00440140845070423
chrM	3917	3917	0.00290745515387569
chrM	3918	3918	0.00415187107347719
chrM	3919	3919	0.0141641533821629
chrM	3920	3920	0.00626237756248996
chrM	3921	3921	0.00490039416213913
chrM	3922	3922	0.0133501524230001
chrM	3923	3923	0.0489975501224939
chrM	3924	3924	0.00793768914024904
chrM	3925	3925	0.000644649409897848
chrM	3926	3926	0.0318284532910236
chrM	3927	3927	0.000288475407471513
chrM	3928	3928	4.81000481000481e-05
chrM	3929	3929	0
chrM	3930	3930	0.00389086367566529
chrM	3931	3931	0.000432214378331653
chrM	3932	3932	4.80215136381099e-05
chrM	3933	3933	0.000336037636215256
chrM	3934	3934	4.80076812289966e-05
chrM	3935	3935	0
chrM	3936	3936	0.000239992320245752
chrM	3937	3937	9.59923206143508e-05
chrM	3938	3938	0.00124652411544731
chrM	3939	3939	0.000335715313414225
chrM	3940	3940	0.0016289766193944
chrM	3941	3941	0.00172215843857635
chrM	3942	3942	0.00019133263178035
chrM	3943	3943	0.000334752044378557
chrM	3944	3944	0.00100334448160535
chrM	3945	3945	0
chrM	3946	3946	4.77805915237231e-05
chrM	3947	3947	0
chrM	3948	3948	0.000143355473789841
chrM	3949	3949	0.00138391791935099
chrM	3950	3950	0.00451306413301663
chrM	3951	3951	0.00857237059017475
chrM	3952	3952	0.020303631581376
chrM	3953	3953	0.00923513006903488
chrM	3954	3954	0.00146085368637297
chrM	3955	3955	0.00268621380440721
chrM	3956	3956	0.00566585078415375
chrM	3957	3957	0.00163050862810816
chrM	3958	3958	0.000773324841923304
chrM	3959	3959	0.0148481439820022
chrM	3960	3960	0
chrM	3961	3961	0
chrM	3962	3962	0
chrM	3963	3963	0.00157402410505487
chrM	3964	3964	0.00157155044676934
chrM	3965	3965	0.00331170284179906
chrM	3966	3966	0.0209018009727882
chrM	3967	3967	0.00847236704900938
chrM	3968	3968	0.00108502235146044
chrM	3969	3969	0.000216966804078976
chrM	3970	3970	0.000651154714360132
chrM	3971	3971	0.000260563686107613
chrM	3972	3972	0.000217164697706741
chrM	3973	3973	0.00047772083731434
chrM	3974	3974	0
chrM	3975	3975	0.0278377120615983
chrM	3976	3976	8.46202665538396e-05
chrM	3977	3977	0.000296158402436961
chrM	3978	3978	0.000465214633114823
chrM	3979	3979	0.00211130816653999
chrM	3980	3980	0.00181251053785196
chrM	3981	3981	0.000421336479312379
chrM	3982	3982	0.00231209012947705
chrM	3983	3983	0.000336190956463271
chrM	3984	3984	0.000587988240235195
chrM	3985	3985	0.000881242131766681
chrM	3986	3986	0.000252312867956266
chrM	3987	3987	0.00815694804651552
chrM	3988	3988	0.000963471849865952
chrM	3989	3989	4.19164186611896e-05
chrM	3990	3990	0.000587149807079349
chrM	3991	3991	0.00100553041729512
chrM	3992	3992	0.00794079740572902
chrM	3993	3993	0.0119942493325118
chrM	3994	3994	0.0123762376237624
chrM	3995	3995	0.00307455803228286
chrM	3996	3996	0.000606452656262634
chrM	3997	3997	0.000202142712755205
chrM	3998	3998	4.0457984383218e-05
chrM	3999	3999	0
chrM	4000	4000	4.15679428025107e-05
chrM	4001	4001	0
chrM	4002	4002	8.43028157140448e-05
chrM	4003	4003	8.43099232779698e-05
chrM	4004	4004	0.000126448893572181
chrM	4005	4005	4.21478546741971e-05
chrM	4006	4006	4.21478546741971e-05
chrM	4007	4007	0.000126443564022591
chrM	4008	4008	8.42886041807148e-05
chrM	4009	4009	0.000168563000421408
chrM	4010	4010	0.00054759898904802
chrM	4011	4011	0.000631499179051067
chrM	4012	4012	0.00197478991596639
chrM	4013	4013	0.00601403274306716
chrM	4014	4014	0.00453203608997547
chrM	4015	4015	0.00360457408021213
chrM	4016	4016	0.0199780728468754
chrM	4017	4017	0.0103395558416479
chrM	4018	4018	0.0314230019493177
chrM	4019	4019	0.0226429527634347
chrM	4020	4020	0.00924446473407898
chrM	4021	4021	0.0329880043620502
chrM	4022	4022	0.00055016308405706
chrM	4023	4023	0.000433053816778867
chrM	4024	4024	0.000551789374113196
chrM	4025	4025	0.00200819026618365
chrM	4026	4026	0.00995044289226207
chrM	4027	4027	0.0115638339154055
chrM	4028	4028	0.0087371540741311
chrM	4029	4029	0.0178496987152765
chrM	4030	4030	0.0129063633983016
chrM	4031	4031	0.0112089375554898
chrM	4032	4032	0.0165259172976121
chrM	4033	4033	0.00105681279836741
chrM	4034	4034	0.00253331864742813
chrM	4035	4035	0.000184189199145362
chrM	4036	4036	7.44407637622362e-05
chrM	4037	4037	0.00390175021366727
chrM	4038	4038	0.00022294887039239
chrM	4039	4039	0.00137311660357753
chrM	4040	4040	0.00126023944549464
chrM	4041	4041	0.00148049448515804
chrM	4042	4042	0.00014804396905881
chrM	4043	4043	0.00225258493353028
chrM	4044	4044	0.0102700924673806
chrM	4045	4045	0.0151182462834311
chrM	4046	4046	0.0473234799903981
chrM	4047	4047	0.0133315287270759
chrM	4048	4048	6.76681553660847e-05
chrM	4049	4049	6.76658659539195e-05
chrM	4050	4050	6.77300281079617e-05
chrM	4051	4051	0.000169411126922816
chrM	4052	4052	0.000305167503051675
chrM	4053	4053	0.000169612266359103
chrM	4054	4054	0.000440991892533668
chrM	4055	4055	0.00223388052123879
chrM	4056	4056	0.000676475562320311
chrM	4057	4057	0.00323657327804187
chrM	4058	4058	0.00124587514310728
chrM	4059	4059	0.00415842248230994
chrM	4060	4060	0.00167414451215429
chrM	4061	4061	0.00293813228272846
chrM	4062	4062	6.67735042735043e-05
chrM	4063	4063	0.00942769884477493
chrM	4064	4064	0.000597232821261488
chrM	4065	4065	0.000431148845847705
chrM	4066	4066	0.00115951631605102
chrM	4067	4067	0.00300597892511479
chrM	4068	4068	0.0015830612446819
chrM	4069	4069	6.59565346436698e-05
chrM	4070	4070	3.29771797915842e-05
chrM	4071	4071	0.000164869588155769
chrM	4072	4072	0.000197817414526392
chrM	4073	4073	9.89119683481701e-05
chrM	4074	4074	3.29847940099614e-05
chrM	4075	4075	0.000164896774619088
chrM	4076	4076	0.000263765248928454
chrM	4077	4077	0.00325347530316474
chrM	4078	4078	0.000886524822695035
chrM	4079	4079	0.0003282347534957
chrM	4080	4080	0.00180215603394607
chrM	4081	4081	0.000949325651433809
chrM	4082	4082	0.00485389451737955
chrM	4083	4083	0.00557193300722408
chrM	4084	4084	0.0134547778843081
chrM	4085	4085	0.00169096768018377
chrM	4086	4086	0.0847690241196052
chrM	4087	4087	0.000408651741148311
chrM	4088	4088	0.000175136460492133
chrM	4089	4089	0.000204313942967222
chrM	4090	4090	0.000700300545650842
chrM	4091	4091	0.00174886323889472
chrM	4092	4092	0.00409419553413281
chrM	4093	4093	0.00315503068194975
chrM	4094	4094	0.0108228826662086
chrM	4095	4095	0.00231388904759184
chrM	4096	4096	0.000913320204355396
chrM	4097	4097	0.000741543551423193
chrM	4098	4098	0.00165162172167326
chrM	4099	4099	0.0016372253339078
chrM	4100	4100	0.00132130751996323
chrM	4101	4101	0.000488449603493851
chrM	4102	4102	0.00172146668961956
chrM	4103	4103	0.000373391544117647
chrM	4104	4104	0.0182264480997658
chrM	4105	4105	2.82406099971759e-05
chrM	4106	4106	5.65147362174687e-05
chrM	4107	4107	0.00050844585051692
chrM	4108	4108	0.000141222991102952
chrM	4109	4109	0.000508158771385015
chrM	4110	4110	0.00270293099079314
chrM	4111	4111	0.00370297640755183
chrM	4112	4112	0.000840901446350488
chrM	4113	4113	0.0019861806585168
chrM	4114	4114	0.000167822779145223
chrM	4115	4115	2.79743754720676e-05
chrM	4116	4116	0.000111931945377211
chrM	4117	4117	0.00131402370834265
chrM	4118	4118	0
chrM	4119	4119	5.59957443234314e-05
chrM	4120	4120	8.39912649084495e-05
chrM	4121	4121	8.39842109683379e-05
chrM	4122	4122	0.000111966410076977
chrM	4123	4123	0.000111953875003499
chrM	4124	4124	0.00857428270159276
chrM	4125	4125	0.000582378879059319
chrM	4126	4126	8.31923684867308e-05
chrM	4127	4127	0.000221797111092628
chrM	4128	4128	0.000692655085473638
chrM	4129	4129	5.54185485882125e-05
chrM	4130	4130	2.7710042119264e-05
chrM	4131	4131	5.54446662231093e-05
chrM	4132	4132	0.00224091185746694
chrM	4133	4133	0.00234754750331418
chrM	4134	4134	0.00126952585968979
chrM	4135	4135	8.2797449838545e-05
chrM	4136	4136	8.28363154406892e-05
chrM	4137	4137	0.000193439633017382
chrM	4138	4138	0.000165819146584126
chrM	4139	4139	5.54016620498615e-05
chrM	4140	4140	0.000720880583358749
chrM	4141	4141	0.000277200277200277
chrM	4142	4142	0.000526417864959964
chrM	4143	4143	8.31163074195157e-05
chrM	4144	4144	2.77054358065052e-05
chrM	4145	4145	0.000193905817174515
chrM	4146	4146	0.000249259146425901
chrM	4147	4147	0
chrM	4148	4148	0.000166172764283934
chrM	4149	4149	0.00149356935416955
chrM	4150	4150	0.000525384360137153
chrM	4151	4151	0
chrM	4152	4152	0.000221177771633951
chrM	4153	4153	2.76479858442312e-05
chrM	4154	4154	0.0175481487517996
chrM	4155	4155	0.000135825274367054
chrM	4156	4156	0.00832659660468876
chrM	4157	4157	0.000807819694644155
chrM	4158	4158	0.000807384880372474
chrM	4159	4159	0.0108634874990015
chrM	4160	4160	0.00125003324556504
chrM	4161	4161	0.00347553857582511
chrM	4162	4162	0.00277865989202922
chrM	4163	4163	0.000689234684410042
chrM	4164	4164	0.0187619221824453
chrM	4165	4165	0.000182939577670918
chrM	4166	4166	0.000209046486712483
chrM	4167	4167	0.000183159767648752
chrM	4168	4168	0.000470834423227832
chrM	4169	4169	0.000522889487306858
chrM	4170	4170	0.00177471552354108
chrM	4171	4171	0.00179785820370515
chrM	4172	4172	0.00482302605989887
chrM	4173	4173	0.0032825019384854
chrM	4174	4174	0.000103375200289451
chrM	4175	4175	0.000180873879227927
chrM	4176	4176	0.00139344050783165
chrM	4177	4177	0.0121854844877253
chrM	4178	4178	0.0887164234594293
chrM	4179	4179	0.0273545236695754
chrM	4180	4180	0.00707340623807064
chrM	4181	4181	0.00147995335904565
chrM	4182	4182	0.000694709006566121
chrM	4183	4183	0.000918582246717749
chrM	4184	4184	0.00123105848646955
chrM	4185	4185	0.000584400988986289
chrM	4186	4186	6.84618895481515e-05
chrM	4187	4187	2.47813049835204e-05
chrM	4188	4188	0
chrM	4189	4189	0
chrM	4190	4190	0
chrM	4191	4191	3.78357926598562e-05
chrM	4192	4192	7.59849549789142e-05
chrM	4193	4193	0
chrM	4194	4194	0
chrM	4195	4195	0.000114029419590254
chrM	4196	4196	0.000455961699217266
chrM	4197	4197	0.000227980849608633
chrM	4198	4198	0.000341906317668959
chrM	4199	4199	7.59734093067426e-05
chrM	4200	4200	0.000189940738489591
chrM	4201	4201	7.61266747868453e-05
chrM	4202	4202	0
chrM	4203	4203	0.000818649617963512
chrM	4204	4204	7.94028902652057e-05
chrM	4205	4205	3.98660500717589e-05
chrM	4206	4206	0.000159495992663184
chrM	4207	4207	7.97511763298509e-05
chrM	4208	4208	3.98771782908641e-05
chrM	4209	4209	0.000239836910900588
chrM	4210	4210	7.99392461729086e-05
chrM	4211	4211	0
chrM	4212	4212	8.00128020483277e-05
chrM	4213	4213	0
chrM	4214	4214	0
chrM	4215	4215	4.00448502322601e-05
chrM	4216	4216	4.00448502322601e-05
chrM	4217	4217	0.00012012012012012
chrM	4218	4218	0.00104
chrM	4219	4219	0.00027993281612413
chrM	4220	4220	0.000279865664481049
chrM	4221	4221	0.000159910450147917
chrM	4222	4222	0.000199856103605404
chrM	4223	4223	0.00031968031968032
chrM	4224	4224	7.99200799200799e-05
chrM	4225	4225	0.000399456738835184
chrM	4226	4226	0.000718505508542232
chrM	4227	4227	0.00183296142811603
chrM	4228	4228	0.000995262550260759
chrM	4229	4229	0.000636587888915413
chrM	4230	4230	0.00111278912646054
chrM	4231	4231	0.000516385302879841
chrM	4232	4232	0.000476436256799142
chrM	4233	4233	0.000357199555484998
chrM	4234	4234	0.000634618435665556
chrM	4235	4235	0
chrM	4236	4236	3.96620790861857e-05
chrM	4237	4237	3.96667988893296e-05
chrM	4238	4238	3.96699460488734e-05
chrM	4239	4239	7.93398920977467e-05
chrM	4240	4240	7.93335977786593e-05
chrM	4241	4241	0.000237944162436548
chrM	4242	4242	0.000198247492169224
chrM	4243	4243	0.000435954343690552
chrM	4244	4244	0.000831617297639791
chrM	4245	4245	0.00777586276003046
chrM	4246	4246	0.0014009526478005
chrM	4247	4247	0.00076
chrM	4248	4248	0.000239980801535877
chrM	4249	4249	0.000160346348111922
chrM	4250	4250	0.000280696126393456
chrM	4251	4251	0.000160410651267244
chrM	4252	4252	0.00144184556231977
chrM	4253	4253	0.000360418084978575
chrM	4254	4254	0.000641591146042185
chrM	4255	4255	0.000803341902313625
chrM	4256	4256	0.000804020100502513
chrM	4257	4257	0.000685815717282556
chrM	4258	4258	0.00117675701996429
chrM	4259	4259	0.00311267897904129
chrM	4260	4260	0.00757110701862083
chrM	4261	4261	0.00376719807818301
chrM	4262	4262	0.000402645959160196
chrM	4263	4263	0.000175407823188914
chrM	4264	4264	0.00141818826449211
chrM	4265	4265	0.000178773613014719
chrM	4266	4266	0
chrM	4267	4267	0.000122511485451761
chrM	4268	4268	0
chrM	4269	4269	0
chrM	4270	4270	0.000122872765251582
chrM	4271	4271	0
chrM	4272	4272	6.1436382625791e-05
chrM	4273	4273	0.000675343811394892
chrM	4274	4274	0.000184162062615101
chrM	4275	4275	0.000245489137105683
chrM	4276	4276	0
chrM	4277	4277	0
chrM	4278	4278	0
chrM	4279	4279	0
chrM	4280	4280	0
chrM	4281	4281	0
chrM	4282	4282	0.00079774177712322
chrM	4283	4283	0.000122714443489999
chrM	4284	4284	6.1353457267317e-05
chrM	4285	4285	0.000184026499815973
chrM	4286	4286	0.000183992640294388
chrM	4287	4287	0.000857948277975242
chrM	4288	4288	6.12782645995465e-05
chrM	4289	4289	0
chrM	4290	4290	0
chrM	4291	4291	6.12857755714899e-05
chrM	4292	4292	0
chrM	4293	4293	0
chrM	4294	4294	6.15006150061501e-05
chrM	4295	4295	0
chrM	4296	4296	0
chrM	4297	4297	0
chrM	4298	4298	0
chrM	4299	4299	0
chrM	4300	4300	0
chrM	4301	4301	0
chrM	4302	4302	0
chrM	4303	4303	0.000123039064903107
chrM	4304	4304	0
chrM	4305	4305	0
chrM	4306	4306	0
chrM	4307	4307	0
chrM	4308	4308	0
chrM	4309	4309	0.000184535892231039
chrM	4310	4310	0.00104461103600836
chrM	4311	4311	0.000982318271119843
chrM	4312	4312	0.000429632357454121
chrM	4313	4313	0.000122737035900583
chrM	4314	4314	0
chrM	4315	4315	0
chrM	4316	4316	0
chrM	4317	4317	6.14628149969269e-05
chrM	4318	4318	6.15611918246737e-05
chrM	4319	4319	0
chrM	4320	4320	0
chrM	4321	4321	0.000276071502519152
chrM	4322	4322	0.000345113197128658
chrM	4323	4323	0.000965850293204553
chrM	4324	4324	0.00192837465564738
chrM	4325	4325	0.000206568890725057
chrM	4326	4326	0.000137722076848919
chrM	4327	4327	0.000206540447504303
chrM	4328	4328	0.000137760022041604
chrM	4329	4329	0.000826389367123476
chrM	4330	4330	0.00165141402325741
chrM	4331	4331	0.00116870617351849
chrM	4332	4332	0.0357379657870309
chrM	4333	4333	0.00244725180236788
chrM	4334	4334	0.0023754536456615
chrM	4335	4335	0.00138376383763838
chrM	4336	4336	0.000131769666622743
chrM	4337	4337	0.000131760985572172
chrM	4338	4338	6.58848333113717e-05
chrM	4339	4339	6.59108884787767e-05
chrM	4340	4340	0.000131943528169943
chrM	4341	4341	0
chrM	4342	4342	0
chrM	4343	4343	0.000198675496688742
chrM	4344	4344	0
chrM	4345	4345	0
chrM	4346	4346	0
chrM	4347	4347	0
chrM	4348	4348	0
chrM	4349	4349	0.000198662340242368
chrM	4350	4350	0.00013242402171754
chrM	4351	4351	6.62076271186441e-05
chrM	4352	4352	6.6203243958954e-05
chrM	4353	4353	0
chrM	4354	4354	0.000463208046585495
chrM	4355	4355	0
chrM	4356	4356	0
chrM	4357	4357	0.000198478332782005
chrM	4358	4358	6.61594442606682e-05
chrM	4359	4359	0
chrM	4360	4360	6.61681995632899e-05
chrM	4361	4361	0.000925497454881999
chrM	4362	4362	0.000133333333333333
chrM	4363	4363	0.000799573560767591
chrM	4364	4364	0.000266915788068864
chrM	4365	4365	0
chrM	4366	4366	0
chrM	4367	4367	0.000134553283100108
chrM	4368	4368	0.0001360266612256
chrM	4369	4369	0
chrM	4370	4370	0
chrM	4371	4371	0
chrM	4372	4372	0
chrM	4373	4373	0
chrM	4374	4374	7.45378652355396e-05
chrM	4375	4375	7.45323097562794e-05
chrM	4376	4376	0
chrM	4377	4377	0
chrM	4378	4378	0
chrM	4379	4379	0
chrM	4380	4380	0
chrM	4381	4381	0
chrM	4382	4382	0
chrM	4383	4383	0
chrM	4384	4384	0
chrM	4385	4385	0
chrM	4386	4386	0
chrM	4387	4387	0.0024002400240024
chrM	4388	4388	0
chrM	4389	4389	0
chrM	4390	4390	0
chrM	4391	4391	7.5511591029223e-05
chrM	4392	4392	0.000452864367122047
chrM	4393	4393	0.000301955159658791
chrM	4394	4394	0
chrM	4395	4395	0.000452864367122047
chrM	4396	4396	7.54716981132076e-05
chrM	4397	4397	0.000150920615756112
chrM	4398	4398	0
chrM	4399	4399	0
chrM	4400	4400	0
chrM	4401	4401	0
chrM	4402	4402	0
chrM	4403	4403	0
chrM	4404	4404	0
chrM	4405	4405	0
chrM	4406	4406	0
chrM	4407	4407	0
chrM	4408	4408	7.55458185389439e-05
chrM	4409	4409	0
chrM	4410	4410	0
chrM	4411	4411	0
chrM	4412	4412	0
chrM	4413	4413	0
chrM	4414	4414	0
chrM	4415	4415	0
chrM	4416	4416	0
chrM	4417	4417	0
chrM	4418	4418	0.000151114469210427
chrM	4419	4419	0
chrM	4420	4420	0
chrM	4421	4421	0
chrM	4422	4422	0
chrM	4423	4423	0
chrM	4424	4424	0
chrM	4425	4425	0
chrM	4426	4426	0
chrM	4427	4427	0
chrM	4428	4428	0
chrM	4429	4429	0
chrM	4430	4430	0
chrM	4431	4431	0
chrM	4432	4432	0
chrM	4433	4433	0
chrM	4434	4434	0
chrM	4435	4435	7.76518092871564e-05
chrM	4436	4436	7.77121541809139e-05
chrM	4437	4437	0.000155424308361828
chrM	4438	4438	0.000233118346413863
chrM	4439	4439	7.7857365306758e-05
chrM	4440	4440	0
chrM	4441	4441	7.78694907335306e-05
chrM	4442	4442	0
chrM	4443	4443	0
chrM	4444	4444	0
chrM	4445	4445	8.00576415018814e-05
chrM	4446	4446	0.00461239682796569
chrM	4447	4447	8.15195239259803e-05
chrM	4448	4448	0.000245579567779961
chrM	4449	4449	0.00024568012447793
chrM	4450	4450	0.000245660006550933
chrM	4451	4451	0
chrM	4452	4452	0
chrM	4453	4453	0
chrM	4454	4454	0
chrM	4455	4455	0
chrM	4456	4456	0.000250312891113892
chrM	4457	4457	0
chrM	4458	4458	0
chrM	4459	4459	0
chrM	4460	4460	0
chrM	4461	4461	0
chrM	4462	4462	8.35212561596926e-05
chrM	4463	4463	8.35491686857716e-05
chrM	4464	4464	0
chrM	4465	4465	0
chrM	4466	4466	0
chrM	4467	4467	0
chrM	4468	4468	0
chrM	4469	4469	0
chrM	4470	4470	0
chrM	4471	4471	0
chrM	4472	4472	0
chrM	4473	4473	0
chrM	4474	4474	0
chrM	4475	4475	0
chrM	4476	4476	0
chrM	4477	4477	0
chrM	4478	4478	8.36680053547523e-05
chrM	4479	4479	0
chrM	4480	4480	0.00133701011113897
chrM	4481	4481	8.35561497326203e-05
chrM	4482	4482	0.00324810527192471
chrM	4483	4483	0.00174592617226472
chrM	4484	4484	8.31324299609278e-05
chrM	4485	4485	0
chrM	4486	4486	0
chrM	4487	4487	0
chrM	4488	4488	0
chrM	4489	4489	0
chrM	4490	4490	0.000166292508522491
chrM	4491	4491	0
chrM	4492	4492	0
chrM	4493	4493	0
chrM	4494	4494	0
chrM	4495	4495	0
chrM	4496	4496	0
chrM	4497	4497	0
chrM	4498	4498	0
chrM	4499	4499	0
chrM	4500	4500	0
chrM	4501	4501	0
chrM	4502	4502	0
chrM	4503	4503	0
chrM	4504	4504	0
chrM	4505	4505	0
chrM	4506	4506	0
chrM	4507	4507	0
chrM	4508	4508	0
chrM	4509	4509	0
chrM	4510	4510	0
chrM	4511	4511	0
chrM	4512	4512	8.3153168135706e-05
chrM	4513	4513	8.31462542612455e-05
chrM	4514	4514	0
chrM	4515	4515	0
chrM	4516	4516	0
chrM	4517	4517	0
chrM	4518	4518	0
chrM	4519	4519	0
chrM	4520	4520	0
chrM	4521	4521	0
chrM	4522	4522	0
chrM	4523	4523	0
chrM	4524	4524	8.3139341536415e-05
chrM	4525	4525	0
chrM	4526	4526	0
chrM	4527	4527	0
chrM	4528	4528	0
chrM	4529	4529	0
chrM	4530	4530	0
chrM	4531	4531	0
chrM	4532	4532	0
chrM	4533	4533	0
chrM	4534	4534	8.31462542612455e-05
chrM	4535	4535	0
chrM	4536	4536	0
chrM	4537	4537	0
chrM	4538	4538	8.31462542612455e-05
chrM	4539	4539	0
chrM	4540	4540	0
chrM	4541	4541	0
chrM	4542	4542	0
chrM	4543	4543	0
chrM	4544	4544	0
chrM	4545	4545	0
chrM	4546	4546	0.000166264859921856
chrM	4547	4547	0
chrM	4548	4548	0
chrM	4549	4549	0
chrM	4550	4550	0
chrM	4551	4551	0
chrM	4552	4552	0
chrM	4553	4553	8.31255195344971e-05
chrM	4554	4554	8.31186102568365e-05
chrM	4555	4555	0.00873362445414847
chrM	4556	4556	0.000494111833978424
chrM	4557	4557	0
chrM	4558	4558	8.23451910408432e-05
chrM	4559	4559	0
chrM	4560	4560	0.00032927230819888
chrM	4561	4561	0
chrM	4562	4562	0
chrM	4563	4563	0
chrM	4564	4564	0
chrM	4565	4565	0
chrM	4566	4566	0
chrM	4567	4567	0
chrM	4568	4568	0
chrM	4569	4569	0
chrM	4570	4570	0
chrM	4571	4571	0.000411488766356678
chrM	4572	4572	0
chrM	4573	4573	0
chrM	4574	4574	0
chrM	4575	4575	0
chrM	4576	4576	0
chrM	4577	4577	0
chrM	4578	4578	0
chrM	4579	4579	0
chrM	4580	4580	0
chrM	4581	4581	0
chrM	4582	4582	0
chrM	4583	4583	0
chrM	4584	4584	0
chrM	4585	4585	0
chrM	4586	4586	0
chrM	4587	4587	8.22909809084924e-05
chrM	4588	4588	0
chrM	4589	4589	0
chrM	4590	4590	0
chrM	4591	4591	0
chrM	4592	4592	8.22842096601662e-05
chrM	4593	4593	0
chrM	4594	4594	0
chrM	4595	4595	0
chrM	4596	4596	0
chrM	4597	4597	0.000164541341011929
chrM	4598	4598	0
chrM	4599	4599	0
chrM	4600	4600	0
chrM	4601	4601	0
chrM	4602	4602	0
chrM	4603	4603	0
chrM	4604	4604	0
chrM	4605	4605	8.22639025995393e-05
chrM	4606	4606	0
chrM	4607	4607	0
chrM	4608	4608	0
chrM	4609	4609	0
chrM	4610	4610	0
chrM	4611	4611	0
chrM	4612	4612	0
chrM	4613	4613	0
chrM	4614	4614	0
chrM	4615	4615	0
chrM	4616	4616	0
chrM	4617	4617	0
chrM	4618	4618	0
chrM	4619	4619	0
chrM	4620	4620	0
chrM	4621	4621	0.000164527805199079
chrM	4622	4622	0.000246771407419594
chrM	4623	4623	0.00759183673469388
chrM	4624	4624	8.16259897151253e-05
chrM	4625	4625	8.16193274567418e-05
chrM	4626	4626	8.16126662858076e-05
chrM	4627	4627	8.16060062020565e-05
chrM	4628	4628	0
chrM	4629	4629	0
chrM	4630	4630	8.16060062020565e-05
chrM	4631	4631	0
chrM	4632	4632	0
chrM	4633	4633	0
chrM	4634	4634	0
chrM	4635	4635	0
chrM	4636	4636	0
chrM	4637	4637	0
chrM	4638	4638	0
chrM	4639	4639	0
chrM	4640	4640	0
chrM	4641	4641	0
chrM	4642	4642	0
chrM	4643	4643	0
chrM	4644	4644	0
chrM	4645	4645	0
chrM	4646	4646	0
chrM	4647	4647	0
chrM	4648	4648	0
chrM	4649	4649	0
chrM	4650	4650	0
chrM	4651	4651	0
chrM	4652	4652	0
chrM	4653	4653	0
chrM	4654	4654	0
chrM	4655	4655	0
chrM	4656	4656	0
chrM	4657	4657	0
chrM	4658	4658	0
chrM	4659	4659	0
chrM	4660	4660	0
chrM	4661	4661	0
chrM	4662	4662	0
chrM	4663	4663	0
chrM	4664	4664	8.16126662858076e-05
chrM	4665	4665	0
chrM	4666	4666	0
chrM	4667	4667	8.16126662858076e-05
chrM	4668	4668	0.000326344129884964
chrM	4669	4669	0
chrM	4670	4670	0
chrM	4671	4671	0
chrM	4672	4672	0
chrM	4673	4673	0
chrM	4674	4674	0
chrM	4675	4675	8.15793767335618e-05
chrM	4676	4676	0
chrM	4677	4677	0
chrM	4678	4678	0
chrM	4679	4679	0
chrM	4680	4680	0
chrM	4681	4681	0
chrM	4682	4682	0
chrM	4683	4683	0
chrM	4684	4684	0
chrM	4685	4685	0
chrM	4686	4686	0
chrM	4687	4687	0
chrM	4688	4688	0
chrM	4689	4689	8.15727220817359e-05
chrM	4690	4690	0
chrM	4691	4691	8.15660685154976e-05
chrM	4692	4692	0
chrM	4693	4693	0
chrM	4694	4694	8.15594160345812e-05
chrM	4695	4695	0
chrM	4696	4696	0
chrM	4697	4697	0
chrM	4698	4698	0
chrM	4699	4699	0
chrM	4700	4700	8.15527646387213e-05
chrM	4701	4701	0.0478335145208883
chrM	4702	4702	0.000853440918612771
chrM	4703	4703	0.000232702451132485
chrM	4704	4704	0
chrM	4705	4705	7.75614674629644e-05
chrM	4706	4706	7.7555452148286e-05
chrM	4707	4707	0.000465116279069767
chrM	4708	4708	0
chrM	4709	4709	0.000309981401115933
chrM	4710	4710	0
chrM	4711	4711	0
chrM	4712	4712	0
chrM	4713	4713	0
chrM	4714	4714	0
chrM	4715	4715	0.000232450023245002
chrM	4716	4716	0
chrM	4717	4717	7.74773378786705e-05
chrM	4718	4718	0
chrM	4719	4719	0.000232396002788752
chrM	4720	4720	0.000232360003098133
chrM	4721	4721	0.000154882676372648
chrM	4722	4722	0
chrM	4723	4723	0
chrM	4724	4724	0
chrM	4725	4725	0
chrM	4726	4726	0
chrM	4727	4727	0
chrM	4728	4728	0
chrM	4729	4729	0
chrM	4730	4730	0
chrM	4731	4731	0
chrM	4732	4732	0
chrM	4733	4733	0
chrM	4734	4734	0
chrM	4735	4735	0
chrM	4736	4736	0
chrM	4737	4737	0
chrM	4738	4738	0.0157060079292467
chrM	4739	4739	0
chrM	4740	4740	0
chrM	4741	4741	0
chrM	4742	4742	0
chrM	4743	4743	0
chrM	4744	4744	0
chrM	4745	4745	0
chrM	4746	4746	0
chrM	4747	4747	0
chrM	4748	4748	0
chrM	4749	4749	0
chrM	4750	4750	0
chrM	4751	4751	0
chrM	4752	4752	0
chrM	4753	4753	0
chrM	4754	4754	0
chrM	4755	4755	0
chrM	4756	4756	0.000152508769254232
chrM	4757	4757	0
chrM	4758	4758	0
chrM	4759	4759	0.000152497140678612
chrM	4760	4760	7.62427569380909e-05
chrM	4761	4761	0.000304878048780488
chrM	4762	4762	0.000228606263811628
chrM	4763	4763	0.00136986301369863
chrM	4764	4764	0
chrM	4765	4765	0.000228258388495777
chrM	4766	4766	0.00038028597505324
chrM	4767	4767	0
chrM	4768	4768	0.00129130269654387
chrM	4769	4769	0
chrM	4770	4770	7.59532128209023e-05
chrM	4771	4771	0
chrM	4772	4772	0
chrM	4773	4773	0
chrM	4774	4774	7.5947444368497e-05
chrM	4775	4775	0
chrM	4776	4776	0.000834724540901503
chrM	4777	4777	0
chrM	4778	4778	7.58782912208817e-05
chrM	4779	4779	7.58725341426404e-05
chrM	4780	4780	7.5866777937941e-05
chrM	4781	4781	7.58610226065847e-05
chrM	4782	4782	0.000303352040042469
chrM	4783	4783	0
chrM	4784	4784	0
chrM	4785	4785	0
chrM	4786	4786	0
chrM	4787	4787	0
chrM	4788	4788	0
chrM	4789	4789	7.58322590429969e-05
chrM	4790	4790	0
chrM	4791	4791	0.00030323705556819
chrM	4792	4792	0.00370090634441088
chrM	4793	4793	0
chrM	4794	4794	7.55229967525111e-05
chrM	4795	4795	7.55172934602024e-05
chrM	4796	4796	0.000151011778918756
chrM	4797	4797	0.000301932367149758
chrM	4798	4798	0
chrM	4799	4799	7.54773945203412e-05
chrM	4800	4800	0.000226380923634168
chrM	4801	4801	0
chrM	4802	4802	0
chrM	4803	4803	0
chrM	4804	4804	0.000150897842160857
chrM	4805	4805	0
chrM	4806	4806	0.000150875075437538
chrM	4807	4807	7.5431847325941e-05
chrM	4808	4808	7.54261577915221e-05
chrM	4809	4809	0
chrM	4810	4810	0.00120536386921802
chrM	4811	4811	0
chrM	4812	4812	0
chrM	4813	4813	0
chrM	4814	4814	0
chrM	4815	4815	0
chrM	4816	4816	0
chrM	4817	4817	0
chrM	4818	4818	0
chrM	4819	4819	0
chrM	4820	4820	0
chrM	4821	4821	0
chrM	4822	4822	0
chrM	4823	4823	0
chrM	4824	4824	0
chrM	4825	4825	0
chrM	4826	4826	7.53295668549906e-05
chrM	4827	4827	0
chrM	4828	4828	0
chrM	4829	4829	0.000150636438954583
chrM	4830	4830	0.000225903614457831
chrM	4831	4831	0.000301114122252334
chrM	4832	4832	0.000301023479831427
chrM	4833	4833	0.00157787963032534
chrM	4834	4834	0.000150251671549846
chrM	4835	4835	0
chrM	4836	4836	0.000150229099376549
chrM	4837	4837	7.51089079164789e-05
chrM	4838	4838	0.00045045045045045
chrM	4839	4839	0.000375234521575985
chrM	4840	4840	0
chrM	4841	4841	7.5041272699985e-05
chrM	4842	4842	0.000225073148773351
chrM	4843	4843	0.000150026254594554
chrM	4844	4844	0.000224988750562472
chrM	4845	4845	7.49906261717285e-05
chrM	4846	4846	0
chrM	4847	4847	0
chrM	4848	4848	0
chrM	4849	4849	0
chrM	4850	4850	0
chrM	4851	4851	0
chrM	4852	4852	0
chrM	4853	4853	0
chrM	4854	4854	0
chrM	4855	4855	0
chrM	4856	4856	0
chrM	4857	4857	0
chrM	4858	4858	0
chrM	4859	4859	0
chrM	4860	4860	0
chrM	4861	4861	0
chrM	4862	4862	0.00537072952409369
chrM	4863	4863	0.000298284862043251
chrM	4864	4864	0
chrM	4865	4865	0
chrM	4866	4866	0.000372717107715244
chrM	4867	4867	0.000223580265315248
chrM	4868	4868	0
chrM	4869	4869	0.000446960667461263
chrM	4870	4870	0
chrM	4871	4871	0.000446827524575514
chrM	4872	4872	0.00156145438322552
chrM	4873	4873	0.00126243873459082
chrM	4874	4874	0.00795638721084426
chrM	4875	4875	0.0100641773628938
chrM	4876	4876	0.0286200056673279
chrM	4877	4877	0.186866359447005
chrM	4878	4878	0.0218065025074661
chrM	4879	4879	0.00738296325297835
chrM	4880	4880	0.0029000055769338
chrM	4881	4881	0.018447558572367
chrM	4882	4882	0.0105616638682771
chrM	4883	4883	0.00388454275694632
chrM	4884	4884	0.0147246438443547
chrM	4885	4885	0.0153878362817963
chrM	4886	4886	0.0263479767607787
chrM	4887	4887	0.0176237921193611
chrM	4888	4888	0.00199880071956826
chrM	4889	4889	9.9930048965724e-05
chrM	4890	4890	4.99625281039221e-05
chrM	4891	4891	0.000299685330403077
chrM	4892	4892	0.000149820215741111
chrM	4893	4893	0.000499251123315027
chrM	4894	4894	0.00363129881112272
chrM	4895	4895	0.0066215348124722
chrM	4896	4896	0.0160929599377674
chrM	4897	4897	0.00747961202528591
chrM	4898	4898	0.00379771175848476
chrM	4899	4899	0.00445146467547387
chrM	4900	4900	0.00143389733295096
chrM	4901	4901	0.00133651551312649
chrM	4902	4902	0.00195321804582916
chrM	4903	4903	0.000523759641938863
chrM	4904	4904	0.00237507125213756
chrM	4905	4905	0.000142483970553313
chrM	4906	4906	0.0001424636717637
chrM	4907	4907	0.000284846183061147
chrM	4908	4908	0.00189537528430629
chrM	4909	4909	0.00278788451542787
chrM	4910	4910	0.000472299626883295
chrM	4911	4911	0.00037773265971009
chrM	4912	4912	9.44242481469241e-05
chrM	4913	4913	0.000141616314199396
chrM	4914	4914	0
chrM	4915	4915	0
chrM	4916	4916	9.44019635608421e-05
chrM	4917	4917	4.7200981780421e-05
chrM	4918	4918	0
chrM	4919	4919	0.00023617212224269
chrM	4920	4920	0.000424929178470255
chrM	4921	4921	0.00455891338064577
chrM	4922	4922	0.000375851538642236
chrM	4923	4923	0
chrM	4924	4924	0.000516553181498004
chrM	4925	4925	0.00042247570764681
chrM	4926	4926	0.000422297297297297
chrM	4927	4927	0.00154602951510892
chrM	4928	4928	0.00762542428046682
chrM	4929	4929	0.0355605381165919
chrM	4930	4930	0.0126632720832411
chrM	4931	4931	0.010428076939929
chrM	4932	4932	0.0153169090046166
chrM	4933	4933	0.028299513667617
chrM	4934	4934	0.0501255130095231
chrM	4935	4935	0.0682408851266058
chrM	4936	4936	0.0247700441804882
chrM	4937	4937	0.0367708624058052
chrM	4938	4938	0.024941304569737
chrM	4939	4939	0.00339259058216854
chrM	4940	4940	0.00078125
chrM	4941	4941	0
chrM	4942	4942	0.000102319236016371
chrM	4943	4943	0.000342618288964265
chrM	4944	4944	0.000137249519626681
chrM	4945	4945	0.000549318501733786
chrM	4946	4946	0.000103000755338872
chrM	4947	4947	0
chrM	4948	4948	0.00054948828903084
chrM	4949	4949	6.87734259482136e-05
chrM	4950	4950	3.44174840819136e-05
chrM	4951	4951	0.000240955560910124
chrM	4952	4952	0.00164959791050931
chrM	4953	4953	0.00397137868465199
chrM	4954	4954	0.00801616936727073
chrM	4955	4955	0.00731168168678796
chrM	4956	4956	0.000102075535896563
chrM	4957	4957	6.80943788090293e-05
chrM	4958	4958	0.000170392584514722
chrM	4959	4959	0.00110741971207087
chrM	4960	4960	0.000242735279839101
chrM	4961	4961	0.000139227288548556
chrM	4962	4962	6.98324022346369e-05
chrM	4963	4963	0.000244421942106917
chrM	4964	4964	0.000628184546660152
chrM	4965	4965	0.0135629486471563
chrM	4966	4966	0.0018263266712612
chrM	4967	4967	6.89417442261289e-05
chrM	4968	4968	0.00079819538434843
chrM	4969	4969	3.4723427896802e-05
chrM	4970	4970	0
chrM	4971	4971	0
chrM	4972	4972	0.000173955397835995
chrM	4973	4973	0.000281630641413786
chrM	4974	4974	0.000599414689185854
chrM	4975	4975	0.000282406099971759
chrM	4976	4976	0.000388720050886988
chrM	4977	4977	7.06863646002686e-05
chrM	4978	4978	0
chrM	4979	4979	0
chrM	4980	4980	0
chrM	4981	4981	3.56074633243128e-05
chrM	4982	4982	0.00110509054612862
chrM	4983	4983	0.00256931806016486
chrM	4984	4984	0.00203136136849608
chrM	4985	4985	0.000890186583107819
chrM	4986	4986	0.000569536895311999
chrM	4987	4987	0.0008536368486573
chrM	4988	4988	0.000746401279545051
chrM	4989	4989	0.000178030977390066
chrM	4990	4990	0
chrM	4991	4991	0
chrM	4992	4992	7.14668572449527e-05
chrM	4993	4993	3.57602631955371e-05
chrM	4994	4994	7.15154115711936e-05
chrM	4995	4995	0.00039318011223505
chrM	4996	4996	0.00110682662096544
chrM	4997	4997	0.000820549411344988
chrM	4998	4998	0.000534911917837529
chrM	4999	4999	0.000358217509671873
chrM	5000	5000	3.58243175467507e-05
chrM	5001	5001	0
chrM	5002	5002	0
chrM	5003	5003	0.0002152466367713
chrM	5004	5004	0
chrM	5005	5005	0
chrM	5006	5006	0.000108131487889273
chrM	5007	5007	7.21448668927206e-05
chrM	5008	5008	0
chrM	5009	5009	3.62122035125837e-05
chrM	5010	5010	0
chrM	5011	5011	0
chrM	5012	5012	0
chrM	5013	5013	0
chrM	5014	5014	7.25426187885383e-05
chrM	5015	5015	3.62752566474408e-05
chrM	5016	5016	3.62792047598317e-05
chrM	5017	5017	0.00119582548195391
chrM	5018	5018	0.00159310619501068
chrM	5019	5019	0.000325768270170485
chrM	5020	5020	7.23929489267745e-05
chrM	5021	5021	3.62030265730215e-05
chrM	5022	5022	0
chrM	5023	5023	0
chrM	5024	5024	0.000326323422770123
chrM	5025	5025	7.32225232481511e-05
chrM	5026	5026	0.000183708711467098
chrM	5027	5027	0.000220450453760517
chrM	5028	5028	0.00139439307206811
chrM	5029	5029	0.00858650172821539
chrM	5030	5030	0.000181917409496089
chrM	5031	5031	3.64564345607e-05
chrM	5032	5032	0
chrM	5033	5033	0
chrM	5034	5034	0
chrM	5035	5035	3.65550519081737e-05
chrM	5036	5036	7.31261425959781e-05
chrM	5037	5037	7.31261425959781e-05
chrM	5038	5038	0.000219338329373058
chrM	5039	5039	3.6556388228843e-05
chrM	5040	5040	0
chrM	5041	5041	0.000109677183489928
chrM	5042	5042	3.65644082050532e-05
chrM	5043	5043	0
chrM	5044	5044	0.0006949524506218
chrM	5045	5045	0.000731314904197748
chrM	5046	5046	0.00226227833321171
chrM	5047	5047	7.29740577224797e-05
chrM	5048	5048	0.00218706714296129
chrM	5049	5049	3.64604222116892e-05
chrM	5050	5050	0.00149291774387358
chrM	5051	5051	0.0117397097482805
chrM	5052	5052	0.000540813383328526
chrM	5053	5053	0.000216372160115398
chrM	5054	5054	0.000510632089579458
chrM	5055	5055	0.00109357343345606
chrM	5056	5056	7.29634088504615e-05
chrM	5057	5057	0
chrM	5058	5058	0.00838858566247848
chrM	5059	5059	0.00358974358974359
chrM	5060	5060	0.00319758894442811
chrM	5061	5061	0.00374298190892077
chrM	5062	5062	0.0697570836331243
chrM	5063	5063	0.00703766006385389
chrM	5064	5064	0.00594302889541635
chrM	5065	5065	0.000375772896525809
chrM	5066	5066	0.000683176771989752
chrM	5067	5067	0.000308082018279533
chrM	5068	5068	6.8500188375518e-05
chrM	5069	5069	0
chrM	5070	5070	0.000206497797356828
chrM	5071	5071	3.45375423084893e-05
chrM	5072	5072	0.000276749576227211
chrM	5073	5073	0.00048429500484295
chrM	5074	5074	0.00210635359116022
chrM	5075	5075	0.00292689645673358
chrM	5076	5076	0.00629619490829455
chrM	5077	5077	0.00608781416862225
chrM	5078	5078	0.00618556701030928
chrM	5079	5079	0.002091273990623
chrM	5080	5080	0.000472032098182676
chrM	5081	5081	0.00168378514901499
chrM	5082	5082	0.00114401076716016
chrM	5083	5083	0.00100850505933371
chrM	5084	5084	0.000168067226890756
chrM	5085	5085	0.000134435706123546
chrM	5086	5086	0.000168033337814222
chrM	5087	5087	0.000168016398400484
chrM	5088	5088	3.36021505376344e-05
chrM	5089	5089	0.000436813279123685
chrM	5090	5090	0.000369586399220509
chrM	5091	5091	0.000503913729969429
chrM	5092	5092	0.000268726906281491
chrM	5093	5093	0.000167943033722961
chrM	5094	5094	6.71727010143078e-05
chrM	5095	5095	0.000369313412791674
chrM	5096	5096	0.00043630017452007
chrM	5097	5097	6.7125356603457e-05
chrM	5098	5098	0
chrM	5099	5099	0
chrM	5100	5100	0.000100728603565793
chrM	5101	5101	0.000100718458336131
chrM	5102	5102	0.000268510438343291
chrM	5103	5103	6.71276095858227e-05
chrM	5104	5104	0.000234891446595752
chrM	5105	5105	6.71140939597315e-05
chrM	5106	5106	0.000137793241241517
chrM	5107	5107	0.000275890609373383
chrM	5108	5108	3.45673891250994e-05
chrM	5109	5109	6.96039535045591e-05
chrM	5110	5110	0.000139377678664762
chrM	5111	5111	0.000139518660620858
chrM	5112	5112	0.000558210933956669
chrM	5113	5113	0
chrM	5114	5114	0.000523578484414814
chrM	5115	5115	0
chrM	5116	5116	0
chrM	5117	5117	3.50729517396184e-05
chrM	5118	5118	3.51666901111267e-05
chrM	5119	5119	0
chrM	5120	5120	0.000105637522447974
chrM	5121	5121	0.00151371140915971
chrM	5122	5122	0.000316734119303185
chrM	5123	5123	0.0173994257843578
chrM	5124	5124	0.00601933065043167
chrM	5125	5125	0.00376983446999554
chrM	5126	5126	0.00853335146528864
chrM	5127	5127	0.0237083277991765
chrM	5128	5128	0.0185885729193843
chrM	5129	5129	0.0109154700799168
chrM	5130	5130	0.00276323916647703
chrM	5131	5131	0.00120855789645599
chrM	5132	5132	0.00114648846960168
chrM	5133	5133	0.00158400158400158
chrM	5134	5134	0.000496360026472535
chrM	5135	5135	0
chrM	5136	5136	0.000385306961212433
chrM	5137	5137	0
chrM	5138	5138	4.56954852860537e-05
chrM	5139	5139	0
chrM	5140	5140	0
chrM	5141	5141	0.000508505917159763
chrM	5142	5142	0.000140646976090014
chrM	5143	5143	0
chrM	5144	5144	0.000142850340459978
chrM	5145	5145	0.0069688158026672
chrM	5146	5146	0.000553347753911162
chrM	5147	5147	0.000100984599848523
chrM	5148	5148	0.000151791135397693
chrM	5149	5149	0.000405638373390123
chrM	5150	5150	0.000406338886631451
chrM	5151	5151	0.000459652706843718
chrM	5152	5152	0.000511535116885774
chrM	5153	5153	0.000616237867816977
chrM	5154	5154	0.00138632162661738
chrM	5155	5155	0.00133442824881954
chrM	5156	5156	0.00567600736346901
chrM	5157	5157	0.000409144376821971
chrM	5158	5158	0.000460947503201024
chrM	5159	5159	0.000102459016393443
chrM	5160	5160	0.000102506278509559
chrM	5161	5161	0.00307093868359095
chrM	5162	5162	0.000255950857435372
chrM	5163	5163	0.000102417042195821
chrM	5164	5164	0.00138121546961326
chrM	5165	5165	0.000103643053324351
chrM	5166	5166	0
chrM	5167	5167	0
chrM	5168	5168	0
chrM	5169	5169	0
chrM	5170	5170	5.2534804307854e-05
chrM	5171	5171	0
chrM	5172	5172	0
chrM	5173	5173	0
chrM	5174	5174	0.000157869810029995
chrM	5175	5175	0
chrM	5176	5176	0
chrM	5177	5177	0
chrM	5178	5178	0
chrM	5179	5179	0
chrM	5180	5180	0.000158495350803043
chrM	5181	5181	0.000369724819098928
chrM	5182	5182	0.000264047317279256
chrM	5183	5183	0.00105831304899989
chrM	5184	5184	0
chrM	5185	5185	5.29240539825351e-05
chrM	5186	5186	0
chrM	5187	5187	0.000264676300884019
chrM	5188	5188	0
chrM	5189	5189	0.000317779778613421
chrM	5190	5190	0.00429161809897213
chrM	5191	5191	0.00430347465731591
chrM	5192	5192	0.00386836945577871
chrM	5193	5193	0.00572640509013786
chrM	5194	5194	0.00396510705789056
chrM	5195	5195	0.00211204393051375
chrM	5196	5196	0.00489087562450697
chrM	5197	5197	0.000420764739914795
chrM	5198	5198	0
chrM	5199	5199	0
chrM	5200	5200	0
chrM	5201	5201	5.2792735719565e-05
chrM	5202	5202	0.000106462259129139
chrM	5203	5203	0.000320598450440823
chrM	5204	5204	0.00155788342734354
chrM	5205	5205	0.00802525279546306
chrM	5206	5206	0.00250880751574677
chrM	5207	5207	0.000586917084622772
chrM	5208	5208	0.000693259385665529
chrM	5209	5209	0.000214431221185805
chrM	5210	5210	0
chrM	5211	5211	0
chrM	5212	5212	0.000107834151075646
chrM	5213	5213	0
chrM	5214	5214	0.000108090579905961
chrM	5215	5215	0
chrM	5216	5216	0
chrM	5217	5217	0
chrM	5218	5218	0
chrM	5219	5219	5.41477149664284e-05
chrM	5220	5220	0.00021654395842356
chrM	5221	5221	0.000216497077289457
chrM	5222	5222	0.000324640190455578
chrM	5223	5223	0.000270460323470547
chrM	5224	5224	5.40891389009087e-05
chrM	5225	5225	0.000270372573406154
chrM	5226	5226	0.000162232316677482
chrM	5227	5227	0
chrM	5228	5228	0
chrM	5229	5229	0
chrM	5230	5230	0
chrM	5231	5231	0
chrM	5232	5232	5.41477149664284e-05
chrM	5233	5233	0
chrM	5234	5234	0.00124391563007031
chrM	5235	5235	0.000540569760527596
chrM	5236	5236	0.00043226887123791
chrM	5237	5237	0.00280898876404494
chrM	5238	5238	0
chrM	5239	5239	0.000108032193593691
chrM	5240	5240	0
chrM	5241	5241	0
chrM	5242	5242	0
chrM	5243	5243	0
chrM	5244	5244	0
chrM	5245	5245	0
chrM	5246	5246	5.42681934118413e-05
chrM	5247	5247	0
chrM	5248	5248	0
chrM	5249	5249	0
chrM	5250	5250	0
chrM	5251	5251	0
chrM	5252	5252	5.42681934118413e-05
chrM	5253	5253	0.000108524607954854
chrM	5254	5254	0.00010851871947911
chrM	5255	5255	0.000596496936174828
chrM	5256	5256	0.000866879774611259
chrM	5257	5257	0
chrM	5258	5258	0
chrM	5259	5259	0.000866738894907909
chrM	5260	5260	0.000108601216333623
chrM	5261	5261	0
chrM	5262	5262	0.000108672027820039
chrM	5263	5263	0.000489130434782609
chrM	5264	5264	0.00103165553564641
chrM	5265	5265	0.000922208961701204
chrM	5266	5266	5.42534722222222e-05
chrM	5267	5267	0
chrM	5268	5268	5.42681934118413e-05
chrM	5269	5269	0
chrM	5270	5270	0
chrM	5271	5271	0
chrM	5272	5272	5.42799761168105e-05
chrM	5273	5273	0.000922108917335648
chrM	5274	5274	0.000162707452001302
chrM	5275	5275	0.000162698627908238
chrM	5276	5276	0
chrM	5277	5277	5.42299349240781e-05
chrM	5278	5278	0
chrM	5279	5279	0.00032571521632919
chrM	5280	5280	5.43301097468217e-05
chrM	5281	5281	0.000326193323909971
chrM	5282	5282	0.00103266481874015
chrM	5283	5283	0.00076033237386629
chrM	5284	5284	0.000542799761168105
chrM	5285	5285	0.000705371676614216
chrM	5286	5286	0.01633219470538
chrM	5287	5287	0.00181140117208311
chrM	5288	5288	0.00561559652468743
chrM	5289	5289	0.00174529299767294
chrM	5290	5290	0.00384615384615385
chrM	5291	5291	0.00492843286320977
chrM	5292	5292	0.013703588788913
chrM	5293	5293	0.000671799906981551
chrM	5294	5294	0.00608435598638754
chrM	5295	5295	0.00180282270526424
chrM	5296	5296	0.0035548686244204
chrM	5297	5297	0.0212148962148962
chrM	5298	5298	0.00221022873297353
chrM	5299	5299	0.00195222193680966
chrM	5300	5300	0.000359712230215827
chrM	5301	5301	0.00986505827029237
chrM	5302	5302	0.00107274213322436
chrM	5303	5303	0.00117574890093038
chrM	5304	5304	0.000613810741687979
chrM	5305	5305	5.11980339954946e-05
chrM	5306	5306	0.00778586331484403
chrM	5307	5307	0.00101775991043713
chrM	5308	5308	0.000203748981255094
chrM	5309	5309	0.00025489396411093
chrM	5310	5310	0.000408517591788796
chrM	5311	5311	0.000561683006535948
chrM	5312	5312	0.000102239034863511
chrM	5313	5313	0.00929264205555273
chrM	5314	5314	0.001066531234129
chrM	5315	5315	0.00364556962025316
chrM	5316	5316	0.000658061250316376
chrM	5317	5317	0.000404858299595142
chrM	5318	5318	0.000202449640651888
chrM	5319	5319	0.000151829546029657
chrM	5320	5320	0.00136549840691853
chrM	5321	5321	0.00105075128717033
chrM	5322	5322	0.00204702918328784
chrM	5323	5323	0.00581913499344692
chrM	5324	5324	0.00708259556296219
chrM	5325	5325	0.00596689669485809
chrM	5326	5326	0.00408310936530908
chrM	5327	5327	0.00165374677002584
chrM	5328	5328	0.00134680134680135
chrM	5329	5329	0
chrM	5330	5330	0.000572678050812162
chrM	5331	5331	5.3516001284384e-05
chrM	5332	5332	0.00021451171770258
chrM	5333	5333	0.000107631040792164
chrM	5334	5334	0
chrM	5335	5335	0.000323624595469256
chrM	5336	5336	5.39548937088594e-05
chrM	5337	5337	0
chrM	5338	5338	5.43183052688756e-05
chrM	5339	5339	0.000599880023995201
chrM	5340	5340	0.000709103801887307
chrM	5341	5341	0.000109158388822181
chrM	5342	5342	0.000163746520386442
chrM	5343	5343	0.00185255816487768
chrM	5344	5344	0.0001089680723548
chrM	5345	5345	0.000163487738419619
chrM	5346	5346	5.45553737043099e-05
chrM	5347	5347	0
chrM	5348	5348	5.45940929191461e-05
chrM	5349	5349	0
chrM	5350	5350	0.00027305990934411
chrM	5351	5351	0.016494734579841
chrM	5352	5352	0.000429668618078307
chrM	5353	5353	0.00150198476558309
chrM	5354	5354	0.00155462635359708
chrM	5355	5355	0.00208634248114267
chrM	5356	5356	0.000962052378407269
chrM	5357	5357	0.000374091492090637
chrM	5358	5358	0.00192441332121666
chrM	5359	5359	0.000106934716355665
chrM	5360	5360	0
chrM	5361	5361	0.000481927710843373
chrM	5362	5362	5.36826283014816e-05
chrM	5363	5363	0
chrM	5364	5364	0.00285329744279946
chrM	5365	5365	0.00952126236961754
chrM	5366	5366	0.00934380972605649
chrM	5367	5367	0.00206655362441713
chrM	5368	5368	0.00158746957349984
chrM	5369	5369	0.025939869011397
chrM	5370	5370	0.00467121810995329
chrM	5371	5371	0.00128238009746089
chrM	5372	5372	0.00759235668789809
chrM	5373	5373	0.010056091768154
chrM	5374	5374	0.000505586733404115
chrM	5375	5375	0.000202285829877617
chrM	5376	5376	0.000355781448538755
chrM	5377	5377	5.08672872475711e-05
chrM	5378	5378	0.000203655618349371
chrM	5379	5379	0.000560680972526632
chrM	5380	5380	0.000101967982053635
chrM	5381	5381	0
chrM	5382	5382	0
chrM	5383	5383	0.00035732516590097
chrM	5384	5384	0
chrM	5385	5385	0.000357343407014141
chrM	5386	5386	0.000102228583111838
chrM	5387	5387	0
chrM	5388	5388	0
chrM	5389	5389	0
chrM	5390	5390	5.11587455875582e-05
chrM	5391	5391	0
chrM	5392	5392	0
chrM	5393	5393	0
chrM	5394	5394	0.000204645451754835
chrM	5395	5395	0.000204624514016779
chrM	5396	5396	0.000153444836581249
chrM	5397	5397	5.11456628477905e-05
chrM	5398	5398	5.11430471027464e-05
chrM	5399	5399	0
chrM	5400	5400	0.000102322725877417
chrM	5401	5401	0
chrM	5402	5402	0
chrM	5403	5403	5.1195412891005e-05
chrM	5404	5404	0
chrM	5405	5405	0
chrM	5406	5406	0
chrM	5407	5407	5.11927920548787e-05
chrM	5408	5408	0.000102375102375102
chrM	5409	5409	0
chrM	5410	5410	0
chrM	5411	5411	0
chrM	5412	5412	0
chrM	5413	5413	0
chrM	5414	5414	0.000102364622786365
chrM	5415	5415	0.000255846082996469
chrM	5416	5416	0.000664757619145019
chrM	5417	5417	0.000970625798212005
chrM	5418	5418	0.000612651248276918
chrM	5419	5419	0.000867169965313201
chrM	5420	5420	0.000102009588901357
chrM	5421	5421	0.000102004386188606
chrM	5422	5422	0
chrM	5423	5423	5.11849311562676e-05
chrM	5424	5424	0.000102558843136249
chrM	5425	5425	0.000308483290488432
chrM	5426	5426	0.000360082304526749
chrM	5427	5427	0.000360008228759515
chrM	5428	5428	0.000719498406824956
chrM	5429	5429	5.13927433446397e-05
chrM	5430	5430	0.00149207655896275
chrM	5431	5431	0.000154344806297268
chrM	5432	5432	0.000154352747478905
chrM	5433	5433	0.000411713241727137
chrM	5434	5434	0.000308689612594536
chrM	5435	5435	0.00072213338835302
chrM	5436	5436	0.00128799587841319
chrM	5437	5437	0.00010307153164296
chrM	5438	5438	0.000103300449356955
chrM	5439	5439	0
chrM	5440	5440	0
chrM	5441	5441	0.000207050054350639
chrM	5442	5442	0.00211853459411977
chrM	5443	5443	0.000258397932816537
chrM	5444	5444	0.000103766732385597
chrM	5445	5445	0
chrM	5446	5446	0
chrM	5447	5447	0
chrM	5448	5448	0
chrM	5449	5449	0
chrM	5450	5450	0
chrM	5451	5451	5.20264294261485e-05
chrM	5452	5452	0.000416103193592011
chrM	5453	5453	0.000623765464185466
chrM	5454	5454	0.00114226375908619
chrM	5455	5455	0.00025953802232027
chrM	5456	5456	0.00181601203756551
chrM	5457	5457	0.000103761348897536
chrM	5458	5458	0
chrM	5459	5459	0
chrM	5460	5460	0.000483507037713549
chrM	5461	5461	0
chrM	5462	5462	5.38677009265245e-05
chrM	5463	5463	0
chrM	5464	5464	0.000108465751938825
chrM	5465	5465	0
chrM	5466	5466	0
chrM	5467	5467	5.42564158211709e-05
chrM	5468	5468	0.000108713377181062
chrM	5469	5469	0
chrM	5470	5470	0.00108890945717864
chrM	5471	5471	0.000489929232444203
chrM	5472	5472	0.00184772566708331
chrM	5473	5473	0.000108677932945715
chrM	5474	5474	0.00124884617472987
chrM	5475	5475	0
chrM	5476	5476	0.00010864841373316
chrM	5477	5477	0.000543183052688756
chrM	5478	5478	0.000382137787968119
chrM	5479	5479	5.45911125668741e-05
chrM	5480	5480	5.46388372855426e-05
chrM	5481	5481	0
chrM	5482	5482	0
chrM	5483	5483	0
chrM	5484	5484	0
chrM	5485	5485	5.48757065247215e-05
chrM	5486	5486	5.49299642955232e-05
chrM	5487	5487	0.000164853280580284
chrM	5488	5488	0.00219334320337775
chrM	5489	5489	0.00229797012638836
chrM	5490	5490	0.00152972027972028
chrM	5491	5491	0.000491480996068152
chrM	5492	5492	0.00483748233503642
chrM	5493	5493	0.00470753747091608
chrM	5494	5494	0.000973288634151617
chrM	5495	5495	0.00097444781290602
chrM	5496	5496	0
chrM	5497	5497	0
chrM	5498	5498	0
chrM	5499	5499	0.000163238654913484
chrM	5500	5500	0
chrM	5501	5501	5.46986106552894e-05
chrM	5502	5502	5.47315417875322e-05
chrM	5503	5503	5.47315417875322e-05
chrM	5504	5504	0.000218962119553317
chrM	5505	5505	0.000164248562825075
chrM	5506	5506	0.000218974106311929
chrM	5507	5507	0.000164338537387017
chrM	5508	5508	0.00103984238178634
chrM	5509	5509	0.000109463083575064
chrM	5510	5510	0.000218998083766767
chrM	5511	5511	0.000668077051553279
chrM	5512	5512	5.5840964931874e-05
chrM	5513	5513	0
chrM	5514	5514	0
chrM	5515	5515	0
chrM	5516	5516	0
chrM	5517	5517	0.000227686703096539
chrM	5518	5518	0.00034346556757685
chrM	5519	5519	0.000230826937503607
chrM	5520	5520	5.7730054266251e-05
chrM	5521	5521	5.77634011090573e-05
chrM	5522	5522	0.000347101700798334
chrM	5523	5523	0
chrM	5524	5524	0
chrM	5525	5525	5.80618939789816e-05
chrM	5526	5526	0.000233208955223881
chrM	5527	5527	0.000233740431251096
chrM	5528	5528	0
chrM	5529	5529	0
chrM	5530	5530	0
chrM	5531	5531	0
chrM	5532	5532	5.87889476778366e-05
chrM	5533	5533	0.0003530865650562
chrM	5534	5534	0.000470976097963028
chrM	5535	5535	0.001000235349494
chrM	5536	5536	0.00199682856639455
chrM	5537	5537	0.0193514945573922
chrM	5538	5538	0.000288217661978326
chrM	5539	5539	5.77333872178281e-05
chrM	5540	5540	0.00023133422011451
chrM	5541	5541	0.000177074725534175
chrM	5542	5542	0.000118490431897624
chrM	5543	5543	0.000949780363290989
chrM	5544	5544	0.000118948495301534
chrM	5545	5545	0.00385322188630031
chrM	5546	5546	0.000474045982460299
chrM	5547	5547	5.92592592592593e-05
chrM	5548	5548	0
chrM	5549	5549	0.000177946497419776
chrM	5550	5550	0
chrM	5551	5551	5.94742476507672e-05
chrM	5552	5552	0.000893655049151028
chrM	5553	5553	0.000774685656397116
chrM	5554	5554	0.000775332498359874
chrM	5555	5555	0.00273842124062388
chrM	5556	5556	0.00178359096313912
chrM	5557	5557	0.0014847369046205
chrM	5558	5558	0.000891000891000891
chrM	5559	5559	0.000476474091721263
chrM	5560	5560	0.000179350750283972
chrM	5561	5561	0.00137592725532424
chrM	5562	5562	0.00615955029302715
chrM	5563	5563	0.00215478541928533
chrM	5564	5564	0.00926145808596533
chrM	5565	5565	5.94000594000594e-05
chrM	5566	5566	0
chrM	5567	5567	5.98587333892015e-05
chrM	5568	5568	0
chrM	5569	5569	5.99340725202278e-05
chrM	5570	5570	5.99772086607089e-05
chrM	5571	5571	0.000359820089955022
chrM	5572	5572	0.00119796346211441
chrM	5573	5573	0.00471304140317385
chrM	5574	5574	0.000894241087397162
chrM	5575	5575	0.000536704633550003
chrM	5576	5576	0
chrM	5577	5577	0
chrM	5578	5578	0
chrM	5579	5579	0
chrM	5580	5580	0
chrM	5581	5581	5.98730690935217e-05
chrM	5582	5582	0.000119781996765886
chrM	5583	5583	5.98981731057203e-05
chrM	5584	5584	5.99017611117767e-05
chrM	5585	5585	0.000239578342117873
chrM	5586	5586	0.000718218817333014
chrM	5587	5587	0.000837220428178448
chrM	5588	5588	0.000776861479622326
chrM	5589	5589	0.00137633893842379
chrM	5590	5590	0.000119746138187043
chrM	5591	5591	0.000180245133381399
chrM	5592	5592	6.01829561868079e-05
chrM	5593	5593	0
chrM	5594	5594	0
chrM	5595	5595	0
chrM	5596	5596	0
chrM	5597	5597	0
chrM	5598	5598	0
chrM	5599	5599	0
chrM	5600	5600	0
chrM	5601	5601	0
chrM	5602	5602	0
chrM	5603	5603	0
chrM	5604	5604	0
chrM	5605	5605	6.21040864488883e-05
chrM	5606	5606	6.30080020162561e-05
chrM	5607	5607	0
chrM	5608	5608	0
chrM	5609	5609	0
chrM	5610	5610	0
chrM	5611	5611	0
chrM	5612	5612	0
chrM	5613	5613	0
chrM	5614	5614	0.000126246686024492
chrM	5615	5615	6.31193587073155e-05
chrM	5616	5616	0.000189334174818555
chrM	5617	5617	0.000189298334174659
chrM	5618	5618	0.000504636346432852
chrM	5619	5619	0.00195177233520116
chrM	5620	5620	0.00251240499968595
chrM	5621	5621	0.00119256841576701
chrM	5622	5622	0.00112859740422597
chrM	5623	5623	0.00125289732506421
chrM	5624	5624	0
chrM	5625	5625	6.27825213460573e-05
chrM	5626	5626	0
chrM	5627	5627	0
chrM	5628	5628	0
chrM	5629	5629	0
chrM	5630	5630	0.000190621425848265
chrM	5631	5631	0.000444585582724675
chrM	5632	5632	0.000317480474950791
chrM	5633	5633	0.000190452006094464
chrM	5634	5634	0.000126951885235496
chrM	5635	5635	0
chrM	5636	5636	0.000190391571999746
chrM	5637	5637	0
chrM	5638	5638	0
chrM	5639	5639	6.34598299276558e-05
chrM	5640	5640	0
chrM	5641	5641	0
chrM	5642	5642	0
chrM	5643	5643	0.000317218627077782
chrM	5644	5644	6.34397005646133e-05
chrM	5645	5645	0.00050732449743167
chrM	5646	5646	0.00519118764244112
chrM	5647	5647	0.000379891097885273
chrM	5648	5648	0
chrM	5649	5649	6.34598299276558e-05
chrM	5650	5650	0.000127008319044897
chrM	5651	5651	0
chrM	5652	5652	0.00145892800507453
chrM	5653	5653	0.00341404817601315
chrM	5654	5654	0.0268873438749769
chrM	5655	5655	0.0469767169080992
chrM	5656	5656	0.0443871546264642
chrM	5657	5657	0.0465936414640663
chrM	5658	5658	0.00684568032264912
chrM	5659	5659	0.0224112886490973
chrM	5660	5660	0.0530325371080311
chrM	5661	5661	0.147032772364925
chrM	5662	5662	0.0102600611415888
chrM	5663	5663	0.00400985756651769
chrM	5664	5664	0.00275275275275275
chrM	5665	5665	0.0032842770433192
chrM	5666	5666	0.00137009050900938
chrM	5667	5667	0.00058115400581154
chrM	5668	5668	0.000954198473282443
chrM	5669	5669	0.00111935657725633
chrM	5670	5670	0.00144909535047406
chrM	5671	5671	0.000786033427105742
chrM	5672	5672	0.000454864987801348
chrM	5673	5673	0.000206731166790705
chrM	5674	5674	0
chrM	5675	5675	0
chrM	5676	5676	0
chrM	5677	5677	8.27300930713547e-05
chrM	5678	5678	0.000330824580266314
chrM	5679	5679	0.000124043828819516
chrM	5680	5680	0
chrM	5681	5681	0.000124028443856458
chrM	5682	5682	0.000289315974374871
chrM	5683	5683	0.00037202380952381
chrM	5684	5684	0
chrM	5685	5685	0
chrM	5686	5686	0
chrM	5687	5687	0
chrM	5688	5688	0.000538703795789823
chrM	5689	5689	4.14524954402255e-05
chrM	5690	5690	4.14800066368011e-05
chrM	5691	5691	0.000373335545692123
chrM	5692	5692	0.000207374227531002
chrM	5693	5693	0
chrM	5694	5694	0
chrM	5695	5695	0
chrM	5696	5696	0
chrM	5697	5697	0
chrM	5698	5698	0
chrM	5699	5699	4.15731271306228e-05
chrM	5700	5700	4.15731271306228e-05
chrM	5701	5701	0.000124703828407532
chrM	5702	5702	0.00020821187640543
chrM	5703	5703	8.32778147901399e-05
chrM	5704	5704	0
chrM	5705	5705	8.33125052070316e-05
chrM	5706	5706	0
chrM	5707	5707	8.33437513022461e-05
chrM	5708	5708	0
chrM	5709	5709	0.000916094107849261
chrM	5710	5710	0.000124911521005954
chrM	5711	5711	0.00141372141372141
chrM	5712	5712	0.0100123609394314
chrM	5713	5713	0.000617894216510134
chrM	5714	5714	0.000329679386796341
chrM	5715	5715	0.000659277267295727
chrM	5716	5716	0.000329611470479173
chrM	5717	5717	4.1250721887633e-05
chrM	5718	5718	0.000494988244029204
chrM	5719	5719	0.00012385434728759
chrM	5720	5720	0.000412813738441215
chrM	5721	5721	8.25593395252838e-05
chrM	5722	5722	8.25559316436886e-05
chrM	5723	5723	0.000247606470782436
chrM	5724	5724	0.00374131480491716
chrM	5725	5725	0.000205524498520224
chrM	5726	5726	0.000862564692351926
chrM	5727	5727	0.000369549150036955
chrM	5728	5728	0.000246315530194179
chrM	5729	5729	0.00118925568997334
chrM	5730	5730	0.0243677976952625
chrM	5731	5731	0.000639872025594881
chrM	5732	5732	0.000239923224568138
chrM	5733	5733	3.99904023034472e-05
chrM	5734	5734	0.000119971206910342
chrM	5735	5735	0.000119961612284069
chrM	5736	5736	7.99744081893794e-05
chrM	5737	5737	0.000199936020473448
chrM	5738	5738	0.00159712517468557
chrM	5739	5739	0.00250916042695555
chrM	5740	5740	0.00262175260189084
chrM	5741	5741	0.00725609275179431
chrM	5742	5742	0.0174752014879107
chrM	5743	5743	0.00204973508140929
chrM	5744	5744	0.000271013202214565
chrM	5745	5745	0.00193550884527542
chrM	5746	5746	0.000310257901880939
chrM	5747	5747	0.000852911529813135
chrM	5748	5748	0.0111957525392428
chrM	5749	5749	0.00627164293959215
chrM	5750	5750	0.00807130288424757
chrM	5751	5751	0.00707897240723121
chrM	5752	5752	0.00958129007921539
chrM	5753	5753	0.00292023361868949
chrM	5754	5754	0.000282326369282891
chrM	5755	5755	0
chrM	5756	5756	4.14748455062005e-05
chrM	5757	5757	0.000551267916207277
chrM	5758	5758	4.25767445821093e-05
chrM	5759	5759	0.000347659814871149
chrM	5760	5760	0
chrM	5761	5761	0.000132310134956338
chrM	5762	5762	0
chrM	5763	5763	0
chrM	5764	5764	8.8261253309797e-05
chrM	5765	5765	4.42203944459185e-05
chrM	5766	5766	0
chrM	5767	5767	0
chrM	5768	5768	0
chrM	5769	5769	8.86014264829664e-05
chrM	5770	5770	0.000398741748261043
chrM	5771	5771	0
chrM	5772	5772	0.00132766861391397
chrM	5773	5773	0.000751779949586521
chrM	5774	5774	0.000839556360744112
chrM	5775	5775	0.00229246572322885
chrM	5776	5776	0.000573293349797142
chrM	5777	5777	0.00123331718275118
chrM	5778	5778	0.00478070175438597
chrM	5779	5779	0.00735966554892653
chrM	5780	5780	0.00121813277647264
chrM	5781	5781	0.00708515142351061
chrM	5782	5782	0.00103591160220994
chrM	5783	5783	0.000302088727774901
chrM	5784	5784	8.63185153215365e-05
chrM	5785	5785	0
chrM	5786	5786	0
chrM	5787	5787	0.000172748866335565
chrM	5788	5788	0
chrM	5789	5789	4.31946784156192e-05
chrM	5790	5790	0
chrM	5791	5791	0.000129640032842142
chrM	5792	5792	8.64453665283541e-05
chrM	5793	5793	0.000389004149377593
chrM	5794	5794	0.000129651238169325
chrM	5795	5795	0.000216038714137573
chrM	5796	5796	0
chrM	5797	5797	0
chrM	5798	5798	0.000734372975074517
chrM	5799	5799	0.000521693765759499
chrM	5800	5800	0.0029580650774317
chrM	5801	5801	0.00295151699292504
chrM	5802	5802	0.00466683951257454
chrM	5803	5803	0.0315978906838537
chrM	5804	5804	0.000627431296273058
chrM	5805	5805	0.00780277247447497
chrM	5806	5806	8.31013420866747e-05
chrM	5807	5807	0.00207348428298913
chrM	5808	5808	0.00078736894451121
chrM	5809	5809	0.000538480656117969
chrM	5810	5810	0.000496873835451948
chrM	5811	5811	0.000496647628507574
chrM	5812	5812	0.00305330912691863
chrM	5813	5813	0
chrM	5814	5814	0
chrM	5815	5815	0
chrM	5816	5816	0
chrM	5817	5817	0
chrM	5818	5818	0
chrM	5819	5819	8.36575061697411e-05
chrM	5820	5820	8.36505081768372e-05
chrM	5821	5821	0
chrM	5822	5822	0.000669120107059217
chrM	5823	5823	8.3633018315631e-05
chrM	5824	5824	8.36680053547523e-05
chrM	5825	5825	0.000836750062756255
chrM	5826	5826	0.00158962560133863
chrM	5827	5827	0.000418217556773033
chrM	5828	5828	4.18235048097031e-05
chrM	5829	5829	0
chrM	5830	5830	0
chrM	5831	5831	0
chrM	5832	5832	4.18462568523246e-05
chrM	5833	5833	4.18445058163863e-05
chrM	5834	5834	4.18427549269844e-05
chrM	5835	5835	0.000125512509413438
chrM	5836	5836	4.1839253587716e-05
chrM	5837	5837	0
chrM	5838	5838	0
chrM	5839	5839	0
chrM	5840	5840	0
chrM	5841	5841	4.1839253587716e-05
chrM	5842	5842	4.18375031378127e-05
chrM	5843	5843	4.18357528343723e-05
chrM	5844	5844	0.000209143765424353
chrM	5845	5845	0.000668812439911382
chrM	5846	5846	0.0011690534841969
chrM	5847	5847	0.0355560924538939
chrM	5848	5848	0.00188906752411576
chrM	5849	5849	0.000924994972853408
chrM	5850	5850	0
chrM	5851	5851	0
chrM	5852	5852	0
chrM	5853	5853	0
chrM	5854	5854	0.00171009771986971
chrM	5855	5855	8.19806525659944e-05
chrM	5856	5856	4.15696707682075e-05
chrM	5857	5857	4.17240372178412e-05
chrM	5858	5858	0
chrM	5859	5859	0
chrM	5860	5860	0
chrM	5861	5861	0
chrM	5862	5862	0
chrM	5863	5863	0
chrM	5864	5864	0
chrM	5865	5865	0
chrM	5866	5866	0
chrM	5867	5867	4.26530177010023e-05
chrM	5868	5868	0.000128013654789844
chrM	5869	5869	0.000128375197911763
chrM	5870	5870	0
chrM	5871	5871	0
chrM	5872	5872	0
chrM	5873	5873	0
chrM	5874	5874	0
chrM	5875	5875	0
chrM	5876	5876	4.28669410150892e-05
chrM	5877	5877	0
chrM	5878	5878	0.000128744313792807
chrM	5879	5879	0.000171703296703297
chrM	5880	5880	0.000171673819742489
chrM	5881	5881	0
chrM	5882	5882	0
chrM	5883	5883	4.29239816285359e-05
chrM	5884	5884	0.000557987810112456
chrM	5885	5885	0.00124447496030554
chrM	5886	5886	0.000257543889771215
chrM	5887	5887	0.000128766417718259
chrM	5888	5888	4.29331959471063e-05
chrM	5889	5889	0.000300532371629744
chrM	5890	5890	0
chrM	5891	5891	0
chrM	5892	5892	4.31201759303178e-05
chrM	5893	5893	0
chrM	5894	5894	0
chrM	5895	5895	0
chrM	5896	5896	0
chrM	5897	5897	0
chrM	5898	5898	0
chrM	5899	5899	0
chrM	5900	5900	0
chrM	5901	5901	0
chrM	5902	5902	0
chrM	5903	5903	0
chrM	5904	5904	4.91980714355997e-05
chrM	5905	5905	0.000295290122545401
chrM	5906	5906	0.000935315545928916
chrM	5907	5907	0.00167117227820103
chrM	5908	5908	0.000147434637310792
chrM	5909	5909	0.000196589177765764
chrM	5910	5910	0.00132586918090748
chrM	5911	5911	0.000147492625368732
chrM	5912	5912	0
chrM	5913	5913	4.95515583965116e-05
chrM	5914	5914	0
chrM	5915	5915	0
chrM	5916	5916	0
chrM	5917	5917	0.000156748001462981
chrM	5918	5918	0.000209940691754579
chrM	5919	5919	5.26981450252951e-05
chrM	5920	5920	0.000108295429932857
chrM	5921	5921	0.000108471634667534
chrM	5922	5922	0
chrM	5923	5923	0
chrM	5924	5924	5.86166471277843e-05
chrM	5925	5925	0
chrM	5926	5926	0
chrM	5927	5927	0
chrM	5928	5928	0
chrM	5929	5929	0
chrM	5930	5930	0
chrM	5931	5931	0
chrM	5932	5932	0
chrM	5933	5933	0
chrM	5934	5934	0
chrM	5935	5935	0
chrM	5936	5936	0.000122669283611384
chrM	5937	5937	6.14062020264047e-05
chrM	5938	5938	0.000245685154474541
chrM	5939	5939	0.000188359389715577
chrM	5940	5940	0.000125557159897043
chrM	5941	5941	6.27943485086342e-05
chrM	5942	5942	0
chrM	5943	5943	0.00043994720633524
chrM	5944	5944	6.28733102797862e-05
chrM	5945	5945	0
chrM	5946	5946	0.000314327025837682
chrM	5947	5947	0.000125715004085738
chrM	5948	5948	0
chrM	5949	5949	0.000753816194484578
chrM	5950	5950	0.000502323245008163
chrM	5951	5951	0.00175526579739218
chrM	5952	5952	0.00617053103964099
chrM	5953	5953	0.0131020483484038
chrM	5954	5954	0.0154451847365233
chrM	5955	5955	0.00679781026288877
chrM	5956	5956	0.00472997245838822
chrM	5957	5957	0.00257438783452074
chrM	5958	5958	0.000299365345467609
chrM	5959	5959	0
chrM	5960	5960	0
chrM	5961	5961	0.000120192307692308
chrM	5962	5962	6.02554832489757e-05
chrM	5963	5963	6.0306356289953e-05
chrM	5964	5964	0.000120649092115582
chrM	5965	5965	0.000180995475113122
chrM	5966	5966	0.000120656370656371
chrM	5967	5967	0
chrM	5968	5968	0
chrM	5969	5969	0
chrM	5970	5970	0
chrM	5971	5971	0
chrM	5972	5972	6.03901201763392e-05
chrM	5973	5973	6.03864734299517e-05
chrM	5974	5974	0
chrM	5975	5975	6.03828271239659e-05
chrM	5976	5976	0
chrM	5977	5977	0.000663770214820179
chrM	5978	5978	0.0168505992642696
chrM	5979	5979	0.137442945792092
chrM	5980	5980	0.00864392128946967
chrM	5981	5981	0.0198493840706199
chrM	5982	5982	0.0230540527367549
chrM	5983	5983	0.030894232131891
chrM	5984	5984	0.00315606010645815
chrM	5985	5985	0.0161963987377019
chrM	5986	5986	0.00683665927568367
chrM	5987	5987	0.00373306295511107
chrM	5988	5988	0.00253036437246964
chrM	5989	5989	0.0018834987137082
chrM	5990	5990	0.00612179633605921
chrM	5991	5991	0.0622675776182652
chrM	5992	5992	0.011350980896085
chrM	5993	5993	0.000814367151000814
chrM	5994	5994	0.000300145785095618
chrM	5995	5995	0.000214435819359266
chrM	5996	5996	0.00184146289238148
chrM	5997	5997	0
chrM	5998	5998	0
chrM	5999	5999	0
chrM	6000	6000	0
chrM	6001	6001	0.000171350239890336
chrM	6002	6002	0.000128496166531032
chrM	6003	6003	0.000513720621601952
chrM	6004	6004	0
chrM	6005	6005	0
chrM	6006	6006	0
chrM	6007	6007	0
chrM	6008	6008	4.28137175150918e-05
chrM	6009	6009	0
chrM	6010	6010	0
chrM	6011	6011	4.28137175150918e-05
chrM	6012	6012	0
chrM	6013	6013	0
chrM	6014	6014	0.00145355051088025
chrM	6015	6015	0.00204786893638807
chrM	6016	6016	0.00369803621525121
chrM	6017	6017	0.00267073636016788
chrM	6018	6018	0.0398485835232823
chrM	6019	6019	0.00369063551932514
chrM	6020	6020	0.00420049275011107
chrM	6021	6021	0.00414286863486445
chrM	6022	6022	0.00983711019953005
chrM	6023	6023	0.103463064222151
chrM	6024	6024	0.0120077697333569
chrM	6025	6025	0.00112890707683624
chrM	6026	6026	0.00547426044846826
chrM	6027	6027	0.0304865600544403
chrM	6028	6028	0.00193772096818058
chrM	6029	6029	0.000475866757307954
chrM	6030	6030	0.00648714396729398
chrM	6031	6031	0.00225878228035871
chrM	6032	6032	0.00114574557708509
chrM	6033	6033	0.00010110882680058
chrM	6034	6034	0
chrM	6035	6035	0
chrM	6036	6036	3.3712031824158e-05
chrM	6037	6037	0
chrM	6038	6038	6.74308833445718e-05
chrM	6039	6039	0
chrM	6040	6040	3.38398023755541e-05
chrM	6041	6041	0.000135427952329361
chrM	6042	6042	0
chrM	6043	6043	3.38592808288752e-05
chrM	6044	6044	0.000101570964247021
chrM	6045	6045	6.77254410619349e-05
chrM	6046	6046	6.77231477719084e-05
chrM	6047	6047	0.000473901563875161
chrM	6048	6048	0.000406036407931244
chrM	6049	6049	0.000101509101982811
chrM	6050	6050	0.00111535471659851
chrM	6051	6051	0
chrM	6052	6052	0
chrM	6053	6053	0.000202757502027575
chrM	6054	6054	0.000877963125548727
chrM	6055	6055	0
chrM	6056	6056	3.37712336631657e-05
chrM	6057	6057	6.75401864109145e-05
chrM	6058	6058	6.75356250422098e-05
chrM	6059	6059	0.000270124257158293
chrM	6060	6060	0.00235801387859597
chrM	6061	6061	3.36847778488901e-05
chrM	6062	6062	0.000101071356377603
chrM	6063	6063	0.000607779578606159
chrM	6064	6064	0.000236454533171193
chrM	6065	6065	0.000912809763683695
chrM	6066	6066	0.00758745719465521
chrM	6067	6067	0.00371772113742171
chrM	6068	6068	0.00569810063312229
chrM	6069	6069	0.0396131552822878
chrM	6070	6070	0.00160025604096655
chrM	6071	6071	0.00465116279069767
chrM	6072	6072	0.00130539989811513
chrM	6073	6073	0.00295238095238095
chrM	6074	6074	0.00674993691647742
chrM	6075	6075	0.00439670874945041
chrM	6076	6076	0.00942691805114803
chrM	6077	6077	0.00245242603917673
chrM	6078	6078	0.000310539718029936
chrM	6079	6079	0.000248663434042024
chrM	6080	6080	0.000217783585340054
chrM	6081	6081	6.22703779811943e-05
chrM	6082	6082	0
chrM	6083	6083	0.000186968308871646
chrM	6084	6084	3.12022215981778e-05
chrM	6085	6085	0.000187265917602996
chrM	6086	6086	9.36271144123338e-05
chrM	6087	6087	0.000343181605465947
chrM	6088	6088	0.000280706131869503
chrM	6089	6089	0.000405401191255808
chrM	6090	6090	0.000716868220920085
chrM	6091	6091	0.000498520018694501
chrM	6092	6092	0.000249221183800623
chrM	6093	6093	3.1187624750499e-05
chrM	6094	6094	0.000249438762783737
chrM	6095	6095	0.000467508181393174
chrM	6096	6096	0.00158735099131626
chrM	6097	6097	0.00186428038777032
chrM	6098	6098	0.00740535036563917
chrM	6099	6099	0.00457715110742481
chrM	6100	6100	0.000614062020264047
chrM	6101	6101	0.000276489201560628
chrM	6102	6102	0.00208659363588941
chrM	6103	6103	6.14458201480844e-05
chrM	6104	6104	9.24242891031763e-05
chrM	6105	6105	0
chrM	6106	6106	0
chrM	6107	6107	0
chrM	6108	6108	0
chrM	6109	6109	3.14564328405159e-05
chrM	6110	6110	0.000255256692511407
chrM	6111	6111	0.000478453637842493
chrM	6112	6112	3.19111593324185e-05
chrM	6113	6113	0.000350966753876587
chrM	6114	6114	0.0011809390060962
chrM	6115	6115	0.00286450873675165
chrM	6116	6116	0
chrM	6117	6117	0
chrM	6118	6118	9.55414012738853e-05
chrM	6119	6119	3.1878606267334e-05
chrM	6120	6120	0
chrM	6121	6121	6.38039941300325e-05
chrM	6122	6122	3.19101410428234e-05
chrM	6123	6123	3.19193079894028e-05
chrM	6124	6124	6.38386159788056e-05
chrM	6125	6125	0
chrM	6126	6126	0
chrM	6127	6127	0
chrM	6128	6128	0
chrM	6129	6129	0
chrM	6130	6130	0
chrM	6131	6131	0
chrM	6132	6132	0
chrM	6133	6133	3.19376576921849e-05
chrM	6134	6134	0.00028735632183908
chrM	6135	6135	6.38528829576655e-05
chrM	6136	6136	0.000191521961184883
chrM	6137	6137	0.000733628911358489
chrM	6138	6138	0.00340384921266105
chrM	6139	6139	0.00174941951079869
chrM	6140	6140	0.000413420257592622
chrM	6141	6141	0.000476871721506915
chrM	6142	6142	9.54046748290666e-05
chrM	6143	6143	0
chrM	6144	6144	0
chrM	6145	6145	6.39079725195718e-05
chrM	6146	6146	3.20020481310804e-05
chrM	6147	6147	0
chrM	6148	6148	0
chrM	6149	6149	0
chrM	6150	6150	0
chrM	6151	6151	3.2626427406199e-05
chrM	6152	6152	6.52869360840896e-05
chrM	6153	6153	0.00013068051880166
chrM	6154	6154	6.53958081286989e-05
chrM	6155	6155	0.000294358135731807
chrM	6156	6156	0.000228907782864617
chrM	6157	6157	0.000196168181520957
chrM	6158	6158	0.00107779737409367
chrM	6159	6159	0.0218003713425956
chrM	6160	6160	0.00127905861286093
chrM	6161	6161	0.000159907893053601
chrM	6162	6162	0.00108681754251374
chrM	6163	6163	0.00102200504614992
chrM	6164	6164	0.00519997432111446
chrM	6165	6165	0.00106157112526539
chrM	6166	6166	0.0020456537974478
chrM	6167	6167	0.00718437724511789
chrM	6168	6168	0.0122467444340324
chrM	6169	6169	0.00132306544085219
chrM	6170	6170	0.000204498977505112
chrM	6171	6171	3.46488340667337e-05
chrM	6172	6172	0
chrM	6173	6173	3.54798651765123e-05
chrM	6174	6174	3.90945697642597e-05
chrM	6175	6175	0
chrM	6176	6176	0
chrM	6177	6177	0
chrM	6178	6178	0
chrM	6179	6179	0
chrM	6180	6180	0
chrM	6181	6181	5.05407864146366e-05
chrM	6182	6182	0
chrM	6183	6183	0
chrM	6184	6184	0
chrM	6185	6185	0
chrM	6186	6186	0
chrM	6187	6187	0
chrM	6188	6188	0
chrM	6189	6189	0
chrM	6190	6190	0
chrM	6191	6191	0.000151998784009728
chrM	6192	6192	5.06636943965954e-05
chrM	6193	6193	0.000303966766300218
chrM	6194	6194	0.000557215946507269
chrM	6195	6195	0.000405083801711479
chrM	6196	6196	5.06354752139349e-05
chrM	6197	6197	0.000151883353584447
chrM	6198	6198	5.0625221485344e-05
chrM	6199	6199	0
chrM	6200	6200	0.000151883353584447
chrM	6201	6201	0
chrM	6202	6202	0
chrM	6203	6203	0
chrM	6204	6204	0
chrM	6205	6205	5.06354752139349e-05
chrM	6206	6206	5.06329113924051e-05
chrM	6207	6207	0.000253100480890914
chrM	6208	6208	0.00202101859337106
chrM	6209	6209	0.00201694231544978
chrM	6210	6210	0.00242045282638294
chrM	6211	6211	0.00231469833442359
chrM	6212	6212	5.03473970395731e-05
chrM	6213	6213	0
chrM	6214	6214	5.07125107764085e-05
chrM	6215	6215	0
chrM	6216	6216	0
chrM	6217	6217	0
chrM	6218	6218	0
chrM	6219	6219	0
chrM	6220	6220	0
chrM	6221	6221	0
chrM	6222	6222	0
chrM	6223	6223	0
chrM	6224	6224	0
chrM	6225	6225	5.41066984092631e-05
chrM	6226	6226	0
chrM	6227	6227	0
chrM	6228	6228	0
chrM	6229	6229	0
chrM	6230	6230	0
chrM	6231	6231	0
chrM	6232	6232	0
chrM	6233	6233	0.000108483402039488
chrM	6234	6234	5.424464334147e-05
chrM	6235	6235	0
chrM	6236	6236	0
chrM	6237	6237	5.43094552761636e-05
chrM	6238	6238	0
chrM	6239	6239	0
chrM	6240	6240	5.4333061668025e-05
chrM	6241	6241	0
chrM	6242	6242	0
chrM	6243	6243	0
chrM	6244	6244	0
chrM	6245	6245	0
chrM	6246	6246	5.43862511557078e-05
chrM	6247	6247	5.43892091808985e-05
chrM	6248	6248	0.00508905852417303
chrM	6249	6249	0.00302375809935205
chrM	6250	6250	0.000971292898769696
chrM	6251	6251	5.39607165983164e-05
chrM	6252	6252	0
chrM	6253	6253	5.40073449989199e-05
chrM	6254	6254	0
chrM	6255	6255	0
chrM	6256	6256	0
chrM	6257	6257	0
chrM	6258	6258	0
chrM	6259	6259	0
chrM	6260	6260	0
chrM	6261	6261	0.000217616016538817
chrM	6262	6262	0.000217568670111504
chrM	6263	6263	0.000597956077408132
chrM	6264	6264	0.0131967169143286
chrM	6265	6265	5.36538255177594e-05
chrM	6266	6266	0.00294495609338188
chrM	6267	6267	0.023572744014733
chrM	6268	6268	0.00527983104540655
chrM	6269	6269	0.00311444256756757
chrM	6270	6270	0.0405741238525131
chrM	6271	6271	0.00197578398095142
chrM	6272	6272	0.00101255569056298
chrM	6273	6273	0.00343157044812273
chrM	6274	6274	0.00141164608016133
chrM	6275	6275	0.00556949322629202
chrM	6276	6276	0.0341714396660518
chrM	6277	6277	0.0106158132385436
chrM	6278	6278	0.00455264292902669
chrM	6279	6279	0.000335554383778342
chrM	6280	6280	0.000289351851851852
chrM	6281	6281	0.000144675925925926
chrM	6282	6282	0.000144689881354297
chrM	6283	6283	0.0258028062906112
chrM	6284	6284	0.00202153166282732
chrM	6285	6285	0.000141116703513806
chrM	6286	6286	0.000329334274288403
chrM	6287	6287	0.000141209696399153
chrM	6288	6288	0.00131764705882353
chrM	6289	6289	0
chrM	6290	6290	4.74001042802294e-05
chrM	6291	6291	0
chrM	6292	6292	0
chrM	6293	6293	0
chrM	6294	6294	0
chrM	6295	6295	0
chrM	6296	6296	0
chrM	6297	6297	0
chrM	6298	6298	0
chrM	6299	6299	0
chrM	6300	6300	0
chrM	6301	6301	4.75827940616673e-05
chrM	6302	6302	4.7616780153326e-05
chrM	6303	6303	0.000142829937154828
chrM	6304	6304	0.000285659874309655
chrM	6305	6305	0.0002855782960495
chrM	6306	6306	0.000190376469468374
chrM	6307	6307	0.000190340233166786
chrM	6308	6308	0.000479892504079086
chrM	6309	6309	0
chrM	6310	6310	0
chrM	6311	6311	0
chrM	6312	6312	0
chrM	6313	6313	0
chrM	6314	6314	0
chrM	6315	6315	0.000144731763797761
chrM	6316	6316	0
chrM	6317	6317	9.64924977083032e-05
chrM	6318	6318	0.000192947759394144
chrM	6319	6319	0.000241126543209877
chrM	6320	6320	0.000385709464345981
chrM	6321	6321	0.00062647583249
chrM	6322	6322	0.0011552902666795
chrM	6323	6323	0.00383748261140692
chrM	6324	6324	0.0138632599952685
chrM	6325	6325	0.0128911723493695
chrM	6326	6326	0.0427510956086218
chrM	6327	6327	0.000268348316114316
chrM	6328	6328	8.95696179855793e-05
chrM	6329	6329	0
chrM	6330	6330	0
chrM	6331	6331	0
chrM	6332	6332	4.56516776991554e-05
chrM	6333	6333	4.5875768419121e-05
chrM	6334	6334	0
chrM	6335	6335	9.19371150133309e-05
chrM	6336	6336	0.000551470588235294
chrM	6337	6337	0.000964231599246981
chrM	6338	6338	0.00142175747569253
chrM	6339	6339	0.0156121984524351
chrM	6340	6340	0.00145494225697918
chrM	6341	6341	0.000136487716105551
chrM	6342	6342	0
chrM	6343	6343	0.00027331116476108
chrM	6344	6344	0.00530756668481219
chrM	6345	6345	0.000546846518410499
chrM	6346	6346	0.000137011326269638
chrM	6347	6347	0.000137262079062958
chrM	6348	6348	0.000320307495195388
chrM	6349	6349	0.00114400768773166
chrM	6350	6350	4.58337152809607e-05
chrM	6351	6351	0
chrM	6352	6352	0.000137614678899083
chrM	6353	6353	0.00142078005408131
chrM	6354	6354	0.0033403495927519
chrM	6355	6355	0.000457707799340901
chrM	6356	6356	0.000366065708794729
chrM	6357	6357	9.15248032216731e-05
chrM	6358	6358	9.15164271986822e-05
chrM	6359	6359	4.57561198810341e-05
chrM	6360	6360	0.00064040986231188
chrM	6361	6361	0
chrM	6362	6362	4.5831614647784e-05
chrM	6363	6363	0.000229126569517001
chrM	6364	6364	0.000641143066495695
chrM	6365	6365	0.00128076113804775
chrM	6366	6366	0.000959868360910504
chrM	6367	6367	0.000365530476103445
chrM	6368	6368	0.000319766113928098
chrM	6369	6369	9.13575735428467e-05
chrM	6370	6370	9.13784438251017e-05
chrM	6371	6371	0.000733675715333822
chrM	6372	6372	0
chrM	6373	6373	0
chrM	6374	6374	4.64684014869888e-05
chrM	6375	6375	9.3179276928811e-05
chrM	6376	6376	0
chrM	6377	6377	0
chrM	6378	6378	0
chrM	6379	6379	0
chrM	6380	6380	4.67639356528245e-05
chrM	6381	6381	0
chrM	6382	6382	4.67661226207735e-05
chrM	6383	6383	0
chrM	6384	6384	4.67683097932841e-05
chrM	6385	6385	0.000140285246668225
chrM	6386	6386	0.000467551898260707
chrM	6387	6387	0
chrM	6388	6388	4.67967616640928e-05
chrM	6389	6389	0
chrM	6390	6390	4.67967616640928e-05
chrM	6391	6391	0
chrM	6392	6392	0.0167947361155846
chrM	6393	6393	0.000413983440662373
chrM	6394	6394	0.000184001104006624
chrM	6395	6395	0.000321913083467464
chrM	6396	6396	0.000643826166934928
chrM	6397	6397	0.000735260328109921
chrM	6398	6398	0.00146842878120411
chrM	6399	6399	0.00137488542621448
chrM	6400	6400	0.00912075884713608
chrM	6401	6401	4.5802225988183e-05
chrM	6402	6402	0.00493308363403828
chrM	6403	6403	0.000137224407647974
chrM	6404	6404	9.14871231874114e-05
chrM	6405	6405	4.57791613257645e-05
chrM	6406	6406	0
chrM	6407	6407	0
chrM	6408	6408	0
chrM	6409	6409	4.64403473737984e-05
chrM	6410	6410	9.30448941614329e-05
chrM	6411	6411	0
chrM	6412	6412	4.65961511579144e-05
chrM	6413	6413	0.000139814512746423
chrM	6414	6414	0.000186628096859982
chrM	6415	6415	0.000425330812854442
chrM	6416	6416	0
chrM	6417	6417	0.000141864094197759
chrM	6418	6418	4.73574540632696e-05
chrM	6419	6419	0.000379075056861259
chrM	6420	6420	9.4921689606075e-05
chrM	6421	6421	4.83021784282471e-05
chrM	6422	6422	0
chrM	6423	6423	0
chrM	6424	6424	0
chrM	6425	6425	0
chrM	6426	6426	0
chrM	6427	6427	0.000345116600108465
chrM	6428	6428	9.88924050632911e-05
chrM	6429	6429	0.000247451252103336
chrM	6430	6430	4.94902504206671e-05
chrM	6431	6431	0
chrM	6432	6432	9.99150721886396e-05
chrM	6433	6433	0
chrM	6434	6434	0
chrM	6435	6435	0.000253177376069674
chrM	6436	6436	0.000101796711966203
chrM	6437	6437	0.00213392947871151
chrM	6438	6438	0.000406545380628113
chrM	6439	6439	0.000304940028461069
chrM	6440	6440	0.000711129171534515
chrM	6441	6441	0.00203210729526519
chrM	6442	6442	0.00243395365346585
chrM	6443	6443	0.000710083181172652
chrM	6444	6444	0.000710804224207961
chrM	6445	6445	0.000153436988543372
chrM	6446	6446	0.000258197779499096
chrM	6447	6447	0
chrM	6448	6448	0
chrM	6449	6449	0
chrM	6450	6450	0
chrM	6451	6451	0
chrM	6452	6452	0
chrM	6453	6453	0
chrM	6454	6454	0
chrM	6455	6455	0
chrM	6456	6456	5.85582947824559e-05
chrM	6457	6457	0
chrM	6458	6458	0
chrM	6459	6459	0
chrM	6460	6460	0
chrM	6461	6461	0
chrM	6462	6462	0
chrM	6463	6463	0.000117350231766708
chrM	6464	6464	5.86820022299161e-05
chrM	6465	6465	0
chrM	6466	6466	0
chrM	6467	6467	0.00011761938367443
chrM	6468	6468	0
chrM	6469	6469	0
chrM	6470	6470	0
chrM	6471	6471	0
chrM	6472	6472	0
chrM	6473	6473	0
chrM	6474	6474	0
chrM	6475	6475	0
chrM	6476	6476	0.000177661968494611
chrM	6477	6477	0
chrM	6478	6478	0
chrM	6479	6479	0
chrM	6480	6480	0
chrM	6481	6481	0
chrM	6482	6482	0
chrM	6483	6483	0
chrM	6484	6484	6.40738130326136e-05
chrM	6485	6485	0
chrM	6486	6486	0
chrM	6487	6487	0
chrM	6488	6488	0.000705625761755084
chrM	6489	6489	0.000128295593046379
chrM	6490	6490	0
chrM	6491	6491	0.000192579278469637
chrM	6492	6492	0
chrM	6493	6493	0
chrM	6494	6494	0
chrM	6495	6495	0
chrM	6496	6496	0
chrM	6497	6497	0
chrM	6498	6498	6.42302010405293e-05
chrM	6499	6499	0
chrM	6500	6500	0
chrM	6501	6501	0
chrM	6502	6502	0
chrM	6503	6503	0
chrM	6504	6504	0
chrM	6505	6505	0.000192752505782575
chrM	6506	6506	0
chrM	6507	6507	0
chrM	6508	6508	0
chrM	6509	6509	0
chrM	6510	6510	0
chrM	6511	6511	0
chrM	6512	6512	0
chrM	6513	6513	0
chrM	6514	6514	0
chrM	6515	6515	6.44246875402654e-05
chrM	6516	6516	0
chrM	6517	6517	6.44454469291745e-05
chrM	6518	6518	6.44412939811831e-05
chrM	6519	6519	0
chrM	6520	6520	0
chrM	6521	6521	0
chrM	6522	6522	0.000322976551902332
chrM	6523	6523	0
chrM	6524	6524	0
chrM	6525	6525	0
chrM	6526	6526	0
chrM	6527	6527	6.50068257167002e-05
chrM	6528	6528	0
chrM	6529	6529	0
chrM	6530	6530	0
chrM	6531	6531	0
chrM	6532	6532	0
chrM	6533	6533	0
chrM	6534	6534	0
chrM	6535	6535	0
chrM	6536	6536	0
chrM	6537	6537	0
chrM	6538	6538	0
chrM	6539	6539	0
chrM	6540	6540	0
chrM	6541	6541	0
chrM	6542	6542	0.000781708032050029
chrM	6543	6543	0.000130301648315851
chrM	6544	6544	0
chrM	6545	6545	6.51508241579256e-05
chrM	6546	6546	6.51550690643732e-05
chrM	6547	6547	0.000130369597809791
chrM	6548	6548	0
chrM	6549	6549	0
chrM	6550	6550	6.52443400535004e-05
chrM	6551	6551	0
chrM	6552	6552	0
chrM	6553	6553	0
chrM	6554	6554	0
chrM	6555	6555	6.54407434068451e-05
chrM	6556	6556	0
chrM	6557	6557	6.54578778555999e-05
chrM	6558	6558	0
chrM	6559	6559	0
chrM	6560	6560	0
chrM	6561	6561	0
chrM	6562	6562	0
chrM	6563	6563	0
chrM	6564	6564	0
chrM	6565	6565	0
chrM	6566	6566	0
chrM	6567	6567	0
chrM	6568	6568	0
chrM	6569	6569	0
chrM	6570	6570	0
chrM	6571	6571	0
chrM	6572	6572	0
chrM	6573	6573	0
chrM	6574	6574	0
chrM	6575	6575	0.000131035838301776
chrM	6576	6576	0
chrM	6577	6577	0.00045841519318926
chrM	6578	6578	6.54921736852446e-05
chrM	6579	6579	0.000196437925615506
chrM	6580	6580	0.000915870731388198
chrM	6581	6581	0.00507713337238821
chrM	6582	6582	0.0117715167888846
chrM	6583	6583	0.00275835525049715
chrM	6584	6584	0.00351639920721181
chrM	6585	6585	0.000639181847235539
chrM	6586	6586	0.000895369659759529
chrM	6587	6587	0.000127926314442881
chrM	6588	6588	6.39590661976335e-05
chrM	6589	6589	0.000319693094629156
chrM	6590	6590	0.000447398696152371
chrM	6591	6591	0.00451826396843579
chrM	6592	6592	0.00152516522623284
chrM	6593	6593	0.00272514101020343
chrM	6594	6594	0.000316776482513938
chrM	6595	6595	0.00094948727687049
chrM	6596	6596	0.000189861401177141
chrM	6597	6597	0.000253084466940842
chrM	6598	6598	6.32671137542705e-05
chrM	6599	6599	0
chrM	6600	6600	0
chrM	6601	6601	0
chrM	6602	6602	0
chrM	6603	6603	0
chrM	6604	6604	0
chrM	6605	6605	0
chrM	6606	6606	0.0001267186213014
chrM	6607	6607	0.000253373028441122
chrM	6608	6608	0.000253308846811475
chrM	6609	6609	0.000253292806484296
chrM	6610	6610	0
chrM	6611	6611	0
chrM	6612	6612	6.3351282863478e-05
chrM	6613	6613	6.33673404727204e-05
chrM	6614	6614	0.000126726650614624
chrM	6615	6615	0.000253421186011151
chrM	6616	6616	0.00151821862348178
chrM	6617	6617	0.00176812326345037
chrM	6618	6618	0.00119836013875749
chrM	6619	6619	0.000882223202470225
chrM	6620	6620	0.00169854051333669
chrM	6621	6621	0.00282290947870272
chrM	6622	6622	0.0134298799356356
chrM	6623	6623	0.000494865767660522
chrM	6624	6624	0.000123708789509495
chrM	6625	6625	0.000309271973773737
chrM	6626	6626	0.000432846895869404
chrM	6627	6627	0.000926669549638599
chrM	6628	6628	0.00240354985825219
chrM	6629	6629	0.0090398240899096
chrM	6630	6630	0.00703584642445563
chrM	6631	6631	0.00584901109503136
chrM	6632	6632	0.00408383880847997
chrM	6633	6633	0.0178761061946903
chrM	6634	6634	0.11976732107614
chrM	6635	6635	0.00997531879884821
chrM	6636	6636	0.00297359651371443
chrM	6637	6637	0.000153798831128883
chrM	6638	6638	0
chrM	6639	6639	0
chrM	6640	6640	0
chrM	6641	6641	0
chrM	6642	6642	0
chrM	6643	6643	0.000205243983785725
chrM	6644	6644	0
chrM	6645	6645	5.13109959464313e-05
chrM	6646	6646	0
chrM	6647	6647	0.000256581310617335
chrM	6648	6648	0.000153925089789636
chrM	6649	6649	0.000307755437012721
chrM	6650	6650	0.00692746536267319
chrM	6651	6651	0.000203717850776674
chrM	6652	6652	0.00162709106625311
chrM	6653	6653	0.000101682851187147
chrM	6654	6654	0.000203324353174401
chrM	6655	6655	0.000406483410395813
chrM	6656	6656	0.00086303177987613
chrM	6657	6657	0.00570505376886959
chrM	6658	6658	0.00920414186383873
chrM	6659	6659	0.0131799782801856
chrM	6660	6660	0.027416334565708
chrM	6661	6661	0.00767251239039268
chrM	6662	6662	0.00157157824554719
chrM	6663	6663	0.00365552601595139
chrM	6664	6664	0.000474698566410329
chrM	6665	6665	0.000427167876975651
chrM	6666	6666	0.00392434988179669
chrM	6667	6667	0.000189187910892494
chrM	6668	6668	0.000236552017788712
chrM	6669	6669	0.000189322226429383
chrM	6670	6670	0.000142011834319527
chrM	6671	6671	0.00203204007372052
chrM	6672	6672	0.00202801490355138
chrM	6673	6673	0.000754076727307003
chrM	6674	6674	0.000235593459925552
chrM	6675	6675	0.000282658877844255
chrM	6676	6676	0
chrM	6677	6677	0
chrM	6678	6678	0.00295955277869122
chrM	6679	6679	0.000797972211791213
chrM	6680	6680	0.000609870519797335
chrM	6681	6681	0.000187617260787992
chrM	6682	6682	0.00018758206715438
chrM	6683	6683	0
chrM	6684	6684	0.000656167979002625
chrM	6685	6685	0
chrM	6686	6686	0
chrM	6687	6687	4.68669447438721e-05
chrM	6688	6688	0
chrM	6689	6689	0
chrM	6690	6690	0
chrM	6691	6691	0
chrM	6692	6692	9.37338894877443e-05
chrM	6693	6693	0.000468449899283272
chrM	6694	6694	0.0191600808674876
chrM	6695	6695	0.00648224230804346
chrM	6696	6696	0.00336669699727025
chrM	6697	6697	0.0360071926669883
chrM	6698	6698	0.00153266771763882
chrM	6699	6699	0.00100621226703999
chrM	6700	6700	0.00069960647135986
chrM	6701	6701	0.00884150305551944
chrM	6702	6702	0.00173085244482908
chrM	6703	6703	0.00396568817621449
chrM	6704	6704	0.00275209632337132
chrM	6705	6705	0
chrM	6706	6706	8.61252260787185e-05
chrM	6707	6707	8.61734671894524e-05
chrM	6708	6708	0.0010339034161892
chrM	6709	6709	0.000173550850399167
chrM	6710	6710	0
chrM	6711	6711	0
chrM	6712	6712	0
chrM	6713	6713	0
chrM	6714	6714	0
chrM	6715	6715	0
chrM	6716	6716	0
chrM	6717	6717	0
chrM	6718	6718	0
chrM	6719	6719	0
chrM	6720	6720	0
chrM	6721	6721	0
chrM	6722	6722	0
chrM	6723	6723	0
chrM	6724	6724	0
chrM	6725	6725	0.0130940625939123
chrM	6726	6726	0
chrM	6727	6727	0
chrM	6728	6728	0
chrM	6729	6729	0.000301451272555015
chrM	6730	6730	8.61957505494979e-05
chrM	6731	6731	0.000345423143350604
chrM	6732	6732	0.000907284195973386
chrM	6733	6733	0.000431890818001209
chrM	6734	6734	0.000345393316639323
chrM	6735	6735	0.00030212784323881
chrM	6736	6736	0.00241161018044012
chrM	6737	6737	0
chrM	6738	6738	0
chrM	6739	6739	8.61734671894524e-05
chrM	6740	6740	0
chrM	6741	6741	0
chrM	6742	6742	0
chrM	6743	6743	0
chrM	6744	6744	0
chrM	6745	6745	0
chrM	6746	6746	0
chrM	6747	6747	0
chrM	6748	6748	0
chrM	6749	6749	0
chrM	6750	6750	4.32002764817695e-05
chrM	6751	6751	4.32096098172233e-05
chrM	6752	6752	4.32077428275147e-05
chrM	6753	6753	0.000172920629431091
chrM	6754	6754	0
chrM	6755	6755	0
chrM	6756	6756	0
chrM	6757	6757	8.6497707810743e-05
chrM	6758	6758	0
chrM	6759	6759	4.32881693433185e-05
chrM	6760	6760	0.000173265182361604
chrM	6761	6761	0.000389745366360644
chrM	6762	6762	0.00254859611231102
chrM	6763	6763	0.0385606249480595
chrM	6764	6764	0.00174244938599403
chrM	6765	6765	0.000497780727589497
chrM	6766	6766	0.00281410362522761
chrM	6767	6767	0.00367207162602632
chrM	6768	6768	0.000415558510638298
chrM	6769	6769	0.00162621966474856
chrM	6770	6770	0.000377200335289187
chrM	6771	6771	0.00121976866456362
chrM	6772	6772	0.00235155790711346
chrM	6773	6773	0.000126108705704317
chrM	6774	6774	0.00016841396151741
chrM	6775	6775	0
chrM	6776	6776	0
chrM	6777	6777	4.37579311250164e-05
chrM	6778	6778	0.000179331988343421
chrM	6779	6779	0.00142191713655308
chrM	6780	6780	0.00303542993630573
chrM	6781	6781	0.00423264615078179
chrM	6782	6782	0.00584274113685878
chrM	6783	6783	0.0341197301047997
chrM	6784	6784	0.000430539609644087
chrM	6785	6785	0.000767643813270642
chrM	6786	6786	0.000479593304877464
chrM	6787	6787	9.59969280983009e-05
chrM	6788	6788	0.000288156757275958
chrM	6789	6789	0.00249257022337264
chrM	6790	6790	0.000820899125983872
chrM	6791	6791	0.0003866228494104
chrM	6792	6792	0.000145320674287929
chrM	6793	6793	0.000940594059405941
chrM	6794	6794	0.000148536911422488
chrM	6795	6795	4.95368306335761e-05
chrM	6796	6796	4.9573666468372e-05
chrM	6797	6797	4.95957942766453e-05
chrM	6798	6798	0
chrM	6799	6799	0
chrM	6800	6800	4.96548984557327e-05
chrM	6801	6801	0.000596302921884317
chrM	6802	6802	0
chrM	6803	6803	0
chrM	6804	6804	4.97190871575598e-05
chrM	6805	6805	0
chrM	6806	6806	0
chrM	6807	6807	0
chrM	6808	6808	0
chrM	6809	6809	0
chrM	6810	6810	0.00014937263493328
chrM	6811	6811	0.0002491777135453
chrM	6812	6812	0.00159299084030267
chrM	6813	6813	0.0125455082160779
chrM	6814	6814	0.0374141605493725
chrM	6815	6815	0.164463791056589
chrM	6816	6816	0.00496219281663516
chrM	6817	6817	0.0010230179028133
chrM	6818	6818	3.93483906508224e-05
chrM	6819	6819	0
chrM	6820	6820	0.000276101447560446
chrM	6821	6821	3.95694840139285e-05
chrM	6822	6822	0
chrM	6823	6823	0.000119684034149844
chrM	6824	6824	3.99776125369793e-05
chrM	6825	6825	0
chrM	6826	6826	0
chrM	6827	6827	0.000160025604096655
chrM	6828	6828	4.00128040973111e-05
chrM	6829	6829	0.000160096057634581
chrM	6830	6830	8.00672564954562e-05
chrM	6831	6831	8.00704620065658e-05
chrM	6832	6832	0.000440281780339417
chrM	6833	6833	0.00115948982447723
chrM	6834	6834	0.0145018915510719
chrM	6835	6835	0.00451298956125893
chrM	6836	6836	0.000353148911124191
chrM	6837	6837	0.000314058022219605
chrM	6838	6838	0.000314070351758794
chrM	6839	6839	0
chrM	6840	6840	0
chrM	6841	6841	0
chrM	6842	6842	0
chrM	6843	6843	0
chrM	6844	6844	0
chrM	6845	6845	0
chrM	6846	6846	0
chrM	6847	6847	0
chrM	6848	6848	0
chrM	6849	6849	0
chrM	6850	6850	0
chrM	6851	6851	0
chrM	6852	6852	3.94026557389968e-05
chrM	6853	6853	0
chrM	6854	6854	3.94042083694539e-05
chrM	6855	6855	0
chrM	6856	6856	0.000236387991490032
chrM	6857	6857	0.000118184683265049
chrM	6858	6858	3.93933425251133e-05
chrM	6859	6859	0.000354833622457026
chrM	6860	6860	0
chrM	6861	6861	0
chrM	6862	6862	0
chrM	6863	6863	3.95225673859774e-05
chrM	6864	6864	7.93147208121827e-05
chrM	6865	6865	0
chrM	6866	6866	7.93461874156947e-05
chrM	6867	6867	0.000356987029471263
chrM	6868	6868	0.00265073587592974
chrM	6869	6869	0.00820090249166176
chrM	6870	6870	0.00905980247297613
chrM	6871	6871	0.00104874732957856
chrM	6872	6872	0.0013199270158003
chrM	6873	6873	0.000155291559903719
chrM	6874	6874	0
chrM	6875	6875	0
chrM	6876	6876	3.88651379712398e-05
chrM	6877	6877	7.77967947720554e-05
chrM	6878	6878	0
chrM	6879	6879	3.89408099688474e-05
chrM	6880	6880	0
chrM	6881	6881	0
chrM	6882	6882	3.894232641458e-05
chrM	6883	6883	3.89574973703689e-05
chrM	6884	6884	0.000116863386700947
chrM	6885	6885	0.00011692715438282
chrM	6886	6886	7.79818302335556e-05
chrM	6887	6887	0.000116968184653774
chrM	6888	6888	0.00136729431986874
chrM	6889	6889	0
chrM	6890	6890	3.90823465040841e-05
chrM	6891	6891	3.9106800672637e-05
chrM	6892	6892	0.000195756009709498
chrM	6893	6893	0.000156641604010025
chrM	6894	6894	3.91665361115463e-05
chrM	6895	6895	0
chrM	6896	6896	0
chrM	6897	6897	0
chrM	6898	6898	0
chrM	6899	6899	0
chrM	6900	6900	0
chrM	6901	6901	0
chrM	6902	6902	0
chrM	6903	6903	0
chrM	6904	6904	0
chrM	6905	6905	0.000235534270236319
chrM	6906	6906	7.85052598524101e-05
chrM	6907	6907	7.84990972603815e-05
chrM	6908	6908	0
chrM	6909	6909	3.92495486301908e-05
chrM	6910	6910	0.000588396814811909
chrM	6911	6911	7.84559861917464e-05
chrM	6912	6912	7.84775358053757e-05
chrM	6913	6913	7.84960163271714e-05
chrM	6914	6914	0.000117734782779326
chrM	6915	6915	0.0023102827159527
chrM	6916	6916	0.00129067584480601
chrM	6917	6917	0.001132989529614
chrM	6918	6918	0.0008977711854483
chrM	6919	6919	0.00346195736735647
chrM	6920	6920	0.00015556938394524
chrM	6921	6921	0
chrM	6922	6922	0
chrM	6923	6923	3.90289594879401e-05
chrM	6924	6924	0.000353509564397659
chrM	6925	6925	0.000590807042419946
chrM	6926	6926	0.00126093466782252
chrM	6927	6927	0.0089840240615601
chrM	6928	6928	0.0009368047152504
chrM	6929	6929	0.00027320271641558
chrM	6930	6930	7.80609656141446e-05
chrM	6931	6931	7.80731545458094e-05
chrM	6932	6932	0.00163966425922311
chrM	6933	6933	0.00677649258090898
chrM	6934	6934	0.00117032066786299
chrM	6935	6935	0.00219178082191781
chrM	6936	6936	0.000396982929734021
chrM	6937	6937	0.000993996262574053
chrM	6938	6938	0.000517330574236937
chrM	6939	6939	0.00657399706942299
chrM	6940	6940	0.00075567752455952
chrM	6941	6941	0.000279575045930186
chrM	6942	6942	0
chrM	6943	6943	0
chrM	6944	6944	0.00160972272526057
chrM	6945	6945	0.000443441102958962
chrM	6946	6946	0.000241994030813907
chrM	6947	6947	0.00024202331491267
chrM	6948	6948	0.000806354070072169
chrM	6949	6949	0.00323585325405493
chrM	6950	6950	0.00206077258768385
chrM	6951	6951	0.0012122191692258
chrM	6952	6952	0.0189056317198929
chrM	6953	6953	0.00462372448979592
chrM	6954	6954	0.00643253825562348
chrM	6955	6955	0.00443007662835249
chrM	6956	6956	0.00275922741632343
chrM	6957	6957	0.00128194524853197
chrM	6958	6958	0.00024823135161971
chrM	6959	6959	0
chrM	6960	6960	0
chrM	6961	6961	4.17519101498894e-05
chrM	6962	6962	4.22190323397788e-05
chrM	6963	6963	8.46417537771383e-05
chrM	6964	6964	0
chrM	6965	6965	0
chrM	6966	6966	0
chrM	6967	6967	0
chrM	6968	6968	4.25188145754496e-05
chrM	6969	6969	0.000170075258301799
chrM	6970	6970	0.000552815104609628
chrM	6971	6971	0.000934698559714492
chrM	6972	6972	0.000212395395267831
chrM	6973	6973	0.000212350293043404
chrM	6974	6974	0
chrM	6975	6975	8.49581581071322e-05
chrM	6976	6976	0.000382392929979606
chrM	6977	6977	0.000212756903961534
chrM	6978	6978	4.28687786684957e-05
chrM	6979	6979	0
chrM	6980	6980	0
chrM	6981	6981	8.58516483516484e-05
chrM	6982	6982	0
chrM	6983	6983	8.58442784788394e-05
chrM	6984	6984	0.000343377113915358
chrM	6985	6985	0.000301165942434281
chrM	6986	6986	0.00308880308880309
chrM	6987	6987	0
chrM	6988	6988	0.000728925478089358
chrM	6989	6989	0.00141315519013361
chrM	6990	6990	0.014905206266098
chrM	6991	6991	0.0210848354555978
chrM	6992	6992	0.0213481325447622
chrM	6993	6993	0.000689487345879299
chrM	6994	6994	0.000365541610820032
chrM	6995	6995	8.13041180535794e-05
chrM	6996	6996	8.18732601932209e-05
chrM	6997	6997	0.000328596073276924
chrM	6998	6998	0.000164717509471257
chrM	6999	6999	0.00255228058620122
chrM	7000	7000	0.00971745876204475
chrM	7001	7001	0.00894555757943736
chrM	7002	7002	0.00847083383515998
chrM	7003	7003	0.00555844363578198
chrM	7004	7004	0.00275295244174912
chrM	7005	7005	0.000439209423038531
chrM	7006	7006	0.00375849660135946
chrM	7007	7007	0.000320307495195388
chrM	7008	7008	0.000440616863609053
chrM	7009	7009	0.00176792028286725
chrM	7010	7010	0.000764710617403204
chrM	7011	7011	0.00602157731872543
chrM	7012	7012	0.00735019309829326
chrM	7013	7013	0.000499209584824029
chrM	7014	7014	8.33680700291788e-05
chrM	7015	7015	0.000793916095604212
chrM	7016	7016	8.37030216790826e-05
chrM	7017	7017	0
chrM	7018	7018	0
chrM	7019	7019	0
chrM	7020	7020	4.20503763508683e-05
chrM	7021	7021	0.00126156433978133
chrM	7022	7022	0.0101224693826543
chrM	7023	7023	0.0220420469361147
chrM	7024	7024	0.0104431272932543
chrM	7025	7025	0.00321543408360129
chrM	7026	7026	0.00364466517141942
chrM	7027	7027	0.00247801758593125
chrM	7028	7028	0.000360808210391276
chrM	7029	7029	0.000281531531531532
chrM	7030	7030	0.000121006776379477
chrM	7031	7031	4.04203718674212e-05
chrM	7032	7032	0.000646778235912362
chrM	7033	7033	0.0280234249105844
chrM	7034	7034	0.00286106212032138
chrM	7035	7035	0.00522784019975031
chrM	7036	7036	0.000663388745805042
chrM	7037	7037	7.8125e-05
chrM	7038	7038	3.91022131852663e-05
chrM	7039	7039	3.91083300743058e-05
chrM	7040	7040	0
chrM	7041	7041	0
chrM	7042	7042	0.000157096850208153
chrM	7043	7043	3.93824826717076e-05
chrM	7044	7044	0.000236667718523193
chrM	7045	7045	0.000512962159176104
chrM	7046	7046	0.000513245686762209
chrM	7047	7047	0.000631338042062897
chrM	7048	7048	0.00145784081954295
chrM	7049	7049	0.000393855848759354
chrM	7050	7050	0.000236257678374547
chrM	7051	7051	0.000630740726140261
chrM	7052	7052	0
chrM	7053	7053	3.94975906469705e-05
chrM	7054	7054	0.000158384478321125
chrM	7055	7055	0
chrM	7056	7056	3.96573604060914e-05
chrM	7057	7057	0
chrM	7058	7058	7.95165394402036e-05
chrM	7059	7059	0.000278352155240973
chrM	7060	7060	0.000796146650212969
chrM	7061	7061	0.000240500240500241
chrM	7062	7062	8.01731740559609e-05
chrM	7063	7063	4.0102662816811e-05
chrM	7064	7064	0
chrM	7065	7065	4.01284109149278e-05
chrM	7066	7066	4.01735497348546e-05
chrM	7067	7067	0
chrM	7068	7068	0
chrM	7069	7069	4.01896953621092e-05
chrM	7070	7070	0.000361605528546748
chrM	7071	7071	0
chrM	7072	7072	0.000160732942216507
chrM	7073	7073	0.000602385446367616
chrM	7074	7074	0.000200867748674273
chrM	7075	7075	0.000361547422970313
chrM	7076	7076	0.000401670951156812
chrM	7077	7077	8.03438717711806e-05
chrM	7078	7078	0.000321323854279632
chrM	7079	7079	0.000482082596818255
chrM	7080	7080	0.000923138671483042
chrM	7081	7081	0.00961958898119808
chrM	7082	7082	0.00867473680059935
chrM	7083	7083	0.0127306704041112
chrM	7084	7084	0.00657513053567975
chrM	7085	7085	0.00992375186788766
chrM	7086	7086	0.055005620218282
chrM	7087	7087	0.00130780688051731
chrM	7088	7088	0.00384474551446357
chrM	7089	7089	0.000371747211895911
chrM	7090	7090	0.000115509009702757
chrM	7091	7091	0
chrM	7092	7092	0.000274822346982843
chrM	7093	7093	8.00864934128859e-05
chrM	7094	7094	0.00048090409970745
chrM	7095	7095	0
chrM	7096	7096	8.03019352766402e-05
chrM	7097	7097	0
chrM	7098	7098	4.02171727327569e-05
chrM	7099	7099	4.02252614641995e-05
chrM	7100	7100	0.000120729204394543
chrM	7101	7101	0
chrM	7102	7102	4.02884654123524e-05
chrM	7103	7103	4.02884654123524e-05
chrM	7104	7104	0.000161166847979371
chrM	7105	7105	0
chrM	7106	7106	0
chrM	7107	7107	0.000241701579116984
chrM	7108	7108	0.00609218436873748
chrM	7109	7109	0.00407266919544819
chrM	7110	7110	0.00286692681372939
chrM	7111	7111	0.00297819957908113
chrM	7112	7112	0.00202132297570449
chrM	7113	7113	3.96432111000991e-05
chrM	7114	7114	0
chrM	7115	7115	3.97203686050207e-05
chrM	7116	7116	0
chrM	7117	7117	4.0094623311014e-05
chrM	7118	7118	8.05444806894607e-05
chrM	7119	7119	0
chrM	7120	7120	4.04547109510903e-05
chrM	7121	7121	0
chrM	7122	7122	8.09519954666883e-05
chrM	7123	7123	8.09585492227979e-05
chrM	7124	7124	8.09519954666883e-05
chrM	7125	7125	0.000849514563106796
chrM	7126	7126	0.000161936763693778
chrM	7127	7127	8.09847748623259e-05
chrM	7128	7128	8.09946138581784e-05
chrM	7129	7129	0
chrM	7130	7130	0.000121477162293489
chrM	7131	7131	0.00161864681126578
chrM	7132	7132	0.000121472243592339
chrM	7133	7133	0.000121462407384914
chrM	7134	7134	0
chrM	7135	7135	0
chrM	7136	7136	4.04989470273773e-05
chrM	7137	7137	0.000323912867438659
chrM	7138	7138	0.00282691220418383
chrM	7139	7139	0.0272694937359206
chrM	7140	7140	0.0973599714591509
chrM	7141	7141	0.0292008729086563
chrM	7142	7142	0.0317071534022279
chrM	7143	7143	0.0402306255234169
chrM	7144	7144	0.0123767101495387
chrM	7145	7145	0.000540678073913873
chrM	7146	7146	9.54836245583882e-05
chrM	7147	7147	0.00127190053737798
chrM	7148	7148	0.00044547681929551
chrM	7149	7149	0.000636415706739642
chrM	7150	7150	0.00191411982390098
chrM	7151	7151	0.00201509723643808
chrM	7152	7152	0.00127926314442881
chrM	7153	7153	0.00140646976090014
chrM	7154	7154	0.00458525712466168
chrM	7155	7155	0.0272465205666284
chrM	7156	7156	0.00365619384024292
chrM	7157	7157	0.000124362641462505
chrM	7158	7158	3.11371279113215e-05
chrM	7159	7159	0
chrM	7160	7160	0
chrM	7161	7161	0.000124723270244146
chrM	7162	7162	0
chrM	7163	7163	0
chrM	7164	7164	0
chrM	7165	7165	9.36358812697026e-05
chrM	7166	7166	3.12139089178138e-05
chrM	7167	7167	0.000810928825400786
chrM	7168	7168	0.000810473815461347
chrM	7169	7169	0.000342807279980055
chrM	7170	7170	0.000373890014020876
chrM	7171	7171	0.00136943666355431
chrM	7172	7172	0.0183531139116603
chrM	7173	7173	0.000367118426285679
chrM	7174	7174	0.00478235706235341
chrM	7175	7175	3.04673694473219e-05
chrM	7176	7176	0
chrM	7177	7177	0
chrM	7178	7178	0
chrM	7179	7179	0
chrM	7180	7180	0
chrM	7181	7181	3.08499151627333e-05
chrM	7182	7182	0
chrM	7183	7183	0
chrM	7184	7184	0
chrM	7185	7185	0
chrM	7186	7186	0
chrM	7187	7187	0
chrM	7188	7188	3.08889849879533e-05
chrM	7189	7189	6.17894216510133e-05
chrM	7190	7190	0.00105204529983291
chrM	7191	7191	0.00132962275819419
chrM	7192	7192	9.2818910305993e-05
chrM	7193	7193	6.1886932574187e-05
chrM	7194	7194	0.00015470297029703
chrM	7195	7195	6.188501763723e-05
chrM	7196	7196	6.18888476296571e-05
chrM	7197	7197	3.09511281686217e-05
chrM	7198	7198	3.09549605324253e-05
chrM	7199	7199	0
chrM	7200	7200	3.09894945613437e-05
chrM	7201	7201	3.10010230337601e-05
chrM	7202	7202	3.10029452798016e-05
chrM	7203	7203	0
chrM	7204	7204	0
chrM	7205	7205	0
chrM	7206	7206	0
chrM	7207	7207	0
chrM	7208	7208	3.10974282426843e-05
chrM	7209	7209	0.000186677452475032
chrM	7210	7210	0
chrM	7211	7211	0
chrM	7212	7212	3.11245292414952e-05
chrM	7213	7213	0
chrM	7214	7214	0
chrM	7215	7215	0
chrM	7216	7216	3.11293736770016e-05
chrM	7217	7217	3.11284046692607e-05
chrM	7218	7218	0.000404505569730537
chrM	7219	7219	0.00068407960199005
chrM	7220	7220	0.000279772451739252
chrM	7221	7221	0.000155404985391931
chrM	7222	7222	3.10800310800311e-05
chrM	7223	7223	9.3231400335633e-05
chrM	7224	7224	0.000342114266164899
chrM	7225	7225	0.0014600807704256
chrM	7226	7226	0.00950705312220267
chrM	7227	7227	0.0215733736762481
chrM	7228	7228	0.0144112898403397
chrM	7229	7229	0.0242229680431928
chrM	7230	7230	0.0109420561826948
chrM	7231	7231	0.00155920653711778
chrM	7232	7232	0.000173420428926528
chrM	7233	7233	5.78854447049289e-05
chrM	7234	7234	0.000208240368882939
chrM	7235	7235	0.0001798830760006
chrM	7236	7236	0
chrM	7237	7237	3.12187812187812e-05
chrM	7238	7238	0
chrM	7239	7239	0
chrM	7240	7240	0
chrM	7241	7241	0
chrM	7242	7242	0
chrM	7243	7243	0.000196818107265868
chrM	7244	7244	0.000262510254306809
chrM	7245	7245	0.00114750336054556
chrM	7246	7246	0.00147555497262026
chrM	7247	7247	0.00242154520763114
chrM	7248	7248	0.00134215005892366
chrM	7249	7249	0.000687667823695068
chrM	7250	7250	0.000458475242336914
chrM	7251	7251	9.83123054235622e-05
chrM	7252	7252	0.000885274927046788
chrM	7253	7253	0
chrM	7254	7254	0
chrM	7255	7255	0.000233590282644242
chrM	7256	7256	0
chrM	7257	7257	0
chrM	7258	7258	0
chrM	7259	7259	0
chrM	7260	7260	0
chrM	7261	7261	4.11793773678142e-05
chrM	7262	7262	0
chrM	7263	7263	0.000125349935235867
chrM	7264	7264	0.000334224598930481
chrM	7265	7265	0.00041839253587716
chrM	7266	7266	0.00108672936259143
chrM	7267	7267	0.000292580982236155
chrM	7268	7268	4.17972831765935e-05
chrM	7269	7269	0.000125449527473447
chrM	7270	7270	0.00150432493418578
chrM	7271	7271	4.18602704173469e-05
chrM	7272	7272	4.19041233657392e-05
chrM	7273	7273	0.000126119308866187
chrM	7274	7274	4.20503763508683e-05
chrM	7275	7275	0
chrM	7276	7276	8.5796405130625e-05
chrM	7277	7277	0
chrM	7278	7278	0
chrM	7279	7279	0
chrM	7280	7280	0
chrM	7281	7281	4.41676604390265e-05
chrM	7282	7282	0.000265416261169601
chrM	7283	7283	4.43419652358993e-05
chrM	7284	7284	0
chrM	7285	7285	0.000930974863678681
chrM	7286	7286	4.43360673908224e-05
chrM	7287	7287	0
chrM	7288	7288	0.00177312824150007
chrM	7289	7289	0.00322680457941033
chrM	7290	7290	0.00103139013452915
chrM	7291	7291	0.000493140858961714
chrM	7292	7292	4.49054739772778e-05
chrM	7293	7293	4.49357418890986e-05
chrM	7294	7294	0
chrM	7295	7295	4.5134500812421e-05
chrM	7296	7296	4.52591083955646e-05
chrM	7297	7297	4.53391367428364e-05
chrM	7298	7298	0
chrM	7299	7299	4.54400872449675e-05
chrM	7300	7300	0.000136314067611778
chrM	7301	7301	0
chrM	7302	7302	4.54359580171748e-05
chrM	7303	7303	0
chrM	7304	7304	9.08966959051039e-05
chrM	7305	7305	0.000272652912841952
chrM	7306	7306	9.09297567629007e-05
chrM	7307	7307	0.000136400836591798
chrM	7308	7308	4.54772840965937e-05
chrM	7309	7309	0
chrM	7310	7310	0.000409146701822976
chrM	7311	7311	0
chrM	7312	7312	4.54710803928701e-05
chrM	7313	7313	0
chrM	7314	7314	4.59748977058526e-05
chrM	7315	7315	4.60659664639764e-05
chrM	7316	7316	0
chrM	7317	7317	0.000138504155124654
chrM	7318	7318	0
chrM	7319	7319	0
chrM	7320	7320	0
chrM	7321	7321	0
chrM	7322	7322	0
chrM	7323	7323	0
chrM	7324	7324	0
chrM	7325	7325	0
chrM	7326	7326	0
chrM	7327	7327	0
chrM	7328	7328	0
chrM	7329	7329	0
chrM	7330	7330	0
chrM	7331	7331	9.40689525422134e-05
chrM	7332	7332	4.70344762711067e-05
chrM	7333	7333	0
chrM	7334	7334	0
chrM	7335	7335	0
chrM	7336	7336	0
chrM	7337	7337	9.40733772342427e-05
chrM	7338	7338	4.70389011712686e-05
chrM	7339	7339	0.000423210758957961
chrM	7340	7340	0.00412120076804196
chrM	7341	7341	0.033013314011412
chrM	7342	7342	0.0358047332110733
chrM	7343	7343	0.00239588778532845
chrM	7344	7344	0.00200052187527181
chrM	7345	7345	0.005253788372194
chrM	7346	7346	0.00360524715489532
chrM	7347	7347	0.00078712611509533
chrM	7348	7348	0.00291893326257131
chrM	7349	7349	8.89125989152663e-05
chrM	7350	7350	0.000178651183564091
chrM	7351	7351	0.000406834825061025
chrM	7352	7352	4.59052515607786e-05
chrM	7353	7353	9.31358852565894e-05
chrM	7354	7354	4.67246051770863e-05
chrM	7355	7355	0.000421190565331337
chrM	7356	7356	4.68230556726132e-05
chrM	7357	7357	0.000327746043637045
chrM	7358	7358	9.36373425722178e-05
chrM	7359	7359	0.00042136804157498
chrM	7360	7360	0
chrM	7361	7361	0
chrM	7362	7362	0
chrM	7363	7363	0
chrM	7364	7364	0
chrM	7365	7365	0
chrM	7366	7366	9.37207122774133e-05
chrM	7367	7367	9.3711929528629e-05
chrM	7368	7368	9.37031484257871e-05
chrM	7369	7369	0.000281030444964871
chrM	7370	7370	0.000187327307638271
chrM	7371	7371	0.000421308866211029
chrM	7372	7372	0.00102885469765702
chrM	7373	7373	0
chrM	7374	7374	4.67683097932841e-05
chrM	7375	7375	9.35278713056491e-05
chrM	7376	7376	0.000233765019402497
chrM	7377	7377	0.00622734454874988
chrM	7378	7378	0.00485683889171562
chrM	7379	7379	0.0024456647132112
chrM	7380	7380	0.000599548033021261
chrM	7381	7381	0.000599244030607541
chrM	7382	7382	0.00385940730530668
chrM	7383	7383	0.000138045278851463
chrM	7384	7384	4.61616581267599e-05
chrM	7385	7385	4.63306152705708e-05
chrM	7386	7386	9.8169145437589e-05
chrM	7387	7387	9.83332513889572e-05
chrM	7388	7388	0
chrM	7389	7389	9.85512959495417e-05
chrM	7390	7390	0
chrM	7391	7391	0
chrM	7392	7392	0
chrM	7393	7393	4.93388592855733e-05
chrM	7394	7394	0
chrM	7395	7395	0
chrM	7396	7396	0
chrM	7397	7397	0
chrM	7398	7398	9.9039318609488e-05
chrM	7399	7399	0.000148551621688537
chrM	7400	7400	0.000940268223882813
chrM	7401	7401	0.00113743138321547
chrM	7402	7402	0.000247218788627936
chrM	7403	7403	0.0002966038855109
chrM	7404	7404	0.00143160389001333
chrM	7405	7405	0.000345474286842365
chrM	7406	7406	4.93534695489093e-05
chrM	7407	7407	0.0010353498003254
chrM	7408	7408	4.9299940840071e-05
chrM	7409	7409	0
chrM	7410	7410	0.000147907114332199
chrM	7411	7411	0.000542085550956042
chrM	7412	7412	0.000689451393676746
chrM	7413	7413	0.00019698611247907
chrM	7414	7414	0.000344623867664435
chrM	7415	7415	4.92441030186635e-05
chrM	7416	7416	4.92513790386131e-05
chrM	7417	7417	0
chrM	7418	7418	0
chrM	7419	7419	0
chrM	7420	7420	0
chrM	7421	7421	9.94876386608964e-05
chrM	7422	7422	9.9507438181004e-05
chrM	7423	7423	0
chrM	7424	7424	9.95024875621891e-05
chrM	7425	7425	0.00034813746456458
chrM	7426	7426	0.000149194350507261
chrM	7427	7427	0
chrM	7428	7428	0.000198896126497936
chrM	7429	7429	0.000497017892644135
chrM	7430	7430	0
chrM	7431	7431	0
chrM	7432	7432	0.00158808933002481
chrM	7433	7433	0.000644745325596389
chrM	7434	7434	0.00024791749305831
chrM	7435	7435	0
chrM	7436	7436	0
chrM	7437	7437	4.95810402102236e-05
chrM	7438	7438	0
chrM	7439	7439	0
chrM	7440	7440	9.91522482772297e-05
chrM	7441	7441	0.000148706255576485
chrM	7442	7442	0
chrM	7443	7443	0.000148728372415845
chrM	7444	7444	4.95810402102236e-05
chrM	7445	7445	4.95884161459883e-05
chrM	7446	7446	0
chrM	7447	7447	0
chrM	7448	7448	4.96919101570264e-05
chrM	7449	7449	0.000501579976927321
chrM	7450	7450	0.000952333216380131
chrM	7451	7451	0.000150375939849624
chrM	7452	7452	0.000200481154771451
chrM	7453	7453	5.01177767754222e-05
chrM	7454	7454	0.000150330727600722
chrM	7455	7455	0.000200501253132832
chrM	7456	7456	0
chrM	7457	7457	0
chrM	7458	7458	0
chrM	7459	7459	0
chrM	7460	7460	5.01454217229967e-05
chrM	7461	7461	0
chrM	7462	7462	0
chrM	7463	7463	0
chrM	7464	7464	0
chrM	7465	7465	0
chrM	7466	7466	0
chrM	7467	7467	0.00015044380923725
chrM	7468	7468	0
chrM	7469	7469	0
chrM	7470	7470	0
chrM	7471	7471	0
chrM	7472	7472	0
chrM	7473	7473	0
chrM	7474	7474	0
chrM	7475	7475	5.01605136436597e-05
chrM	7476	7476	0
chrM	7477	7477	0
chrM	7478	7478	0
chrM	7479	7479	0
chrM	7480	7480	0
chrM	7481	7481	0
chrM	7482	7482	0.000201684061917007
chrM	7483	7483	0
chrM	7484	7484	0
chrM	7485	7485	0.000202183582693085
chrM	7486	7486	0.000151691358648936
chrM	7487	7487	0
chrM	7488	7488	0
chrM	7489	7489	0
chrM	7490	7490	0.000253446877534469
chrM	7491	7491	0.000662690523525514
chrM	7492	7492	0.000460075656885799
chrM	7493	7493	5.13136288998358e-05
chrM	7494	7494	0
chrM	7495	7495	0
chrM	7496	7496	0.000103632312555055
chrM	7497	7497	0
chrM	7498	7498	0
chrM	7499	7499	0.000312565117732861
chrM	7500	7500	5.21322072776561e-05
chrM	7501	7501	5.21403618541113e-05
chrM	7502	7502	0
chrM	7503	7503	0
chrM	7504	7504	0
chrM	7505	7505	0.000260701809270556
chrM	7506	7506	0
chrM	7507	7507	0
chrM	7508	7508	0.000104269850372765
chrM	7509	7509	0.000104258979304593
chrM	7510	7510	0.000468945393914131
chrM	7511	7511	5.21050437682368e-05
chrM	7512	7512	0.000260457363129656
chrM	7513	7513	0.00176797878425459
chrM	7514	7514	0.000103987937399262
chrM	7515	7515	0.000155965687548739
chrM	7516	7516	0
chrM	7517	7517	0
chrM	7518	7518	5.19939686996308e-05
chrM	7519	7519	0.00332813312532501
chrM	7520	7520	0.00114786601273088
chrM	7521	7521	0.00135869565217391
chrM	7522	7522	0.00120343239849309
chrM	7523	7523	0.000261574679571018
chrM	7524	7524	5.23204101920159e-05
chrM	7525	7525	0.000104860273685314
chrM	7526	7526	0
chrM	7527	7527	0
chrM	7528	7528	0
chrM	7529	7529	0
chrM	7530	7530	0.000105725009250938
chrM	7531	7531	0
chrM	7532	7532	0
chrM	7533	7533	0
chrM	7534	7534	5.28652992175936e-05
chrM	7535	7535	0
chrM	7536	7536	5.28625046254692e-05
chrM	7537	7537	0
chrM	7538	7538	0
chrM	7539	7539	0
chrM	7540	7540	0
chrM	7541	7541	0
chrM	7542	7542	0
chrM	7543	7543	5.29044545550735e-05
chrM	7544	7544	0
chrM	7545	7545	0.000211617818220294
chrM	7546	7546	0.00026445231924684
chrM	7547	7547	0.000211517106445984
chrM	7548	7548	0.00021147237642083
chrM	7549	7549	0.000317107975265578
chrM	7550	7550	0.000317007449675067
chrM	7551	7551	0.00026411705667952
chrM	7552	7552	0.000264075208619415
chrM	7553	7553	5.2828992551112e-05
chrM	7554	7554	0.00284495021337127
chrM	7555	7555	0.0487107454600181
chrM	7556	7556	0.0509775870290892
chrM	7557	7557	0.0202784786468554
chrM	7558	7558	0.00339930151338766
chrM	7559	7559	0.00366521295351211
chrM	7560	7560	0.00111317254174397
chrM	7561	7561	0.00018756447528838
chrM	7562	7562	0
chrM	7563	7563	0.000288683602771363
chrM	7564	7564	0
chrM	7565	7565	4.85460459245594e-05
chrM	7566	7566	0
chrM	7567	7567	0
chrM	7568	7568	0
chrM	7569	7569	0
chrM	7570	7570	0
chrM	7571	7571	4.86050354816759e-05
chrM	7572	7572	0
chrM	7573	7573	0
chrM	7574	7574	0
chrM	7575	7575	4.86121238636916e-05
chrM	7576	7576	0
chrM	7577	7577	0.000291644388275896
chrM	7578	7578	0.000145836371591075
chrM	7579	7579	0.000194420141926704
chrM	7580	7580	4.86026731470231e-05
chrM	7581	7581	0.000777113992908835
chrM	7582	7582	0.0272619891330026
chrM	7583	7583	0.000472366556447804
chrM	7584	7584	4.72388870518211e-05
chrM	7585	7585	4.7254512805973e-05
chrM	7586	7586	0
chrM	7587	7587	0
chrM	7588	7588	0
chrM	7589	7589	0
chrM	7590	7590	4.73305566073457e-05
chrM	7591	7591	0
chrM	7592	7592	0
chrM	7593	7593	9.46700747893591e-05
chrM	7594	7594	4.73327968949685e-05
chrM	7595	7595	0
chrM	7596	7596	0.0003785369546702
chrM	7597	7597	0
chrM	7598	7598	0
chrM	7599	7599	0
chrM	7600	7600	0
chrM	7601	7601	0
chrM	7602	7602	0
chrM	7603	7603	0
chrM	7604	7604	0
chrM	7605	7605	4.7341760166643e-05
chrM	7606	7606	0.000520488312671525
chrM	7607	7607	4.73148805299267e-05
chrM	7608	7608	0.000141931210673227
chrM	7609	7609	4.73081653893462e-05
chrM	7610	7610	0
chrM	7611	7611	4.73193583495008e-05
chrM	7612	7612	9.47463167369369e-05
chrM	7613	7613	0
chrM	7614	7614	0
chrM	7615	7615	0.000142328494164532
chrM	7616	7616	0.000332131334219017
chrM	7617	7617	9.48991696322657e-05
chrM	7618	7618	0
chrM	7619	7619	0.00023719165085389
chrM	7620	7620	0.0098172765277843
chrM	7621	7621	9.39540564663879e-05
chrM	7622	7622	9.39452299309503e-05
chrM	7623	7623	0.000235139202407825
chrM	7624	7624	0.00018811136192626
chrM	7625	7625	9.40689525422134e-05
chrM	7626	7626	0
chrM	7627	7627	0.00023729296189075
chrM	7628	7628	0
chrM	7629	7629	0
chrM	7630	7630	4.8390999274135e-05
chrM	7631	7631	4.84191158669443e-05
chrM	7632	7632	0.000436702411567762
chrM	7633	7633	0
chrM	7634	7634	4.85649069982031e-05
chrM	7635	7635	4.85649069982031e-05
chrM	7636	7636	0
chrM	7637	7637	0
chrM	7638	7638	0.00033993783993784
chrM	7639	7639	0.00121288569765185
chrM	7640	7640	0.00116301608838922
chrM	7641	7641	0.00789524359715001
chrM	7642	7642	0.0283120408067762
chrM	7643	7643	0.00368779759126132
chrM	7644	7644	0.00307735347601063
chrM	7645	7645	0.0279177447909574
chrM	7646	7646	0.00118026238140633
chrM	7647	7647	0.00118154964780732
chrM	7648	7648	9.14035007540789e-05
chrM	7649	7649	0.000554246917001524
chrM	7650	7650	0.000233633942339143
chrM	7651	7651	0.000935103796521414
chrM	7652	7652	0.00927600760632624
chrM	7653	7653	0.0963439774496193
chrM	7654	7654	0.0183440753594447
chrM	7655	7655	0.00378709916436834
chrM	7656	7656	0.0119589977220957
chrM	7657	7657	0.000611147327249022
chrM	7658	7658	0.00036692759295499
chrM	7659	7659	0.000856513581858227
chrM	7660	7660	0.00539948035076324
chrM	7661	7661	0.00223141837065888
chrM	7662	7662	0.000689851073327111
chrM	7663	7663	0.00141884222474461
chrM	7664	7664	0.000243200518827773
chrM	7665	7665	0.00991410451954724
chrM	7666	7666	0.000922435229004572
chrM	7667	7667	8.02053256336221e-05
chrM	7668	7668	0
chrM	7669	7669	8.01988932552731e-05
chrM	7670	7670	4.00994466276365e-05
chrM	7671	7671	0.000521042084168337
chrM	7672	7672	0
chrM	7673	7673	4.00978387264926e-05
chrM	7674	7674	0.0006412054662766
chrM	7675	7675	0.000840874509489869
chrM	7676	7676	0
chrM	7677	7677	0.00183919075606733
chrM	7678	7678	0
chrM	7679	7679	3.99888031351222e-05
chrM	7680	7680	0
chrM	7681	7681	0
chrM	7682	7682	8.10701256586948e-05
chrM	7683	7683	0
chrM	7684	7684	0
chrM	7685	7685	4.05745354215694e-05
chrM	7686	7686	4.06437977564624e-05
chrM	7687	7687	0
chrM	7688	7688	8.13008130081301e-05
chrM	7689	7689	0
chrM	7690	7690	0.00016295934164426
chrM	7691	7691	0.000122463975180634
chrM	7692	7692	0
chrM	7693	7693	0
chrM	7694	7694	0
chrM	7695	7695	0
chrM	7696	7696	0.000204256709832918
chrM	7697	7697	0.000816359851422507
chrM	7698	7698	0.00179277186977957
chrM	7699	7699	0.0235139651468131
chrM	7700	7700	0.000397709195036589
chrM	7701	7701	3.9769337840525e-05
chrM	7702	7702	7.95323497832743e-05
chrM	7703	7703	7.95639893384254e-05
chrM	7704	7704	0.000119455283905391
chrM	7705	7705	0.000119479071249353
chrM	7706	7706	0.00011950762857029
chrM	7707	7707	0.000239005736137667
chrM	7708	7708	0.000159311773140035
chrM	7709	7709	0.000398200135388046
chrM	7710	7710	0.00471623335447051
chrM	7711	7711	0.00138537048765041
chrM	7712	7712	0.00201469542545627
chrM	7713	7713	0.00118375882886793
chrM	7714	7714	0.000433873703309273
chrM	7715	7715	3.94430639372066e-05
chrM	7716	7716	0
chrM	7717	7717	0.00011831985801617
chrM	7718	7718	0.000157747367590803
chrM	7719	7719	0.000473186119873817
chrM	7720	7720	3.96809650410698e-05
chrM	7721	7721	3.97266804385826e-05
chrM	7722	7722	3.97772474144789e-05
chrM	7723	7723	3.98184279684638e-05
chrM	7724	7724	3.98533397098677e-05
chrM	7725	7725	0.000956632653061224
chrM	7726	7726	0.000199513187821715
chrM	7727	7727	0.000399760143913652
chrM	7728	7728	8.02954873936085e-05
chrM	7729	7729	0.000120535176182249
chrM	7730	7730	4.01896953621092e-05
chrM	7731	7731	0.000522340083574413
chrM	7732	7732	0.00040180006428801
chrM	7733	7733	0.00104371562763438
chrM	7734	7734	0.00574735581720215
chrM	7735	7735	0.00733079727373593
chrM	7736	7736	0.0177958164221043
chrM	7737	7737	0.00639857292434172
chrM	7738	7738	0.00104614669301406
chrM	7739	7739	0.000193783427641268
chrM	7740	7740	0.000155032750668579
chrM	7741	7741	0.0017524046886561
chrM	7742	7742	0.000390365772729047
chrM	7743	7743	0.00183328782618871
chrM	7744	7744	0.00855793060718711
chrM	7745	7745	0.0161935606782244
chrM	7746	7746	0.00262247729086694
chrM	7747	7747	0.00389974254126912
chrM	7748	7748	0.00155115012106538
chrM	7749	7749	0.0010221078134464
chrM	7750	7750	0.000303398058252427
chrM	7751	7751	0.000834977986943981
chrM	7752	7752	0.00484060053700412
chrM	7753	7753	0.0277258100725885
chrM	7754	7754	0.0880778248241593
chrM	7755	7755	0.0175133214920071
chrM	7756	7756	0.00296812019054599
chrM	7757	7757	0.00100457640361647
chrM	7758	7758	0.000596503001155725
chrM	7759	7759	0.00134278254382693
chrM	7760	7760	0.000149354043760735
chrM	7761	7761	0.000187181790955376
chrM	7762	7762	0.00225487616971701
chrM	7763	7763	0.000301659125188537
chrM	7764	7764	0.000418012540376211
chrM	7765	7765	0.0004573867967678
chrM	7766	7766	7.64672146817052e-05
chrM	7767	7767	0.000192174648320394
chrM	7768	7768	0.000730769230769231
chrM	7769	7769	0.00600267635251386
chrM	7770	7770	0.000152916889670464
chrM	7771	7771	0.00129885013561523
chrM	7772	7772	0.000114727140617232
chrM	7773	7773	7.6493536296183e-05
chrM	7774	7774	0
chrM	7775	7775	0.000153057319966327
chrM	7776	7776	0.000497379194245705
chrM	7777	7777	0.000114779814056701
chrM	7778	7778	0.00034443168771527
chrM	7779	7779	0.00225328444851818
chrM	7780	7780	0.0231707772098056
chrM	7781	7781	0.00527058124860812
chrM	7782	7782	0.00842810349269442
chrM	7783	7783	0.000441452378324688
chrM	7784	7784	0.000294225818315557
chrM	7785	7785	0.00435961313012896
chrM	7786	7786	0.000439447760647453
chrM	7787	7787	0.00193784277879342
chrM	7788	7788	0.0113615804899229
chrM	7789	7789	0.00483614840479284
chrM	7790	7790	0.00162226468149537
chrM	7791	7791	0.000900771060027383
chrM	7792	7792	0.000324441240086518
chrM	7793	7793	0
chrM	7794	7794	3.60542255552351e-05
chrM	7795	7795	0.000396939953810624
chrM	7796	7796	0.000108275886959974
chrM	7797	7797	0.000469229380978163
chrM	7798	7798	0.000866082061275306
chrM	7799	7799	0.00353356890459364
chrM	7800	7800	0.00377222920783187
chrM	7801	7801	0.000538657665098574
chrM	7802	7802	0.000179546107440391
chrM	7803	7803	0.000430848772081
chrM	7804	7804	0.00122095737422344
chrM	7805	7805	0.000107789594711124
chrM	7806	7806	0.000467121810995329
chrM	7807	7807	0
chrM	7808	7808	0
chrM	7809	7809	0
chrM	7810	7810	3.59569954334616e-05
chrM	7811	7811	0
chrM	7812	7812	0.000107874865156419
chrM	7813	7813	0.000395384781280328
chrM	7814	7814	0.00290301770482403
chrM	7815	7815	0.00729459488310857
chrM	7816	7816	0.00220162636270019
chrM	7817	7817	0.000567839017638499
chrM	7818	7818	0.000177437098548565
chrM	7819	7819	0.000390209294075913
chrM	7820	7820	7.10631040363843e-05
chrM	7821	7821	0
chrM	7822	7822	0
chrM	7823	7823	0
chrM	7824	7824	0.000106925188010122
chrM	7825	7825	0.00092655286696839
chrM	7826	7826	0
chrM	7827	7827	0
chrM	7828	7828	3.57028098111321e-05
chrM	7829	7829	0.000856439353388288
chrM	7830	7830	0.0222966607348477
chrM	7831	7831	0.0108410440546886
chrM	7832	7832	0.0170446828738286
chrM	7833	7833	0.0168272447477586
chrM	7834	7834	0.0240227480716434
chrM	7835	7835	0.0111697477903325
chrM	7836	7836	0.0217198018544392
chrM	7837	7837	0.00957389852927282
chrM	7838	7838	0.00353886373780527
chrM	7839	7839	0.00179573512906846
chrM	7840	7840	0.000294985250737463
chrM	7841	7841	0.000199760287654814
chrM	7842	7842	0.000205697829887895
chrM	7843	7843	6.91754288876591e-05
chrM	7844	7844	0.00020834780193069
chrM	7845	7845	0.00177626079687935
chrM	7846	7846	0.000140046215251033
chrM	7847	7847	7.01360639640903e-05
chrM	7848	7848	7.02419836336178e-05
chrM	7849	7849	0.000212637771556154
chrM	7850	7850	0
chrM	7851	7851	0
chrM	7852	7852	0.00127945409958418
chrM	7853	7853	0.00102964672465826
chrM	7854	7854	0.00177279818465466
chrM	7855	7855	0.0296497813285581
chrM	7856	7856	0.00319433949302741
chrM	7857	7857	0.000274989687886704
chrM	7858	7858	0.000344020916471721
chrM	7859	7859	0
chrM	7860	7860	0
chrM	7861	7861	3.48760157639591e-05
chrM	7862	7862	0
chrM	7863	7863	0.000211089220377146
chrM	7864	7864	0.000141013889868152
chrM	7865	7865	0.00176348181850245
chrM	7866	7866	0.0189476601198517
chrM	7867	7867	0.0284098559310623
chrM	7868	7868	0.0124655120832364
chrM	7869	7869	0.00175904414205111
chrM	7870	7870	0.000497611464968153
chrM	7871	7871	6.63658083355455e-05
chrM	7872	7872	0
chrM	7873	7873	0.000133426732045765
chrM	7874	7874	6.6887395070399e-05
chrM	7875	7875	3.35694383832958e-05
chrM	7876	7876	0
chrM	7877	7877	0
chrM	7878	7878	6.77460876634374e-05
chrM	7879	7879	0
chrM	7880	7880	0
chrM	7881	7881	0
chrM	7882	7882	3.39847068819031e-05
chrM	7883	7883	0
chrM	7884	7884	0.000272525975132005
chrM	7885	7885	0.00013643030116989
chrM	7886	7886	0
chrM	7887	7887	0
chrM	7888	7888	0
chrM	7889	7889	0
chrM	7890	7890	0
chrM	7891	7891	0.000238875238875239
chrM	7892	7892	0.00238330325831603
chrM	7893	7893	0.000340483486550902
chrM	7894	7894	0.000102148523953829
chrM	7895	7895	0.000238289760348584
chrM	7896	7896	0.000204206657137023
chrM	7897	7897	0
chrM	7898	7898	0
chrM	7899	7899	0
chrM	7900	7900	0.000272247745448358
chrM	7901	7901	0.00535647692985727
chrM	7902	7902	0.000338994542187871
chrM	7903	7903	0.000508578015867634
chrM	7904	7904	0.000169508763603078
chrM	7905	7905	3.39006034307411e-05
chrM	7906	7906	3.39236040436936e-05
chrM	7907	7907	0.000203562340966921
chrM	7908	7908	3.3954704424298e-05
chrM	7909	7909	0
chrM	7910	7910	6.79370902544244e-05
chrM	7911	7911	6.79347826086957e-05
chrM	7912	7912	0
chrM	7913	7913	6.79370902544244e-05
chrM	7914	7914	0
chrM	7915	7915	3.39731612026499e-05
chrM	7916	7916	0.000101933335598519
chrM	7917	7917	3.39777785328395e-05
chrM	7918	7918	0.000373666689313133
chrM	7919	7919	0.00524215367965368
chrM	7920	7920	0.023840227490659
chrM	7921	7921	0.00300082440230833
chrM	7922	7922	0.000824049047399301
chrM	7923	7923	0.00128450036229497
chrM	7924	7924	0.000724327527738452
chrM	7925	7925	6.60589245607082e-05
chrM	7926	7926	0
chrM	7927	7927	0.000232226387552666
chrM	7928	7928	3.33912114331508e-05
chrM	7929	7929	0
chrM	7930	7930	0
chrM	7931	7931	0.000135034771453649
chrM	7932	7932	0
chrM	7933	7933	0
chrM	7934	7934	0
chrM	7935	7935	0
chrM	7936	7936	0
chrM	7937	7937	0
chrM	7938	7938	6.92712662787476e-05
chrM	7939	7939	3.46380325597506e-05
chrM	7940	7940	0
chrM	7941	7941	3.46632465596728e-05
chrM	7942	7942	0
chrM	7943	7943	0.00013887442280318
chrM	7944	7944	0
chrM	7945	7945	0
chrM	7946	7946	3.48056106644391e-05
chrM	7947	7947	0
chrM	7948	7948	0
chrM	7949	7949	0
chrM	7950	7950	0
chrM	7951	7951	0
chrM	7952	7952	0
chrM	7953	7953	0
chrM	7954	7954	3.51111267160563e-05
chrM	7955	7955	0.000280849569949096
chrM	7956	7956	0.000210807392312557
chrM	7957	7957	0.000386330909984898
chrM	7958	7958	0
chrM	7959	7959	0
chrM	7960	7960	0
chrM	7961	7961	0
chrM	7962	7962	0.000421807444901403
chrM	7963	7963	0.000948400014050371
chrM	7964	7964	0.00617973605195168
chrM	7965	7965	0.00927431913347406
chrM	7966	7966	0.00265755504935459
chrM	7967	7967	0.00117213086496363
chrM	7968	7968	0.00302519852865344
chrM	7969	7969	0.00158124505860919
chrM	7970	7970	6.89203625211069e-05
chrM	7971	7971	0.00330578512396694
chrM	7972	7972	0.00110523952612855
chrM	7973	7973	0.00224711332365346
chrM	7974	7974	0.00145193072216269
chrM	7975	7975	0.000826891964767212
chrM	7976	7976	0.00258639270062504
chrM	7977	7977	0.00364699935003972
chrM	7978	7978	0.00206559159267983
chrM	7979	7979	0.00235917537746806
chrM	7980	7980	0.019900683269238
chrM	7981	7981	0.00117562289051538
chrM	7982	7982	0.00142973066965493
chrM	7983	7983	0.000158009085522418
chrM	7984	7984	0
chrM	7985	7985	0
chrM	7986	7986	0.000162284972411555
chrM	7987	7987	0
chrM	7988	7988	0
chrM	7989	7989	0.000163425396306586
chrM	7990	7990	0
chrM	7991	7991	0.000123127436897189
chrM	7992	7992	0
chrM	7993	7993	4.11082792074324e-05
chrM	7994	7994	4.11251850633328e-05
chrM	7995	7995	0.000123370481556113
chrM	7996	7996	4.11234938520377e-05
chrM	7997	7997	0.00061652281134402
chrM	7998	7998	0.000616218880946512
chrM	7999	7999	0.00077993514223554
chrM	8000	8000	0.0014350143501435
chrM	8001	8001	0.00090119613304932
chrM	8002	8002	0.00175840353316431
chrM	8003	8003	0.00948174561367965
chrM	8004	8004	0.00157997083130773
chrM	8005	8005	0.00077022863628993
chrM	8006	8006	0.000162265222506186
chrM	8007	8007	0
chrM	8008	8008	0
chrM	8009	8009	0
chrM	8010	8010	4.05910050332846e-05
chrM	8011	8011	0.000730104648332928
chrM	8012	8012	0.00060809989054202
chrM	8013	8013	0.000324214792299899
chrM	8014	8014	0.000890904673199968
chrM	8015	8015	0.00970523360737919
chrM	8016	8016	0.0282162204294789
chrM	8017	8017	0.0541526892026394
chrM	8018	8018	0.0157497459718392
chrM	8019	8019	0.0200946046875556
chrM	8020	8020	0.00558797524314766
chrM	8021	8021	0.00583705474876051
chrM	8022	8022	0.00597714006082002
chrM	8023	8023	3.49552572706935e-05
chrM	8024	8024	0.000699569764594774
chrM	8025	8025	0.000454911292298002
chrM	8026	8026	0.000982628531321284
chrM	8027	8027	0.000527240773286468
chrM	8028	8028	0.000105503780552136
chrM	8029	8029	0.000421955764970639
chrM	8030	8030	0.000175827267292612
chrM	8031	8031	0.000527296375716244
chrM	8032	8032	0.000456893824904228
chrM	8033	8033	0.00691364921959566
chrM	8034	8034	0.000907346012912232
chrM	8035	8035	0.000139606310205221
chrM	8036	8036	0.00205503308951585
chrM	8037	8037	0
chrM	8038	8038	0
chrM	8039	8039	0
chrM	8040	8040	0.000104880436302615
chrM	8041	8041	0.000244969378827647
chrM	8042	8042	0.00195694716242661
chrM	8043	8043	0.000493844580055734
chrM	8044	8044	0.000565151354597153
chrM	8045	8045	0.000954502068087814
chrM	8046	8046	0.000671924178661103
chrM	8047	8047	0.000870606159538579
chrM	8048	8048	0.000256260067359789
chrM	8049	8049	3.72079178449174e-05
chrM	8050	8050	0
chrM	8051	8051	0
chrM	8052	8052	0
chrM	8053	8053	0
chrM	8054	8054	0
chrM	8055	8055	0
chrM	8056	8056	0
chrM	8057	8057	0
chrM	8058	8058	0
chrM	8059	8059	3.87732154627583e-05
chrM	8060	8060	0
chrM	8061	8061	0
chrM	8062	8062	0
chrM	8063	8063	0
chrM	8064	8064	3.89833151411196e-05
chrM	8065	8065	3.89833151411196e-05
chrM	8066	8066	0
chrM	8067	8067	0
chrM	8068	8068	0
chrM	8069	8069	0
chrM	8070	8070	0
chrM	8071	8071	0
chrM	8072	8072	0
chrM	8073	8073	3.90213446755375e-05
chrM	8074	8074	0.000195068664169788
chrM	8075	8075	7.8021377857533e-05
chrM	8076	8076	0.000662974806957336
chrM	8077	8077	0
chrM	8078	8078	0
chrM	8079	8079	0
chrM	8080	8080	0
chrM	8081	8081	3.90396252195979e-05
chrM	8082	8082	0
chrM	8083	8083	3.91818822976256e-05
chrM	8084	8084	0
chrM	8085	8085	0
chrM	8086	8086	0
chrM	8087	8087	0
chrM	8088	8088	0
chrM	8089	8089	0
chrM	8090	8090	0.00121080539434679
chrM	8091	8091	0
chrM	8092	8092	0
chrM	8093	8093	8.36610056052874e-05
chrM	8094	8094	0
chrM	8095	8095	0
chrM	8096	8096	0
chrM	8097	8097	4.21159029649596e-05
chrM	8098	8098	4.27222625710258e-05
chrM	8099	8099	0.000469924812030075
chrM	8100	8100	0.000128205128205128
chrM	8101	8101	0.000128281878046695
chrM	8102	8102	0
chrM	8103	8103	0
chrM	8104	8104	4.30440771349862e-05
chrM	8105	8105	0
chrM	8106	8106	0
chrM	8107	8107	0
chrM	8108	8108	9.02242071547796e-05
chrM	8109	8109	0
chrM	8110	8110	0
chrM	8111	8111	0
chrM	8112	8112	0
chrM	8113	8113	0
chrM	8114	8114	0
chrM	8115	8115	0
chrM	8116	8116	0
chrM	8117	8117	0
chrM	8118	8118	0
chrM	8119	8119	0
chrM	8120	8120	0
chrM	8121	8121	0
chrM	8122	8122	0
chrM	8123	8123	0
chrM	8124	8124	0
chrM	8125	8125	0
chrM	8126	8126	0
chrM	8127	8127	0
chrM	8128	8128	0
chrM	8129	8129	0.000500705539624016
chrM	8130	8130	0
chrM	8131	8131	0
chrM	8132	8132	0
chrM	8133	8133	0
chrM	8134	8134	0
chrM	8135	8135	0
chrM	8136	8136	0.000139684313451599
chrM	8137	8137	0.000140036409466461
chrM	8138	8138	0.000607221262086039
chrM	8139	8139	0.00207302709069494
chrM	8140	8140	0.000475918522748905
chrM	8141	8141	0.00190548780487805
chrM	8142	8142	9.53879906519769e-05
chrM	8143	8143	4.7746371275783e-05
chrM	8144	8144	9.56708921310691e-05
chrM	8145	8145	0.000289282098259486
chrM	8146	8146	9.67866821525358e-05
chrM	8147	8147	0.000194250194250194
chrM	8148	8148	4.86926035935141e-05
chrM	8149	8149	0
chrM	8150	8150	4.87804878048781e-05
chrM	8151	8151	4.91497100167109e-05
chrM	8152	8152	9.84542679925175e-05
chrM	8153	8153	0.000693309562719754
chrM	8154	8154	0.000649772579597141
chrM	8155	8155	0.000300797112347721
chrM	8156	8156	0.000601956358164033
chrM	8157	8157	0.00100255651912377
chrM	8158	8158	0.000200561572402728
chrM	8159	8159	0.000250764832739857
chrM	8160	8160	0.000200823375840948
chrM	8161	8161	0.000504668180671209
chrM	8162	8162	0.000206664944458796
chrM	8163	8163	0.000103928497193931
chrM	8164	8164	0.00010492628928178
chrM	8165	8165	5.29661016949153e-05
chrM	8166	8166	0
chrM	8167	8167	0
chrM	8168	8168	0
chrM	8169	8169	0
chrM	8170	8170	0
chrM	8171	8171	0
chrM	8172	8172	0
chrM	8173	8173	5.58846540739913e-05
chrM	8174	8174	0
chrM	8175	8175	0.000111806797853309
chrM	8176	8176	0.00239821528165086
chrM	8177	8177	0.00016734534501032
chrM	8178	8178	5.58098002009153e-05
chrM	8179	8179	0
chrM	8180	8180	5.58098002009153e-05
chrM	8181	8181	0.000111619600401831
chrM	8182	8182	0
chrM	8183	8183	0
chrM	8184	8184	0
chrM	8185	8185	0
chrM	8186	8186	5.5847202055177e-05
chrM	8187	8187	0
chrM	8188	8188	5.58659217877095e-05
chrM	8189	8189	0
chrM	8190	8190	0
chrM	8191	8191	5.58659217877095e-05
chrM	8192	8192	0
chrM	8193	8193	0
chrM	8194	8194	0
chrM	8195	8195	0.000111738085926588
chrM	8196	8196	0
chrM	8197	8197	0
chrM	8198	8198	0
chrM	8199	8199	0
chrM	8200	8200	0
chrM	8201	8201	0
chrM	8202	8202	0.00011172560192168
chrM	8203	8203	5.58596804826276e-05
chrM	8204	8204	0
chrM	8205	8205	0
chrM	8206	8206	0
chrM	8207	8207	0.0072106051361695
chrM	8208	8208	0
chrM	8209	8209	0
chrM	8210	8210	0.0001109323867103
chrM	8211	8211	0
chrM	8212	8212	0
chrM	8213	8213	0
chrM	8214	8214	0
chrM	8215	8215	0
chrM	8216	8216	0
chrM	8217	8217	0
chrM	8218	8218	0
chrM	8219	8219	0
chrM	8220	8220	0
chrM	8221	8221	0
chrM	8222	8222	0
chrM	8223	8223	0
chrM	8224	8224	0
chrM	8225	8225	0
chrM	8226	8226	0
chrM	8227	8227	0
chrM	8228	8228	0
chrM	8229	8229	0.000111154337798033
chrM	8230	8230	0
chrM	8231	8231	5.55740802489719e-05
chrM	8232	8232	0
chrM	8233	8233	0.000111135807957324
chrM	8234	8234	0
chrM	8235	8235	0.000111154337798033
chrM	8236	8236	0.000166712975826618
chrM	8237	8237	0
chrM	8238	8238	0.000111141983884412
chrM	8239	8239	0
chrM	8240	8240	0.000277777777777778
chrM	8241	8241	0.00221790962018298
chrM	8242	8242	5.54446662231093e-05
chrM	8243	8243	0
chrM	8244	8244	0
chrM	8245	8245	5.54446662231093e-05
chrM	8246	8246	0
chrM	8247	8247	5.54415922825304e-05
chrM	8248	8248	5.54385186827808e-05
chrM	8249	8249	0.000332520505431168
chrM	8250	8250	0.00049853209992799
chrM	8251	8251	0.000110772639158128
chrM	8252	8252	0
chrM	8253	8253	0.000442918835123464
chrM	8254	8254	0
chrM	8255	8255	0.000166066980348741
chrM	8256	8256	0.000332042058660764
chrM	8257	8257	0.000110668437361664
chrM	8258	8258	0.000110662313948985
chrM	8259	8259	0.000387189556944521
chrM	8260	8260	0
chrM	8261	8261	0.00132582035134239
chrM	8262	8262	0
chrM	8263	8263	0.000165837479270315
chrM	8264	8264	0.000221079975681203
chrM	8265	8265	0.00011055220828036
chrM	8266	8266	0.000442135514535205
chrM	8267	8267	0
chrM	8268	8268	5.52791597567717e-05
chrM	8269	8269	0
chrM	8270	8270	0
chrM	8271	8271	5.54969754148399e-05
chrM	8272	8272	0.000111049416990561
chrM	8273	8273	0.000277623542476402
chrM	8274	8274	0
chrM	8275	8275	0
chrM	8276	8276	0.000222111166638903
chrM	8277	8277	0
chrM	8278	8278	0
chrM	8279	8279	0
chrM	8280	8280	0
chrM	8281	8281	0
chrM	8282	8282	0
chrM	8283	8283	0
chrM	8284	8284	0
chrM	8285	8285	5.5561729081009e-05
chrM	8286	8286	0
chrM	8287	8287	0
chrM	8288	8288	0
chrM	8289	8289	0
chrM	8290	8290	0
chrM	8291	8291	0
chrM	8292	8292	0
chrM	8293	8293	0.000111135807957324
chrM	8294	8294	0
chrM	8295	8295	0
chrM	8296	8296	0
chrM	8297	8297	0.000111123458162018
chrM	8298	8298	0.000166657407921782
chrM	8299	8299	0.000111092595678498
chrM	8300	8300	0.000499666888740839
chrM	8301	8301	0.00011102475852115
chrM	8302	8302	0
chrM	8303	8303	0.00011101243339254
chrM	8304	8304	0.000499306518723994
chrM	8305	8305	0.000886868798847071
chrM	8306	8306	0.00110735839654504
chrM	8307	8307	0
chrM	8308	8308	5.53679198272521e-05
chrM	8309	8309	0
chrM	8310	8310	0
chrM	8311	8311	0
chrM	8312	8312	0
chrM	8313	8313	5.53709856035437e-05
chrM	8314	8314	0.000221434898139947
chrM	8315	8315	0.000442673749446658
chrM	8316	8316	0.00193295410614679
chrM	8317	8317	0.00363176140428108
chrM	8318	8318	0.00432829278983125
chrM	8319	8319	0.000711743772241993
chrM	8320	8320	0.000328389250725193
chrM	8321	8321	0.000218878248974008
chrM	8322	8322	0.00087474714340386
chrM	8323	8323	0.00147412098711509
chrM	8324	8324	0
chrM	8325	8325	0.000436585898275486
chrM	8326	8326	0.000109134562916076
chrM	8327	8327	0.0343628122694213
chrM	8328	8328	0.000158086104231438
chrM	8329	8329	5.26925914216461e-05
chrM	8330	8330	0.000948017064307158
chrM	8331	8331	0.000210626086040756
chrM	8332	8332	0.000105301953351235
chrM	8333	8333	0.000105290866017373
chrM	8334	8334	0.00073649324004419
chrM	8335	8335	0.00052578999947421
chrM	8336	8336	0.000420455142691964
chrM	8337	8337	0.00120734908136483
chrM	8338	8338	0.000419771224682548
chrM	8339	8339	0.00744752877454299
chrM	8340	8340	0
chrM	8341	8341	0.000260335311881704
chrM	8342	8342	0
chrM	8343	8343	0
chrM	8344	8344	0
chrM	8345	8345	0
chrM	8346	8346	0.000208268249505363
chrM	8347	8347	0.000104123281965848
chrM	8348	8348	0
chrM	8349	8349	5.20589307095632e-05
chrM	8350	8350	0
chrM	8351	8351	0
chrM	8352	8352	5.20589307095632e-05
chrM	8353	8353	0
chrM	8354	8354	0.000156152404747033
chrM	8355	8355	0.000468237864835336
chrM	8356	8356	0.000104042032981324
chrM	8357	8357	0.00948111506157572
chrM	8358	8358	0.00195422987914631
chrM	8359	8359	0.00236006361910625
chrM	8360	8360	0.00117864097570975
chrM	8361	8361	0.000409794078475566
chrM	8362	8362	0
chrM	8363	8363	0.00499490316004078
chrM	8364	8364	0.000203832042397065
chrM	8365	8365	0.000152850664900392
chrM	8366	8366	0.000661981871881047
chrM	8367	8367	0.000407207574060878
chrM	8368	8368	0.000254439977609282
chrM	8369	8369	0.000457782299084435
chrM	8370	8370	0.000762388818297332
chrM	8371	8371	0.00218074855462014
chrM	8372	8372	0.00227698223953853
chrM	8373	8373	0.000455212179454757
chrM	8374	8374	0.0081773942708072
chrM	8375	8375	0.000150489089541008
chrM	8376	8376	0.000200611866191885
chrM	8377	8377	5.01655463027992e-05
chrM	8378	8378	0.00175298006611239
chrM	8379	8379	0
chrM	8380	8380	0.0031960049937578
chrM	8381	8381	0
chrM	8382	8382	0.000149797773006441
chrM	8383	8383	4.99300978629918e-05
chrM	8384	8384	9.98502246630055e-05
chrM	8385	8385	9.98402555910543e-05
chrM	8386	8386	0.000498952200379204
chrM	8387	8387	0.00481652515020607
chrM	8388	8388	0.000248212867355044
chrM	8389	8389	0.00237729681541281
chrM	8390	8390	0.000148566334868519
chrM	8391	8391	0.00163156333432216
chrM	8392	8392	0.000296589223924864
chrM	8393	8393	0.00123426314490249
chrM	8394	8394	0.000394808271233282
chrM	8395	8395	0.000345372014999013
chrM	8396	8396	0.000788876836603885
chrM	8397	8397	0.00142807898754124
chrM	8398	8398	0.00191919688991683
chrM	8399	8399	0.00103254990657882
chrM	8400	8400	0.000245833128472393
chrM	8401	8401	0.00206074284873166
chrM	8402	8402	0.000294319631119396
chrM	8403	8403	0.00512495119094104
chrM	8404	8404	0.0149074296705939
chrM	8405	8405	0.00168034951269864
chrM	8406	8406	0.00024004993038552
chrM	8407	8407	0.000623980032638956
chrM	8408	8408	0
chrM	8409	8409	4.80053766021794e-05
chrM	8410	8410	0
chrM	8411	8411	0.000767570160710002
chrM	8412	8412	0.00138928810961004
chrM	8413	8413	0.000813747546790484
chrM	8414	8414	0.000239280245022971
chrM	8415	8415	0.00219696246059796
chrM	8416	8416	0.000143334925943622
chrM	8417	8417	4.77805915237231e-05
chrM	8418	8418	9.5565749235474e-05
chrM	8419	8419	0.000764014898290517
chrM	8420	8420	0.000143245953301819
chrM	8421	8421	0.0205312879992517
chrM	8422	8422	4.67661226207735e-05
chrM	8423	8423	0
chrM	8424	8424	0
chrM	8425	8425	9.35278713056491e-05
chrM	8426	8426	9.35191246609932e-05
chrM	8427	8427	0.000280478683620045
chrM	8428	8428	0.000140219677494742
chrM	8429	8429	0.000700607192900514
chrM	8430	8430	0.000140114894213255
chrM	8431	8431	0.015857694429123
chrM	8432	8432	0
chrM	8433	8433	0.00220143093010457
chrM	8434	8434	0.00169406162721487
chrM	8435	8435	0.000777782861325891
chrM	8436	8436	0.000182974246374823
chrM	8437	8437	0.000502926115581565
chrM	8438	8438	0.00346273008930199
chrM	8439	8439	0.00444545248355636
chrM	8440	8440	0.000408107740443477
chrM	8441	8441	0.000454029511918275
chrM	8442	8442	0.0130068173663437
chrM	8443	8443	8.97424391994974e-05
chrM	8444	8444	4.487927475092e-05
chrM	8445	8445	0.000583876038625646
chrM	8446	8446	0.00224124792684567
chrM	8447	8447	0.000224104701716642
chrM	8448	8448	0.000358438998163
chrM	8449	8449	0.000134402580529546
chrM	8450	8450	0.00534735528719754
chrM	8451	8451	0.000222756838634946
chrM	8452	8452	0.000222707229076656
chrM	8453	8453	0.000178149913151917
chrM	8454	8454	4.45354947893471e-05
chrM	8455	8455	4.45354947893471e-05
chrM	8456	8456	4.45335114673792e-05
chrM	8457	8457	4.4531528322052e-05
chrM	8458	8458	0.000133576739837036
chrM	8459	8459	4.45235975066785e-05
chrM	8460	8460	0.000178062678062678
chrM	8461	8461	4.45136879590474e-05
chrM	8462	8462	0.000133523233042549
chrM	8463	8463	8.90075656430797e-05
chrM	8464	8464	0.000400373682103296
chrM	8465	8465	0.000133451957295374
chrM	8466	8466	8.89600569344364e-05
chrM	8467	8467	0.000266808964781217
chrM	8468	8468	0.000755421258442944
chrM	8469	8469	4.44345700955343e-05
chrM	8470	8470	0.0122459728745117
chrM	8471	8471	0.0022772060433545
chrM	8472	8472	0.000831364312592982
chrM	8473	8473	0.00187797528060445
chrM	8474	8474	0.00309381672404026
chrM	8475	8475	0.00472720964524243
chrM	8476	8476	0.00706287683031869
chrM	8477	8477	0.00373278414210323
chrM	8478	8478	0.00167052171678232
chrM	8479	8479	0.000642123287671233
chrM	8480	8480	0.0561257475351544
chrM	8481	8481	0.00169429989108072
chrM	8482	8482	0.00201296348484238
chrM	8483	8483	0.000201255836419256
chrM	8484	8484	0.000241448692152918
chrM	8485	8485	0.000844356881508584
chrM	8486	8486	4.02058539723384e-05
chrM	8487	8487	0
chrM	8488	8488	0
chrM	8489	8489	4.02042375266353e-05
chrM	8490	8490	0
chrM	8491	8491	0.000321543408360129
chrM	8492	8492	0.000281271346486117
chrM	8493	8493	0.000200867748674273
chrM	8494	8494	0.00276431232723048
chrM	8495	8495	0.000120173049190835
chrM	8496	8496	0
chrM	8497	8497	0.000760547594267873
chrM	8498	8498	8.00608462431448e-05
chrM	8499	8499	0.00175831202046036
chrM	8500	8500	0
chrM	8501	8501	0.000399504614278295
chrM	8502	8502	3.99504614278295e-05
chrM	8503	8503	0.000159782695534074
chrM	8504	8504	0
chrM	8505	8505	0.00211281642415786
chrM	8506	8506	0.000318966548383238
chrM	8507	8507	0
chrM	8508	8508	0.000199322304165836
chrM	8509	8509	0.000717160046216981
chrM	8510	8510	0.000557502389295954
chrM	8511	8511	0.00198736038793275
chrM	8512	8512	0.000874160607144276
chrM	8513	8513	3.97377309755613e-05
chrM	8514	8514	0
chrM	8515	8515	0
chrM	8516	8516	0.000476644423260248
chrM	8517	8517	0.000119146908137734
chrM	8518	8518	0
chrM	8519	8519	0.0034434989115377
chrM	8520	8520	0
chrM	8521	8521	0
chrM	8522	8522	0
chrM	8523	8523	0
chrM	8524	8524	0
chrM	8525	8525	7.91640278657378e-05
chrM	8526	8526	0.000197870909018956
chrM	8527	8527	0.000158271673327266
chrM	8528	8528	0.000197800458897065
chrM	8529	8529	3.95585268404605e-05
chrM	8530	8530	0.000276843978643465
chrM	8531	8531	0.000790357636830666
chrM	8532	8532	7.90295175247955e-05
chrM	8533	8533	0.000316018171044835
chrM	8534	8534	0.000394866732477789
chrM	8535	8535	0.000631437704723943
chrM	8536	8536	0.000552202895120893
chrM	8537	8537	0.000118315191670611
chrM	8538	8538	0.000394228494835607
chrM	8539	8539	0.000118254562655209
chrM	8540	8540	0.0230668515095502
chrM	8541	8541	0.00203681641750894
chrM	8542	8542	0.000537737660841175
chrM	8543	8543	0.00130423107905942
chrM	8544	8544	0.0025254457794444
chrM	8545	8545	7.65228037955311e-05
chrM	8546	8546	0.000114771031791576
chrM	8547	8547	3.82555470543229e-05
chrM	8548	8548	7.65052406089817e-05
chrM	8549	8549	0.000114753471292507
chrM	8550	8550	0.00107074569789675
chrM	8551	8551	0.000955328824181283
chrM	8552	8552	0.0031236905260752
chrM	8553	8553	0.000456916574648745
chrM	8554	8554	0.00121714655205203
chrM	8555	8555	0.00189825360668185
chrM	8556	8556	0.00382025871851123
chrM	8557	8557	0.000453703353623956
chrM	8558	8558	0.00109541436881469
chrM	8559	8559	0.00891018681442103
chrM	8560	8560	0.00033690199895186
chrM	8561	8561	0.000262142830393589
chrM	8562	8562	0.00417910447761194
chrM	8563	8563	0.000671466408027754
chrM	8564	8564	7.46129453460175e-05
chrM	8565	8565	0.000261086867330573
chrM	8566	8566	3.72967328062062e-05
chrM	8567	8567	0.00011187768040276
chrM	8568	8568	0.00367838299769637
chrM	8569	8569	0.0011504917424383
chrM	8570	8570	0.00144572953736655
chrM	8571	8571	0.0018500703026715
chrM	8572	8572	0.0165932826316364
chrM	8573	8573	0.000363768643142961
chrM	8574	8574	0.000145502164344695
chrM	8575	8575	0
chrM	8576	8576	0.000182142727040909
chrM	8577	8577	0
chrM	8578	8578	3.65470360353775e-05
chrM	8579	8579	0.000255885363357216
chrM	8580	8580	0.000328911303585133
chrM	8581	8581	0.000474972597734746
chrM	8582	8582	0.000657246138678935
chrM	8583	8583	0.000912009338975631
chrM	8584	8584	0.00102048254245936
chrM	8585	8585	0.00225462744099785
chrM	8586	8586	0.000654164849542085
chrM	8587	8587	0.00177974720325439
chrM	8588	8588	0.000544701866511729
chrM	8589	8589	0.000145343555830093
chrM	8590	8590	3.68364828526172e-05
chrM	8591	8591	3.68568480023588e-05
chrM	8592	8592	0
chrM	8593	8593	0
chrM	8594	8594	3.80618886309139e-05
chrM	8595	8595	0
chrM	8596	8596	0
chrM	8597	8597	0.000114399023794997
chrM	8598	8598	0.000190628693430935
chrM	8599	8599	0
chrM	8600	8600	3.8127192313558e-05
chrM	8601	8601	3.8125738686187e-05
chrM	8602	8602	0.000609686392561826
chrM	8603	8603	0.000228580136386148
chrM	8604	8604	0.000114281360710068
chrM	8605	8605	0.00322776638566112
chrM	8606	8606	0.000190599626424732
chrM	8607	8607	7.62660158633313e-05
chrM	8608	8608	3.813882532418e-05
chrM	8609	8609	0.000991155840195182
chrM	8610	8610	7.63358778625954e-05
chrM	8611	8611	0
chrM	8612	8612	0
chrM	8613	8613	0
chrM	8614	8614	0
chrM	8615	8615	0
chrM	8616	8616	0.000116504854368932
chrM	8617	8617	0.000233390384316166
chrM	8618	8618	0.000389347453667653
chrM	8619	8619	0.000272521996418282
chrM	8620	8620	7.78694907335306e-05
chrM	8621	8621	0
chrM	8622	8622	0
chrM	8623	8623	0
chrM	8624	8624	0
chrM	8625	8625	3.91251613912907e-05
chrM	8626	8626	0
chrM	8627	8627	0.000118021952083087
chrM	8628	8628	0
chrM	8629	8629	0
chrM	8630	8630	3.94306218209061e-05
chrM	8631	8631	3.94446197538656e-05
chrM	8632	8632	0
chrM	8633	8633	0.00479786062608148
chrM	8634	8634	0.00016290624745459
chrM	8635	8635	4.09048144966663e-05
chrM	8636	8636	8.18632065818018e-05
chrM	8637	8637	0
chrM	8638	8638	0
chrM	8639	8639	0
chrM	8640	8640	8.19705725644494e-05
chrM	8641	8641	0
chrM	8642	8642	4.10290075083084e-05
chrM	8643	8643	0.00016417665407979
chrM	8644	8644	0.000246204349610176
chrM	8645	8645	0.000205128205128205
chrM	8646	8646	0.000901750215190392
chrM	8647	8647	0.000205170291341814
chrM	8648	8648	0.000205128205128205
chrM	8649	8649	4.10290075083084e-05
chrM	8650	8650	4.10323745435148e-05
chrM	8651	8651	4.14181577203446e-05
chrM	8652	8652	0
chrM	8653	8653	0
chrM	8654	8654	0
chrM	8655	8655	0
chrM	8656	8656	0
chrM	8657	8657	0.000100235553550844
chrM	8658	8658	0.000100225507391631
chrM	8659	8659	0.0330942920825661
chrM	8660	8660	0.00376556918026456
chrM	8661	8661	0
chrM	8662	8662	0.000144857556735876
chrM	8663	8663	0
chrM	8664	8664	0
chrM	8665	8665	0
chrM	8666	8666	0
chrM	8667	8667	0
chrM	8668	8668	0
chrM	8669	8669	0
chrM	8670	8670	4.99126528574994e-05
chrM	8671	8671	0
chrM	8672	8672	0
chrM	8673	8673	0
chrM	8674	8674	0
chrM	8675	8675	0
chrM	8676	8676	0
chrM	8677	8677	0
chrM	8678	8678	0
chrM	8679	8679	0
chrM	8680	8680	0
chrM	8681	8681	0
chrM	8682	8682	9.99100809271655e-05
chrM	8683	8683	0.000299670362601139
chrM	8684	8684	0
chrM	8685	8685	0.00104785190359762
chrM	8686	8686	9.98003992015968e-05
chrM	8687	8687	9.979541939025e-05
chrM	8688	8688	9.979541939025e-05
chrM	8689	8689	0.000199620720630801
chrM	8690	8690	0.00014972301242701
chrM	8691	8691	0
chrM	8692	8692	0
chrM	8693	8693	0.000101353063396341
chrM	8694	8694	5.07717303005686e-05
chrM	8695	8695	0.000152315190901706
chrM	8696	8696	0.000456760048721072
chrM	8697	8697	0.000355149670218163
chrM	8698	8698	0.00141865531742413
chrM	8699	8699	0.000203541624262162
chrM	8700	8700	0.000458085203847916
chrM	8701	8701	0.000101791530944625
chrM	8702	8702	0
chrM	8703	8703	0.000865624522633535
chrM	8704	8704	0.000203790503362543
chrM	8705	8705	0.000101947191354878
chrM	8706	8706	0.000918367346938775
chrM	8707	8707	0.000510178052140197
chrM	8708	8708	0
chrM	8709	8709	0
chrM	8710	8710	0
chrM	8711	8711	0.000153139356814701
chrM	8712	8712	0
chrM	8713	8713	0
chrM	8714	8714	0
chrM	8715	8715	0
chrM	8716	8716	0
chrM	8717	8717	0
chrM	8718	8718	0
chrM	8719	8719	0
chrM	8720	8720	0
chrM	8721	8721	0
chrM	8722	8722	0
chrM	8723	8723	0
chrM	8724	8724	0
chrM	8725	8725	0
chrM	8726	8726	0
chrM	8727	8727	5.10751315184637e-05
chrM	8728	8728	0
chrM	8729	8729	0
chrM	8730	8730	0
chrM	8731	8731	5.10725229826353e-05
chrM	8732	8732	0
chrM	8733	8733	0
chrM	8734	8734	0.000102155480641536
chrM	8735	8735	0.000102145045965271
chrM	8736	8736	0
chrM	8737	8737	0
chrM	8738	8738	0
chrM	8739	8739	0
chrM	8740	8740	0
chrM	8741	8741	0
chrM	8742	8742	0
chrM	8743	8743	0
chrM	8744	8744	0
chrM	8745	8745	0
chrM	8746	8746	0
chrM	8747	8747	5.12452598134673e-05
chrM	8748	8748	5.12452598134673e-05
chrM	8749	8749	0
chrM	8750	8750	0.000102516787123892
chrM	8751	8751	0
chrM	8752	8752	0
chrM	8753	8753	0
chrM	8754	8754	0
chrM	8755	8755	0
chrM	8756	8756	0
chrM	8757	8757	0
chrM	8758	8758	0
chrM	8759	8759	0.000363598587159776
chrM	8760	8760	0
chrM	8761	8761	0.00568123127776056
chrM	8762	8762	0
chrM	8763	8763	5.16448897381604e-05
chrM	8764	8764	0.000258157786038827
chrM	8765	8765	0.00108331183905081
chrM	8766	8766	0.00144233245763148
chrM	8767	8767	0.00118337106400494
chrM	8768	8768	0
chrM	8769	8769	0.000308610225285464
chrM	8770	8770	0
chrM	8771	8771	0.000154305112642732
chrM	8772	8772	5.14456219775697e-05
chrM	8773	8773	0
chrM	8774	8774	0.000155134967421657
chrM	8775	8775	0.000103680663556247
chrM	8776	8776	5.22247754334656e-05
chrM	8777	8777	0
chrM	8778	8778	0
chrM	8779	8779	0
chrM	8780	8780	0
chrM	8781	8781	0
chrM	8782	8782	0.000106050161726497
chrM	8783	8783	0.000160823415889353
chrM	8784	8784	5.37085772597884e-05
chrM	8785	8785	0
chrM	8786	8786	5.37692224970427e-05
chrM	8787	8787	5.37721137817928e-05
chrM	8788	8788	5.38242101297163e-05
chrM	8789	8789	0
chrM	8790	8790	0
chrM	8791	8791	0
chrM	8792	8792	0
chrM	8793	8793	0
chrM	8794	8794	0
chrM	8795	8795	0
chrM	8796	8796	0
chrM	8797	8797	0.000325344322741568
chrM	8798	8798	0.00021684918139434
chrM	8799	8799	0
chrM	8800	8800	0.000162654521795706
chrM	8801	8801	0.000433674852279503
chrM	8802	8802	0.0013567784652122
chrM	8803	8803	0.00222378911970494
chrM	8804	8804	0.000108613011838818
chrM	8805	8805	0.000162919517758227
chrM	8806	8806	0
chrM	8807	8807	0
chrM	8808	8808	0
chrM	8809	8809	5.43537341015328e-05
chrM	8810	8810	5.44010445000544e-05
chrM	8811	8811	0
chrM	8812	8812	0
chrM	8813	8813	0
chrM	8814	8814	0
chrM	8815	8815	0.00303786481501573
chrM	8816	8816	0
chrM	8817	8817	0.00021697857336588
chrM	8818	8818	0.000216931503877651
chrM	8819	8819	5.42299349240781e-05
chrM	8820	8820	0
chrM	8821	8821	0.0023804371348193
chrM	8822	8822	0.000216368258776437
chrM	8823	8823	0.000216321453680169
chrM	8824	8824	0.0010265276352045
chrM	8825	8825	0.000216076058772688
chrM	8826	8826	0.00118700766159491
chrM	8827	8827	0.00021577300679685
chrM	8828	8828	0
chrM	8829	8829	0
chrM	8830	8830	0
chrM	8831	8831	0
chrM	8832	8832	0
chrM	8833	8833	0
chrM	8834	8834	0
chrM	8835	8835	0
chrM	8836	8836	0.000107898144151921
chrM	8837	8837	0
chrM	8838	8838	0.000215749730312837
chrM	8839	8839	0.000161786118751011
chrM	8840	8840	0
chrM	8841	8841	0
chrM	8842	8842	0
chrM	8843	8843	5.39257981018119e-05
chrM	8844	8844	5.39228902669183e-05
chrM	8845	8845	0.000161742505930559
chrM	8846	8846	0.000808102575153539
chrM	8847	8847	0.000538444970923972
chrM	8848	8848	0.000161524794055888
chrM	8849	8849	0.000161498708010336
chrM	8850	8850	5.38300048447004e-05
chrM	8851	8851	0.000322875746650164
chrM	8852	8852	5.38097287989669e-05
chrM	8853	8853	0
chrM	8854	8854	0
chrM	8855	8855	0.000107607876896589
chrM	8856	8856	0
chrM	8857	8857	5.38010437402486e-05
chrM	8858	8858	0.000483975048397505
chrM	8859	8859	0.000322545962799699
chrM	8860	8860	0.00069836153639538
chrM	8861	8861	0.000161134386077989
chrM	8862	8862	0.00160875160875161
chrM	8863	8863	0.00405917855044598
chrM	8864	8864	0.00229137802408611
chrM	8865	8865	0.00435059422750424
chrM	8866	8866	0.0223052183836498
chrM	8867	8867	0.00403017464090111
chrM	8868	8868	0.174395290303315
chrM	8869	8869	0.00644258890348832
chrM	8870	8870	0.00832247488546089
chrM	8871	8871	0.00721916207644801
chrM	8872	8872	0.0534797377359981
chrM	8873	8873	0.00655313137654999
chrM	8874	8874	0.00418132082844861
chrM	8875	8875	0.00470670608370935
chrM	8876	8876	0.00132090132090132
chrM	8877	8877	0.00042731722476886
chrM	8878	8878	0.0228575767931048
chrM	8879	8879	0.000189854191980559
chrM	8880	8880	0.000227799081210372
chrM	8881	8881	0.00547500377586467
chrM	8882	8882	0.000377543700683354
chrM	8883	8883	0.000226474917902842
chrM	8884	8884	0.00188373582488792
chrM	8885	8885	0.00090337636917981
chrM	8886	8886	0.00713805217131325
chrM	8887	8887	0.00108261470116101
chrM	8888	8888	0.0690230424356167
chrM	8889	8889	0.000243249817562637
chrM	8890	8890	0.000173719685914808
chrM	8891	8891	3.474273008373e-05
chrM	8892	8892	6.94830461367426e-05
chrM	8893	8893	0.00545919425057011
chrM	8894	8894	0.000966517086641353
chrM	8895	8895	0.0013099834528406
chrM	8896	8896	0.000241254523522316
chrM	8897	8897	0.000378970578102391
chrM	8898	8898	3.44506838460743e-05
chrM	8899	8899	0
chrM	8900	8900	0.000516493354452173
chrM	8901	8901	0.00291825454046074
chrM	8902	8902	0.00041181921136621
chrM	8903	8903	0.000925735445381609
chrM	8904	8904	0.00181388822341627
chrM	8905	8905	0.00157184349906031
chrM	8906	8906	0.000375734389943981
chrM	8907	8907	0.000102462515796305
chrM	8908	8908	6.83036781530685e-05
chrM	8909	8909	0.000477913565917935
chrM	8910	8910	0.000102413545898337
chrM	8911	8911	0.000546037813118558
chrM	8912	8912	0.00340112917488606
chrM	8913	8913	0.000985355577452346
chrM	8914	8914	3.39766240826311e-05
chrM	8915	8915	0.000169854265040595
chrM	8916	8916	0.000271692986924775
chrM	8917	8917	0
chrM	8918	8918	0
chrM	8919	8919	0.000203742062548813
chrM	8920	8920	0.00489964181928769
chrM	8921	8921	0.000236478497348063
chrM	8922	8922	0.000101337657073368
chrM	8923	8923	0
chrM	8924	8924	0
chrM	8925	8925	0
chrM	8926	8926	0.000202634245187437
chrM	8927	8927	3.37712336631657e-05
chrM	8928	8928	0.00350003365416975
chrM	8929	8929	0.000269188061509472
chrM	8930	8930	0.000571697605595911
chrM	8931	8931	0.00174566939707265
chrM	8932	8932	0.00680181381701787
chrM	8933	8933	0.000466573351996267
chrM	8934	8934	0.00229426433915212
chrM	8935	8935	0.000232712765957447
chrM	8936	8936	0.000499251123315027
chrM	8937	8937	0.000133129201890435
chrM	8938	8938	9.98535481294102e-05
chrM	8939	8939	3.32834082210018e-05
chrM	8940	8940	0.000332778702163062
chrM	8941	8941	0.000399188317088587
chrM	8942	8942	0.000299301629531094
chrM	8943	8943	0.00265339966832504
chrM	8944	8944	0.00162257028378423
chrM	8945	8945	0.0108425052410901
chrM	8946	8946	0.000491529311531278
chrM	8947	8947	0.00019657951641439
chrM	8948	8948	0
chrM	8949	8949	0
chrM	8950	8950	0
chrM	8951	8951	9.83413099062479e-05
chrM	8952	8952	0
chrM	8953	8953	0
chrM	8954	8954	0
chrM	8955	8955	0
chrM	8956	8956	9.84155102844208e-05
chrM	8957	8957	6.56081879018502e-05
chrM	8958	8958	0
chrM	8959	8959	0
chrM	8960	8960	3.28030178776447e-05
chrM	8961	8961	0.000426257459505541
chrM	8962	8962	0.000982704402515723
chrM	8963	8963	0.0041105275176981
chrM	8964	8964	0.00104302477183833
chrM	8965	8965	0.00035844629822732
chrM	8966	8966	0.000553655756391467
chrM	8967	8967	0.000585880285128405
chrM	8968	8968	0.00048801119172333
chrM	8969	8969	0.00388966321999287
chrM	8970	8970	0.000712596767401937
chrM	8971	8971	0.00126197256018638
chrM	8972	8972	0.0128426298639065
chrM	8973	8973	0.00137468030690537
chrM	8974	8974	0.000351606201054819
chrM	8975	8975	0
chrM	8976	8976	3.21367741106148e-05
chrM	8977	8977	0
chrM	8978	8978	0
chrM	8979	8979	0
chrM	8980	8980	0
chrM	8981	8981	0.000390294672477721
chrM	8982	8982	0.000195325216485448
chrM	8983	8983	9.76530711890889e-05
chrM	8984	8984	6.50999283900788e-05
chrM	8985	8985	0
chrM	8986	8986	3.25520833333333e-05
chrM	8987	8987	0
chrM	8988	8988	0
chrM	8989	8989	9.765625e-05
chrM	8990	8990	0.00016273393002441
chrM	8991	8991	6.50893351124418e-05
chrM	8992	8992	0.00133259661325446
chrM	8993	8993	0.000292445166531275
chrM	8994	8994	0.000422256147075064
chrM	8995	8995	6.49582643151775e-05
chrM	8996	8996	3.2478077297824e-05
chrM	8997	8997	0.000129895434175489
chrM	8998	8998	0.000713914849428868
chrM	8999	8999	0.000227117874176698
chrM	9000	9000	0.00249255470672019
chrM	9001	9001	0.00180954535173038
chrM	9002	9002	0.00283587380361574
chrM	9003	9003	0.0159540725704136
chrM	9004	9004	0.00637002932736274
chrM	9005	9005	0.000976716342669901
chrM	9006	9006	0.000536396049600858
chrM	9007	9007	0.000444303395747382
chrM	9008	9008	0.000616079679638567
chrM	9009	9009	0.00034684887794388
chrM	9010	9010	0.000243427458617332
chrM	9011	9011	0.000174058344357028
chrM	9012	9012	0.00104340567612688
chrM	9013	9013	0.000278280228189787
chrM	9014	9014	0.0024637379415643
chrM	9015	9015	0.000936102347189959
chrM	9016	9016	0.000311936780812422
chrM	9017	9017	0.0012815628138963
chrM	9018	9018	0.00166032514700796
chrM	9019	9019	0.0020037310854695
chrM	9020	9020	0.000828529015776573
chrM	9021	9021	0.00107022025823379
chrM	9022	9022	0.000345232341365739
chrM	9023	9023	0.000449081110957579
chrM	9024	9024	0.000226971817665973
chrM	9025	9025	3.82087727342198e-05
chrM	9026	9026	0.000382701875239189
chrM	9027	9027	0.00221602414702174
chrM	9028	9028	0.00559147965005706
chrM	9029	9029	0.00205174968653824
chrM	9030	9030	0.00250493396083194
chrM	9031	9031	0.00140236506973924
chrM	9032	9032	0.00234439990924904
chrM	9033	9033	0.00391758014088221
chrM	9034	9034	0.000415094339622641
chrM	9035	9035	0.026173752310536
chrM	9036	9036	0.000112028081705814
chrM	9037	9037	0.000225912120185248
chrM	9038	9038	7.6356278394991e-05
chrM	9039	9039	0.00288906009244992
chrM	9040	9040	0.00104202848211184
chrM	9041	9041	0.000154368632293918
chrM	9042	9042	0.000231526143160332
chrM	9043	9043	0
chrM	9044	9044	0.000424497356539189
chrM	9045	9045	0.000154380548050946
chrM	9046	9046	0.0002321083172147
chrM	9047	9047	0.000193446047897241
chrM	9048	9048	0.00054202640442913
chrM	9049	9049	0.000813795776012401
chrM	9050	9050	0.0020499729248859
chrM	9051	9051	0.00870432148471951
chrM	9052	9052	0.011185258208842
chrM	9053	9053	0.00916707367471916
chrM	9054	9054	0.00344453180575836
chrM	9055	9055	0.0040648890546336
chrM	9056	9056	0.00729521552362613
chrM	9057	9057	0.00233005399807678
chrM	9058	9058	0.00331014988656228
chrM	9059	9059	0.00256992811650341
chrM	9060	9060	0.00167635225748771
chrM	9061	9061	0.00245819211143804
chrM	9062	9062	0.002529103284115
chrM	9063	9063	0.00122649223221586
chrM	9064	9064	0.000594662900468297
chrM	9065	9065	0.00037255048059012
chrM	9066	9066	0.000188921635305675
chrM	9067	9067	7.65257317773101e-05
chrM	9068	9068	0.000995215311004785
chrM	9069	9069	0
chrM	9070	9070	0.00110949575330936
chrM	9071	9071	0
chrM	9072	9072	0
chrM	9073	9073	0
chrM	9074	9074	0.000114779814056701
chrM	9075	9075	0.000497131931166348
chrM	9076	9076	0.000420473223500631
chrM	9077	9077	0.000916555279740309
chrM	9078	9078	0.00118252908640092
chrM	9079	9079	0.00102888499352184
chrM	9080	9080	3.81053995351141e-05
chrM	9081	9081	0
chrM	9082	9082	0.000304761904761905
chrM	9083	9083	0
chrM	9084	9084	3.80966893976913e-05
chrM	9085	9085	0
chrM	9086	9086	0.000114294422432185
chrM	9087	9087	3.8099592334362e-05
chrM	9088	9088	7.61933787953827e-05
chrM	9089	9089	0.00121765601217656
chrM	9090	9090	0.000456412596987677
chrM	9091	9091	0.0107235579636528
chrM	9092	9092	0.000751964507275257
chrM	9093	9093	0.00187638383307689
chrM	9094	9094	0.00262005464685406
chrM	9095	9095	0.00253901874393249
chrM	9096	9096	0.00961538461538462
chrM	9097	9097	0.016058553637754
chrM	9098	9098	0.00760180995475113
chrM	9099	9099	0.0224929035967087
chrM	9100	9100	0.000578703703703704
chrM	9101	9101	0.00065252854812398
chrM	9102	9102	0.00137901001596748
chrM	9103	9103	0.00184755832488045
chrM	9104	9104	0.00105144846089699
chrM	9105	9105	0.000836607012949222
chrM	9106	9106	7.39809129244655e-05
chrM	9107	9107	0.000148599450182034
chrM	9108	9108	0.000149381932255294
chrM	9109	9109	0
chrM	9110	9110	0.000301477238468496
chrM	9111	9111	3.76889156898956e-05
chrM	9112	9112	0
chrM	9113	9113	7.53721499905785e-05
chrM	9114	9114	0
chrM	9115	9115	0
chrM	9116	9116	0.000226082369343231
chrM	9117	9117	3.76803948905385e-05
chrM	9118	9118	0.000151429112246829
chrM	9119	9119	0.000113584734211722
chrM	9120	9120	3.7861578070574e-05
chrM	9121	9121	0
chrM	9122	9122	0.000227135069654755
chrM	9123	9123	0.000189272059658553
chrM	9124	9124	0.000302766529160201
chrM	9125	9125	0.000529560842758255
chrM	9126	9126	0.000529280556500699
chrM	9127	9127	0.000188993045055942
chrM	9128	9128	0.00026452027358954
chrM	9129	9129	0.000642018203104347
chrM	9130	9130	0.000566187294757106
chrM	9131	9131	0.000829750320585351
chrM	9132	9132	0.00889719626168224
chrM	9133	9133	0.00234960653414389
chrM	9134	9134	0.0023440988242298
chrM	9135	9135	0.0125656758643495
chrM	9136	9136	0.00146756677428823
chrM	9137	9137	0.000697068642917416
chrM	9138	9138	0.00018347277264054
chrM	9139	9139	0.0024906600249066
chrM	9140	9140	0.00445515629564709
chrM	9141	9141	0.00547245530828165
chrM	9142	9142	0.000703339009402532
chrM	9143	9143	0.0207322452580503
chrM	9144	9144	0.000515482897013881
chrM	9145	9145	0.000368161401958619
chrM	9146	9146	0.00443711037770444
chrM	9147	9147	0.000515179392824287
chrM	9148	9148	0.000920403504896547
chrM	9149	9149	0.000993231312536786
chrM	9150	9150	0.000220896841175171
chrM	9151	9151	0.0135135135135135
chrM	9152	9152	0.000875656742556918
chrM	9153	9153	0.000987166831194472
chrM	9154	9154	0.000402370327017338
chrM	9155	9155	7.31662703493689e-05
chrM	9156	9156	3.6613942589338e-05
chrM	9157	9157	0.000146482586882484
chrM	9158	9158	7.32359295470358e-05
chrM	9159	9159	0.000109853894320554
chrM	9160	9160	0.000585801632922052
chrM	9161	9161	0
chrM	9162	9162	3.66166239472721e-05
chrM	9163	9163	0
chrM	9164	9164	0
chrM	9165	9165	0.000109845849657647
chrM	9166	9166	3.6613942589338e-05
chrM	9167	9167	3.6613942589338e-05
chrM	9168	9168	3.66152832192157e-05
chrM	9169	9169	0
chrM	9170	9170	0
chrM	9171	9171	7.32332478945441e-05
chrM	9172	9172	3.66152832192157e-05
chrM	9173	9173	0.000219643445473515
chrM	9174	9174	0.000585394409483389
chrM	9175	9175	0.000731207955542556
chrM	9176	9176	0.000402002704381829
chrM	9177	9177	0.00124105708862608
chrM	9178	9178	0.00036488360213092
chrM	9179	9179	0.000692798541476755
chrM	9180	9180	0.000474071913062505
chrM	9181	9181	0.00450630519315332
chrM	9182	9182	0.000109114715938023
chrM	9183	9183	0.000146686713850893
chrM	9184	9184	0.00252552981223235
chrM	9185	9185	0
chrM	9186	9186	0
chrM	9187	9187	7.32842328972921e-05
chrM	9188	9188	0
chrM	9189	9189	3.66568914956012e-05
chrM	9190	9190	0.000109958582267346
chrM	9191	9191	0
chrM	9192	9192	0
chrM	9193	9193	0
chrM	9194	9194	7.33137829912023e-05
chrM	9195	9195	0
chrM	9196	9196	0.00139112607995314
chrM	9197	9197	0.00120693438665789
chrM	9198	9198	0.000255997659449971
chrM	9199	9199	0.00360760877487064
chrM	9200	9200	0.000655498907501821
chrM	9201	9201	0.0016
chrM	9202	9202	0.0011622838878396
chrM	9203	9203	0.00145090500199499
chrM	9204	9204	0.0088501942725572
chrM	9205	9205	0.00093471383376474
chrM	9206	9206	0.000682765559867759
chrM	9207	9207	0.000395825836631882
chrM	9208	9208	0.000431825542480838
chrM	9209	9209	3.60230547550432e-05
chrM	9210	9210	0.000368486992409168
chrM	9211	9211	0.000327051224398021
chrM	9212	9212	0.00050884111436204
chrM	9213	9213	4.24718623911659e-05
chrM	9214	9214	0.000382214294814626
chrM	9215	9215	0.000297265160523187
chrM	9216	9216	0.00148449760359673
chrM	9217	9217	0.00333995687650615
chrM	9218	9218	0.00118238250073899
chrM	9219	9219	0.00474949562878278
chrM	9220	9220	0.000252122027061098
chrM	9221	9221	0.000713835817761915
chrM	9222	9222	0.000125955159963053
chrM	9223	9223	0.000251846877098724
chrM	9224	9224	0.000629247420085578
chrM	9225	9225	0.000545050521990692
chrM	9226	9226	0.000419093918947236
chrM	9227	9227	0.00041895345427123
chrM	9228	9228	0.00104633156154522
chrM	9229	9229	0.00112876254180602
chrM	9230	9230	0.00125260960334029
chrM	9231	9231	0.000709515859766277
chrM	9232	9232	0.00204124140803999
chrM	9233	9233	0.000249989583767343
chrM	9234	9234	0.000250208507089241
chrM	9235	9235	0.000208942749686586
chrM	9236	9236	0.00441041857368728
chrM	9237	9237	0.000208012647168948
chrM	9238	9238	0.000124792013311148
chrM	9239	9239	4.15956075038476e-05
chrM	9240	9240	4.15956075038476e-05
chrM	9241	9241	0.000124771252703377
chrM	9242	9242	0
chrM	9243	9243	0.000789593982462702
chrM	9244	9244	0.000664479421902903
chrM	9245	9245	8.30530293592459e-05
chrM	9246	9246	4.1524790299809e-05
chrM	9247	9247	4.15265146796229e-05
chrM	9248	9248	0
chrM	9249	9249	0
chrM	9250	9250	4.15489446568057e-05
chrM	9251	9251	0.000124677915385255
chrM	9252	9252	8.31324299609278e-05
chrM	9253	9253	0
chrM	9254	9254	0.000166313251008274
chrM	9255	9255	4.1583499667332e-05
chrM	9256	9256	0.000166306336271412
chrM	9257	9257	0.000332502078137988
chrM	9258	9258	0.000124693461906147
chrM	9259	9259	0.000789102084890772
chrM	9260	9260	0.00610989555381249
chrM	9261	9261	0.0173934246352664
chrM	9262	9262	0.00910482636370961
chrM	9263	9263	0.00160920465060144
chrM	9264	9264	0.0104332589996814
chrM	9265	9265	0.000716303872020375
chrM	9266	9266	0.000477307982976015
chrM	9267	9267	7.9611495900008e-05
chrM	9268	9268	0.0109500551441626
chrM	9269	9269	0.00231890893369493
chrM	9270	9270	0.000549968573224387
chrM	9271	9271	0.00270323212536729
chrM	9272	9272	0.00277387091733083
chrM	9273	9273	0.0705544863647918
chrM	9274	9274	0.00221022500815247
chrM	9275	9275	0.000651843267907583
chrM	9276	9276	0.000651536540340971
chrM	9277	9277	0.000398334238638421
chrM	9278	9278	0.000217596286356713
chrM	9279	9279	3.64710602137204e-05
chrM	9280	9280	0.00240656335460346
chrM	9281	9281	7.2947441368494e-05
chrM	9282	9282	3.6473720684247e-05
chrM	9283	9283	0.000291725923494877
chrM	9284	9284	0.000218746582084655
chrM	9285	9285	0.000983391608391608
chrM	9286	9286	0.00134579711199214
chrM	9287	9287	0.000617957106506725
chrM	9288	9288	0.000508665479780547
chrM	9289	9289	0.00278995615783181
chrM	9290	9290	7.24900326205147e-05
chrM	9291	9291	0.000471133983256623
chrM	9292	9292	0.00036229258749366
chrM	9293	9293	0.00162766303758093
chrM	9294	9294	0.00198548788852388
chrM	9295	9295	0.00395526949768077
chrM	9296	9296	0.00168712757556178
chrM	9297	9297	0.00393306636155606
chrM	9298	9298	0.000393166059046394
chrM	9299	9299	0.0328826804052419
chrM	9300	9300	0.00107259013217078
chrM	9301	9301	0.000277277138499931
chrM	9302	9302	0.000381745618601423
chrM	9303	9303	0.000974116337322572
chrM	9304	9304	0.000106970939561419
chrM	9305	9305	0.000179617056435679
chrM	9306	9306	0
chrM	9307	9307	0.000289184499710815
chrM	9308	9308	7.23458129860734e-05
chrM	9309	9309	7.23458129860734e-05
chrM	9310	9310	0.000289299533504502
chrM	9311	9311	0.00126408552441491
chrM	9312	9312	7.22308497959478e-05
chrM	9313	9313	0.000216653426735033
chrM	9314	9314	0.000541438059485995
chrM	9315	9315	0.00251228836701256
chrM	9316	9316	0.000473467603889718
chrM	9317	9317	0.00072825255798711
chrM	9318	9318	0.00127314393801608
chrM	9319	9319	0.00650641604915959
chrM	9320	9320	0.00413981784801469
chrM	9321	9321	0.00672316990308622
chrM	9322	9322	0.0304795589306148
chrM	9323	9323	0.00445318972659486
chrM	9324	9324	0.00182638960680933
chrM	9325	9325	0.000241329380128249
chrM	9326	9326	0
chrM	9327	9327	0
chrM	9328	9328	0.00100610602275881
chrM	9329	9329	0
chrM	9330	9330	0.000451420237516494
chrM	9331	9331	0.000208333333333333
chrM	9332	9332	0.000104155817102385
chrM	9333	9333	6.9439622248455e-05
chrM	9334	9334	0
chrM	9335	9335	0
chrM	9336	9336	0
chrM	9337	9337	0
chrM	9338	9338	0
chrM	9339	9339	0.000139125595631456
chrM	9340	9340	0.000139125595631456
chrM	9341	9341	3.47838185676024e-05
chrM	9342	9342	0.000139115918338956
chrM	9343	9343	6.95555400987689e-05
chrM	9344	9344	3.4778979584739e-05
chrM	9345	9345	0.000104326053693142
chrM	9346	9346	0.000451890989988877
chrM	9347	9347	6.95168578380257e-05
chrM	9348	9348	3.47572208126238e-05
chrM	9349	9349	0.000104260790991868
chrM	9350	9350	3.47523892267593e-05
chrM	9351	9351	3.47511815401724e-05
chrM	9352	9352	0
chrM	9353	9353	3.47523892267593e-05
chrM	9354	9354	0
chrM	9355	9355	3.47535969972892e-05
chrM	9356	9356	0.000173737794919907
chrM	9357	9357	0.000416796915702824
chrM	9358	9358	0.00076359723716636
chrM	9359	9359	0.00131724902939545
chrM	9360	9360	0.000450512891599667
chrM	9361	9361	0.000103953705949617
chrM	9362	9362	0
chrM	9363	9363	0
chrM	9364	9364	0.000207907411899234
chrM	9365	9365	0.000138595336266935
chrM	9366	9366	0
chrM	9367	9367	0.000207921821395155
chrM	9368	9368	3.46524360662555e-05
chrM	9369	9369	6.93024706330781e-05
chrM	9370	9370	0.000138600138600139
chrM	9371	9371	0.000138580931263858
chrM	9372	9372	0.000727020945127229
chrM	9373	9373	0.00334713595583161
chrM	9374	9374	0.00343914434088799
chrM	9375	9375	0.00233524502901885
chrM	9376	9376	3.43441975478243e-05
chrM	9377	9377	0.000171697400501356
chrM	9378	9378	0.00027471584080217
chrM	9379	9379	0.000172105190692551
chrM	9380	9380	0.000555131496773298
chrM	9381	9381	3.93066310286545e-05
chrM	9382	9382	0.00012093360744951
chrM	9383	9383	0
chrM	9384	9384	0.000606158571082195
chrM	9385	9385	0.000283171521035599
chrM	9386	9386	0.000849514563106796
chrM	9387	9387	0.00715952055345507
chrM	9388	9388	0.0117394245692228
chrM	9389	9389	0.00250198570293884
chrM	9390	9390	0.00979312514748682
chrM	9391	9391	0.000275243787354514
chrM	9392	9392	0.00493343774471417
chrM	9393	9393	0.000313197353482363
chrM	9394	9394	0.000235793444942231
chrM	9395	9395	7.9092023569423e-05
chrM	9396	9396	0.000477687990127782
chrM	9397	9397	0.00011982266245956
chrM	9398	9398	0.000119837021650555
chrM	9399	9399	0
chrM	9400	9400	0.000120019203072492
chrM	9401	9401	0.00079968012794882
chrM	9402	9402	0.00139804274016377
chrM	9403	9403	0.00949630039963597
chrM	9404	9404	0.0136986301369863
chrM	9405	9405	0.011763344646714
chrM	9406	9406	0.00223205695593612
chrM	9407	9407	0.00169100691775557
chrM	9408	9408	0.000998272221155692
chrM	9409	9409	0.000191990170103291
chrM	9410	9410	0.000269832703723691
chrM	9411	9411	0.00112704519839882
chrM	9412	9412	0.000741174175931344
chrM	9413	9413	0.00272755610972569
chrM	9414	9414	0.0011316631546086
chrM	9415	9415	0.013413506012951
chrM	9416	9416	0.00015420200462606
chrM	9417	9417	0.000269905533063428
chrM	9418	9418	0
chrM	9419	9419	0.0033959170927827
chrM	9420	9420	0.000430157985296418
chrM	9421	9421	0.0738310982239942
chrM	9422	9422	0.00271120268951307
chrM	9423	9423	0.00385335638144627
chrM	9424	9424	0.0351657516158176
chrM	9425	9425	0.00748430709802028
chrM	9426	9426	0.00555631773905886
chrM	9427	9427	0.00242926061518459
chrM	9428	9428	0.0051062091503268
chrM	9429	9429	0.0110575464383238
chrM	9430	9430	0.00766475884459618
chrM	9431	9431	0.0040500736377025
chrM	9432	9432	0.0326112045372111
chrM	9433	9433	0.00220757825370675
chrM	9434	9434	0.00144836893906975
chrM	9435	9435	0.000592241634586911
chrM	9436	9436	0.00036197308236533
chrM	9437	9437	0
chrM	9438	9438	0.00122148492951702
chrM	9439	9439	3.3056758454266e-05
chrM	9440	9440	0.000396825396825397
chrM	9441	9441	6.61485033901108e-05
chrM	9442	9442	0.00148627671169535
chrM	9443	9443	0.000693206575559517
chrM	9444	9444	0.000165038288883021
chrM	9445	9445	0.000132021915637996
chrM	9446	9446	3.30043895838146e-05
chrM	9447	9447	0.000231000231000231
chrM	9448	9448	0.000263930586255815
chrM	9449	9449	0.000263860945281836
chrM	9450	9450	0
chrM	9451	9451	0.00451117916296223
chrM	9452	9452	9.8797958175531e-05
chrM	9453	9453	6.58848333113717e-05
chrM	9454	9454	0.00016479894528675
chrM	9455	9455	0.000164869588155769
chrM	9456	9456	3.29935002804448e-05
chrM	9457	9457	0.000131969646981194
chrM	9458	9458	0
chrM	9459	9459	0.000560630544471194
chrM	9460	9460	0.000198728139904611
chrM	9461	9461	0
chrM	9462	9462	0
chrM	9463	9463	0
chrM	9464	9464	3.31389183457052e-05
chrM	9465	9465	0.000265041081367612
chrM	9466	9466	0.000231872536354301
chrM	9467	9467	9.93706525339516e-05
chrM	9468	9468	6.62427133015368e-05
chrM	9469	9469	0
chrM	9470	9470	0.000728187475175427
chrM	9471	9471	0
chrM	9472	9472	0
chrM	9473	9473	9.93114406779661e-05
chrM	9474	9474	9.93147283742179e-05
chrM	9475	9475	9.9304865938431e-05
chrM	9476	9476	0.00085995898657141
chrM	9477	9477	0.000198425821813612
chrM	9478	9478	0
chrM	9479	9479	6.61419406045373e-05
chrM	9480	9480	3.30698766493601e-05
chrM	9481	9481	0
chrM	9482	9482	3.30698766493601e-05
chrM	9483	9483	0.000231458519326786
chrM	9484	9484	0.000330753456373619
chrM	9485	9485	0.000231780404622364
chrM	9486	9486	3.31818030991804e-05
chrM	9487	9487	6.6361404207313e-05
chrM	9488	9488	3.31939188740623e-05
chrM	9489	9489	0.000132802124833997
chrM	9490	9490	0.000531755791152913
chrM	9491	9491	0.000366825624437256
chrM	9492	9492	0.000669926977959402
chrM	9493	9493	6.70331143584931e-05
chrM	9494	9494	0.000234600174274415
chrM	9495	9495	0.000134039273507138
chrM	9496	9496	0.000134025799966494
chrM	9497	9497	0.00247351004445633
chrM	9498	9498	0.00815480766017179
chrM	9499	9499	0.011566424322538
chrM	9500	9500	0.0108652965047781
chrM	9501	9501	0.0193757075853146
chrM	9502	9502	0.00213240283028012
chrM	9503	9503	0.00100090404236084
chrM	9504	9504	0.000387584380349472
chrM	9505	9505	0.000713729561380742
chrM	9506	9506	0.000779727095516569
chrM	9507	9507	0.00366241006028392
chrM	9508	9508	0.000421325555015395
chrM	9509	9509	0.000194445344654373
chrM	9510	9510	0
chrM	9511	9511	0.00174757281553398
chrM	9512	9512	3.23645543400867e-05
chrM	9513	9513	0
chrM	9514	9514	0.00106709781729992
chrM	9515	9515	0.00012935355560586
chrM	9516	9516	0.000226654578422484
chrM	9517	9517	3.23802739371175e-05
chrM	9518	9518	0
chrM	9519	9519	0
chrM	9520	9520	0
chrM	9521	9521	6.47962159009914e-05
chrM	9522	9522	0
chrM	9523	9523	0
chrM	9524	9524	0
chrM	9525	9525	6.48361266897916e-05
chrM	9526	9526	0
chrM	9527	9527	0
chrM	9528	9528	3.24191143097971e-05
chrM	9529	9529	3.24180633448958e-05
chrM	9530	9530	0
chrM	9531	9531	0.000421311900440757
chrM	9532	9532	0
chrM	9533	9533	0
chrM	9534	9534	0
chrM	9535	9535	3.24128095423311e-05
chrM	9536	9536	0.000162037787211978
chrM	9537	9537	3.24065072266511e-05
chrM	9538	9538	0.000291582971554461
chrM	9539	9539	0.00106809943034697
chrM	9540	9540	0.000517631834357813
chrM	9541	9541	0.00322476620445018
chrM	9542	9542	0.00144904202221864
chrM	9543	9543	0.000160983933803406
chrM	9544	9544	0.000257507966652718
chrM	9545	9545	3.21916044295648e-05
chrM	9546	9546	0.000161368404066484
chrM	9547	9547	0.0124525048692487
chrM	9548	9548	0.00331262939958592
chrM	9549	9549	0.00162244703187631
chrM	9550	9550	0.000890103951425756
chrM	9551	9551	0.000254274998410781
chrM	9552	9552	0.0170942841963811
chrM	9553	9553	0.000343664083979005
chrM	9554	9554	0.000313253766876547
chrM	9555	9555	0.0176212813232934
chrM	9556	9556	0.00218953341351343
chrM	9557	9557	0.00998193453565633
chrM	9558	9558	0.00628751974723539
chrM	9559	9559	0.00353725168177368
chrM	9560	9560	0.00107350340995201
chrM	9561	9561	0.000883364356248225
chrM	9562	9562	0.000411106191891721
chrM	9563	9563	0.000485326948587699
chrM	9564	9564	0.00165934602244998
chrM	9565	9565	0.0032599837000815
chrM	9566	9566	0.000360265941767923
chrM	9567	9567	0.000690539607378909
chrM	9568	9568	6.58284510565466e-05
chrM	9569	9569	0.000164554879052164
chrM	9570	9570	6.58176193767071e-05
chrM	9571	9571	0.000361865912231068
chrM	9572	9572	0.00324632738719832
chrM	9573	9573	0.00925986093963221
chrM	9574	9574	0.00645723694830982
chrM	9575	9575	0.00138651533228001
chrM	9576	9576	0.00164187753525208
chrM	9577	9577	0.000739954315863977
chrM	9578	9578	0.00112482324206196
chrM	9579	9579	0.00112739571589628
chrM	9580	9580	0.00106331561140648
chrM	9581	9581	0.00377163856742207
chrM	9582	9582	0.00425796731191248
chrM	9583	9583	0.0155481727574751
chrM	9584	9584	0.00523790213571235
chrM	9585	9585	0.00320599352051836
chrM	9586	9586	0.00373536142145645
chrM	9587	9587	0.0042229446660187
chrM	9588	9588	0.0737284181054596
chrM	9589	9589	0.00701830324016819
chrM	9590	9590	0.000432820132319298
chrM	9591	9591	0.000278698169882018
chrM	9592	9592	0.00444252483494786
chrM	9593	9593	0.00292316686667282
chrM	9594	9594	0.0120448946071722
chrM	9595	9595	0.0122457576122277
chrM	9596	9596	0.00231252064750578
chrM	9597	9597	0.00128997420051599
chrM	9598	9598	0.00251376586066555
chrM	9599	9599	0.00310271786151138
chrM	9600	9600	0.00197368421052632
chrM	9601	9601	0.00114261659199567
chrM	9602	9602	0.001117655943211
chrM	9603	9603	0.000423101332769198
chrM	9604	9604	9.06810144182813e-05
chrM	9605	9605	0.000241874527588813
chrM	9606	9606	0.000241903782770403
chrM	9607	9607	0.0050587172538392
chrM	9608	9608	0.00324480230741497
chrM	9609	9609	0.00976190476190476
chrM	9610	9610	0.0269659666908038
chrM	9611	9611	0.00297765314677228
chrM	9612	9612	0.00385911355585635
chrM	9613	9613	0.00507279605640261
chrM	9614	9614	0.000916852902412469
chrM	9615	9615	0.00049520272361498
chrM	9616	9616	0.000187114077215743
chrM	9617	9617	0.000284135753749013
chrM	9618	9618	0.000479769710538941
chrM	9619	9619	0.000128201019198103
chrM	9620	9620	0.000224373357266491
chrM	9621	9621	0
chrM	9622	9622	0
chrM	9623	9623	0
chrM	9624	9624	0
chrM	9625	9625	0
chrM	9626	9626	0
chrM	9627	9627	3.20677270395074e-05
chrM	9628	9628	0
chrM	9629	9629	6.413134098634e-05
chrM	9630	9630	0.000160302651405854
chrM	9631	9631	9.61723408347759e-05
chrM	9632	9632	0.00016026154684445
chrM	9633	9633	3.205230936889e-05
chrM	9634	9634	0.000320420391553718
chrM	9635	9635	9.61199577072186e-05
chrM	9636	9636	0.000320297235834855
chrM	9637	9637	0.00405129513844583
chrM	9638	9638	0.00283186967035764
chrM	9639	9639	0.000159068494893901
chrM	9640	9640	0.00022265339228347
chrM	9641	9641	3.18076274690671e-05
chrM	9642	9642	6.36112082949016e-05
chrM	9643	9643	0
chrM	9644	9644	6.3609185166338e-05
chrM	9645	9645	6.36051392952551e-05
chrM	9646	9646	9.53986071803352e-05
chrM	9647	9647	0.000222547211801361
chrM	9648	9648	6.35808748728382e-05
chrM	9649	9649	6.35768326021998e-05
chrM	9650	9650	3.17874058298102e-05
chrM	9651	9651	3.17874058298102e-05
chrM	9652	9652	9.5353124404043e-05
chrM	9653	9653	0.000540042568061247
chrM	9654	9654	0
chrM	9655	9655	0.0119593194801934
chrM	9656	9656	0.00021967676133689
chrM	9657	9657	0.000940586298792914
chrM	9658	9658	0.00200256578741513
chrM	9659	9659	0.00333686771034741
chrM	9660	9660	0.000996977910708166
chrM	9661	9661	0.0698948100495523
chrM	9662	9662	0.000434492946731165
chrM	9663	9663	5.7929036929761e-05
chrM	9664	9664	2.8998115122517e-05
chrM	9665	9665	5.80197847465986e-05
chrM	9666	9666	0.00147749000521467
chrM	9667	9667	0.000492382552279442
chrM	9668	9668	0.0013612140871177
chrM	9669	9669	0.00206563481903875
chrM	9670	9670	0.000174616571112599
chrM	9671	9671	0.000407284575551289
chrM	9672	9672	0.000494430387109909
chrM	9673	9673	0.000146053630893264
chrM	9674	9674	8.77911740606344e-05
chrM	9675	9675	2.95412247791793e-05
chrM	9676	9676	0.000390249759846302
chrM	9677	9677	0.000393057991171313
chrM	9678	9678	0.000886579027820238
chrM	9679	9679	0.00453659724759469
chrM	9680	9680	0.0174703841091301
chrM	9681	9681	0.00241726103434898
chrM	9682	9682	0.000208855472013367
chrM	9683	9683	5.96694313503192e-05
chrM	9684	9684	2.98347156751596e-05
chrM	9685	9685	5.96676511829112e-05
chrM	9686	9686	0.0008644588189704
chrM	9687	9687	0.000447013946835141
chrM	9688	9688	5.95983074080696e-05
chrM	9689	9689	0.000268120475466977
chrM	9690	9690	0.00107133291670387
chrM	9691	9691	0.0008028545941124
chrM	9692	9692	0.000356696985910469
chrM	9693	9693	0.00670229413327822
chrM	9694	9694	0.000177132229209105
chrM	9695	9695	0.00499368445789149
chrM	9696	9696	5.87492289163705e-05
chrM	9697	9697	0.00161304513593571
chrM	9698	9698	0.000146631866037127
chrM	9699	9699	2.93263732074254e-05
chrM	9700	9700	0.000146623266179877
chrM	9701	9701	2.93272332688134e-05
chrM	9702	9702	8.79739597079265e-05
chrM	9703	9703	2.93255131964809e-05
chrM	9704	9704	2.93263732074254e-05
chrM	9705	9705	0
chrM	9706	9706	0.000322486074464966
chrM	9707	9707	0.000468864468864469
chrM	9708	9708	0.0216456422018349
chrM	9709	9709	0.000887972272349689
chrM	9710	9710	0.0019726685345074
chrM	9711	9711	0.000171516780058316
chrM	9712	9712	0.00231098430813124
chrM	9713	9713	0.000456308464522017
chrM	9714	9714	0.00111111111111111
chrM	9715	9715	0.00153771677535097
chrM	9716	9716	0.0140298591390896
chrM	9717	9717	0.00258144167905946
chrM	9718	9718	0.000448833034111311
chrM	9719	9719	0.000728924275981945
chrM	9720	9720	0.00129053978229155
chrM	9721	9721	0.0017928175247913
chrM	9722	9722	0.0171046108081309
chrM	9723	9723	0.00326743547501373
chrM	9724	9724	0.000850993741078291
chrM	9725	9725	0.000356741033451332
chrM	9726	9726	5.48802239113136e-05
chrM	9727	9727	0.000164694902692762
chrM	9728	9728	0.00301064674165914
chrM	9729	9729	0.000164239570787255
chrM	9730	9730	0.0024035178761642
chrM	9731	9731	0.000273127031382296
chrM	9732	9732	0.0158337589720154
chrM	9733	9733	2.68831657616001e-05
chrM	9734	9734	2.68846112485213e-05
chrM	9735	9735	0
chrM	9736	9736	5.4019014693172e-05
chrM	9737	9737	0
chrM	9738	9738	0
chrM	9739	9739	0
chrM	9740	9740	0
chrM	9741	9741	2.70760566431105e-05
chrM	9742	9742	2.70753235501164e-05
chrM	9743	9743	0.000189491351073333
chrM	9744	9744	8.12083807048887e-05
chrM	9745	9745	0.000270775229482007
chrM	9746	9746	8.12435682175161e-05
chrM	9747	9747	5.41638456330399e-05
chrM	9748	9748	2.708192281652e-05
chrM	9749	9749	2.708192281652e-05
chrM	9750	9750	2.71098218884702e-05
chrM	9751	9751	0.000244153871195269
chrM	9752	9752	0
chrM	9753	9753	0
chrM	9754	9754	0
chrM	9755	9755	0.000189954139643429
chrM	9756	9756	0.000433992459381018
chrM	9757	9757	0.000867232174313667
chrM	9758	9758	0.00162346447318578
chrM	9759	9759	0.000405701457820572
chrM	9760	9760	0.000351484345428
chrM	9761	9761	0.000864467677013264
chrM	9762	9762	0.000378562543940295
chrM	9763	9763	0.00264786144659696
chrM	9764	9764	0.000217125797258787
chrM	9765	9765	2.75595976298746e-05
chrM	9766	9766	0.000227337311736289
chrM	9767	9767	2.89151052509831e-05
chrM	9768	9768	0
chrM	9769	9769	0.000116448326055313
chrM	9770	9770	5.82292485515474e-05
chrM	9771	9771	0.000465630638496013
chrM	9772	9772	5.82055237041995e-05
chrM	9773	9773	0.00209138176431289
chrM	9774	9774	5.81006884931586e-05
chrM	9775	9775	0
chrM	9776	9776	0
chrM	9777	9777	0.000116339945320226
chrM	9778	9778	8.7262573082405e-05
chrM	9779	9779	0
chrM	9780	9780	0
chrM	9781	9781	0
chrM	9782	9782	0.000174565767652963
chrM	9783	9783	5.82021360183919e-05
chrM	9784	9784	0
chrM	9785	9785	0
chrM	9786	9786	0
chrM	9787	9787	2.92158466752366e-05
chrM	9788	9788	5.85823081429408e-05
chrM	9789	9789	0
chrM	9790	9790	0
chrM	9791	9791	0
chrM	9792	9792	5.86837240691294e-05
chrM	9793	9793	0
chrM	9794	9794	0
chrM	9795	9795	5.86802804917407e-05
chrM	9796	9796	2.93435840253529e-05
chrM	9797	9797	0
chrM	9798	9798	0
chrM	9799	9799	0
chrM	9800	9800	0
chrM	9801	9801	0
chrM	9802	9802	0
chrM	9803	9803	0
chrM	9804	9804	0
chrM	9805	9805	0
chrM	9806	9806	5.97567898652484e-05
chrM	9807	9807	0
chrM	9808	9808	0
chrM	9809	9809	2.98819662333782e-05
chrM	9810	9810	2.98891113967182e-05
chrM	9811	9811	0
chrM	9812	9812	5.98229241445322e-05
chrM	9813	9813	3.02142188113726e-05
chrM	9814	9814	0.00050460451621042
chrM	9815	9815	0.000231190963736046
chrM	9816	9816	0.000112367967638025
chrM	9817	9817	0
chrM	9818	9818	0.00016392099008278
chrM	9819	9819	0.000410627027470948
chrM	9820	9820	0.000657867686361581
chrM	9821	9821	0.000246740963112226
chrM	9822	9822	0.000287805279171121
chrM	9823	9823	0.000165002887550532
chrM	9824	9824	0.000705452734666777
chrM	9825	9825	0.000567140738155484
chrM	9826	9826	0.00017611835153223
chrM	9827	9827	8.87823500688063e-05
chrM	9828	9828	0
chrM	9829	9829	0
chrM	9830	9830	8.93335715561908e-05
chrM	9831	9831	0
chrM	9832	9832	0.00402187175199964
chrM	9833	9833	4.53226976069616e-05
chrM	9834	9834	0
chrM	9835	9835	0
chrM	9836	9836	0
chrM	9837	9837	9.3764650726676e-05
chrM	9838	9838	0
chrM	9839	9839	0
chrM	9840	9840	4.69439489249836e-05
chrM	9841	9841	0
chrM	9842	9842	0
chrM	9843	9843	0
chrM	9844	9844	0
chrM	9845	9845	0
chrM	9846	9846	0
chrM	9847	9847	0
chrM	9848	9848	0
chrM	9849	9849	0
chrM	9850	9850	0
chrM	9851	9851	0
chrM	9852	9852	9.42063118228921e-05
chrM	9853	9853	4.71075937441115e-05
chrM	9854	9854	4.71075937441115e-05
chrM	9855	9855	0
chrM	9856	9856	0.000141402714932127
chrM	9857	9857	0
chrM	9858	9858	0
chrM	9859	9859	0
chrM	9860	9860	0
chrM	9861	9861	0
chrM	9862	9862	0
chrM	9863	9863	0
chrM	9864	9864	0
chrM	9865	9865	0
chrM	9866	9866	9.52743902439024e-05
chrM	9867	9867	0
chrM	9868	9868	0
chrM	9869	9869	0
chrM	9870	9870	0
chrM	9871	9871	0
chrM	9872	9872	0
chrM	9873	9873	0
chrM	9874	9874	0
chrM	9875	9875	0
chrM	9876	9876	0
chrM	9877	9877	0
chrM	9878	9878	0
chrM	9879	9879	0
chrM	9880	9880	0
chrM	9881	9881	0
chrM	9882	9882	0
chrM	9883	9883	0
chrM	9884	9884	0
chrM	9885	9885	0
chrM	9886	9886	0
chrM	9887	9887	0
chrM	9888	9888	0
chrM	9889	9889	0
chrM	9890	9890	0
chrM	9891	9891	0
chrM	9892	9892	0
chrM	9893	9893	0
chrM	9894	9894	0
chrM	9895	9895	0
chrM	9896	9896	0
chrM	9897	9897	0
chrM	9898	9898	0
chrM	9899	9899	0
chrM	9900	9900	0
chrM	9901	9901	0
chrM	9902	9902	0
chrM	9903	9903	0
chrM	9904	9904	0
chrM	9905	9905	0
chrM	9906	9906	0
chrM	9907	9907	0
chrM	9908	9908	0
chrM	9909	9909	0
chrM	9910	9910	0
chrM	9911	9911	0
chrM	9912	9912	0
chrM	9913	9913	0
chrM	9914	9914	0
chrM	9915	9915	0
chrM	9916	9916	9.87605550343193e-05
chrM	9917	9917	0
chrM	9918	9918	0
chrM	9919	9919	0
chrM	9920	9920	0.000148126203525404
chrM	9921	9921	0
chrM	9922	9922	0
chrM	9923	9923	0
chrM	9924	9924	0
chrM	9925	9925	0
chrM	9926	9926	0
chrM	9927	9927	0.000197853291784142
chrM	9928	9928	0
chrM	9929	9929	0
chrM	9930	9930	0
chrM	9931	9931	4.9468216670789e-05
chrM	9932	9932	0
chrM	9933	9933	0
chrM	9934	9934	0
chrM	9935	9935	0
chrM	9936	9936	0
chrM	9937	9937	4.9478007025877e-05
chrM	9938	9938	0
chrM	9939	9939	0
chrM	9940	9940	0
chrM	9941	9941	0
chrM	9942	9942	0
chrM	9943	9943	0
chrM	9944	9944	0
chrM	9945	9945	0
chrM	9946	9946	0
chrM	9947	9947	0
chrM	9948	9948	0
chrM	9949	9949	0
chrM	9950	9950	0
chrM	9951	9951	0
chrM	9952	9952	0
chrM	9953	9953	0
chrM	9954	9954	0
chrM	9955	9955	0
chrM	9956	9956	0
chrM	9957	9957	0
chrM	9958	9958	0
chrM	9959	9959	0
chrM	9960	9960	0
chrM	9961	9961	0
chrM	9962	9962	0
chrM	9963	9963	0
chrM	9964	9964	0
chrM	9965	9965	0
chrM	9966	9966	0
chrM	9967	9967	0
chrM	9968	9968	0
chrM	9969	9969	0
chrM	9970	9970	0
chrM	9971	9971	0
chrM	9972	9972	0
chrM	9973	9973	0
chrM	9974	9974	0
chrM	9975	9975	0
chrM	9976	9976	0
chrM	9977	9977	0
chrM	9978	9978	0
chrM	9979	9979	0
chrM	9980	9980	0
chrM	9981	9981	0
chrM	9982	9982	0
chrM	9983	9983	0
chrM	9984	9984	0
chrM	9985	9985	4.96228662167527e-05
chrM	9986	9986	0
chrM	9987	9987	0
chrM	9988	9988	0
chrM	9989	9989	0
chrM	9990	9990	0
chrM	9991	9991	0
chrM	9992	9992	0
chrM	9993	9993	0
chrM	9994	9994	4.96228662167527e-05
chrM	9995	9995	0
chrM	9996	9996	0
chrM	9997	9997	0
chrM	9998	9998	0
chrM	9999	9999	0
chrM	10000	10000	9.92408078201757e-05
chrM	10001	10001	0
chrM	10002	10002	4.96179418477722e-05
chrM	10003	10003	0
chrM	10004	10004	0
chrM	10005	10005	0
chrM	10006	10006	0
chrM	10007	10007	0
chrM	10008	10008	0.000198432384165096
chrM	10009	10009	0.00429735737219066
chrM	10010	10010	0.0131129960027298
chrM	10011	10011	0.00485107208693121
chrM	10012	10012	0.00256447476653602
chrM	10013	10013	0.000870195794053662
chrM	10014	10014	4.83418737310258e-05
chrM	10015	10015	9.66744006187162e-05
chrM	10016	10016	0
chrM	10017	10017	0
chrM	10018	10018	0.000144990575612585
chrM	10019	10019	0.000193292741857543
chrM	10020	10020	0.00014494854326714
chrM	10021	10021	0.000144927536231884
chrM	10022	10022	0.000241487563390485
chrM	10023	10023	0.000193152735525617
chrM	10024	10024	0.000772014475271411
chrM	10025	10025	0.00125295166498
chrM	10026	10026	0.000722334585379948
chrM	10027	10027	0.000240720234942949
chrM	10028	10028	0.00244933243684564
chrM	10029	10029	0
chrM	10030	10030	0
chrM	10031	10031	0.000575981568589805
chrM	10032	10032	0.000191957001631635
chrM	10033	10033	0.0016289766193944
chrM	10034	10034	0.00219906300793575
chrM	10035	10035	0.00133677074381744
chrM	10036	10036	0.000190930787589499
chrM	10037	10037	4.77304185957711e-05
chrM	10038	10038	9.54517252899346e-05
chrM	10039	10039	0
chrM	10040	10040	0
chrM	10041	10041	0
chrM	10042	10042	0
chrM	10043	10043	0
chrM	10044	10044	0
chrM	10045	10045	0
chrM	10046	10046	0
chrM	10047	10047	0
chrM	10048	10048	0.00014315709104791
chrM	10049	10049	0
chrM	10050	10050	0
chrM	10051	10051	4.77304185957711e-05
chrM	10052	10052	0
chrM	10053	10053	0
chrM	10054	10054	0
chrM	10055	10055	4.77304185957711e-05
chrM	10056	10056	0
chrM	10057	10057	0
chrM	10058	10058	4.77281405116457e-05
chrM	10059	10059	0.00038169760007634
chrM	10060	10060	0.00100095328884652
chrM	10061	10061	0.00128528585709525
chrM	10062	10062	0.00033311125916056
chrM	10063	10063	0
chrM	10064	10064	0
chrM	10065	10065	0
chrM	10066	10066	0
chrM	10067	10067	0
chrM	10068	10068	0
chrM	10069	10069	0
chrM	10070	10070	0
chrM	10071	10071	0
chrM	10072	10072	0
chrM	10073	10073	0
chrM	10074	10074	4.75986481983912e-05
chrM	10075	10075	0
chrM	10076	10076	0
chrM	10077	10077	0
chrM	10078	10078	0.000237936613686114
chrM	10079	10079	0
chrM	10080	10080	0
chrM	10081	10081	9.51655881233346e-05
chrM	10082	10082	0
chrM	10083	10083	0.000237857380714524
chrM	10084	10084	0.00028534741047225
chrM	10085	10085	0.00170915823956701
chrM	10086	10086	0.000759049290763319
chrM	10087	10087	0
chrM	10088	10088	0
chrM	10089	10089	0
chrM	10090	10090	0.000142301489422256
chrM	10091	10091	4.7431579945928e-05
chrM	10092	10092	0
chrM	10093	10093	4.7431579945928e-05
chrM	10094	10094	0
chrM	10095	10095	0
chrM	10096	10096	0
chrM	10097	10097	0
chrM	10098	10098	0.000189690330535401
chrM	10099	10099	0
chrM	10100	10100	0
chrM	10101	10101	0
chrM	10102	10102	0
chrM	10103	10103	0
chrM	10104	10104	0
chrM	10105	10105	0
chrM	10106	10106	0
chrM	10107	10107	0
chrM	10108	10108	0.000142342000379579
chrM	10109	10109	0.000901029070043155
chrM	10110	10110	0.00500259568644108
chrM	10111	10111	0.0023071852340145
chrM	10112	10112	0.00155148095909732
chrM	10113	10113	0.00201754797541407
chrM	10114	10114	0.000187643664680771
chrM	10115	10115	0.00023449957790076
chrM	10116	10116	0
chrM	10117	10117	4.68977160812268e-05
chrM	10118	10118	0
chrM	10119	10119	9.37866354044549e-05
chrM	10120	10120	9.3777840296338e-05
chrM	10121	10121	9.37690468376389e-05
chrM	10122	10122	0.000187502929733277
chrM	10123	10123	9.37426763534099e-05
chrM	10124	10124	0.000281148962091748
chrM	10125	10125	0.000608785239299429
chrM	10126	10126	0.000421289144783036
chrM	10127	10127	0.0001404099971918
chrM	10128	10128	0.00102871037127092
chrM	10129	10129	0
chrM	10130	10130	4.67704971703849e-05
chrM	10131	10131	0.000187055742611298
chrM	10132	10132	0.000654266753902234
chrM	10133	10133	0.00650044110136045
chrM	10134	10134	0.0059543041772444
chrM	10135	10135	0.00733104238258877
chrM	10136	10136	0.00137268359643102
chrM	10137	10137	0.000228728270814273
chrM	10138	10138	9.14829384319824e-05
chrM	10139	10139	4.57414692159912e-05
chrM	10140	10140	0.000548596507268904
chrM	10141	10141	4.57205559619605e-05
chrM	10142	10142	4.57226464267752e-05
chrM	10143	10143	0.000365664137489716
chrM	10144	10144	0.000502535520124263
chrM	10145	10145	0.000182706801260677
chrM	10146	10146	4.56746140495113e-05
chrM	10147	10147	4.56725279744234e-05
chrM	10148	10148	0.00159649682981344
chrM	10149	10149	0
chrM	10150	10150	0
chrM	10151	10151	4.62727314793392e-05
chrM	10152	10152	0
chrM	10153	10153	0
chrM	10154	10154	0
chrM	10155	10155	0.000231545799759192
chrM	10156	10156	4.63070155128502e-05
chrM	10157	10157	0
chrM	10158	10158	0.000231932461267279
chrM	10159	10159	0.00375104195609892
chrM	10160	10160	0.0273472697783384
chrM	10161	10161	0.0110066396328149
chrM	10162	10162	0.00518685995478122
chrM	10163	10163	0.00629955947136564
chrM	10164	10164	0
chrM	10165	10165	0.000264258973794318
chrM	10166	10166	0
chrM	10167	10167	0
chrM	10168	10168	4.40412225843389e-05
chrM	10169	10169	0
chrM	10170	10170	0.000132141126723341
chrM	10171	10171	8.80863245981061e-05
chrM	10172	10172	4.40470422411135e-05
chrM	10173	10173	0
chrM	10174	10174	0
chrM	10175	10175	0
chrM	10176	10176	4.40451021846371e-05
chrM	10177	10177	8.80824451686779e-05
chrM	10178	10178	4.40412225843389e-05
chrM	10179	10179	8.80785660809442e-05
chrM	10180	10180	8.807080893038e-05
chrM	10181	10181	0
chrM	10182	10182	4.403540446519e-05
chrM	10183	10183	0.000176110597455202
chrM	10184	10184	0.000747910250769908
chrM	10185	10185	0.000703451307979776
chrM	10186	10186	0.000527310278156172
chrM	10187	10187	0.0208691910499139
chrM	10188	10188	0.00360144057623049
chrM	10189	10189	0.00132733889959323
chrM	10190	10190	0.0209599664640537
chrM	10191	10191	0.0019663626474772
chrM	10192	10192	0.00229577993905748
chrM	10193	10193	0.000959252617091379
chrM	10194	10194	0.000875072922743562
chrM	10195	10195	0.00826514587982478
chrM	10196	10196	0.0490134423394387
chrM	10197	10197	0.00594121325828643
chrM	10198	10198	0.000585983279943746
chrM	10199	10199	0.000273394782065302
chrM	10200	10200	0.000702548690527302
chrM	10201	10201	0
chrM	10202	10202	0.000624122327976283
chrM	10203	10203	0.000585046218651274
chrM	10204	10204	0.000273010920436817
chrM	10205	10205	0.000155981906098893
chrM	10206	10206	0.000311866521128957
chrM	10207	10207	0.000467581047381546
chrM	10208	10208	0
chrM	10209	10209	0
chrM	10210	10210	0
chrM	10211	10211	0
chrM	10212	10212	0
chrM	10213	10213	0
chrM	10214	10214	0.000390243902439024
chrM	10215	10215	0
chrM	10216	10216	0
chrM	10217	10217	0
chrM	10218	10218	0
chrM	10219	10219	0
chrM	10220	10220	3.90350534780233e-05
chrM	10221	10221	3.90381011867583e-05
chrM	10222	10222	0.000312390175328986
chrM	10223	10223	0.000156182890164382
chrM	10224	10224	7.80914450821912e-05
chrM	10225	10225	3.90518217674855e-05
chrM	10226	10226	0
chrM	10227	10227	0
chrM	10228	10228	0
chrM	10229	10229	0
chrM	10230	10230	3.90686044694484e-05
chrM	10231	10231	0
chrM	10232	10232	0
chrM	10233	10233	0
chrM	10234	10234	0
chrM	10235	10235	0
chrM	10236	10236	0
chrM	10237	10237	0
chrM	10238	10238	0
chrM	10239	10239	0.000195817341583771
chrM	10240	10240	0.000313221878548217
chrM	10241	10241	0.000117444409646101
chrM	10242	10242	3.91481365487003e-05
chrM	10243	10243	0.000117430618076486
chrM	10244	10244	0.00541150821459161
chrM	10245	10245	0.000389165628891656
chrM	10246	10246	0.000505659496674316
chrM	10247	10247	0
chrM	10248	10248	0.000233326852031888
chrM	10249	10249	0
chrM	10250	10250	3.89605329800912e-05
chrM	10251	10251	3.89590151160979e-05
chrM	10252	10252	0.000116863386700947
chrM	10253	10253	0.00233181765185962
chrM	10254	10254	0.0124111431316042
chrM	10255	10255	0.00429349076132792
chrM	10256	10256	0.000459928711049787
chrM	10257	10257	0
chrM	10258	10258	0.000153315446531238
chrM	10259	10259	7.6657723265619e-05
chrM	10260	10260	0.000268374036728904
chrM	10261	10261	0
chrM	10262	10262	3.83538526444981e-05
chrM	10263	10263	0.000153474273874842
chrM	10264	10264	3.83685684687104e-05
chrM	10265	10265	0
chrM	10266	10266	3.83670963781461e-05
chrM	10267	10267	0
chrM	10268	10268	0.000115096873201611
chrM	10269	10269	0
chrM	10270	10270	0
chrM	10271	10271	3.84113082891603e-05
chrM	10272	10272	3.84098329172268e-05
chrM	10273	10273	3.84245917387128e-05
chrM	10274	10274	0
chrM	10275	10275	0
chrM	10276	10276	0
chrM	10277	10277	0
chrM	10278	10278	0.000120962864400629
chrM	10279	10279	8.06419096004193e-05
chrM	10280	10280	0.000362771574831714
chrM	10281	10281	0.000926224226804124
chrM	10282	10282	0.00036231884057971
chrM	10283	10283	0
chrM	10284	10284	0
chrM	10285	10285	0
chrM	10286	10286	0
chrM	10287	10287	0
chrM	10288	10288	0
chrM	10289	10289	0
chrM	10290	10290	0
chrM	10291	10291	0.000122254370593749
chrM	10292	10292	0.000534319769831484
chrM	10293	10293	0.000451930977814297
chrM	10294	10294	4.10981423639652e-05
chrM	10295	10295	4.1111659266568e-05
chrM	10296	10296	0
chrM	10297	10297	8.23113013416742e-05
chrM	10298	10298	8.23825019565844e-05
chrM	10299	10299	0.000329978551394159
chrM	10300	10300	0
chrM	10301	10301	0.000123844121532365
chrM	10302	10302	0.000455505403950474
chrM	10303	10303	8.29600132736021e-05
chrM	10304	10304	4.15006640106242e-05
chrM	10305	10305	0.000166175065431432
chrM	10306	10306	0.00045707637330674
chrM	10307	10307	0.00133139172040774
chrM	10308	10308	0.00284019714309581
chrM	10309	10309	0.00133891213389121
chrM	10310	10310	0.00112895132965379
chrM	10311	10311	4.18217556773033e-05
chrM	10312	10312	4.18217556773033e-05
chrM	10313	10313	0.000169283507554277
chrM	10314	10314	0.000257599175682638
chrM	10315	10315	4.32675666320526e-05
chrM	10316	10316	0.000217306271458994
chrM	10317	10317	0.00195575644313095
chrM	10318	10318	0.0067351696744668
chrM	10319	10319	0.0128292558179183
chrM	10320	10320	0.0531373657433578
chrM	10321	10321	0.00378223956866374
chrM	10322	10322	0.000523286237571952
chrM	10323	10323	0.000966183574879227
chrM	10324	10324	8.05509686253977e-05
chrM	10325	10325	0.000362654631905549
chrM	10326	10326	0.00362304255062196
chrM	10327	10327	0.000603986309643648
chrM	10328	10328	0.000323232323232323
chrM	10329	10329	0
chrM	10330	10330	0
chrM	10331	10331	4.06388426057626e-05
chrM	10332	10332	0
chrM	10333	10333	0
chrM	10334	10334	0
chrM	10335	10335	0
chrM	10336	10336	0
chrM	10337	10337	0
chrM	10338	10338	4.07232448281479e-05
chrM	10339	10339	8.14398566658523e-05
chrM	10340	10340	4.07215865130105e-05
chrM	10341	10341	0
chrM	10342	10342	0
chrM	10343	10343	0
chrM	10344	10344	0.000203574773014128
chrM	10345	10345	0
chrM	10346	10346	0
chrM	10347	10347	0
chrM	10348	10348	4.07298794395569e-05
chrM	10349	10349	0.000122179685590942
chrM	10350	10350	0
chrM	10351	10351	4.07282205840427e-05
chrM	10352	10352	0.00373831775700935
chrM	10353	10353	0.000325666598819459
chrM	10354	10354	0.000570148645896966
chrM	10355	10355	0.000855153316773221
chrM	10356	10356	0.0163427561837456
chrM	10357	10357	0.00188452285485164
chrM	10358	10358	0.00104237661869061
chrM	10359	10359	0.0140945443027952
chrM	10360	10360	0.000238000793335978
chrM	10361	10361	0.00206095675954183
chrM	10362	10362	0
chrM	10363	10363	0
chrM	10364	10364	0.000238038562247084
chrM	10365	10365	0.000119407737621398
chrM	10366	10366	0
chrM	10367	10367	7.9827572443522e-05
chrM	10368	10368	0.000159655144887044
chrM	10369	10369	0.000239463601532567
chrM	10370	10370	0.000119727022388953
chrM	10371	10371	0.000598324690865576
chrM	10372	10372	0.000916590284142988
chrM	10373	10373	0.00015938159939435
chrM	10374	10374	7.96939751354798e-05
chrM	10375	10375	0
chrM	10376	10376	3.98644608331672e-05
chrM	10377	10377	3.98660500717589e-05
chrM	10378	10378	0
chrM	10379	10379	0
chrM	10380	10380	0
chrM	10381	10381	0
chrM	10382	10382	0
chrM	10383	10383	3.99520575309628e-05
chrM	10384	10384	3.99552501198657e-05
chrM	10385	10385	0.000239702768566977
chrM	10386	10386	0.000598898027629162
chrM	10387	10387	0.000638442201029488
chrM	10388	10388	0.000638034852653826
chrM	10389	10389	0.000358780147498505
chrM	10390	10390	0.000199282582702272
chrM	10391	10391	3.98549280618548e-05
chrM	10392	10392	0.000279017857142857
chrM	10393	10393	0
chrM	10394	10394	7.97448165869218e-05
chrM	10395	10395	3.98803589232303e-05
chrM	10396	10396	0
chrM	10397	10397	0
chrM	10398	10398	0
chrM	10399	10399	0
chrM	10400	10400	0
chrM	10401	10401	7.98116445189353e-05
chrM	10402	10402	0.000199497266887444
chrM	10403	10403	0.000478583393156257
chrM	10404	10404	0.00167237397467548
chrM	10405	10405	0.000557147405284941
chrM	10406	10406	0.00828925554590669
chrM	10407	10407	0.000434027777777778
chrM	10408	10408	0.000433839479392625
chrM	10409	10409	0.00232246890253503
chrM	10410	10410	0.00133668815851549
chrM	10411	10411	0.0068784929847188
chrM	10412	10412	0.00525067091906188
chrM	10413	10413	0.0312040700960995
chrM	10414	10414	0.09146028157435
chrM	10415	10415	0.0249858035207269
chrM	10416	10416	0.053049726205172
chrM	10417	10417	0.00353278869507618
chrM	10418	10418	0.00141768004536576
chrM	10419	10419	0.000157559715132035
chrM	10420	10420	0
chrM	10421	10421	0
chrM	10422	10422	0
chrM	10423	10423	3.15427562060373e-05
chrM	10424	10424	0
chrM	10425	10425	0
chrM	10426	10426	0
chrM	10427	10427	0
chrM	10428	10428	6.30855124120746e-05
chrM	10429	10429	0
chrM	10430	10430	0
chrM	10431	10431	0
chrM	10432	10432	0
chrM	10433	10433	0
chrM	10434	10434	3.15576874526635e-05
chrM	10435	10435	0.00015781333838336
chrM	10436	10436	0.000567805432005299
chrM	10437	10437	0.0027682531693353
chrM	10438	10438	0.00210334651849061
chrM	10439	10439	0.00428352562298721
chrM	10440	10440	0.000312597686777118
chrM	10441	10441	0.000749789121809491
chrM	10442	10442	0.0197370475625371
chrM	10443	10443	0.0258150933057323
chrM	10444	10444	0.00344438686865608
chrM	10445	10445	0.00134048257372654
chrM	10446	10446	0.000944057008861954
chrM	10447	10447	0.00179396740452445
chrM	10448	10448	0.00320356358310959
chrM	10449	10449	0.00110027812585959
chrM	10450	10450	0.00107968041459728
chrM	10451	10451	0.000402526628684667
chrM	10452	10452	0.000248223649508207
chrM	10453	10453	0.000155250574427125
chrM	10454	10454	9.31590224513244e-05
chrM	10455	10455	0.000496801838166801
chrM	10456	10456	3.10530074837748e-05
chrM	10457	10457	0
chrM	10458	10458	0
chrM	10459	10459	0
chrM	10460	10460	0
chrM	10461	10461	9.34113837339644e-05
chrM	10462	10462	0.000217987045341305
chrM	10463	10463	9.34259288094422e-05
chrM	10464	10464	3.11419762698141e-05
chrM	10465	10465	0
chrM	10466	10466	3.11429461227032e-05
chrM	10467	10467	0.000217953108945418
chrM	10468	10468	3.11429461227032e-05
chrM	10469	10469	0.000155729280219267
chrM	10470	10470	0.000249244477677041
chrM	10471	10471	0.000342636431597309
chrM	10472	10472	0.000155719580180012
chrM	10473	10473	0.000124668848371513
chrM	10474	10474	3.1201248049922e-05
chrM	10475	10475	0
chrM	10476	10476	6.24200243438095e-05
chrM	10477	10477	0.00081128307538692
chrM	10478	10478	3.15875923937078e-05
chrM	10479	10479	6.31711939355654e-05
chrM	10480	10480	9.47687642153146e-05
chrM	10481	10481	0.000694575992927954
chrM	10482	10482	0.00377512819706169
chrM	10483	10483	0.0253610966297648
chrM	10484	10484	0.00314936554043724
chrM	10485	10485	0.00174152153987168
chrM	10486	10486	0.00250144901009731
chrM	10487	10487	0.0087451205858323
chrM	10488	10488	0.00829077801141484
chrM	10489	10489	0.0213122957816962
chrM	10490	10490	0.000353356890459364
chrM	10491	10491	0.000913188205143312
chrM	10492	10492	0.000294802629639456
chrM	10493	10493	0.00117955825543334
chrM	10494	10494	0.00613812385512742
chrM	10495	10495	0.00312610783460634
chrM	10496	10496	0.00100239280863998
chrM	10497	10497	0.000614807144706187
chrM	10498	10498	0.000518067607822821
chrM	10499	10499	0.000226625226625227
chrM	10500	10500	6.47479685324873e-05
chrM	10501	10501	0
chrM	10502	10502	0
chrM	10503	10503	0
chrM	10504	10504	3.26583932070542e-05
chrM	10505	10505	0
chrM	10506	10506	0
chrM	10507	10507	0
chrM	10508	10508	0
chrM	10509	10509	0
chrM	10510	10510	0
chrM	10511	10511	0
chrM	10512	10512	0.000692132757654659
chrM	10513	10513	0
chrM	10514	10514	6.59304433822317e-05
chrM	10515	10515	6.59304433822317e-05
chrM	10516	10516	6.59304433822317e-05
chrM	10517	10517	0.000263652242691889
chrM	10518	10518	6.59239237919441e-05
chrM	10519	10519	0.000131830466020697
chrM	10520	10520	6.59130606729723e-05
chrM	10521	10521	6.59130606729723e-05
chrM	10522	10522	0
chrM	10523	10523	6.59087164277476e-05
chrM	10524	10524	0.00154645959463017
chrM	10525	10525	0.00105183578213851
chrM	10526	10526	0.000164322334691731
chrM	10527	10527	6.57246138678935e-05
chrM	10528	10528	0
chrM	10529	10529	0.000295828813726457
chrM	10530	10530	6.57916378828251e-05
chrM	10531	10531	3.30775337390844e-05
chrM	10532	10532	0
chrM	10533	10533	3.34963488979701e-05
chrM	10534	10534	6.70196367535688e-05
chrM	10535	10535	0.000167695197209552
chrM	10536	10536	0
chrM	10537	10537	3.35705653283201e-05
chrM	10538	10538	3.35705653283201e-05
chrM	10539	10539	0
chrM	10540	10540	0
chrM	10541	10541	0
chrM	10542	10542	0
chrM	10543	10543	3.3572819445377e-05
chrM	10544	10544	0.000268510438343291
chrM	10545	10545	0.000536732640053673
chrM	10546	10546	0.000100630618542869
chrM	10547	10547	0.000134156157767642
chrM	10548	10548	0
chrM	10549	10549	3.35424143829873e-05
chrM	10550	10550	0
chrM	10551	10551	0.000234773276093373
chrM	10552	10552	3.35446647210761e-05
chrM	10553	10553	0
chrM	10554	10554	6.71231037723184e-05
chrM	10555	10555	3.35626783017285e-05
chrM	10556	10556	3.35615518861592e-05
chrM	10557	10557	3.37393299369075e-05
chrM	10558	10558	6.83807439824945e-05
chrM	10559	10559	0
chrM	10560	10560	0
chrM	10561	10561	7.01902154839615e-05
chrM	10562	10562	0
chrM	10563	10563	0
chrM	10564	10564	0
chrM	10565	10565	0
chrM	10566	10566	0
chrM	10567	10567	0
chrM	10568	10568	0
chrM	10569	10569	0
chrM	10570	10570	0
chrM	10571	10571	7.07113562438128e-05
chrM	10572	10572	3.53544281421248e-05
chrM	10573	10573	0.000353419332037462
chrM	10574	10574	0.00116496628658171
chrM	10575	10575	0.000423444722820142
chrM	10576	10576	0.00017648512230419
chrM	10577	10577	7.05915572497529e-05
chrM	10578	10578	0.000141322781232335
chrM	10579	10579	7.06763728885434e-05
chrM	10580	10580	3.53444314848196e-05
chrM	10581	10581	0.00162463798827435
chrM	10582	10582	7.08466170740347e-05
chrM	10583	10583	0.000141728377564398
chrM	10584	10584	7.08817692089595e-05
chrM	10585	10585	0.000709698023491005
chrM	10586	10586	0.000744707259122664
chrM	10587	10587	0.000461156438453352
chrM	10588	10588	0.00269408011343495
chrM	10589	10589	0.000143005255443138
chrM	10590	10590	0.000179102339076548
chrM	10591	10591	0.000179147259046937
chrM	10592	10592	0.0162916989914663
chrM	10593	10593	0.00119815343411918
chrM	10594	10594	0.0014780925567482
chrM	10595	10595	0
chrM	10596	10596	0.00154711673699015
chrM	10597	10597	3.51617440225035e-05
chrM	10598	10598	7.03210154354629e-05
chrM	10599	10599	0.0011601335911408
chrM	10600	10600	0.000211156079535457
chrM	10601	10601	3.52249110570996e-05
chrM	10602	10602	7.04547856413147e-05
chrM	10603	10603	3.52311161217587e-05
chrM	10604	10604	0
chrM	10605	10605	0
chrM	10606	10606	3.52982703847511e-05
chrM	10607	10607	0
chrM	10608	10608	0
chrM	10609	10609	0
chrM	10610	10610	0
chrM	10611	10611	0
chrM	10612	10612	0
chrM	10613	10613	0.00208090854583289
chrM	10614	10614	0.00010584250635055
chrM	10615	10615	0.00031748271482997
chrM	10616	10616	0.00140904607580668
chrM	10617	10617	0.00151254001195962
chrM	10618	10618	0.000773368017717158
chrM	10619	10619	0.000421659229066376
chrM	10620	10620	0.000140533323964445
chrM	10621	10621	0.00038899497842846
chrM	10622	10622	0.00021318173743116
chrM	10623	10623	3.55985902958243e-05
chrM	10624	10624	0.000213698044662891
chrM	10625	10625	0.00682992426923349
chrM	10626	10626	0.000743178681388683
chrM	10627	10627	0.000106175898071138
chrM	10628	10628	0
chrM	10629	10629	7.07914483930341e-05
chrM	10630	10630	0.000426090970422185
chrM	10631	10631	0.00490056818181818
chrM	10632	10632	7.11161682608541e-05
chrM	10633	10633	0.000284565859211041
chrM	10634	10634	0.000462337292837328
chrM	10635	10635	0.000640957162696293
chrM	10636	10636	0.000107442160303703
chrM	10637	10637	0
chrM	10638	10638	0.000107658077944448
chrM	10639	10639	0.000430632311777794
chrM	10640	10640	0.00389661459264291
chrM	10641	10641	0.000178942094338272
chrM	10642	10642	0
chrM	10643	10643	0
chrM	10644	10644	0
chrM	10645	10645	0
chrM	10646	10646	0
chrM	10647	10647	0
chrM	10648	10648	0
chrM	10649	10649	0
chrM	10650	10650	0.000179526767441025
chrM	10651	10651	0
chrM	10652	10652	3.5954409808363e-05
chrM	10653	10653	0
chrM	10654	10654	3.59673416537784e-05
chrM	10655	10655	3.59751052271828e-05
chrM	10656	10656	3.60802424592293e-05
chrM	10657	10657	0
chrM	10658	10658	3.61820681670164e-05
chrM	10659	10659	0.000325874429719748
chrM	10660	10660	0.000687733014804358
chrM	10661	10661	0.00177131909048187
chrM	10662	10662	0.00587218099286692
chrM	10663	10663	0.00255524364788023
chrM	10664	10664	0.00172668081585669
chrM	10665	10665	0.00290655949476102
chrM	10666	10666	0.00429645542427497
chrM	10667	10667	0.000681272186166589
chrM	10668	10668	0.000107948616458566
chrM	10669	10669	0
chrM	10670	10670	0
chrM	10671	10671	0
chrM	10672	10672	0
chrM	10673	10673	0
chrM	10674	10674	0
chrM	10675	10675	0
chrM	10676	10676	0
chrM	10677	10677	0.00018254837531946
chrM	10678	10678	0
chrM	10679	10679	0.000146033368624731
chrM	10680	10680	0.000948316737790422
chrM	10681	10681	0.00207483983692487
chrM	10682	10682	0.000509442887813398
chrM	10683	10683	0.000690934215789665
chrM	10684	10684	0.000145449256390677
chrM	10685	10685	0.000109134562916076
chrM	10686	10686	0.000220929376242728
chrM	10687	10687	0.000665090156665681
chrM	10688	10688	0.00346007604562738
chrM	10689	10689	0.00815289522581624
chrM	10690	10690	0.000380676843427614
chrM	10691	10691	0.000380821813473476
chrM	10692	10692	0.00733736762481089
chrM	10693	10693	0.00335621087563165
chrM	10694	10694	0.0022206330686138
chrM	10695	10695	0.00177004481602832
chrM	10696	10696	0.00316003310510872
chrM	10697	10697	0.00792079207920792
chrM	10698	10698	0.00642692622037298
chrM	10699	10699	0.0138252227804467
chrM	10700	10700	0.0824535982888291
chrM	10701	10701	0.00214051441394787
chrM	10702	10702	0.000901213171577123
chrM	10703	10703	0.00100739917323792
chrM	10704	10704	0.00240392990279762
chrM	10705	10705	0.000595488300406333
chrM	10706	10706	0.000421141292903769
chrM	10707	10707	0.000140622253471612
chrM	10708	10708	0
chrM	10709	10709	7.03482237073514e-05
chrM	10710	10710	3.51790614226412e-05
chrM	10711	10711	0
chrM	10712	10712	0
chrM	10713	10713	0
chrM	10714	10714	3.52733686067019e-05
chrM	10715	10715	0
chrM	10716	10716	0
chrM	10717	10717	3.5272124440055e-05
chrM	10718	10718	0
chrM	10719	10719	0
chrM	10720	10720	0
chrM	10721	10721	7.05542032666596e-05
chrM	10722	10722	3.527585720333e-05
chrM	10723	10723	0
chrM	10724	10724	7.07814269535674e-05
chrM	10725	10725	0
chrM	10726	10726	0.000106164625946635
chrM	10727	10727	0.000389118822738689
chrM	10728	10728	0.000530353922851183
chrM	10729	10729	0.000106168383055526
chrM	10730	10730	0.000601301641199774
chrM	10731	10731	0.000565910939765854
chrM	10732	10732	0.00653687148863998
chrM	10733	10733	0.00671829143241045
chrM	10734	10734	0.000955752212389381
chrM	10735	10735	0.000991360997025917
chrM	10736	10736	0.00349403543446037
chrM	10737	10737	0.00878205801056646
chrM	10738	10738	0.000314872476646958
chrM	10739	10739	0.000596868197458044
chrM	10740	10740	0
chrM	10741	10741	0
chrM	10742	10742	0
chrM	10743	10743	0
chrM	10744	10744	0
chrM	10745	10745	0
chrM	10746	10746	0.000106160869103648
chrM	10747	10747	0.000141552834595513
chrM	10748	10748	3.54057498937827e-05
chrM	10749	10749	0
chrM	10750	10750	0
chrM	10751	10751	0
chrM	10752	10752	0
chrM	10753	10753	0
chrM	10754	10754	0
chrM	10755	10755	0
chrM	10756	10756	0
chrM	10757	10757	7.10883628350039e-05
chrM	10758	10758	3.55467083748045e-05
chrM	10759	10759	3.55454448512423e-05
chrM	10760	10760	0
chrM	10761	10761	0.000142171672294295
chrM	10762	10762	0.00131350065675033
chrM	10763	10763	0.00102847820690144
chrM	10764	10764	0.000602559103959168
chrM	10765	10765	0.000141758514370769
chrM	10766	10766	0.000885614084806405
chrM	10767	10767	0
chrM	10768	10768	0.000318866253321523
chrM	10769	10769	0.00067320979343089
chrM	10770	10770	0.000744311334798327
chrM	10771	10771	0.000248306197013231
chrM	10772	10772	0
chrM	10773	10773	0
chrM	10774	10774	0
chrM	10775	10775	0
chrM	10776	10776	0
chrM	10777	10777	0
chrM	10778	10778	0
chrM	10779	10779	0
chrM	10780	10780	0
chrM	10781	10781	0
chrM	10782	10782	0
chrM	10783	10783	0
chrM	10784	10784	3.58217509671873e-05
chrM	10785	10785	0.000143869366615113
chrM	10786	10786	0.0001438486711979
chrM	10787	10787	0.000107878744291416
chrM	10788	10788	0.000107878744291416
chrM	10789	10789	0.000143822810297713
chrM	10790	10790	7.19114051488566e-05
chrM	10791	10791	0
chrM	10792	10792	0
chrM	10793	10793	3.59725169970143e-05
chrM	10794	10794	0
chrM	10795	10795	0.000107960270620412
chrM	10796	10796	0
chrM	10797	10797	0
chrM	10798	10798	0
chrM	10799	10799	0
chrM	10800	10800	0
chrM	10801	10801	0
chrM	10802	10802	3.61036897970973e-05
chrM	10803	10803	0.000288787813154285
chrM	10804	10804	7.2202166064982e-05
chrM	10805	10805	0.000253604811245562
chrM	10806	10806	0.00174774249927177
chrM	10807	10807	0.0133582976271919
chrM	10808	10808	0.0905004101722724
chrM	10809	10809	0.0688293802601377
chrM	10810	10810	0.0177722980694052
chrM	10811	10811	0.0144669749792482
chrM	10812	10812	0.00448960302457467
chrM	10813	10813	0.000236735418577812
chrM	10814	10814	8.91503967192654e-05
chrM	10815	10815	0.0016726403823178
chrM	10816	10816	0.00012063817595078
chrM	10817	10817	0.000213564389663484
chrM	10818	10818	0.000154899470243812
chrM	10819	10819	0.000310694090598397
chrM	10820	10820	6.22994735694483e-05
chrM	10821	10821	3.1324395439168e-05
chrM	10822	10822	0
chrM	10823	10823	0
chrM	10824	10824	0
chrM	10825	10825	0.000283866897965621
chrM	10826	10826	6.31771804024386e-05
chrM	10827	10827	6.3213123044344e-05
chrM	10828	10828	0.000253140524633737
chrM	10829	10829	0.000443543277151185
chrM	10830	10830	0.000190114068441065
chrM	10831	10831	0.000190144192679449
chrM	10832	10832	0.00557989975095363
chrM	10833	10833	0.000787922720539569
chrM	10834	10834	0.000724455083784805
chrM	10835	10835	0.000126004095133092
chrM	10836	10836	0.00370486656200942
chrM	10837	10837	0.000879203692655509
chrM	10838	10838	0.000313912606730286
chrM	10839	10839	6.29564341475699e-05
chrM	10840	10840	0.000220882900508031
chrM	10841	10841	0.000189747319819108
chrM	10842	10842	0.000538537079861881
chrM	10843	10843	0.00792898660601466
chrM	10844	10844	0.00512981904012589
chrM	10845	10845	0.00352079469365943
chrM	10846	10846	0.00188353476691257
chrM	10847	10847	0.000533450483243379
chrM	10848	10848	9.41294593831383e-05
chrM	10849	10849	0.000250988266298551
chrM	10850	10850	0.000847111975653374
chrM	10851	10851	9.42862530643032e-05
chrM	10852	10852	0
chrM	10853	10853	0
chrM	10854	10854	0
chrM	10855	10855	3.14811899889816e-05
chrM	10856	10856	6.29584159662543e-05
chrM	10857	10857	0.000188845524361073
chrM	10858	10858	3.14752447200277e-05
chrM	10859	10859	0
chrM	10860	10860	0
chrM	10861	10861	0
chrM	10862	10862	0.00401392329643451
chrM	10863	10863	0.000188176258428728
chrM	10864	10864	0.000125439036628199
chrM	10865	10865	0.000752068187515668
chrM	10866	10866	0.00162718653190224
chrM	10867	10867	0.00118801975864441
chrM	10868	10868	0.000437636761487965
chrM	10869	10869	0.00271391583741461
chrM	10870	10870	0
chrM	10871	10871	0
chrM	10872	10872	0
chrM	10873	10873	0
chrM	10874	10874	0
chrM	10875	10875	0
chrM	10876	10876	0
chrM	10877	10877	0
chrM	10878	10878	0
chrM	10879	10879	0
chrM	10880	10880	0
chrM	10881	10881	0
chrM	10882	10882	0
chrM	10883	10883	0
chrM	10884	10884	0
chrM	10885	10885	0
chrM	10886	10886	3.16766448097817e-05
chrM	10887	10887	3.1675641431739e-05
chrM	10888	10888	0.00132865141880991
chrM	10889	10889	0.000189777327935223
chrM	10890	10890	6.33111744222855e-05
chrM	10891	10891	0.000158257897069064
chrM	10892	10892	0.000126602310492166
chrM	10893	10893	0.000126594296926923
chrM	10894	10894	9.49457226951926e-05
chrM	10895	10895	0.00404040404040404
chrM	10896	10896	0.000288739172281039
chrM	10897	10897	0.000225036970359416
chrM	10898	10898	0.000129849050478818
chrM	10899	10899	0.000165815480533263
chrM	10900	10900	0.000167492965295458
chrM	10901	10901	0.000100735368187771
chrM	10902	10902	0
chrM	10903	10903	0.000269260543233146
chrM	10904	10904	0.000102127659574468
chrM	10905	10905	0.00176732488189512
chrM	10906	10906	0
chrM	10907	10907	3.405762550235e-05
chrM	10908	10908	3.40703894245511e-05
chrM	10909	10909	0
chrM	10910	10910	0.00129821324860784
chrM	10911	10911	0.000103423311614438
chrM	10912	10912	0.00020746887966805
chrM	10913	10913	0.000484345268984605
chrM	10914	10914	0.00152149106124002
chrM	10915	10915	0.000207504755317309
chrM	10916	10916	0
chrM	10917	10917	0.000795489918029952
chrM	10918	10918	0.00207569362762056
chrM	10919	10919	0.00937049495434887
chrM	10920	10920	0.0387054161162484
chrM	10921	10921	0.0112043902917061
chrM	10922	10922	0.00176286236615304
chrM	10923	10923	0.000195937561230488
chrM	10924	10924	0.000228549040094032
chrM	10925	10925	0.001402890607158
chrM	10926	10926	0.000296120817293456
chrM	10927	10927	6.58913451718117e-05
chrM	10928	10928	0
chrM	10929	10929	3.31532009415509e-05
chrM	10930	10930	0
chrM	10931	10931	0
chrM	10932	10932	0
chrM	10933	10933	0
chrM	10934	10934	3.33889816360601e-05
chrM	10935	10935	0.00216616122904656
chrM	10936	10936	3.33244468141829e-05
chrM	10937	10937	0
chrM	10938	10938	0.000666111573688593
chrM	10939	10939	6.66155947107218e-05
chrM	10940	10940	0
chrM	10941	10941	3.35176805765041e-05
chrM	10942	10942	6.73945275643618e-05
chrM	10943	10943	3.38031977825102e-05
chrM	10944	10944	0.000270736742360148
chrM	10945	10945	6.79232467311938e-05
chrM	10946	10946	0
chrM	10947	10947	0
chrM	10948	10948	0
chrM	10949	10949	0
chrM	10950	10950	0
chrM	10951	10951	0
chrM	10952	10952	0
chrM	10953	10953	0
chrM	10954	10954	0
chrM	10955	10955	0
chrM	10956	10956	0
chrM	10957	10957	0
chrM	10958	10958	3.496381245411e-05
chrM	10959	10959	3.49784882297387e-05
chrM	10960	10960	0.000104972182371672
chrM	10961	10961	3.49919518510743e-05
chrM	10962	10962	3.49919518510743e-05
chrM	10963	10963	0.000104968509447166
chrM	10964	10964	3.49919518510743e-05
chrM	10965	10965	0.000139958012596221
chrM	10966	10966	0
chrM	10967	10967	0.000105005250262513
chrM	10968	10968	0.000245149541220144
chrM	10969	10969	0.000490384952187467
chrM	10970	10970	0.000105086170659941
chrM	10971	10971	0.000210150257434065
chrM	10972	10972	0
chrM	10973	10973	0
chrM	10974	10974	0
chrM	10975	10975	0
chrM	10976	10976	0
chrM	10977	10977	0
chrM	10978	10978	0
chrM	10979	10979	0
chrM	10980	10980	0
chrM	10981	10981	0
chrM	10982	10982	0
chrM	10983	10983	0
chrM	10984	10984	0
chrM	10985	10985	0
chrM	10986	10986	0
chrM	10987	10987	0
chrM	10988	10988	3.81533765738268e-05
chrM	10989	10989	0
chrM	10990	10990	0
chrM	10991	10991	0
chrM	10992	10992	0
chrM	10993	10993	0
chrM	10994	10994	0
chrM	10995	10995	0
chrM	10996	10996	0
chrM	10997	10997	0
chrM	10998	10998	0
chrM	10999	10999	0.000473055544605196
chrM	11000	11000	0.000315743773927458
chrM	11001	11001	0.000236751765773586
chrM	11002	11002	0.000236770451047709
chrM	11003	11003	0.000434233380704248
chrM	11004	11004	0.000237699072973615
chrM	11005	11005	0
chrM	11006	11006	3.97282587104207e-05
chrM	11007	11007	3.97551085314463e-05
chrM	11008	11008	0
chrM	11009	11009	0
chrM	11010	11010	8.10011745170305e-05
chrM	11011	11011	0
chrM	11012	11012	0
chrM	11013	11013	0
chrM	11014	11014	0
chrM	11015	11015	0
chrM	11016	11016	8.73515024458421e-05
chrM	11017	11017	0.000742034046268005
chrM	11018	11018	8.73438728273212e-05
chrM	11019	11019	0
chrM	11020	11020	8.74699322108025e-05
chrM	11021	11021	4.37483594365211e-05
chrM	11022	11022	0
chrM	11023	11023	0
chrM	11024	11024	0
chrM	11025	11025	0.000131406044678055
chrM	11026	11026	0
chrM	11027	11027	0
chrM	11028	11028	0
chrM	11029	11029	0
chrM	11030	11030	0
chrM	11031	11031	0
chrM	11032	11032	0
chrM	11033	11033	0
chrM	11034	11034	0
chrM	11035	11035	0
chrM	11036	11036	0
chrM	11037	11037	0
chrM	11038	11038	0
chrM	11039	11039	0
chrM	11040	11040	0.00017734426956329
chrM	11041	11041	4.43341017910977e-05
chrM	11042	11042	0
chrM	11043	11043	0.000177801484642397
chrM	11044	11044	4.44721159832785e-05
chrM	11045	11045	0
chrM	11046	11046	0
chrM	11047	11047	0
chrM	11048	11048	0
chrM	11049	11049	0
chrM	11050	11050	0
chrM	11051	11051	0
chrM	11052	11052	0
chrM	11053	11053	0
chrM	11054	11054	0
chrM	11055	11055	4.52488687782805e-05
chrM	11056	11056	0
chrM	11057	11057	0
chrM	11058	11058	4.53083231389606e-05
chrM	11059	11059	0
chrM	11060	11060	0
chrM	11061	11061	4.55871626549964e-05
chrM	11062	11062	0
chrM	11063	11063	0
chrM	11064	11064	9.13826190258613e-05
chrM	11065	11065	0
chrM	11066	11066	0
chrM	11067	11067	0
chrM	11068	11068	0
chrM	11069	11069	0
chrM	11070	11070	4.57875457875458e-05
chrM	11071	11071	0
chrM	11072	11072	0
chrM	11073	11073	0
chrM	11074	11074	0
chrM	11075	11075	0
chrM	11076	11076	0
chrM	11077	11077	0
chrM	11078	11078	0
chrM	11079	11079	0
chrM	11080	11080	0
chrM	11081	11081	4.58085203847916e-05
chrM	11082	11082	4.58106189014614e-05
chrM	11083	11083	0
chrM	11084	11084	0
chrM	11085	11085	0
chrM	11086	11086	0
chrM	11087	11087	0
chrM	11088	11088	0
chrM	11089	11089	0
chrM	11090	11090	0
chrM	11091	11091	0
chrM	11092	11092	0
chrM	11093	11093	0
chrM	11094	11094	0
chrM	11095	11095	0
chrM	11096	11096	0
chrM	11097	11097	0
chrM	11098	11098	0
chrM	11099	11099	0
chrM	11100	11100	0
chrM	11101	11101	4.58989305549181e-05
chrM	11102	11102	0
chrM	11103	11103	0
chrM	11104	11104	0
chrM	11105	11105	0
chrM	11106	11106	0
chrM	11107	11107	9.21871398939848e-05
chrM	11108	11108	4.60999446800664e-05
chrM	11109	11109	0
chrM	11110	11110	0
chrM	11111	11111	0
chrM	11112	11112	0
chrM	11113	11113	0
chrM	11114	11114	0
chrM	11115	11115	0
chrM	11116	11116	0
chrM	11117	11117	0.000184945441094877
chrM	11118	11118	4.62384981735793e-05
chrM	11119	11119	4.62406362711551e-05
chrM	11120	11120	0
chrM	11121	11121	0.000277379686560954
chrM	11122	11122	0
chrM	11123	11123	0
chrM	11124	11124	9.24598955203181e-05
chrM	11125	11125	0
chrM	11126	11126	0
chrM	11127	11127	0
chrM	11128	11128	0.000138747571917491
chrM	11129	11129	4.6279155868197e-05
chrM	11130	11130	4.62812977275883e-05
chrM	11131	11131	0
chrM	11132	11132	0
chrM	11133	11133	0
chrM	11134	11134	0
chrM	11135	11135	4.63499420625724e-05
chrM	11136	11136	0
chrM	11137	11137	0
chrM	11138	11138	0
chrM	11139	11139	4.64511334076551e-05
chrM	11140	11140	0
chrM	11141	11141	0
chrM	11142	11142	4.6455449224194e-05
chrM	11143	11143	0
chrM	11144	11144	0
chrM	11145	11145	0
chrM	11146	11146	0
chrM	11147	11147	0
chrM	11148	11148	0
chrM	11149	11149	0
chrM	11150	11150	0
chrM	11151	11151	4.64576074332172e-05
chrM	11152	11152	9.29065824313653e-05
chrM	11153	11153	4.64511334076551e-05
chrM	11154	11154	9.28936367858802e-05
chrM	11155	11155	0
chrM	11156	11156	0
chrM	11157	11157	4.6455449224194e-05
chrM	11158	11158	0
chrM	11159	11159	9.29238489058217e-05
chrM	11160	11160	0.000557232412351985
chrM	11161	11161	0.0110228264364121
chrM	11162	11162	0.0106779352962559
chrM	11163	11163	0.00905038497906254
chrM	11164	11164	0.00666428124161374
chrM	11165	11165	0.0104452509515801
chrM	11166	11166	0.000751846446419884
chrM	11167	11167	0.000442067105786658
chrM	11168	11168	0.00422591011137034
chrM	11169	11169	0.000528029569655901
chrM	11170	11170	8.80010560126721e-05
chrM	11171	11171	0.000131989968762374
chrM	11172	11172	0.000483729111697449
chrM	11173	11173	0.00158061116965227
chrM	11174	11174	0.00205932611838934
chrM	11175	11175	0.00109418767507003
chrM	11176	11176	0.000918273645546373
chrM	11177	11177	0.0003933910306845
chrM	11178	11178	0.000829803030964755
chrM	11179	11179	0.000829115028800838
chrM	11180	11180	0.00671839105370378
chrM	11181	11181	0.295025362097415
chrM	11182	11182	0.626039857390986
chrM	11183	11183	0.445143291909713
chrM	11184	11184	0.0411516879548176
chrM	11185	11185	0.00803874033602296
chrM	11186	11186	0.0225469507091237
chrM	11187	11187	0.00657617352197133
chrM	11188	11188	0.0105457727096262
chrM	11189	11189	0.00514227736014389
chrM	11190	11190	0.00536740334659892
chrM	11191	11191	0.00103116406966086
chrM	11192	11192	0.000103109318791101
chrM	11193	11193	0.00015470297029703
chrM	11194	11194	9.16742584411938e-05
chrM	11195	11195	0.000177607681818703
chrM	11196	11196	0.00438889364495049
chrM	11197	11197	0.00181834764070819
chrM	11198	11198	0.000404673696209746
chrM	11199	11199	0.00011398284558174
chrM	11200	11200	1.71034702941227e-05
chrM	11201	11201	0.00166197102934062
chrM	11202	11202	0
chrM	11203	11203	6.26052907162045e-05
chrM	11204	11204	0
chrM	11205	11205	6.260208408029e-05
chrM	11206	11206	9.67398664989842e-05
chrM	11207	11207	2.27621919990895e-05
chrM	11208	11208	1.70717411468796e-05
chrM	11209	11209	1.70714497075092e-05
chrM	11210	11210	0
chrM	11211	11211	0
chrM	11212	11212	2.2761414849547e-05
chrM	11213	11213	5.69035371238676e-06
chrM	11214	11214	1.13805779057461e-05
chrM	11215	11215	1.70705754490984e-05
chrM	11216	11216	3.41401795773446e-05
chrM	11217	11217	5.1209686596718e-05
chrM	11218	11218	2.27593427101825e-05
chrM	11219	11219	2.27630987406316e-05
chrM	11220	11220	2.27625805937619e-05
chrM	11221	11221	0
chrM	11222	11222	1.13812255303651e-05
chrM	11223	11223	2.84525780881006e-05
chrM	11224	11224	0
chrM	11225	11225	0.000147935727616186
chrM	11226	11226	0.000153603713796458
chrM	11227	11227	6.82636569978781e-05
chrM	11228	11228	0.0001706300229213
chrM	11229	11229	9.66809982028709e-05
chrM	11230	11230	0.00220751804603441
chrM	11231	11231	0.00221961756895253
chrM	11232	11232	0.0179341025997498
chrM	11233	11233	0.0379882948332495
chrM	11234	11234	0.174464721054305
chrM	11235	11235	0.463779065085899
chrM	11236	11236	0.0187823322441657
chrM	11237	11237	0.000810730447225862
chrM	11238	11238	6.27424006171993e-05
chrM	11239	11239	3.25467103412523e-05
chrM	11240	11240	0.00012161893513267
chrM	11241	11241	6.09171784100148e-05
chrM	11242	11242	4.68873811990979e-05
chrM	11243	11243	1.1722889645406e-05
chrM	11244	11244	9.37864155066459e-06
chrM	11245	11245	1.64130075429493e-05
chrM	11246	11246	0
chrM	11247	11247	9.38075303995028e-06
chrM	11248	11248	0.000168832569678608
chrM	11249	11249	0.00165516789302044
chrM	11250	11250	0.0020046822648704
chrM	11251	11251	0.000667812377412064
chrM	11252	11252	0.000245122643029062
chrM	11253	11253	5.60254168641174e-05
chrM	11254	11254	9.33770026449036e-06
chrM	11255	11255	0.000692887521259049
chrM	11256	11256	6.06561125030911e-05
chrM	11257	11257	3.49948907459511e-05
chrM	11258	11258	6.9987332292855e-05
chrM	11259	11259	7.9315090862435e-05
chrM	11260	11260	3.0325863062399e-05
chrM	11261	11261	0.000128287962157384
chrM	11262	11262	9.79564420354416e-05
chrM	11263	11263	2.79870326748606e-05
chrM	11264	11264	4.66460335711504e-06
chrM	11265	11265	9.32955486361357e-06
chrM	11266	11266	2.33278046436328e-06
chrM	11267	11267	0
chrM	11268	11268	2.33313968273967e-06
chrM	11269	11269	0
chrM	11270	11270	1.6332130199742e-05
chrM	11271	11271	4.66633380152216e-06
chrM	11272	11272	2.33317234444157e-06
chrM	11273	11273	1.63321683053276e-05
chrM	11274	11274	2.33323222660351e-06
chrM	11275	11275	9.33678483145936e-06
chrM	11276	11276	0
chrM	11277	11277	4.66844690108495e-06
chrM	11278	11278	0
chrM	11279	11279	1.40064523056955e-05
chrM	11280	11280	3.96902294328733e-05
chrM	11281	11281	9.35193433071713e-06
chrM	11282	11282	2.33842642608936e-05
chrM	11283	11283	5.37938712408609e-05
chrM	11284	11284	0.000327744509108956
chrM	11285	11285	0.000821563826848987
chrM	11286	11286	0.00142619332635044
chrM	11287	11287	0.000883136302041961
chrM	11288	11288	0.000481072371032904
chrM	11289	11289	0.00132471954661007
chrM	11290	11290	0.000468571881490944
chrM	11291	11291	0.00127124267463871
chrM	11292	11292	4.42371764574403e-05
chrM	11293	11293	0.00171549313454069
chrM	11294	11294	0.000111579382919521
chrM	11295	11295	0.000552994535112829
chrM	11296	11296	0.00827813420387161
chrM	11297	11297	0.000766168232952178
chrM	11298	11298	0.00324577453434001
chrM	11299	11299	0.00397990672312454
chrM	11300	11300	0.00263550518916239
chrM	11301	11301	0.0228952139064499
chrM	11302	11302	0.125394922745491
chrM	11303	11303	0.00397564246339159
chrM	11304	11304	0.00362170496715856
chrM	11305	11305	0.0931717596631492
chrM	11306	11306	0.00562782985778968
chrM	11307	11307	0.00399714346063709
chrM	11308	11308	0.0185717857658321
chrM	11309	11309	0.00320996029951254
chrM	11310	11310	0.00086635593367179
chrM	11311	11311	0.000550604780753157
chrM	11312	11312	0.000107508096703533
chrM	11313	11313	2.94967179228865e-05
chrM	11314	11314	0.000174194229018796
chrM	11315	11315	9.15864254065695e-05
chrM	11316	11316	1.24804369151355e-05
chrM	11317	11317	7.51928697108082e-06
chrM	11318	11318	7.53448912396495e-06
chrM	11319	11319	7.53861656334574e-06
chrM	11320	11320	1.0054394273017e-05
chrM	11321	11321	0
chrM	11322	11322	7.54255888852852e-06
chrM	11323	11323	1.00580601522287e-05
chrM	11324	11324	5.02971302972309e-06
chrM	11325	11325	1.76058109236511e-05
chrM	11326	11326	3.26979040643495e-05
chrM	11327	11327	7.04237750664624e-05
chrM	11328	11328	4.78011472275335e-05
chrM	11329	11329	8.89044683385787e-05
chrM	11330	11330	3.55691056910569e-05
chrM	11331	11331	8.64567970299547e-05
chrM	11332	11332	0.000739776592553424
chrM	11333	11333	0.00123697619011333
chrM	11334	11334	0.000614459605628653
chrM	11335	11335	0.000226896519716792
chrM	11336	11336	0.00083367962440539
chrM	11337	11337	0.000147400704937406
chrM	11338	11338	3.10818021228871e-05
chrM	11339	11339	0.000443894119571058
chrM	11340	11340	0.000281604205289466
chrM	11341	11341	3.14454696249866e-05
chrM	11342	11342	6.12234576346983e-05
chrM	11343	11343	3.23168777587168e-05
chrM	11344	11344	3.08232900779829e-05
chrM	11345	11345	1.40452594440325e-05
chrM	11346	11346	8.43770303222921e-06
chrM	11347	11347	5.62766786629787e-06
chrM	11348	11348	1.40775277608847e-05
chrM	11349	11349	5.63180392311461e-06
chrM	11350	11350	1.40836342536519e-05
chrM	11351	11351	5.63473929469968e-05
chrM	11352	11352	2.81926005700544e-05
chrM	11353	11353	0
chrM	11354	11354	2.82008691507872e-06
chrM	11355	11355	1.69216667841782e-05
chrM	11356	11356	8.47129783106538e-06
chrM	11357	11357	2.82406897506065e-06
chrM	11358	11358	2.54831895892676e-05
chrM	11359	11359	9.09087848189063e-05
chrM	11360	11360	0.000242553277501162
chrM	11361	11361	0.000162264125430169
chrM	11362	11362	0.00056803389268893
chrM	11363	11363	0.00546942841948665
chrM	11364	11364	0.0907685289227858
chrM	11365	11365	0.385232871758555
chrM	11366	11366	0.00166094833942787
chrM	11367	11367	0.00181839699288233
chrM	11368	11368	1.50322818252197e-05
chrM	11369	11369	0
chrM	11370	11370	2.07068567932609e-05
chrM	11371	11371	1.31900019785003e-05
chrM	11372	11372	3.96052301535363e-05
chrM	11373	11373	0.000179216878834298
chrM	11374	11374	0.00082202886527965
chrM	11375	11375	0.00215291735356775
chrM	11376	11376	0.00122022298682009
chrM	11377	11377	0.00273417208781606
chrM	11378	11378	0.00386186228827018
chrM	11379	11379	0.000523035999820673
chrM	11380	11380	0.000182884292690285
chrM	11381	11381	6.79678738516261e-05
chrM	11382	11382	3.97325432233309e-05
chrM	11383	11383	0.000706751274710241
chrM	11384	11384	0.000221972634758259
chrM	11385	11385	0.00315055205704716
chrM	11386	11386	0.00543894781082351
chrM	11387	11387	0.0028218922629639
chrM	11388	11388	0.00174287296244642
chrM	11389	11389	0.000541164723682054
chrM	11390	11390	0.00121178402807681
chrM	11391	11391	0.00010887503438159
chrM	11392	11392	0.00031560918345746
chrM	11393	11393	9.88216965941393e-05
chrM	11394	11394	0.000119130154576258
chrM	11395	11395	0.000160408454699283
chrM	11396	11396	3.52347022667658e-05
chrM	11397	11397	6.48933094997906e-05
chrM	11398	11398	1.57988178534541e-05
chrM	11399	11399	5.93153818625425e-06
chrM	11400	11400	1.58417723774936e-05
chrM	11401	11401	0.00100236129379883
chrM	11402	11402	0.00323634198402007
chrM	11403	11403	0.00205916238333225
chrM	11404	11404	0.00242488388992449
chrM	11405	11405	0.00643448585964299
chrM	11406	11406	0.0124083200745081
chrM	11407	11407	0.000897911531472478
chrM	11408	11408	0.00137350662634614
chrM	11409	11409	0.0216618819897683
chrM	11410	11410	0.00162299232818912
chrM	11411	11411	0.00339104861511693
chrM	11412	11412	0.000743362229254425
chrM	11413	11413	0.00146370744029191
chrM	11414	11414	0.00931879934548098
chrM	11415	11415	0.0368783840409589
chrM	11416	11416	0.00150454863540938
chrM	11417	11417	0.000459761591368347
chrM	11418	11418	8.72901785548461e-05
chrM	11419	11419	0.000191517094295208
chrM	11420	11420	0.000318123554723763
chrM	11421	11421	0.000147022150096588
chrM	11422	11422	0.00231016042780749
chrM	11423	11423	9.8869345093189e-05
chrM	11424	11424	0.000172140871107652
chrM	11425	11425	1.49733941502692e-05
chrM	11426	11426	9.36447082311826e-06
chrM	11427	11427	5.61931395669007e-06
chrM	11428	11428	1.31141398529343e-05
chrM	11429	11429	0.000148027949175822
chrM	11430	11430	0.00654236240180869
chrM	11431	11431	0.000506477134978019
chrM	11432	11432	0.000424432414722592
chrM	11433	11433	0.00162450210125815
chrM	11434	11434	0.00167207632536638
chrM	11435	11435	0.00416943119422046
chrM	11436	11436	0.062665633649998
chrM	11437	11437	0.000516303406216432
chrM	11438	11438	0.000476385980047223
chrM	11439	11439	8.66294391090335e-05
chrM	11440	11440	0.000546989727393559
chrM	11441	11441	2.09894423105178e-05
chrM	11442	11442	7.00862937491787e-06
chrM	11443	11443	3.01413095512491e-05
chrM	11444	11444	1.41867867814614e-05
chrM	11445	11445	3.5473068846132e-06
chrM	11446	11446	1.06440162001927e-05
chrM	11447	11447	7.28974421887724e-05
chrM	11448	11448	3.56627021629429e-05
chrM	11449	11449	2.67737139246516e-05
chrM	11450	11450	1.07139030748902e-05
chrM	11451	11451	2.50054922777682e-05
chrM	11452	11452	4.46521862603437e-05
chrM	11453	11453	1.96469970458061e-05
chrM	11454	11454	2.32196759962134e-05
chrM	11455	11455	0.00147132532458083
chrM	11456	11456	0.00128406694437091
chrM	11457	11457	0.00113994899943813
chrM	11458	11458	0.00483426283786336
chrM	11459	11459	0.0208878250999358
chrM	11460	11460	0.0446997708484017
chrM	11461	11461	0.136773934848916
chrM	11462	11462	0.0212397001831889
chrM	11463	11463	0.00864507716987628
chrM	11464	11464	0.00978644968787234
chrM	11465	11465	0.0112867370741327
chrM	11466	11466	0.00132960633287772
chrM	11467	11467	1.80464252492457e-05
chrM	11468	11468	2.43467675318464e-05
chrM	11469	11469	6.04885051677346e-05
chrM	11470	11470	4.81938268089115e-05
chrM	11471	11471	5.13920230236263e-05
chrM	11472	11472	3.79072362544808e-05
chrM	11473	11473	2.62166304003279e-05
chrM	11474	11474	1.20661902934739e-05
chrM	11475	11475	2.92510274423389e-05
chrM	11476	11476	7.58454319030353e-05
chrM	11477	11477	3.6768130365083e-05
chrM	11478	11478	4.42007401168373e-05
chrM	11479	11479	0.00099098403718929
chrM	11480	11480	9.0144682214955e-05
chrM	11481	11481	1.50452485851197e-05
chrM	11482	11482	0
chrM	11483	11483	0.000100662611641128
chrM	11484	11484	1.25967112506267e-05
chrM	11485	11485	2.52548849261168e-06
chrM	11486	11486	7.58656268018086e-06
chrM	11487	11487	1.52139075400126e-05
chrM	11488	11488	7.61456107131798e-06
chrM	11489	11489	1.26943827356395e-05
chrM	11490	11490	2.031235321151e-05
chrM	11491	11491	9.39510743432312e-05
chrM	11492	11492	0.000662492036135006
chrM	11493	11493	0.000581221224473221
chrM	11494	11494	0.000284231496402695
chrM	11495	11495	6.09138601874624e-05
chrM	11496	11496	2.03070424823329e-05
chrM	11497	11497	3.04795190331897e-05
chrM	11498	11498	7.62075079636846e-06
chrM	11499	11499	2.28713739342575e-05
chrM	11500	11500	5.59740890853071e-05
chrM	11501	11501	1.52717221157444e-05
chrM	11502	11502	1.27333708543328e-05
chrM	11503	11503	2.54708931368678e-06
chrM	11504	11504	0
chrM	11505	11505	0
chrM	11506	11506	0
chrM	11507	11507	0
chrM	11508	11508	5.09573614278253e-06
chrM	11509	11509	1.78371215982061e-05
chrM	11510	11510	1.01936019857137e-05
chrM	11511	11511	3.56776978710608e-05
chrM	11512	11512	1.52920787032317e-05
chrM	11513	11513	7.64826155014965e-06
chrM	11514	11514	0
chrM	11515	11515	2.54954401405309e-06
chrM	11516	11516	0
chrM	11517	11517	1.02009588901357e-05
chrM	11518	11518	0
chrM	11519	11519	2.55257018291718e-06
chrM	11520	11520	2.32178973872126e-05
chrM	11521	11521	1.05439352602375e-05
chrM	11522	11522	1.84718014756331e-05
chrM	11523	11523	7.92091755909005e-06
chrM	11524	11524	7.93300314411358e-06
chrM	11525	11525	7.9882625795165e-05
chrM	11526	11526	3.60299436547112e-05
chrM	11527	11527	0.000985294831628821
chrM	11528	11528	7.21162513972524e-05
chrM	11529	11529	0.000399900630752359
chrM	11530	11530	0.00752412759037853
chrM	11531	11531	0.0420267756131858
chrM	11532	11532	0.0160709045688548
chrM	11533	11533	0.0156347414659421
chrM	11534	11534	0.00508066951997219
chrM	11535	11535	0.00701372150407585
chrM	11536	11536	0.000119178078209887
chrM	11537	11537	1.77215414196727e-05
chrM	11538	11538	0.000255282679981887
chrM	11539	11539	2.47027945036282e-05
chrM	11540	11540	9.33526677080675e-06
chrM	11541	11541	1.25705522243592e-05
chrM	11542	11542	6.29647586245978e-06
chrM	11543	11543	1.57576101378161e-05
chrM	11544	11544	3.15390753373893e-06
chrM	11545	11545	9.78334621999905e-05
chrM	11546	11546	8.23298068732723e-05
chrM	11547	11547	4.82526120747336e-05
chrM	11548	11548	6.52277426635096e-06
chrM	11549	11549	0
chrM	11550	11550	0
chrM	11551	11551	6.54977501522823e-06
chrM	11552	11552	0
chrM	11553	11553	0.000134391860442248
chrM	11554	11554	0.000869029114115
chrM	11555	11555	0.000904906165165047
chrM	11556	11556	0.00137958153785657
chrM	11557	11557	0.00259334233754002
chrM	11558	11558	0.00153182872260509
chrM	11559	11559	0.00427486677641211
chrM	11560	11560	0.00820256891158593
chrM	11561	11561	0.0465053862954874
chrM	11562	11562	0.0010840192576487
chrM	11563	11563	3.44852450176659e-05
chrM	11564	11564	3.14732634626884e-05
chrM	11565	11565	0.000988727249826815
chrM	11566	11566	0.0216159004156548
chrM	11567	11567	0.0021580642967122
chrM	11568	11568	0.000441049947353545
chrM	11569	11569	0.000546400314726581
chrM	11570	11570	0.000353025711518635
chrM	11571	11571	0.00146364907375044
chrM	11572	11572	0.0300972755575476
chrM	11573	11573	0.000702595970975518
chrM	11574	11574	0.000172768108825722
chrM	11575	11575	5.76295451512321e-05
chrM	11576	11576	0.00143838215671633
chrM	11577	11577	6.13184697362693e-06
chrM	11578	11578	3.37923979392781e-05
chrM	11579	11579	5.84334903861531e-05
chrM	11580	11580	8.92920373055974e-05
chrM	11581	11581	2.46507299697412e-05
chrM	11582	11582	7.39729320712729e-05
chrM	11583	11583	7.08961894839374e-05
chrM	11584	11584	0.000499203431561367
chrM	11585	11585	0.000535938693541631
chrM	11586	11586	0.00212895564265541
chrM	11587	11587	0.00097154838987376
chrM	11588	11588	0.000454370043943185
chrM	11589	11589	0.000803112451367947
chrM	11590	11590	0.000297286065914394
chrM	11591	11591	0.000109475419548446
chrM	11592	11592	5.5184950739316e-05
chrM	11593	11593	0.000874862078646184
chrM	11594	11594	2.63622703187198e-05
chrM	11595	11595	9.91951963072935e-06
chrM	11596	11596	6.63490757573747e-05
chrM	11597	11597	5.3353607704261e-05
chrM	11598	11598	0.00027840017173601
chrM	11599	11599	0.000812579537098285
chrM	11600	11600	0.000365949874939148
chrM	11601	11601	0.000194721699047542
chrM	11602	11602	0.000775227339924569
chrM	11603	11603	0.000256830423191425
chrM	11604	11604	1.83848538220273e-05
chrM	11605	11605	0.000239552336571033
chrM	11606	11606	0.0245738387828113
chrM	11607	11607	0.00451427811449091
chrM	11608	11608	0.00213329211029739
chrM	11609	11609	0.00167082758299865
chrM	11610	11610	0.00409428895201726
chrM	11611	11611	0.0109601913219624
chrM	11612	11612	0.00310517182335536
chrM	11613	11613	0.0208618863397355
chrM	11614	11614	0.0953185101791913
chrM	11615	11615	0.260327060040584
chrM	11616	11616	0.247662715411103
chrM	11617	11617	0.236895728920704
chrM	11618	11618	0.0838369057749362
chrM	11619	11619	0.015007324277605
chrM	11620	11620	0.00885835333307665
chrM	11621	11621	0.00512159530312236
chrM	11622	11622	0.001054453036284
chrM	11623	11623	0.000800125509883903
chrM	11624	11624	0.00589674343810562
chrM	11625	11625	5.86550539197313e-05
chrM	11626	11626	1.86746728340971e-05
chrM	11627	11627	4.34776307589745e-06
chrM	11628	11628	0
chrM	11629	11629	0
chrM	11630	11630	4.44341093997396e-06
chrM	11631	11631	1.18681507789216e-05
chrM	11632	11632	1.64068664227513e-05
chrM	11633	11633	1.04422439487196e-05
chrM	11634	11634	5.52123436893783e-05
chrM	11635	11635	1.79259925397994e-05
chrM	11636	11636	2.98797787103589e-06
chrM	11637	11637	4.48234851156147e-06
chrM	11638	11638	1.1957395798769e-05
chrM	11639	11639	2.99211279068376e-06
chrM	11640	11640	3.00507406756308e-06
chrM	11641	11641	0
chrM	11642	11642	0
chrM	11643	11643	1.50551621139856e-06
chrM	11644	11644	1.05388673427601e-05
chrM	11645	11645	1.50562954888327e-05
chrM	11646	11646	1.50588348678286e-05
chrM	11647	11647	3.31306340902177e-05
chrM	11648	11648	0.000264991199582037
chrM	11649	11649	3.01134977731068e-05
chrM	11650	11650	1.05411526599846e-05
chrM	11651	11651	0.000249442533731434
chrM	11652	11652	1.21020688486697e-05
chrM	11653	11653	1.97022833430834e-05
chrM	11654	11654	3.64010301491532e-05
chrM	11655	11655	0.000283678905818603
chrM	11656	11656	7.77017350340364e-05
chrM	11657	11657	0.000121911635398872
chrM	11658	11658	1.37222315397868e-05
chrM	11659	11659	1.06813479250719e-05
chrM	11660	11660	1.37345867415456e-05
chrM	11661	11661	1.22699010125736e-05
chrM	11662	11662	6.14214772479493e-06
chrM	11663	11663	1.53903927012602e-06
chrM	11664	11664	3.08761096101891e-06
chrM	11665	11665	0
chrM	11666	11666	0
chrM	11667	11667	6.22332720854214e-06
chrM	11668	11668	4.04935856602868e-05
chrM	11669	11669	0.000109069944997585
chrM	11670	11670	0.000188579265631818
chrM	11671	11671	0.000155831932144543
chrM	11672	11672	0.000210348196381076
chrM	11673	11673	0.0022688607799656
chrM	11674	11674	0.00186335789836851
chrM	11675	11675	0.00188532648336663
chrM	11676	11676	0.00224209198448149
chrM	11677	11677	3.82851445663011e-05
chrM	11678	11678	1.12533498811164e-05
chrM	11679	11679	8.10902420868087e-06
chrM	11680	11680	1.66199645662355e-06
chrM	11681	11681	3.39097424385513e-06
chrM	11682	11682	3.47879327618836e-06
chrM	11683	11683	1.83944919533295e-06
chrM	11684	11684	0
chrM	11685	11685	1.89361303260234e-05
chrM	11686	11686	6.45369474023879e-05
chrM	11687	11687	2.65832711474669e-05
chrM	11688	11688	6.07888877913117e-05
chrM	11689	11689	0.000913543809268766
chrM	11690	11690	0.000419242466975127
chrM	11691	11691	0.00104871770426161
chrM	11692	11692	0.000902657974687409
chrM	11693	11693	0.0157072804424076
chrM	11694	11694	0.000598597571404139
chrM	11695	11695	0.000857990998755147
chrM	11696	11696	0.00152187869833928
chrM	11697	11697	0.00436587838974295
chrM	11698	11698	0.00577622442524735
chrM	11699	11699	0.000387184937746736
chrM	11700	11700	0.000314275918672665
chrM	11701	11701	0.00023962502633242
chrM	11702	11702	0.000309250219810205
chrM	11703	11703	0.000113358335143918
chrM	11704	11704	0.000148666621129143
chrM	11705	11705	9.45800645135598e-05
chrM	11706	11706	5.31013864772009e-05
chrM	11707	11707	0.000571030105366036
chrM	11708	11708	3.33583520974064e-05
chrM	11709	11709	1.72898704412375e-05
chrM	11710	11710	4.07386499211416e-05
chrM	11711	11711	2.92951012731651e-05
chrM	11712	11712	7.1490700251409e-05
chrM	11713	11713	6.00395059949447e-06
chrM	11714	11714	0
chrM	11715	11715	0
chrM	11716	11716	0
chrM	11717	11717	0
chrM	11718	11718	0
chrM	11719	11719	0
chrM	11720	11720	0
chrM	11721	11721	0
chrM	11722	11722	0
chrM	11723	11723	1.25310927739454e-05
chrM	11724	11724	3.13353889348475e-05
chrM	11725	11725	0.000125345483488866
chrM	11726	11726	0.000125350197113185
chrM	11727	11727	0.000181748672921328
chrM	11728	11728	2.50870206027157e-05
chrM	11729	11729	0.00026978022322745
chrM	11730	11730	0.000150856108415257
chrM	11731	11731	0.000119927538518832
chrM	11732	11732	0.000101629243814908
chrM	11733	11733	9.53379731146916e-05
chrM	11734	11734	1.9077416154756e-05
chrM	11735	11735	7.63242253091131e-05
chrM	11736	11736	7.63426768287252e-05
chrM	11737	11737	8.27261446434821e-05
chrM	11738	11738	0.000184539415073689
chrM	11739	11739	0.000108174835987859
chrM	11740	11740	9.54562810232913e-05
chrM	11741	11741	0.00284328907618492
chrM	11742	11742	0.000145964092833163
chrM	11743	11743	1.90461679110163e-05
chrM	11744	11744	0
chrM	11745	11745	0.000204798689288389
chrM	11746	11746	0.000109870933967569
chrM	11747	11747	9.05843987784047e-05
chrM	11748	11748	0.000330094950841742
chrM	11749	11749	0.00354204974354011
chrM	11750	11750	0.0266820250391827
chrM	11751	11751	0.00776637154871321
chrM	11752	11752	0.0104952077667016
chrM	11753	11753	0.0850291282216273
chrM	11754	11754	0.000577297209922584
chrM	11755	11755	0.00109210047324354
chrM	11756	11756	3.02723909739839e-05
chrM	11757	11757	0.000425332822933946
chrM	11758	11758	2.44865477028557e-05
chrM	11759	11759	0.000242099186174274
chrM	11760	11760	0.000313532698325108
chrM	11761	11761	0.000163772306103038
chrM	11762	11762	0.000100996073777632
chrM	11763	11763	0.000221001452295258
chrM	11764	11764	0.000157911026611166
chrM	11765	11765	0.000107386281086749
chrM	11766	11766	2.52686371992243e-05
chrM	11767	11767	5.05411057130402e-05
chrM	11768	11768	0.000183190676226272
chrM	11769	11769	0.00226284273558147
chrM	11770	11770	0.00500548847420417
chrM	11771	11771	0.00308325411517486
chrM	11772	11772	0.00127458575962812
chrM	11773	11773	0.000475529026041471
chrM	11774	11774	0.000162758378926546
chrM	11775	11775	0.000100282671781083
chrM	11776	11776	0.00180574452476942
chrM	11777	11777	0.000125620249984297
chrM	11778	11778	0.000163691881512261
chrM	11779	11779	0.000214143551759756
chrM	11780	11780	0.000347138943940216
chrM	11781	11781	3.15756236185665e-05
chrM	11782	11782	4.42234674989102e-05
chrM	11783	11783	9.48256787938174e-05
chrM	11784	11784	0
chrM	11785	11785	1.29824606956002e-05
chrM	11786	11786	6.51385170565207e-06
chrM	11787	11787	6.55162021567934e-06
chrM	11788	11788	0.000144535253462276
chrM	11789	11789	0.000197246439701763
chrM	11790	11790	0.000157864617934736
chrM	11791	11791	0.000749541399012446
chrM	11792	11792	0.0013202143870527
chrM	11793	11793	0.000157836586520756
chrM	11794	11794	5.26409296388174e-05
chrM	11795	11795	4.61351892860909e-05
chrM	11796	11796	4.63272424039868e-05
chrM	11797	11797	0
chrM	11798	11798	1.99078928159051e-05
chrM	11799	11799	4.01509676383201e-05
chrM	11800	11800	2.71103731065099e-05
chrM	11801	11801	2.72212543554007e-05
chrM	11802	11802	1.36203597137e-05
chrM	11803	11803	1.36257417513166e-05
chrM	11804	11804	0.000846214215033951
chrM	11805	11805	0.000287342560222212
chrM	11806	11806	0.000157659510295851
chrM	11807	11807	0.000233266555064629
chrM	11808	11808	0.00195293762933929
chrM	11809	11809	0.00217973939090679
chrM	11810	11810	0.00178656992265042
chrM	11811	11811	0.00385928961748634
chrM	11812	11812	0.00253553539069982
chrM	11813	11813	0.000809358116755097
chrM	11814	11814	6.96689332292944e-05
chrM	11815	11815	0.00352699479929891
chrM	11816	11816	0.000144779609239835
chrM	11817	11817	0.000182439138303462
chrM	11818	11818	0.000395879804800804
chrM	11819	11819	8.22855638206833e-05
chrM	11820	11820	3.48988369962571e-05
chrM	11821	11821	9.62539704762821e-05
chrM	11822	11822	0.000245581721703285
chrM	11823	11823	0.0142685218053836
chrM	11824	11824	0.025933212396842
chrM	11825	11825	0.0110574012975609
chrM	11826	11826	0.00141865791542748
chrM	11827	11827	0.00026581833460526
chrM	11828	11828	6.89405560055842e-05
chrM	11829	11829	1.73265182361604e-05
chrM	11830	11830	2.65679519651428e-05
chrM	11831	11831	8.98125611848073e-06
chrM	11832	11832	3.68898193321098e-05
chrM	11833	11833	0.000270096582812544
chrM	11834	11834	0.000298596595998806
chrM	11835	11835	0.000102665571567237
chrM	11836	11836	0.000130694548170276
chrM	11837	11837	0.000112069931637342
chrM	11838	11838	0.00233038902461943
chrM	11839	11839	0.000160084373881764
chrM	11840	11840	1.89740719307067e-05
chrM	11841	11841	4.82262389320782e-05
chrM	11842	11842	0.000107195758945973
chrM	11843	11843	4.8840525914783e-05
chrM	11844	11844	0.000146553071752384
chrM	11845	11845	0.000205282605720542
chrM	11846	11846	0.00258523974440271
chrM	11847	11847	0.0572508450651907
chrM	11848	11848	0.00318990025538476
chrM	11849	11849	0.000367515498515431
chrM	11850	11850	0
chrM	11851	11851	0
chrM	11852	11852	9.77641342497091e-06
chrM	11853	11853	0.000762948109747151
chrM	11854	11854	6.86274509803922e-05
chrM	11855	11855	7.87184634155941e-05
chrM	11856	11856	9.87322775561787e-06
chrM	11857	11857	5.04423796697033e-05
chrM	11858	11858	9.0808192916961e-05
chrM	11859	11859	2.0185708518369e-05
chrM	11860	11860	0
chrM	11861	11861	1.00957073052538e-05
chrM	11862	11862	1.00973383416132e-05
chrM	11863	11863	0
chrM	11864	11864	0
chrM	11865	11865	1.00998878912444e-05
chrM	11866	11866	1.01004999747487e-05
chrM	11867	11867	1.01009080716356e-05
chrM	11868	11868	1.01012141659427e-05
chrM	11869	11869	4.0404856663771e-05
chrM	11870	11870	0
chrM	11871	11871	0
chrM	11872	11872	0
chrM	11873	11873	0
chrM	11874	11874	2.02118198722613e-05
chrM	11875	11875	2.02177451148873e-05
chrM	11876	11876	0.000101203307324083
chrM	11877	11877	0.000101241217324397
chrM	11878	11878	1.01247367568443e-05
chrM	11879	11879	6.08013619505077e-05
chrM	11880	11880	0.000203138489665329
chrM	11881	11881	0.000375794755124012
chrM	11882	11882	0.000172701044333374
chrM	11883	11883	0.00412197814440089
chrM	11884	11884	0.000733910814330901
chrM	11885	11885	0.000351584716405563
chrM	11886	11886	0
chrM	11887	11887	0
chrM	11888	11888	1.05970370684357e-05
chrM	11889	11889	0
chrM	11890	11890	0
chrM	11891	11891	1.09686406563635e-05
chrM	11892	11892	4.40194125609394e-05
chrM	11893	11893	0.000110202552291111
chrM	11894	11894	2.20509597680239e-05
chrM	11895	11895	5.51894654348378e-05
chrM	11896	11896	0.000165559259177502
chrM	11897	11897	1.10382586043226e-05
chrM	11898	11898	4.4209642122947e-05
chrM	11899	11899	4.42233278054174e-05
chrM	11900	11900	1.10822971385509e-05
chrM	11901	11901	0.000111721857264155
chrM	11902	11902	0
chrM	11903	11903	5.67826926352848e-05
chrM	11904	11904	0.000193146700599891
chrM	11905	11905	0.000136386884127976
chrM	11906	11906	7.96241738991958e-05
chrM	11907	11907	0
chrM	11908	11908	0.000113853720739594
chrM	11909	11909	0
chrM	11910	11910	1.13976999441513e-05
chrM	11911	11911	0
chrM	11912	11912	0
chrM	11913	11913	0
chrM	11914	11914	0
chrM	11915	11915	0
chrM	11916	11916	0
chrM	11917	11917	0
chrM	11918	11918	0
chrM	11919	11919	0
chrM	11920	11920	0
chrM	11921	11921	0
chrM	11922	11922	0
chrM	11923	11923	0
chrM	11924	11924	0
chrM	11925	11925	0
chrM	11926	11926	0
chrM	11927	11927	0
chrM	11928	11928	0
chrM	11929	11929	0
chrM	11930	11930	0
chrM	11931	11931	0
chrM	11932	11932	0
chrM	11933	11933	0
chrM	11934	11934	0
chrM	11935	11935	0
chrM	11936	11936	0
chrM	11937	11937	0
chrM	11938	11938	0
chrM	11939	11939	0
chrM	11940	11940	0
chrM	11941	11941	0
chrM	11942	11942	0
chrM	11943	11943	0
chrM	11944	11944	0
chrM	11945	11945	0
chrM	11946	11946	0
chrM	11947	11947	0
chrM	11948	11948	1.16881143565109e-05
chrM	11949	11949	0.000163788665824325
chrM	11950	11950	2.3491824844954e-05
chrM	11951	11951	0
chrM	11952	11952	0
chrM	11953	11953	0
chrM	11954	11954	0
chrM	11955	11955	0
chrM	11956	11956	0
chrM	11957	11957	0
chrM	11958	11958	1.19363078612524e-05
chrM	11959	11959	0
chrM	11960	11960	2.39122897213023e-05
chrM	11961	11961	0
chrM	11962	11962	0
chrM	11963	11963	2.39854168665451e-05
chrM	11964	11964	0
chrM	11965	11965	0
chrM	11966	11966	0
chrM	11967	11967	5.28087662551984e-05
chrM	11968	11968	0.000132056784417299
chrM	11969	11969	6.62006143417011e-05
chrM	11970	11970	0.000145677998649168
chrM	11971	11971	0.000199584863483953
chrM	11972	11972	0
chrM	11973	11973	1.33589825798867e-05
chrM	11974	11974	1.38908181691902e-05
chrM	11975	11975	0.000332020343791974
chrM	11976	11976	0.00205079179066504
chrM	11977	11977	0.0252883292773252
chrM	11978	11978	0.144296173217716
chrM	11979	11979	0.0689471711345691
chrM	11980	11980	0.0138497876604476
chrM	11981	11981	0.00347722536469187
chrM	11982	11982	0.00397742158287089
chrM	11983	11983	0.00538428551007767
chrM	11984	11984	3.64130698645434e-05
chrM	11985	11985	0.000553204080844987
chrM	11986	11986	0.000521181344380596
chrM	11987	11987	5.94433133702873e-05
chrM	11988	11988	0.000289612072250591
chrM	11989	11989	0.000968250745709244
chrM	11990	11990	0.00420665387076136
chrM	11991	11991	0.00567726208422876
chrM	11992	11992	0.0169797573415275
chrM	11993	11993	0.111223985890653
chrM	11994	11994	0.0593675543838378
chrM	11995	11995	0.0341757650209113
chrM	11996	11996	0.00107333999882374
chrM	11997	11997	0.00132246982640683
chrM	11998	11998	6.21958235504486e-05
chrM	11999	11999	0
chrM	12000	12000	0
chrM	12001	12001	1.65755014089176e-05
chrM	12002	12002	1.69216190605117e-05
chrM	12003	12003	0
chrM	12004	12004	5.22493338209938e-05
chrM	12005	12005	0
chrM	12006	12006	0
chrM	12007	12007	0
chrM	12008	12008	0
chrM	12009	12009	1.74712161713577e-05
chrM	12010	12010	0
chrM	12011	12011	1.74858801517774e-05
chrM	12012	12012	0
chrM	12013	12013	0
chrM	12014	12014	1.74929153692754e-05
chrM	12015	12015	0
chrM	12016	12016	0
chrM	12017	12017	0
chrM	12018	12018	5.24759922335531e-05
chrM	12019	12019	5.24732386482894e-05
chrM	12020	12020	0.000139909059111577
chrM	12021	12021	0.000244780921075637
chrM	12022	12022	0.000244721018039435
chrM	12023	12023	0
chrM	12024	12024	3.49589232651634e-05
chrM	12025	12025	0
chrM	12026	12026	8.73896705409421e-05
chrM	12027	12027	0.00155312020103309
chrM	12028	12028	0.000157035175879397
chrM	12029	12029	0
chrM	12030	12030	5.23423187647213e-05
chrM	12031	12031	6.97848880824857e-05
chrM	12032	12032	0
chrM	12033	12033	0
chrM	12034	12034	0
chrM	12035	12035	0
chrM	12036	12036	0
chrM	12037	12037	0
chrM	12038	12038	0
chrM	12039	12039	0
chrM	12040	12040	3.48918353105373e-05
chrM	12041	12041	0
chrM	12042	12042	0.000401095164187434
chrM	12043	12043	0.00134099616858238
chrM	12044	12044	0.000278570931123337
chrM	12045	12045	0.000469867566956128
chrM	12046	12046	0.000434873364876148
chrM	12047	12047	0
chrM	12048	12048	6.9577317794399e-05
chrM	12049	12049	0
chrM	12050	12050	5.21956990743963e-05
chrM	12051	12051	0.000156592546194801
chrM	12052	12052	0.00211871765482269
chrM	12053	12053	0.00332703737718553
chrM	12054	12054	0.000398399473419826
chrM	12055	12055	0
chrM	12056	12056	0.00100739917323792
chrM	12057	12057	1.73819332186126e-05
chrM	12058	12058	0
chrM	12059	12059	0
chrM	12060	12060	3.51425910632391e-05
chrM	12061	12061	0.00010591911310396
chrM	12062	12062	3.5358803458091e-05
chrM	12063	12063	0
chrM	12064	12064	0
chrM	12065	12065	0
chrM	12066	12066	0
chrM	12067	12067	0
chrM	12068	12068	0
chrM	12069	12069	0
chrM	12070	12070	0
chrM	12071	12071	3.56049277219967e-05
chrM	12072	12072	3.56112674050069e-05
chrM	12073	12073	1.7829443543067e-05
chrM	12074	12074	0
chrM	12075	12075	0
chrM	12076	12076	0
chrM	12077	12077	0.000107161993213074
chrM	12078	12078	0
chrM	12079	12079	0
chrM	12080	12080	1.79436569172797e-05
chrM	12081	12081	5.39985960365031e-05
chrM	12082	12082	0.000144164924673827
chrM	12083	12083	0.000864475461503827
chrM	12084	12084	0.00179814072249294
chrM	12085	12085	0.0103674938097868
chrM	12086	12086	0.000391940282553313
chrM	12087	12087	0.000142633005277421
chrM	12088	12088	0
chrM	12089	12089	3.82855720821608e-05
chrM	12090	12090	9.89021857383048e-05
chrM	12091	12091	0
chrM	12092	12092	0
chrM	12093	12093	0
chrM	12094	12094	2.9146021568056e-05
chrM	12095	12095	4.28687786684957e-05
chrM	12096	12096	0
chrM	12097	12097	0
chrM	12098	12098	0
chrM	12099	12099	0
chrM	12100	12100	0
chrM	12101	12101	0
chrM	12102	12102	0
chrM	12103	12103	0
chrM	12104	12104	0
chrM	12105	12105	0
chrM	12106	12106	0
chrM	12107	12107	0
chrM	12108	12108	0
chrM	12109	12109	0
chrM	12110	12110	0
chrM	12111	12111	0
chrM	12112	12112	0
chrM	12113	12113	0
chrM	12114	12114	0
chrM	12115	12115	0.000131354262445816
chrM	12116	12116	0
chrM	12117	12117	0
chrM	12118	12118	0
chrM	12119	12119	0
chrM	12120	12120	0.000132065504490227
chrM	12121	12121	0.000264655286489348
chrM	12122	12122	0
chrM	12123	12123	0
chrM	12124	12124	0
chrM	12125	12125	0
chrM	12126	12126	0.000402252614641995
chrM	12127	12127	0
chrM	12128	12128	0
chrM	12129	12129	0
chrM	12130	12130	0
chrM	12131	12131	0
chrM	12132	12132	0
chrM	12133	12133	0
chrM	12134	12134	0
chrM	12135	12135	0
chrM	12136	12136	0
chrM	12137	12137	0
chrM	12138	12138	0
chrM	12139	12139	0
chrM	12140	12140	0
chrM	12141	12141	0
chrM	12142	12142	0
chrM	12143	12143	0
chrM	12144	12144	0
chrM	12145	12145	0
chrM	12146	12146	0
chrM	12147	12147	0
chrM	12148	12148	0
chrM	12149	12149	0.000275938189845475
chrM	12150	12150	0.00200573065902579
chrM	12151	12151	0.000602772754671489
chrM	12152	12152	0.000306278713629403
chrM	12153	12153	0
chrM	12154	12154	0
chrM	12155	12155	0
chrM	12156	12156	0
chrM	12157	12157	0
chrM	12158	12158	0.00196014374387455
chrM	12159	12159	0.000654664484451719
chrM	12160	12160	0
chrM	12161	12161	0
chrM	12162	12162	0
chrM	12163	12163	0
chrM	12164	12164	0.000332005312084993
chrM	12165	12165	0
chrM	12166	12166	0
chrM	12167	12167	0
chrM	12168	12168	0
chrM	12169	12169	0
chrM	12170	12170	0
chrM	12171	12171	0
chrM	12172	12172	0.000667779632721202
chrM	12173	12173	0
chrM	12174	12174	0
chrM	12175	12175	0
chrM	12176	12176	0
chrM	12177	12177	0
chrM	12178	12178	0
chrM	12179	12179	0
chrM	12180	12180	0
chrM	12181	12181	0
chrM	12182	12182	0
chrM	12183	12183	0
chrM	12184	12184	0
chrM	12185	12185	0.000333778371161549
chrM	12186	12186	0
chrM	12187	12187	0
chrM	12188	12188	0
chrM	12189	12189	0.000333889816360601
chrM	12190	12190	0.000333778371161549
chrM	12191	12191	0
chrM	12192	12192	0
chrM	12193	12193	0
chrM	12194	12194	0
chrM	12195	12195	0
chrM	12196	12196	0
chrM	12197	12197	0
chrM	12198	12198	0
chrM	12199	12199	0
chrM	12200	12200	0
chrM	12201	12201	0
chrM	12202	12202	0
chrM	12203	12203	0.000335345405767941
chrM	12204	12204	0
chrM	12205	12205	0.000335232986925914
chrM	12206	12206	0.00133913625711416
chrM	12207	12207	0.00433767100433767
chrM	12208	12208	0.00166611129623459
chrM	12209	12209	0
chrM	12210	12210	0.0141261498028909
chrM	12211	12211	0.0155239327296248
chrM	12212	12212	0.00738362760834671
chrM	12213	12213	0.0161188369152971
chrM	12214	12214	0.0103610675039246
chrM	12215	12215	0.0200369913686806
chrM	12216	12216	0.0296495956873315
chrM	12217	12217	0.112971823498139
chrM	12218	12218	0.00344370860927152
chrM	12219	12219	0.0808375943511079
chrM	12220	12220	0.00388161086851043
chrM	12221	12221	0.00290275761973875
chrM	12222	12222	0.0363636363636364
chrM	12223	12223	0.00533395176252319
chrM	12224	12224	0.0211123723041998
chrM	12225	12225	0.000226963231956423
chrM	12226	12226	0.00564334085778781
chrM	12227	12227	0.00739578664276109
chrM	12228	12228	0.00579322638146168
chrM	12229	12229	0
chrM	12230	12230	0
chrM	12231	12231	0.000445930880713489
chrM	12232	12232	0.00488129576214777
chrM	12233	12233	0.257006264424662
chrM	12234	12234	0.0421734323171695
chrM	12235	12235	0.00267843075468725
chrM	12236	12236	0.00125904941768964
chrM	12237	12237	0.00641125879593432
chrM	12238	12238	0.0773337180781994
chrM	12239	12239	0.00716229766509096
chrM	12240	12240	0.00285714285714286
chrM	12241	12241	0.000285714285714286
chrM	12242	12242	0
chrM	12243	12243	0
chrM	12244	12244	0
chrM	12245	12245	0
chrM	12246	12246	0
chrM	12247	12247	0.0017162471395881
chrM	12248	12248	0.00921462999716473
chrM	12249	12249	0.00564015792442188
chrM	12250	12250	0.00505050505050505
chrM	12251	12251	0.00391280044717719
chrM	12252	12252	0.000837871805613741
chrM	12253	12253	0.000139625802848366
chrM	12254	12254	0
chrM	12255	12255	0
chrM	12256	12256	0.000141242937853107
chrM	12257	12257	0
chrM	12258	12258	0.00070871722182849
chrM	12259	12259	0.000425290615253757
chrM	12260	12260	0.0022634035931532
chrM	12261	12261	0.000141442715700141
chrM	12262	12262	0.000282805429864253
chrM	12263	12263	0
chrM	12264	12264	0
chrM	12265	12265	0
chrM	12266	12266	0
chrM	12267	12267	0
chrM	12268	12268	0
chrM	12269	12269	0
chrM	12270	12270	0
chrM	12271	12271	0
chrM	12272	12272	0
chrM	12273	12273	0
chrM	12274	12274	0
chrM	12275	12275	0.00014168319637291
chrM	12276	12276	0.000141663125088539
chrM	12277	12277	0.000141643059490085
chrM	12278	12278	0.000283205890682526
chrM	12279	12279	0
chrM	12280	12280	0.000424628450106157
chrM	12281	12281	0.000141522785168412
chrM	12282	12282	0
chrM	12283	12283	0
chrM	12284	12284	0
chrM	12285	12285	0
chrM	12286	12286	0
chrM	12287	12287	0.000141522785168412
chrM	12288	12288	0
chrM	12289	12289	0
chrM	12290	12290	0
chrM	12291	12291	0.000566091140673648
chrM	12292	12292	0
chrM	12293	12293	0.000424388173716226
chrM	12294	12294	0.000989259468626343
chrM	12295	12295	0.000141302811925957
chrM	12296	12296	0.000141282848262221
chrM	12297	12297	0
chrM	12298	12298	0.00225574510080361
chrM	12299	12299	0.000281888653981677
chrM	12300	12300	0.00210970464135021
chrM	12301	12301	0.000702839471464717
chrM	12302	12302	0.00280347631062518
chrM	12303	12303	0.0243535367355315
chrM	12304	12304	0.0280585106382979
chrM	12305	12305	0.0381171655154771
chrM	12306	12306	0.0379030273197145
chrM	12307	12307	0.0946277307177887
chrM	12308	12308	0.00488021295474712
chrM	12309	12309	0.00210479672094827
chrM	12310	12310	0.00584279572263257
chrM	12311	12311	0.00154679040989946
chrM	12312	12312	0.0001105216622458
chrM	12313	12313	0.00121439611393244
chrM	12314	12314	0.00158049221043125
chrM	12315	12315	0.00650734881633569
chrM	12316	12316	0.00324566312255176
chrM	12317	12317	0.0149105367793241
chrM	12318	12318	0.0141689373297003
chrM	12319	12319	0.00381346698627152
chrM	12320	12320	0.00131032976632452
chrM	12321	12321	0.00214277658734634
chrM	12322	12322	0.000573263013070397
chrM	12323	12323	0.000231776567389037
chrM	12324	12324	0.000116904372223521
chrM	12325	12325	0.00130517323208353
chrM	12326	12326	0.0075685903500473
chrM	12327	12327	0.0178134823611596
chrM	12328	12328	0.185149928605426
chrM	12329	12329	0.159494702526487
chrM	12330	12330	0.0927613543750463
chrM	12331	12331	0.045238601715947
chrM	12332	12332	0.0119941081573964
chrM	12333	12333	0.00252171476604091
chrM	12334	12334	0.00231060075619661
chrM	12335	12335	0.00714235202602362
chrM	12336	12336	0.0018482974337101
chrM	12337	12337	0.00266282835552357
chrM	12338	12338	7.29022380987096e-05
chrM	12339	12339	0.000297751972606819
chrM	12340	12340	0.00029799597705431
chrM	12341	12341	0.000744768004766515
chrM	12342	12342	0.0025291973517816
chrM	12343	12343	0.000223214285714286
chrM	12344	12344	0.00022323089515589
chrM	12345	12345	0.000297641193541186
chrM	12346	12346	7.44269127716582e-05
chrM	12347	12347	0.001194743130227
chrM	12348	12348	0
chrM	12349	12349	0
chrM	12350	12350	0.000149644594089039
chrM	12351	12351	0
chrM	12352	12352	7.48502994011976e-05
chrM	12353	12353	0
chrM	12354	12354	0.000150602409638554
chrM	12355	12355	0
chrM	12356	12356	0
chrM	12357	12357	0.000226090888537192
chrM	12358	12358	0.000226227283010331
chrM	12359	12359	7.54887899146977e-05
chrM	12360	12360	0
chrM	12361	12361	0.000150954789040682
chrM	12362	12362	0.00226005725478379
chrM	12363	12363	0
chrM	12364	12364	0
chrM	12365	12365	0.000602591141910214
chrM	12366	12366	0
chrM	12367	12367	0.000150704543741994
chrM	12368	12368	0
chrM	12369	12369	0
chrM	12370	12370	0
chrM	12371	12371	0
chrM	12372	12372	7.53749905781262e-05
chrM	12373	12373	7.53693096171239e-05
chrM	12374	12374	0.000527306967984934
chrM	12375	12375	0.00165450853575995
chrM	12376	12376	0.0022510692578975
chrM	12377	12377	0.0197174808711006
chrM	12378	12378	0.155552793487042
chrM	12379	12379	0.00900067813328401
chrM	12380	12380	0.00180359475091735
chrM	12381	12381	0.00124804992199688
chrM	12382	12382	0.000251335218347471
chrM	12383	12383	0.000126815040263775
chrM	12384	12384	0.00470906979744549
chrM	12385	12385	0.000260331923202083
chrM	12386	12386	0.000334537668941523
chrM	12387	12387	6.74809366354005e-05
chrM	12388	12388	0.0219336028096216
chrM	12389	12389	0.235690747782003
chrM	12390	12390	0.542347212190405
chrM	12391	12391	0.0715956340956341
chrM	12392	12392	0.00551522071654782
chrM	12393	12393	0.000409226991750845
chrM	12394	12394	0.000172294968986906
chrM	12395	12395	0.000821053541333564
chrM	12396	12396	0.00010808006571268
chrM	12397	12397	0.000151528270845961
chrM	12398	12398	0.000108384635394087
chrM	12399	12399	0.000195257414357929
chrM	12400	12400	2.17013888888889e-05
chrM	12401	12401	2.17023308303312e-05
chrM	12402	12402	0
chrM	12403	12403	0.000195380340395971
chrM	12404	12404	0.000520889853499729
chrM	12405	12405	0.00106249186868468
chrM	12406	12406	0.000368499772397199
chrM	12407	12407	0.00116936269732996
chrM	12408	12408	0.000259790868350977
chrM	12409	12409	6.49434991557345e-05
chrM	12410	12410	8.65950813993765e-05
chrM	12411	12411	0.000346440325653906
chrM	12412	12412	4.3484878133629e-05
chrM	12413	12413	0
chrM	12414	12414	4.35578012021953e-05
chrM	12415	12415	4.35625449238745e-05
chrM	12416	12416	0.000261318351081205
chrM	12417	12417	0.000326541274817137
chrM	12418	12418	8.70738821890374e-05
chrM	12419	12419	0.000108830507367825
chrM	12420	12420	4.35331504941013e-05
chrM	12421	12421	0.000305283586646024
chrM	12422	12422	2.18102508178844e-05
chrM	12423	12423	0
chrM	12424	12424	0
chrM	12425	12425	8.73152736242387e-05
chrM	12426	12426	4.36557309060747e-05
chrM	12427	12427	0
chrM	12428	12428	0
chrM	12429	12429	0.000109132180897503
chrM	12430	12430	0.00028366318270091
chrM	12431	12431	2.18197687104517e-05
chrM	12432	12432	0
chrM	12433	12433	4.36376330947809e-05
chrM	12434	12434	0.000784860905206244
chrM	12435	12435	0.000152595208510453
chrM	12436	12436	0.00104529616724739
chrM	12437	12437	0.00165231759283416
chrM	12438	12438	0.00570724430896945
chrM	12439	12439	0.00172659386195882
chrM	12440	12440	0.00174512549822256
chrM	12441	12441	0.00161345839428621
chrM	12442	12442	0.00143949810931592
chrM	12443	12443	0.00062353522974048
chrM	12444	12444	0.00137592982757879
chrM	12445	12445	4.30663221360896e-05
chrM	12446	12446	0.000368931617439615
chrM	12447	12447	2.17419663434361e-05
chrM	12448	12448	0
chrM	12449	12449	0
chrM	12450	12450	4.4755745518831e-05
chrM	12451	12451	0
chrM	12452	12452	0
chrM	12453	12453	0
chrM	12454	12454	0
chrM	12455	12455	4.48551179689603e-05
chrM	12456	12456	0
chrM	12457	12457	0
chrM	12458	12458	0
chrM	12459	12459	2.24290680722216e-05
chrM	12460	12460	0
chrM	12461	12461	0
chrM	12462	12462	0
chrM	12463	12463	2.24320868570403e-05
chrM	12464	12464	4.48782676988668e-05
chrM	12465	12465	0
chrM	12466	12466	0
chrM	12467	12467	2.24709001842614e-05
chrM	12468	12468	2.24744353298123e-05
chrM	12469	12469	2.24754455757085e-05
chrM	12470	12470	2.24794874676857e-05
chrM	12471	12471	0.00065184652385983
chrM	12472	12472	0.00181773299522004
chrM	12473	12473	0.00297645689732343
chrM	12474	12474	0.00150785434577126
chrM	12475	12475	0.0011017425519955
chrM	12476	12476	8.99907759454656e-05
chrM	12477	12477	0
chrM	12478	12478	0.000296431421730703
chrM	12479	12479	0.00127973673987066
chrM	12480	12480	0.000256745401923256
chrM	12481	12481	0.000117461883618766
chrM	12482	12482	2.38640702558228e-05
chrM	12483	12483	7.16417910447761e-05
chrM	12484	12484	0
chrM	12485	12485	0
chrM	12486	12486	9.57992048665996e-05
chrM	12487	12487	0.000838463934072779
chrM	12488	12488	0.000742532755275575
chrM	12489	12489	0.000167736988402185
chrM	12490	12490	0.000143836601620559
chrM	12491	12491	0.00016779730086056
chrM	12492	12492	2.39721922569819e-05
chrM	12493	12493	0.000168034951269864
chrM	12494	12494	0.00197371588119193
chrM	12495	12495	0.00433473810957255
chrM	12496	12496	0.0073777756485496
chrM	12497	12497	0.00839736422675262
chrM	12498	12498	0.103318588798427
chrM	12499	12499	0.000790176187933796
chrM	12500	12500	4.27167876975651e-05
chrM	12501	12501	0.00017093651845046
chrM	12502	12502	0
chrM	12503	12503	0.0013907015554462
chrM	12504	12504	0.000150143708978594
chrM	12505	12505	2.14702851253865e-05
chrM	12506	12506	0
chrM	12507	12507	2.15021394628766e-05
chrM	12508	12508	0
chrM	12509	12509	2.15368711233632e-05
chrM	12510	12510	0
chrM	12511	12511	2.15591583304588e-05
chrM	12512	12512	0.000584390286134799
chrM	12513	12513	0.00151047481447429
chrM	12514	12514	0.00327496615868303
chrM	12515	12515	0.0009163902949904
chrM	12516	12516	0.00109101224115735
chrM	12517	12517	0.000960803581176984
chrM	12518	12518	0.00046056671637863
chrM	12519	12519	0.000638541483177735
chrM	12520	12520	0.00178992969986251
chrM	12521	12521	0.00308858262607387
chrM	12522	12522	0.000769067571868039
chrM	12523	12523	0.000240783348493766
chrM	12524	12524	0.000404498017959712
chrM	12525	12525	0.0022178481328491
chrM	12526	12526	0.00239808153477218
chrM	12527	12527	0.002643096686182
chrM	12528	12528	0.000325867993838132
chrM	12529	12529	0.000542722431396493
chrM	12530	12530	0
chrM	12531	12531	0.000184945441094877
chrM	12532	12532	0
chrM	12533	12533	0.000710519427096967
chrM	12534	12534	7.55344059218974e-05
chrM	12535	12535	0
chrM	12536	12536	7.57432304487786e-05
chrM	12537	12537	3.78902697787208e-05
chrM	12538	12538	0
chrM	12539	12539	0
chrM	12540	12540	7.59243793181991e-05
chrM	12541	12541	0.000151842994343848
chrM	12542	12542	0
chrM	12543	12543	0
chrM	12544	12544	0
chrM	12545	12545	3.79910341159486e-05
chrM	12546	12546	0
chrM	12547	12547	0
chrM	12548	12548	3.80040284270133e-05
chrM	12549	12549	7.68698593281574e-05
chrM	12550	12550	0
chrM	12551	12551	0
chrM	12552	12552	7.69289945380414e-05
chrM	12553	12553	0.000115397930530446
chrM	12554	12554	0.000461467466543609
chrM	12555	12555	0.00558595095075946
chrM	12556	12556	0.000764789109403082
chrM	12557	12557	0.000611597416000917
chrM	12558	12558	0.00122850122850123
chrM	12559	12559	0.00069060773480663
chrM	12560	12560	0.000882510935461592
chrM	12561	12561	0.000958662474116113
chrM	12562	12562	0.000615360947655859
chrM	12563	12563	0.000576789971545028
chrM	12564	12564	0.000346327009658676
chrM	12565	12565	0.00249493216903165
chrM	12566	12566	0.00284533832241971
chrM	12567	12567	0.001248293348937
chrM	12568	12568	0.00217194570135747
chrM	12569	12569	0.00335987481014406
chrM	12570	12570	0.00145786305492852
chrM	12571	12571	0.00078512193925119
chrM	12572	12572	5.02436818570065e-05
chrM	12573	12573	0.000771168577451031
chrM	12574	12574	0.000154902669489338
chrM	12575	12575	0.0145732484076433
chrM	12576	12576	0.00051002193094303
chrM	12577	12577	0.00503355704697987
chrM	12578	12578	0.0030466131816797
chrM	12579	12579	0.0066084850930737
chrM	12580	12580	0.0129501419534791
chrM	12581	12581	0.00888757221152422
chrM	12582	12582	0.0150343015618158
chrM	12583	12583	0.0155102040816327
chrM	12584	12584	0.0010096639261503
chrM	12585	12585	0.000633682671216183
chrM	12586	12586	0.00223214285714286
chrM	12587	12587	0.00389805097451274
chrM	12588	12588	0.00312594534637491
chrM	12589	12589	0.0672395597768732
chrM	12590	12590	0.00496365003760341
chrM	12591	12591	0.00175958976421497
chrM	12592	12592	0.0078610054075706
chrM	12593	12593	0.0633281463667657
chrM	12594	12594	0.00132094164268529
chrM	12595	12595	0.000429286906749344
chrM	12596	12596	9.58634903896851e-05
chrM	12597	12597	0.000576950814943026
chrM	12598	12598	0.0045083932853717
chrM	12599	12599	0.0421628133253023
chrM	12600	12600	0.00176875814559672
chrM	12601	12601	0.000186636804777902
chrM	12602	12602	0.000560302563384227
chrM	12603	12603	0.000326888951153451
chrM	12604	12604	0.0142712457416444
chrM	12605	12605	0.00128848189222769
chrM	12606	12606	0.000643944620762614
chrM	12607	12607	0.000321898280143475
chrM	12608	12608	0.000781321812666605
chrM	12609	12609	9.19286633572348e-05
chrM	12610	12610	4.59685575066654e-05
chrM	12611	12611	4.59706707120857e-05
chrM	12612	12612	0
chrM	12613	12613	0
chrM	12614	12614	9.19624793084422e-05
chrM	12615	12615	0.000183924958616884
chrM	12616	12616	0
chrM	12617	12617	4.59875833524948e-05
chrM	12618	12618	0.000137969094922737
chrM	12619	12619	0.000321927888153054
chrM	12620	12620	0.00206573632023503
chrM	12621	12621	0.00260977061489859
chrM	12622	12622	0.00360450791622941
chrM	12623	12623	0.0282281477511278
chrM	12624	12624	0.00249521008777793
chrM	12625	12625	4.4571224817258e-05
chrM	12626	12626	4.47227191413238e-05
chrM	12627	12627	0
chrM	12628	12628	4.49478604818411e-05
chrM	12629	12629	0.00081643761055926
chrM	12630	12630	0.000999772778913883
chrM	12631	12631	0.009616686983611
chrM	12632	12632	0.025142001673198
chrM	12633	12633	0.0101155439284936
chrM	12634	12634	0.00104803493449782
chrM	12635	12635	0
chrM	12636	12636	0
chrM	12637	12637	0
chrM	12638	12638	9.09421607857403e-05
chrM	12639	12639	0.000137842308399191
chrM	12640	12640	4.61126994374251e-05
chrM	12641	12641	9.23915554118354e-05
chrM	12642	12642	0.000554272517321016
chrM	12643	12643	0.000230904220929159
chrM	12644	12644	0.0004617657923901
chrM	12645	12645	0.00280898876404494
chrM	12646	12646	0.0437409056836721
chrM	12647	12647	0.00207276736493936
chrM	12648	12648	0.000529147191110327
chrM	12649	12649	0.000706526538903118
chrM	12650	12650	0.000132567388422448
chrM	12651	12651	4.42067105786658e-05
chrM	12652	12652	0.000618702492487184
chrM	12653	12653	0
chrM	12654	12654	0
chrM	12655	12655	0
chrM	12656	12656	0
chrM	12657	12657	0
chrM	12658	12658	0
chrM	12659	12659	0
chrM	12660	12660	0.00137460092231288
chrM	12661	12661	0.0071327932370553
chrM	12662	12662	0.0068651886833705
chrM	12663	12663	0.0103008006924908
chrM	12664	12664	0.0131550847819587
chrM	12665	12665	0.00577519215253302
chrM	12666	12666	0.0104223576381593
chrM	12667	12667	0.00435182860490418
chrM	12668	12668	0.00920474334521934
chrM	12669	12669	0.019792725055883
chrM	12670	12670	0.21439294726419
chrM	12671	12671	0.0123799898938858
chrM	12672	12672	0.00100975040232243
chrM	12673	12673	0.000283965419322269
chrM	12674	12674	0.0010718789407314
chrM	12675	12675	0.00518579791295495
chrM	12676	12676	9.59723599603314e-05
chrM	12677	12677	0.000161149966158507
chrM	12678	12678	3.23394347066813e-05
chrM	12679	12679	0.000355871886120996
chrM	12680	12680	9.70622492558561e-05
chrM	12681	12681	0.000582109824720264
chrM	12682	12682	0.00132437495962271
chrM	12683	12683	0.000355274207092565
chrM	12684	12684	0
chrM	12685	12685	6.46203554119548e-05
chrM	12686	12686	6.46203554119548e-05
chrM	12687	12687	6.46287080721256e-05
chrM	12688	12688	0.00103355834759859
chrM	12689	12689	0
chrM	12690	12690	0
chrM	12691	12691	3.23425725282189e-05
chrM	12692	12692	0.000161744249991913
chrM	12693	12693	0.0007758453481606
chrM	12694	12694	0.0032258064516129
chrM	12695	12695	0.00222286653136175
chrM	12696	12696	0.000933977455716586
chrM	12697	12697	0.000225500934218156
chrM	12698	12698	0.000289929772566201
chrM	12699	12699	3.22695149891897e-05
chrM	12700	12700	0.000351271603203597
chrM	12701	12701	0.00126560028124451
chrM	12702	12702	0.000742442990984621
chrM	12703	12703	0.00166242218449349
chrM	12704	12704	0.0159659764344977
chrM	12705	12705	0.000907377678509109
chrM	12706	12706	0.000559049615653389
chrM	12707	12707	0.0341170890364548
chrM	12708	12708	0.00164316034506367
chrM	12709	12709	0.000666409455999439
chrM	12710	12710	0.000365176745544844
chrM	12711	12711	3.71691941718704e-05
chrM	12712	12712	0
chrM	12713	12713	0
chrM	12714	12714	0
chrM	12715	12715	0
chrM	12716	12716	0.000273330730183522
chrM	12717	12717	0.00229938812892163
chrM	12718	12718	0.00461848948226345
chrM	12719	12719	0.0127295732525593
chrM	12720	12720	0.0108097857007396
chrM	12721	12721	0.00211992731677771
chrM	12722	12722	0.000454218554827965
chrM	12723	12723	0.00730201746461909
chrM	12724	12724	7.53579502637528e-05
chrM	12725	12725	0
chrM	12726	12726	0
chrM	12727	12727	0
chrM	12728	12728	0
chrM	12729	12729	3.78630116239446e-05
chrM	12730	12730	7.57374938463286e-05
chrM	12731	12731	3.78730495379488e-05
chrM	12732	12732	0.000302915562287012
chrM	12733	12733	0.000305133877488748
chrM	12734	12734	0.000381402799496548
chrM	12735	12735	0
chrM	12736	12736	0
chrM	12737	12737	0
chrM	12738	12738	0
chrM	12739	12739	0.000382350692054753
chrM	12740	12740	0
chrM	12741	12741	0
chrM	12742	12742	0
chrM	12743	12743	0
chrM	12744	12744	0
chrM	12745	12745	0
chrM	12746	12746	0
chrM	12747	12747	0
chrM	12748	12748	0
chrM	12749	12749	0
chrM	12750	12750	0.000193535900909619
chrM	12751	12751	0
chrM	12752	12752	3.87446726075165e-05
chrM	12753	12753	3.87626947825413e-05
chrM	12754	12754	0.000116342201194447
chrM	12755	12755	0.000429201295407546
chrM	12756	12756	7.83760482796457e-05
chrM	12757	12757	3.96888394983331e-05
chrM	12758	12758	0
chrM	12759	12759	0
chrM	12760	12760	0
chrM	12761	12761	0
chrM	12762	12762	0
chrM	12763	12763	0
chrM	12764	12764	0
chrM	12765	12765	0
chrM	12766	12766	0
chrM	12767	12767	0
chrM	12768	12768	4.0911508407315e-05
chrM	12769	12769	0
chrM	12770	12770	0
chrM	12771	12771	0.000122996187118199
chrM	12772	12772	0
chrM	12773	12773	0
chrM	12774	12774	0
chrM	12775	12775	0
chrM	12776	12776	0
chrM	12777	12777	0
chrM	12778	12778	0
chrM	12779	12779	0
chrM	12780	12780	4.75556400989157e-05
chrM	12781	12781	0
chrM	12782	12782	0
chrM	12783	12783	0
chrM	12784	12784	0
chrM	12785	12785	0
chrM	12786	12786	0
chrM	12787	12787	0
chrM	12788	12788	0
chrM	12789	12789	0
chrM	12790	12790	0
chrM	12791	12791	0
chrM	12792	12792	0
chrM	12793	12793	0
chrM	12794	12794	0
chrM	12795	12795	0
chrM	12796	12796	0
chrM	12797	12797	0
chrM	12798	12798	0
chrM	12799	12799	0
chrM	12800	12800	0
chrM	12801	12801	0
chrM	12802	12802	0
chrM	12803	12803	0
chrM	12804	12804	0
chrM	12805	12805	0.000483208504469679
chrM	12806	12806	0.000735113942661112
chrM	12807	12807	0
chrM	12808	12808	0
chrM	12809	12809	0
chrM	12810	12810	0
chrM	12811	12811	0
chrM	12812	12812	0
chrM	12813	12813	0
chrM	12814	12814	0
chrM	12815	12815	0
chrM	12816	12816	0
chrM	12817	12817	0
chrM	12818	12818	0
chrM	12819	12819	0
chrM	12820	12820	0
chrM	12821	12821	0
chrM	12822	12822	0
chrM	12823	12823	0
chrM	12824	12824	0
chrM	12825	12825	0
chrM	12826	12826	0
chrM	12827	12827	0
chrM	12828	12828	0
chrM	12829	12829	0
chrM	12830	12830	0
chrM	12831	12831	0
chrM	12832	12832	0
chrM	12833	12833	0
chrM	12834	12834	0
chrM	12835	12835	0
chrM	12836	12836	0
chrM	12837	12837	0
chrM	12838	12838	0
chrM	12839	12839	0
chrM	12840	12840	0
chrM	12841	12841	0
chrM	12842	12842	0
chrM	12843	12843	0
chrM	12844	12844	0
chrM	12845	12845	0
chrM	12846	12846	0
chrM	12847	12847	0
chrM	12848	12848	0
chrM	12849	12849	0
chrM	12850	12850	0
chrM	12851	12851	0
chrM	12852	12852	0
chrM	12853	12853	0
chrM	12854	12854	0
chrM	12855	12855	0
chrM	12856	12856	0
chrM	12857	12857	0
chrM	12858	12858	0
chrM	12859	12859	0
chrM	12860	12860	0
chrM	12861	12861	0
chrM	12862	12862	0
chrM	12863	12863	0
chrM	12864	12864	0
chrM	12865	12865	0
chrM	12866	12866	0
chrM	12867	12867	0
chrM	12868	12868	0
chrM	12869	12869	0
chrM	12870	12870	0.000521648408972353
chrM	12871	12871	0
chrM	12872	12872	0
chrM	12873	12873	0
chrM	12874	12874	0
chrM	12875	12875	0
chrM	12876	12876	0.00522466039707419
chrM	12877	12877	0.000522193211488251
chrM	12878	12878	0.000522193211488251
chrM	12879	12879	0
chrM	12880	12880	0
chrM	12881	12881	0
chrM	12882	12882	0
chrM	12883	12883	0
chrM	12884	12884	0
chrM	12885	12885	0
chrM	12886	12886	0
chrM	12887	12887	0
chrM	12888	12888	0
chrM	12889	12889	0
chrM	12890	12890	0
chrM	12891	12891	0
chrM	12892	12892	0
chrM	12893	12893	0
chrM	12894	12894	0
chrM	12895	12895	0
chrM	12896	12896	0
chrM	12897	12897	0
chrM	12898	12898	0
chrM	12899	12899	0
chrM	12900	12900	0
chrM	12901	12901	0
chrM	12902	12902	0.00104712041884817
chrM	12903	12903	0
chrM	12904	12904	0
chrM	12905	12905	0.000523286237571952
chrM	12906	12906	0
chrM	12907	12907	0
chrM	12908	12908	0
chrM	12909	12909	0
chrM	12910	12910	0
chrM	12911	12911	0
chrM	12912	12912	0
chrM	12913	12913	0
chrM	12914	12914	0
chrM	12915	12915	0
chrM	12916	12916	0
chrM	12917	12917	0
chrM	12918	12918	0
chrM	12919	12919	0
chrM	12920	12920	0
chrM	12921	12921	0
chrM	12922	12922	0
chrM	12923	12923	0
chrM	12924	12924	0
chrM	12925	12925	0.000542005420054201
chrM	12926	12926	0
chrM	12927	12927	0.000542005420054201
chrM	12928	12928	0
chrM	12929	12929	0
chrM	12930	12930	0
chrM	12931	12931	0
chrM	12932	12932	0.000542888165038002
chrM	12933	12933	0
chrM	12934	12934	0
chrM	12935	12935	0
chrM	12936	12936	0
chrM	12937	12937	0
chrM	12938	12938	0
chrM	12939	12939	0
chrM	12940	12940	0
chrM	12941	12941	0
chrM	12942	12942	0
chrM	12943	12943	0
chrM	12944	12944	0
chrM	12945	12945	0
chrM	12946	12946	0
chrM	12947	12947	0
chrM	12948	12948	0
chrM	12949	12949	0
chrM	12950	12950	0
chrM	12951	12951	0
chrM	12952	12952	0
chrM	12953	12953	0
chrM	12954	12954	0
chrM	12955	12955	0
chrM	12956	12956	0
chrM	12957	12957	0
chrM	12958	12958	0
chrM	12959	12959	0
chrM	12960	12960	0
chrM	12961	12961	0
chrM	12962	12962	0
chrM	12963	12963	0
chrM	12964	12964	0
chrM	12965	12965	0
chrM	12966	12966	0
chrM	12967	12967	0
chrM	12968	12968	0
chrM	12969	12969	0
chrM	12970	12970	0
chrM	12971	12971	0
chrM	12972	12972	0
chrM	12973	12973	0
chrM	12974	12974	0
chrM	12975	12975	0
chrM	12976	12976	0
chrM	12977	12977	0
chrM	12978	12978	0
chrM	12979	12979	0
chrM	12980	12980	0
chrM	12981	12981	0
chrM	12982	12982	0
chrM	12983	12983	0
chrM	12984	12984	0
chrM	12985	12985	0
chrM	12986	12986	0.000558347292015634
chrM	12987	12987	0.000558035714285714
chrM	12988	12988	0
chrM	12989	12989	0
chrM	12990	12990	0
chrM	12991	12991	0
chrM	12992	12992	0
chrM	12993	12993	0
chrM	12994	12994	0
chrM	12995	12995	0
chrM	12996	12996	0
chrM	12997	12997	0
chrM	12998	12998	0
chrM	12999	12999	0
chrM	13000	13000	0
chrM	13001	13001	0
chrM	13002	13002	0
chrM	13003	13003	0
chrM	13004	13004	0
chrM	13005	13005	0
chrM	13006	13006	0
chrM	13007	13007	0
chrM	13008	13008	0.000558347292015634
chrM	13009	13009	0.00111607142857143
chrM	13010	13010	0.000557724484104852
chrM	13011	13011	0.00167130919220056
chrM	13012	13012	0.00388457269700333
chrM	13013	13013	0.00386954118297402
chrM	13014	13014	0.00165562913907285
chrM	13015	13015	0.0033003300330033
chrM	13016	13016	0.00164835164835165
chrM	13017	13017	0.000549450549450549
chrM	13018	13018	0.000549148819330038
chrM	13019	13019	0
chrM	13020	13020	0.000550357732526142
chrM	13021	13021	0.000550357732526142
chrM	13022	13022	0.00109950522264981
chrM	13023	13023	0.00329308452250274
chrM	13024	13024	0.00328587075575027
chrM	13025	13025	0.00164293537787514
chrM	13026	13026	0
chrM	13027	13027	0
chrM	13028	13028	0
chrM	13029	13029	0
chrM	13030	13030	0
chrM	13031	13031	0.000550357732526142
chrM	13032	13032	0
chrM	13033	13033	0.00274574409665019
chrM	13034	13034	0
chrM	13035	13035	0
chrM	13036	13036	0
chrM	13037	13037	0.00437397484964461
chrM	13038	13038	0.00326975476839237
chrM	13039	13039	0.00163220892274211
chrM	13040	13040	0.000543773790103317
chrM	13041	13041	0
chrM	13042	13042	0
chrM	13043	13043	0
chrM	13044	13044	0
chrM	13045	13045	0
chrM	13046	13046	0.00108813928182807
chrM	13047	13047	0.000543773790103317
chrM	13048	13048	0
chrM	13049	13049	0
chrM	13050	13050	0
chrM	13051	13051	0
chrM	13052	13052	0
chrM	13053	13053	0.000543478260869565
chrM	13054	13054	0
chrM	13055	13055	0.00216919739696312
chrM	13056	13056	0.00432900432900433
chrM	13057	13057	0.0339780449555672
chrM	13058	13058	0.0123902942694889
chrM	13059	13059	0.0020607934054611
chrM	13060	13060	0.0025693730729702
chrM	13061	13061	0.00409416581371546
chrM	13062	13062	0.00509164969450102
chrM	13063	13063	0.00557809330628803
chrM	13064	13064	0.00303336703741153
chrM	13065	13065	0.00603925515853045
chrM	13066	13066	0.000503018108651912
chrM	13067	13067	0
chrM	13068	13068	0.00151438667339727
chrM	13069	13069	0
chrM	13070	13070	0
chrM	13071	13071	0.00202839756592292
chrM	13072	13072	0.00408371618172537
chrM	13073	13073	0.00306278713629403
chrM	13074	13074	0
chrM	13075	13075	0.00102406554019457
chrM	13076	13076	0.00611309220580744
chrM	13077	13077	0.00254065040650406
chrM	13078	13078	0.031988188976378
chrM	13079	13079	0.00294406280667321
chrM	13080	13080	0
chrM	13081	13081	0
chrM	13082	13082	0
chrM	13083	13083	0
chrM	13084	13084	0.00440097799511002
chrM	13085	13085	0.00535019455252918
chrM	13086	13086	0.0110630110630111
chrM	13087	13087	0.00763723150357995
chrM	13088	13088	0.00758293838862559
chrM	13089	13089	0.00283553875236295
chrM	13090	13090	0.00376647834274953
chrM	13091	13091	0.0018796992481203
chrM	13092	13092	0.000469704086425552
chrM	13093	13093	0
chrM	13094	13094	0.00234962406015038
chrM	13095	13095	0
chrM	13096	13096	0
chrM	13097	13097	0
chrM	13098	13098	0.000471253534401508
chrM	13099	13099	0
chrM	13100	13100	0
chrM	13101	13101	0
chrM	13102	13102	0
chrM	13103	13103	0.0004739336492891
chrM	13104	13104	0
chrM	13105	13105	0
chrM	13106	13106	0
chrM	13107	13107	0
chrM	13108	13108	0
chrM	13109	13109	0
chrM	13110	13110	0.00142382534409112
chrM	13111	13111	0.000950118764845606
chrM	13112	13112	0.00237304224015187
chrM	13113	13113	0.000948316737790422
chrM	13114	13114	0
chrM	13115	13115	0.00284225485551871
chrM	13116	13116	0.0004739336492891
chrM	13117	13117	0.0245711636532221
chrM	13118	13118	0
chrM	13119	13119	0
chrM	13120	13120	0
chrM	13121	13121	0
chrM	13122	13122	0.000929800092980009
chrM	13123	13123	0
chrM	13124	13124	0
chrM	13125	13125	0
chrM	13126	13126	0
chrM	13127	13127	0
chrM	13128	13128	0
chrM	13129	13129	0
chrM	13130	13130	0
chrM	13131	13131	0
chrM	13132	13132	0
chrM	13133	13133	0
chrM	13134	13134	0.00139794967381174
chrM	13135	13135	0.000465983224603914
chrM	13136	13136	0.00186219739292365
chrM	13137	13137	0.000930665425779432
chrM	13138	13138	0
chrM	13139	13139	0
chrM	13140	13140	0
chrM	13141	13141	0
chrM	13142	13142	0
chrM	13143	13143	0
chrM	13144	13144	0
chrM	13145	13145	0
chrM	13146	13146	0
chrM	13147	13147	0
chrM	13148	13148	0
chrM	13149	13149	0
chrM	13150	13150	0
chrM	13151	13151	0
chrM	13152	13152	0.000465983224603914
chrM	13153	13153	0.00139599813866915
chrM	13154	13154	0
chrM	13155	13155	0
chrM	13156	13156	0
chrM	13157	13157	0
chrM	13158	13158	0
chrM	13159	13159	0.000466853408029879
chrM	13160	13160	0
chrM	13161	13161	0
chrM	13162	13162	0
chrM	13163	13163	0
chrM	13164	13164	0
chrM	13165	13165	0.000466853408029879
chrM	13166	13166	0
chrM	13167	13167	0
chrM	13168	13168	0
chrM	13169	13169	0
chrM	13170	13170	0
chrM	13171	13171	0
chrM	13172	13172	0
chrM	13173	13173	0
chrM	13174	13174	0
chrM	13175	13175	0
chrM	13176	13176	0
chrM	13177	13177	0
chrM	13178	13178	0
chrM	13179	13179	0
chrM	13180	13180	0
chrM	13181	13181	0.000475737392959087
chrM	13182	13182	0
chrM	13183	13183	0
chrM	13184	13184	0
chrM	13185	13185	0
chrM	13186	13186	0
chrM	13187	13187	0.00147783251231527
chrM	13188	13188	0.000492368291482029
chrM	13189	13189	0
chrM	13190	13190	0.000492610837438424
chrM	13191	13191	0
chrM	13192	13192	0
chrM	13193	13193	0
chrM	13194	13194	0
chrM	13195	13195	0
chrM	13196	13196	0
chrM	13197	13197	0
chrM	13198	13198	0
chrM	13199	13199	0
chrM	13200	13200	0
chrM	13201	13201	0
chrM	13202	13202	0
chrM	13203	13203	0.000525486074619023
chrM	13204	13204	0.00262054507337526
chrM	13205	13205	0.0103734439834025
chrM	13206	13206	0.00103626943005181
chrM	13207	13207	0
chrM	13208	13208	0
chrM	13209	13209	0
chrM	13210	13210	0
chrM	13211	13211	0
chrM	13212	13212	0
chrM	13213	13213	0
chrM	13214	13214	0
chrM	13215	13215	0
chrM	13216	13216	0
chrM	13217	13217	0
chrM	13218	13218	0
chrM	13219	13219	0
chrM	13220	13220	0
chrM	13221	13221	0
chrM	13222	13222	0
chrM	13223	13223	0
chrM	13224	13224	0
chrM	13225	13225	0
chrM	13226	13226	0
chrM	13227	13227	0
chrM	13228	13228	0
chrM	13229	13229	0
chrM	13230	13230	0
chrM	13231	13231	0
chrM	13232	13232	0
chrM	13233	13233	0
chrM	13234	13234	0
chrM	13235	13235	0.000588235294117647
chrM	13236	13236	0
chrM	13237	13237	0
chrM	13238	13238	0
chrM	13239	13239	0
chrM	13240	13240	0.000591715976331361
chrM	13241	13241	0
chrM	13242	13242	0
chrM	13243	13243	0
chrM	13244	13244	0
chrM	13245	13245	0
chrM	13246	13246	0
chrM	13247	13247	0
chrM	13248	13248	0
chrM	13249	13249	0
chrM	13250	13250	0
chrM	13251	13251	0
chrM	13252	13252	0
chrM	13253	13253	0
chrM	13254	13254	0
chrM	13255	13255	0.000625782227784731
chrM	13256	13256	0
chrM	13257	13257	0
chrM	13258	13258	0
chrM	13259	13259	0.00187734668335419
chrM	13260	13260	0.000625390869293308
chrM	13261	13261	0
chrM	13262	13262	0
chrM	13263	13263	0.00187617260787992
chrM	13264	13264	0
chrM	13265	13265	0
chrM	13266	13266	0
chrM	13267	13267	0
chrM	13268	13268	0
chrM	13269	13269	0
chrM	13270	13270	0
chrM	13271	13271	0
chrM	13272	13272	0
chrM	13273	13273	0
chrM	13274	13274	0
chrM	13275	13275	0
chrM	13276	13276	0
chrM	13277	13277	0
chrM	13278	13278	0
chrM	13279	13279	0
chrM	13280	13280	0
chrM	13281	13281	0.0006426735218509
chrM	13282	13282	0
chrM	13283	13283	0.000644745325596389
chrM	13284	13284	0.000645161290322581
chrM	13285	13285	0
chrM	13286	13286	0
chrM	13287	13287	0
chrM	13288	13288	0.000646830530401035
chrM	13289	13289	0.00129282482223659
chrM	13290	13290	0.0012911555842479
chrM	13291	13291	0
chrM	13292	13292	0
chrM	13293	13293	0
chrM	13294	13294	0
chrM	13295	13295	0
chrM	13296	13296	0
chrM	13297	13297	0
chrM	13298	13298	0
chrM	13299	13299	0
chrM	13300	13300	0
chrM	13301	13301	0
chrM	13302	13302	0
chrM	13303	13303	0
chrM	13304	13304	0
chrM	13305	13305	0
chrM	13306	13306	0
chrM	13307	13307	0
chrM	13308	13308	0
chrM	13309	13309	0
chrM	13310	13310	0.00264900662251656
chrM	13311	13311	0
chrM	13312	13312	0
chrM	13313	13313	0
chrM	13314	13314	0
chrM	13315	13315	0
chrM	13316	13316	0
chrM	13317	13317	0
chrM	13318	13318	0
chrM	13319	13319	0
chrM	13320	13320	0
chrM	13321	13321	0
chrM	13322	13322	0
chrM	13323	13323	0
chrM	13324	13324	0.000667556742323097
chrM	13325	13325	0.00066711140760507
chrM	13326	13326	0.002
chrM	13327	13327	0.000666222518321119
chrM	13328	13328	0.00332005312084993
chrM	13329	13329	0
chrM	13330	13330	0.0834348355663825
chrM	13331	13331	0.00303582270795386
chrM	13332	13332	0.00242277407631738
chrM	13333	13333	0.000605326876513317
chrM	13334	13334	0.00120918984280532
chrM	13335	13335	0.00120772946859903
chrM	13336	13336	0.000603500301750151
chrM	13337	13337	0
chrM	13338	13338	0
chrM	13339	13339	0.00120627261761158
chrM	13340	13340	0
chrM	13341	13341	0.000603500301750151
chrM	13342	13342	0
chrM	13343	13343	0.00181488203266788
chrM	13344	13344	0
chrM	13345	13345	0
chrM	13346	13346	0.00121432908318154
chrM	13347	13347	0.00182260024301337
chrM	13348	13348	0.00483675937122128
chrM	13349	13349	0.00541842263696568
chrM	13350	13350	0.00836320191158901
chrM	13351	13351	0.00357142857142857
chrM	13352	13352	0.000595238095238095
chrM	13353	13353	0
chrM	13354	13354	0.000595238095238095
chrM	13355	13355	0
chrM	13356	13356	0.0129640542133176
chrM	13357	13357	0.00119260584376863
chrM	13358	13358	0.00415676959619952
chrM	13359	13359	0.0029655990510083
chrM	13360	13360	0.00531286894923259
chrM	13361	13361	0.00703399765533412
chrM	13362	13362	0.000586166471277843
chrM	13363	13363	0
chrM	13364	13364	0.00175644028103044
chrM	13365	13365	0.00755374782103428
chrM	13366	13366	0.012075905692927
chrM	13367	13367	0.0108138873079112
chrM	13368	13368	0.00113700966458215
chrM	13369	13369	0.000568181818181818
chrM	13370	13370	0.00452488687782805
chrM	13371	13371	0.000565291124929339
chrM	13372	13372	0.00729517396184063
chrM	13373	13373	0.00335570469798658
chrM	13374	13374	0.00776914539400666
chrM	13375	13375	0.0109769484083425
chrM	13376	13376	0.017259978425027
chrM	13377	13377	0.0393782383419689
chrM	13378	13378	0.289657710710342
chrM	13379	13379	0.012718023255814
chrM	13380	13380	0.00398117987694535
chrM	13381	13381	0.0582822085889571
chrM	13382	13382	0.0984009840098401
chrM	13383	13383	0.0106480073014907
chrM	13384	13384	0.0289769367238321
chrM	13385	13385	0.212389380530973
chrM	13386	13386	0.0249772933696639
chrM	13387	13387	0.0380078636959371
chrM	13388	13388	0.0228388473852721
chrM	13389	13389	0.00552016985138004
chrM	13390	13390	0.00967199327165686
chrM	13391	13391	0.00418760469011725
chrM	13392	13392	0.00209336403600586
chrM	13393	13393	0.0158762886597938
chrM	13394	13394	0.00144449030127941
chrM	13395	13395	0.0750429635287378
chrM	13396	13396	0.00171657448025939
chrM	13397	13397	0.0011441647597254
chrM	13398	13398	0.000571755288736421
chrM	13399	13399	0.000571428571428571
chrM	13400	13400	0.00019047619047619
chrM	13401	13401	0.00133181126331811
chrM	13402	13402	0
chrM	13403	13403	0.00549346467133927
chrM	13404	13404	0
chrM	13405	13405	0
chrM	13406	13406	0.00113657889751847
chrM	13407	13407	0.00226843100189036
chrM	13408	13408	0.0147140994598622
chrM	13409	13409	0.00167348456675344
chrM	13410	13410	0.00848082595870206
chrM	13411	13411	0.00165654334621756
chrM	13412	13412	0.000367985280588776
chrM	13413	13413	0.0363539634687001
chrM	13414	13414	0.000885896527285613
chrM	13415	13415	0.00141542816702052
chrM	13416	13416	0.00650377922306205
chrM	13417	13417	0.0106086956521739
chrM	13418	13418	0.0046737060758179
chrM	13419	13419	0.00224525043177893
chrM	13420	13420	0.00155199172271081
chrM	13421	13421	0.026686807653575
chrM	13422	13422	0.00251130085384229
chrM	13423	13423	0.00016739203213927
chrM	13424	13424	0.00016739203213927
chrM	13425	13425	0.00565912117177097
chrM	13426	13426	0.00562727573651109
chrM	13427	13427	0.000661594442606682
chrM	13428	13428	0.015149047076071
chrM	13429	13429	0.000162866449511401
chrM	13430	13430	0.000976403580146461
chrM	13431	13431	0.000487963565387118
chrM	13432	13432	0.00178629425138032
chrM	13433	13433	0.0107647814910026
chrM	13434	13434	0.0120634920634921
chrM	13435	13435	0.00348101265822785
chrM	13436	13436	0.0163424124513619
chrM	13437	13437	0.00170940170940171
chrM	13438	13438	0.00201612903225806
chrM	13439	13439	0
chrM	13440	13440	0
chrM	13441	13441	0
chrM	13442	13442	0
chrM	13443	13443	0.000155159038013964
chrM	13444	13444	0.000930088358394047
chrM	13445	13445	0
chrM	13446	13446	0.000154990700557967
chrM	13447	13447	0.000154966682163335
chrM	13448	13448	0.00170199597710042
chrM	13449	13449	0.00185328185328185
chrM	13450	13450	0.00138888888888889
chrM	13451	13451	0.00277050946590734
chrM	13452	13452	0.0115642118076689
chrM	13453	13453	0.0521073903002309
chrM	13454	13454	0.00929500929500929
chrM	13455	13455	0.00327915597376675
chrM	13456	13456	0.0386513157894737
chrM	13457	13457	0.000137098985467508
chrM	13458	13458	0.000137381508448963
chrM	13459	13459	0.0161093813456071
chrM	13460	13460	0.0437767128610284
chrM	13461	13461	0.10597637248089
chrM	13462	13462	0.0618276648918831
chrM	13463	13463	0.283478667081906
chrM	13464	13464	0.137243047158404
chrM	13465	13465	0.0149550026469031
chrM	13466	13466	0.00277227722772277
chrM	13467	13467	0.00210789803043278
chrM	13468	13468	0.0196369743556618
chrM	13469	13469	0.0417701092353525
chrM	13470	13470	0.0423305588585018
chrM	13471	13471	0.0242005687423829
chrM	13472	13472	0.0672946781441178
chrM	13473	13473	0.000541213400443795
chrM	13474	13474	0.000162337662337662
chrM	13475	13475	0.000648999459167117
chrM	13476	13476	0.00108067217809478
chrM	13477	13477	0.00366103154947776
chrM	13478	13478	0.00134415828808
chrM	13479	13479	0
chrM	13480	13480	5.37836820308718e-05
chrM	13481	13481	0.000322597989139201
chrM	13482	13482	0.000966858247837998
chrM	13483	13483	0.000590508911316298
chrM	13484	13484	0.00549978641606151
chrM	13485	13485	0.00393658899882966
chrM	13486	13486	0.000265929156472716
chrM	13487	13487	0
chrM	13488	13488	0
chrM	13489	13489	5.31999787200085e-05
chrM	13490	13490	0.00344626477917396
chrM	13491	13491	0.000318015582763555
chrM	13492	13492	0.000423841059602649
chrM	13493	13493	0.000212089077412513
chrM	13494	13494	5.30194581411378e-05
chrM	13495	13495	0
chrM	13496	13496	0.000106027673222711
chrM	13497	13497	0.000106016432547045
chrM	13498	13498	0.00264340470526038
chrM	13499	13499	0.007920688208141
chrM	13500	13500	0.00909657968603805
chrM	13501	13501	0.00134980791195099
chrM	13502	13502	0.00413607693103092
chrM	13503	13503	0.000671661069491088
chrM	13504	13504	0.00329574128430918
chrM	13505	13505	0.000205952013180929
chrM	13506	13506	0.00318226145870759
chrM	13507	13507	0.00174233883365789
chrM	13508	13508	0.00107604017216643
chrM	13509	13509	0.000768088483793333
chrM	13510	13510	0.00102317491175116
chrM	13511	13511	0.00331497348021216
chrM	13512	13512	0.000101988781234064
chrM	13513	13513	0
chrM	13514	13514	0.000204050400448911
chrM	13515	13515	0
chrM	13516	13516	0
chrM	13517	13517	0
chrM	13518	13518	0
chrM	13519	13519	0
chrM	13520	13520	0
chrM	13521	13521	0
chrM	13522	13522	0.000102422287089671
chrM	13523	13523	0
chrM	13524	13524	0
chrM	13525	13525	0
chrM	13526	13526	0
chrM	13527	13527	5.12085210979107e-05
chrM	13528	13528	0.000102422287089671
chrM	13529	13529	0.000153633430634506
chrM	13530	13530	0.000153625563293732
chrM	13531	13531	0.000153601966105166
chrM	13532	13532	5.12006553683887e-05
chrM	13533	13533	0.00010239082578201
chrM	13534	13534	0.00143141966157149
chrM	13535	13535	5.11299723898149e-05
chrM	13536	13536	0.00234669931639629
chrM	13537	13537	5.10204081632653e-05
chrM	13538	13538	5.11456628477905e-05
chrM	13539	13539	0.000153468385512584
chrM	13540	13540	0.000103289779476321
chrM	13541	13541	0.00087741935483871
chrM	13542	13542	0.00360008228759514
chrM	13543	13543	0.0130456852791878
chrM	13544	13544	0.00329514346547704
chrM	13545	13545	0.00288155300540923
chrM	13546	13546	0.00010112245929821
chrM	13547	13547	0.000101132686084142
chrM	13548	13548	0
chrM	13549	13549	0
chrM	13550	13550	0.000104226379696701
chrM	13551	13551	0
chrM	13552	13552	0
chrM	13553	13553	0
chrM	13554	13554	0
chrM	13555	13555	0.000266169816342827
chrM	13556	13556	5.32396315817495e-05
chrM	13557	13557	0.000319352778369172
chrM	13558	13558	0.000266070668369519
chrM	13559	13559	0.000212811236433284
chrM	13560	13560	0
chrM	13561	13561	0.000159625412365649
chrM	13562	13562	0
chrM	13563	13563	5.32226302623876e-05
chrM	13564	13564	0
chrM	13565	13565	0.000106439595529537
chrM	13566	13566	0.000212845208322248
chrM	13567	13567	5.32226302623876e-05
chrM	13568	13568	5.32736668264877e-05
chrM	13569	13569	0
chrM	13570	13570	0
chrM	13571	13571	0.000229871846445607
chrM	13572	13572	5.74977000919963e-05
chrM	13573	13573	0.000230070171402278
chrM	13574	13574	0.000230906886797899
chrM	13575	13575	0.000346340337104595
chrM	13576	13576	0.000173170168552297
chrM	13577	13577	0.000115520129382545
chrM	13578	13578	0
chrM	13579	13579	0.000173731758165393
chrM	13580	13580	0
chrM	13581	13581	0
chrM	13582	13582	0
chrM	13583	13583	6.04193100114797e-05
chrM	13584	13584	0
chrM	13585	13585	0.000120867831026772
chrM	13586	13586	0
chrM	13587	13587	0
chrM	13588	13588	0
chrM	13589	13589	6.04521823237819e-05
chrM	13590	13590	0
chrM	13591	13591	0
chrM	13592	13592	6.04558370110634e-05
chrM	13593	13593	0.000120897056156683
chrM	13594	13594	0.00102675605484085
chrM	13595	13595	0.000241531308495864
chrM	13596	13596	0.000181115672542864
chrM	13597	13597	0.000904868190866864
chrM	13598	13598	0.00138570912158091
chrM	13599	13599	0.0016244509957283
chrM	13600	13600	0.0121269765782903
chrM	13601	13601	0.00071301247771836
chrM	13602	13602	0.00172249940603469
chrM	13603	13603	0.000712292989849825
chrM	13604	13604	0.000890260549587513
chrM	13605	13605	0.011536876802637
chrM	13606	13606	0.000299886043303545
chrM	13607	13607	0.00028887123564671
chrM	13608	13608	0.0166857142857143
chrM	13609	13609	0.000280741156653565
chrM	13610	13610	0.00170988885722428
chrM	13611	13611	0.00171037628278221
chrM	13612	13612	0.00625711035267349
chrM	13613	13613	0.00819672131147541
chrM	13614	13614	0.205035971223022
chrM	13615	13615	0.0313657155303855
chrM	13616	13616	0.00799654203587638
chrM	13617	13617	0.00622986036519871
chrM	13618	13618	0.00747703482161931
chrM	13619	13619	0.00192143467122118
chrM	13620	13620	0.00556745182012848
chrM	13621	13621	0.00368443866493281
chrM	13622	13622	0.00108766586904503
chrM	13623	13623	0.00152240104393214
chrM	13624	13624	0.0230206540447504
chrM	13625	13625	0.109957708573626
chrM	13626	13626	0.0021133525456292
chrM	13627	13627	0.000384689363339104
chrM	13628	13628	0
chrM	13629	13629	0.00192752505782575
chrM	13630	13630	0
chrM	13631	13631	0
chrM	13632	13632	0
chrM	13633	13633	0.000387296669248644
chrM	13634	13634	0.000193610842207164
chrM	13635	13635	0
chrM	13636	13636	0.000387146728610143
chrM	13637	13637	0.000193610842207164
chrM	13638	13638	0.000387071801819237
chrM	13639	13639	0
chrM	13640	13640	0.000193573364305072
chrM	13641	13641	0
chrM	13642	13642	0.000580495356037152
chrM	13643	13643	0.00193199381761978
chrM	13644	13644	0.00327552986512524
chrM	13645	13645	0.0015390534821085
chrM	13646	13646	0.00287742183004028
chrM	13647	13647	0.000383582662063675
chrM	13648	13648	0.000191754554170662
chrM	13649	13649	0.00458190148911798
chrM	13650	13650	0.000190876121397213
chrM	13651	13651	0
chrM	13652	13652	0.00114394661582459
chrM	13653	13653	0.000381170192490947
chrM	13654	13654	0.000761759664825747
chrM	13655	13655	0.00019040365575019
chrM	13656	13656	0.00076103500761035
chrM	13657	13657	0.0013305455236647
chrM	13658	13658	0.000569908814589666
chrM	13659	13659	0.000569584203531422
chrM	13660	13660	0.00113787217902522
chrM	13661	13661	0.00037914691943128
chrM	13662	13662	0.000379003221527383
chrM	13663	13663	0.000378859632506156
chrM	13664	13664	0.00113550340651022
chrM	13665	13665	0.00471431265321516
chrM	13666	13666	0.00581613508442777
chrM	13667	13667	0.0181012190616919
chrM	13668	13668	0.0029585798816568
chrM	13669	13669	0.00221852468108708
chrM	13670	13670	0.0024047354790973
chrM	13671	13671	0.0071664829106946
chrM	13672	13672	0.00420937042459736
chrM	13673	13673	0.00438837081733406
chrM	13674	13674	0.000549954170485793
chrM	13675	13675	0.023907963329139
chrM	13676	13676	0.00161725067385445
chrM	13677	13677	0.000359841669665347
chrM	13678	13678	0.000180212650928095
chrM	13679	13679	0.000180245133381399
chrM	13680	13680	0.00359582883854729
chrM	13681	13681	0.00305425799496946
chrM	13682	13682	0.00251798561151079
chrM	13683	13683	0.00322985824511035
chrM	13684	13684	0.0257172848145556
chrM	13685	13685	0.0339986468200271
chrM	13686	13686	0.0145145145145145
chrM	13687	13687	0.00811392614671303
chrM	13688	13688	0.024733268671193
chrM	13689	13689	0.0218388985598987
chrM	13690	13690	0.0329199203797275
chrM	13691	13691	0.0101870153565455
chrM	13692	13692	0.142782289756353
chrM	13693	13693	0.00184210526315789
chrM	13694	13694	0.00159045725646123
chrM	13695	13695	0.00348806010195868
chrM	13696	13696	0.0041655468959957
chrM	13697	13697	0.0115638766519824
chrM	13698	13698	0.000690703135792236
chrM	13699	13699	0.000693288962839712
chrM	13700	13700	0.00293341155764154
chrM	13701	13701	0.00409177261435043
chrM	13702	13702	0.00306033226464588
chrM	13703	13703	0.0011648223645894
chrM	13704	13704	0.00464171743545112
chrM	13705	13705	0.000290275761973875
chrM	13706	13706	0.000290360046457607
chrM	13707	13707	0.000435729847494553
chrM	13708	13708	0.000436871996505024
chrM	13709	13709	0.000730246823426318
chrM	13710	13710	0.0023361074609432
chrM	13711	13711	0.0132622170967277
chrM	13712	13712	0.0132290184921764
chrM	13713	13713	0.0980241211188093
chrM	13714	13714	0.013917004048583
chrM	13715	13715	0.00302839116719243
chrM	13716	13716	0.00201994697639187
chrM	13717	13717	0.000126454223571067
chrM	13718	13718	0.000127177921912756
chrM	13719	13719	0.0079507566042575
chrM	13720	13720	0.000129584035246858
chrM	13721	13721	0.0734320452630312
chrM	13722	13722	0.00252555622369212
chrM	13723	13723	0.102289911427954
chrM	13724	13724	0.026398822044594
chrM	13725	13725	0.0137952494554507
chrM	13726	13726	0.00248370071406396
chrM	13727	13727	0.000310366232153942
chrM	13728	13728	0.000312369845897543
chrM	13729	13729	0.000104275286757039
chrM	13730	13730	0
chrM	13731	13731	0
chrM	13732	13732	0
chrM	13733	13733	0.000321440051430408
chrM	13734	13734	0
chrM	13735	13735	0
chrM	13736	13736	0
chrM	13737	13737	0
chrM	13738	13738	0.000107411385606874
chrM	13739	13739	0
chrM	13740	13740	0.000107573149741824
chrM	13741	13741	0
chrM	13742	13742	0
chrM	13743	13743	0
chrM	13744	13744	0
chrM	13745	13745	0
chrM	13746	13746	0
chrM	13747	13747	0
chrM	13748	13748	0
chrM	13749	13749	0
chrM	13750	13750	0.00011015642211941
chrM	13751	13751	0.00077271221989182
chrM	13752	13752	0.000664010624169987
chrM	13753	13753	0.000221385875581138
chrM	13754	13754	0.000110778774786751
chrM	13755	13755	0.00110656191213898
chrM	13756	13756	0.000110668437361664
chrM	13757	13757	0.000996677740863787
chrM	13758	13758	0.0017763961363384
chrM	13759	13759	0.000111681929863748
chrM	13760	13760	0.00113096584483149
chrM	13761	13761	0.000227092085840808
chrM	13762	13762	0.000113546042920404
chrM	13763	13763	0.00079428117553614
chrM	13764	13764	0.000113455865668255
chrM	13765	13765	0.000567601316835055
chrM	13766	13766	0.0010250569476082
chrM	13767	13767	0
chrM	13768	13768	0
chrM	13769	13769	0.000115061557933494
chrM	13770	13770	0.000230255583697905
chrM	13771	13771	0.000115154306771073
chrM	13772	13772	0
chrM	13773	13773	0
chrM	13774	13774	0
chrM	13775	13775	0
chrM	13776	13776	0
chrM	13777	13777	0.000346060675971854
chrM	13778	13778	0
chrM	13779	13779	0
chrM	13780	13780	0.000692440854010387
chrM	13781	13781	0.000115393491807062
chrM	13782	13782	0.000230733733271804
chrM	13783	13783	0.00103722484729745
chrM	13784	13784	0.00126611418047882
chrM	13785	13785	0.00172374166858194
chrM	13786	13786	0.00161178908588533
chrM	13787	13787	0.000617665225447807
chrM	13788	13788	0.000248416345795553
chrM	13789	13789	0.000249500998003992
chrM	13790	13790	0.000125407574617507
chrM	13791	13791	0.000756143667296786
chrM	13792	13792	0.000126598303582732
chrM	13793	13793	0
chrM	13794	13794	0.000380083618396047
chrM	13795	13795	0
chrM	13796	13796	0.000506649778340722
chrM	13797	13797	0.000885851683118198
chrM	13798	13798	0.000126534227508541
chrM	13799	13799	0.000126518218623482
chrM	13800	13800	0
chrM	13801	13801	0
chrM	13802	13802	0.000253036437246964
chrM	13803	13803	0.000126534227508541
chrM	13804	13804	0
chrM	13805	13805	0.000126534227508541
chrM	13806	13806	0.000253004427577483
chrM	13807	13807	0
chrM	13808	13808	0.000126486213002783
chrM	13809	13809	0.000252908447142135
chrM	13810	13810	0.00012643823492224
chrM	13811	13811	0.000631791761435431
chrM	13812	13812	0.00163996467768387
chrM	13813	13813	0.00276764372877091
chrM	13814	13814	0.0093469591226321
chrM	13815	13815	0.00074719800747198
chrM	13816	13816	0.00495662949194548
chrM	13817	13817	0.000495417389150359
chrM	13818	13818	0.000123992560446373
chrM	13819	13819	0.00037183936539415
chrM	13820	13820	0.00160871179309491
chrM	13821	13821	0.00283810463968411
chrM	13822	13822	0.00270735909426532
chrM	13823	13823	0.0116759912430066
chrM	13824	13824	0.00772387159063481
chrM	13825	13825	0.00264805007221955
chrM	13826	13826	0.0265994844152801
chrM	13827	13827	0.00524536659284299
chrM	13828	13828	0.40339407428015
chrM	13829	13829	0.0209071097793517
chrM	13830	13830	0.300874802810842
chrM	13831	13831	0.0321669906507452
chrM	13832	13832	0.0116215226939971
chrM	13833	13833	0.0498564343513443
chrM	13834	13834	0.00230234578627281
chrM	13835	13835	0.00202082326582612
chrM	13836	13836	0.00350692617920393
chrM	13837	13837	0.0040604261264408
chrM	13838	13838	0.0101167315175097
chrM	13839	13839	0.00284654532907789
chrM	13840	13840	0.00163687271160887
chrM	13841	13841	0.00138630160724343
chrM	13842	13842	0.000476376077259538
chrM	13843	13843	0.000259818992768371
chrM	13844	13844	0.000563429116283101
chrM	13845	13845	0.00487741712707182
chrM	13846	13846	0.0010351966873706
chrM	13847	13847	0.000821301979770035
chrM	13848	13848	0.000259437021662991
chrM	13849	13849	0.000216244269526858
chrM	13850	13850	0
chrM	13851	13851	0.000173483107082448
chrM	13852	13852	0.000303990967125548
chrM	13853	13853	0.00108875533490114
chrM	13854	13854	0.00418610735621157
chrM	13855	13855	0.00161459242450689
chrM	13856	13856	0.0646979536821468
chrM	13857	13857	0.00110195086115419
chrM	13858	13858	0.00150780390398957
chrM	13859	13859	0.00187113569801497
chrM	13860	13860	0.00275839688463411
chrM	13861	13861	0.00561434687777688
chrM	13862	13862	0.00104931794333683
chrM	13863	13863	0.000927756040498568
chrM	13864	13864	0.000524299253881831
chrM	13865	13865	0
chrM	13866	13866	0.000282326369282891
chrM	13867	13867	0.0239351232186442
chrM	13868	13868	0.000904621435594887
chrM	13869	13869	0.00231554160125589
chrM	13870	13870	0.000509963910246352
chrM	13871	13871	0.000705633305892038
chrM	13872	13872	0.000156807401309342
chrM	13873	13873	7.84037006546709e-05
chrM	13874	13874	3.92049241384718e-05
chrM	13875	13875	3.92387679026879e-05
chrM	13876	13876	3.92665017473593e-05
chrM	13877	13877	7.86132620573091e-05
chrM	13878	13878	3.93159032828779e-05
chrM	13879	13879	7.86318065657558e-05
chrM	13880	13880	0.000196540880503145
chrM	13881	13881	0.000196502259775987
chrM	13882	13882	7.85947262938657e-05
chrM	13883	13883	0.000981469849246231
chrM	13884	13884	0.000784559861917464
chrM	13885	13885	0.000196101502137506
chrM	13886	13886	0.000235404896421846
chrM	13887	13887	0
chrM	13888	13888	0.000471401634192332
chrM	13889	13889	7.85854616895874e-05
chrM	13890	13890	0.000235830516468831
chrM	13891	13891	0.000471475719000471
chrM	13892	13892	0.000117868929750118
chrM	13893	13893	0.00223459306884115
chrM	13894	13894	0.000940070505287897
chrM	13895	13895	0.000391650021540751
chrM	13896	13896	0.00653721934705631
chrM	13897	13897	0.000855332218809533
chrM	13898	13898	0.0162172499521897
chrM	13899	13899	0.0708115602004906
chrM	13900	13900	0.0188021069522447
chrM	13901	13901	0.00167177486765116
chrM	13902	13902	0.0576512689188746
chrM	13903	13903	0.00392683006642888
chrM	13904	13904	0.015660748235749
chrM	13905	13905	0.00936341556947463
chrM	13906	13906	0.0535000605546809
chrM	13907	13907	0.0262852725164283
chrM	13908	13908	0.00535883467550924
chrM	13909	13909	0.00209817074972665
chrM	13910	13910	0.00156480661352229
chrM	13911	13911	0.00162924343859233
chrM	13912	13912	0.0117826276192253
chrM	13913	13913	0.000711697722567288
chrM	13914	13914	0.00061624841658393
chrM	13915	13915	0.000762036716314513
chrM	13916	13916	0.00616810705324784
chrM	13917	13917	0.00617091350320679
chrM	13918	13918	0.0129122855087851
chrM	13919	13919	0.0966083320427443
chrM	13920	13920	0.00441058540497193
chrM	13921	13921	0.00184729064039409
chrM	13922	13922	0.00206198258086357
chrM	13923	13923	0.0013551387477286
chrM	13924	13924	0.000923417877370106
chrM	13925	13925	0.000431446269530648
chrM	13926	13926	0.000524076700166471
chrM	13927	13927	3.08394498242151e-05
chrM	13928	13928	0.00484974983885325
chrM	13929	13929	6.14099729796119e-05
chrM	13930	13930	3.07059293149507e-05
chrM	13931	13931	0.000122831260555811
chrM	13932	13932	0.00101261161741692
chrM	13933	13933	0.000276132911974964
chrM	13934	13934	0.000460122699386503
chrM	13935	13935	9.22197288739971e-05
chrM	13936	13936	9.22225637872733e-05
chrM	13937	13937	0.000153699548123329
chrM	13938	13938	0.000153694823558343
chrM	13939	13939	0.000645240582560069
chrM	13940	13940	0
chrM	13941	13941	0.00175282142747317
chrM	13942	13942	9.23218956762579e-05
chrM	13943	13943	0
chrM	13944	13944	0.000123202020513136
chrM	13945	13945	0.00049264117248599
chrM	13946	13946	0.00307040437225583
chrM	13947	13947	0.000368346737061821
chrM	13948	13948	0.00162422236523551
chrM	13949	13949	0.000245120568679719
chrM	13950	13950	0.000520625976173705
chrM	13951	13951	6.12613716421111e-05
chrM	13952	13952	0.00515448195931314
chrM	13953	13953	6.10295688260962e-05
chrM	13954	13954	0
chrM	13955	13955	0
chrM	13956	13956	0
chrM	13957	13957	0
chrM	13958	13958	0
chrM	13959	13959	0
chrM	13960	13960	3.05558101873071e-05
chrM	13961	13961	9.16618289590272e-05
chrM	13962	13962	6.11060189428659e-05
chrM	13963	13963	0
chrM	13964	13964	0.00012220830405426
chrM	13965	13965	3.05520760135651e-05
chrM	13966	13966	0.000274893097128894
chrM	13967	13967	0.00115931417414119
chrM	13968	13968	0.00134060510039304
chrM	13969	13969	0.00194623525118599
chrM	13970	13970	9.12242291552636e-05
chrM	13971	13971	0.000455913194127838
chrM	13972	13972	6.07865783235062e-05
chrM	13973	13973	3.03942129418559e-05
chrM	13974	13974	0.000121591634495547
chrM	13975	13975	0.000455871626549964
chrM	13976	13976	0.000303914417699976
chrM	13977	13977	3.03969846191258e-05
chrM	13978	13978	3.03988326848249e-05
chrM	13979	13979	0.000151975683890578
chrM	13980	13980	0
chrM	13981	13981	0
chrM	13982	13982	0.000850675983594106
chrM	13983	13983	0.000425195893822511
chrM	13984	13984	3.03748253447543e-05
chrM	13985	13985	0.000121488230827639
chrM	13986	13986	0
chrM	13987	13987	0.00030362835888872
chrM	13988	13988	0.000151800352176817
chrM	13989	13989	0.00103120924448758
chrM	13990	13990	0.00169568508705526
chrM	13991	13991	0.000393557762170017
chrM	13992	13992	0
chrM	13993	13993	0
chrM	13994	13994	0
chrM	13995	13995	6.10109514657881e-05
chrM	13996	13996	9.15555284279916e-05
chrM	13997	13997	0
chrM	13998	13998	0.000122088941794097
chrM	13999	13999	0
chrM	14000	14000	0.00173754000914495
chrM	14001	14001	0.000182871075891496
chrM	14002	14002	0.000700728147945039
chrM	14003	14003	0.00660085992854115
chrM	14004	14004	0.00407264390008447
chrM	14005	14005	0.00733818552131069
chrM	14006	14006	0.00390834775344591
chrM	14007	14007	0.00787378267175799
chrM	14008	14008	0.010838996953363
chrM	14009	14009	0.00905949650105984
chrM	14010	14010	0.00350201365785327
chrM	14011	14011	0.0021444728415734
chrM	14012	14012	0.00117320160543378
chrM	14013	14013	0.000433998798157174
chrM	14014	14014	0.000640717603716162
chrM	14015	14015	0.000409332787556283
chrM	14016	14016	0.000572278814238297
chrM	14017	14017	0.00074147305981216
chrM	14018	14018	0.00361897376244022
chrM	14019	14019	0.000924214417744917
chrM	14020	14020	0.000264725347452019
chrM	14021	14021	0
chrM	14022	14022	0
chrM	14023	14023	0
chrM	14024	14024	0
chrM	14025	14025	0.000277161862527716
chrM	14026	14026	0.00126032768519815
chrM	14027	14027	0.00392211794368959
chrM	14028	14028	0.00196380979099453
chrM	14029	14029	0.00447991040179196
chrM	14030	14030	0.00111888111888112
chrM	14031	14031	0.000419463087248322
chrM	14032	14032	0.000702543206407194
chrM	14033	14033	0.000422297297297297
chrM	14034	14034	0.000903342366757001
chrM	14035	14035	0.00199600798403194
chrM	14036	14036	0.00530316422131872
chrM	14037	14037	0.000733541169998166
chrM	14038	14038	0.0477779729492359
chrM	14039	14039	0.000353919660237126
chrM	14040	14040	0
chrM	14041	14041	0
chrM	14042	14042	0
chrM	14043	14043	0
chrM	14044	14044	0
chrM	14045	14045	0.00395470070106058
chrM	14046	14046	0
chrM	14047	14047	0
chrM	14048	14048	0.00054005400540054
chrM	14049	14049	0.00036003600360036
chrM	14050	14050	0.000180115273775216
chrM	14051	14051	0
chrM	14052	14052	0.000180147721131328
chrM	14053	14053	0
chrM	14054	14054	0
chrM	14055	14055	0.0115802601104579
chrM	14056	14056	0.000890154886950329
chrM	14057	14057	0.000177999288002848
chrM	14058	14058	0.00142196942765731
chrM	14059	14059	0.0049531222359809
chrM	14060	14060	0.00352547153181738
chrM	14061	14061	0
chrM	14062	14062	0.00281244506943224
chrM	14063	14063	0.000175746924428823
chrM	14064	14064	0.00157922442533778
chrM	14065	14065	0.000351000351000351
chrM	14066	14066	0.000175469380593087
chrM	14067	14067	0.000526500526500527
chrM	14068	14068	0.00123022847100176
chrM	14069	14069	0.00508236943568174
chrM	14070	14070	0.0100694444444444
chrM	14071	14071	0.00449360525406153
chrM	14072	14072	0.0134697357203751
chrM	14073	14073	0.00136239782016349
chrM	14074	14074	0.00407677934431799
chrM	14075	14075	0.000201288244766506
chrM	14076	14076	0.000413564929693962
chrM	14077	14077	0.001085776330076
chrM	14078	14078	0.00234741784037559
chrM	14079	14079	0.00403704583234386
chrM	14080	14080	0.00213827512473272
chrM	14081	14081	0.000237812128418549
chrM	14082	14082	0.0454338936846888
chrM	14083	14083	0.00136116152450091
chrM	14084	14084	0.00181159420289855
chrM	14085	14085	0.000904977375565611
chrM	14086	14086	0.00225733634311512
chrM	14087	14087	0.000676742612226483
chrM	14088	14088	0.000225580870742161
chrM	14089	14089	0.0002255299954894
chrM	14090	14090	0
chrM	14091	14091	0.00404403504830375
chrM	14092	14092	0.000224820143884892
chrM	14093	14093	0.000226346763241286
chrM	14094	14094	0.000452591083955646
chrM	14095	14095	0.000452386337932594
chrM	14096	14096	0
chrM	14097	14097	0
chrM	14098	14098	0.000455580865603645
chrM	14099	14099	0.00022878059940517
chrM	14100	14100	0.00710846136207292
chrM	14101	14101	0.00229779411764706
chrM	14102	14102	0.25660830758668
chrM	14103	14103	0.00154241645244216
chrM	14104	14104	0.000171438367906738
chrM	14105	14105	0
chrM	14106	14106	0
chrM	14107	14107	0
chrM	14108	14108	0
chrM	14109	14109	0.00359342915811088
chrM	14110	14110	0.00290300546448087
chrM	14111	14111	0.00289460241784437
chrM	14112	14112	0.00373324283047684
chrM	14113	14113	0.00101712154602475
chrM	14114	14114	0
chrM	14115	14115	0.000169664065151001
chrM	14116	14116	0
chrM	14117	14117	0
chrM	14118	14118	0
chrM	14119	14119	0
chrM	14120	14120	0.000170502983802217
chrM	14121	14121	0.000170561146170902
chrM	14122	14122	0.000341122292341805
chrM	14123	14123	0.00492359932088285
chrM	14124	14124	0.00101781170483461
chrM	14125	14125	0.000169664065151001
chrM	14126	14126	0.000169635284139101
chrM	14127	14127	0
chrM	14128	14128	0.000170125893160939
chrM	14129	14129	0
chrM	14130	14130	0
chrM	14131	14131	0.000340541460922867
chrM	14132	14132	0.0106132075471698
chrM	14133	14133	0.00235294117647059
chrM	14134	14134	0.0108063175394846
chrM	14135	14135	0.000999500249875062
chrM	14136	14136	0.000499833388870377
chrM	14137	14137	0
chrM	14138	14138	0.000172294968986906
chrM	14139	14139	0.000517955801104972
chrM	14140	14140	0.00190311418685121
chrM	14141	14141	0.00363133321805291
chrM	14142	14142	0.0220338983050847
chrM	14143	14143	0.00135662201119213
chrM	14144	14144	0.000509424350483953
chrM	14145	14145	0.000169836956521739
chrM	14146	14146	0.00135869565217391
chrM	14147	14147	0.000849329030066248
chrM	14148	14148	0.000848896434634975
chrM	14149	14149	0.00338466745642241
chrM	14150	14150	0.00288233299423533
chrM	14151	14151	0.00203080047385344
chrM	14152	14152	0.00387727579231288
chrM	14153	14153	0.00219150370869858
chrM	14154	14154	0.00520570948782536
chrM	14155	14155	0.00369561565597178
chrM	14156	14156	0.0057368232341341
chrM	14157	14157	0.0425270905745246
chrM	14158	14158	0.00128040973111396
chrM	14159	14159	0.000436014824504033
chrM	14160	14160	0.0184787279759347
chrM	14161	14161	0.000645855758880517
chrM	14162	14162	0.000226449275362319
chrM	14163	14163	0
chrM	14164	14164	0
chrM	14165	14165	0.000251067034898318
chrM	14166	14166	0
chrM	14167	14167	0
chrM	14168	14168	0
chrM	14169	14169	0
chrM	14170	14170	0.000266169816342827
chrM	14171	14171	0
chrM	14172	14172	0.0008
chrM	14173	14173	0.000266595574513463
chrM	14174	14174	0
chrM	14175	14175	0
chrM	14176	14176	0
chrM	14177	14177	0.0013319126265317
chrM	14178	14178	0
chrM	14179	14179	0.000266453503863576
chrM	14180	14180	0.000532623169107856
chrM	14181	14181	0.00186071238702818
chrM	14182	14182	0
chrM	14183	14183	0.000531490831783152
chrM	14184	14184	0.00265181649429859
chrM	14185	14185	0.00789473684210526
chrM	14186	14186	0.00157728706624606
chrM	14187	14187	0.00157521659228144
chrM	14188	14188	0
chrM	14189	14189	0.0171740827478532
chrM	14190	14190	0
chrM	14191	14191	0.000520697734964853
chrM	14192	14192	0
chrM	14193	14193	0.00115975645114526
chrM	14194	14194	0
chrM	14195	14195	0
chrM	14196	14196	0.000293427230046948
chrM	14197	14197	0
chrM	14198	14198	0
chrM	14199	14199	0
chrM	14200	14200	0.000295333727111636
chrM	14201	14201	0
chrM	14202	14202	0
chrM	14203	14203	0
chrM	14204	14204	0.000295595625184747
chrM	14205	14205	0.000591366055588409
chrM	14206	14206	0
chrM	14207	14207	0
chrM	14208	14208	0
chrM	14209	14209	0
chrM	14210	14210	0
chrM	14211	14211	0
chrM	14212	14212	0
chrM	14213	14213	0
chrM	14214	14214	0
chrM	14215	14215	0
chrM	14216	14216	0
chrM	14217	14217	0.001778304682869
chrM	14218	14218	0.000593471810089021
chrM	14219	14219	0
chrM	14220	14220	0
chrM	14221	14221	0
chrM	14222	14222	0
chrM	14223	14223	0
chrM	14224	14224	0
chrM	14225	14225	0
chrM	14226	14226	0
chrM	14227	14227	0
chrM	14228	14228	0
chrM	14229	14229	0
chrM	14230	14230	0
chrM	14231	14231	0
chrM	14232	14232	0
chrM	14233	14233	0.000439367311072056
chrM	14234	14234	0.00043956043956044
chrM	14235	14235	0.00043956043956044
chrM	14236	14236	0.000439367311072056
chrM	14237	14237	0.000440140845070423
chrM	14238	14238	0
chrM	14239	14239	0
chrM	14240	14240	0
chrM	14241	14241	0
chrM	14242	14242	0
chrM	14243	14243	0
chrM	14244	14244	0
chrM	14245	14245	0
chrM	14246	14246	0
chrM	14247	14247	0
chrM	14248	14248	0.00138121546961326
chrM	14249	14249	0.000716332378223496
chrM	14250	14250	0
chrM	14251	14251	0.000722021660649819
chrM	14252	14252	0.00294117647058824
chrM	14253	14253	0.00367107195301028
chrM	14254	14254	0.000736919675755343
chrM	14255	14255	0
chrM	14256	14256	0
chrM	14257	14257	0
chrM	14258	14258	0
chrM	14259	14259	0
chrM	14260	14260	0
chrM	14261	14261	0
chrM	14262	14262	0.00454959053685168
chrM	14263	14263	0
chrM	14264	14264	0
chrM	14265	14265	0
chrM	14266	14266	0
chrM	14267	14267	0
chrM	14268	14268	0.000919963201471941
chrM	14269	14269	0.00184331797235023
chrM	14270	14270	0
chrM	14271	14271	0
chrM	14272	14272	0
chrM	14273	14273	0
chrM	14274	14274	0
chrM	14275	14275	0
chrM	14276	14276	0
chrM	14277	14277	0
chrM	14278	14278	0
chrM	14279	14279	0
chrM	14280	14280	0
chrM	14281	14281	0
chrM	14282	14282	0
chrM	14283	14283	0
chrM	14284	14284	0
chrM	14285	14285	0
chrM	14286	14286	0
chrM	14287	14287	0
chrM	14288	14288	0
chrM	14289	14289	0
chrM	14290	14290	0
chrM	14291	14291	0
chrM	14292	14292	0
chrM	14293	14293	0
chrM	14294	14294	0
chrM	14295	14295	0
chrM	14296	14296	0
chrM	14297	14297	0
chrM	14298	14298	0
chrM	14299	14299	0
chrM	14300	14300	0
chrM	14301	14301	0
chrM	14302	14302	0
chrM	14303	14303	0
chrM	14304	14304	0
chrM	14305	14305	0
chrM	14306	14306	0
chrM	14307	14307	0
chrM	14308	14308	0
chrM	14309	14309	0
chrM	14310	14310	0
chrM	14311	14311	0
chrM	14312	14312	0
chrM	14313	14313	0
chrM	14314	14314	0
chrM	14315	14315	0
chrM	14316	14316	0
chrM	14317	14317	0
chrM	14318	14318	0
chrM	14319	14319	0
chrM	14320	14320	0
chrM	14321	14321	0
chrM	14322	14322	0
chrM	14323	14323	0
chrM	14324	14324	0
chrM	14325	14325	0
chrM	14326	14326	0
chrM	14327	14327	0
chrM	14328	14328	0
chrM	14329	14329	0
chrM	14330	14330	0
chrM	14331	14331	0
chrM	14332	14332	0
chrM	14333	14333	0
chrM	14334	14334	0
chrM	14335	14335	0
chrM	14336	14336	0
chrM	14337	14337	0
chrM	14338	14338	0
chrM	14339	14339	0
chrM	14340	14340	0
chrM	14341	14341	0
chrM	14342	14342	0
chrM	14343	14343	0
chrM	14344	14344	0
chrM	14345	14345	0
chrM	14346	14346	0
chrM	14347	14347	0
chrM	14348	14348	0
chrM	14349	14349	0
chrM	14350	14350	0
chrM	14351	14351	0
chrM	14352	14352	0
chrM	14353	14353	0
chrM	14354	14354	0
chrM	14355	14355	0
chrM	14356	14356	0
chrM	14357	14357	0
chrM	14358	14358	0
chrM	14359	14359	0
chrM	14360	14360	0
chrM	14361	14361	0
chrM	14362	14362	0
chrM	14363	14363	0
chrM	14364	14364	0
chrM	14365	14365	0
chrM	14366	14366	0
chrM	14367	14367	0
chrM	14368	14368	0
chrM	14369	14369	0
