chrM	1	2	0
chrM	2	3	1
chrM	3	4	1
chrM	4	5	1
chrM	5	6	1
chrM	6	7	1
chrM	7	8	3
chrM	8	9	5
chrM	9	10	5
chrM	10	11	5
chrM	11	12	5
chrM	12	13	7
chrM	13	14	7
chrM	14	15	7
chrM	15	16	7
chrM	16	17	10
chrM	17	18	13
chrM	18	19	14
chrM	19	20	14
chrM	20	21	22
chrM	21	22	27
chrM	22	23	27
chrM	23	24	27
chrM	24	25	28
chrM	25	26	28
chrM	26	27	29
chrM	27	28	29
chrM	28	29	29
chrM	29	30	29
chrM	30	31	58
chrM	31	32	66
chrM	32	33	66
chrM	33	34	66
chrM	34	35	66
chrM	35	36	66
chrM	36	37	66
chrM	37	38	66
chrM	38	39	66
chrM	39	40	66
chrM	40	41	66
chrM	41	42	66
chrM	42	43	67
chrM	43	44	67
chrM	44	45	67
chrM	45	46	68
chrM	46	47	69
chrM	47	48	71
chrM	48	49	71
chrM	49	50	71
chrM	50	51	71
chrM	51	52	71
chrM	52	53	71
chrM	53	54	71
chrM	54	55	72
chrM	55	56	72
chrM	56	57	72
chrM	57	58	72
chrM	58	59	73
chrM	59	60	73
chrM	60	61	73
chrM	61	62	74
chrM	62	63	74
chrM	63	64	75
chrM	64	65	75
chrM	65	66	75
chrM	66	67	75
chrM	67	68	79
chrM	68	69	79
chrM	69	70	79
chrM	70	71	79
chrM	71	72	79
chrM	72	73	79
chrM	73	74	79
chrM	74	75	79
chrM	75	76	81
chrM	76	77	81
chrM	77	78	82
chrM	78	79	83
chrM	79	80	86
chrM	80	81	88
chrM	81	82	92
chrM	82	83	92
chrM	83	84	107
chrM	84	85	110
chrM	85	86	110
chrM	86	87	110
chrM	87	88	110
chrM	88	89	110
chrM	89	90	110
chrM	90	91	110
chrM	91	92	110
chrM	92	93	110
chrM	93	94	111
chrM	94	95	111
chrM	95	96	111
chrM	96	97	111
chrM	97	98	111
chrM	98	99	112
chrM	99	100	136
chrM	100	101	141
chrM	101	102	145
chrM	102	103	151
chrM	103	104	155
chrM	104	105	161
chrM	105	106	188
chrM	106	107	197
chrM	107	108	227
chrM	108	109	260
chrM	109	110	266
chrM	110	111	364
chrM	111	112	396
chrM	112	113	427
chrM	113	114	487
chrM	114	115	1319
chrM	115	116	1691
chrM	116	117	2179
chrM	117	118	2261
chrM	118	119	2542
chrM	119	120	2544
chrM	120	121	2545
chrM	121	122	2546
chrM	122	123	2568
chrM	123	124	2568
chrM	124	125	2579
chrM	125	126	2595
chrM	126	127	2605
chrM	127	128	2626
chrM	128	129	2627
chrM	129	130	2656
chrM	130	131	2659
chrM	131	132	2660
chrM	132	133	2680
chrM	133	134	2682
chrM	134	135	2682
chrM	135	136	2689
chrM	136	137	2695
chrM	137	138	2700
chrM	138	139	2734
chrM	139	140	2778
chrM	140	141	2789
chrM	141	142	2793
chrM	142	143	2795
chrM	143	144	2810
chrM	144	145	2886
chrM	145	146	2992
chrM	146	147	3732
chrM	147	148	3943
chrM	148	149	3976
chrM	149	150	4001
chrM	150	151	4082
chrM	151	152	4101
chrM	152	153	4122
chrM	153	154	4204
chrM	154	155	4207
chrM	155	156	4367
chrM	156	157	4368
chrM	157	158	4370
chrM	158	159	4374
chrM	159	160	4376
chrM	160	161	4383
chrM	161	162	4384
chrM	162	163	4392
chrM	163	164	4394
chrM	164	165	4404
chrM	165	166	4413
chrM	166	167	4432
chrM	167	168	4440
chrM	168	169	4446
chrM	169	170	4447
chrM	170	171	4455
chrM	171	172	4496
chrM	172	173	4529
chrM	173	174	4561
chrM	174	175	4708
chrM	175	176	4768
chrM	176	177	4790
chrM	177	178	4844
chrM	178	179	4946
chrM	179	180	4904
chrM	180	181	6209
chrM	181	182	6229
chrM	182	183	6264
chrM	183	184	6280
chrM	184	185	6229
chrM	185	186	6249
chrM	186	187	6258
chrM	187	188	6267
chrM	188	189	6339
chrM	189	190	6364
chrM	190	191	6482
chrM	191	192	6525
chrM	192	193	6565
chrM	193	194	6571
chrM	194	195	6571
chrM	195	196	6574
chrM	196	197	6586
chrM	197	198	6597
chrM	198	199	7944
chrM	199	200	7958
chrM	200	201	8001
chrM	201	202	8015
chrM	202	203	8039
chrM	203	204	8062
chrM	204	205	8068
chrM	205	206	8064
chrM	206	207	8068
chrM	207	208	8069
chrM	208	209	8071
chrM	209	210	8081
chrM	210	211	8093
chrM	211	212	8196
chrM	212	213	8278
chrM	213	214	8661
chrM	214	215	8702
chrM	215	216	8765
chrM	216	217	8872
chrM	217	218	9000
chrM	218	219	8979
chrM	219	220	13852
chrM	220	221	13860
chrM	221	222	13869
chrM	222	223	13890
chrM	223	224	13938
chrM	224	225	14010
chrM	225	226	14078
chrM	226	227	14296
chrM	227	228	14565
chrM	228	229	14805
chrM	229	230	15321
chrM	230	231	15388
chrM	231	232	16025
chrM	232	233	16094
chrM	233	234	16124
chrM	234	235	16456
chrM	235	236	16453
chrM	236	237	16453
chrM	237	238	16449
chrM	238	239	16450
chrM	239	240	16449
chrM	240	241	16455
chrM	241	242	16456
chrM	242	243	16456
chrM	243	244	16469
chrM	244	245	16474
chrM	245	246	16490
chrM	246	247	16508
chrM	247	248	16446
chrM	248	249	16451
chrM	249	250	16455
chrM	250	251	16485
chrM	251	252	16553
chrM	252	253	16762
chrM	253	254	16772
chrM	254	255	16782
chrM	255	256	16781
chrM	256	257	16783
chrM	257	258	16786
chrM	258	259	16785
chrM	259	260	16794
chrM	260	261	16799
chrM	261	262	16805
chrM	262	263	16838
chrM	263	264	16851
chrM	264	265	16883
chrM	265	266	16886
chrM	266	267	16887
chrM	267	268	16890
chrM	268	269	16893
chrM	269	270	16912
chrM	270	271	16955
chrM	271	272	16934
chrM	272	273	17011
chrM	273	274	17028
chrM	274	275	17049
chrM	275	276	17204
chrM	276	277	17426
chrM	277	278	17687
chrM	278	279	18094
chrM	279	280	18210
chrM	280	281	18354
chrM	281	282	18395
chrM	282	283	18026
chrM	283	284	17799
chrM	284	285	17616
chrM	285	286	17599
chrM	286	287	17580
chrM	287	288	17576
chrM	288	289	17583
chrM	289	290	17585
chrM	290	291	17586
chrM	291	292	17590
chrM	292	293	17590
chrM	293	294	17591
chrM	294	295	17591
chrM	295	296	17591
chrM	296	297	17594
chrM	297	298	17596
chrM	298	299	17596
chrM	299	300	17600
chrM	300	301	17601
chrM	301	302	17604
chrM	302	303	17605
chrM	303	304	17609
chrM	304	305	17681
chrM	305	306	17686
chrM	306	307	17698
chrM	307	308	17701
chrM	308	309	17744
chrM	309	310	17757
chrM	310	311	17806
chrM	311	312	17925
chrM	312	313	18007
chrM	313	314	18093
chrM	314	315	18271
chrM	315	316	18299
chrM	316	317	18287
chrM	317	318	18240
chrM	318	319	18444
chrM	319	320	18434
chrM	320	321	18455
chrM	321	322	18470
chrM	322	323	18494
chrM	323	324	18628
chrM	324	325	18710
chrM	325	326	18768
chrM	326	327	18992
chrM	327	328	19072
chrM	328	329	19088
chrM	329	330	18376
chrM	330	331	17998
chrM	331	332	17412
chrM	332	333	17247
chrM	333	334	17207
chrM	334	335	17262
chrM	335	336	17667
chrM	336	337	17773
chrM	337	338	17790
chrM	338	339	17799
chrM	339	340	17926
chrM	340	341	17955
chrM	341	342	17970
chrM	342	343	17970
chrM	343	344	18247
chrM	344	345	18248
chrM	345	346	18183
chrM	346	347	17001
chrM	347	348	17126
chrM	348	349	17205
chrM	349	350	17257
chrM	350	351	17493
chrM	351	352	17507
chrM	352	353	17364
chrM	353	354	17194
chrM	354	355	17013
chrM	355	356	16518
chrM	356	357	16261
chrM	357	358	16171
chrM	358	359	16096
chrM	359	360	16113
chrM	360	361	15987
chrM	361	362	15795
chrM	362	363	16129
chrM	363	364	16112
chrM	364	365	16306
chrM	365	366	16275
chrM	366	367	17118
chrM	367	368	17374
chrM	368	369	17654
chrM	369	370	17911
chrM	370	371	17565
chrM	371	372	17071
chrM	372	373	18301
chrM	373	374	18290
chrM	374	375	18292
chrM	375	376	18372
chrM	376	377	18374
chrM	377	378	18440
chrM	378	379	18445
chrM	379	380	18457
chrM	380	381	18817
chrM	381	382	18899
chrM	382	383	20761
chrM	383	384	20839
chrM	384	385	20995
chrM	385	386	21023
chrM	386	387	21033
chrM	387	388	21033
chrM	388	389	20992
chrM	389	390	20850
chrM	390	391	20834
chrM	391	392	20825
chrM	392	393	20882
chrM	393	394	20890
chrM	394	395	20899
chrM	395	396	20893
chrM	396	397	20889
chrM	397	398	20880
chrM	398	399	20855
chrM	399	400	20770
chrM	400	401	20577
chrM	401	402	19594
chrM	402	403	19537
chrM	403	404	19516
chrM	404	405	19511
chrM	405	406	19521
chrM	406	407	19560
chrM	407	408	19599
chrM	408	409	19698
chrM	409	410	19727
chrM	410	411	19729
chrM	411	412	19730
chrM	412	413	19732
chrM	413	414	19825
chrM	414	415	20099
chrM	415	416	20500
chrM	416	417	20824
chrM	417	418	21208
chrM	418	419	21254
chrM	419	420	21288
chrM	420	421	21303
chrM	421	422	21146
chrM	422	423	21058
chrM	423	424	21250
chrM	424	425	21266
chrM	425	426	21266
chrM	426	427	21375
chrM	427	428	21381
chrM	428	429	21449
chrM	429	430	21457
chrM	430	431	21457
chrM	431	432	21466
chrM	432	433	21493
chrM	433	434	21501
chrM	434	435	21607
chrM	435	436	21655
chrM	436	437	21690
chrM	437	438	24516
chrM	438	439	24884
chrM	439	440	25115
chrM	440	441	25550
chrM	441	442	25840
chrM	442	443	26193
chrM	443	444	25256
chrM	444	445	25293
chrM	445	446	24805
chrM	446	447	23669
chrM	447	448	23859
chrM	448	449	23838
chrM	449	450	23847
chrM	450	451	23784
chrM	451	452	23732
chrM	452	453	24049
chrM	453	454	24062
chrM	454	455	24077
chrM	455	456	24150
chrM	456	457	24176
chrM	457	458	24182
chrM	458	459	24177
chrM	459	460	24182
chrM	460	461	24177
chrM	461	462	24181
chrM	462	463	24185
chrM	463	464	24148
chrM	464	465	24147
chrM	465	466	24156
chrM	466	467	24159
chrM	467	468	24176
chrM	468	469	24180
chrM	469	470	24187
chrM	470	471	24208
chrM	471	472	24222
chrM	472	473	24188
chrM	473	474	24188
chrM	474	475	24194
chrM	475	476	24225
chrM	476	477	24273
chrM	477	478	24572
chrM	478	479	24813
chrM	479	480	24832
chrM	480	481	24881
chrM	481	482	24902
chrM	482	483	24926
chrM	483	484	25607
chrM	484	485	25627
chrM	485	486	25778
chrM	486	487	25836
chrM	487	488	26194
chrM	488	489	26255
chrM	489	490	26412
chrM	490	491	26420
chrM	491	492	26561
chrM	492	493	26461
chrM	493	494	26163
chrM	494	495	25922
chrM	495	496	25841
chrM	496	497	25791
chrM	497	498	25795
chrM	498	499	25799
chrM	499	500	25796
chrM	500	501	25697
chrM	501	502	25694
chrM	502	503	25252
chrM	503	504	25212
chrM	504	505	25209
chrM	505	506	25208
chrM	506	507	25217
chrM	507	508	25234
chrM	508	509	25229
chrM	509	510	25258
chrM	510	511	25269
chrM	511	512	25290
chrM	512	513	25302
chrM	513	514	25608
chrM	514	515	25590
chrM	515	516	25475
chrM	516	517	25489
chrM	517	518	25491
chrM	518	519	25496
chrM	519	520	25505
chrM	520	521	25474
chrM	521	522	25483
chrM	522	523	25479
chrM	523	524	25463
chrM	524	525	25460
chrM	525	526	25464
chrM	526	527	25469
chrM	527	528	25468
chrM	528	529	25501
chrM	529	530	25491
chrM	530	531	25521
chrM	531	532	25540
chrM	532	533	25545
chrM	533	534	25551
chrM	534	535	25566
chrM	535	536	25576
chrM	536	537	25890
chrM	537	538	25893
chrM	538	539	25893
chrM	539	540	25893
chrM	540	541	25895
chrM	541	542	25895
chrM	542	543	25897
chrM	543	544	25902
chrM	544	545	25908
chrM	545	546	25914
chrM	546	547	25918
chrM	547	548	25949
chrM	548	549	26014
chrM	549	550	26797
chrM	550	551	26881
chrM	551	552	27366
chrM	552	553	27889
chrM	553	554	28059
chrM	554	555	28465
chrM	555	556	28607
chrM	556	557	30076
chrM	557	558	30342
chrM	558	559	30376
chrM	559	560	30329
chrM	560	561	29543
chrM	561	562	29431
chrM	562	563	21528
chrM	563	564	19503
chrM	564	565	19104
chrM	565	566	17402
chrM	566	567	17300
chrM	567	568	17316
chrM	568	569	17481
chrM	569	570	17456
chrM	570	571	17503
chrM	571	572	17652
chrM	572	573	17644
chrM	573	574	17938
chrM	574	575	17936
chrM	575	576	17969
chrM	576	577	18084
chrM	577	578	18153
chrM	578	579	18208
chrM	579	580	18221
chrM	580	581	18208
chrM	581	582	18219
chrM	582	583	18238
chrM	583	584	18064
chrM	584	585	17923
chrM	585	586	18105
chrM	586	587	18078
chrM	587	588	18049
chrM	588	589	18044
chrM	589	590	18045
chrM	590	591	18047
chrM	591	592	18048
chrM	592	593	18051
chrM	593	594	18051
chrM	594	595	18053
chrM	595	596	18053
chrM	596	597	18059
chrM	597	598	18063
chrM	598	599	18079
chrM	599	600	18082
chrM	600	601	18180
chrM	601	602	18180
chrM	602	603	18182
chrM	603	604	18191
chrM	604	605	18194
chrM	605	606	18205
chrM	606	607	18216
chrM	607	608	18218
chrM	608	609	18230
chrM	609	610	18259
chrM	610	611	18294
chrM	611	612	18341
chrM	612	613	18418
chrM	613	614	18428
chrM	614	615	18608
chrM	615	616	18801
chrM	616	617	19604
chrM	617	618	20526
chrM	618	619	23669
chrM	619	620	23920
chrM	620	621	24255
chrM	621	622	24346
chrM	622	623	21667
chrM	623	624	21201
chrM	624	625	20867
chrM	625	626	20726
chrM	626	627	20679
chrM	627	628	20670
chrM	628	629	20669
chrM	629	630	20576
chrM	630	631	20574
chrM	631	632	20573
chrM	632	633	20577
chrM	633	634	20580
chrM	634	635	20586
chrM	635	636	20655
chrM	636	637	20893
chrM	637	638	20895
chrM	638	639	20913
chrM	639	640	20747
chrM	640	641	20726
chrM	641	642	20779
chrM	642	643	20804
chrM	643	644	20808
chrM	644	645	20837
chrM	645	646	20840
chrM	646	647	20840
chrM	647	648	20840
chrM	648	649	20847
chrM	649	650	20846
chrM	650	651	20850
chrM	651	652	20850
chrM	652	653	20853
chrM	653	654	20858
chrM	654	655	20861
chrM	655	656	20869
chrM	656	657	20880
chrM	657	658	21029
chrM	658	659	21120
chrM	659	660	21135
chrM	660	661	21149
chrM	661	662	21215
chrM	662	663	21218
chrM	663	664	21300
chrM	664	665	21304
chrM	665	666	21309
chrM	666	667	21311
chrM	667	668	21315
chrM	668	669	21542
chrM	669	670	21552
chrM	670	671	21561
chrM	671	672	21599
chrM	672	673	21627
chrM	673	674	21633
chrM	674	675	21639
chrM	675	676	21714
chrM	676	677	21714
chrM	677	678	21714
chrM	678	679	21725
chrM	679	680	21726
chrM	680	681	21731
chrM	681	682	21778
chrM	682	683	21871
chrM	683	684	21950
chrM	684	685	21964
chrM	685	686	21966
chrM	686	687	22135
chrM	687	688	22127
chrM	688	689	22123
chrM	689	690	22188
chrM	690	691	22237
chrM	691	692	22345
chrM	692	693	22536
chrM	693	694	22560
chrM	694	695	22729
chrM	695	696	22825
chrM	696	697	23359
chrM	697	698	25789
chrM	698	699	26631
chrM	699	700	27157
chrM	700	701	27384
chrM	701	702	27548
chrM	702	703	31346
chrM	703	704	31952
chrM	704	705	32688
chrM	705	706	32929
chrM	706	707	32899
chrM	707	708	34838
chrM	708	709	34849
chrM	709	710	34497
chrM	710	711	33604
chrM	711	712	33427
chrM	712	713	32329
chrM	713	714	32226
chrM	714	715	32135
chrM	715	716	31105
chrM	716	717	30965
chrM	717	718	30964
chrM	718	719	30968
chrM	719	720	31000
chrM	720	721	31021
chrM	721	722	31056
chrM	722	723	31056
chrM	723	724	31387
chrM	724	725	31421
chrM	725	726	31462
chrM	726	727	31464
chrM	727	728	31615
chrM	728	729	31674
chrM	729	730	31670
chrM	730	731	31664
chrM	731	732	31923
chrM	732	733	31970
chrM	733	734	31866
chrM	734	735	31829
chrM	735	736	32232
chrM	736	737	32261
chrM	737	738	32258
chrM	738	739	32119
chrM	739	740	31982
chrM	740	741	31939
chrM	741	742	31929
chrM	742	743	31928
chrM	743	744	31889
chrM	744	745	31889
chrM	745	746	31944
chrM	746	747	31960
chrM	747	748	31963
chrM	748	749	31979
chrM	749	750	31987
chrM	750	751	32006
chrM	751	752	32012
chrM	752	753	32015
chrM	753	754	32032
chrM	754	755	32036
chrM	755	756	32037
chrM	756	757	32037
chrM	757	758	32039
chrM	758	759	32096
chrM	759	760	32376
chrM	760	761	33992
chrM	761	762	36916
chrM	762	763	39535
chrM	763	764	39742
chrM	764	765	39900
chrM	765	766	40087
chrM	766	767	40130
chrM	767	768	39776
chrM	768	769	40206
chrM	769	770	39984
chrM	770	771	39489
chrM	771	772	38775
chrM	772	773	33665
chrM	773	774	32924
chrM	774	775	32652
chrM	775	776	32559
chrM	776	777	32501
chrM	777	778	32527
chrM	778	779	32535
chrM	779	780	32568
chrM	780	781	32731
chrM	781	782	32744
chrM	782	783	32752
chrM	783	784	32749
chrM	784	785	32707
chrM	785	786	32771
chrM	786	787	32766
chrM	787	788	32767
chrM	788	789	32789
chrM	789	790	32797
chrM	790	791	33025
chrM	791	792	33091
chrM	792	793	33077
chrM	793	794	33097
chrM	794	795	33127
chrM	795	796	33099
chrM	796	797	33009
chrM	797	798	32936
chrM	798	799	32497
chrM	799	800	32169
chrM	800	801	32127
chrM	801	802	32103
chrM	802	803	32019
chrM	803	804	32239
chrM	804	805	32239
chrM	805	806	32242
chrM	806	807	32239
chrM	807	808	32245
chrM	808	809	32246
chrM	809	810	32249
chrM	810	811	32247
chrM	811	812	32271
chrM	812	813	32275
chrM	813	814	32283
chrM	814	815	32288
chrM	815	816	32317
chrM	816	817	32336
chrM	817	818	32399
chrM	818	819	32498
chrM	819	820	33245
chrM	820	821	33285
chrM	821	822	33429
chrM	822	823	33525
chrM	823	824	33496
chrM	824	825	33492
chrM	825	826	33480
chrM	826	827	33392
chrM	827	828	33387
chrM	828	829	33386
chrM	829	830	33389
chrM	830	831	33389
chrM	831	832	33393
chrM	832	833	33393
chrM	833	834	33392
chrM	834	835	33394
chrM	835	836	33394
chrM	836	837	33396
chrM	837	838	33397
chrM	838	839	33395
chrM	839	840	33393
chrM	840	841	33395
chrM	841	842	33397
chrM	842	843	33398
chrM	843	844	33415
chrM	844	845	33467
chrM	845	846	33660
chrM	846	847	34114
chrM	847	848	34273
chrM	848	849	34320
chrM	849	850	34330
chrM	850	851	34113
chrM	851	852	33997
chrM	852	853	33983
chrM	853	854	34028
chrM	854	855	34086
chrM	855	856	34147
chrM	856	857	34148
chrM	857	858	34143
chrM	858	859	34147
chrM	859	860	34144
chrM	860	861	34143
chrM	861	862	34146
chrM	862	863	34155
chrM	863	864	34200
chrM	864	865	34254
chrM	865	866	34341
chrM	866	867	34305
chrM	867	868	33654
chrM	868	869	33219
chrM	869	870	32479
chrM	870	871	32368
chrM	871	872	32344
chrM	872	873	32366
chrM	873	874	32351
chrM	874	875	32216
chrM	875	876	30126
chrM	876	877	29902
chrM	877	878	29757
chrM	878	879	29816
chrM	879	880	29754
chrM	880	881	28479
chrM	881	882	27819
chrM	882	883	25114
chrM	883	884	24912
chrM	884	885	24961
chrM	885	886	25078
chrM	886	887	25287
chrM	887	888	25070
chrM	888	889	26970
chrM	889	890	26902
chrM	890	891	26794
chrM	891	892	26664
chrM	892	893	26639
chrM	893	894	26637
chrM	894	895	26635
chrM	895	896	26646
chrM	896	897	26680
chrM	897	898	26869
chrM	898	899	27193
chrM	899	900	27305
chrM	900	901	27344
chrM	901	902	27096
chrM	902	903	27046
chrM	903	904	27073
chrM	904	905	27243
chrM	905	906	27432
chrM	906	907	27695
chrM	907	908	27962
chrM	908	909	28002
chrM	909	910	28006
chrM	910	911	28286
chrM	911	912	28359
chrM	912	913	28916
chrM	913	914	29022
chrM	914	915	29495
chrM	915	916	29513
chrM	916	917	29523
chrM	917	918	29523
chrM	918	919	29527
chrM	919	920	29507
chrM	920	921	29503
chrM	921	922	29500
chrM	922	923	29506
chrM	923	924	29514
chrM	924	925	29531
chrM	925	926	29551
chrM	926	927	29558
chrM	927	928	29607
chrM	928	929	29621
chrM	929	930	29639
chrM	930	931	29970
chrM	931	932	30115
chrM	932	933	30379
chrM	933	934	30636
chrM	934	935	30707
chrM	935	936	32570
chrM	936	937	32572
chrM	937	938	32435
chrM	938	939	32358
chrM	939	940	32449
chrM	940	941	32445
chrM	941	942	32390
chrM	942	943	32402
chrM	943	944	32398
chrM	944	945	32386
chrM	945	946	32368
chrM	946	947	32377
chrM	947	948	32585
chrM	948	949	32918
chrM	949	950	33194
chrM	950	951	33747
chrM	951	952	33776
chrM	952	953	33773
chrM	953	954	33381
chrM	954	955	32433
chrM	955	956	31122
chrM	956	957	30460
chrM	957	958	30469
chrM	958	959	30474
chrM	959	960	30516
chrM	960	961	30541
chrM	961	962	30594
chrM	962	963	30631
chrM	963	964	30609
chrM	964	965	30586
chrM	965	966	30582
chrM	966	967	30589
chrM	967	968	30125
chrM	968	969	29567
chrM	969	970	29442
chrM	970	971	29456
chrM	971	972	29455
chrM	972	973	29511
chrM	973	974	29522
chrM	974	975	29528
chrM	975	976	29528
chrM	976	977	29519
chrM	977	978	29528
chrM	978	979	29543
chrM	979	980	29666
chrM	980	981	29745
chrM	981	982	29851
chrM	982	983	29817
chrM	983	984	30068
chrM	984	985	30570
chrM	985	986	31608
chrM	986	987	34566
chrM	987	988	36488
chrM	988	989	36503
chrM	989	990	36102
chrM	990	991	35455
chrM	991	992	25656
chrM	992	993	25250
chrM	993	994	25228
chrM	994	995	25299
chrM	995	996	25416
chrM	996	997	25621
chrM	997	998	25650
chrM	998	999	25866
chrM	999	1000	25913
chrM	1000	1001	25949
chrM	1001	1002	25844
chrM	1002	1003	25895
chrM	1003	1004	26034
chrM	1004	1005	26040
chrM	1005	1006	25994
chrM	1006	1007	25764
chrM	1007	1008	25734
chrM	1008	1009	25732
chrM	1009	1010	25695
chrM	1010	1011	25608
chrM	1011	1012	25749
chrM	1012	1013	25747
chrM	1013	1014	25750
chrM	1014	1015	25751
chrM	1015	1016	25803
chrM	1016	1017	25835
chrM	1017	1018	25924
chrM	1018	1019	25961
chrM	1019	1020	25989
chrM	1020	1021	26016
chrM	1021	1022	26108
chrM	1022	1023	26124
chrM	1023	1024	27215
chrM	1024	1025	27194
chrM	1025	1026	27149
chrM	1026	1027	27208
chrM	1027	1028	27117
chrM	1028	1029	27075
chrM	1029	1030	27073
chrM	1030	1031	27070
chrM	1031	1032	27070
chrM	1032	1033	27071
chrM	1033	1034	27077
chrM	1034	1035	27095
chrM	1035	1036	27204
chrM	1036	1037	27287
chrM	1037	1038	27459
chrM	1038	1039	27546
chrM	1039	1040	27472
chrM	1040	1041	27542
chrM	1041	1042	27583
chrM	1042	1043	27824
chrM	1043	1044	28200
chrM	1044	1045	29205
chrM	1045	1046	29297
chrM	1046	1047	29588
chrM	1047	1048	29644
chrM	1048	1049	29632
chrM	1049	1050	29341
chrM	1050	1051	29431
chrM	1051	1052	29296
chrM	1052	1053	29235
chrM	1053	1054	29168
chrM	1054	1055	29164
chrM	1055	1056	29197
chrM	1056	1057	29278
chrM	1057	1058	29307
chrM	1058	1059	29314
chrM	1059	1060	29312
chrM	1060	1061	29312
chrM	1061	1062	29328
chrM	1062	1063	29388
chrM	1063	1064	29542
chrM	1064	1065	30049
chrM	1065	1066	30668
chrM	1066	1067	30895
chrM	1067	1068	31320
chrM	1068	1069	31400
chrM	1069	1070	31600
chrM	1070	1071	31614
chrM	1071	1072	31507
chrM	1072	1073	31185
chrM	1073	1074	31554
chrM	1074	1075	31584
chrM	1075	1076	31578
chrM	1076	1077	31565
chrM	1077	1078	31623
chrM	1078	1079	31612
chrM	1079	1080	31613
chrM	1080	1081	31657
chrM	1081	1082	31665
chrM	1082	1083	32189
chrM	1083	1084	32188
chrM	1084	1085	31989
chrM	1085	1086	32066
chrM	1086	1087	32139
chrM	1087	1088	31621
chrM	1088	1089	31475
chrM	1089	1090	31300
chrM	1090	1091	29970
chrM	1091	1092	28891
chrM	1092	1093	28786
chrM	1093	1094	28758
chrM	1094	1095	28750
chrM	1095	1096	28759
chrM	1096	1097	28770
chrM	1097	1098	28792
chrM	1098	1099	28815
chrM	1099	1100	28821
chrM	1100	1101	28825
chrM	1101	1102	28838
chrM	1102	1103	28975
chrM	1103	1104	29151
chrM	1104	1105	29374
chrM	1105	1106	29470
chrM	1106	1107	29631
chrM	1107	1108	30015
chrM	1108	1109	29605
chrM	1109	1110	29463
chrM	1110	1111	29350
chrM	1111	1112	29012
chrM	1112	1113	28850
chrM	1113	1114	28843
chrM	1114	1115	28817
chrM	1115	1116	29068
chrM	1116	1117	29074
chrM	1117	1118	29079
chrM	1118	1119	29112
chrM	1119	1120	29125
chrM	1120	1121	29122
chrM	1121	1122	28748
chrM	1122	1123	28712
chrM	1123	1124	28699
chrM	1124	1125	28697
chrM	1125	1126	28708
chrM	1126	1127	28713
chrM	1127	1128	28710
chrM	1128	1129	28701
chrM	1129	1130	28698
chrM	1130	1131	28686
chrM	1131	1132	28672
chrM	1132	1133	28658
chrM	1133	1134	28656
chrM	1134	1135	28661
chrM	1135	1136	28667
chrM	1136	1137	28675
chrM	1137	1138	28685
chrM	1138	1139	28707
chrM	1139	1140	28738
chrM	1140	1141	28792
chrM	1141	1142	28877
chrM	1142	1143	29354
chrM	1143	1144	29842
chrM	1144	1145	30005
chrM	1145	1146	30284
chrM	1146	1147	30303
chrM	1147	1148	32782
chrM	1148	1149	32814
chrM	1149	1150	36549
chrM	1150	1151	36672
chrM	1151	1152	36880
chrM	1152	1153	37035
chrM	1153	1154	36693
chrM	1154	1155	36310
chrM	1155	1156	35693
chrM	1156	1157	33586
chrM	1157	1158	31771
chrM	1158	1159	30106
chrM	1159	1160	29348
chrM	1160	1161	32120
chrM	1161	1162	32142
chrM	1162	1163	32151
chrM	1163	1164	32121
chrM	1164	1165	32104
chrM	1165	1166	30579
chrM	1166	1167	30199
chrM	1167	1168	29653
chrM	1168	1169	28772
chrM	1169	1170	28726
chrM	1170	1171	28771
chrM	1171	1172	28963
chrM	1172	1173	29391
chrM	1173	1174	29408
chrM	1174	1175	29361
chrM	1175	1176	29710
chrM	1176	1177	29714
chrM	1177	1178	29639
chrM	1178	1179	29504
chrM	1179	1180	29562
chrM	1180	1181	29559
chrM	1181	1182	29516
chrM	1182	1183	29498
chrM	1183	1184	29567
chrM	1184	1185	29556
chrM	1185	1186	29539
chrM	1186	1187	29452
chrM	1187	1188	29437
chrM	1188	1189	29434
chrM	1189	1190	29430
chrM	1190	1191	29439
chrM	1191	1192	29442
chrM	1192	1193	29442
chrM	1193	1194	29436
chrM	1194	1195	29432
chrM	1195	1196	29425
chrM	1196	1197	29425
chrM	1197	1198	29426
chrM	1198	1199	29429
chrM	1199	1200	29431
chrM	1200	1201	29466
chrM	1201	1202	29516
chrM	1202	1203	29556
chrM	1203	1204	29562
chrM	1204	1205	29588
chrM	1205	1206	29599
chrM	1206	1207	29640
chrM	1207	1208	29625
chrM	1208	1209	29594
chrM	1209	1210	29633
chrM	1210	1211	29615
chrM	1211	1212	29629
chrM	1212	1213	30352
chrM	1213	1214	30401
chrM	1214	1215	30268
chrM	1215	1216	30056
chrM	1216	1217	30203
chrM	1217	1218	30038
chrM	1218	1219	29877
chrM	1219	1220	29512
chrM	1220	1221	29554
chrM	1221	1222	29451
chrM	1222	1223	28075
chrM	1223	1224	28206
chrM	1224	1225	28205
chrM	1225	1226	28159
chrM	1226	1227	28159
chrM	1227	1228	28149
chrM	1228	1229	28138
chrM	1229	1230	28128
chrM	1230	1231	28138
chrM	1231	1232	28156
chrM	1232	1233	28175
chrM	1233	1234	28214
chrM	1234	1235	28244
chrM	1235	1236	28274
chrM	1236	1237	28407
chrM	1237	1238	28666
chrM	1238	1239	28732
chrM	1239	1240	28972
chrM	1240	1241	29075
chrM	1241	1242	29246
chrM	1242	1243	29291
chrM	1243	1244	29483
chrM	1244	1245	29762
chrM	1245	1246	29828
chrM	1246	1247	30216
chrM	1247	1248	30482
chrM	1248	1249	40622
chrM	1249	1250	40839
chrM	1250	1251	41142
chrM	1251	1252	41247
chrM	1252	1253	41318
chrM	1253	1254	41423
chrM	1254	1255	41309
chrM	1255	1256	35981
chrM	1256	1257	31198
chrM	1257	1258	30588
chrM	1258	1259	30481
chrM	1259	1260	30462
chrM	1260	1261	30464
chrM	1261	1262	30477
chrM	1262	1263	30506
chrM	1263	1264	30524
chrM	1264	1265	30524
chrM	1265	1266	30517
chrM	1266	1267	30510
chrM	1267	1268	30510
chrM	1268	1269	30518
chrM	1269	1270	30552
chrM	1270	1271	30751
chrM	1271	1272	30902
chrM	1272	1273	31009
chrM	1273	1274	31066
chrM	1274	1275	31087
chrM	1275	1276	31287
chrM	1276	1277	31217
chrM	1277	1278	31180
chrM	1278	1279	31224
chrM	1279	1280	31463
chrM	1280	1281	32228
chrM	1281	1282	32460
chrM	1282	1283	32486
chrM	1283	1284	32505
chrM	1284	1285	32522
chrM	1285	1286	32865
chrM	1286	1287	32796
chrM	1287	1288	32785
chrM	1288	1289	33024
chrM	1289	1290	33034
chrM	1290	1291	33057
chrM	1291	1292	33105
chrM	1292	1293	33132
chrM	1293	1294	33231
chrM	1294	1295	33238
chrM	1295	1296	33240
chrM	1296	1297	33238
chrM	1297	1298	33241
chrM	1298	1299	33238
chrM	1299	1300	33247
chrM	1300	1301	33388
chrM	1301	1302	33491
chrM	1302	1303	33643
chrM	1303	1304	33741
chrM	1304	1305	33795
chrM	1305	1306	33809
chrM	1306	1307	33798
chrM	1307	1308	33646
chrM	1308	1309	33542
chrM	1309	1310	33331
chrM	1310	1311	33430
chrM	1311	1312	33493
chrM	1312	1313	33504
chrM	1313	1314	33512
chrM	1314	1315	33928
chrM	1315	1316	33965
chrM	1316	1317	33986
chrM	1317	1318	35027
chrM	1318	1319	35124
chrM	1319	1320	35157
chrM	1320	1321	35175
chrM	1321	1322	35099
chrM	1322	1323	35072
chrM	1323	1324	35034
chrM	1324	1325	35019
chrM	1325	1326	35027
chrM	1326	1327	35083
chrM	1327	1328	35377
chrM	1328	1329	35421
chrM	1329	1330	35425
chrM	1330	1331	35424
chrM	1331	1332	35403
chrM	1332	1333	35394
chrM	1333	1334	35367
chrM	1334	1335	35378
chrM	1335	1336	35396
chrM	1336	1337	35414
chrM	1337	1338	35415
chrM	1338	1339	35500
chrM	1339	1340	35495
chrM	1340	1341	35462
chrM	1341	1342	35443
chrM	1342	1343	35444
chrM	1343	1344	35446
chrM	1344	1345	35452
chrM	1345	1346	35457
chrM	1346	1347	35461
chrM	1347	1348	35474
chrM	1348	1349	35475
chrM	1349	1350	35481
chrM	1350	1351	35496
chrM	1351	1352	35498
chrM	1352	1353	35507
chrM	1353	1354	35513
chrM	1354	1355	35584
chrM	1355	1356	35667
chrM	1356	1357	35723
chrM	1357	1358	35689
chrM	1358	1359	35696
chrM	1359	1360	35635
chrM	1360	1361	27201
chrM	1361	1362	26874
chrM	1362	1363	26643
chrM	1363	1364	25816
chrM	1364	1365	25323
chrM	1365	1366	25300
chrM	1366	1367	25300
chrM	1367	1368	25301
chrM	1368	1369	25309
chrM	1369	1370	25326
chrM	1370	1371	25347
chrM	1371	1372	25348
chrM	1372	1373	25348
chrM	1373	1374	25351
chrM	1374	1375	25351
chrM	1375	1376	25356
chrM	1376	1377	25363
chrM	1377	1378	25388
chrM	1378	1379	25422
chrM	1379	1380	25505
chrM	1380	1381	25533
chrM	1381	1382	25610
chrM	1382	1383	25670
chrM	1383	1384	26033
chrM	1384	1385	25940
chrM	1385	1386	25935
chrM	1386	1387	25924
chrM	1387	1388	25921
chrM	1388	1389	25936
chrM	1389	1390	25996
chrM	1390	1391	26136
chrM	1391	1392	26697
chrM	1392	1393	27355
chrM	1393	1394	27505
chrM	1394	1395	29233
chrM	1395	1396	29316
chrM	1396	1397	29460
chrM	1397	1398	29508
chrM	1398	1399	25870
chrM	1399	1400	23382
chrM	1400	1401	25619
chrM	1401	1402	25704
chrM	1402	1403	25815
chrM	1403	1404	25689
chrM	1404	1405	25777
chrM	1405	1406	25850
chrM	1406	1407	25852
chrM	1407	1408	26089
chrM	1408	1409	26063
chrM	1409	1410	26378
chrM	1410	1411	26388
chrM	1411	1412	26379
chrM	1412	1413	26389
chrM	1413	1414	26346
chrM	1414	1415	26273
chrM	1415	1416	26241
chrM	1416	1417	26185
chrM	1417	1418	26172
chrM	1418	1419	26153
chrM	1419	1420	26147
chrM	1420	1421	26185
chrM	1421	1422	26186
chrM	1422	1423	26368
chrM	1423	1424	26420
chrM	1424	1425	26428
chrM	1425	1426	27286
chrM	1426	1427	27342
chrM	1427	1428	27394
chrM	1428	1429	27593
chrM	1429	1430	27833
chrM	1430	1431	27889
chrM	1431	1432	27904
chrM	1432	1433	27583
chrM	1433	1434	27307
chrM	1434	1435	26470
chrM	1435	1436	26106
chrM	1436	1437	26032
chrM	1437	1438	26011
chrM	1438	1439	26022
chrM	1439	1440	26026
chrM	1440	1441	26033
chrM	1441	1442	26533
chrM	1442	1443	26659
chrM	1443	1444	26768
chrM	1444	1445	26794
chrM	1445	1446	26798
chrM	1446	1447	27085
chrM	1447	1448	27075
chrM	1448	1449	26981
chrM	1449	1450	27004
chrM	1450	1451	26973
chrM	1451	1452	26927
chrM	1452	1453	26887
chrM	1453	1454	26889
chrM	1454	1455	26888
chrM	1455	1456	26891
chrM	1456	1457	26895
chrM	1457	1458	26917
chrM	1458	1459	26918
chrM	1459	1460	26926
chrM	1460	1461	26934
chrM	1461	1462	26925
chrM	1462	1463	27007
chrM	1463	1464	27006
chrM	1464	1465	27045
chrM	1465	1466	27050
chrM	1466	1467	27062
chrM	1467	1468	27157
chrM	1468	1469	27202
chrM	1469	1470	27274
chrM	1470	1471	27298
chrM	1471	1472	27295
chrM	1472	1473	27288
chrM	1473	1474	27298
chrM	1474	1475	27290
chrM	1475	1476	27262
chrM	1476	1477	27537
chrM	1477	1478	27558
chrM	1478	1479	27558
chrM	1479	1480	27550
chrM	1480	1481	27558
chrM	1481	1482	27578
chrM	1482	1483	27595
chrM	1483	1484	27744
chrM	1484	1485	27746
chrM	1485	1486	27877
chrM	1486	1487	27917
chrM	1487	1488	27977
chrM	1488	1489	28103
chrM	1489	1490	28493
chrM	1490	1491	28733
chrM	1491	1492	28759
chrM	1492	1493	28767
chrM	1493	1494	28749
chrM	1494	1495	29086
chrM	1495	1496	28584
chrM	1496	1497	28577
chrM	1497	1498	28585
chrM	1498	1499	28423
chrM	1499	1500	28424
chrM	1500	1501	28409
chrM	1501	1502	28344
chrM	1502	1503	28320
chrM	1503	1504	28312
chrM	1504	1505	28310
chrM	1505	1506	28315
chrM	1506	1507	28323
chrM	1507	1508	28324
chrM	1508	1509	28327
chrM	1509	1510	28326
chrM	1510	1511	28325
chrM	1511	1512	28326
chrM	1512	1513	28321
chrM	1513	1514	28302
chrM	1514	1515	28296
chrM	1515	1516	28294
chrM	1516	1517	28289
chrM	1517	1518	28287
chrM	1518	1519	28284
chrM	1519	1520	28227
chrM	1520	1521	28230
chrM	1521	1522	27843
chrM	1522	1523	27846
chrM	1523	1524	27805
chrM	1524	1525	27696
chrM	1525	1526	26629
chrM	1526	1527	22321
chrM	1527	1528	20656
chrM	1528	1529	19806
chrM	1529	1530	19738
chrM	1530	1531	19739
chrM	1531	1532	19746
chrM	1532	1533	19787
chrM	1533	1534	19800
chrM	1534	1535	19871
chrM	1535	1536	19871
chrM	1536	1537	19921
chrM	1537	1538	19985
chrM	1538	1539	20032
chrM	1539	1540	19919
chrM	1540	1541	19922
chrM	1541	1542	20090
chrM	1542	1543	20072
chrM	1543	1544	18911
chrM	1544	1545	18346
chrM	1545	1546	18962
chrM	1546	1547	18715
chrM	1547	1548	18401
chrM	1548	1549	18338
chrM	1549	1550	18329
chrM	1550	1551	18328
chrM	1551	1552	18327
chrM	1552	1553	18327
chrM	1553	1554	18326
chrM	1554	1555	18326
chrM	1555	1556	18326
chrM	1556	1557	18325
chrM	1557	1558	18339
chrM	1558	1559	18337
chrM	1559	1560	18339
chrM	1560	1561	18341
chrM	1561	1562	18340
chrM	1562	1563	18337
chrM	1563	1564	18176
chrM	1564	1565	17966
chrM	1565	1566	17749
chrM	1566	1567	17570
chrM	1567	1568	17515
chrM	1568	1569	17516
chrM	1569	1570	17516
chrM	1570	1571	17516
chrM	1571	1572	17501
chrM	1572	1573	17597
chrM	1573	1574	17534
chrM	1574	1575	17502
chrM	1575	1576	17424
chrM	1576	1577	17252
chrM	1577	1578	17234
chrM	1578	1579	17086
chrM	1579	1580	17094
chrM	1580	1581	17095
chrM	1581	1582	17077
chrM	1582	1583	17022
chrM	1583	1584	16983
chrM	1584	1585	16695
chrM	1585	1586	16547
chrM	1586	1587	16528
chrM	1587	1588	16491
chrM	1588	1589	16480
chrM	1589	1590	16474
chrM	1590	1591	16476
chrM	1591	1592	16460
chrM	1592	1593	16461
chrM	1593	1594	16472
chrM	1594	1595	16485
chrM	1595	1596	16483
chrM	1596	1597	16481
chrM	1597	1598	16455
chrM	1598	1599	16432
chrM	1599	1600	16211
chrM	1600	1601	14100
chrM	1601	1602	13961
chrM	1602	1603	13917
chrM	1603	1604	13609
chrM	1604	1605	11940
chrM	1605	1606	10963
chrM	1606	1607	10731
chrM	1607	1608	10416
chrM	1608	1609	9991
chrM	1609	1610	9509
chrM	1610	1611	7504
chrM	1611	1612	7373
chrM	1612	1613	7278
chrM	1613	1614	7241
chrM	1614	1615	7189
chrM	1615	1616	7173
chrM	1616	1617	7145
chrM	1617	1618	7119
chrM	1618	1619	7111
chrM	1619	1620	7111
chrM	1620	1621	7111
chrM	1621	1622	7110
chrM	1622	1623	7104
chrM	1623	1624	7103
chrM	1624	1625	7095
chrM	1625	1626	7079
chrM	1626	1627	7077
chrM	1627	1628	6995
chrM	1628	1629	6932
chrM	1629	1630	6915
chrM	1630	1631	6908
chrM	1631	1632	6908
chrM	1632	1633	6907
chrM	1633	1634	6897
chrM	1634	1635	6897
chrM	1635	1636	6895
chrM	1636	1637	6893
chrM	1637	1638	6861
chrM	1638	1639	6846
chrM	1639	1640	6745
chrM	1640	1641	6548
chrM	1641	1642	6265
chrM	1642	1643	6193
chrM	1643	1644	6181
chrM	1644	1645	6177
chrM	1645	1646	6184
chrM	1646	1647	6216
chrM	1647	1648	6269
chrM	1648	1649	6344
chrM	1649	1650	6375
chrM	1650	1651	6456
chrM	1651	1652	6458
chrM	1652	1653	6424
chrM	1653	1654	6420
chrM	1654	1655	6420
chrM	1655	1656	6420
chrM	1656	1657	6420
chrM	1657	1658	6421
chrM	1658	1659	6421
chrM	1659	1660	6423
chrM	1660	1661	6424
chrM	1661	1662	6425
chrM	1662	1663	6425
chrM	1663	1664	6424
chrM	1664	1665	6424
chrM	1665	1666	6425
chrM	1666	1667	6416
chrM	1667	1668	6418
chrM	1668	1669	6418
chrM	1669	1670	6417
chrM	1670	1671	6418
chrM	1671	1672	6418
chrM	1672	1673	6418
chrM	1673	1674	6418
chrM	1674	1675	6417
chrM	1675	1676	6428
chrM	1676	1677	6460
chrM	1677	1678	6473
chrM	1678	1679	6473
chrM	1679	1680	6477
chrM	1680	1681	6498
chrM	1681	1682	6496
chrM	1682	1683	6500
chrM	1683	1684	6504
chrM	1684	1685	6506
chrM	1685	1686	6506
chrM	1686	1687	6509
chrM	1687	1688	6513
chrM	1688	1689	6534
chrM	1689	1690	6561
chrM	1690	1691	6616
chrM	1691	1692	6634
chrM	1692	1693	6645
chrM	1693	1694	6664
chrM	1694	1695	6701
chrM	1695	1696	6709
chrM	1696	1697	6717
chrM	1697	1698	6763
chrM	1698	1699	6777
chrM	1699	1700	6824
chrM	1700	1701	6997
chrM	1701	1702	7726
chrM	1702	1703	9078
chrM	1703	1704	11943
chrM	1704	1705	19470
chrM	1705	1706	19864
chrM	1706	1707	20054
chrM	1707	1708	20083
chrM	1708	1709	20125
chrM	1709	1710	20377
chrM	1710	1711	20753
chrM	1711	1712	21435
chrM	1712	1713	36349
chrM	1713	1714	41596
chrM	1714	1715	41654
chrM	1715	1716	41724
chrM	1716	1717	41731
chrM	1717	1718	41735
chrM	1718	1719	41763
chrM	1719	1720	41768
chrM	1720	1721	41782
chrM	1721	1722	41786
chrM	1722	1723	41800
chrM	1723	1724	41815
chrM	1724	1725	41818
chrM	1725	1726	41826
chrM	1726	1727	41843
chrM	1727	1728	43080
chrM	1728	1729	43476
chrM	1729	1730	44042
chrM	1730	1731	44483
chrM	1731	1732	44492
chrM	1732	1733	44495
chrM	1733	1734	44500
chrM	1734	1735	44518
chrM	1735	1736	44509
chrM	1736	1737	44522
chrM	1737	1738	44526
chrM	1738	1739	44531
chrM	1739	1740	44565
chrM	1740	1741	44601
chrM	1741	1742	44642
chrM	1742	1743	45115
chrM	1743	1744	45378
chrM	1744	1745	45440
chrM	1745	1746	48097
chrM	1746	1747	48248
chrM	1747	1748	48313
chrM	1748	1749	48350
chrM	1749	1750	49166
chrM	1750	1751	50292
chrM	1751	1752	56670
chrM	1752	1753	61552
chrM	1753	1754	63678
chrM	1754	1755	63933
chrM	1755	1756	63989
chrM	1756	1757	64027
chrM	1757	1758	64027
chrM	1758	1759	64036
chrM	1759	1760	64056
chrM	1760	1761	64054
chrM	1761	1762	64050
chrM	1762	1763	64159
chrM	1763	1764	64170
chrM	1764	1765	64171
chrM	1765	1766	64170
chrM	1766	1767	64174
chrM	1767	1768	64172
chrM	1768	1769	64174
chrM	1769	1770	64172
chrM	1770	1771	64191
chrM	1771	1772	64206
chrM	1772	1773	64244
chrM	1773	1774	64245
chrM	1774	1775	64246
chrM	1775	1776	64250
chrM	1776	1777	64249
chrM	1777	1778	64246
chrM	1778	1779	64252
chrM	1779	1780	64264
chrM	1780	1781	64302
chrM	1781	1782	64336
chrM	1782	1783	64390
chrM	1783	1784	64421
chrM	1784	1785	64699
chrM	1785	1786	64707
chrM	1786	1787	64828
chrM	1787	1788	64826
chrM	1788	1789	64800
chrM	1789	1790	64702
chrM	1790	1791	64683
chrM	1791	1792	64665
chrM	1792	1793	64669
chrM	1793	1794	64675
chrM	1794	1795	64829
chrM	1795	1796	64897
chrM	1796	1797	64900
chrM	1797	1798	64898
chrM	1798	1799	64836
chrM	1799	1800	64737
chrM	1800	1801	64764
chrM	1801	1802	64741
chrM	1802	1803	64773
chrM	1803	1804	64773
chrM	1804	1805	64812
chrM	1805	1806	64807
chrM	1806	1807	64781
chrM	1807	1808	64725
chrM	1808	1809	64687
chrM	1809	1810	64657
chrM	1810	1811	64683
chrM	1811	1812	64720
chrM	1812	1813	64730
chrM	1813	1814	64942
chrM	1814	1815	65082
chrM	1815	1816	65229
chrM	1816	1817	65532
chrM	1817	1818	65475
chrM	1818	1819	64843
chrM	1819	1820	60088
chrM	1820	1821	57637
chrM	1821	1822	56372
chrM	1822	1823	56039
chrM	1823	1824	55915
chrM	1824	1825	55898
chrM	1825	1826	55893
chrM	1826	1827	55893
chrM	1827	1828	55891
chrM	1828	1829	55886
chrM	1829	1830	55881
chrM	1830	1831	55879
chrM	1831	1832	55877
chrM	1832	1833	55876
chrM	1833	1834	55884
chrM	1834	1835	55909
chrM	1835	1836	55925
chrM	1836	1837	55939
chrM	1837	1838	55994
chrM	1838	1839	56014
chrM	1839	1840	56897
chrM	1840	1841	56895
chrM	1841	1842	56874
chrM	1842	1843	56748
chrM	1843	1844	56686
chrM	1844	1845	56576
chrM	1845	1846	56500
chrM	1846	1847	55466
chrM	1847	1848	55357
chrM	1848	1849	55351
chrM	1849	1850	55349
chrM	1850	1851	55342
chrM	1851	1852	55330
chrM	1852	1853	57545
chrM	1853	1854	57269
chrM	1854	1855	45456
chrM	1855	1856	44686
chrM	1856	1857	44482
chrM	1857	1858	44407
chrM	1858	1859	43551
chrM	1859	1860	35506
chrM	1860	1861	33746
chrM	1861	1862	32402
chrM	1862	1863	31751
chrM	1863	1864	31410
chrM	1864	1865	31266
chrM	1865	1866	31239
chrM	1866	1867	31417
chrM	1867	1868	31452
chrM	1868	1869	31467
chrM	1869	1870	31472
chrM	1870	1871	31616
chrM	1871	1872	31746
chrM	1872	1873	32107
chrM	1873	1874	32333
chrM	1874	1875	32198
chrM	1875	1876	32149
chrM	1876	1877	31949
chrM	1877	1878	30207
chrM	1878	1879	28275
chrM	1879	1880	27315
chrM	1880	1881	27118
chrM	1881	1882	26980
chrM	1882	1883	27037
chrM	1883	1884	27092
chrM	1884	1885	26719
chrM	1885	1886	26743
chrM	1886	1887	26660
chrM	1887	1888	26595
chrM	1888	1889	26573
chrM	1889	1890	26568
chrM	1890	1891	26565
chrM	1891	1892	26562
chrM	1892	1893	26563
chrM	1893	1894	26591
chrM	1894	1895	26625
chrM	1895	1896	26796
chrM	1896	1897	26892
chrM	1897	1898	27036
chrM	1898	1899	27294
chrM	1899	1900	27558
chrM	1900	1901	27670
chrM	1901	1902	31608
chrM	1902	1903	31773
chrM	1903	1904	31882
chrM	1904	1905	33296
chrM	1905	1906	33810
chrM	1906	1907	33871
chrM	1907	1908	34825
chrM	1908	1909	34494
chrM	1909	1910	34585
chrM	1910	1911	34577
chrM	1911	1912	34358
chrM	1912	1913	34352
chrM	1913	1914	34354
chrM	1914	1915	34355
chrM	1915	1916	34347
chrM	1916	1917	34357
chrM	1917	1918	34369
chrM	1918	1919	34395
chrM	1919	1920	34501
chrM	1920	1921	34504
chrM	1921	1922	34845
chrM	1922	1923	34854
chrM	1923	1924	34845
chrM	1924	1925	34838
chrM	1925	1926	34831
chrM	1926	1927	34828
chrM	1927	1928	35242
chrM	1928	1929	35367
chrM	1929	1930	35492
chrM	1930	1931	36046
chrM	1931	1932	36138
chrM	1932	1933	36161
chrM	1933	1934	36278
chrM	1934	1935	35630
chrM	1935	1936	34760
chrM	1936	1937	35278
chrM	1937	1938	35009
chrM	1938	1939	34753
chrM	1939	1940	34520
chrM	1940	1941	34483
chrM	1941	1942	34376
chrM	1942	1943	34269
chrM	1943	1944	35168
chrM	1944	1945	35184
chrM	1945	1946	40202
chrM	1946	1947	40479
chrM	1947	1948	40494
chrM	1948	1949	40475
chrM	1949	1950	40476
chrM	1950	1951	40465
chrM	1951	1952	40459
chrM	1952	1953	40534
chrM	1953	1954	40529
chrM	1954	1955	40591
chrM	1955	1956	40592
chrM	1956	1957	40598
chrM	1957	1958	40575
chrM	1958	1959	40570
chrM	1959	1960	40565
chrM	1960	1961	40551
chrM	1961	1962	40541
chrM	1962	1963	40491
chrM	1963	1964	40545
chrM	1964	1965	40477
chrM	1965	1966	40567
chrM	1966	1967	40556
chrM	1967	1968	40522
chrM	1968	1969	40515
chrM	1969	1970	40473
chrM	1970	1971	40381
chrM	1971	1972	39864
chrM	1972	1973	40042
chrM	1973	1974	40088
chrM	1974	1975	40165
chrM	1975	1976	40254
chrM	1976	1977	40657
chrM	1977	1978	40906
chrM	1978	1979	41044
chrM	1979	1980	41184
chrM	1980	1981	40852
chrM	1981	1982	38118
chrM	1982	1983	37986
chrM	1983	1984	37943
chrM	1984	1985	37935
chrM	1985	1986	37973
chrM	1986	1987	38018
chrM	1987	1988	38271
chrM	1988	1989	38439
chrM	1989	1990	38433
chrM	1990	1991	38455
chrM	1991	1992	38507
chrM	1992	1993	38928
chrM	1993	1994	39495
chrM	1994	1995	39861
chrM	1995	1996	40399
chrM	1996	1997	40328
chrM	1997	1998	39663
chrM	1998	1999	35103
chrM	1999	2000	34244
chrM	2000	2001	34151
chrM	2001	2002	34125
chrM	2002	2003	34228
chrM	2003	2004	34285
chrM	2004	2005	34647
chrM	2005	2006	34644
chrM	2006	2007	34420
chrM	2007	2008	34133
chrM	2008	2009	34103
chrM	2009	2010	34131
chrM	2010	2011	34144
chrM	2011	2012	34176
chrM	2012	2013	34175
chrM	2013	2014	34203
chrM	2014	2015	34193
chrM	2015	2016	34095
chrM	2016	2017	33992
chrM	2017	2018	33397
chrM	2018	2019	33272
chrM	2019	2020	33269
chrM	2020	2021	33270
chrM	2021	2022	33271
chrM	2022	2023	33279
chrM	2023	2024	33274
chrM	2024	2025	33276
chrM	2025	2026	33298
chrM	2026	2027	33291
chrM	2027	2028	33294
chrM	2028	2029	33297
chrM	2029	2030	33296
chrM	2030	2031	33279
chrM	2031	2032	33299
chrM	2032	2033	33302
chrM	2033	2034	33307
chrM	2034	2035	32343
chrM	2035	2036	32281
chrM	2036	2037	32240
chrM	2037	2038	32222
chrM	2038	2039	32209
chrM	2039	2040	32205
chrM	2040	2041	32202
chrM	2041	2042	32207
chrM	2042	2043	32209
chrM	2043	2044	32210
chrM	2044	2045	32207
chrM	2045	2046	32294
chrM	2046	2047	32279
chrM	2047	2048	32284
chrM	2048	2049	32279
chrM	2049	2050	31939
chrM	2050	2051	31936
chrM	2051	2052	31837
chrM	2052	2053	31739
chrM	2053	2054	31694
chrM	2054	2055	31691
chrM	2055	2056	31689
chrM	2056	2057	31694
chrM	2057	2058	31700
chrM	2058	2059	31699
chrM	2059	2060	31697
chrM	2060	2061	31701
chrM	2061	2062	31704
chrM	2062	2063	31704
chrM	2063	2064	31731
chrM	2064	2065	31735
chrM	2065	2066	31736
chrM	2066	2067	31749
chrM	2067	2068	31759
chrM	2068	2069	31829
chrM	2069	2070	31849
chrM	2070	2071	31859
chrM	2071	2072	31914
chrM	2072	2073	31964
chrM	2073	2074	32054
chrM	2074	2075	31822
chrM	2075	2076	31606
chrM	2076	2077	31321
chrM	2077	2078	30880
chrM	2078	2079	30545
chrM	2079	2080	23164
chrM	2080	2081	22364
chrM	2081	2082	22096
chrM	2082	2083	22042
chrM	2083	2084	22018
chrM	2084	2085	22022
chrM	2085	2086	22036
chrM	2086	2087	22080
chrM	2087	2088	22089
chrM	2088	2089	22087
chrM	2089	2090	22095
chrM	2090	2091	22121
chrM	2091	2092	22122
chrM	2092	2093	22258
chrM	2093	2094	22253
chrM	2094	2095	22277
chrM	2095	2096	22303
chrM	2096	2097	22268
chrM	2097	2098	22180
chrM	2098	2099	21797
chrM	2099	2100	21804
chrM	2100	2101	21826
chrM	2101	2102	21857
chrM	2102	2103	21748
chrM	2103	2104	21359
chrM	2104	2105	21161
chrM	2105	2106	20387
chrM	2106	2107	20255
chrM	2107	2108	21085
chrM	2108	2109	21147
chrM	2109	2110	20530
chrM	2110	2111	20972
chrM	2111	2112	20775
chrM	2112	2113	20787
chrM	2113	2114	20687
chrM	2114	2115	20231
chrM	2115	2116	16261
chrM	2116	2117	15727
chrM	2117	2118	15666
chrM	2118	2119	15633
chrM	2119	2120	15474
chrM	2120	2121	15397
chrM	2121	2122	15388
chrM	2122	2123	14952
chrM	2123	2124	14936
chrM	2124	2125	14518
chrM	2125	2126	14512
chrM	2126	2127	14493
chrM	2127	2128	13965
chrM	2128	2129	13976
chrM	2129	2130	13971
chrM	2130	2131	13950
chrM	2131	2132	13933
chrM	2132	2133	14008
chrM	2133	2134	14172
chrM	2134	2135	15134
chrM	2135	2136	15138
chrM	2136	2137	15011
chrM	2137	2138	15010
chrM	2138	2139	15000
chrM	2139	2140	14971
chrM	2140	2141	14919
chrM	2141	2142	14930
chrM	2142	2143	14937
chrM	2143	2144	14966
chrM	2144	2145	15014
chrM	2145	2146	15117
chrM	2146	2147	15117
chrM	2147	2148	15072
chrM	2148	2149	15039
chrM	2149	2150	15024
chrM	2150	2151	15033
chrM	2151	2152	15034
chrM	2152	2153	15033
chrM	2153	2154	15025
chrM	2154	2155	15042
chrM	2155	2156	15036
chrM	2156	2157	15009
chrM	2157	2158	14819
chrM	2158	2159	14856
chrM	2159	2160	14872
chrM	2160	2161	14892
chrM	2161	2162	15032
chrM	2162	2163	15161
chrM	2163	2164	15191
chrM	2164	2165	15199
chrM	2165	2166	15452
chrM	2166	2167	15451
chrM	2167	2168	15452
chrM	2168	2169	15453
chrM	2169	2170	15452
chrM	2170	2171	15463
chrM	2171	2172	15492
chrM	2172	2173	15535
chrM	2173	2174	15532
chrM	2174	2175	15735
chrM	2175	2176	15738
chrM	2176	2177	15731
chrM	2177	2178	15721
chrM	2178	2179	15702
chrM	2179	2180	15688
chrM	2180	2181	15682
chrM	2181	2182	15668
chrM	2182	2183	15666
chrM	2183	2184	15654
chrM	2184	2185	15660
chrM	2185	2186	15664
chrM	2186	2187	15659
chrM	2187	2188	15645
chrM	2188	2189	15647
chrM	2189	2190	15651
chrM	2190	2191	15626
chrM	2191	2192	15638
chrM	2192	2193	15685
chrM	2193	2194	15705
chrM	2194	2195	15567
chrM	2195	2196	15579
chrM	2196	2197	15564
chrM	2197	2198	15567
chrM	2198	2199	15543
chrM	2199	2200	15520
chrM	2200	2201	15514
chrM	2201	2202	15502
chrM	2202	2203	15443
chrM	2203	2204	15413
chrM	2204	2205	15385
chrM	2205	2206	15336
chrM	2206	2207	15347
chrM	2207	2208	15347
chrM	2208	2209	15347
chrM	2209	2210	15349
chrM	2210	2211	15360
chrM	2211	2212	15346
chrM	2212	2213	15768
chrM	2213	2214	15805
chrM	2214	2215	15823
chrM	2215	2216	15860
chrM	2216	2217	15826
chrM	2217	2218	15207
chrM	2218	2219	15231
chrM	2219	2220	15301
chrM	2220	2221	15922
chrM	2221	2222	15864
chrM	2222	2223	15849
chrM	2223	2224	15834
chrM	2224	2225	15749
chrM	2225	2226	15691
chrM	2226	2227	15587
chrM	2227	2228	15545
chrM	2228	2229	15513
chrM	2229	2230	15067
chrM	2230	2231	14917
chrM	2231	2232	14894
chrM	2232	2233	14839
chrM	2233	2234	14738
chrM	2234	2235	14623
chrM	2235	2236	14589
chrM	2236	2237	14586
chrM	2237	2238	14585
chrM	2238	2239	14576
chrM	2239	2240	14575
chrM	2240	2241	14575
chrM	2241	2242	14575
chrM	2242	2243	14576
chrM	2243	2244	14576
chrM	2244	2245	14572
chrM	2245	2246	14570
chrM	2246	2247	14567
chrM	2247	2248	14564
chrM	2248	2249	14562
chrM	2249	2250	14560
chrM	2250	2251	14560
chrM	2251	2252	14559
chrM	2252	2253	14560
chrM	2253	2254	14559
chrM	2254	2255	14562
chrM	2255	2256	14562
chrM	2256	2257	14560
chrM	2257	2258	14561
chrM	2258	2259	14566
chrM	2259	2260	14567
chrM	2260	2261	14573
chrM	2261	2262	14612
chrM	2262	2263	14621
chrM	2263	2264	14647
chrM	2264	2265	14650
chrM	2265	2266	14647
chrM	2266	2267	14668
chrM	2267	2268	14678
chrM	2268	2269	14667
chrM	2269	2270	14669
chrM	2270	2271	14730
chrM	2271	2272	14730
chrM	2272	2273	14727
chrM	2273	2274	14720
chrM	2274	2275	14720
chrM	2275	2276	14720
chrM	2276	2277	14720
chrM	2277	2278	14720
chrM	2278	2279	14720
chrM	2279	2280	14729
chrM	2280	2281	14738
chrM	2281	2282	14740
chrM	2282	2283	14751
chrM	2283	2284	14754
chrM	2284	2285	14760
chrM	2285	2286	14472
chrM	2286	2287	14026
chrM	2287	2288	13942
chrM	2288	2289	13936
chrM	2289	2290	13929
chrM	2290	2291	13388
chrM	2291	2292	13368
chrM	2292	2293	12571
chrM	2293	2294	12543
chrM	2294	2295	12481
chrM	2295	2296	12437
chrM	2296	2297	12407
chrM	2297	2298	12401
chrM	2298	2299	12394
chrM	2299	2300	12390
chrM	2300	2301	12391
chrM	2301	2302	12391
chrM	2302	2303	12358
chrM	2303	2304	12339
chrM	2304	2305	12292
chrM	2305	2306	12188
chrM	2306	2307	12089
chrM	2307	2308	11984
chrM	2308	2309	11964
chrM	2309	2310	11958
chrM	2310	2311	11958
chrM	2311	2312	11958
chrM	2312	2313	11958
chrM	2313	2314	11956
chrM	2314	2315	11830
chrM	2315	2316	11819
chrM	2316	2317	11811
chrM	2317	2318	11806
chrM	2318	2319	11804
chrM	2319	2320	11803
chrM	2320	2321	11805
chrM	2321	2322	11806
chrM	2322	2323	11807
chrM	2323	2324	11812
chrM	2324	2325	11810
chrM	2325	2326	11800
chrM	2326	2327	11780
chrM	2327	2328	11748
chrM	2328	2329	11715
chrM	2329	2330	11683
chrM	2330	2331	11676
chrM	2331	2332	11658
chrM	2332	2333	11658
chrM	2333	2334	11659
chrM	2334	2335	11658
chrM	2335	2336	11650
chrM	2336	2337	11055
chrM	2337	2338	11013
chrM	2338	2339	10947
chrM	2339	2340	10925
chrM	2340	2341	10332
chrM	2341	2342	10080
chrM	2342	2343	9998
chrM	2343	2344	9960
chrM	2344	2345	9971
chrM	2345	2346	9971
chrM	2346	2347	9966
chrM	2347	2348	9957
chrM	2348	2349	9952
chrM	2349	2350	9929
chrM	2350	2351	9908
chrM	2351	2352	9905
chrM	2352	2353	9905
chrM	2353	2354	9905
chrM	2354	2355	9905
chrM	2355	2356	9905
chrM	2356	2357	9907
chrM	2357	2358	9907
chrM	2358	2359	9908
chrM	2359	2360	9908
chrM	2360	2361	9907
chrM	2361	2362	9909
chrM	2362	2363	9909
chrM	2363	2364	9912
chrM	2364	2365	9912
chrM	2365	2366	9897
chrM	2366	2367	9887
chrM	2367	2368	8954
chrM	2368	2369	8898
chrM	2369	2370	8736
chrM	2370	2371	8616
chrM	2371	2372	8614
chrM	2372	2373	8614
chrM	2373	2374	8613
chrM	2374	2375	8613
chrM	2375	2376	8615
chrM	2376	2377	8615
chrM	2377	2378	8613
chrM	2378	2379	8612
chrM	2379	2380	8612
chrM	2380	2381	8612
chrM	2381	2382	8612
chrM	2382	2383	8613
chrM	2383	2384	8613
chrM	2384	2385	8603
chrM	2385	2386	8602
chrM	2386	2387	8600
chrM	2387	2388	8596
chrM	2388	2389	8589
chrM	2389	2390	8589
chrM	2390	2391	8589
chrM	2391	2392	8591
chrM	2392	2393	8686
chrM	2393	2394	8689
chrM	2394	2395	8689
chrM	2395	2396	8689
chrM	2396	2397	8689
chrM	2397	2398	8687
chrM	2398	2399	8688
chrM	2399	2400	8688
chrM	2400	2401	8688
chrM	2401	2402	8687
chrM	2402	2403	8687
chrM	2403	2404	8687
chrM	2404	2405	8687
chrM	2405	2406	8686
chrM	2406	2407	8687
chrM	2407	2408	8687
chrM	2408	2409	8687
chrM	2409	2410	8687
chrM	2410	2411	8687
chrM	2411	2412	8687
chrM	2412	2413	8688
chrM	2413	2414	8688
chrM	2414	2415	8688
chrM	2415	2416	8688
chrM	2416	2417	8688
chrM	2417	2418	8688
chrM	2418	2419	8688
chrM	2419	2420	8688
chrM	2420	2421	8688
chrM	2421	2422	8688
chrM	2422	2423	8688
chrM	2423	2424	8688
chrM	2424	2425	8688
chrM	2425	2426	8688
chrM	2426	2427	8688
chrM	2427	2428	8688
chrM	2428	2429	8688
chrM	2429	2430	8692
chrM	2430	2431	8692
chrM	2431	2432	8661
chrM	2432	2433	8661
chrM	2433	2434	8661
chrM	2434	2435	8661
chrM	2435	2436	8661
chrM	2436	2437	8661
chrM	2437	2438	8661
chrM	2438	2439	8661
chrM	2439	2440	8661
chrM	2440	2441	8661
chrM	2441	2442	8662
chrM	2442	2443	8663
chrM	2443	2444	8663
chrM	2444	2445	8666
chrM	2445	2446	8669
chrM	2446	2447	8671
chrM	2447	2448	8670
chrM	2448	2449	8672
chrM	2449	2450	8672
chrM	2450	2451	8672
chrM	2451	2452	8672
chrM	2452	2453	8671
chrM	2453	2454	8672
chrM	2454	2455	8672
chrM	2455	2456	8672
chrM	2456	2457	8672
chrM	2457	2458	8672
chrM	2458	2459	8672
chrM	2459	2460	8672
chrM	2460	2461	8672
chrM	2461	2462	8672
chrM	2462	2463	8672
chrM	2463	2464	8672
chrM	2464	2465	8672
chrM	2465	2466	8672
chrM	2466	2467	8673
chrM	2467	2468	8673
chrM	2468	2469	8673
chrM	2469	2470	8673
chrM	2470	2471	8673
chrM	2471	2472	8673
chrM	2472	2473	8674
chrM	2473	2474	8674
chrM	2474	2475	8674
chrM	2475	2476	8674
chrM	2476	2477	8674
chrM	2477	2478	8675
chrM	2478	2479	8675
chrM	2479	2480	8675
chrM	2480	2481	8675
chrM	2481	2482	8675
chrM	2482	2483	8675
chrM	2483	2484	8675
chrM	2484	2485	8677
chrM	2485	2486	8677
chrM	2486	2487	8678
chrM	2487	2488	8678
chrM	2488	2489	8679
chrM	2489	2490	8681
chrM	2490	2491	8683
chrM	2491	2492	8684
chrM	2492	2493	8712
chrM	2493	2494	8713
chrM	2494	2495	8713
chrM	2495	2496	8721
chrM	2496	2497	8737
chrM	2497	2498	8754
chrM	2498	2499	8781
chrM	2499	2500	8784
chrM	2500	2501	8798
chrM	2501	2502	8798
chrM	2502	2503	8802
chrM	2503	2504	8834
chrM	2504	2505	9018
chrM	2505	2506	9286
chrM	2506	2507	10005
chrM	2507	2508	10194
chrM	2508	2509	10716
chrM	2509	2510	10790
chrM	2510	2511	10891
chrM	2511	2512	10994
chrM	2512	2513	13457
chrM	2513	2514	13718
chrM	2514	2515	14284
chrM	2515	2516	16830
chrM	2516	2517	19308
chrM	2517	2518	24640
chrM	2518	2519	25858
chrM	2519	2520	27593
chrM	2520	2521	27759
chrM	2521	2522	28144
chrM	2522	2523	28164
chrM	2523	2524	28165
chrM	2524	2525	28373
chrM	2525	2526	28374
chrM	2526	2527	28381
chrM	2527	2528	28391
chrM	2528	2529	28396
chrM	2529	2530	28407
chrM	2530	2531	28408
chrM	2531	2532	28420
chrM	2532	2533	28427
chrM	2533	2534	28443
chrM	2534	2535	28455
chrM	2535	2536	28480
chrM	2536	2537	28510
chrM	2537	2538	28524
chrM	2538	2539	28528
chrM	2539	2540	28595
chrM	2540	2541	28596
chrM	2541	2542	28637
chrM	2542	2543	28637
chrM	2543	2544	28637
chrM	2544	2545	28637
chrM	2545	2546	28637
chrM	2546	2547	28637
chrM	2547	2548	28638
chrM	2548	2549	28638
chrM	2549	2550	28642
chrM	2550	2551	28644
chrM	2551	2552	28645
chrM	2552	2553	28646
chrM	2553	2554	28652
chrM	2554	2555	28670
chrM	2555	2556	28684
chrM	2556	2557	28733
chrM	2557	2558	28792
chrM	2558	2559	28797
chrM	2559	2560	28797
chrM	2560	2561	28797
chrM	2561	2562	28797
chrM	2562	2563	28806
chrM	2563	2564	28813
chrM	2564	2565	28814
chrM	2565	2566	28835
chrM	2566	2567	28836
chrM	2567	2568	28838
chrM	2568	2569	28847
chrM	2569	2570	28869
chrM	2570	2571	28931
chrM	2571	2572	28964
chrM	2572	2573	28982
chrM	2573	2574	29002
chrM	2574	2575	29018
chrM	2575	2576	28951
chrM	2576	2577	28964
chrM	2577	2578	28973
chrM	2578	2579	28980
chrM	2579	2580	29007
chrM	2580	2581	29013
chrM	2581	2582	29597
chrM	2582	2583	29590
chrM	2583	2584	29590
chrM	2584	2585	29684
chrM	2585	2586	29683
chrM	2586	2587	29689
chrM	2587	2588	29687
chrM	2588	2589	29847
chrM	2589	2590	29849
chrM	2590	2591	29844
chrM	2591	2592	29840
chrM	2592	2593	29857
chrM	2593	2594	29888
chrM	2594	2595	29892
chrM	2595	2596	29926
chrM	2596	2597	29926
chrM	2597	2598	29922
chrM	2598	2599	29823
chrM	2599	2600	29811
chrM	2600	2601	29795
chrM	2601	2602	29772
chrM	2602	2603	29764
chrM	2603	2604	29763
chrM	2604	2605	29759
chrM	2605	2606	29754
chrM	2606	2607	29762
chrM	2607	2608	29771
chrM	2608	2609	29771
chrM	2609	2610	29761
chrM	2610	2611	29738
chrM	2611	2612	29735
chrM	2612	2613	29684
chrM	2613	2614	29627
chrM	2614	2615	29629
chrM	2615	2616	29572
chrM	2616	2617	29563
chrM	2617	2618	29549
chrM	2618	2619	29428
chrM	2619	2620	29331
chrM	2620	2621	27981
chrM	2621	2622	27612
chrM	2622	2623	27415
chrM	2623	2624	27386
chrM	2624	2625	27386
chrM	2625	2626	27390
chrM	2626	2627	27539
chrM	2627	2628	27535
chrM	2628	2629	27531
chrM	2629	2630	27514
chrM	2630	2631	27504
chrM	2631	2632	27512
chrM	2632	2633	27514
chrM	2633	2634	27513
chrM	2634	2635	27499
chrM	2635	2636	27485
chrM	2636	2637	27481
chrM	2637	2638	27479
chrM	2638	2639	27476
chrM	2639	2640	27473
chrM	2640	2641	27472
chrM	2641	2642	27476
chrM	2642	2643	27480
chrM	2643	2644	27491
chrM	2644	2645	27494
chrM	2645	2646	27509
chrM	2646	2647	27504
chrM	2647	2648	27646
chrM	2648	2649	27644
chrM	2649	2650	27613
chrM	2650	2651	27627
chrM	2651	2652	27636
chrM	2652	2653	27638
chrM	2653	2654	27638
chrM	2654	2655	27643
chrM	2655	2656	27694
chrM	2656	2657	27701
chrM	2657	2658	27733
chrM	2658	2659	27738
chrM	2659	2660	27740
chrM	2660	2661	27765
chrM	2661	2662	27763
chrM	2662	2663	27757
chrM	2663	2664	27755
chrM	2664	2665	27764
chrM	2665	2666	27763
chrM	2666	2667	27756
chrM	2667	2668	27749
chrM	2668	2669	27751
chrM	2669	2670	27754
chrM	2670	2671	27756
chrM	2671	2672	27766
chrM	2672	2673	27780
chrM	2673	2674	27790
chrM	2674	2675	27815
chrM	2675	2676	27815
chrM	2676	2677	27934
chrM	2677	2678	27936
chrM	2678	2679	27942
chrM	2679	2680	27980
chrM	2680	2681	28152
chrM	2681	2682	28926
chrM	2682	2683	29563
chrM	2683	2684	29955
chrM	2684	2685	30195
chrM	2685	2686	30269
chrM	2686	2687	30114
chrM	2687	2688	28234
chrM	2688	2689	26785
chrM	2689	2690	24365
chrM	2690	2691	23745
chrM	2691	2692	23837
chrM	2692	2693	23877
chrM	2693	2694	23879
chrM	2694	2695	23821
chrM	2695	2696	22808
chrM	2696	2697	20927
chrM	2697	2698	19937
chrM	2698	2699	19818
chrM	2699	2700	19779
chrM	2700	2701	19778
chrM	2701	2702	19777
chrM	2702	2703	19786
chrM	2703	2704	19795
chrM	2704	2705	19836
chrM	2705	2706	19868
chrM	2706	2707	19881
chrM	2707	2708	19907
chrM	2708	2709	20029
chrM	2709	2710	20050
chrM	2710	2711	21352
chrM	2711	2712	21356
chrM	2712	2713	23334
chrM	2713	2714	23441
chrM	2714	2715	23604
chrM	2715	2716	23715
chrM	2716	2717	25028
chrM	2717	2718	24982
chrM	2718	2719	24954
chrM	2719	2720	24198
chrM	2720	2721	23000
chrM	2721	2722	22942
chrM	2722	2723	23428
chrM	2723	2724	23392
chrM	2724	2725	23533
chrM	2725	2726	23532
chrM	2726	2727	23534
chrM	2727	2728	23533
chrM	2728	2729	23534
chrM	2729	2730	23536
chrM	2730	2731	23537
chrM	2731	2732	23537
chrM	2732	2733	23537
chrM	2733	2734	23535
chrM	2734	2735	23534
chrM	2735	2736	23535
chrM	2736	2737	23541
chrM	2737	2738	23542
chrM	2738	2739	23547
chrM	2739	2740	23558
chrM	2740	2741	23558
chrM	2741	2742	23677
chrM	2742	2743	23681
chrM	2743	2744	23678
chrM	2744	2745	23877
chrM	2745	2746	23961
chrM	2746	2747	24145
chrM	2747	2748	24179
chrM	2748	2749	24199
chrM	2749	2750	23835
chrM	2750	2751	23812
chrM	2751	2752	23765
chrM	2752	2753	23705
chrM	2753	2754	23675
chrM	2754	2755	23672
chrM	2755	2756	23683
chrM	2756	2757	23691
chrM	2757	2758	23701
chrM	2758	2759	23707
chrM	2759	2760	23757
chrM	2760	2761	23770
chrM	2761	2762	23810
chrM	2762	2763	23809
chrM	2763	2764	23811
chrM	2764	2765	23848
chrM	2765	2766	23810
chrM	2766	2767	23850
chrM	2767	2768	24616
chrM	2768	2769	24630
chrM	2769	2770	24614
chrM	2770	2771	24104
chrM	2771	2772	21368
chrM	2772	2773	21212
chrM	2773	2774	21189
chrM	2774	2775	21128
chrM	2775	2776	21114
chrM	2776	2777	21068
chrM	2777	2778	21063
chrM	2778	2779	21039
chrM	2779	2780	20742
chrM	2780	2781	20411
chrM	2781	2782	23032
chrM	2782	2783	22993
chrM	2783	2784	22985
chrM	2784	2785	22975
chrM	2785	2786	22987
chrM	2786	2787	23153
chrM	2787	2788	23201
chrM	2788	2789	23178
chrM	2789	2790	23641
chrM	2790	2791	23657
chrM	2791	2792	23666
chrM	2792	2793	23511
chrM	2793	2794	23460
chrM	2794	2795	23363
chrM	2795	2796	23214
chrM	2796	2797	23192
chrM	2797	2798	23178
chrM	2798	2799	23246
chrM	2799	2800	23251
chrM	2800	2801	23266
chrM	2801	2802	23275
chrM	2802	2803	23277
chrM	2803	2804	23278
chrM	2804	2805	23274
chrM	2805	2806	23267
chrM	2806	2807	23263
chrM	2807	2808	23257
chrM	2808	2809	23247
chrM	2809	2810	23252
chrM	2810	2811	23252
chrM	2811	2812	23261
chrM	2812	2813	23261
chrM	2813	2814	23267
chrM	2814	2815	23268
chrM	2815	2816	23435
chrM	2816	2817	23445
chrM	2817	2818	23455
chrM	2818	2819	23224
chrM	2819	2820	23217
chrM	2820	2821	23191
chrM	2821	2822	23181
chrM	2822	2823	23181
chrM	2823	2824	23169
chrM	2824	2825	23166
chrM	2825	2826	23194
chrM	2826	2827	23335
chrM	2827	2828	23380
chrM	2828	2829	23398
chrM	2829	2830	23405
chrM	2830	2831	23395
chrM	2831	2832	23388
chrM	2832	2833	23316
chrM	2833	2834	23146
chrM	2834	2835	23100
chrM	2835	2836	23101
chrM	2836	2837	23100
chrM	2837	2838	23096
chrM	2838	2839	23098
chrM	2839	2840	23099
chrM	2840	2841	23094
chrM	2841	2842	23100
chrM	2842	2843	23178
chrM	2843	2844	23224
chrM	2844	2845	23235
chrM	2845	2846	23322
chrM	2846	2847	23285
chrM	2847	2848	23297
chrM	2848	2849	23283
chrM	2849	2850	23229
chrM	2850	2851	23261
chrM	2851	2852	23263
chrM	2852	2853	23262
chrM	2853	2854	23265
chrM	2854	2855	23279
chrM	2855	2856	23287
chrM	2856	2857	23295
chrM	2857	2858	23308
chrM	2858	2859	23320
chrM	2859	2860	23325
chrM	2860	2861	23333
chrM	2861	2862	23362
chrM	2862	2863	23450
chrM	2863	2864	23914
chrM	2864	2865	24066
chrM	2865	2866	24296
chrM	2866	2867	24356
chrM	2867	2868	24389
chrM	2868	2869	24348
chrM	2869	2870	23894
chrM	2870	2871	23539
chrM	2871	2872	23472
chrM	2872	2873	23171
chrM	2873	2874	23146
chrM	2874	2875	23142
chrM	2875	2876	23140
chrM	2876	2877	23133
chrM	2877	2878	23133
chrM	2878	2879	23212
chrM	2879	2880	23228
chrM	2880	2881	23233
chrM	2881	2882	23231
chrM	2882	2883	23231
chrM	2883	2884	23233
chrM	2884	2885	23242
chrM	2885	2886	23246
chrM	2886	2887	23270
chrM	2887	2888	23292
chrM	2888	2889	23354
chrM	2889	2890	23425
chrM	2890	2891	23425
chrM	2891	2892	23428
chrM	2892	2893	23421
chrM	2893	2894	23425
chrM	2894	2895	23421
chrM	2895	2896	23425
chrM	2896	2897	23427
chrM	2897	2898	23426
chrM	2898	2899	23436
chrM	2899	2900	23441
chrM	2900	2901	23441
chrM	2901	2902	23448
chrM	2902	2903	23463
chrM	2903	2904	23497
chrM	2904	2905	23505
chrM	2905	2906	23507
chrM	2906	2907	23522
chrM	2907	2908	23533
chrM	2908	2909	23577
chrM	2909	2910	23716
chrM	2910	2911	24071
chrM	2911	2912	24314
chrM	2912	2913	28190
chrM	2913	2914	28782
chrM	2914	2915	29246
chrM	2915	2916	29582
chrM	2916	2917	30009
chrM	2917	2918	30191
chrM	2918	2919	30261
chrM	2919	2920	30258
chrM	2920	2921	30405
chrM	2921	2922	30401
chrM	2922	2923	30412
chrM	2923	2924	30416
chrM	2924	2925	30424
chrM	2925	2926	30404
chrM	2926	2927	31720
chrM	2927	2928	31837
chrM	2928	2929	31925
chrM	2929	2930	31960
chrM	2930	2931	31724
chrM	2931	2932	31711
chrM	2932	2933	31695
chrM	2933	2934	31107
chrM	2934	2935	30444
chrM	2935	2936	29833
chrM	2936	2937	28952
chrM	2937	2938	29003
chrM	2938	2939	29027
chrM	2939	2940	29046
chrM	2940	2941	29064
chrM	2941	2942	29113
chrM	2942	2943	29145
chrM	2943	2944	29136
chrM	2944	2945	29047
chrM	2945	2946	29065
chrM	2946	2947	29066
chrM	2947	2948	29060
chrM	2948	2949	29060
chrM	2949	2950	29057
chrM	2950	2951	29066
chrM	2951	2952	29362
chrM	2952	2953	29554
chrM	2953	2954	29544
chrM	2954	2955	29544
chrM	2955	2956	29549
chrM	2956	2957	29550
chrM	2957	2958	29555
chrM	2958	2959	29561
chrM	2959	2960	29580
chrM	2960	2961	29585
chrM	2961	2962	29584
chrM	2962	2963	29596
chrM	2963	2964	29597
chrM	2964	2965	29696
chrM	2965	2966	29706
chrM	2966	2967	29724
chrM	2967	2968	29736
chrM	2968	2969	30027
chrM	2969	2970	30137
chrM	2970	2971	30148
chrM	2971	2972	30151
chrM	2972	2973	30152
chrM	2973	2974	30261
chrM	2974	2975	30257
chrM	2975	2976	30242
chrM	2976	2977	30248
chrM	2977	2978	31696
chrM	2978	2979	31719
chrM	2979	2980	31721
chrM	2980	2981	31638
chrM	2981	2982	31633
chrM	2982	2983	31634
chrM	2983	2984	31624
chrM	2984	2985	31599
chrM	2985	2986	31578
chrM	2986	2987	31567
chrM	2987	2988	31552
chrM	2988	2989	31531
chrM	2989	2990	31510
chrM	2990	2991	31508
chrM	2991	2992	31517
chrM	2992	2993	31558
chrM	2993	2994	31695
chrM	2994	2995	31723
chrM	2995	2996	31882
chrM	2996	2997	31934
chrM	2997	2998	32001
chrM	2998	2999	32066
chrM	2999	3000	31708
chrM	3000	3001	30948
chrM	3001	3002	31022
chrM	3002	3003	30852
chrM	3003	3004	30441
chrM	3004	3005	30217
chrM	3005	3006	30223
chrM	3006	3007	30216
chrM	3007	3008	30226
chrM	3008	3009	30234
chrM	3009	3010	30280
chrM	3010	3011	30289
chrM	3011	3012	30296
chrM	3012	3013	30296
chrM	3013	3014	30276
chrM	3014	3015	30263
chrM	3015	3016	30237
chrM	3016	3017	30188
chrM	3017	3018	30167
chrM	3018	3019	30216
chrM	3019	3020	30216
chrM	3020	3021	30213
chrM	3021	3022	30213
chrM	3022	3023	30216
chrM	3023	3024	30218
chrM	3024	3025	30196
chrM	3025	3026	30186
chrM	3026	3027	30177
chrM	3027	3028	30167
chrM	3028	3029	30140
chrM	3029	3030	30098
chrM	3030	3031	30054
chrM	3031	3032	30049
chrM	3032	3033	29928
chrM	3033	3034	29709
chrM	3034	3035	28975
chrM	3035	3036	28361
chrM	3036	3037	28158
chrM	3037	3038	28066
chrM	3038	3039	28132
chrM	3039	3040	28880
chrM	3040	3041	28712
chrM	3041	3042	28728
chrM	3042	3043	27911
chrM	3043	3044	26985
chrM	3044	3045	19290
chrM	3045	3046	18526
chrM	3046	3047	18450
chrM	3047	3048	18639
chrM	3048	3049	18725
chrM	3049	3050	18640
chrM	3050	3051	18581
chrM	3051	3052	18540
chrM	3052	3053	18347
chrM	3053	3054	18128
chrM	3054	3055	17982
chrM	3055	3056	17884
chrM	3056	3057	17859
chrM	3057	3058	17845
chrM	3058	3059	17841
chrM	3059	3060	17836
chrM	3060	3061	17841
chrM	3061	3062	17860
chrM	3062	3063	17921
chrM	3063	3064	17945
chrM	3064	3065	17950
chrM	3065	3066	17973
chrM	3066	3067	17974
chrM	3067	3068	17971
chrM	3068	3069	17966
chrM	3069	3070	17977
chrM	3070	3071	17975
chrM	3071	3072	17986
chrM	3072	3073	17998
chrM	3073	3074	17994
chrM	3074	3075	17998
chrM	3075	3076	18000
chrM	3076	3077	18001
chrM	3077	3078	18010
chrM	3078	3079	18021
chrM	3079	3080	18022
chrM	3080	3081	18038
chrM	3081	3082	18047
chrM	3082	3083	18087
chrM	3083	3084	18328
chrM	3084	3085	18691
chrM	3085	3086	18809
chrM	3086	3087	18870
chrM	3087	3088	18899
chrM	3088	3089	18635
chrM	3089	3090	18645
chrM	3090	3091	18660
chrM	3091	3092	18649
chrM	3092	3093	16788
chrM	3093	3094	16627
chrM	3094	3095	16520
chrM	3095	3096	16425
chrM	3096	3097	16421
chrM	3097	3098	16426
chrM	3098	3099	16431
chrM	3099	3100	16443
chrM	3100	3101	16439
chrM	3101	3102	16455
chrM	3102	3103	16529
chrM	3103	3104	16531
chrM	3104	3105	16537
chrM	3105	3106	16540
chrM	3106	3107	16552
chrM	3107	3108	16547
chrM	3108	3109	16538
chrM	3109	3110	16448
chrM	3110	3111	16383
chrM	3111	3112	18352
chrM	3112	3113	18361
chrM	3113	3114	18359
chrM	3114	3115	18359
chrM	3115	3116	18364
chrM	3116	3117	18369
chrM	3117	3118	18387
chrM	3118	3119	18421
chrM	3119	3120	18441
chrM	3120	3121	18456
chrM	3121	3122	18472
chrM	3122	3123	18474
chrM	3123	3124	18541
chrM	3124	3125	18537
chrM	3125	3126	18535
chrM	3126	3127	18510
chrM	3127	3128	18507
chrM	3128	3129	18508
chrM	3129	3130	18503
chrM	3130	3131	18508
chrM	3131	3132	19925
chrM	3132	3133	20023
chrM	3133	3134	20026
chrM	3134	3135	20023
chrM	3135	3136	20026
chrM	3136	3137	20037
chrM	3137	3138	20022
chrM	3138	3139	20248
chrM	3139	3140	20252
chrM	3140	3141	20242
chrM	3141	3142	20245
chrM	3142	3143	20216
chrM	3143	3144	20230
chrM	3144	3145	20230
chrM	3145	3146	20104
chrM	3146	3147	20119
chrM	3147	3148	20117
chrM	3148	3149	20108
chrM	3149	3150	20088
chrM	3150	3151	20116
chrM	3151	3152	20184
chrM	3152	3153	20179
chrM	3153	3154	20173
chrM	3154	3155	20169
chrM	3155	3156	20169
chrM	3156	3157	20169
chrM	3157	3158	20170
chrM	3158	3159	20199
chrM	3159	3160	20198
chrM	3160	3161	20199
chrM	3161	3162	20206
chrM	3162	3163	20209
chrM	3163	3164	20207
chrM	3164	3165	20206
chrM	3165	3166	20206
chrM	3166	3167	20206
chrM	3167	3168	20205
chrM	3168	3169	20202
chrM	3169	3170	20204
chrM	3170	3171	20207
chrM	3171	3172	20207
chrM	3172	3173	20211
chrM	3173	3174	20215
chrM	3174	3175	20219
chrM	3175	3176	20229
chrM	3176	3177	20244
chrM	3177	3178	20254
chrM	3178	3179	20411
chrM	3179	3180	20402
chrM	3180	3181	20363
chrM	3181	3182	18574
chrM	3182	3183	18506
chrM	3183	3184	18409
chrM	3184	3185	18382
chrM	3185	3186	18308
chrM	3186	3187	18233
chrM	3187	3188	18283
chrM	3188	3189	18445
chrM	3189	3190	18434
chrM	3190	3191	18452
chrM	3191	3192	18444
chrM	3192	3193	18441
chrM	3193	3194	18442
chrM	3194	3195	18438
chrM	3195	3196	18449
chrM	3196	3197	18452
chrM	3197	3198	18451
chrM	3198	3199	18450
chrM	3199	3200	18452
chrM	3200	3201	18459
chrM	3201	3202	18464
chrM	3202	3203	18479
chrM	3203	3204	18507
chrM	3204	3205	18541
chrM	3205	3206	18566
chrM	3206	3207	18569
chrM	3207	3208	18530
chrM	3208	3209	16333
chrM	3209	3210	15697
chrM	3210	3211	15005
chrM	3211	3212	14348
chrM	3212	3213	14175
chrM	3213	3214	14137
chrM	3214	3215	14124
chrM	3215	3216	14121
chrM	3216	3217	14119
chrM	3217	3218	14149
chrM	3218	3219	14158
chrM	3219	3220	14157
chrM	3220	3221	14141
chrM	3221	3222	14134
chrM	3222	3223	14115
chrM	3223	3224	14081
chrM	3224	3225	14037
chrM	3225	3226	13989
chrM	3226	3227	13963
chrM	3227	3228	13950
chrM	3228	3229	13926
chrM	3229	3230	13920
chrM	3230	3231	13917
chrM	3231	3232	13916
chrM	3232	3233	13906
chrM	3233	3234	13922
chrM	3234	3235	13922
chrM	3235	3236	13920
chrM	3236	3237	13937
chrM	3237	3238	13920
chrM	3238	3239	13896
chrM	3239	3240	13877
chrM	3240	3241	13865
chrM	3241	3242	13801
chrM	3242	3243	13797
chrM	3243	3244	13797
chrM	3244	3245	13879
chrM	3245	3246	13914
chrM	3246	3247	13888
chrM	3247	3248	13879
chrM	3248	3249	13879
chrM	3249	3250	13873
chrM	3250	3251	13804
chrM	3251	3252	13815
chrM	3252	3253	13811
chrM	3253	3254	13793
chrM	3254	3255	13769
chrM	3255	3256	13767
chrM	3256	3257	13756
chrM	3257	3258	13745
chrM	3258	3259	13722
chrM	3259	3260	13714
chrM	3260	3261	13704
chrM	3261	3262	13682
chrM	3262	3263	13646
chrM	3263	3264	13626
chrM	3264	3265	13636
chrM	3265	3266	13635
chrM	3266	3267	13638
chrM	3267	3268	13632
chrM	3268	3269	13617
chrM	3269	3270	13620
chrM	3270	3271	13621
chrM	3271	3272	13610
chrM	3272	3273	13521
chrM	3273	3274	13375
chrM	3274	3275	13267
chrM	3275	3276	13168
chrM	3276	3277	13129
chrM	3277	3278	13110
chrM	3278	3279	13111
chrM	3279	3280	13109
chrM	3280	3281	13104
chrM	3281	3282	13081
chrM	3282	3283	13079
chrM	3283	3284	13079
chrM	3284	3285	13076
chrM	3285	3286	13074
chrM	3286	3287	13076
chrM	3287	3288	13075
chrM	3288	3289	13070
chrM	3289	3290	13057
chrM	3290	3291	13056
chrM	3291	3292	13056
chrM	3292	3293	13054
chrM	3293	3294	13053
chrM	3294	3295	13052
chrM	3295	3296	13048
chrM	3296	3297	13047
chrM	3297	3298	13048
chrM	3298	3299	13047
chrM	3299	3300	13054
chrM	3300	3301	13050
chrM	3301	3302	13051
chrM	3302	3303	13048
chrM	3303	3304	13051
chrM	3304	3305	13179
chrM	3305	3306	13154
chrM	3306	3307	13124
chrM	3307	3308	12809
chrM	3308	3309	11783
chrM	3309	3310	11308
chrM	3310	3311	11130
chrM	3311	3312	11103
chrM	3312	3313	11076
chrM	3313	3314	11073
chrM	3314	3315	11074
chrM	3315	3316	11075
chrM	3316	3317	11073
chrM	3317	3318	11024
chrM	3318	3319	11028
chrM	3319	3320	11033
chrM	3320	3321	10964
chrM	3321	3322	10805
chrM	3322	3323	10775
chrM	3323	3324	10864
chrM	3324	3325	10856
chrM	3325	3326	10923
chrM	3326	3327	10955
chrM	3327	3328	10980
chrM	3328	3329	10997
chrM	3329	3330	11019
chrM	3330	3331	11033
chrM	3331	3332	11037
chrM	3332	3333	11070
chrM	3333	3334	11995
chrM	3334	3335	12075
chrM	3335	3336	12225
chrM	3336	3337	12363
chrM	3337	3338	12474
chrM	3338	3339	12558
chrM	3339	3340	12617
chrM	3340	3341	12664
chrM	3341	3342	12697
chrM	3342	3343	12715
chrM	3343	3344	12847
chrM	3344	3345	13439
chrM	3345	3346	13540
chrM	3346	3347	13559
chrM	3347	3348	13563
chrM	3348	3349	13576
chrM	3349	3350	13582
chrM	3350	3351	13599
chrM	3351	3352	13642
chrM	3352	3353	13694
chrM	3353	3354	13700
chrM	3354	3355	13706
chrM	3355	3356	13742
chrM	3356	3357	13753
chrM	3357	3358	13753
chrM	3358	3359	13752
chrM	3359	3360	13770
chrM	3360	3361	13826
chrM	3361	3362	13957
chrM	3362	3363	14027
chrM	3363	3364	14040
chrM	3364	3365	14049
chrM	3365	3366	14067
chrM	3366	3367	14151
chrM	3367	3368	14287
chrM	3368	3369	17170
chrM	3369	3370	17798
chrM	3370	3371	17820
chrM	3371	3372	17835
chrM	3372	3373	17836
chrM	3373	3374	17834
chrM	3374	3375	17834
chrM	3375	3376	17840
chrM	3376	3377	17870
chrM	3377	3378	17919
chrM	3378	3379	18012
chrM	3379	3380	18230
chrM	3380	3381	18279
chrM	3381	3382	18285
chrM	3382	3383	18279
chrM	3383	3384	18279
chrM	3384	3385	18305
chrM	3385	3386	18310
chrM	3386	3387	18710
chrM	3387	3388	18711
chrM	3388	3389	19268
chrM	3389	3390	19285
chrM	3390	3391	19334
chrM	3391	3392	19486
chrM	3392	3393	19640
chrM	3393	3394	19664
chrM	3394	3395	19650
chrM	3395	3396	19651
chrM	3396	3397	19653
chrM	3397	3398	19676
chrM	3398	3399	19681
chrM	3399	3400	19823
chrM	3400	3401	19869
chrM	3401	3402	19895
chrM	3402	3403	19910
chrM	3403	3404	20687
chrM	3404	3405	20716
chrM	3405	3406	20733
chrM	3406	3407	20759
chrM	3407	3408	20959
chrM	3408	3409	21061
chrM	3409	3410	21012
chrM	3410	3411	20983
chrM	3411	3412	20952
chrM	3412	3413	20946
chrM	3413	3414	20908
chrM	3414	3415	20889
chrM	3415	3416	20888
chrM	3416	3417	20888
chrM	3417	3418	20888
chrM	3418	3419	20888
chrM	3419	3420	20889
chrM	3420	3421	20889
chrM	3421	3422	20889
chrM	3422	3423	20894
chrM	3423	3424	20905
chrM	3424	3425	20922
chrM	3425	3426	20937
chrM	3426	3427	20976
chrM	3427	3428	21079
chrM	3428	3429	21090
chrM	3429	3430	21094
chrM	3430	3431	21094
chrM	3431	3432	21096
chrM	3432	3433	21097
chrM	3433	3434	21101
chrM	3434	3435	21106
chrM	3435	3436	21116
chrM	3436	3437	21134
chrM	3437	3438	21142
chrM	3438	3439	21144
chrM	3439	3440	21149
chrM	3440	3441	21150
chrM	3441	3442	21150
chrM	3442	3443	21148
chrM	3443	3444	21153
chrM	3444	3445	21154
chrM	3445	3446	21154
chrM	3446	3447	21155
chrM	3447	3448	21156
chrM	3448	3449	21158
chrM	3449	3450	21159
chrM	3450	3451	21158
chrM	3451	3452	21168
chrM	3452	3453	21192
chrM	3453	3454	21329
chrM	3454	3455	21412
chrM	3455	3456	21479
chrM	3456	3457	21486
chrM	3457	3458	21489
chrM	3458	3459	21491
chrM	3459	3460	21427
chrM	3460	3461	21305
chrM	3461	3462	21248
chrM	3462	3463	21209
chrM	3463	3464	21207
chrM	3464	3465	21215
chrM	3465	3466	21214
chrM	3466	3467	21242
chrM	3467	3468	21242
chrM	3468	3469	21238
chrM	3469	3470	21239
chrM	3470	3471	21270
chrM	3471	3472	21273
chrM	3472	3473	21448
chrM	3473	3474	21454
chrM	3474	3475	21464
chrM	3475	3476	21508
chrM	3476	3477	21510
chrM	3477	3478	21497
chrM	3478	3479	21525
chrM	3479	3480	21527
chrM	3480	3481	21530
chrM	3481	3482	21535
chrM	3482	3483	21560
chrM	3483	3484	21599
chrM	3484	3485	21797
chrM	3485	3486	21866
chrM	3486	3487	21877
chrM	3487	3488	21997
chrM	3488	3489	22043
chrM	3489	3490	22106
chrM	3490	3491	22465
chrM	3491	3492	22500
chrM	3492	3493	22546
chrM	3493	3494	22560
chrM	3494	3495	22566
chrM	3495	3496	22576
chrM	3496	3497	22567
chrM	3497	3498	22490
chrM	3498	3499	21068
chrM	3499	3500	21025
chrM	3500	3501	20991
chrM	3501	3502	20993
chrM	3502	3503	20995
chrM	3503	3504	21017
chrM	3504	3505	21022
chrM	3505	3506	21044
chrM	3506	3507	21049
chrM	3507	3508	21282
chrM	3508	3509	21289
chrM	3509	3510	21400
chrM	3510	3511	21390
chrM	3511	3512	21391
chrM	3512	3513	21382
chrM	3513	3514	21382
chrM	3514	3515	21374
chrM	3515	3516	21375
chrM	3516	3517	21372
chrM	3517	3518	21350
chrM	3518	3519	21355
chrM	3519	3520	21347
chrM	3520	3521	21348
chrM	3521	3522	21379
chrM	3522	3523	21382
chrM	3523	3524	21885
chrM	3524	3525	21929
chrM	3525	3526	21949
chrM	3526	3527	22000
chrM	3527	3528	22071
chrM	3528	3529	22097
chrM	3529	3530	22107
chrM	3530	3531	22096
chrM	3531	3532	22098
chrM	3532	3533	22255
chrM	3533	3534	22257
chrM	3534	3535	22260
chrM	3535	3536	22259
chrM	3536	3537	22261
chrM	3537	3538	22262
chrM	3538	3539	22262
chrM	3539	3540	22266
chrM	3540	3541	22268
chrM	3541	3542	22279
chrM	3542	3543	22284
chrM	3543	3544	22290
chrM	3544	3545	22304
chrM	3545	3546	22305
chrM	3546	3547	22308
chrM	3547	3548	22337
chrM	3548	3549	22341
chrM	3549	3550	22330
chrM	3550	3551	22436
chrM	3551	3552	22726
chrM	3552	3553	22920
chrM	3553	3554	23048
chrM	3554	3555	24116
chrM	3555	3556	24140
chrM	3556	3557	24122
chrM	3557	3558	24006
chrM	3558	3559	24135
chrM	3559	3560	24224
chrM	3560	3561	24342
chrM	3561	3562	24385
chrM	3562	3563	24631
chrM	3563	3564	24788
chrM	3564	3565	24827
chrM	3565	3566	25393
chrM	3566	3567	25412
chrM	3567	3568	25418
chrM	3568	3569	25420
chrM	3569	3570	25469
chrM	3570	3571	25464
chrM	3571	3572	25470
chrM	3572	3573	25460
chrM	3573	3574	25457
chrM	3574	3575	25459
chrM	3575	3576	25439
chrM	3576	3577	25421
chrM	3577	3578	25542
chrM	3578	3579	25551
chrM	3579	3580	25593
chrM	3580	3581	25536
chrM	3581	3582	25353
chrM	3582	3583	24805
chrM	3583	3584	23919
chrM	3584	3585	22221
chrM	3585	3586	21037
chrM	3586	3587	20561
chrM	3587	3588	20490
chrM	3588	3589	20477
chrM	3589	3590	20477
chrM	3590	3591	20483
chrM	3591	3592	20161
chrM	3592	3593	20151
chrM	3593	3594	20100
chrM	3594	3595	20081
chrM	3595	3596	20087
chrM	3596	3597	20084
chrM	3597	3598	20084
chrM	3598	3599	20083
chrM	3599	3600	20084
chrM	3600	3601	20087
chrM	3601	3602	20089
chrM	3602	3603	20093
chrM	3603	3604	20095
chrM	3604	3605	20102
chrM	3605	3606	20125
chrM	3606	3607	20160
chrM	3607	3608	20174
chrM	3608	3609	20174
chrM	3609	3610	20175
chrM	3610	3611	20178
chrM	3611	3612	20178
chrM	3612	3613	20176
chrM	3613	3614	20174
chrM	3614	3615	20176
chrM	3615	3616	20189
chrM	3616	3617	20195
chrM	3617	3618	20216
chrM	3618	3619	20241
chrM	3619	3620	20253
chrM	3620	3621	20254
chrM	3621	3622	20174
chrM	3622	3623	20031
chrM	3623	3624	19974
chrM	3624	3625	19975
chrM	3625	3626	19988
chrM	3626	3627	20040
chrM	3627	3628	20178
chrM	3628	3629	20276
chrM	3629	3630	20401
chrM	3630	3631	20418
chrM	3631	3632	20409
chrM	3632	3633	20478
chrM	3633	3634	20580
chrM	3634	3635	20675
chrM	3635	3636	21094
chrM	3636	3637	21096
chrM	3637	3638	21101
chrM	3638	3639	21116
chrM	3639	3640	21139
chrM	3640	3641	21731
chrM	3641	3642	22018
chrM	3642	3643	22528
chrM	3643	3644	22842
chrM	3644	3645	24882
chrM	3645	3646	25115
chrM	3646	3647	26577
chrM	3647	3648	26602
chrM	3648	3649	26384
chrM	3649	3650	26262
chrM	3650	3651	26225
chrM	3651	3652	26096
chrM	3652	3653	26117
chrM	3653	3654	26114
chrM	3654	3655	26185
chrM	3655	3656	26616
chrM	3656	3657	26935
chrM	3657	3658	26750
chrM	3658	3659	28270
chrM	3659	3660	28315
chrM	3660	3661	28312
chrM	3661	3662	28279
chrM	3662	3663	28240
chrM	3663	3664	28228
chrM	3664	3665	28234
chrM	3665	3666	28553
chrM	3666	3667	28778
chrM	3667	3668	32870
chrM	3668	3669	33183
chrM	3669	3670	36282
chrM	3670	3671	36391
chrM	3671	3672	36478
chrM	3672	3673	36551
chrM	3673	3674	36594
chrM	3674	3675	37876
chrM	3675	3676	37898
chrM	3676	3677	37914
chrM	3677	3678	38092
chrM	3678	3679	38097
chrM	3679	3680	38099
chrM	3680	3681	38113
chrM	3681	3682	38117
chrM	3682	3683	38117
chrM	3683	3684	38216
chrM	3684	3685	38221
chrM	3685	3686	38227
chrM	3686	3687	38249
chrM	3687	3688	38251
chrM	3688	3689	38253
chrM	3689	3690	38258
chrM	3690	3691	38258
chrM	3691	3692	38267
chrM	3692	3693	38328
chrM	3693	3694	38390
chrM	3694	3695	38602
chrM	3695	3696	38828
chrM	3696	3697	38979
chrM	3697	3698	38999
chrM	3698	3699	38983
chrM	3699	3700	38443
chrM	3700	3701	38261
chrM	3701	3702	37940
chrM	3702	3703	37815
chrM	3703	3704	37782
chrM	3704	3705	37748
chrM	3705	3706	37735
chrM	3706	3707	37753
chrM	3707	3708	37794
chrM	3708	3709	37827
chrM	3709	3710	37905
chrM	3710	3711	38118
chrM	3711	3712	38137
chrM	3712	3713	38137
chrM	3713	3714	37917
chrM	3714	3715	37686
chrM	3715	3716	37459
chrM	3716	3717	37416
chrM	3717	3718	37398
chrM	3718	3719	38341
chrM	3719	3720	38412
chrM	3720	3721	38465
chrM	3721	3722	38570
chrM	3722	3723	38844
chrM	3723	3724	38491
chrM	3724	3725	38495
chrM	3725	3726	38481
chrM	3726	3727	38191
chrM	3727	3728	36581
chrM	3728	3729	36064
chrM	3729	3730	35897
chrM	3730	3731	35779
chrM	3731	3732	35689
chrM	3732	3733	35799
chrM	3733	3734	36021
chrM	3734	3735	36175
chrM	3735	3736	36705
chrM	3736	3737	36808
chrM	3737	3738	36822
chrM	3738	3739	36839
chrM	3739	3740	36993
chrM	3740	3741	37273
chrM	3741	3742	36326
chrM	3742	3743	36123
chrM	3743	3744	36067
chrM	3744	3745	35895
chrM	3745	3746	34980
chrM	3746	3747	33915
chrM	3747	3748	33022
chrM	3748	3749	30795
chrM	3749	3750	30063
chrM	3750	3751	28754
chrM	3751	3752	28071
chrM	3752	3753	28123
chrM	3753	3754	27746
chrM	3754	3755	27504
chrM	3755	3756	27579
chrM	3756	3757	27359
chrM	3757	3758	27322
chrM	3758	3759	27339
chrM	3759	3760	27363
chrM	3760	3761	27646
chrM	3761	3762	27744
chrM	3762	3763	27885
chrM	3763	3764	28165
chrM	3764	3765	28175
chrM	3765	3766	28204
chrM	3766	3767	28215
chrM	3767	3768	28196
chrM	3768	3769	28200
chrM	3769	3770	28201
chrM	3770	3771	28201
chrM	3771	3772	28193
chrM	3772	3773	28168
chrM	3773	3774	28124
chrM	3774	3775	28035
chrM	3775	3776	27903
chrM	3776	3777	27880
chrM	3777	3778	27867
chrM	3778	3779	27835
chrM	3779	3780	27806
chrM	3780	3781	27659
chrM	3781	3782	27387
chrM	3782	3783	27325
chrM	3783	3784	27312
chrM	3784	3785	27337
chrM	3785	3786	27376
chrM	3786	3787	27486
chrM	3787	3788	28635
chrM	3788	3789	28924
chrM	3789	3790	28984
chrM	3790	3791	29019
chrM	3791	3792	29137
chrM	3792	3793	29268
chrM	3793	3794	29346
chrM	3794	3795	29413
chrM	3795	3796	29395
chrM	3796	3797	29397
chrM	3797	3798	29399
chrM	3798	3799	29392
chrM	3799	3800	29374
chrM	3800	3801	29591
chrM	3801	3802	29594
chrM	3802	3803	29614
chrM	3803	3804	29634
chrM	3804	3805	29671
chrM	3805	3806	29677
chrM	3806	3807	29690
chrM	3807	3808	29668
chrM	3808	3809	29556
chrM	3809	3810	29287
chrM	3810	3811	28732
chrM	3811	3812	28704
chrM	3812	3813	28701
chrM	3813	3814	28702
chrM	3814	3815	28701
chrM	3815	3816	28704
chrM	3816	3817	29118
chrM	3817	3818	29148
chrM	3818	3819	29149
chrM	3819	3820	29112
chrM	3820	3821	29111
chrM	3821	3822	29108
chrM	3822	3823	29101
chrM	3823	3824	29090
chrM	3824	3825	29081
chrM	3825	3826	29081
chrM	3826	3827	29086
chrM	3827	3828	29098
chrM	3828	3829	29101
chrM	3829	3830	29126
chrM	3830	3831	29128
chrM	3831	3832	29129
chrM	3832	3833	29128
chrM	3833	3834	29121
chrM	3834	3835	29116
chrM	3835	3836	29114
chrM	3836	3837	29114
chrM	3837	3838	29115
chrM	3838	3839	29115
chrM	3839	3840	29116
chrM	3840	3841	29128
chrM	3841	3842	29141
chrM	3842	3843	29153
chrM	3843	3844	29162
chrM	3844	3845	29165
chrM	3845	3846	29209
chrM	3846	3847	29219
chrM	3847	3848	29260
chrM	3848	3849	29280
chrM	3849	3850	29845
chrM	3850	3851	29908
chrM	3851	3852	29821
chrM	3852	3853	29869
chrM	3853	3854	29879
chrM	3854	3855	29870
chrM	3855	3856	29706
chrM	3856	3857	29664
chrM	3857	3858	29640
chrM	3858	3859	29363
chrM	3859	3860	29247
chrM	3860	3861	28680
chrM	3861	3862	28624
chrM	3862	3863	27836
chrM	3863	3864	22982
chrM	3864	3865	20187
chrM	3865	3866	17997
chrM	3866	3867	17552
chrM	3867	3868	17408
chrM	3868	3869	17425
chrM	3869	3870	17432
chrM	3870	3871	17520
chrM	3871	3872	17626
chrM	3872	3873	17668
chrM	3873	3874	17529
chrM	3874	3875	17527
chrM	3875	3876	17523
chrM	3876	3877	17440
chrM	3877	3878	17366
chrM	3878	3879	17366
chrM	3879	3880	17378
chrM	3880	3881	17389
chrM	3881	3882	17404
chrM	3882	3883	17410
chrM	3883	3884	17416
chrM	3884	3885	17422
chrM	3885	3886	17479
chrM	3886	3887	17504
chrM	3887	3888	17530
chrM	3888	3889	17652
chrM	3889	3890	17677
chrM	3890	3891	18216
chrM	3891	3892	18218
chrM	3892	3893	18182
chrM	3893	3894	18199
chrM	3894	3895	18240
chrM	3895	3896	18240
chrM	3896	3897	18820
chrM	3897	3898	18822
chrM	3898	3899	18816
chrM	3899	3900	18801
chrM	3900	3901	19420
chrM	3901	3902	18870
chrM	3902	3903	18655
chrM	3903	3904	18404
chrM	3904	3905	18239
chrM	3905	3906	18089
chrM	3906	3907	17759
chrM	3907	3908	17747
chrM	3908	3909	17787
chrM	3909	3910	17792
chrM	3910	3911	17808
chrM	3911	3912	17814
chrM	3912	3913	17821
chrM	3913	3914	17826
chrM	3914	3915	17831
chrM	3915	3916	18096
chrM	3916	3917	18176
chrM	3917	3918	18229
chrM	3918	3919	18305
chrM	3919	3920	18566
chrM	3920	3921	18682
chrM	3921	3922	18772
chrM	3922	3923	19021
chrM	3923	3924	19997
chrM	3924	3925	20153
chrM	3925	3926	20137
chrM	3926	3927	20793
chrM	3927	3928	20789
chrM	3928	3929	20775
chrM	3929	3930	20737
chrM	3930	3931	20814
chrM	3931	3932	20823
chrM	3932	3933	20824
chrM	3933	3934	20829
chrM	3934	3935	20829
chrM	3935	3936	20829
chrM	3936	3937	20833
chrM	3937	3938	20832
chrM	3938	3939	20844
chrM	3939	3940	20838
chrM	3940	3941	20868
chrM	3941	3942	20902
chrM	3942	3943	20904
chrM	3943	3944	20909
chrM	3944	3945	20929
chrM	3945	3946	20928
chrM	3946	3947	20924
chrM	3947	3948	20924
chrM	3948	3949	20926
chrM	3949	3950	20955
chrM	3950	3951	21049
chrM	3951	3952	21231
chrM	3952	3953	21671
chrM	3953	3954	21873
chrM	3954	3955	21905
chrM	3955	3956	21937
chrM	3956	3957	22043
chrM	3957	3958	21966
chrM	3958	3959	21895
chrM	3959	3960	22220
chrM	3960	3961	22218
chrM	3961	3962	22204
chrM	3962	3963	22201
chrM	3963	3964	22236
chrM	3964	3965	22271
chrM	3965	3966	22344
chrM	3966	3967	22821
chrM	3967	3968	23016
chrM	3968	3969	23040
chrM	3969	3970	23021
chrM	3970	3971	23021
chrM	3971	3972	23019
chrM	3972	3973	23015
chrM	3973	3974	22984
chrM	3974	3975	22979
chrM	3975	3976	23633
chrM	3976	3977	23629
chrM	3977	3978	23634
chrM	3978	3979	23632
chrM	3979	3980	23681
chrM	3980	3981	23724
chrM	3981	3982	23733
chrM	3982	3983	23788
chrM	3983	3984	23796
chrM	3984	3985	23809
chrM	3985	3986	23774
chrM	3986	3987	23711
chrM	3987	3988	23849
chrM	3988	3989	23856
chrM	3989	3990	23830
chrM	3990	3991	23844
chrM	3991	3992	23862
chrM	3992	3993	24053
chrM	3993	3994	24339
chrM	3994	3995	24643
chrM	3995	3996	24719
chrM	3996	3997	24730
chrM	3997	3998	24716
chrM	3998	3999	24390
chrM	3999	4000	24056
chrM	4000	4001	23736
chrM	4001	4002	23722
chrM	4002	4003	23720
chrM	4003	4004	23722
chrM	4004	4005	23725
chrM	4005	4006	23725
chrM	4006	4007	23723
chrM	4007	4008	23726
chrM	4008	4009	23726
chrM	4009	4010	23727
chrM	4010	4011	23738
chrM	4011	4012	23753
chrM	4012	4013	23800
chrM	4013	4014	23942
chrM	4014	4015	24049
chrM	4015	4016	24135
chrM	4016	4017	24599
chrM	4017	4018	24844
chrM	4018	4019	25553
chrM	4019	4020	26043
chrM	4020	4021	24829
chrM	4021	4022	25433
chrM	4022	4023	25390
chrM	4023	4024	25358
chrM	4024	4025	25345
chrM	4025	4026	25372
chrM	4026	4027	25472
chrM	4027	4028	25754
chrM	4028	4029	25916
chrM	4029	4030	26386
chrM	4030	4031	26729
chrM	4031	4032	27018
chrM	4032	4033	27412
chrM	4033	4034	27168
chrM	4034	4035	27141
chrM	4035	4036	26865
chrM	4036	4037	26806
chrM	4037	4038	26906
chrM	4038	4039	26909
chrM	4039	4040	26945
chrM	4040	4041	26978
chrM	4041	4042	27015
chrM	4042	4043	27019
chrM	4043	4044	27080
chrM	4044	4045	27361
chrM	4045	4046	27781
chrM	4046	4047	29160
chrM	4047	4048	29554
chrM	4048	4049	29555
chrM	4049	4050	29527
chrM	4050	4051	29509
chrM	4051	4052	29483
chrM	4052	4053	29474
chrM	4053	4054	29466
chrM	4054	4055	29479
chrM	4055	4056	29545
chrM	4056	4057	29565
chrM	4057	4058	29661
chrM	4058	4059	29695
chrM	4059	4060	29816
chrM	4060	4061	29863
chrM	4061	4062	29950
chrM	4062	4063	29840
chrM	4063	4064	30121
chrM	4064	4065	30139
chrM	4065	4066	30150
chrM	4066	4067	30182
chrM	4067	4068	30273
chrM	4068	4069	30321
chrM	4069	4070	30323
chrM	4070	4071	30322
chrM	4071	4072	30325
chrM	4072	4073	30327
chrM	4073	4074	30316
chrM	4074	4075	30317
chrM	4075	4076	30322
chrM	4076	4077	30330
chrM	4077	4078	30429
chrM	4078	4079	30456
chrM	4079	4080	30464
chrM	4080	4081	30519
chrM	4081	4082	30548
chrM	4082	4083	30697
chrM	4083	4084	30869
chrM	4084	4085	31290
chrM	4085	4086	31343
chrM	4086	4087	34245
chrM	4087	4088	34253
chrM	4088	4089	34254
chrM	4089	4090	34247
chrM	4090	4091	34248
chrM	4091	4092	34298
chrM	4092	4093	34439
chrM	4093	4094	34548
chrM	4094	4095	34925
chrM	4095	4096	35005
chrM	4096	4097	35036
chrM	4097	4098	35059
chrM	4098	4099	34758
chrM	4099	4100	34768
chrM	4100	4101	34787
chrM	4101	4102	34794
chrM	4102	4103	34803
chrM	4103	4104	34797
chrM	4104	4105	35409
chrM	4105	4106	35387
chrM	4106	4107	35384
chrM	4107	4108	35400
chrM	4108	4109	35404
chrM	4109	4110	35421
chrM	4110	4111	35515
chrM	4111	4112	35646
chrM	4112	4113	35676
chrM	4113	4114	35746
chrM	4114	4115	35746
chrM	4115	4116	35732
chrM	4116	4117	35721
chrM	4117	4118	35743
chrM	4118	4119	35715
chrM	4119	4120	35715
chrM	4120	4121	35718
chrM	4121	4122	35721
chrM	4122	4123	35725
chrM	4123	4124	35729
chrM	4124	4125	36038
chrM	4125	4126	36058
chrM	4126	4127	36061
chrM	4127	4128	36068
chrM	4128	4129	36087
chrM	4129	4130	36087
chrM	4130	4131	36070
chrM	4131	4132	36065
chrM	4132	4133	36123
chrM	4133	4134	36188
chrM	4134	4135	36230
chrM	4135	4136	36213
chrM	4136	4137	36180
chrM	4137	4138	36178
chrM	4138	4139	36098
chrM	4139	4140	36041
chrM	4140	4141	36065
chrM	4141	4142	36074
chrM	4142	4143	36091
chrM	4143	4144	36093
chrM	4144	4145	36093
chrM	4145	4146	36098
chrM	4146	4147	36107
chrM	4147	4148	36101
chrM	4148	4149	36101
chrM	4149	4150	36145
chrM	4150	4151	36163
chrM	4151	4152	36162
chrM	4152	4153	36168
chrM	4153	4154	36167
chrM	4154	4155	36807
chrM	4155	4156	36801
chrM	4156	4157	37107
chrM	4157	4158	37127
chrM	4158	4159	37149
chrM	4159	4160	37552
chrM	4160	4161	37561
chrM	4161	4162	37683
chrM	4162	4163	37697
chrM	4163	4164	37551
chrM	4164	4165	38257
chrM	4165	4166	38261
chrM	4166	4167	38211
chrM	4167	4168	38212
chrM	4168	4169	38229
chrM	4169	4170	38248
chrM	4170	4171	38310
chrM	4171	4172	38379
chrM	4172	4173	38563
chrM	4173	4174	38690
chrM	4174	4175	38694
chrM	4175	4176	38699
chrM	4176	4177	38749
chrM	4177	4178	39218
chrM	4178	4179	43024
chrM	4179	4180	44218
chrM	4180	4181	44530
chrM	4181	4182	44592
chrM	4182	4183	44593
chrM	4183	4184	44622
chrM	4184	4185	44464
chrM	4185	4186	43817
chrM	4186	4187	40352
chrM	4187	4188	36051
chrM	4188	4189	30512
chrM	4189	4190	27290
chrM	4190	4191	26429
chrM	4191	4192	26319
chrM	4192	4193	26310
chrM	4193	4194	26308
chrM	4194	4195	26306
chrM	4195	4196	26306
chrM	4196	4197	26312
chrM	4197	4198	26314
chrM	4198	4199	26323
chrM	4199	4200	26319
chrM	4200	4201	26270
chrM	4201	4202	26116
chrM	4202	4203	25631
chrM	4203	4204	25186
chrM	4204	4205	25083
chrM	4205	4206	25075
chrM	4206	4207	25076
chrM	4207	4208	25076
chrM	4208	4209	25011
chrM	4209	4210	25017
chrM	4210	4211	25012
chrM	4211	4212	24994
chrM	4212	4213	24973
chrM	4213	4214	24972
chrM	4214	4215	24971
chrM	4215	4216	24971
chrM	4216	4217	24972
chrM	4217	4218	24974
chrM	4218	4219	24999
chrM	4219	4220	25005
chrM	4220	4221	25010
chrM	4221	4222	25013
chrM	4222	4223	25017
chrM	4223	4224	25023
chrM	4224	4225	25024
chrM	4225	4226	25034
chrM	4226	4227	25050
chrM	4227	4228	25094
chrM	4228	4229	25118
chrM	4229	4230	25134
chrM	4230	4231	25162
chrM	4231	4232	25175
chrM	4232	4233	25187
chrM	4233	4234	25196
chrM	4234	4235	25212
chrM	4235	4236	25212
chrM	4236	4237	25209
chrM	4237	4238	25207
chrM	4238	4239	25206
chrM	4239	4240	25208
chrM	4240	4241	25210
chrM	4241	4242	25216
chrM	4242	4243	25221
chrM	4243	4244	25231
chrM	4244	4245	24755
chrM	4245	4246	24948
chrM	4246	4247	24981
chrM	4247	4248	24996
chrM	4248	4249	24942
chrM	4249	4250	24931
chrM	4250	4251	24932
chrM	4251	4252	24932
chrM	4252	4253	24962
chrM	4253	4254	24922
chrM	4254	4255	24876
chrM	4255	4256	24855
chrM	4256	4257	24771
chrM	4257	4258	24615
chrM	4258	4259	24020
chrM	4259	4260	19400
chrM	4260	4261	18247
chrM	4261	4262	17378
chrM	4262	4263	17100
chrM	4263	4264	16899
chrM	4264	4265	16778
chrM	4265	4266	16574
chrM	4266	4267	16323
chrM	4267	4268	16278
chrM	4268	4269	16275
chrM	4269	4270	16275
chrM	4270	4271	16276
chrM	4271	4272	16276
chrM	4272	4273	16277
chrM	4273	4274	16287
chrM	4274	4275	16290
chrM	4275	4276	16293
chrM	4276	4277	16293
chrM	4277	4278	16288
chrM	4278	4279	16287
chrM	4279	4280	16287
chrM	4280	4281	16283
chrM	4281	4282	16283
chrM	4282	4283	16296
chrM	4283	4284	16298
chrM	4284	4285	16299
chrM	4285	4286	16302
chrM	4286	4287	16304
chrM	4287	4288	16318
chrM	4288	4289	16319
chrM	4289	4290	16319
chrM	4290	4291	16316
chrM	4291	4292	16316
chrM	4292	4293	16287
chrM	4293	4294	16259
chrM	4294	4295	16259
chrM	4295	4296	16255
chrM	4296	4297	16254
chrM	4297	4298	16254
chrM	4298	4299	16254
chrM	4299	4300	16254
chrM	4300	4301	16254
chrM	4301	4302	16254
chrM	4302	4303	16253
chrM	4303	4304	16254
chrM	4304	4305	16254
chrM	4305	4306	16254
chrM	4306	4307	16254
chrM	4307	4308	16254
chrM	4308	4309	16254
chrM	4309	4310	16257
chrM	4310	4311	16272
chrM	4311	4312	16286
chrM	4312	4313	16293
chrM	4313	4314	16289
chrM	4314	4315	16287
chrM	4315	4316	16284
chrM	4316	4317	16269
chrM	4317	4318	16243
chrM	4318	4319	14574
chrM	4319	4320	14524
chrM	4320	4321	14485
chrM	4321	4322	14483
chrM	4322	4323	14481
chrM	4323	4324	14492
chrM	4324	4325	14520
chrM	4325	4326	14520
chrM	4326	4327	14522
chrM	4327	4328	14516
chrM	4328	4329	14509
chrM	4329	4330	14509
chrM	4330	4331	14529
chrM	4331	4332	14543
chrM	4332	4333	15082
chrM	4333	4334	15119
chrM	4334	4335	15155
chrM	4335	4336	15176
chrM	4336	4337	15177
chrM	4337	4338	15177
chrM	4338	4339	15171
chrM	4339	4340	15156
chrM	4340	4341	15104
chrM	4341	4342	15099
chrM	4342	4343	15097
chrM	4343	4344	15100
chrM	4344	4345	15100
chrM	4345	4346	15100
chrM	4346	4347	15100
chrM	4347	4348	15099
chrM	4348	4349	15098
chrM	4349	4350	15101
chrM	4350	4351	15103
chrM	4351	4352	15104
chrM	4352	4353	15105
chrM	4353	4354	15105
chrM	4354	4355	15112
chrM	4355	4356	15112
chrM	4356	4357	15112
chrM	4357	4358	15114
chrM	4358	4359	15113
chrM	4359	4360	15112
chrM	4360	4361	15113
chrM	4361	4362	14998
chrM	4362	4363	14996
chrM	4363	4364	14982
chrM	4364	4365	14969
chrM	4365	4366	14936
chrM	4366	4367	14862
chrM	4367	4368	14701
chrM	4368	4369	13839
chrM	4369	4370	13551
chrM	4370	4371	13451
chrM	4371	4372	13421
chrM	4372	4373	13419
chrM	4373	4374	13415
chrM	4374	4375	13416
chrM	4375	4376	13417
chrM	4376	4377	13417
chrM	4377	4378	13417
chrM	4378	4379	13417
chrM	4379	4380	13417
chrM	4380	4381	13417
chrM	4381	4382	13387
chrM	4382	4383	13370
chrM	4383	4384	13342
chrM	4384	4385	13336
chrM	4385	4386	13302
chrM	4386	4387	13300
chrM	4387	4388	13329
chrM	4388	4389	13328
chrM	4389	4390	13253
chrM	4390	4391	13242
chrM	4391	4392	13243
chrM	4392	4393	13243
chrM	4393	4394	13243
chrM	4394	4395	13243
chrM	4395	4396	13249
chrM	4396	4397	13250
chrM	4397	4398	13246
chrM	4398	4399	13246
chrM	4399	4400	13243
chrM	4400	4401	13238
chrM	4401	4402	13238
chrM	4402	4403	13238
chrM	4403	4404	13237
chrM	4404	4405	13237
chrM	4405	4406	13237
chrM	4406	4407	13237
chrM	4407	4408	13236
chrM	4408	4409	13237
chrM	4409	4410	13237
chrM	4410	4411	13237
chrM	4411	4412	13237
chrM	4412	4413	13237
chrM	4413	4414	13237
chrM	4414	4415	13236
chrM	4415	4416	13233
chrM	4416	4417	13233
chrM	4417	4418	13233
chrM	4418	4419	13234
chrM	4419	4420	13233
chrM	4420	4421	13208
chrM	4421	4422	13177
chrM	4422	4423	13160
chrM	4423	4424	13160
chrM	4424	4425	13160
chrM	4425	4426	13160
chrM	4426	4427	13159
chrM	4427	4428	13159
chrM	4428	4429	13159
chrM	4429	4430	13157
chrM	4430	4431	13148
chrM	4431	4432	13147
chrM	4432	4433	13130
chrM	4433	4434	13021
chrM	4434	4435	12877
chrM	4435	4436	12867
chrM	4436	4437	12866
chrM	4437	4438	12866
chrM	4438	4439	12843
chrM	4439	4440	12844
chrM	4440	4441	12841
chrM	4441	4442	12808
chrM	4442	4443	12663
chrM	4443	4444	12569
chrM	4444	4445	12490
chrM	4445	4446	12301
chrM	4446	4447	12266
chrM	4447	4448	12213
chrM	4448	4449	12208
chrM	4449	4450	12209
chrM	4450	4451	12209
chrM	4451	4452	12209
chrM	4452	4453	12208
chrM	4453	4454	12208
chrM	4454	4455	11988
chrM	4455	4456	11982
chrM	4456	4457	11978
chrM	4457	4458	11974
chrM	4458	4459	11974
chrM	4459	4460	11973
chrM	4460	4461	11973
chrM	4461	4462	11972
chrM	4462	4463	11968
chrM	4463	4464	11962
chrM	4464	4465	11959
chrM	4465	4466	11958
chrM	4466	4467	11955
chrM	4467	4468	11953
chrM	4468	4469	11953
chrM	4469	4470	11953
chrM	4470	4471	11951
chrM	4471	4472	11951
chrM	4472	4473	11951
chrM	4473	4474	11951
chrM	4474	4475	11951
chrM	4475	4476	11951
chrM	4476	4477	11951
chrM	4477	4478	11951
chrM	4478	4479	11951
chrM	4479	4480	11951
chrM	4480	4481	11967
chrM	4481	4482	11968
chrM	4482	4483	12007
chrM	4483	4484	12028
chrM	4484	4485	12029
chrM	4485	4486	12029
chrM	4486	4487	12029
chrM	4487	4488	12028
chrM	4488	4489	12025
chrM	4489	4490	12025
chrM	4490	4491	12027
chrM	4491	4492	12027
chrM	4492	4493	12027
chrM	4493	4494	12027
chrM	4494	4495	12027
chrM	4495	4496	12027
chrM	4496	4497	12027
chrM	4497	4498	12027
chrM	4498	4499	12027
chrM	4499	4500	12027
chrM	4500	4501	12027
chrM	4501	4502	12027
chrM	4502	4503	12026
chrM	4503	4504	12026
chrM	4504	4505	12026
chrM	4505	4506	12026
chrM	4506	4507	12026
chrM	4507	4508	12026
chrM	4508	4509	12026
chrM	4509	4510	12026
chrM	4510	4511	12026
chrM	4511	4512	12025
chrM	4512	4513	12026
chrM	4513	4514	12027
chrM	4514	4515	12027
chrM	4515	4516	12027
chrM	4516	4517	12027
chrM	4517	4518	12027
chrM	4518	4519	12027
chrM	4519	4520	12027
chrM	4520	4521	12027
chrM	4521	4522	12027
chrM	4522	4523	12027
chrM	4523	4524	12027
chrM	4524	4525	12028
chrM	4525	4526	12027
chrM	4526	4527	12027
chrM	4527	4528	12027
chrM	4528	4529	12027
chrM	4529	4530	12026
chrM	4530	4531	12026
chrM	4531	4532	12026
chrM	4532	4533	12026
chrM	4533	4534	12026
chrM	4534	4535	12027
chrM	4535	4536	12027
chrM	4536	4537	12026
chrM	4537	4538	12026
chrM	4538	4539	12027
chrM	4539	4540	12027
chrM	4540	4541	12027
chrM	4541	4542	12027
chrM	4542	4543	12027
chrM	4543	4544	12027
chrM	4544	4545	12027
chrM	4545	4546	12027
chrM	4546	4547	12029
chrM	4547	4548	12029
chrM	4548	4549	12029
chrM	4549	4550	12029
chrM	4550	4551	12029
chrM	4551	4552	12029
chrM	4552	4553	12029
chrM	4553	4554	12030
chrM	4554	4555	12031
chrM	4555	4556	12137
chrM	4556	4557	12143
chrM	4557	4558	12143
chrM	4558	4559	12144
chrM	4559	4560	12144
chrM	4560	4561	12148
chrM	4561	4562	12146
chrM	4562	4563	12146
chrM	4563	4564	12146
chrM	4564	4565	12146
chrM	4565	4566	12146
chrM	4566	4567	12146
chrM	4567	4568	12146
chrM	4568	4569	12146
chrM	4569	4570	12146
chrM	4570	4571	12146
chrM	4571	4572	12151
chrM	4572	4573	12151
chrM	4573	4574	12151
chrM	4574	4575	12151
chrM	4575	4576	12151
chrM	4576	4577	12151
chrM	4577	4578	12151
chrM	4578	4579	12151
chrM	4579	4580	12151
chrM	4580	4581	12151
chrM	4581	4582	12151
chrM	4582	4583	12151
chrM	4583	4584	12151
chrM	4584	4585	12151
chrM	4585	4586	12151
chrM	4586	4587	12151
chrM	4587	4588	12152
chrM	4588	4589	12152
chrM	4589	4590	12152
chrM	4590	4591	12152
chrM	4591	4592	12152
chrM	4592	4593	12153
chrM	4593	4594	12153
chrM	4594	4595	12153
chrM	4595	4596	12153
chrM	4596	4597	12153
chrM	4597	4598	12155
chrM	4598	4599	12155
chrM	4599	4600	12155
chrM	4600	4601	12155
chrM	4601	4602	12155
chrM	4602	4603	12155
chrM	4603	4604	12155
chrM	4604	4605	12155
chrM	4605	4606	12156
chrM	4606	4607	12156
chrM	4607	4608	12156
chrM	4608	4609	12156
chrM	4609	4610	12156
chrM	4610	4611	12156
chrM	4611	4612	12156
chrM	4612	4613	12154
chrM	4613	4614	12154
chrM	4614	4615	12154
chrM	4615	4616	12154
chrM	4616	4617	12154
chrM	4617	4618	12154
chrM	4618	4619	12154
chrM	4619	4620	12154
chrM	4620	4621	12154
chrM	4621	4622	12154
chrM	4622	4623	12157
chrM	4623	4624	12250
chrM	4624	4625	12251
chrM	4625	4626	12252
chrM	4626	4627	12253
chrM	4627	4628	12254
chrM	4628	4629	12253
chrM	4629	4630	12253
chrM	4630	4631	12253
chrM	4631	4632	12253
chrM	4632	4633	12253
chrM	4633	4634	12253
chrM	4634	4635	12253
chrM	4635	4636	12253
chrM	4636	4637	12253
chrM	4637	4638	12253
chrM	4638	4639	12253
chrM	4639	4640	12253
chrM	4640	4641	12253
chrM	4641	4642	12253
chrM	4642	4643	12253
chrM	4643	4644	12253
chrM	4644	4645	12253
chrM	4645	4646	12253
chrM	4646	4647	12253
chrM	4647	4648	12253
chrM	4648	4649	12253
chrM	4649	4650	12253
chrM	4650	4651	12253
chrM	4651	4652	12253
chrM	4652	4653	12253
chrM	4653	4654	12253
chrM	4654	4655	12253
chrM	4655	4656	12253
chrM	4656	4657	12253
chrM	4657	4658	12253
chrM	4658	4659	12253
chrM	4659	4660	12253
chrM	4660	4661	12253
chrM	4661	4662	12253
chrM	4662	4663	12253
chrM	4663	4664	12252
chrM	4664	4665	12253
chrM	4665	4666	12253
chrM	4666	4667	12252
chrM	4667	4668	12253
chrM	4668	4669	12257
chrM	4669	4670	12257
chrM	4670	4671	12257
chrM	4671	4672	12257
chrM	4672	4673	12257
chrM	4673	4674	12257
chrM	4674	4675	12257
chrM	4675	4676	12258
chrM	4676	4677	12258
chrM	4677	4678	12258
chrM	4678	4679	12258
chrM	4679	4680	12258
chrM	4680	4681	12258
chrM	4681	4682	12258
chrM	4682	4683	12258
chrM	4683	4684	12258
chrM	4684	4685	12258
chrM	4685	4686	12258
chrM	4686	4687	12258
chrM	4687	4688	12258
chrM	4688	4689	12258
chrM	4689	4690	12259
chrM	4690	4691	12259
chrM	4691	4692	12260
chrM	4692	4693	12260
chrM	4693	4694	12260
chrM	4694	4695	12261
chrM	4695	4696	12261
chrM	4696	4697	12261
chrM	4697	4698	12261
chrM	4698	4699	12261
chrM	4699	4700	12261
chrM	4700	4701	12262
chrM	4701	4702	12878
chrM	4702	4703	12889
chrM	4703	4704	12892
chrM	4704	4705	12892
chrM	4705	4706	12893
chrM	4706	4707	12894
chrM	4707	4708	12900
chrM	4708	4709	12900
chrM	4709	4710	12904
chrM	4710	4711	12903
chrM	4711	4712	12903
chrM	4712	4713	12903
chrM	4713	4714	12903
chrM	4714	4715	12903
chrM	4715	4716	12906
chrM	4716	4717	12906
chrM	4717	4718	12907
chrM	4718	4719	12906
chrM	4719	4720	12908
chrM	4720	4721	12911
chrM	4721	4722	12913
chrM	4722	4723	12913
chrM	4723	4724	12913
chrM	4724	4725	12913
chrM	4725	4726	12913
chrM	4726	4727	12913
chrM	4727	4728	12913
chrM	4728	4729	12913
chrM	4729	4730	12913
chrM	4730	4731	12913
chrM	4731	4732	12913
chrM	4732	4733	12912
chrM	4733	4734	12912
chrM	4734	4735	12912
chrM	4735	4736	12912
chrM	4736	4737	12912
chrM	4737	4738	12910
chrM	4738	4739	13116
chrM	4739	4740	13116
chrM	4740	4741	13116
chrM	4741	4742	13116
chrM	4742	4743	13116
chrM	4743	4744	13114
chrM	4744	4745	13114
chrM	4745	4746	13114
chrM	4746	4747	13114
chrM	4747	4748	13113
chrM	4748	4749	13113
chrM	4749	4750	13113
chrM	4750	4751	13112
chrM	4751	4752	13112
chrM	4752	4753	13112
chrM	4753	4754	13112
chrM	4754	4755	13112
chrM	4755	4756	13112
chrM	4756	4757	13113
chrM	4757	4758	13113
chrM	4758	4759	13113
chrM	4759	4760	13115
chrM	4760	4761	13116
chrM	4761	4762	13120
chrM	4762	4763	13122
chrM	4763	4764	13140
chrM	4764	4765	13140
chrM	4765	4766	13143
chrM	4766	4767	13148
chrM	4767	4768	13148
chrM	4768	4769	13165
chrM	4769	4770	13165
chrM	4770	4771	13166
chrM	4771	4772	13166
chrM	4772	4773	13166
chrM	4773	4774	13166
chrM	4774	4775	13167
chrM	4775	4776	13167
chrM	4776	4777	13178
chrM	4777	4778	13178
chrM	4778	4779	13179
chrM	4779	4780	13180
chrM	4780	4781	13181
chrM	4781	4782	13182
chrM	4782	4783	13186
chrM	4783	4784	13186
chrM	4784	4785	13186
chrM	4785	4786	13186
chrM	4786	4787	13186
chrM	4787	4788	13186
chrM	4788	4789	13186
chrM	4789	4790	13187
chrM	4790	4791	13187
chrM	4791	4792	13191
chrM	4792	4793	13240
chrM	4793	4794	13240
chrM	4794	4795	13241
chrM	4795	4796	13242
chrM	4796	4797	13244
chrM	4797	4798	13248
chrM	4798	4799	13248
chrM	4799	4800	13249
chrM	4800	4801	13252
chrM	4801	4802	13252
chrM	4802	4803	13252
chrM	4803	4804	13252
chrM	4804	4805	13254
chrM	4805	4806	13254
chrM	4806	4807	13256
chrM	4807	4808	13257
chrM	4808	4809	13258
chrM	4809	4810	13258
chrM	4810	4811	13274
chrM	4811	4812	13274
chrM	4812	4813	13274
chrM	4813	4814	13274
chrM	4814	4815	13274
chrM	4815	4816	13274
chrM	4816	4817	13274
chrM	4817	4818	13274
chrM	4818	4819	13274
chrM	4819	4820	13274
chrM	4820	4821	13274
chrM	4821	4822	13274
chrM	4822	4823	13274
chrM	4823	4824	13274
chrM	4824	4825	13274
chrM	4825	4826	13274
chrM	4826	4827	13275
chrM	4827	4828	13275
chrM	4828	4829	13275
chrM	4829	4830	13277
chrM	4830	4831	13280
chrM	4831	4832	13284
chrM	4832	4833	13288
chrM	4833	4834	13309
chrM	4834	4835	13311
chrM	4835	4836	13311
chrM	4836	4837	13313
chrM	4837	4838	13314
chrM	4838	4839	13320
chrM	4839	4840	13325
chrM	4840	4841	13325
chrM	4841	4842	13326
chrM	4842	4843	13329
chrM	4843	4844	13331
chrM	4844	4845	13334
chrM	4845	4846	13335
chrM	4846	4847	13335
chrM	4847	4848	13335
chrM	4848	4849	13335
chrM	4849	4850	13335
chrM	4850	4851	13334
chrM	4851	4852	13334
chrM	4852	4853	13334
chrM	4853	4854	13334
chrM	4854	4855	13334
chrM	4855	4856	13334
chrM	4856	4857	13334
chrM	4857	4858	13334
chrM	4858	4859	13334
chrM	4859	4860	13334
chrM	4860	4861	13334
chrM	4861	4862	13334
chrM	4862	4863	13406
chrM	4863	4864	13410
chrM	4864	4865	13410
chrM	4865	4866	13410
chrM	4866	4867	13415
chrM	4867	4868	13418
chrM	4868	4869	13418
chrM	4869	4870	13424
chrM	4870	4871	13422
chrM	4871	4872	13428
chrM	4872	4873	13449
chrM	4873	4874	13466
chrM	4874	4875	13574
chrM	4875	4876	13712
chrM	4876	4877	14116
chrM	4877	4878	17360
chrM	4878	4879	17747
chrM	4879	4880	17879
chrM	4880	4881	17931
chrM	4881	4882	18268
chrM	4882	4883	18463
chrM	4883	4884	18535
chrM	4884	4885	18812
chrM	4885	4886	19105
chrM	4886	4887	19621
chrM	4887	4888	19972
chrM	4888	4889	20012
chrM	4889	4890	20014
chrM	4890	4891	20015
chrM	4891	4892	20021
chrM	4892	4893	20020
chrM	4893	4894	20030
chrM	4894	4895	20103
chrM	4895	4896	20237
chrM	4896	4897	20568
chrM	4897	4898	20723
chrM	4898	4899	20799
chrM	4899	4900	20892
chrM	4900	4901	20922
chrM	4901	4902	20950
chrM	4902	4903	20991
chrM	4903	4904	21002
chrM	4904	4905	21052
chrM	4905	4906	21055
chrM	4906	4907	21058
chrM	4907	4908	21064
chrM	4908	4909	21104
chrM	4909	4910	21163
chrM	4910	4911	21171
chrM	4911	4912	21179
chrM	4912	4913	21181
chrM	4913	4914	21184
chrM	4914	4915	21184
chrM	4915	4916	21184
chrM	4916	4917	21185
chrM	4917	4918	21186
chrM	4918	4919	21166
chrM	4919	4920	21171
chrM	4920	4921	21180
chrM	4921	4922	21277
chrM	4922	4923	21285
chrM	4923	4924	21284
chrM	4924	4925	21294
chrM	4925	4926	21303
chrM	4926	4927	21312
chrM	4927	4928	21343
chrM	4928	4929	21507
chrM	4929	4930	22299
chrM	4930	4931	22585
chrM	4931	4932	22822
chrM	4932	4933	23177
chrM	4933	4934	23839
chrM	4934	4935	25096
chrM	4935	4936	26930
chrM	4936	4937	27610
chrM	4937	4938	28656
chrM	4938	4939	29376
chrM	4939	4940	29417
chrM	4940	4941	29417
chrM	4941	4942	29317
chrM	4942	4943	29177
chrM	4943	4944	29140
chrM	4944	4945	29111
chrM	4945	4946	29123
chrM	4946	4947	29121
chrM	4947	4948	29102
chrM	4948	4949	29079
chrM	4949	4950	29054
chrM	4950	4951	29044
chrM	4951	4952	29050
chrM	4952	4953	29093
chrM	4953	4954	28957
chrM	4954	4955	29190
chrM	4955	4956	29387
chrM	4956	4957	29369
chrM	4957	4958	29339
chrM	4958	4959	28864
chrM	4959	4960	28831
chrM	4960	4961	28726
chrM	4961	4962	28638
chrM	4962	4963	28632
chrM	4963	4964	28636
chrM	4964	4965	28583
chrM	4965	4966	28967
chrM	4966	4967	29008
chrM	4967	4968	28792
chrM	4968	4969	28798
chrM	4969	4970	28782
chrM	4970	4971	28757
chrM	4971	4972	28738
chrM	4972	4973	28398
chrM	4973	4974	28344
chrM	4974	4975	28320
chrM	4975	4976	28287
chrM	4976	4977	28292
chrM	4977	4978	28276
chrM	4978	4979	28197
chrM	4979	4980	28178
chrM	4980	4981	28083
chrM	4981	4982	28021
chrM	4982	4983	27951
chrM	4983	4984	28003
chrM	4984	4985	28059
chrM	4985	4986	28077
chrM	4986	4987	28091
chrM	4987	4988	28114
chrM	4988	4989	28080
chrM	4989	4990	28073
chrM	4990	4991	28018
chrM	4991	4992	27983
chrM	4992	4993	27963
chrM	4993	4994	27964
chrM	4994	4995	27966
chrM	4995	4996	27977
chrM	4996	4997	28007
chrM	4997	4998	28027
chrM	4998	4999	27906
chrM	4999	5000	27913
chrM	5000	5001	27907
chrM	5001	5002	27892
chrM	5002	5003	27869
chrM	5003	5004	27795
chrM	5004	5005	27763
chrM	5005	5006	27741
chrM	5006	5007	27720
chrM	5007	5008	27721
chrM	5008	5009	27614
chrM	5009	5010	27611
chrM	5010	5011	27590
chrM	5011	5012	27577
chrM	5012	5013	27570
chrM	5013	5014	27568
chrM	5014	5015	27566
chrM	5015	5016	27563
chrM	5016	5017	27563
chrM	5017	5018	27575
chrM	5018	5019	27618
chrM	5019	5020	27625
chrM	5020	5021	27621
chrM	5021	5022	27618
chrM	5022	5023	27607
chrM	5023	5024	27571
chrM	5024	5025	27312
chrM	5025	5026	27212
chrM	5026	5027	27211
chrM	5027	5028	27214
chrM	5028	5029	27249
chrM	5029	5030	27480
chrM	5030	5031	27429
chrM	5031	5032	27425
chrM	5032	5033	27421
chrM	5033	5034	27383
chrM	5034	5035	27355
chrM	5035	5036	27348
chrM	5036	5037	27348
chrM	5037	5038	27349
chrM	5038	5039	27354
chrM	5039	5040	27355
chrM	5040	5041	27350
chrM	5041	5042	27348
chrM	5042	5043	27331
chrM	5043	5044	27321
chrM	5044	5045	27328
chrM	5045	5046	27344
chrM	5046	5047	27405
chrM	5047	5048	27374
chrM	5048	5049	27426
chrM	5049	5050	27422
chrM	5050	5051	27443
chrM	5051	5052	27721
chrM	5052	5053	27724
chrM	5053	5054	27403
chrM	5054	5055	27403
chrM	5055	5056	27409
chrM	5056	5057	27352
chrM	5057	5058	27070
chrM	5058	5059	27202
chrM	5059	5060	27121
chrM	5060	5061	27149
chrM	5061	5062	27151
chrM	5062	5063	28924
chrM	5063	5064	29104
chrM	5064	5065	29262
chrM	5065	5066	29255
chrM	5066	5067	29204
chrM	5067	5068	29195
chrM	5068	5069	29158
chrM	5069	5070	29050
chrM	5070	5071	28953
chrM	5071	5072	28899
chrM	5072	5073	28894
chrM	5073	5074	28899
chrM	5074	5075	28956
chrM	5075	5076	29040
chrM	5076	5077	29224
chrM	5077	5078	29402
chrM	5078	5079	29585
chrM	5079	5080	29645
chrM	5080	5081	29645
chrM	5081	5082	29686
chrM	5082	5083	29717
chrM	5083	5084	29745
chrM	5084	5085	29750
chrM	5085	5086	29751
chrM	5086	5087	29754
chrM	5087	5088	29759
chrM	5088	5089	29748
chrM	5089	5090	29752
chrM	5090	5091	29752
chrM	5091	5092	29762
chrM	5092	5093	29767
chrM	5093	5094	29772
chrM	5094	5095	29774
chrM	5095	5096	29783
chrM	5096	5097	29793
chrM	5097	5098	29794
chrM	5098	5099	29791
chrM	5099	5100	29780
chrM	5100	5101	29783
chrM	5101	5102	29786
chrM	5102	5103	29792
chrM	5103	5104	29794
chrM	5104	5105	29798
chrM	5105	5106	29025
chrM	5106	5107	28989
chrM	5107	5108	28928
chrM	5108	5109	28732
chrM	5109	5110	28695
chrM	5110	5111	28666
chrM	5111	5112	28647
chrM	5112	5113	28645
chrM	5113	5114	28634
chrM	5114	5115	28648
chrM	5115	5116	28539
chrM	5116	5117	28511
chrM	5117	5118	28435
chrM	5118	5119	28417
chrM	5119	5120	28396
chrM	5120	5121	28364
chrM	5121	5122	28406
chrM	5122	5123	28406
chrM	5123	5124	28898
chrM	5124	5125	29069
chrM	5125	5126	29163
chrM	5126	5127	29402
chrM	5127	5128	30094
chrM	5128	5129	30446
chrM	5129	5130	30676
chrM	5130	5131	30578
chrM	5131	5132	30493
chrM	5132	5133	30255
chrM	5133	5134	30205
chrM	5134	5135	30095
chrM	5135	5136	23349
chrM	5136	5137	22774
chrM	5137	5138	21883
chrM	5138	5139	21743
chrM	5139	5140	21677
chrM	5140	5141	21621
chrM	5141	5142	21327
chrM	5142	5143	21222
chrM	5143	5144	20998
chrM	5144	5145	19807
chrM	5145	5146	19868
chrM	5146	5147	19803
chrM	5147	5148	19761
chrM	5148	5149	19714
chrM	5149	5150	19680
chrM	5150	5151	19571
chrM	5151	5152	19539
chrM	5152	5153	19461
chrM	5153	5154	19449
chrM	5154	5155	19458
chrM	5155	5156	19445
chrM	5156	5157	19545
chrM	5157	5158	19516
chrM	5158	5159	19518
chrM	5159	5160	19509
chrM	5160	5161	19478
chrM	5161	5162	19530
chrM	5162	5163	19526
chrM	5163	5164	19521
chrM	5164	5165	19295
chrM	5165	5166	19264
chrM	5166	5167	19243
chrM	5167	5168	19067
chrM	5168	5169	19050
chrM	5169	5170	19034
chrM	5170	5171	19014
chrM	5171	5172	19009
chrM	5172	5173	19004
chrM	5173	5174	19000
chrM	5174	5175	18963
chrM	5175	5176	18960
chrM	5176	5177	18957
chrM	5177	5178	18945
chrM	5178	5179	18929
chrM	5179	5180	18925
chrM	5180	5181	18926
chrM	5181	5182	18931
chrM	5182	5183	18878
chrM	5183	5184	18896
chrM	5184	5185	18894
chrM	5185	5186	18892
chrM	5186	5187	18886
chrM	5187	5188	18889
chrM	5188	5189	18875
chrM	5189	5190	18793
chrM	5190	5191	18741
chrM	5191	5192	18798
chrM	5192	5193	18752
chrM	5193	5194	18840
chrM	5194	5195	18899
chrM	5195	5196	18922
chrM	5196	5197	19005
chrM	5197	5198	19002
chrM	5198	5199	18990
chrM	5199	5200	18976
chrM	5200	5201	18941
chrM	5201	5202	18784
chrM	5202	5203	18709
chrM	5203	5204	18586
chrM	5204	5205	18541
chrM	5205	5206	18687
chrM	5206	5207	18731
chrM	5207	5208	18739
chrM	5208	5209	18650
chrM	5209	5210	18620
chrM	5210	5211	18600
chrM	5211	5212	18545
chrM	5212	5213	18534
chrM	5213	5214	18501
chrM	5214	5215	18500
chrM	5215	5216	18494
chrM	5216	5217	18469
chrM	5217	5218	18467
chrM	5218	5219	18467
chrM	5219	5220	18468
chrM	5220	5221	18472
chrM	5221	5222	18476
chrM	5222	5223	18482
chrM	5223	5224	18487
chrM	5224	5225	18488
chrM	5225	5226	18489
chrM	5226	5227	18489
chrM	5227	5228	18476
chrM	5228	5229	18470
chrM	5229	5230	18467
chrM	5230	5231	18467
chrM	5231	5232	18467
chrM	5232	5233	18467
chrM	5233	5234	18467
chrM	5234	5235	18489
chrM	5235	5236	18499
chrM	5236	5237	18460
chrM	5237	5238	18512
chrM	5238	5239	18511
chrM	5239	5240	18510
chrM	5240	5241	18489
chrM	5241	5242	18448
chrM	5242	5243	18437
chrM	5243	5244	18436
chrM	5244	5245	18426
chrM	5245	5246	18426
chrM	5246	5247	18427
chrM	5247	5248	18427
chrM	5248	5249	18427
chrM	5249	5250	18427
chrM	5250	5251	18426
chrM	5251	5252	18426
chrM	5252	5253	18427
chrM	5253	5254	18428
chrM	5254	5255	18430
chrM	5255	5256	18441
chrM	5256	5257	18457
chrM	5257	5258	18446
chrM	5258	5259	18444
chrM	5259	5260	18414
chrM	5260	5261	18406
chrM	5261	5262	18402
chrM	5262	5263	18391
chrM	5263	5264	18398
chrM	5264	5265	18417
chrM	5265	5266	18431
chrM	5266	5267	18430
chrM	5267	5268	18426
chrM	5268	5269	18426
chrM	5269	5270	18426
chrM	5270	5271	18425
chrM	5271	5272	18422
chrM	5272	5273	18419
chrM	5273	5274	18435
chrM	5274	5275	18436
chrM	5275	5276	18439
chrM	5276	5277	18439
chrM	5277	5278	18439
chrM	5278	5279	18415
chrM	5279	5280	18405
chrM	5280	5281	18388
chrM	5281	5282	18380
chrM	5282	5283	18399
chrM	5283	5284	18413
chrM	5284	5285	18417
chrM	5285	5286	18430
chrM	5286	5287	18736
chrM	5287	5288	18770
chrM	5288	5289	18875
chrM	5289	5290	18907
chrM	5290	5291	18979
chrM	5291	5292	19073
chrM	5292	5293	19338
chrM	5293	5294	19276
chrM	5294	5295	19379
chrM	5295	5296	19341
chrM	5296	5297	19239
chrM	5297	5298	19412
chrM	5298	5299	19427
chrM	5299	5300	19453
chrM	5300	5301	19371
chrM	5301	5302	19555
chrM	5302	5303	19539
chrM	5303	5304	19538
chrM	5304	5305	19531
chrM	5305	5306	19498
chrM	5306	5307	19631
chrM	5307	5308	19628
chrM	5308	5309	19611
chrM	5309	5310	19575
chrM	5310	5311	19573
chrM	5311	5312	19560
chrM	5312	5313	19510
chrM	5313	5314	19669
chrM	5314	5315	19678
chrM	5315	5316	19742
chrM	5316	5317	19752
chrM	5317	5318	19754
chrM	5318	5319	19756
chrM	5319	5320	19746
chrM	5320	5321	19014
chrM	5321	5322	19013
chrM	5322	5323	18964
chrM	5323	5324	19066
chrM	5324	5325	19158
chrM	5325	5326	19269
chrM	5326	5327	19318
chrM	5327	5328	19279
chrM	5328	5329	19252
chrM	5329	5330	19197
chrM	5330	5331	18685
chrM	5331	5332	18643
chrM	5332	5333	18580
chrM	5333	5334	18573
chrM	5334	5335	18534
chrM	5335	5336	18533
chrM	5336	5337	18439
chrM	5337	5338	18409
chrM	5338	5339	18326
chrM	5339	5340	18320
chrM	5340	5341	18320
chrM	5341	5342	18318
chrM	5342	5343	18319
chrM	5343	5344	18352
chrM	5344	5345	18347
chrM	5345	5346	18329
chrM	5346	5347	18320
chrM	5347	5348	18316
chrM	5348	5349	18309
chrM	5349	5350	18306
chrM	5350	5351	18305
chrM	5351	5352	18611
chrM	5352	5353	18614
chrM	5353	5354	18625
chrM	5354	5355	18654
chrM	5355	5356	18692
chrM	5356	5357	18705
chrM	5357	5358	18671
chrM	5358	5359	18701
chrM	5359	5360	18684
chrM	5360	5361	18666
chrM	5361	5362	18627
chrM	5362	5363	18611
chrM	5363	5364	18522
chrM	5364	5365	18517
chrM	5365	5366	18660
chrM	5366	5367	18833
chrM	5367	5368	18868
chrM	5368	5369	18888
chrM	5369	5370	19390
chrM	5370	5371	19470
chrM	5371	5372	19476
chrM	5372	5373	19590
chrM	5373	5374	19769
chrM	5374	5375	19770
chrM	5375	5376	19668
chrM	5376	5377	19658
chrM	5377	5378	19637
chrM	5378	5379	19608
chrM	5379	5380	19612
chrM	5380	5381	19594
chrM	5381	5382	19586
chrM	5382	5383	19583
chrM	5383	5384	19587
chrM	5384	5385	19582
chrM	5385	5386	19562
chrM	5386	5387	19554
chrM	5387	5388	19552
chrM	5388	5389	19547
chrM	5389	5390	19546
chrM	5390	5391	19546
chrM	5391	5392	19546
chrM	5392	5393	19546
chrM	5393	5394	19542
chrM	5394	5395	19544
chrM	5395	5396	19548
chrM	5396	5397	19551
chrM	5397	5398	19552
chrM	5398	5399	19553
chrM	5399	5400	19544
chrM	5400	5401	19538
chrM	5401	5402	19535
chrM	5402	5403	19532
chrM	5403	5404	19533
chrM	5404	5405	19533
chrM	5405	5406	19533
chrM	5406	5407	19533
chrM	5407	5408	19534
chrM	5408	5409	19536
chrM	5409	5410	19536
chrM	5410	5411	19536
chrM	5411	5412	19536
chrM	5412	5413	19536
chrM	5413	5414	19536
chrM	5414	5415	19538
chrM	5415	5416	19543
chrM	5416	5417	19556
chrM	5417	5418	19575
chrM	5418	5419	19587
chrM	5419	5420	19604
chrM	5420	5421	19605
chrM	5421	5422	19593
chrM	5422	5423	19536
chrM	5423	5424	19499
chrM	5424	5425	19444
chrM	5425	5426	19433
chrM	5426	5427	19437
chrM	5427	5428	19444
chrM	5428	5429	19457
chrM	5429	5430	19407
chrM	5430	5431	19434
chrM	5431	5432	19433
chrM	5432	5433	19423
chrM	5433	5434	19431
chrM	5434	5435	19373
chrM	5435	5436	19385
chrM	5436	5437	19402
chrM	5437	5438	19359
chrM	5438	5439	19351
chrM	5439	5440	19329
chrM	5440	5441	19315
chrM	5441	5442	19312
chrM	5442	5443	19345
chrM	5443	5444	19272
chrM	5444	5445	19274
chrM	5445	5446	19248
chrM	5446	5447	19247
chrM	5447	5448	19246
chrM	5448	5449	19238
chrM	5449	5450	19223
chrM	5450	5451	19220
chrM	5451	5452	19218
chrM	5452	5453	19226
chrM	5453	5454	19238
chrM	5454	5455	19260
chrM	5455	5456	19238
chrM	5456	5457	19273
chrM	5457	5458	19273
chrM	5458	5459	19248
chrM	5459	5460	18605
chrM	5460	5461	18599
chrM	5461	5462	18563
chrM	5462	5463	18554
chrM	5463	5464	18437
chrM	5464	5465	18436
chrM	5465	5466	18432
chrM	5466	5467	18430
chrM	5467	5468	18395
chrM	5468	5469	18370
chrM	5469	5470	18347
chrM	5470	5471	18361
chrM	5471	5472	18367
chrM	5472	5473	18401
chrM	5473	5474	18394
chrM	5474	5475	18416
chrM	5475	5476	18406
chrM	5476	5477	18400
chrM	5477	5478	18311
chrM	5478	5479	18317
chrM	5479	5480	18301
chrM	5480	5481	18301
chrM	5481	5482	18299
chrM	5482	5483	18294
chrM	5483	5484	18271
chrM	5484	5485	18222
chrM	5485	5486	18204
chrM	5486	5487	18195
chrM	5487	5488	18197
chrM	5488	5489	18235
chrM	5489	5490	18276
chrM	5490	5491	18303
chrM	5491	5492	18309
chrM	5492	5493	18394
chrM	5493	5494	18476
chrM	5494	5495	18454
chrM	5495	5496	18459
chrM	5496	5497	18451
chrM	5497	5498	18446
chrM	5498	5499	18375
chrM	5499	5500	18293
chrM	5500	5501	18281
chrM	5501	5502	18270
chrM	5502	5503	18270
chrM	5503	5504	18264
chrM	5504	5505	18262
chrM	5505	5506	18263
chrM	5506	5507	18252
chrM	5507	5508	18253
chrM	5508	5509	18269
chrM	5509	5510	18261
chrM	5510	5511	17950
chrM	5511	5512	17907
chrM	5512	5513	17853
chrM	5513	5514	17776
chrM	5514	5515	17753
chrM	5515	5516	17710
chrM	5516	5517	17564
chrM	5517	5518	17463
chrM	5518	5519	17325
chrM	5519	5520	17321
chrM	5520	5521	17311
chrM	5521	5522	17280
chrM	5522	5523	17252
chrM	5523	5524	17232
chrM	5524	5525	17222
chrM	5525	5526	17148
chrM	5526	5527	17109
chrM	5527	5528	17109
chrM	5528	5529	17106
chrM	5529	5530	17106
chrM	5530	5531	17053
chrM	5531	5532	17009
chrM	5532	5533	16987
chrM	5533	5534	16978
chrM	5534	5535	16979
chrM	5535	5536	16993
chrM	5536	5537	17027
chrM	5537	5538	17343
chrM	5538	5539	17320
chrM	5539	5540	17287
chrM	5540	5541	16939
chrM	5541	5542	16877
chrM	5542	5543	16830
chrM	5543	5544	16812
chrM	5544	5545	16804
chrM	5545	5546	16868
chrM	5546	5547	16874
chrM	5547	5548	16866
chrM	5548	5549	16856
chrM	5549	5550	16830
chrM	5550	5551	16813
chrM	5551	5552	16770
chrM	5552	5553	16768
chrM	5553	5554	16754
chrM	5554	5555	16752
chrM	5555	5556	16790
chrM	5556	5557	16813
chrM	5557	5558	16820
chrM	5558	5559	16782
chrM	5559	5560	16724
chrM	5560	5561	16693
chrM	5561	5562	16619
chrM	5562	5563	16671
chrM	5563	5564	16688
chrM	5564	5565	16834
chrM	5565	5566	16827
chrM	5566	5567	16705
chrM	5567	5568	16705
chrM	5568	5569	16684
chrM	5569	5570	16672
chrM	5570	5571	16669
chrM	5571	5572	16675
chrM	5572	5573	16683
chrM	5573	5574	16759
chrM	5574	5575	16760
chrM	5575	5576	16744
chrM	5576	5577	16709
chrM	5577	5578	16704
chrM	5578	5579	16702
chrM	5579	5580	16702
chrM	5580	5581	16701
chrM	5581	5582	16695
chrM	5582	5583	16694
chrM	5583	5584	16693
chrM	5584	5585	16692
chrM	5585	5586	16696
chrM	5586	5587	16708
chrM	5587	5588	16721
chrM	5588	5589	16688
chrM	5589	5590	16700
chrM	5590	5591	16641
chrM	5591	5592	16615
chrM	5592	5593	16502
chrM	5593	5594	16464
chrM	5594	5595	16357
chrM	5595	5596	16296
chrM	5596	5597	16207
chrM	5597	5598	16145
chrM	5598	5599	16112
chrM	5599	5600	16110
chrM	5600	5601	16104
chrM	5601	5602	16103
chrM	5602	5603	16103
chrM	5603	5604	16103
chrM	5604	5605	16101
chrM	5605	5606	15870
chrM	5606	5607	15866
chrM	5607	5608	15854
chrM	5608	5609	15848
chrM	5609	5610	15844
chrM	5610	5611	15841
chrM	5611	5612	15841
chrM	5612	5613	15840
chrM	5613	5614	15840
chrM	5614	5615	15842
chrM	5615	5616	15842
chrM	5616	5617	15845
chrM	5617	5618	15845
chrM	5618	5619	15852
chrM	5619	5620	15881
chrM	5620	5621	15913
chrM	5621	5622	15931
chrM	5622	5623	15943
chrM	5623	5624	15956
chrM	5624	5625	15927
chrM	5625	5626	15891
chrM	5626	5627	15801
chrM	5627	5628	15758
chrM	5628	5629	15741
chrM	5629	5630	15735
chrM	5630	5631	15738
chrM	5631	5632	15744
chrM	5632	5633	15749
chrM	5633	5634	15752
chrM	5634	5635	15754
chrM	5635	5636	15754
chrM	5636	5637	15757
chrM	5637	5638	15757
chrM	5638	5639	15757
chrM	5639	5640	15758
chrM	5640	5641	15758
chrM	5641	5642	15757
chrM	5642	5643	15757
chrM	5643	5644	15762
chrM	5644	5645	15761
chrM	5645	5646	15714
chrM	5646	5647	15788
chrM	5647	5648	15770
chrM	5648	5649	15757
chrM	5649	5650	15745
chrM	5650	5651	15747
chrM	5651	5652	15742
chrM	5652	5653	15763
chrM	5653	5654	15816
chrM	5654	5655	16250
chrM	5655	5656	17051
chrM	5656	5657	17843
chrM	5657	5658	18715
chrM	5658	5659	18844
chrM	5659	5660	19267
chrM	5660	5661	20223
chrM	5661	5662	23634
chrM	5662	5663	23845
chrM	5663	5664	23910
chrM	5664	5665	23975
chrM	5665	5666	24053
chrM	5666	5667	24076
chrM	5667	5668	24081
chrM	5668	5669	24094
chrM	5669	5670	24118
chrM	5670	5671	24153
chrM	5671	5672	24172
chrM	5672	5673	24181
chrM	5673	5674	24186
chrM	5674	5675	24183
chrM	5675	5676	24179
chrM	5676	5677	24173
chrM	5677	5678	24174
chrM	5678	5679	24182
chrM	5679	5680	24185
chrM	5680	5681	24185
chrM	5681	5682	24188
chrM	5682	5683	24183
chrM	5683	5684	24191
chrM	5684	5685	24191
chrM	5685	5686	24189
chrM	5686	5687	24173
chrM	5687	5688	24119
chrM	5688	5689	24123
chrM	5689	5690	24107
chrM	5690	5691	24098
chrM	5691	5692	24106
chrM	5692	5693	24111
chrM	5693	5694	24109
chrM	5694	5695	24108
chrM	5695	5696	24096
chrM	5696	5697	24057
chrM	5697	5698	24057
chrM	5698	5699	24053
chrM	5699	5700	24053
chrM	5700	5701	24054
chrM	5701	5702	24009
chrM	5702	5703	24014
chrM	5703	5704	24009
chrM	5704	5705	24004
chrM	5705	5706	24001
chrM	5706	5707	23995
chrM	5707	5708	23993
chrM	5708	5709	23993
chrM	5709	5710	24014
chrM	5710	5711	24016
chrM	5711	5712	24027
chrM	5712	5713	24261
chrM	5713	5714	24258
chrM	5714	5715	24253
chrM	5715	5716	24263
chrM	5716	5717	24241
chrM	5717	5718	24231
chrM	5718	5719	24219
chrM	5719	5720	24214
chrM	5720	5721	24223
chrM	5721	5722	24224
chrM	5722	5723	24226
chrM	5723	5724	24232
chrM	5724	5725	24323
chrM	5725	5726	24325
chrM	5726	5727	24345
chrM	5727	5728	24353
chrM	5728	5729	24356
chrM	5729	5730	24383
chrM	5730	5731	24989
chrM	5731	5732	25002
chrM	5732	5733	25005
chrM	5733	5734	25003
chrM	5734	5735	25005
chrM	5735	5736	25006
chrM	5736	5737	25003
chrM	5737	5738	25005
chrM	5738	5739	25045
chrM	5739	5740	25108
chrM	5740	5741	25174
chrM	5741	5742	25357
chrM	5742	5743	25804
chrM	5743	5744	25822
chrM	5744	5745	25783
chrM	5745	5746	25777
chrM	5746	5747	25772
chrM	5747	5748	25701
chrM	5748	5749	25827
chrM	5749	5750	25931
chrM	5750	5751	26089
chrM	5751	5752	26256
chrM	5752	5753	24925
chrM	5753	5754	24787
chrM	5754	5755	24431
chrM	5755	5756	24110
chrM	5756	5757	23569
chrM	5757	5758	23486
chrM	5758	5759	23003
chrM	5759	5760	22877
chrM	5760	5761	22671
chrM	5761	5762	22663
chrM	5762	5763	22658
chrM	5763	5764	22658
chrM	5764	5765	22613
chrM	5765	5766	22608
chrM	5766	5767	22598
chrM	5767	5768	22588
chrM	5768	5769	22571
chrM	5769	5770	22562
chrM	5770	5771	22567
chrM	5771	5772	22566
chrM	5772	5773	22596
chrM	5773	5774	22612
chrM	5774	5775	22631
chrM	5775	5776	22663
chrM	5776	5777	22675
chrM	5777	5778	22691
chrM	5778	5779	22794
chrM	5779	5780	22958
chrM	5780	5781	22983
chrM	5781	5782	23144
chrM	5782	5783	23165
chrM	5783	5784	23168
chrM	5784	5785	23169
chrM	5785	5786	23163
chrM	5786	5787	23151
chrM	5787	5788	23151
chrM	5788	5789	23150
chrM	5789	5790	23149
chrM	5790	5791	23138
chrM	5791	5792	23134
chrM	5792	5793	23127
chrM	5793	5794	23136
chrM	5794	5795	23139
chrM	5795	5796	23144
chrM	5796	5797	23142
chrM	5797	5798	23132
chrM	5798	5799	22990
chrM	5799	5800	22920
chrM	5800	5801	22971
chrM	5801	5802	23034
chrM	5802	5803	23139
chrM	5803	5804	23892
chrM	5804	5805	23906
chrM	5805	5806	24065
chrM	5806	5807	24064
chrM	5807	5808	24112
chrM	5808	5809	24129
chrM	5809	5810	24139
chrM	5810	5811	24150
chrM	5811	5812	24162
chrM	5812	5813	24234
chrM	5813	5814	24129
chrM	5814	5815	24114
chrM	5815	5816	24013
chrM	5816	5817	23934
chrM	5817	5818	23911
chrM	5818	5819	23905
chrM	5819	5820	23907
chrM	5820	5821	23909
chrM	5821	5822	23896
chrM	5822	5823	23912
chrM	5823	5824	23902
chrM	5824	5825	23882
chrM	5825	5826	23867
chrM	5826	5827	23901
chrM	5827	5828	23909
chrM	5828	5829	23909
chrM	5829	5830	23908
chrM	5830	5831	23898
chrM	5831	5832	23896
chrM	5832	5833	23897
chrM	5833	5834	23898
chrM	5834	5835	23899
chrM	5835	5836	23900
chrM	5836	5837	23901
chrM	5837	5838	23901
chrM	5838	5839	23901
chrM	5839	5840	23901
chrM	5840	5841	23900
chrM	5841	5842	23901
chrM	5842	5843	23902
chrM	5843	5844	23902
chrM	5844	5845	23907
chrM	5845	5846	23923
chrM	5846	5847	23951
chrM	5847	5848	24833
chrM	5848	5849	24842
chrM	5849	5850	24863
chrM	5850	5851	24855
chrM	5851	5852	24570
chrM	5852	5853	24551
chrM	5853	5854	24518
chrM	5854	5855	24394
chrM	5855	5856	24055
chrM	5856	5857	23966
chrM	5857	5858	23892
chrM	5858	5859	23701
chrM	5859	5860	23686
chrM	5860	5861	23679
chrM	5861	5862	23671
chrM	5862	5863	23663
chrM	5863	5864	23474
chrM	5864	5865	23468
chrM	5865	5866	23451
chrM	5866	5867	23444
chrM	5867	5868	23432
chrM	5868	5869	23366
chrM	5869	5870	23360
chrM	5870	5871	23350
chrM	5871	5872	23342
chrM	5872	5873	23336
chrM	5873	5874	23334
chrM	5874	5875	23332
chrM	5875	5876	23327
chrM	5876	5877	23300
chrM	5877	5878	23299
chrM	5878	5879	23292
chrM	5879	5880	23296
chrM	5880	5881	23299
chrM	5881	5882	23297
chrM	5882	5883	23296
chrM	5883	5884	23285
chrM	5884	5885	23274
chrM	5885	5886	23291
chrM	5886	5887	23295
chrM	5887	5888	23291
chrM	5888	5889	23285
chrM	5889	5890	23282
chrM	5890	5891	23250
chrM	5891	5892	23190
chrM	5892	5893	23023
chrM	5893	5894	21712
chrM	5894	5895	21160
chrM	5895	5896	21028
chrM	5896	5897	20487
chrM	5897	5898	20458
chrM	5898	5899	20445
chrM	5899	5900	20387
chrM	5900	5901	20376
chrM	5901	5902	20365
chrM	5902	5903	20344
chrM	5903	5904	20325
chrM	5904	5905	20313
chrM	5905	5906	20295
chrM	5906	5907	20311
chrM	5907	5908	20345
chrM	5908	5909	20343
chrM	5909	5910	20337
chrM	5910	5911	20337
chrM	5911	5912	20259
chrM	5912	5913	20180
chrM	5913	5914	20068
chrM	5914	5915	19974
chrM	5915	5916	19219
chrM	5916	5917	19136
chrM	5917	5918	19049
chrM	5918	5919	18975
chrM	5919	5920	18466
chrM	5920	5921	18436
chrM	5921	5922	18394
chrM	5922	5923	18321
chrM	5923	5924	17059
chrM	5924	5925	17024
chrM	5925	5926	16775
chrM	5926	5927	16589
chrM	5927	5928	16430
chrM	5928	5929	16375
chrM	5929	5930	16353
chrM	5930	5931	16352
chrM	5931	5932	16346
chrM	5932	5933	16342
chrM	5933	5934	16317
chrM	5934	5935	16314
chrM	5935	5936	16302
chrM	5936	5937	16284
chrM	5937	5938	16277
chrM	5938	5939	15924
chrM	5939	5940	15927
chrM	5940	5941	15924
chrM	5941	5942	15922
chrM	5942	5943	15904
chrM	5943	5944	15904
chrM	5944	5945	15902
chrM	5945	5946	15902
chrM	5946	5947	15907
chrM	5947	5948	15907
chrM	5948	5949	15907
chrM	5949	5950	15918
chrM	5950	5951	15924
chrM	5951	5952	15945
chrM	5952	5953	16044
chrM	5953	5954	16255
chrM	5954	5955	16510
chrM	5955	5956	16623
chrM	5956	5957	16660
chrM	5957	5958	16697
chrM	5958	5959	16679
chrM	5959	5960	16659
chrM	5960	5961	16638
chrM	5961	5962	16595
chrM	5962	5963	16581
chrM	5963	5964	16575
chrM	5964	5965	16572
chrM	5965	5966	16574
chrM	5966	5967	16573
chrM	5967	5968	16573
chrM	5968	5969	16572
chrM	5969	5970	16567
chrM	5970	5971	16558
chrM	5971	5972	16558
chrM	5972	5973	16559
chrM	5973	5974	16560
chrM	5974	5975	16560
chrM	5975	5976	16561
chrM	5976	5977	16561
chrM	5977	5978	16570
chrM	5978	5979	16819
chrM	5979	5980	19497
chrM	5980	5981	19653
chrM	5981	5982	20044
chrM	5982	5983	20515
chrM	5983	5984	21162
chrM	5984	5985	21199
chrM	5985	5986	21500
chrM	5986	5987	21617
chrM	5987	5988	21681
chrM	5988	5989	21727
chrM	5989	5990	21755
chrM	5990	5991	21686
chrM	5991	5992	23081
chrM	5992	5993	23312
chrM	5993	5994	23315
chrM	5994	5995	23312
chrM	5995	5996	23308
chrM	5996	5997	23349
chrM	5997	5998	23346
chrM	5998	5999	23340
chrM	5999	6000	23340
chrM	6000	6001	23340
chrM	6001	6002	23344
chrM	6002	6003	23347
chrM	6003	6004	23359
chrM	6004	6005	23359
chrM	6005	6006	23359
chrM	6006	6007	23358
chrM	6007	6008	23356
chrM	6008	6009	23357
chrM	6009	6010	23357
chrM	6010	6011	23356
chrM	6011	6012	23357
chrM	6012	6013	23357
chrM	6013	6014	23357
chrM	6014	6015	23391
chrM	6015	6016	23439
chrM	6016	6017	23526
chrM	6017	6018	23589
chrM	6018	6019	24566
chrM	6019	6020	24655
chrM	6020	6021	24759
chrM	6021	6022	24862
chrM	6022	6023	25086
chrM	6023	6024	27975
chrM	6024	6025	28314
chrM	6025	6026	28341
chrM	6026	6027	28494
chrM	6027	6028	29359
chrM	6028	6029	29406
chrM	6029	6030	29405
chrM	6030	6031	29595
chrM	6031	6032	29641
chrM	6032	6033	29668
chrM	6033	6034	29667
chrM	6034	6035	29665
chrM	6035	6036	29662
chrM	6036	6037	29659
chrM	6037	6038	29658
chrM	6038	6039	29555
chrM	6039	6040	29550
chrM	6040	6041	29532
chrM	6041	6042	29534
chrM	6042	6043	29533
chrM	6043	6044	29533
chrM	6044	6045	29529
chrM	6045	6046	29530
chrM	6046	6047	29528
chrM	6047	6048	29542
chrM	6048	6049	29551
chrM	6049	6050	29554
chrM	6050	6051	29586
chrM	6051	6052	29586
chrM	6052	6053	29586
chrM	6053	6054	29588
chrM	6054	6055	29610
chrM	6055	6056	29610
chrM	6056	6057	29610
chrM	6057	6058	29612
chrM	6058	6059	29608
chrM	6059	6060	29616
chrM	6060	6061	29686
chrM	6061	6062	29679
chrM	6062	6063	29598
chrM	6063	6064	29597
chrM	6064	6065	29552
chrM	6065	6066	29560
chrM	6066	6067	29746
chrM	6067	6068	29839
chrM	6068	6069	29990
chrM	6069	6070	31195
chrM	6070	6071	31244
chrM	6071	6072	31367
chrM	6072	6073	31407
chrM	6073	6074	31490
chrM	6074	6075	31702
chrM	6075	6076	31839
chrM	6076	6077	32134
chrM	6077	6078	32192
chrM	6078	6079	32164
chrM	6079	6080	32135
chrM	6080	6081	32116
chrM	6081	6082	32100
chrM	6082	6083	32085
chrM	6083	6084	32048
chrM	6084	6085	32034
chrM	6085	6086	32039
chrM	6086	6087	32042
chrM	6087	6088	32053
chrM	6088	6089	32054
chrM	6089	6090	32061
chrM	6090	6091	32079
chrM	6091	6092	32092
chrM	6092	6093	32063
chrM	6093	6094	32064
chrM	6094	6095	32070
chrM	6095	6096	32078
chrM	6096	6097	32124
chrM	6097	6098	32169
chrM	6098	6099	32404
chrM	6099	6100	32550
chrM	6100	6101	32542
chrM	6101	6102	32521
chrM	6102	6103	32547
chrM	6103	6104	32456
chrM	6104	6105	32401
chrM	6105	6106	32323
chrM	6106	6107	32019
chrM	6107	6108	31985
chrM	6108	6109	31789
chrM	6109	6110	31333
chrM	6110	6111	31336
chrM	6111	6112	31336
chrM	6112	6113	31331
chrM	6113	6114	31294
chrM	6114	6115	31329
chrM	6115	6116	31415
chrM	6116	6117	31408
chrM	6117	6118	31397
chrM	6118	6119	31368
chrM	6119	6120	31359
chrM	6120	6121	31344
chrM	6121	6122	31337
chrM	6122	6123	31328
chrM	6123	6124	31327
chrM	6124	6125	31328
chrM	6125	6126	31326
chrM	6126	6127	31319
chrM	6127	6128	31316
chrM	6128	6129	31316
chrM	6129	6130	31310
chrM	6130	6131	31310
chrM	6131	6132	31310
chrM	6132	6133	31310
chrM	6133	6134	31311
chrM	6134	6135	31320
chrM	6135	6136	31322
chrM	6136	6137	31328
chrM	6137	6138	31328
chrM	6138	6139	31384
chrM	6139	6140	31432
chrM	6140	6141	31440
chrM	6141	6142	31442
chrM	6142	6143	31437
chrM	6143	6144	31370
chrM	6144	6145	31293
chrM	6145	6146	31247
chrM	6146	6147	31155
chrM	6147	6148	30885
chrM	6148	6149	30676
chrM	6149	6150	30661
chrM	6150	6151	30649
chrM	6151	6152	30632
chrM	6152	6153	30605
chrM	6153	6154	30581
chrM	6154	6155	30566
chrM	6155	6156	30573
chrM	6156	6157	30580
chrM	6157	6158	30585
chrM	6158	6159	30557
chrM	6159	6160	31233
chrM	6160	6161	31263
chrM	6161	6162	31250
chrM	6162	6163	31279
chrM	6163	6164	30992
chrM	6164	6165	31053
chrM	6165	6166	30734
chrM	6166	6167	30402
chrM	6167	6168	30568
chrM	6168	6169	29438
chrM	6169	6170	29334
chrM	6170	6171	28860
chrM	6171	6172	28425
chrM	6172	6173	28184
chrM	6173	6174	25578
chrM	6174	6175	23425
chrM	6175	6176	22256
chrM	6176	6177	20191
chrM	6177	6178	19838
chrM	6178	6179	19824
chrM	6179	6180	19802
chrM	6180	6181	19785
chrM	6181	6182	19773
chrM	6182	6183	19773
chrM	6183	6184	19773
chrM	6184	6185	19759
chrM	6185	6186	19752
chrM	6186	6187	19749
chrM	6187	6188	19747
chrM	6188	6189	19735
chrM	6189	6190	19735
chrM	6190	6191	19734
chrM	6191	6192	19737
chrM	6192	6193	19733
chrM	6193	6194	19730
chrM	6194	6195	19741
chrM	6195	6196	19748
chrM	6196	6197	19749
chrM	6197	6198	19752
chrM	6198	6199	19753
chrM	6199	6200	19749
chrM	6200	6201	19750
chrM	6201	6202	19750
chrM	6202	6203	19748
chrM	6203	6204	19748
chrM	6204	6205	19748
chrM	6205	6206	19749
chrM	6206	6207	19750
chrM	6207	6208	19752
chrM	6208	6209	19792
chrM	6209	6210	19783
chrM	6210	6211	19827
chrM	6211	6212	19861
chrM	6212	6213	19849
chrM	6213	6214	19718
chrM	6214	6215	19604
chrM	6215	6216	19452
chrM	6216	6217	19391
chrM	6217	6218	18519
chrM	6218	6219	18514
chrM	6219	6220	18499
chrM	6220	6221	18496
chrM	6221	6222	18492
chrM	6222	6223	18487
chrM	6223	6224	18486
chrM	6224	6225	18481
chrM	6225	6226	18480
chrM	6226	6227	18463
chrM	6227	6228	18448
chrM	6228	6229	18439
chrM	6229	6230	18438
chrM	6230	6231	18435
chrM	6231	6232	18435
chrM	6232	6233	18434
chrM	6233	6234	18434
chrM	6234	6235	18433
chrM	6235	6236	18430
chrM	6236	6237	18412
chrM	6237	6238	18409
chrM	6238	6239	18405
chrM	6239	6240	18404
chrM	6240	6241	18404
chrM	6241	6242	18399
chrM	6242	6243	18395
chrM	6243	6244	18392
chrM	6244	6245	18387
chrM	6245	6246	18386
chrM	6246	6247	18385
chrM	6247	6248	18377
chrM	6248	6249	18464
chrM	6249	6250	18514
chrM	6250	6251	18531
chrM	6251	6252	18532
chrM	6252	6253	18515
chrM	6253	6254	18514
chrM	6254	6255	18490
chrM	6255	6256	18474
chrM	6256	6257	18446
chrM	6257	6258	18398
chrM	6258	6259	18384
chrM	6259	6260	18379
chrM	6260	6261	18377
chrM	6261	6262	18381
chrM	6262	6263	18385
chrM	6263	6264	18395
chrM	6264	6265	18637
chrM	6265	6266	18621
chrM	6266	6267	18557
chrM	6267	6268	18840
chrM	6268	6269	18885
chrM	6269	6270	18917
chrM	6270	6271	19700
chrM	6271	6272	19732
chrM	6272	6273	19748
chrM	6273	6274	19807
chrM	6274	6275	19819
chrM	6275	6276	19898
chrM	6276	6277	20597
chrM	6277	6278	20772
chrM	6278	6279	20854
chrM	6279	6280	20730
chrM	6280	6281	20733
chrM	6281	6282	20731
chrM	6282	6283	20690
chrM	6283	6284	21228
chrM	6284	6285	21256
chrM	6285	6286	21248
chrM	6286	6287	21242
chrM	6287	6288	21222
chrM	6288	6289	21109
chrM	6289	6290	21096
chrM	6290	6291	21092
chrM	6291	6292	21058
chrM	6292	6293	21046
chrM	6293	6294	21039
chrM	6294	6295	21026
chrM	6295	6296	21019
chrM	6296	6297	21015
chrM	6297	6298	21015
chrM	6298	6299	21015
chrM	6299	6300	21015
chrM	6300	6301	21015
chrM	6301	6302	21000
chrM	6302	6303	21001
chrM	6303	6304	20998
chrM	6304	6305	21004
chrM	6305	6306	21007
chrM	6306	6307	21011
chrM	6307	6308	20828
chrM	6308	6309	20813
chrM	6309	6310	20759
chrM	6310	6311	20743
chrM	6311	6312	20725
chrM	6312	6313	20725
chrM	6313	6314	20725
chrM	6314	6315	20725
chrM	6315	6316	20727
chrM	6316	6317	20725
chrM	6317	6318	20727
chrM	6318	6319	20731
chrM	6319	6320	20733
chrM	6320	6321	20738
chrM	6321	6322	20750
chrM	6322	6323	20767
chrM	6323	6324	20842
chrM	6324	6325	21134
chrM	6325	6326	21406
chrM	6326	6327	22353
chrM	6327	6328	22327
chrM	6328	6329	22301
chrM	6329	6330	22138
chrM	6330	6331	22017
chrM	6331	6332	21904
chrM	6332	6333	21797
chrM	6333	6334	21766
chrM	6334	6335	21752
chrM	6335	6336	21748
chrM	6336	6337	21758
chrM	6337	6338	21773
chrM	6338	6339	21627
chrM	6339	6340	21962
chrM	6340	6341	21977
chrM	6341	6342	21958
chrM	6342	6343	21947
chrM	6343	6344	21927
chrM	6344	6345	21932
chrM	6345	6346	21893
chrM	6346	6347	21853
chrM	6347	6348	21847
chrM	6348	6349	21828
chrM	6349	6350	21817
chrM	6350	6351	21811
chrM	6351	6352	21797
chrM	6352	6353	21788
chrM	6353	6354	21781
chrM	6354	6355	21838
chrM	6355	6356	21846
chrM	6356	6357	21850
chrM	6357	6358	21852
chrM	6358	6359	21854
chrM	6359	6360	21847
chrM	6360	6361	21838
chrM	6361	6362	21818
chrM	6362	6363	21817
chrM	6363	6364	21822
chrM	6364	6365	21834
chrM	6365	6366	21857
chrM	6366	6367	21878
chrM	6367	6368	21884
chrM	6368	6369	21890
chrM	6369	6370	21885
chrM	6370	6371	21792
chrM	6371	6372	21603
chrM	6372	6373	21551
chrM	6373	6374	21519
chrM	6374	6375	21462
chrM	6375	6376	21440
chrM	6376	6377	21410
chrM	6377	6378	21409
chrM	6378	6379	21404
chrM	6379	6380	21383
chrM	6380	6381	21384
chrM	6381	6382	21382
chrM	6382	6383	21383
chrM	6383	6384	21381
chrM	6384	6385	21382
chrM	6385	6386	21378
chrM	6386	6387	21383
chrM	6387	6388	21368
chrM	6388	6389	21368
chrM	6389	6390	21368
chrM	6390	6391	21368
chrM	6391	6392	21368
chrM	6392	6393	21731
chrM	6393	6394	21735
chrM	6394	6395	21738
chrM	6395	6396	21731
chrM	6396	6397	21745
chrM	6397	6398	21760
chrM	6398	6399	21790
chrM	6399	6400	21728
chrM	6400	6401	21832
chrM	6401	6402	21785
chrM	6402	6403	21859
chrM	6403	6404	21859
chrM	6404	6405	21843
chrM	6405	6406	21812
chrM	6406	6407	21726
chrM	6407	6408	21562
chrM	6408	6409	21532
chrM	6409	6410	21493
chrM	6410	6411	21465
chrM	6411	6412	21460
chrM	6412	6413	21454
chrM	6413	6414	21429
chrM	6414	6415	21151
chrM	6415	6416	21155
chrM	6416	6417	21144
chrM	6417	6418	21115
chrM	6418	6419	21096
chrM	6419	6420	21068
chrM	6420	6421	20702
chrM	6421	6422	20623
chrM	6422	6423	20580
chrM	6423	6424	20532
chrM	6424	6425	20456
chrM	6425	6426	20443
chrM	6426	6427	20276
chrM	6427	6428	20222
chrM	6428	6429	20201
chrM	6429	6430	20205
chrM	6430	6431	20202
chrM	6431	6432	20015
chrM	6432	6433	19971
chrM	6433	6434	19855
chrM	6434	6435	19744
chrM	6435	6436	19645
chrM	6436	6437	19640
chrM	6437	6438	19670
chrM	6438	6439	19670
chrM	6439	6440	19673
chrM	6440	6441	19644
chrM	6441	6442	19673
chrM	6442	6443	19702
chrM	6443	6444	19682
chrM	6444	6445	19549
chrM	6445	6446	19360
chrM	6446	6447	19182
chrM	6447	6448	18914
chrM	6448	6449	18338
chrM	6449	6450	17535
chrM	6450	6451	17215
chrM	6451	6452	17128
chrM	6452	6453	17088
chrM	6453	6454	17081
chrM	6454	6455	17079
chrM	6455	6456	17076
chrM	6456	6457	17076
chrM	6457	6458	17065
chrM	6458	6459	17059
chrM	6459	6460	17059
chrM	6460	6461	17057
chrM	6461	6462	17048
chrM	6462	6463	17041
chrM	6463	6464	17040
chrM	6464	6465	17038
chrM	6465	6466	17030
chrM	6466	6467	17002
chrM	6467	6468	16989
chrM	6468	6469	16987
chrM	6469	6470	16922
chrM	6470	6471	16922
chrM	6471	6472	16916
chrM	6472	6473	16912
chrM	6473	6474	16895
chrM	6474	6475	16894
chrM	6475	6476	16883
chrM	6476	6477	16829
chrM	6477	6478	16828
chrM	6478	6479	16826
chrM	6479	6480	16826
chrM	6480	6481	16820
chrM	6481	6482	15647
chrM	6482	6483	15636
chrM	6483	6484	15606
chrM	6484	6485	15589
chrM	6485	6486	15579
chrM	6486	6487	15578
chrM	6487	6488	15578
chrM	6488	6489	15587
chrM	6489	6490	15584
chrM	6490	6491	15575
chrM	6491	6492	15573
chrM	6492	6493	15573
chrM	6493	6494	15572
chrM	6494	6495	15571
chrM	6495	6496	15570
chrM	6496	6497	15569
chrM	6497	6498	15568
chrM	6498	6499	15562
chrM	6499	6500	15561
chrM	6500	6501	15561
chrM	6501	6502	15561
chrM	6502	6503	15561
chrM	6503	6504	15561
chrM	6504	6505	15561
chrM	6505	6506	15557
chrM	6506	6507	15556
chrM	6507	6508	15555
chrM	6508	6509	15554
chrM	6509	6510	15554
chrM	6510	6511	15553
chrM	6511	6512	15541
chrM	6512	6513	15531
chrM	6513	6514	15526
chrM	6514	6515	15521
chrM	6515	6516	15516
chrM	6516	6517	15516
chrM	6517	6518	15517
chrM	6518	6519	15517
chrM	6519	6520	15517
chrM	6520	6521	15483
chrM	6521	6522	15476
chrM	6522	6523	15465
chrM	6523	6524	15455
chrM	6524	6525	15437
chrM	6525	6526	15400
chrM	6526	6527	15382
chrM	6527	6528	15363
chrM	6528	6529	15362
chrM	6529	6530	15362
chrM	6530	6531	15362
chrM	6531	6532	15362
chrM	6532	6533	15356
chrM	6533	6534	15353
chrM	6534	6535	15347
chrM	6535	6536	15343
chrM	6536	6537	15343
chrM	6537	6538	15341
chrM	6538	6539	15341
chrM	6539	6540	15340
chrM	6540	6541	15340
chrM	6541	6542	15339
chrM	6542	6543	15347
chrM	6543	6544	15348
chrM	6544	6545	15348
chrM	6545	6546	15347
chrM	6546	6547	15339
chrM	6547	6548	15339
chrM	6548	6549	15336
chrM	6549	6550	15326
chrM	6550	6551	15326
chrM	6551	6552	15311
chrM	6552	6553	15293
chrM	6553	6554	15282
chrM	6554	6555	15280
chrM	6555	6556	15279
chrM	6556	6557	15276
chrM	6557	6558	15271
chrM	6558	6559	15271
chrM	6559	6560	15269
chrM	6560	6561	15269
chrM	6561	6562	15269
chrM	6562	6563	15268
chrM	6563	6564	15267
chrM	6564	6565	15267
chrM	6565	6566	15267
chrM	6566	6567	15267
chrM	6567	6568	15267
chrM	6568	6569	15267
chrM	6569	6570	15267
chrM	6570	6571	15267
chrM	6571	6572	15265
chrM	6572	6573	15261
chrM	6573	6574	15261
chrM	6574	6575	15261
chrM	6575	6576	15263
chrM	6576	6577	15263
chrM	6577	6578	15268
chrM	6578	6579	15269
chrM	6579	6580	15272
chrM	6580	6581	15285
chrM	6581	6582	15363
chrM	6582	6583	15546
chrM	6583	6584	15586
chrM	6584	6585	15635
chrM	6585	6586	15622
chrM	6586	6587	15632
chrM	6587	6588	15634
chrM	6588	6589	15635
chrM	6589	6590	15639
chrM	6590	6591	15643
chrM	6591	6592	15712
chrM	6592	6593	15736
chrM	6593	6594	15779
chrM	6594	6595	15783
chrM	6595	6596	15798
chrM	6596	6597	15801
chrM	6597	6598	15805
chrM	6598	6599	15802
chrM	6599	6600	15784
chrM	6600	6601	15783
chrM	6601	6602	15782
chrM	6602	6603	15782
chrM	6603	6604	15782
chrM	6604	6605	15781
chrM	6605	6606	15781
chrM	6606	6607	15783
chrM	6607	6608	15787
chrM	6608	6609	15788
chrM	6609	6610	15791
chrM	6610	6611	15789
chrM	6611	6612	15784
chrM	6612	6613	15780
chrM	6613	6614	15780
chrM	6614	6615	15780
chrM	6615	6616	15784
chrM	6616	6617	15808
chrM	6617	6618	15836
chrM	6618	6619	15855
chrM	6619	6620	15869
chrM	6620	6621	15896
chrM	6621	6622	15941
chrM	6622	6623	16158
chrM	6623	6624	16165
chrM	6624	6625	16162
chrM	6625	6626	16165
chrM	6626	6627	16172
chrM	6627	6628	16187
chrM	6628	6629	16224
chrM	6629	6630	16371
chrM	6630	6631	16487
chrM	6631	6632	16583
chrM	6632	6633	16647
chrM	6633	6634	16948
chrM	6634	6635	19254
chrM	6635	6636	19447
chrM	6636	6637	19503
chrM	6637	6638	19503
chrM	6638	6639	19494
chrM	6639	6640	19491
chrM	6640	6641	19488
chrM	6641	6642	19488
chrM	6642	6643	19485
chrM	6643	6644	19489
chrM	6644	6645	19488
chrM	6645	6646	19487
chrM	6646	6647	19482
chrM	6647	6648	19487
chrM	6648	6649	19490
chrM	6649	6650	19496
chrM	6650	6651	19631
chrM	6651	6652	19635
chrM	6652	6653	19667
chrM	6653	6654	19669
chrM	6654	6655	19673
chrM	6655	6656	19681
chrM	6656	6657	19694
chrM	6657	6658	19807
chrM	6658	6659	19991
chrM	6659	6660	20256
chrM	6660	6661	20823
chrM	6661	6662	20965
chrM	6662	6663	20987
chrM	6663	6664	21056
chrM	6664	6665	21060
chrM	6665	6666	21067
chrM	6666	6667	21139
chrM	6667	6668	21132
chrM	6668	6669	21124
chrM	6669	6670	21122
chrM	6670	6671	21118
chrM	6671	6672	21160
chrM	6672	6673	21202
chrM	6673	6674	21218
chrM	6674	6675	21221
chrM	6675	6676	21227
chrM	6676	6677	21226
chrM	6677	6678	21224
chrM	6678	6679	21287
chrM	6679	6680	21303
chrM	6680	6681	21316
chrM	6681	6682	21320
chrM	6682	6683	21324
chrM	6683	6684	21322
chrM	6684	6685	21336
chrM	6685	6686	21336
chrM	6686	6687	21336
chrM	6687	6688	21336
chrM	6688	6689	21336
chrM	6689	6690	21336
chrM	6690	6691	21335
chrM	6691	6692	21335
chrM	6692	6693	21337
chrM	6693	6694	21347
chrM	6694	6695	21764
chrM	6695	6696	21906
chrM	6696	6697	21980
chrM	6697	6698	22801
chrM	6698	6699	22835
chrM	6699	6700	22854
chrM	6700	6701	22869
chrM	6701	6702	23070
chrM	6702	6703	23107
chrM	6703	6704	23191
chrM	6704	6705	23246
chrM	6705	6706	23220
chrM	6706	6707	23207
chrM	6707	6708	23189
chrM	6708	6709	23044
chrM	6709	6710	23016
chrM	6710	6711	23006
chrM	6711	6712	23004
chrM	6712	6713	23003
chrM	6713	6714	23003
chrM	6714	6715	23003
chrM	6715	6716	23003
chrM	6716	6717	23003
chrM	6717	6718	23003
chrM	6718	6719	23002
chrM	6719	6720	23002
chrM	6720	6721	23002
chrM	6721	6722	23002
chrM	6722	6723	23002
chrM	6723	6724	22990
chrM	6724	6725	22988
chrM	6725	6726	23293
chrM	6726	6727	23286
chrM	6727	6728	23279
chrM	6728	6729	23214
chrM	6729	6730	23201
chrM	6730	6731	23152
chrM	6731	6732	23125
chrM	6732	6733	23144
chrM	6733	6734	23154
chrM	6734	6735	23162
chrM	6735	6736	23165
chrM	6736	6737	23218
chrM	6737	6738	23217
chrM	6738	6739	23207
chrM	6739	6740	23207
chrM	6740	6741	23162
chrM	6741	6742	23157
chrM	6742	6743	23154
chrM	6743	6744	23148
chrM	6744	6745	23148
chrM	6745	6746	23147
chrM	6746	6747	23147
chrM	6747	6748	23147
chrM	6748	6749	23147
chrM	6749	6750	23147
chrM	6750	6751	23142
chrM	6751	6752	23143
chrM	6752	6753	23128
chrM	6753	6754	23128
chrM	6754	6755	23127
chrM	6755	6756	23126
chrM	6756	6757	23120
chrM	6757	6758	23120
chrM	6758	6759	23100
chrM	6759	6760	23082
chrM	6760	6761	23083
chrM	6761	6762	23091
chrM	6762	6763	23138
chrM	6763	6764	24062
chrM	6764	6765	24095
chrM	6765	6766	24096
chrM	6766	6767	24148
chrM	6767	6768	24054
chrM	6768	6769	23943
chrM	6769	6770	23851
chrM	6770	6771	23746
chrM	6771	6772	23758
chrM	6772	6773	23786
chrM	6773	6774	23747
chrM	6774	6775	23618
chrM	6775	6776	23061
chrM	6776	6777	22852
chrM	6777	6778	22301
chrM	6778	6779	20366
chrM	6779	6780	20035
chrM	6780	6781	19997
chrM	6781	6782	20078
chrM	6782	6783	20184
chrM	6783	6784	20895
chrM	6784	6785	20827
chrM	6785	6786	20841
chrM	6786	6787	20832
chrM	6787	6788	20816
chrM	6788	6789	20810
chrM	6789	6790	20692
chrM	6790	6791	20684
chrM	6791	6792	20641
chrM	6792	6793	20181
chrM	6793	6794	20194
chrM	6794	6795	20186
chrM	6795	6796	20171
chrM	6796	6797	20162
chrM	6797	6798	20150
chrM	6798	6799	20140
chrM	6799	6800	20138
chrM	6800	6801	20112
chrM	6801	6802	20115
chrM	6802	6803	20114
chrM	6803	6804	20112
chrM	6804	6805	20111
chrM	6805	6806	20110
chrM	6806	6807	20110
chrM	6807	6808	20106
chrM	6808	6809	20105
chrM	6809	6810	20081
chrM	6810	6811	20061
chrM	6811	6812	20056
chrM	6812	6813	20071
chrM	6813	6814	20325
chrM	6814	6815	21114
chrM	6815	6816	25266
chrM	6816	6817	25389
chrM	6817	6818	25413
chrM	6818	6819	25404
chrM	6819	6820	25346
chrM	6820	6821	25271
chrM	6821	6822	25207
chrM	6822	6823	25063
chrM	6823	6824	25013
chrM	6824	6825	25002
chrM	6825	6826	24997
chrM	6826	6827	24992
chrM	6827	6828	24991
chrM	6828	6829	24981
chrM	6829	6830	24977
chrM	6830	6831	24976
chrM	6831	6832	24973
chrM	6832	6833	24982
chrM	6833	6834	25008
chrM	6834	6835	25367
chrM	6835	6836	25476
chrM	6836	6837	25465
chrM	6837	6838	25464
chrM	6838	6839	25468
chrM	6839	6840	25456
chrM	6840	6841	25443
chrM	6841	6842	25435
chrM	6842	6843	25425
chrM	6843	6844	25424
chrM	6844	6845	25424
chrM	6845	6846	25421
chrM	6846	6847	25414
chrM	6847	6848	25408
chrM	6848	6849	25391
chrM	6849	6850	25385
chrM	6850	6851	25379
chrM	6851	6852	25378
chrM	6852	6853	25377
chrM	6853	6854	25377
chrM	6854	6855	25378
chrM	6855	6856	25376
chrM	6856	6857	25381
chrM	6857	6858	25384
chrM	6858	6859	25355
chrM	6859	6860	25357
chrM	6860	6861	25350
chrM	6861	6862	25322
chrM	6862	6863	25301
chrM	6863	6864	25214
chrM	6864	6865	25208
chrM	6865	6866	25204
chrM	6866	6867	25202
chrM	6867	6868	25209
chrM	6868	6869	25276
chrM	6869	6870	25485
chrM	6870	6871	25718
chrM	6871	6872	25725
chrM	6872	6873	25754
chrM	6873	6874	25752
chrM	6874	6875	25735
chrM	6875	6876	25729
chrM	6876	6877	25706
chrM	6877	6878	25685
chrM	6878	6879	25679
chrM	6879	6880	25679
chrM	6880	6881	25678
chrM	6881	6882	25678
chrM	6882	6883	25668
chrM	6883	6884	25668
chrM	6884	6885	25654
chrM	6885	6886	25645
chrM	6886	6887	25645
chrM	6887	6888	25563
chrM	6888	6889	25597
chrM	6889	6890	25586
chrM	6890	6891	25570
chrM	6891	6892	25537
chrM	6892	6893	25532
chrM	6893	6894	25531
chrM	6894	6895	25522
chrM	6895	6896	25517
chrM	6896	6897	25511
chrM	6897	6898	25511
chrM	6898	6899	25511
chrM	6899	6900	25506
chrM	6900	6901	25485
chrM	6901	6902	25482
chrM	6902	6903	25477
chrM	6903	6904	25476
chrM	6904	6905	25468
chrM	6905	6906	25474
chrM	6906	6907	25476
chrM	6907	6908	25478
chrM	6908	6909	25477
chrM	6909	6910	25478
chrM	6910	6911	25490
chrM	6911	6912	25483
chrM	6912	6913	25477
chrM	6913	6914	25478
chrM	6914	6915	25479
chrM	6915	6916	25535
chrM	6916	6917	25567
chrM	6917	6918	25596
chrM	6918	6919	25619
chrM	6919	6920	25708
chrM	6920	6921	25712
chrM	6921	6922	25654
chrM	6922	6923	25621
chrM	6923	6924	25450
chrM	6924	6925	25374
chrM	6925	6926	25346
chrM	6926	6927	25371
chrM	6927	6928	25595
chrM	6928	6929	25615
chrM	6929	6930	25619
chrM	6930	6931	25615
chrM	6931	6932	25573
chrM	6932	6933	25503
chrM	6933	6934	25604
chrM	6934	6935	25494
chrM	6935	6936	25180
chrM	6936	6937	25126
chrM	6937	6938	25116
chrM	6938	6939	25085
chrM	6939	6940	25124
chrM	6940	6941	25031
chrM	6941	6942	24948
chrM	6942	6943	24880
chrM	6943	6944	24809
chrM	6944	6945	24795
chrM	6945	6946	24788
chrM	6946	6947	24785
chrM	6947	6948	24783
chrM	6948	6949	24643
chrM	6949	6950	24697
chrM	6950	6951	24718
chrM	6951	6952	24546
chrM	6952	6953	24972
chrM	6953	6954	24868
chrM	6954	6955	24945
chrM	6955	6956	24938
chrM	6956	6957	24151
chrM	6957	6958	24165
chrM	6958	6959	24131
chrM	6959	6960	24109
chrM	6960	6961	23950
chrM	6961	6962	23685
chrM	6962	6963	23627
chrM	6963	6964	23595
chrM	6964	6965	23529
chrM	6965	6966	23523
chrM	6966	6967	23518
chrM	6967	6968	23518
chrM	6968	6969	23515
chrM	6969	6970	23503
chrM	6970	6971	23515
chrM	6971	6972	23536
chrM	6972	6973	23541
chrM	6973	6974	23545
chrM	6974	6975	23539
chrM	6975	6976	23527
chrM	6976	6977	23496
chrM	6977	6978	23326
chrM	6978	6979	23310
chrM	6979	6980	23299
chrM	6980	6981	23294
chrM	6981	6982	23296
chrM	6982	6983	23296
chrM	6983	6984	23290
chrM	6984	6985	23236
chrM	6985	6986	23238
chrM	6986	6987	23307
chrM	6987	6988	23305
chrM	6988	6989	23319
chrM	6989	6990	23330
chrM	6990	6991	23678
chrM	6991	6992	24159
chrM	6992	6993	24639
chrM	6993	6994	24612
chrM	6994	6995	24597
chrM	6995	6996	24426
chrM	6996	6997	24338
chrM	6997	6998	24280
chrM	6998	6999	24230
chrM	6999	7000	24254
chrM	7000	7001	24484
chrM	7001	7002	24698
chrM	7002	7003	24868
chrM	7003	7004	24995
chrM	7004	7005	25034
chrM	7005	7006	24916
chrM	7006	7007	24968
chrM	7007	7008	24954
chrM	7008	7009	24844
chrM	7009	7010	24827
chrM	7010	7011	23770
chrM	7011	7012	23904
chrM	7012	7013	24026
chrM	7013	7014	23988
chrM	7014	7015	23913
chrM	7015	7016	23892
chrM	7016	7017	23882
chrM	7017	7018	23872
chrM	7018	7019	23845
chrM	7019	7020	23780
chrM	7020	7021	23750
chrM	7021	7022	23763
chrM	7022	7023	24003
chrM	7023	7024	24542
chrM	7024	7025	24800
chrM	7025	7026	24877
chrM	7026	7027	24958
chrM	7027	7028	24935
chrM	7028	7029	24857
chrM	7029	7030	24789
chrM	7030	7031	24739
chrM	7031	7032	24722
chrM	7032	7033	24730
chrM	7033	7034	25442
chrM	7034	7035	25498
chrM	7035	7036	25609
chrM	7036	7037	25598
chrM	7037	7038	25573
chrM	7038	7039	25569
chrM	7039	7040	25566
chrM	7040	7041	25558
chrM	7041	7042	25458
chrM	7042	7043	25391
chrM	7043	7044	25346
chrM	7044	7045	25330
chrM	7045	7046	25316
chrM	7046	7047	25327
chrM	7047	7048	25343
chrM	7048	7049	25380
chrM	7049	7050	25390
chrM	7050	7051	25351
chrM	7051	7052	25363
chrM	7052	7053	25317
chrM	7053	7054	25251
chrM	7054	7055	25239
chrM	7055	7056	25215
chrM	7056	7057	25212
chrM	7057	7058	25150
chrM	7058	7059	25141
chrM	7059	7060	25101
chrM	7060	7061	24942
chrM	7061	7062	24944
chrM	7062	7063	24935
chrM	7063	7064	24925
chrM	7064	7065	24919
chrM	7065	7066	24891
chrM	7066	7067	24892
chrM	7067	7068	24883
chrM	7068	7069	24881
chrM	7069	7070	24880
chrM	7070	7071	24886
chrM	7071	7072	24882
chrM	7072	7073	24886
chrM	7073	7074	24887
chrM	7074	7075	24884
chrM	7075	7076	24886
chrM	7076	7077	24891
chrM	7077	7078	24889
chrM	7078	7079	24880
chrM	7079	7080	24892
chrM	7080	7081	24915
chrM	7081	7082	25141
chrM	7082	7083	25359
chrM	7083	7084	25685
chrM	7084	7085	25840
chrM	7085	7086	26062
chrM	7086	7087	27491
chrM	7087	7088	27205
chrM	7088	7089	26890
chrM	7089	7090	25969
chrM	7090	7091	25751
chrM	7091	7092	25464
chrM	7092	7093	24971
chrM	7093	7094	24941
chrM	7094	7095	24942
chrM	7095	7096	24904
chrM	7096	7097	24871
chrM	7097	7098	24864
chrM	7098	7099	24859
chrM	7099	7100	24846
chrM	7100	7101	24839
chrM	7101	7102	24820
chrM	7102	7103	24820
chrM	7103	7104	24815
chrM	7104	7105	24819
chrM	7105	7106	24819
chrM	7106	7107	24818
chrM	7107	7108	24798
chrM	7108	7109	24943
chrM	7109	7110	25042
chrM	7110	7111	25108
chrM	7111	7112	25180
chrM	7112	7113	25224
chrM	7113	7114	25208
chrM	7114	7115	25175
chrM	7115	7116	25131
chrM	7116	7117	24940
chrM	7117	7118	24829
chrM	7118	7119	24732
chrM	7119	7120	24718
chrM	7120	7121	24713
chrM	7121	7122	24704
chrM	7122	7123	24702
chrM	7123	7124	24704
chrM	7124	7125	24699
chrM	7125	7126	24697
chrM	7126	7127	24694
chrM	7127	7128	24691
chrM	7128	7129	24693
chrM	7129	7130	24693
chrM	7130	7131	24672
chrM	7131	7132	24694
chrM	7132	7133	24696
chrM	7133	7134	24697
chrM	7134	7135	24697
chrM	7135	7136	24691
chrM	7136	7137	24690
chrM	7137	7138	24692
chrM	7138	7139	24613
chrM	7139	7140	25301
chrM	7140	7141	28026
chrM	7141	7142	28859
chrM	7142	7143	29797
chrM	7143	7144	31041
chrM	7144	7145	31425
chrM	7145	7146	31416
chrM	7146	7147	31409
chrM	7147	7148	31413
chrM	7148	7149	31406
chrM	7149	7150	31286
chrM	7150	7151	31201
chrM	7151	7152	31228
chrM	7152	7153	31240
chrM	7153	7154	31261
chrM	7154	7155	31382
chrM	7155	7156	32156
chrM	7156	7157	32160
chrM	7157	7158	32115
chrM	7158	7159	32102
chrM	7159	7160	32086
chrM	7160	7161	32067
chrM	7161	7162	32060
chrM	7162	7163	32057
chrM	7163	7164	32045
chrM	7164	7165	32036
chrM	7165	7166	32036
chrM	7166	7167	32036
chrM	7167	7168	32054
chrM	7168	7169	32077
chrM	7169	7170	32083
chrM	7170	7171	32086
chrM	7171	7172	32092
chrM	7172	7173	32675
chrM	7173	7174	32672
chrM	7174	7175	32821
chrM	7175	7176	32819
chrM	7176	7177	32773
chrM	7177	7178	32587
chrM	7178	7179	32530
chrM	7179	7180	32455
chrM	7180	7181	32414
chrM	7181	7182	32412
chrM	7182	7183	32406
chrM	7183	7184	32398
chrM	7184	7185	32381
chrM	7185	7186	32380
chrM	7186	7187	32378
chrM	7187	7188	32373
chrM	7188	7189	32366
chrM	7189	7190	32284
chrM	7190	7191	32297
chrM	7191	7192	32318
chrM	7192	7193	32315
chrM	7193	7194	32315
chrM	7194	7195	32316
chrM	7195	7196	32314
chrM	7196	7197	32308
chrM	7197	7198	32304
chrM	7198	7199	32291
chrM	7199	7200	32268
chrM	7200	7201	32256
chrM	7201	7202	32254
chrM	7202	7203	32225
chrM	7203	7204	32224
chrM	7204	7205	32221
chrM	7205	7206	32213
chrM	7206	7207	32192
chrM	7207	7208	32156
chrM	7208	7209	32135
chrM	7209	7210	32130
chrM	7210	7211	32129
chrM	7211	7212	32128
chrM	7212	7213	32126
chrM	7213	7214	32126
chrM	7214	7215	32126
chrM	7215	7216	32123
chrM	7216	7217	32124
chrM	7217	7218	32125
chrM	7218	7219	32138
chrM	7219	7220	32160
chrM	7220	7221	32169
chrM	7221	7222	32174
chrM	7222	7223	32175
chrM	7223	7224	32142
chrM	7224	7225	32143
chrM	7225	7226	32089
chrM	7226	7227	32337
chrM	7227	7228	32964
chrM	7228	7229	33435
chrM	7229	7230	34258
chrM	7230	7231	34579
chrM	7231	7232	34592
chrM	7232	7233	34549
chrM	7233	7234	33608
chrM	7234	7235	33349
chrM	7235	7236	32834
chrM	7236	7237	32031
chrM	7237	7238	31532
chrM	7238	7239	31404
chrM	7239	7240	31171
chrM	7240	7241	30698
chrM	7241	7242	30578
chrM	7242	7243	30479
chrM	7243	7244	30467
chrM	7244	7245	30466
chrM	7245	7246	30452
chrM	7246	7247	30485
chrM	7247	7248	30507
chrM	7248	7249	30517
chrM	7249	7250	30522
chrM	7250	7251	30512
chrM	7251	7252	30472
chrM	7252	7253	30391
chrM	7253	7254	30259
chrM	7254	7255	25680
chrM	7255	7256	25387
chrM	7256	7257	24692
chrM	7257	7258	24457
chrM	7258	7259	24340
chrM	7259	7260	24315
chrM	7260	7261	24283
chrM	7261	7262	24273
chrM	7262	7263	23930
chrM	7263	7264	23928
chrM	7264	7265	23891
chrM	7265	7266	23899
chrM	7266	7267	23918
chrM	7267	7268	23924
chrM	7268	7269	23911
chrM	7269	7270	23895
chrM	7270	7271	23888
chrM	7271	7272	23863
chrM	7272	7273	23784
chrM	7273	7274	23780
chrM	7274	7275	23373
chrM	7275	7276	23309
chrM	7276	7277	23180
chrM	7277	7278	22728
chrM	7278	7279	22721
chrM	7279	7280	22672
chrM	7280	7281	22640
chrM	7281	7282	22600
chrM	7282	7283	22551
chrM	7283	7284	22549
chrM	7284	7285	22536
chrM	7285	7286	22554
chrM	7286	7287	22529
chrM	7287	7288	22519
chrM	7288	7289	22550
chrM	7289	7290	22277
chrM	7290	7291	22295
chrM	7291	7292	22268
chrM	7292	7293	22253
chrM	7293	7294	22209
chrM	7294	7295	22155
chrM	7295	7296	22094
chrM	7296	7297	22055
chrM	7297	7298	22010
chrM	7298	7299	22006
chrM	7299	7300	22005
chrM	7300	7301	22008
chrM	7301	7302	22008
chrM	7302	7303	22009
chrM	7303	7304	22001
chrM	7304	7305	22000
chrM	7305	7306	21993
chrM	7306	7307	21991
chrM	7307	7308	21988
chrM	7308	7309	21988
chrM	7309	7310	21988
chrM	7310	7311	21995
chrM	7311	7312	21991
chrM	7312	7313	21978
chrM	7313	7314	21750
chrM	7314	7315	21707
chrM	7315	7316	21669
chrM	7316	7317	21657
chrM	7317	7318	21658
chrM	7318	7319	21333
chrM	7319	7320	21326
chrM	7320	7321	21296
chrM	7321	7322	21291
chrM	7322	7323	21287
chrM	7323	7324	21282
chrM	7324	7325	21281
chrM	7325	7326	21269
chrM	7326	7327	21267
chrM	7327	7328	21262
chrM	7328	7329	21261
chrM	7329	7330	21261
chrM	7330	7331	21259
chrM	7331	7332	21260
chrM	7332	7333	21261
chrM	7333	7334	21261
chrM	7334	7335	21261
chrM	7335	7336	21259
chrM	7336	7337	21258
chrM	7337	7338	21258
chrM	7338	7339	21257
chrM	7339	7340	21265
chrM	7340	7341	21353
chrM	7341	7342	22082
chrM	7342	7343	22901
chrM	7343	7344	22948
chrM	7344	7345	22910
chrM	7345	7346	22939
chrM	7346	7347	22850
chrM	7347	7348	22545
chrM	7348	7349	22492
chrM	7349	7350	22386
chrM	7350	7351	22113
chrM	7351	7352	21783
chrM	7352	7353	21472
chrM	7353	7354	21401
chrM	7354	7355	21359
chrM	7355	7356	21356
chrM	7356	7357	21351
chrM	7357	7358	21357
chrM	7358	7359	21350
chrM	7359	7360	21350
chrM	7360	7361	21345
chrM	7361	7362	21342
chrM	7362	7363	21339
chrM	7363	7364	21338
chrM	7364	7365	21338
chrM	7365	7366	21338
chrM	7366	7367	21340
chrM	7367	7368	21342
chrM	7368	7369	21344
chrM	7369	7370	21349
chrM	7370	7371	21353
chrM	7371	7372	21361
chrM	7372	7373	21382
chrM	7373	7374	21381
chrM	7374	7375	21382
chrM	7375	7376	21384
chrM	7376	7377	21384
chrM	7377	7378	21514
chrM	7378	7379	21618
chrM	7379	7380	21670
chrM	7380	7381	21681
chrM	7381	7382	21681
chrM	7382	7383	21729
chrM	7383	7384	21662
chrM	7384	7385	21583
chrM	7385	7386	20371
chrM	7386	7387	20337
chrM	7387	7388	20297
chrM	7388	7389	20292
chrM	7389	7390	20286
chrM	7390	7391	20284
chrM	7391	7392	20268
chrM	7392	7393	20267
chrM	7393	7394	20234
chrM	7394	7395	20221
chrM	7395	7396	20202
chrM	7396	7397	20199
chrM	7397	7398	20192
chrM	7398	7399	20192
chrM	7399	7400	20188
chrM	7400	7401	20198
chrM	7401	7402	20220
chrM	7402	7403	20223
chrM	7403	7404	20228
chrM	7404	7405	20255
chrM	7405	7406	20261
chrM	7406	7407	20262
chrM	7407	7408	20283
chrM	7408	7409	20282
chrM	7409	7410	20280
chrM	7410	7411	20281
chrM	7411	7412	20292
chrM	7412	7413	20302
chrM	7413	7414	20305
chrM	7414	7415	20306
chrM	7415	7416	20303
chrM	7416	7417	20296
chrM	7417	7418	20227
chrM	7418	7419	20203
chrM	7419	7420	20140
chrM	7420	7421	20101
chrM	7421	7422	20097
chrM	7422	7423	20099
chrM	7423	7424	20098
chrM	7424	7425	20100
chrM	7425	7426	20105
chrM	7426	7427	20108
chrM	7427	7428	20107
chrM	7428	7429	20110
chrM	7429	7430	20120
chrM	7430	7431	20120
chrM	7431	7432	20118
chrM	7432	7433	20150
chrM	7433	7434	20163
chrM	7434	7435	20168
chrM	7435	7436	20168
chrM	7436	7437	20168
chrM	7437	7438	20169
chrM	7438	7439	20169
chrM	7439	7440	20169
chrM	7440	7441	20171
chrM	7441	7442	20174
chrM	7442	7443	20168
chrM	7443	7444	20168
chrM	7444	7445	20165
chrM	7445	7446	20163
chrM	7446	7447	20153
chrM	7447	7448	20123
chrM	7448	7449	19927
chrM	7449	7450	19932
chrM	7450	7451	19947
chrM	7451	7452	19948
chrM	7452	7453	19952
chrM	7453	7454	19953
chrM	7454	7455	19946
chrM	7455	7456	19945
chrM	7456	7457	19944
chrM	7457	7458	19944
chrM	7458	7459	19941
chrM	7459	7460	19941
chrM	7460	7461	19940
chrM	7461	7462	19940
chrM	7462	7463	19940
chrM	7463	7464	19939
chrM	7464	7465	19939
chrM	7465	7466	19938
chrM	7466	7467	19938
chrM	7467	7468	19938
chrM	7468	7469	19938
chrM	7469	7470	19938
chrM	7470	7471	19938
chrM	7471	7472	19938
chrM	7472	7473	19938
chrM	7473	7474	19935
chrM	7474	7475	19935
chrM	7475	7476	19936
chrM	7476	7477	19935
chrM	7477	7478	19845
chrM	7478	7479	19845
chrM	7479	7480	19841
chrM	7480	7481	19840
chrM	7481	7482	19829
chrM	7482	7483	19830
chrM	7483	7484	19829
chrM	7484	7485	19780
chrM	7485	7486	19774
chrM	7486	7487	19765
chrM	7487	7488	19755
chrM	7488	7489	19742
chrM	7489	7490	19723
chrM	7490	7491	19604
chrM	7491	7492	19553
chrM	7492	7493	19487
chrM	7493	7494	19458
chrM	7494	7495	19341
chrM	7495	7496	19297
chrM	7496	7497	19247
chrM	7497	7498	19215
chrM	7498	7499	19190
chrM	7499	7500	19181
chrM	7500	7501	19178
chrM	7501	7502	19178
chrM	7502	7503	19178
chrM	7503	7504	19177
chrM	7504	7505	19174
chrM	7505	7506	19179
chrM	7506	7507	19179
chrM	7507	7508	19179
chrM	7508	7509	19181
chrM	7509	7510	19183
chrM	7510	7511	19191
chrM	7511	7512	19192
chrM	7512	7513	19197
chrM	7513	7514	19231
chrM	7514	7515	19232
chrM	7515	7516	19235
chrM	7516	7517	19235
chrM	7517	7518	19232
chrM	7518	7519	19166
chrM	7519	7520	19144
chrM	7520	7521	19110
chrM	7521	7522	19089
chrM	7522	7523	19110
chrM	7523	7524	19112
chrM	7524	7525	19071
chrM	7525	7526	19059
chrM	7526	7527	19007
chrM	7527	7528	18953
chrM	7528	7529	18924
chrM	7529	7530	18915
chrM	7530	7531	18915
chrM	7531	7532	18915
chrM	7532	7533	18915
chrM	7533	7534	18915
chrM	7534	7535	18916
chrM	7535	7536	18916
chrM	7536	7537	18917
chrM	7537	7538	18917
chrM	7538	7539	18911
chrM	7539	7540	18908
chrM	7540	7541	18906
chrM	7541	7542	18902
chrM	7542	7543	18901
chrM	7543	7544	18899
chrM	7544	7545	18898
chrM	7545	7546	18902
chrM	7546	7547	18907
chrM	7547	7548	18911
chrM	7548	7549	18915
chrM	7549	7550	18921
chrM	7550	7551	18926
chrM	7551	7552	18929
chrM	7552	7553	18928
chrM	7553	7554	18927
chrM	7554	7555	18963
chrM	7555	7556	19901
chrM	7556	7557	20968
chrM	7557	7558	21402
chrM	7558	7559	21475
chrM	7559	7560	21536
chrM	7560	7561	21322
chrM	7561	7562	21105
chrM	7562	7563	20778
chrM	7563	7564	20652
chrM	7564	7565	20598
chrM	7565	7566	20584
chrM	7566	7567	20578
chrM	7567	7568	20576
chrM	7568	7569	20573
chrM	7569	7570	20573
chrM	7570	7571	20573
chrM	7571	7572	20573
chrM	7572	7573	20572
chrM	7573	7574	20570
chrM	7574	7575	20570
chrM	7575	7576	20569
chrM	7576	7577	20567
chrM	7577	7578	20568
chrM	7578	7579	20570
chrM	7579	7580	20574
chrM	7580	7581	20573
chrM	7581	7582	20588
chrM	7582	7583	21160
chrM	7583	7584	21168
chrM	7584	7585	21161
chrM	7585	7586	21162
chrM	7586	7587	21153
chrM	7587	7588	21151
chrM	7588	7589	21135
chrM	7589	7590	21127
chrM	7590	7591	21125
chrM	7591	7592	21124
chrM	7592	7593	21124
chrM	7593	7594	21126
chrM	7594	7595	21127
chrM	7595	7596	21126
chrM	7596	7597	21131
chrM	7597	7598	21128
chrM	7598	7599	21125
chrM	7599	7600	21122
chrM	7600	7601	21122
chrM	7601	7602	21122
chrM	7602	7603	21122
chrM	7603	7604	21122
chrM	7604	7605	21122
chrM	7605	7606	21123
chrM	7606	7607	21134
chrM	7607	7608	21134
chrM	7608	7609	21137
chrM	7609	7610	21138
chrM	7610	7611	21132
chrM	7611	7612	21107
chrM	7612	7613	21089
chrM	7613	7614	21079
chrM	7614	7615	21075
chrM	7615	7616	21069
chrM	7616	7617	21073
chrM	7617	7618	21075
chrM	7618	7619	21075
chrM	7619	7620	21080
chrM	7620	7621	21285
chrM	7621	7622	21287
chrM	7622	7623	21259
chrM	7623	7624	21260
chrM	7624	7625	21259
chrM	7625	7626	21253
chrM	7626	7627	21066
chrM	7627	7628	20775
chrM	7628	7629	20704
chrM	7629	7630	20664
chrM	7630	7631	20652
chrM	7631	7632	20600
chrM	7632	7633	20593
chrM	7633	7634	20590
chrM	7634	7635	20590
chrM	7635	7636	20586
chrM	7636	7637	20586
chrM	7637	7638	20585
chrM	7638	7639	20587
chrM	7639	7640	20612
chrM	7640	7641	20608
chrM	7641	7642	20764
chrM	7642	7643	21343
chrM	7643	7644	21381
chrM	7644	7645	21414
chrM	7645	7646	22003
chrM	7646	7647	21979
chrM	7647	7648	21879
chrM	7648	7649	21639
chrM	7649	7650	21396
chrM	7650	7651	21368
chrM	7651	7652	21361
chrM	7652	7653	21479
chrM	7653	7654	23760
chrM	7654	7655	24201
chrM	7655	7656	24290
chrM	7656	7657	24529
chrM	7657	7658	24519
chrM	7658	7659	24497
chrM	7659	7660	24499
chrM	7660	7661	24593
chrM	7661	7662	24626
chrM	7662	7663	24633
chrM	7663	7664	24665
chrM	7664	7665	24667
chrM	7665	7666	24911
chrM	7666	7667	24934
chrM	7667	7668	24936
chrM	7668	7669	24936
chrM	7669	7670	24937
chrM	7670	7671	24937
chrM	7671	7672	24944
chrM	7672	7673	24938
chrM	7673	7674	24937
chrM	7674	7675	24953
chrM	7675	7676	24974
chrM	7676	7677	24965
chrM	7677	7678	25008
chrM	7678	7679	25006
chrM	7679	7680	25006
chrM	7680	7681	24974
chrM	7681	7682	24668
chrM	7682	7683	24657
chrM	7683	7684	24646
chrM	7684	7685	24645
chrM	7685	7686	24603
chrM	7686	7687	24602
chrM	7687	7688	24598
chrM	7688	7689	24583
chrM	7689	7690	24542
chrM	7690	7691	24494
chrM	7691	7692	24484
chrM	7692	7693	24476
chrM	7693	7694	24474
chrM	7694	7695	24474
chrM	7695	7696	24474
chrM	7696	7697	24479
chrM	7697	7698	24499
chrM	7698	7699	24543
chrM	7699	7700	25134
chrM	7700	7701	25144
chrM	7701	7702	25145
chrM	7702	7703	25135
chrM	7703	7704	25111
chrM	7704	7705	25106
chrM	7705	7706	25100
chrM	7706	7707	25098
chrM	7707	7708	25104
chrM	7708	7709	25103
chrM	7709	7710	25113
chrM	7710	7711	25229
chrM	7711	7712	25263
chrM	7712	7713	25313
chrM	7713	7714	25342
chrM	7714	7715	25352
chrM	7715	7716	25352
chrM	7716	7717	25352
chrM	7717	7718	25353
chrM	7718	7719	25348
chrM	7719	7720	25200
chrM	7720	7721	25171
chrM	7721	7722	25139
chrM	7722	7723	25113
chrM	7723	7724	25091
chrM	7724	7725	25064
chrM	7725	7726	25056
chrM	7726	7727	25005
chrM	7727	7728	24906
chrM	7728	7729	24886
chrM	7729	7730	24881
chrM	7730	7731	24875
chrM	7731	7732	24878
chrM	7732	7733	24885
chrM	7733	7734	24911
chrM	7734	7735	25051
chrM	7735	7736	25168
chrM	7736	7737	25622
chrM	7737	7738	25782
chrM	7738	7739	25797
chrM	7739	7740	25797
chrM	7740	7741	25634
chrM	7741	7742	25607
chrM	7742	7743	25590
chrM	7743	7744	25603
chrM	7744	7745	25820
chrM	7745	7746	26242
chrM	7746	7747	26309
chrM	7747	7748	26391
chrM	7748	7749	26389
chrM	7749	7750	26360
chrM	7750	7751	26326
chrM	7751	7752	26315
chrM	7752	7753	25985
chrM	7753	7754	26060
chrM	7754	7755	27657
chrM	7755	7756	27209
chrM	7756	7757	26850
chrM	7757	7758	26807
chrM	7758	7759	26774
chrM	7759	7760	26778
chrM	7760	7761	26707
chrM	7761	7762	26549
chrM	7762	7763	26512
chrM	7763	7764	26304
chrM	7764	7765	26224
chrM	7765	7766	26153
chrM	7766	7767	26013
chrM	7767	7768	25981
chrM	7768	7769	25998
chrM	7769	7770	26154
chrM	7770	7771	26143
chrM	7771	7772	26146
chrM	7772	7773	26144
chrM	7773	7774	26137
chrM	7774	7775	26130
chrM	7775	7776	26124
chrM	7776	7777	26134
chrM	7777	7778	26121
chrM	7778	7779	26125
chrM	7779	7780	26180
chrM	7780	7781	26800
chrM	7781	7782	26942
chrM	7782	7783	27171
chrM	7783	7784	27182
chrM	7784	7785	27177
chrM	7785	7786	27295
chrM	7786	7787	27297
chrM	7787	7788	27323
chrM	7788	7789	27574
chrM	7789	7790	27694
chrM	7790	7791	27729
chrM	7791	7792	27731
chrM	7792	7793	27737
chrM	7793	7794	27735
chrM	7794	7795	27701
chrM	7795	7796	27704
chrM	7796	7797	27692
chrM	7797	7798	27687
chrM	7798	7799	27636
chrM	7799	7800	27730
chrM	7800	7801	27832
chrM	7801	7802	27843
chrM	7802	7803	27840
chrM	7803	7804	27813
chrM	7804	7805	27829
chrM	7805	7806	27817
chrM	7806	7807	27815
chrM	7807	7808	27814
chrM	7808	7809	27813
chrM	7809	7810	27810
chrM	7810	7811	27807
chrM	7811	7812	27807
chrM	7812	7813	27810
chrM	7813	7814	27821
chrM	7814	7815	27898
chrM	7815	7816	28099
chrM	7816	7817	28161
chrM	7817	7818	28174
chrM	7818	7819	28179
chrM	7819	7820	28142
chrM	7820	7821	28108
chrM	7821	7822	28081
chrM	7822	7823	28066
chrM	7823	7824	28054
chrM	7824	7825	28035
chrM	7825	7826	28028
chrM	7826	7827	28024
chrM	7827	7828	28008
chrM	7828	7829	27999
chrM	7829	7830	28020
chrM	7830	7831	28650
chrM	7831	7832	28950
chrM	7832	7833	29389
chrM	7833	7834	29861
chrM	7834	7835	30542
chrM	7835	7836	30808
chrM	7836	7837	31449
chrM	7837	7838	31255
chrM	7838	7839	31129
chrM	7839	7840	30501
chrM	7840	7841	30030
chrM	7841	7842	29163
chrM	7842	7843	28910
chrM	7843	7844	28792
chrM	7844	7845	28661
chrM	7845	7846	28558
chrM	7846	7847	28514
chrM	7847	7848	28471
chrM	7848	7849	28211
chrM	7849	7850	28120
chrM	7850	7851	28107
chrM	7851	7852	28101
chrM	7852	7853	28136
chrM	7853	7854	28154
chrM	7854	7855	28178
chrM	7855	7856	29021
chrM	7856	7857	29084
chrM	7857	7858	29058
chrM	7858	7859	29045
chrM	7859	7860	28798
chrM	7860	7861	28672
chrM	7861	7862	28513
chrM	7862	7863	28418
chrM	7863	7864	28362
chrM	7864	7865	28303
chrM	7865	7866	28322
chrM	7866	7867	28864
chrM	7867	7868	29708
chrM	7868	7869	30077
chrM	7869	7870	30129
chrM	7870	7871	30134
chrM	7871	7872	30098
chrM	7872	7873	29975
chrM	7873	7874	29899
chrM	7874	7875	29788
chrM	7875	7876	29537
chrM	7876	7877	29527
chrM	7877	7878	29520
chrM	7878	7879	29487
chrM	7879	7880	29474
chrM	7880	7881	29440
chrM	7881	7882	29424
chrM	7882	7883	29397
chrM	7883	7884	29347
chrM	7884	7885	29315
chrM	7885	7886	29308
chrM	7886	7887	29305
chrM	7887	7888	29302
chrM	7888	7889	29300
chrM	7889	7890	29298
chrM	7890	7891	29297
chrM	7891	7892	29301
chrM	7892	7893	29360
chrM	7893	7894	29366
chrM	7894	7895	29369
chrM	7895	7896	29376
chrM	7896	7897	29382
chrM	7897	7898	29379
chrM	7898	7899	29378
chrM	7899	7900	29377
chrM	7900	7901	29339
chrM	7901	7902	29489
chrM	7902	7903	29479
chrM	7903	7904	29492
chrM	7904	7905	29497
chrM	7905	7906	29477
chrM	7906	7907	29469
chrM	7907	7908	29450
chrM	7908	7909	29440
chrM	7909	7910	29437
chrM	7910	7911	29438
chrM	7911	7912	29440
chrM	7912	7913	29437
chrM	7913	7914	29439
chrM	7914	7915	29434
chrM	7915	7916	29428
chrM	7916	7917	29430
chrM	7917	7918	29427
chrM	7918	7919	29413
chrM	7919	7920	29522
chrM	7920	7921	30234
chrM	7921	7922	30313
chrM	7922	7923	30323
chrM	7923	7924	30351
chrM	7924	7925	30274
chrM	7925	7926	30213
chrM	7926	7927	30136
chrM	7927	7928	29947
chrM	7928	7929	29868
chrM	7929	7930	29847
chrM	7930	7931	29618
chrM	7931	7932	29584
chrM	7932	7933	28992
chrM	7933	7934	28962
chrM	7934	7935	28899
chrM	7935	7936	28886
chrM	7936	7937	28879
chrM	7937	7938	28870
chrM	7938	7939	28869
chrM	7939	7940	28858
chrM	7940	7941	28848
chrM	7941	7942	28844
chrM	7942	7943	28799
chrM	7943	7944	28749
chrM	7944	7945	28739
chrM	7945	7946	28730
chrM	7946	7947	28625
chrM	7947	7948	28623
chrM	7948	7949	28621
chrM	7949	7950	28615
chrM	7950	7951	28605
chrM	7951	7952	28560
chrM	7952	7953	28559
chrM	7953	7954	28480
chrM	7954	7955	28477
chrM	7955	7956	28456
chrM	7956	7957	28462
chrM	7957	7958	28472
chrM	7958	7959	28472
chrM	7959	7960	28464
chrM	7960	7961	28457
chrM	7961	7962	28437
chrM	7962	7963	28442
chrM	7963	7964	28465
chrM	7964	7965	28629
chrM	7965	7966	28897
chrM	7966	7967	28973
chrM	7967	7968	29001
chrM	7968	7969	29045
chrM	7969	7970	29017
chrM	7970	7971	28944
chrM	7971	7972	28921
chrM	7972	7973	28861
chrM	7973	7974	28885
chrM	7974	7975	27792
chrM	7975	7976	27766
chrM	7976	7977	27593
chrM	7977	7978	27538
chrM	7978	7979	27487
chrM	7979	7980	26250
chrM	7980	7981	26338
chrM	7981	7982	25842
chrM	7982	7983	25311
chrM	7983	7984	25196
chrM	7984	7985	24789
chrM	7985	7986	24644
chrM	7986	7987	24584
chrM	7987	7988	24557
chrM	7988	7989	24472
chrM	7989	7990	24398
chrM	7990	7991	24362
chrM	7991	7992	24357
chrM	7992	7993	24325
chrM	7993	7994	24315
chrM	7994	7995	24314
chrM	7995	7996	24316
chrM	7996	7997	24315
chrM	7997	7998	24327
chrM	7998	7999	24342
chrM	7999	8000	24355
chrM	8000	8001	24390
chrM	8001	8002	24411
chrM	8002	8003	24445
chrM	8003	8004	24645
chrM	8004	8005	24649
chrM	8005	8006	24647
chrM	8006	8007	24640
chrM	8007	8008	24637
chrM	8008	8009	24636
chrM	8009	8010	24635
chrM	8010	8011	24636
chrM	8011	8012	24652
chrM	8012	8013	24667
chrM	8013	8014	24672
chrM	8014	8015	24693
chrM	8015	8016	24935
chrM	8016	8017	25658
chrM	8017	8018	27122
chrM	8018	8019	27552
chrM	8019	8020	28117
chrM	8020	8021	28273
chrM	8021	8022	28438
chrM	8022	8023	28607
chrM	8023	8024	28569
chrM	8024	8025	28564
chrM	8025	8026	28467
chrM	8026	8027	28435
chrM	8027	8028	28432
chrM	8028	8029	28427
chrM	8029	8030	28432
chrM	8030	8031	28432
chrM	8031	8032	28440
chrM	8032	8033	28441
chrM	8033	8034	28629
chrM	8034	8035	28648
chrM	8035	8036	28651
chrM	8036	8037	28697
chrM	8037	8038	28683
chrM	8038	8039	28621
chrM	8039	8040	28601
chrM	8040	8041	28568
chrM	8041	8042	28560
chrM	8042	8043	28335
chrM	8043	8044	28295
chrM	8044	8045	28260
chrM	8045	8046	28258
chrM	8046	8047	27543
chrM	8047	8048	27309
chrM	8048	8049	26875
chrM	8049	8050	26317
chrM	8050	8051	26179
chrM	8051	8052	26094
chrM	8052	8053	26008
chrM	8053	8054	25927
chrM	8054	8055	25841
chrM	8055	8056	25811
chrM	8056	8057	25806
chrM	8057	8058	25791
chrM	8058	8059	25790
chrM	8059	8060	25785
chrM	8060	8061	25762
chrM	8061	8062	25690
chrM	8062	8063	25653
chrM	8063	8064	25651
chrM	8064	8065	25651
chrM	8065	8066	25650
chrM	8066	8067	25642
chrM	8067	8068	25637
chrM	8068	8069	25634
chrM	8069	8070	25629
chrM	8070	8071	25626
chrM	8071	8072	25626
chrM	8072	8073	25626
chrM	8073	8074	25627
chrM	8074	8075	25632
chrM	8075	8076	25625
chrM	8076	8077	25629
chrM	8077	8078	25621
chrM	8078	8079	25618
chrM	8079	8080	25617
chrM	8080	8081	25614
chrM	8081	8082	25549
chrM	8082	8083	25521
chrM	8083	8084	25508
chrM	8084	8085	24042
chrM	8085	8086	24039
chrM	8086	8087	23964
chrM	8087	8088	23953
chrM	8088	8089	23940
chrM	8089	8090	23922
chrM	8090	8091	23940
chrM	8091	8092	23926
chrM	8092	8093	23904
chrM	8093	8094	23797
chrM	8094	8095	23788
chrM	8095	8096	23767
chrM	8096	8097	23743
chrM	8097	8098	23406
chrM	8098	8099	23397
chrM	8099	8100	23397
chrM	8100	8101	23383
chrM	8101	8102	23369
chrM	8102	8103	23332
chrM	8103	8104	23231
chrM	8104	8105	22744
chrM	8105	8106	22516
chrM	8106	8107	22268
chrM	8107	8108	22165
chrM	8108	8109	22146
chrM	8109	8110	22144
chrM	8110	8111	22144
chrM	8111	8112	22143
chrM	8112	8113	22142
chrM	8113	8114	22142
chrM	8114	8115	22140
chrM	8115	8116	22140
chrM	8116	8117	22140
chrM	8117	8118	22140
chrM	8118	8119	22140
chrM	8119	8120	22140
chrM	8120	8121	22140
chrM	8121	8122	22140
chrM	8122	8123	22138
chrM	8123	8124	22022
chrM	8124	8125	22017
chrM	8125	8126	21972
chrM	8126	8127	21964
chrM	8127	8128	21959
chrM	8128	8129	21958
chrM	8129	8130	21948
chrM	8130	8131	21933
chrM	8131	8132	21915
chrM	8132	8133	21816
chrM	8133	8134	21805
chrM	8134	8135	21649
chrM	8135	8136	21474
chrM	8136	8137	21420
chrM	8137	8138	21396
chrM	8138	8139	21181
chrM	8139	8140	21002
chrM	8140	8141	20952
chrM	8141	8142	20965
chrM	8142	8143	20943
chrM	8143	8144	20903
chrM	8144	8145	20735
chrM	8145	8146	20662
chrM	8146	8147	20588
chrM	8147	8148	20536
chrM	8148	8149	20516
chrM	8149	8150	20499
chrM	8150	8151	20345
chrM	8151	8152	20312
chrM	8152	8153	20179
chrM	8153	8154	19994
chrM	8154	8155	19941
chrM	8155	8156	19923
chrM	8156	8157	19929
chrM	8157	8158	19940
chrM	8158	8159	19934
chrM	8159	8160	19914
chrM	8160	8161	19805
chrM	8161	8162	19351
chrM	8162	8163	19242
chrM	8163	8164	19059
chrM	8164	8165	18879
chrM	8165	8166	18809
chrM	8166	8167	18316
chrM	8167	8168	18034
chrM	8168	8169	17952
chrM	8169	8170	17896
chrM	8170	8171	17894
chrM	8171	8172	17893
chrM	8172	8173	17893
chrM	8173	8174	17892
chrM	8174	8175	17886
chrM	8175	8176	17887
chrM	8176	8177	17924
chrM	8177	8178	17917
chrM	8178	8179	17918
chrM	8179	8180	17917
chrM	8180	8181	17916
chrM	8181	8182	17914
chrM	8182	8183	17913
chrM	8183	8184	17912
chrM	8184	8185	17905
chrM	8185	8186	17905
chrM	8186	8187	17905
chrM	8187	8188	17899
chrM	8188	8189	17900
chrM	8189	8190	17900
chrM	8190	8191	17899
chrM	8191	8192	17899
chrM	8192	8193	17897
chrM	8193	8194	17897
chrM	8194	8195	17897
chrM	8195	8196	17899
chrM	8196	8197	17899
chrM	8197	8198	17899
chrM	8198	8199	17899
chrM	8199	8200	17899
chrM	8200	8201	17899
chrM	8201	8202	17899
chrM	8202	8203	17901
chrM	8203	8204	17902
chrM	8204	8205	17900
chrM	8205	8206	17900
chrM	8206	8207	17899
chrM	8207	8208	18029
chrM	8208	8209	18029
chrM	8209	8210	18027
chrM	8210	8211	18025
chrM	8211	8212	18022
chrM	8212	8213	18012
chrM	8213	8214	18002
chrM	8214	8215	17996
chrM	8215	8216	17994
chrM	8216	8217	17994
chrM	8217	8218	17994
chrM	8218	8219	17994
chrM	8219	8220	17994
chrM	8220	8221	17994
chrM	8221	8222	17994
chrM	8222	8223	17992
chrM	8223	8224	17992
chrM	8224	8225	17992
chrM	8225	8226	17992
chrM	8226	8227	17992
chrM	8227	8228	17991
chrM	8228	8229	17991
chrM	8229	8230	17993
chrM	8230	8231	17993
chrM	8231	8232	17994
chrM	8232	8233	17994
chrM	8233	8234	17993
chrM	8234	8235	17991
chrM	8235	8236	17992
chrM	8236	8237	17993
chrM	8237	8238	17993
chrM	8238	8239	17995
chrM	8239	8240	17995
chrM	8240	8241	17995
chrM	8241	8242	18035
chrM	8242	8243	18036
chrM	8243	8244	18036
chrM	8244	8245	18035
chrM	8245	8246	18036
chrM	8246	8247	18036
chrM	8247	8248	18037
chrM	8248	8249	18038
chrM	8249	8250	18044
chrM	8250	8251	18053
chrM	8251	8252	18054
chrM	8252	8253	18054
chrM	8253	8254	18062
chrM	8254	8255	18062
chrM	8255	8256	18064
chrM	8256	8257	18070
chrM	8257	8258	18071
chrM	8258	8259	18072
chrM	8259	8260	18079
chrM	8260	8261	18078
chrM	8261	8262	18102
chrM	8262	8263	18087
chrM	8263	8264	18089
chrM	8264	8265	18089
chrM	8265	8266	18086
chrM	8266	8267	18094
chrM	8267	8268	18089
chrM	8268	8269	18086
chrM	8269	8270	18063
chrM	8270	8271	18018
chrM	8271	8272	18008
chrM	8272	8273	18005
chrM	8273	8274	18009
chrM	8274	8275	18009
chrM	8275	8276	18005
chrM	8276	8277	18009
chrM	8277	8278	18004
chrM	8278	8279	18003
chrM	8279	8280	17999
chrM	8280	8281	17998
chrM	8281	8282	17998
chrM	8282	8283	17998
chrM	8283	8284	17997
chrM	8284	8285	17997
chrM	8285	8286	17997
chrM	8286	8287	17997
chrM	8287	8288	17996
chrM	8288	8289	17996
chrM	8289	8290	17995
chrM	8290	8291	17995
chrM	8291	8292	17995
chrM	8292	8293	17994
chrM	8293	8294	17996
chrM	8294	8295	17996
chrM	8295	8296	17996
chrM	8296	8297	17996
chrM	8297	8298	17998
chrM	8298	8299	18001
chrM	8299	8300	18003
chrM	8300	8301	18012
chrM	8301	8302	18014
chrM	8302	8303	18014
chrM	8303	8304	18016
chrM	8304	8305	18025
chrM	8305	8306	18041
chrM	8306	8307	18060
chrM	8307	8308	18060
chrM	8308	8309	18061
chrM	8309	8310	18061
chrM	8310	8311	18061
chrM	8311	8312	18059
chrM	8312	8313	18059
chrM	8313	8314	18060
chrM	8314	8315	18064
chrM	8315	8316	18072
chrM	8316	8317	18107
chrM	8317	8318	18173
chrM	8318	8319	18252
chrM	8319	8320	18265
chrM	8320	8321	18271
chrM	8321	8322	18275
chrM	8322	8323	18289
chrM	8323	8324	18316
chrM	8324	8325	18316
chrM	8325	8326	18324
chrM	8326	8327	18322
chrM	8327	8328	18974
chrM	8328	8329	18977
chrM	8329	8330	18969
chrM	8330	8331	18987
chrM	8331	8332	18991
chrM	8332	8333	18993
chrM	8333	8334	18995
chrM	8334	8335	19009
chrM	8335	8336	19019
chrM	8336	8337	19027
chrM	8337	8338	19050
chrM	8338	8339	19058
chrM	8339	8340	19201
chrM	8340	8341	19201
chrM	8341	8342	19206
chrM	8342	8343	19205
chrM	8343	8344	19202
chrM	8344	8345	19202
chrM	8345	8346	19202
chrM	8346	8347	19206
chrM	8347	8348	19208
chrM	8348	8349	19208
chrM	8349	8350	19208
chrM	8350	8351	19208
chrM	8351	8352	19208
chrM	8352	8353	19209
chrM	8353	8354	19209
chrM	8354	8355	19212
chrM	8355	8356	19221
chrM	8356	8357	19223
chrM	8357	8358	19407
chrM	8358	8359	19445
chrM	8359	8360	19491
chrM	8360	8361	19514
chrM	8361	8362	19522
chrM	8362	8363	19522
chrM	8363	8364	19620
chrM	8364	8365	19624
chrM	8365	8366	19625
chrM	8366	8367	19638
chrM	8367	8368	19646
chrM	8368	8369	19651
chrM	8369	8370	19660
chrM	8370	8371	19675
chrM	8371	8372	19718
chrM	8372	8373	19762
chrM	8373	8374	19770
chrM	8374	8375	19932
chrM	8375	8376	19935
chrM	8376	8377	19933
chrM	8377	8378	19931
chrM	8378	8379	19965
chrM	8379	8380	19961
chrM	8380	8381	20024
chrM	8381	8382	20024
chrM	8382	8383	20027
chrM	8383	8384	20028
chrM	8384	8385	20030
chrM	8385	8386	20032
chrM	8386	8387	20042
chrM	8387	8388	20139
chrM	8388	8389	20143
chrM	8389	8390	20190
chrM	8390	8391	20193
chrM	8391	8392	20224
chrM	8392	8393	20230
chrM	8393	8394	20255
chrM	8394	8395	20261
chrM	8395	8396	20266
chrM	8396	8397	20278
chrM	8397	8398	20282
chrM	8398	8399	20317
chrM	8399	8400	20334
chrM	8400	8401	20339
chrM	8401	8402	20380
chrM	8402	8403	20383
chrM	8403	8404	20485
chrM	8404	8405	20794
chrM	8405	8406	20824
chrM	8406	8407	20821
chrM	8407	8408	20830
chrM	8408	8409	20830
chrM	8409	8410	20830
chrM	8410	8411	20829
chrM	8411	8412	20845
chrM	8412	8413	20874
chrM	8413	8414	20891
chrM	8414	8415	20892
chrM	8415	8416	20927
chrM	8416	8417	20928
chrM	8417	8418	20926
chrM	8418	8419	20926
chrM	8419	8420	20940
chrM	8420	8421	20943
chrM	8421	8422	21382
chrM	8422	8423	21383
chrM	8423	8424	21382
chrM	8424	8425	21382
chrM	8425	8426	21384
chrM	8426	8427	21386
chrM	8427	8428	21392
chrM	8428	8429	21395
chrM	8429	8430	21408
chrM	8430	8431	21411
chrM	8431	8432	21756
chrM	8432	8433	21756
chrM	8433	8434	21804
chrM	8434	8435	21840
chrM	8435	8436	21857
chrM	8436	8437	21861
chrM	8437	8438	21872
chrM	8438	8439	21947
chrM	8439	8440	22044
chrM	8440	8441	22015
chrM	8441	8442	22006
chrM	8442	8443	22284
chrM	8443	8444	22281
chrM	8444	8445	22252
chrM	8445	8446	22259
chrM	8446	8447	22306
chrM	8447	8448	22311
chrM	8448	8449	22318
chrM	8449	8450	22321
chrM	8450	8451	22441
chrM	8451	8452	22446
chrM	8452	8453	22449
chrM	8453	8454	22453
chrM	8454	8455	22453
chrM	8455	8456	22454
chrM	8456	8457	22455
chrM	8457	8458	22456
chrM	8458	8459	22459
chrM	8459	8460	22460
chrM	8460	8461	22464
chrM	8461	8462	22465
chrM	8462	8463	22468
chrM	8463	8464	22470
chrM	8464	8465	22477
chrM	8465	8466	22480
chrM	8466	8467	22482
chrM	8467	8468	22487
chrM	8468	8469	22504
chrM	8469	8470	22504
chrM	8470	8471	22783
chrM	8471	8472	22835
chrM	8472	8473	22854
chrM	8473	8474	22878
chrM	8474	8475	22949
chrM	8475	8476	23056
chrM	8476	8477	23220
chrM	8477	8478	23307
chrM	8478	8479	23345
chrM	8479	8480	23359
chrM	8480	8481	24747
chrM	8481	8482	24789
chrM	8482	8483	24839
chrM	8483	8484	24844
chrM	8484	8485	24850
chrM	8485	8486	24871
chrM	8486	8487	24872
chrM	8487	8488	24872
chrM	8488	8489	24872
chrM	8489	8490	24872
chrM	8490	8491	24872
chrM	8491	8492	24880
chrM	8492	8493	24887
chrM	8493	8494	24892
chrM	8494	8495	24961
chrM	8495	8496	24964
chrM	8496	8497	24963
chrM	8497	8498	24979
chrM	8498	8499	24980
chrM	8499	8500	25024
chrM	8500	8501	25021
chrM	8501	8502	25030
chrM	8502	8503	25030
chrM	8503	8504	25033
chrM	8504	8505	25032
chrM	8505	8506	25073
chrM	8506	8507	25080
chrM	8507	8508	25080
chrM	8508	8509	25081
chrM	8509	8510	25098
chrM	8510	8511	25109
chrM	8511	8512	25145
chrM	8512	8513	25164
chrM	8513	8514	25165
chrM	8514	8515	25165
chrM	8515	8516	25164
chrM	8516	8517	25176
chrM	8517	8518	25179
chrM	8518	8519	25178
chrM	8519	8520	25265
chrM	8520	8521	25265
chrM	8521	8522	25265
chrM	8522	8523	25265
chrM	8523	8524	25262
chrM	8524	8525	25262
chrM	8525	8526	25264
chrM	8526	8527	25269
chrM	8527	8528	25273
chrM	8528	8529	25278
chrM	8529	8530	25278
chrM	8530	8531	25285
chrM	8531	8532	25305
chrM	8532	8533	25307
chrM	8533	8534	25315
chrM	8534	8535	25323
chrM	8535	8536	25339
chrM	8536	8537	25353
chrM	8537	8538	25356
chrM	8538	8539	25366
chrM	8539	8540	25369
chrM	8540	8541	25968
chrM	8541	8542	26021
chrM	8542	8543	26035
chrM	8543	8544	26068
chrM	8544	8545	26134
chrM	8545	8546	26136
chrM	8546	8547	26139
chrM	8547	8548	26140
chrM	8548	8549	26140
chrM	8549	8550	26122
chrM	8550	8551	26144
chrM	8551	8552	26169
chrM	8552	8553	26251
chrM	8553	8554	26259
chrM	8554	8555	26290
chrM	8555	8556	26337
chrM	8556	8557	26437
chrM	8557	8558	26445
chrM	8558	8559	26473
chrM	8559	8560	26705
chrM	8560	8561	26696
chrM	8561	8562	26688
chrM	8562	8563	26789
chrM	8563	8564	26803
chrM	8564	8565	26804
chrM	8565	8566	26811
chrM	8566	8567	26812
chrM	8567	8568	26815
chrM	8568	8569	26914
chrM	8569	8570	26937
chrM	8570	8571	26976
chrM	8571	8572	27025
chrM	8572	8573	27480
chrM	8573	8574	27487
chrM	8574	8575	27487
chrM	8575	8576	27446
chrM	8576	8577	27407
chrM	8577	8578	27361
chrM	8578	8579	27349
chrM	8579	8580	27354
chrM	8580	8581	27357
chrM	8581	8582	27369
chrM	8582	8583	27387
chrM	8583	8584	27410
chrM	8584	8585	27437
chrM	8585	8586	27498
chrM	8586	8587	27483
chrM	8587	8588	27523
chrM	8588	8589	27517
chrM	8589	8590	27146
chrM	8590	8591	27131
chrM	8591	8592	27108
chrM	8592	8593	26745
chrM	8593	8594	26272
chrM	8594	8595	26228
chrM	8595	8596	26224
chrM	8596	8597	26221
chrM	8597	8598	26224
chrM	8598	8599	26227
chrM	8599	8600	26227
chrM	8600	8601	26228
chrM	8601	8602	26227
chrM	8602	8603	26243
chrM	8603	8604	26248
chrM	8604	8605	26249
chrM	8605	8606	26228
chrM	8606	8607	26222
chrM	8607	8608	26219
chrM	8608	8609	26206
chrM	8609	8610	26198
chrM	8610	8611	26178
chrM	8611	8612	26175
chrM	8612	8613	26112
chrM	8613	8614	25779
chrM	8614	8615	25763
chrM	8615	8616	25747
chrM	8616	8617	25702
chrM	8617	8618	25674
chrM	8618	8619	25679
chrM	8619	8620	25682
chrM	8620	8621	25683
chrM	8621	8622	25668
chrM	8622	8623	25656
chrM	8623	8624	25611
chrM	8624	8625	25558
chrM	8625	8626	25472
chrM	8626	8627	25416
chrM	8627	8628	25373
chrM	8628	8629	25366
chrM	8629	8630	25360
chrM	8630	8631	25351
chrM	8631	8632	25311
chrM	8632	8633	25306
chrM	8633	8634	24550
chrM	8634	8635	24446
chrM	8635	8636	24429
chrM	8636	8637	24410
chrM	8637	8638	24401
chrM	8638	8639	24398
chrM	8639	8640	24397
chrM	8640	8641	24387
chrM	8641	8642	24372
chrM	8642	8643	24360
chrM	8643	8644	24364
chrM	8644	8645	24370
chrM	8645	8646	24375
chrM	8646	8647	24365
chrM	8647	8648	24370
chrM	8648	8649	24372
chrM	8649	8650	24370
chrM	8650	8651	24143
chrM	8651	8652	23631
chrM	8652	8653	20332
chrM	8653	8654	19967
chrM	8654	8655	19953
chrM	8655	8656	19952
chrM	8656	8657	19951
chrM	8657	8658	19953
chrM	8658	8659	19955
chrM	8659	8660	20636
chrM	8660	8661	20710
chrM	8661	8662	20707
chrM	8662	8663	20704
chrM	8663	8664	20671
chrM	8664	8665	20400
chrM	8665	8666	20149
chrM	8666	8667	20109
chrM	8667	8668	20036
chrM	8668	8669	20034
chrM	8669	8670	20034
chrM	8670	8671	20035
chrM	8671	8672	20035
chrM	8672	8673	20030
chrM	8673	8674	20026
chrM	8674	8675	20026
chrM	8675	8676	20021
chrM	8676	8677	20020
chrM	8677	8678	20018
chrM	8678	8679	20017
chrM	8679	8680	20016
chrM	8680	8681	20016
chrM	8681	8682	20016
chrM	8682	8683	20016
chrM	8683	8684	20021
chrM	8684	8685	20020
chrM	8685	8686	20038
chrM	8686	8687	20039
chrM	8687	8688	20039
chrM	8688	8689	20034
chrM	8689	8690	20034
chrM	8690	8691	20021
chrM	8691	8692	19824
chrM	8692	8693	19731
chrM	8693	8694	19695
chrM	8694	8695	19693
chrM	8695	8696	19695
chrM	8696	8697	19703
chrM	8697	8698	19709
chrM	8698	8699	19648
chrM	8699	8700	19638
chrM	8700	8701	19646
chrM	8701	8702	19637
chrM	8702	8703	19622
chrM	8703	8704	19624
chrM	8704	8705	19616
chrM	8705	8706	19582
chrM	8706	8707	19591
chrM	8707	8708	19597
chrM	8708	8709	19597
chrM	8709	8710	19593
chrM	8710	8711	19587
chrM	8711	8712	19589
chrM	8712	8713	19586
chrM	8713	8714	19585
chrM	8714	8715	19584
chrM	8715	8716	19584
chrM	8716	8717	19584
chrM	8717	8718	19584
chrM	8718	8719	19581
chrM	8719	8720	19579
chrM	8720	8721	19579
chrM	8721	8722	19579
chrM	8722	8723	19579
chrM	8723	8724	19579
chrM	8724	8725	19579
chrM	8725	8726	19578
chrM	8726	8727	19578
chrM	8727	8728	19579
chrM	8728	8729	19579
chrM	8729	8730	19579
chrM	8730	8731	19579
chrM	8731	8732	19580
chrM	8732	8733	19580
chrM	8733	8734	19576
chrM	8734	8735	19578
chrM	8735	8736	19580
chrM	8736	8737	19580
chrM	8737	8738	19579
chrM	8738	8739	19577
chrM	8739	8740	19565
chrM	8740	8741	19558
chrM	8741	8742	19543
chrM	8742	8743	19516
chrM	8743	8744	19516
chrM	8744	8745	19513
chrM	8745	8746	19513
chrM	8746	8747	19513
chrM	8747	8748	19513
chrM	8748	8749	19513
chrM	8749	8750	19507
chrM	8750	8751	19497
chrM	8751	8752	19307
chrM	8752	8753	19292
chrM	8753	8754	19289
chrM	8754	8755	19275
chrM	8755	8756	19255
chrM	8756	8757	19247
chrM	8757	8758	19247
chrM	8758	8759	19245
chrM	8759	8760	19252
chrM	8760	8761	19252
chrM	8761	8762	19362
chrM	8762	8763	19362
chrM	8763	8764	19363
chrM	8764	8765	19364
chrM	8765	8766	19385
chrM	8766	8767	19413
chrM	8767	8768	19436
chrM	8768	8769	19436
chrM	8769	8770	19440
chrM	8770	8771	19439
chrM	8771	8772	19437
chrM	8772	8773	19403
chrM	8773	8774	19335
chrM	8774	8775	19288
chrM	8775	8776	19147
chrM	8776	8777	19134
chrM	8777	8778	19118
chrM	8778	8779	19107
chrM	8779	8780	19093
chrM	8780	8781	19075
chrM	8781	8782	18857
chrM	8782	8783	18651
chrM	8783	8784	18618
chrM	8784	8785	18599
chrM	8785	8786	18597
chrM	8786	8787	18596
chrM	8787	8788	18578
chrM	8788	8789	18573
chrM	8789	8790	18563
chrM	8790	8791	18537
chrM	8791	8792	18464
chrM	8792	8793	18444
chrM	8793	8794	18439
chrM	8794	8795	18437
chrM	8795	8796	18436
chrM	8796	8797	18436
chrM	8797	8798	18442
chrM	8798	8799	18446
chrM	8799	8800	18441
chrM	8800	8801	18439
chrM	8801	8802	18401
chrM	8802	8803	18396
chrM	8803	8804	18412
chrM	8804	8805	18411
chrM	8805	8806	18413
chrM	8806	8807	18413
chrM	8807	8808	18408
chrM	8808	8809	18397
chrM	8809	8810	18381
chrM	8810	8811	18380
chrM	8811	8812	18380
chrM	8812	8813	18379
chrM	8813	8814	18379
chrM	8814	8815	18378
chrM	8815	8816	18433
chrM	8816	8817	18431
chrM	8817	8818	18435
chrM	8818	8819	18439
chrM	8819	8820	18440
chrM	8820	8821	18440
chrM	8821	8822	18483
chrM	8822	8823	18487
chrM	8823	8824	18490
chrM	8824	8825	18508
chrM	8825	8826	18512
chrM	8826	8827	18534
chrM	8827	8828	18538
chrM	8828	8829	18538
chrM	8829	8830	18537
chrM	8830	8831	18537
chrM	8831	8832	18537
chrM	8832	8833	18535
chrM	8833	8834	18535
chrM	8834	8835	18535
chrM	8835	8836	18534
chrM	8836	8837	18536
chrM	8837	8838	18536
chrM	8838	8839	18540
chrM	8839	8840	18543
chrM	8840	8841	18543
chrM	8841	8842	18543
chrM	8842	8843	18543
chrM	8843	8844	18544
chrM	8844	8845	18545
chrM	8845	8846	18547
chrM	8846	8847	18562
chrM	8847	8848	18570
chrM	8848	8849	18573
chrM	8849	8850	18576
chrM	8850	8851	18577
chrM	8851	8852	18583
chrM	8852	8853	18584
chrM	8853	8854	18584
chrM	8854	8855	18584
chrM	8855	8856	18586
chrM	8856	8857	18586
chrM	8857	8858	18587
chrM	8858	8859	18596
chrM	8859	8860	18602
chrM	8860	8861	18615
chrM	8861	8862	18618
chrM	8862	8863	18647
chrM	8863	8864	18723
chrM	8864	8865	18766
chrM	8865	8866	18848
chrM	8866	8867	19276
chrM	8867	8868	19353
chrM	8868	8869	23441
chrM	8869	8870	23593
chrM	8870	8871	23791
chrM	8871	8872	23964
chrM	8872	8873	25317
chrM	8873	8874	25483
chrM	8874	8875	25587
chrM	8875	8876	25706
chrM	8876	8877	25731
chrM	8877	8878	25735
chrM	8878	8879	26331
chrM	8879	8880	26333
chrM	8880	8881	26339
chrM	8881	8882	26477
chrM	8882	8883	26487
chrM	8883	8884	26493
chrM	8884	8885	26543
chrM	8885	8886	26567
chrM	8886	8887	26758
chrM	8887	8888	26787
chrM	8888	8889	28770
chrM	8889	8890	28777
chrM	8890	8891	28782
chrM	8891	8892	28782
chrM	8892	8893	28784
chrM	8893	8894	28942
chrM	8894	8895	28970
chrM	8895	8896	29008
chrM	8896	8897	29015
chrM	8897	8898	29026
chrM	8898	8899	29027
chrM	8899	8900	29027
chrM	8900	8901	29042
chrM	8901	8902	29127
chrM	8902	8903	29139
chrM	8903	8904	29166
chrM	8904	8905	29219
chrM	8905	8906	29265
chrM	8906	8907	29276
chrM	8907	8908	29279
chrM	8908	8909	29280
chrM	8909	8910	29290
chrM	8910	8911	29286
chrM	8911	8912	29302
chrM	8912	8913	29402
chrM	8913	8914	29431
chrM	8914	8915	29432
chrM	8915	8916	29437
chrM	8916	8917	29445
chrM	8917	8918	29445
chrM	8918	8919	29443
chrM	8919	8920	29449
chrM	8920	8921	29594
chrM	8921	8922	29601
chrM	8922	8923	29604
chrM	8923	8924	29604
chrM	8924	8925	29604
chrM	8925	8926	29604
chrM	8926	8927	29610
chrM	8927	8928	29610
chrM	8928	8929	29711
chrM	8929	8930	29719
chrM	8930	8931	29736
chrM	8931	8932	29788
chrM	8932	8933	29992
chrM	8933	8934	30006
chrM	8934	8935	30073
chrM	8935	8936	30030
chrM	8936	8937	30042
chrM	8937	8938	30041
chrM	8938	8939	30044
chrM	8939	8940	30040
chrM	8940	8941	30049
chrM	8941	8942	30061
chrM	8942	8943	30070
chrM	8943	8944	30150
chrM	8944	8945	30197
chrM	8945	8946	30502
chrM	8946	8947	30516
chrM	8947	8948	30522
chrM	8948	8949	30518
chrM	8949	8950	30509
chrM	8950	8951	30503
chrM	8951	8952	30491
chrM	8952	8953	30485
chrM	8953	8954	30481
chrM	8954	8955	30480
chrM	8955	8956	30480
chrM	8956	8957	30482
chrM	8957	8958	30484
chrM	8958	8959	30484
chrM	8959	8960	30484
chrM	8960	8961	30485
chrM	8961	8962	30498
chrM	8962	8963	30527
chrM	8963	8964	30648
chrM	8964	8965	30677
chrM	8965	8966	30688
chrM	8966	8967	30705
chrM	8967	8968	30722
chrM	8968	8969	30731
chrM	8969	8970	30851
chrM	8970	8971	30865
chrM	8971	8972	30900
chrM	8972	8973	31237
chrM	8973	8974	31274
chrM	8974	8975	31274
chrM	8975	8976	31116
chrM	8976	8977	30884
chrM	8977	8978	30781
chrM	8978	8979	30758
chrM	8979	8980	30735
chrM	8980	8981	30734
chrM	8981	8982	30712
chrM	8982	8983	30718
chrM	8983	8984	30720
chrM	8984	8985	30721
chrM	8985	8986	30719
chrM	8986	8987	30720
chrM	8987	8988	30718
chrM	8988	8989	30717
chrM	8989	8990	30720
chrM	8990	8991	30725
chrM	8991	8992	30726
chrM	8992	8993	30766
chrM	8993	8994	30774
chrM	8994	8995	30787
chrM	8995	8996	30789
chrM	8996	8997	30790
chrM	8997	8998	30794
chrM	8998	8999	30814
chrM	8999	9000	30815
chrM	9000	9001	30891
chrM	9001	9002	30943
chrM	9002	9003	31025
chrM	9003	9004	31509
chrM	9004	9005	31708
chrM	9005	9006	31676
chrM	9006	9007	31496
chrM	9007	9008	29199
chrM	9008	9009	28821
chrM	9009	9010	28749
chrM	9010	9011	28721
chrM	9011	9012	28722
chrM	9012	9013	28740
chrM	9013	9014	28747
chrM	9014	9015	28816
chrM	9015	9016	28843
chrM	9016	9017	28834
chrM	9017	9018	28862
chrM	9018	9019	28888
chrM	9019	9020	28943
chrM	9020	9021	28935
chrM	9021	9022	28956
chrM	9022	9023	28935
chrM	9023	9024	26429
chrM	9024	9025	26171
chrM	9025	9026	26120
chrM	9026	9027	26115
chrM	9027	9028	26143
chrM	9028	9029	26265
chrM	9029	9030	26282
chrM	9030	9031	26347
chrM	9031	9032	26384
chrM	9032	9033	26443
chrM	9033	9034	26489
chrM	9034	9035	26342
chrM	9035	9036	26776
chrM	9036	9037	26553
chrM	9037	9038	26191
chrM	9038	9039	25885
chrM	9039	9040	25884
chrM	9040	9041	25908
chrM	9041	9042	25909
chrM	9042	9043	25909
chrM	9043	9044	25902
chrM	9044	9045	25906
chrM	9045	9046	25844
chrM	9046	9047	25842
chrM	9047	9048	25815
chrM	9048	9049	25784
chrM	9049	9050	25801
chrM	9050	9051	25852
chrM	9051	9052	26079
chrM	9052	9053	26373
chrM	9053	9054	26617
chrM	9054	9055	26706
chrM	9055	9056	26807
chrM	9056	9057	26975
chrM	9057	9058	26798
chrM	9058	9059	26780
chrM	9059	9060	26799
chrM	9060	9061	26783
chrM	9061	9062	26819
chrM	9062	9063	26873
chrM	9063	9064	26890
chrM	9064	9065	26832
chrM	9065	9066	26461
chrM	9066	9067	26133
chrM	9067	9068	26099
chrM	9068	9069	26113
chrM	9069	9070	26109
chrM	9070	9071	26138
chrM	9071	9072	26137
chrM	9072	9073	26134
chrM	9073	9074	26134
chrM	9074	9075	26137
chrM	9075	9076	26150
chrM	9076	9077	26161
chrM	9077	9078	26184
chrM	9078	9079	26215
chrM	9079	9080	26242
chrM	9080	9081	26243
chrM	9081	9082	26242
chrM	9082	9083	26249
chrM	9083	9084	26248
chrM	9084	9085	26247
chrM	9085	9086	26245
chrM	9086	9087	26246
chrM	9087	9088	26247
chrM	9088	9089	26248
chrM	9089	9090	26280
chrM	9090	9091	26292
chrM	9091	9092	26577
chrM	9092	9093	26597
chrM	9093	9094	26647
chrM	9094	9095	26714
chrM	9095	9096	26780
chrM	9096	9097	27021
chrM	9097	9098	27415
chrM	9098	9099	27205
chrM	9099	9100	27632
chrM	9100	9101	27567
chrM	9101	9102	27518
chrM	9102	9103	27553
chrM	9103	9104	27552
chrM	9104	9105	27469
chrM	9105	9106	27032
chrM	9106	9107	26914
chrM	9107	9108	26773
chrM	9108	9109	26564
chrM	9109	9110	26528
chrM	9110	9111	26532
chrM	9111	9112	26533
chrM	9112	9113	26533
chrM	9113	9114	26535
chrM	9114	9115	26534
chrM	9115	9116	26533
chrM	9116	9117	26538
chrM	9117	9118	26411
chrM	9118	9119	26409
chrM	9119	9120	26411
chrM	9120	9121	26411
chrM	9121	9122	26410
chrM	9122	9123	26412
chrM	9123	9124	26415
chrM	9124	9125	26423
chrM	9125	9126	26437
chrM	9126	9127	26451
chrM	9127	9128	26456
chrM	9128	9129	26462
chrM	9129	9130	26478
chrM	9130	9131	26492
chrM	9131	9132	26512
chrM	9132	9133	26750
chrM	9133	9134	26813
chrM	9134	9135	26875
chrM	9135	9136	27216
chrM	9136	9137	27238
chrM	9137	9138	27247
chrM	9138	9139	27234
chrM	9139	9140	27262
chrM	9140	9141	27260
chrM	9141	9142	26995
chrM	9142	9143	26640
chrM	9143	9144	27145
chrM	9144	9145	27152
chrM	9145	9146	27149
chrM	9146	9147	27161
chrM	9147	9148	27137
chrM	9148	9149	27157
chrM	9149	9150	27156
chrM	9150	9151	27083
chrM	9151	9152	27384
chrM	9152	9153	27324
chrM	9153	9154	27327
chrM	9154	9155	27333
chrM	9155	9156	27311
chrM	9156	9157	27303
chrM	9157	9158	27307
chrM	9158	9159	27306
chrM	9159	9160	27297
chrM	9160	9161	27312
chrM	9161	9162	27309
chrM	9162	9163	27310
chrM	9163	9164	27309
chrM	9164	9165	27308
chrM	9165	9166	27311
chrM	9166	9167	27311
chrM	9167	9168	27310
chrM	9168	9169	27310
chrM	9169	9170	27308
chrM	9170	9171	27308
chrM	9171	9172	27310
chrM	9172	9173	27311
chrM	9173	9174	27316
chrM	9174	9175	27332
chrM	9175	9176	27352
chrM	9176	9177	27362
chrM	9177	9178	27396
chrM	9178	9179	27406
chrM	9179	9180	27409
chrM	9180	9181	27393
chrM	9181	9182	27491
chrM	9182	9183	27265
chrM	9183	9184	27252
chrM	9184	9185	27309
chrM	9185	9186	27302
chrM	9186	9187	27289
chrM	9187	9188	27282
chrM	9188	9189	27279
chrM	9189	9190	27280
chrM	9190	9191	27283
chrM	9191	9192	27278
chrM	9192	9193	27278
chrM	9193	9194	27278
chrM	9194	9195	27280
chrM	9195	9196	27278
chrM	9196	9197	27309
chrM	9197	9198	27337
chrM	9198	9199	27343
chrM	9199	9200	27442
chrM	9200	9201	27456
chrM	9201	9202	27500
chrM	9202	9203	27529
chrM	9203	9204	27550
chrM	9204	9205	27790
chrM	9205	9206	27809
chrM	9206	9207	27779
chrM	9207	9208	27777
chrM	9208	9209	27759
chrM	9209	9210	27128
chrM	9210	9211	24453
chrM	9211	9212	23571
chrM	9212	9213	23544
chrM	9213	9214	23538
chrM	9214	9215	23541
chrM	9215	9216	23542
chrM	9216	9217	23574
chrM	9217	9218	23653
chrM	9218	9219	23679
chrM	9219	9220	23792
chrM	9220	9221	23798
chrM	9221	9222	23815
chrM	9222	9223	23818
chrM	9223	9224	23823
chrM	9224	9225	23838
chrM	9225	9226	23851
chrM	9226	9227	23859
chrM	9227	9228	23868
chrM	9228	9229	23893
chrM	9229	9230	23920
chrM	9230	9231	23943
chrM	9231	9232	23956
chrM	9232	9233	23995
chrM	9233	9234	23974
chrM	9234	9235	23925
chrM	9235	9236	23928
chrM	9236	9237	24032
chrM	9237	9238	24037
chrM	9238	9239	24040
chrM	9239	9240	24040
chrM	9240	9241	24041
chrM	9241	9242	24044
chrM	9242	9243	24044
chrM	9243	9244	24063
chrM	9244	9245	24079
chrM	9245	9246	24081
chrM	9246	9247	24080
chrM	9247	9248	24081
chrM	9248	9249	24081
chrM	9249	9250	24067
chrM	9250	9251	24059
chrM	9251	9252	24056
chrM	9252	9253	24053
chrM	9253	9254	24047
chrM	9254	9255	24047
chrM	9255	9256	24048
chrM	9256	9257	24052
chrM	9257	9258	24056
chrM	9258	9259	24059
chrM	9259	9260	24075
chrM	9260	9261	24179
chrM	9261	9262	24596
chrM	9262	9263	24817
chrM	9263	9264	24850
chrM	9264	9265	25111
chrM	9265	9266	25129
chrM	9266	9267	25120
chrM	9267	9268	25110
chrM	9268	9269	25384
chrM	9269	9270	25442
chrM	9270	9271	25456
chrM	9271	9272	25525
chrM	9272	9273	25596
chrM	9273	9274	27538
chrM	9274	9275	27596
chrM	9275	9276	27609
chrM	9276	9277	27604
chrM	9277	9278	27568
chrM	9278	9279	27418
chrM	9279	9280	27359
chrM	9280	9281	27415
chrM	9281	9282	27416
chrM	9282	9283	27415
chrM	9283	9284	27423
chrM	9284	9285	27429
chrM	9285	9286	27456
chrM	9286	9287	27493
chrM	9287	9288	27509
chrM	9288	9289	27522
chrM	9289	9290	27588
chrM	9290	9291	27580
chrM	9291	9292	27592
chrM	9292	9293	27602
chrM	9293	9294	27646
chrM	9294	9295	27701
chrM	9295	9296	27811
chrM	9296	9297	27858
chrM	9297	9298	27967
chrM	9298	9299	27970
chrM	9299	9300	28871
chrM	9300	9301	28844
chrM	9301	9302	28804
chrM	9302	9303	28716
chrM	9303	9304	28042
chrM	9304	9305	27832
chrM	9305	9306	27732
chrM	9306	9307	27656
chrM	9307	9308	27643
chrM	9308	9309	27643
chrM	9309	9310	27645
chrM	9310	9311	27653
chrM	9311	9312	27687
chrM	9312	9313	27688
chrM	9313	9314	27689
chrM	9314	9315	27396
chrM	9315	9316	27444
chrM	9316	9317	27443
chrM	9317	9318	27456
chrM	9318	9319	27485
chrM	9319	9320	27664
chrM	9320	9321	27775
chrM	9321	9322	27960
chrM	9322	9323	28839
chrM	9323	9324	28966
chrM	9324	9325	28999
chrM	9325	9326	28990
chrM	9326	9327	28898
chrM	9327	9328	28795
chrM	9328	9329	28792
chrM	9329	9330	28785
chrM	9330	9331	28794
chrM	9331	9332	28800
chrM	9332	9333	28800
chrM	9333	9334	28801
chrM	9334	9335	28785
chrM	9335	9336	28770
chrM	9336	9337	28759
chrM	9337	9338	28752
chrM	9338	9339	28747
chrM	9339	9340	28747
chrM	9340	9341	28748
chrM	9341	9342	28749
chrM	9342	9343	28752
chrM	9343	9344	28752
chrM	9344	9345	28753
chrM	9345	9346	28755
chrM	9346	9347	28768
chrM	9347	9348	28770
chrM	9348	9349	28771
chrM	9349	9350	28774
chrM	9350	9351	28775
chrM	9351	9352	28776
chrM	9352	9353	28774
chrM	9353	9354	28774
chrM	9354	9355	28773
chrM	9355	9356	28774
chrM	9356	9357	28779
chrM	9357	9358	28789
chrM	9358	9359	28810
chrM	9359	9360	28843
chrM	9360	9361	28856
chrM	9361	9362	28858
chrM	9362	9363	28855
chrM	9363	9364	28853
chrM	9364	9365	28857
chrM	9365	9366	28860
chrM	9366	9367	28851
chrM	9367	9368	28857
chrM	9368	9369	28857
chrM	9369	9370	28856
chrM	9370	9371	28860
chrM	9371	9372	28864
chrM	9372	9373	28883
chrM	9373	9374	28977
chrM	9374	9375	29051
chrM	9375	9376	29116
chrM	9376	9377	29116
chrM	9377	9378	29113
chrM	9378	9379	29047
chrM	9379	9380	28806
chrM	9380	9381	25440
chrM	9381	9382	24804
chrM	9382	9383	24744
chrM	9383	9384	24731
chrM	9384	9385	24713
chrM	9385	9386	24699
chrM	9386	9387	24684
chrM	9387	9388	24834
chrM	9388	9389	25117
chrM	9389	9390	25177
chrM	9390	9391	25425
chrM	9391	9392	25414
chrM	9392	9393	25535
chrM	9393	9394	25440
chrM	9394	9395	25285
chrM	9395	9396	25109
chrM	9396	9397	25034
chrM	9397	9398	25031
chrM	9398	9399	25002
chrM	9399	9400	24993
chrM	9400	9401	24990
chrM	9401	9402	25000
chrM	9402	9403	25033
chrM	9403	9404	25272
chrM	9404	9405	25623
chrM	9405	9406	25927
chrM	9406	9407	25976
chrM	9407	9408	26019
chrM	9408	9409	26038
chrM	9409	9410	25935
chrM	9410	9411	25702
chrM	9411	9412	25616
chrM	9412	9413	25594
chrM	9413	9414	25597
chrM	9414	9415	25596
chrM	9415	9416	25936
chrM	9416	9417	25928
chrM	9417	9418	25725
chrM	9418	9419	25532
chrM	9419	9420	25561
chrM	9420	9421	25553
chrM	9421	9422	27588
chrM	9422	9423	27661
chrM	9423	9424	27766
chrM	9424	9425	28777
chrM	9425	9426	28994
chrM	9426	9427	29156
chrM	9427	9428	29226
chrM	9428	9429	29335
chrM	9429	9430	29648
chrM	9430	9431	29755
chrM	9431	9432	29338
chrM	9432	9433	30283
chrM	9433	9434	30335
chrM	9434	9435	30375
chrM	9435	9436	30378
chrM	9436	9437	30308
chrM	9437	9438	30254
chrM	9438	9439	30250
chrM	9439	9440	30228
chrM	9440	9441	30233
chrM	9441	9442	30232
chrM	9442	9443	30273
chrM	9443	9444	30291
chrM	9444	9445	30294
chrM	9445	9446	30298
chrM	9446	9447	30296
chrM	9447	9448	30303
chrM	9448	9449	30311
chrM	9449	9450	30316
chrM	9450	9451	30232
chrM	9451	9452	30362
chrM	9452	9453	30354
chrM	9453	9454	30335
chrM	9454	9455	30322
chrM	9455	9456	30308
chrM	9456	9457	30306
chrM	9457	9458	30310
chrM	9458	9459	30306
chrM	9459	9460	30186
chrM	9460	9461	30179
chrM	9461	9462	30175
chrM	9462	9463	30175
chrM	9463	9464	30175
chrM	9464	9465	30176
chrM	9465	9466	30182
chrM	9466	9467	30187
chrM	9467	9468	30190
chrM	9468	9469	30192
chrM	9469	9470	30190
chrM	9470	9471	30209
chrM	9471	9472	30207
chrM	9472	9473	30205
chrM	9473	9474	30204
chrM	9474	9475	30207
chrM	9475	9476	30208
chrM	9476	9477	30232
chrM	9477	9478	30237
chrM	9478	9479	30236
chrM	9479	9480	30238
chrM	9480	9481	30239
chrM	9481	9482	30238
chrM	9482	9483	30236
chrM	9483	9484	30224
chrM	9484	9485	30194
chrM	9485	9486	30136
chrM	9486	9487	30136
chrM	9487	9488	30125
chrM	9488	9489	30116
chrM	9489	9490	30073
chrM	9490	9491	29976
chrM	9491	9492	29834
chrM	9492	9493	29834
chrM	9493	9494	29831
chrM	9494	9495	29838
chrM	9495	9496	29841
chrM	9496	9497	29843
chrM	9497	9498	29677
chrM	9498	9499	29910
chrM	9499	9500	30224
chrM	9500	9501	30316
chrM	9501	9502	30885
chrM	9502	9503	30941
chrM	9503	9504	30949
chrM	9504	9505	30802
chrM	9505	9506	30756
chrM	9506	9507	30741
chrM	9507	9508	30842
chrM	9508	9509	30851
chrM	9509	9510	30857
chrM	9510	9511	30846
chrM	9511	9512	30897
chrM	9512	9513	30897
chrM	9513	9514	30892
chrM	9514	9515	30919
chrM	9515	9516	30877
chrM	9516	9517	30882
chrM	9517	9518	30877
chrM	9518	9519	30876
chrM	9519	9520	30870
chrM	9520	9521	30864
chrM	9521	9522	30857
chrM	9522	9523	30849
chrM	9523	9524	30846
chrM	9524	9525	30845
chrM	9525	9526	30847
chrM	9526	9527	30846
chrM	9527	9528	30845
chrM	9528	9529	30846
chrM	9529	9530	30847
chrM	9530	9531	30843
chrM	9531	9532	30853
chrM	9532	9533	30853
chrM	9533	9534	30853
chrM	9534	9535	30851
chrM	9535	9536	30852
chrM	9536	9537	30857
chrM	9537	9538	30857
chrM	9538	9539	30863
chrM	9539	9540	30894
chrM	9540	9541	30910
chrM	9541	9542	31010
chrM	9542	9543	31054
chrM	9543	9544	31059
chrM	9544	9545	31063
chrM	9545	9546	30980
chrM	9546	9547	30929
chrM	9547	9548	31291
chrM	9548	9549	31383
chrM	9549	9550	31429
chrM	9550	9551	31454
chrM	9551	9552	31452
chrM	9552	9553	31997
chrM	9553	9554	31913
chrM	9554	9555	31833
chrM	9555	9556	32356
chrM	9556	9557	32333
chrM	9557	9558	31451
chrM	9558	9559	31551
chrM	9559	9560	31638
chrM	9560	9561	31669
chrM	9561	9562	31609
chrM	9562	9563	30892
chrM	9563	9564	30684
chrM	9564	9565	30575
chrM	9565	9566	30522
chrM	9566	9567	30390
chrM	9567	9568	30380
chrM	9568	9569	30380
chrM	9569	9570	30385
chrM	9570	9571	30387
chrM	9571	9572	30397
chrM	9572	9573	30493
chrM	9573	9574	30773
chrM	9574	9575	30970
chrM	9575	9576	31011
chrM	9576	9577	31060
chrM	9577	9578	31081
chrM	9578	9579	31010
chrM	9579	9580	31002
chrM	9580	9581	30904
chrM	9581	9582	30401
chrM	9582	9583	29632
chrM	9583	9584	29437
chrM	9584	9585	29537
chrM	9585	9586	29605
chrM	9586	9587	29711
chrM	9587	9588	29775
chrM	9588	9589	32117
chrM	9589	9590	32332
chrM	9590	9591	32284
chrM	9591	9592	32270
chrM	9592	9593	32404
chrM	9593	9594	32481
chrM	9594	9595	32829
chrM	9595	9596	33220
chrM	9596	9597	33291
chrM	9597	9598	33332
chrM	9598	9599	33415
chrM	9599	9600	33374
chrM	9600	9601	33219
chrM	9601	9602	33068
chrM	9602	9603	33075
chrM	9603	9604	33080
chrM	9604	9605	33067
chrM	9605	9606	33063
chrM	9606	9607	33042
chrM	9607	9608	33176
chrM	9608	9609	33272
chrM	9609	9610	33594
chrM	9610	9611	34488
chrM	9611	9612	34589
chrM	9612	9613	34715
chrM	9613	9614	34870
chrM	9614	9615	32294
chrM	9615	9616	32060
chrM	9616	9617	31666
chrM	9617	9618	31250
chrM	9618	9619	31197
chrM	9619	9620	31191
chrM	9620	9621	31192
chrM	9621	9622	31191
chrM	9622	9623	31187
chrM	9623	9624	31184
chrM	9624	9625	31183
chrM	9625	9626	31183
chrM	9626	9627	31183
chrM	9627	9628	31184
chrM	9628	9629	31184
chrM	9629	9630	31186
chrM	9630	9631	31191
chrM	9631	9632	31194
chrM	9632	9633	31198
chrM	9633	9634	31199
chrM	9634	9635	31208
chrM	9635	9636	31211
chrM	9636	9637	31221
chrM	9637	9638	31339
chrM	9638	9639	31428
chrM	9639	9640	31432
chrM	9640	9641	31438
chrM	9641	9642	31439
chrM	9642	9643	31441
chrM	9643	9644	31440
chrM	9644	9645	31442
chrM	9645	9646	31444
chrM	9646	9647	31447
chrM	9647	9648	31454
chrM	9648	9649	31456
chrM	9649	9650	31458
chrM	9650	9651	31458
chrM	9651	9652	31459
chrM	9652	9653	31462
chrM	9653	9654	31478
chrM	9654	9655	31477
chrM	9655	9656	31858
chrM	9656	9657	31865
chrM	9657	9658	31895
chrM	9658	9659	31959
chrM	9659	9660	32065
chrM	9660	9661	32097
chrM	9661	9662	34508
chrM	9662	9663	34523
chrM	9663	9664	34484
chrM	9664	9665	34469
chrM	9665	9666	34467
chrM	9666	9667	34509
chrM	9667	9668	34481
chrM	9668	9669	34301
chrM	9669	9670	34355
chrM	9670	9671	34360
chrM	9671	9672	34366
chrM	9672	9673	34229
chrM	9673	9674	34169
chrM	9674	9675	33850
chrM	9675	9676	33299
chrM	9676	9677	33061
chrM	9677	9678	32681
chrM	9678	9679	32695
chrM	9679	9680	32844
chrM	9680	9681	33428
chrM	9681	9682	33509
chrM	9682	9683	33516
chrM	9683	9684	33517
chrM	9684	9685	33517
chrM	9685	9686	33518
chrM	9686	9687	33541
chrM	9687	9688	33556
chrM	9688	9689	33558
chrM	9689	9690	33567
chrM	9690	9691	33603
chrM	9691	9692	33630
chrM	9692	9693	33642
chrM	9693	9694	33867
chrM	9694	9695	33873
chrM	9695	9696	34041
chrM	9696	9697	34042
chrM	9697	9698	34094
chrM	9698	9699	34098
chrM	9699	9700	34096
chrM	9700	9701	34097
chrM	9701	9702	34098
chrM	9702	9703	34099
chrM	9703	9704	34098
chrM	9704	9705	34099
chrM	9705	9706	34099
chrM	9706	9707	34109
chrM	9707	9708	34125
chrM	9708	9709	34880
chrM	9709	9710	34909
chrM	9710	9711	34976
chrM	9711	9712	34969
chrM	9712	9713	35048
chrM	9713	9714	35061
chrM	9714	9715	35063
chrM	9715	9716	35068
chrM	9716	9717	35547
chrM	9717	9718	35632
chrM	9718	9719	35643
chrM	9719	9720	35598
chrM	9720	9721	35634
chrM	9721	9722	35685
chrM	9722	9723	36301
chrM	9723	9724	36397
chrM	9724	9725	36428
chrM	9725	9726	36441
chrM	9726	9727	36425
chrM	9727	9728	36427
chrM	9728	9729	36526
chrM	9729	9730	36525
chrM	9730	9731	36603
chrM	9731	9732	36610
chrM	9732	9733	37197
chrM	9733	9734	37195
chrM	9734	9735	37145
chrM	9735	9736	37022
chrM	9736	9737	36966
chrM	9737	9738	36946
chrM	9738	9739	36942
chrM	9739	9740	36940
chrM	9740	9741	36932
chrM	9741	9742	36933
chrM	9742	9743	36934
chrM	9743	9744	36939
chrM	9744	9745	36921
chrM	9745	9746	36923
chrM	9746	9747	36923
chrM	9747	9748	36924
chrM	9748	9749	36924
chrM	9749	9750	36886
chrM	9750	9751	36853
chrM	9751	9752	36845
chrM	9752	9753	36845
chrM	9753	9754	36845
chrM	9754	9755	36844
chrM	9755	9756	36851
chrM	9756	9757	36867
chrM	9757	9758	36898
chrM	9758	9759	36958
chrM	9759	9760	36973
chrM	9760	9761	36985
chrM	9761	9762	36968
chrM	9762	9763	36913
chrM	9763	9764	36837
chrM	9764	9765	36284
chrM	9765	9766	35182
chrM	9766	9767	34583
chrM	9767	9768	34409
chrM	9768	9769	34346
chrM	9769	9770	34345
chrM	9770	9771	34346
chrM	9771	9772	34359
chrM	9772	9773	34355
chrM	9773	9774	34421
chrM	9774	9775	34423
chrM	9775	9776	34411
chrM	9776	9777	34378
chrM	9777	9778	34376
chrM	9778	9779	34374
chrM	9779	9780	34368
chrM	9780	9781	34365
chrM	9781	9782	34365
chrM	9782	9783	34361
chrM	9783	9784	34363
chrM	9784	9785	34361
chrM	9785	9786	34347
chrM	9786	9787	34227
chrM	9787	9788	34138
chrM	9788	9789	34116
chrM	9789	9790	34081
chrM	9790	9791	34079
chrM	9791	9792	34079
chrM	9792	9793	34081
chrM	9793	9794	34081
chrM	9794	9795	34081
chrM	9795	9796	34078
chrM	9796	9797	34073
chrM	9797	9798	33792
chrM	9798	9799	33763
chrM	9799	9800	33740
chrM	9800	9801	33662
chrM	9801	9802	33573
chrM	9802	9803	33500
chrM	9803	9804	33479
chrM	9804	9805	33469
chrM	9805	9806	33467
chrM	9806	9807	33469
chrM	9807	9808	33467
chrM	9808	9809	33464
chrM	9809	9810	33456
chrM	9810	9811	33446
chrM	9811	9812	33430
chrM	9812	9813	33096
chrM	9813	9814	31692
chrM	9814	9815	30271
chrM	9815	9816	26695
chrM	9816	9817	24817
chrM	9817	9818	24398
chrM	9818	9819	24343
chrM	9819	9820	24305
chrM	9820	9821	24311
chrM	9821	9822	24315
chrM	9822	9823	24238
chrM	9823	9824	24081
chrM	9824	9825	22909
chrM	9825	9826	22708
chrM	9826	9827	22525
chrM	9827	9828	22432
chrM	9828	9829	22406
chrM	9829	9830	22386
chrM	9830	9831	22191
chrM	9831	9832	22040
chrM	9832	9833	22063
chrM	9833	9834	21683
chrM	9834	9835	21647
chrM	9835	9836	21582
chrM	9836	9837	21328
chrM	9837	9838	21326
chrM	9838	9839	21306
chrM	9839	9840	21301
chrM	9840	9841	21301
chrM	9841	9842	21297
chrM	9842	9843	21290
chrM	9843	9844	21274
chrM	9844	9845	21253
chrM	9845	9846	21251
chrM	9846	9847	21246
chrM	9847	9848	21236
chrM	9848	9849	21234
chrM	9849	9850	21233
chrM	9850	9851	21231
chrM	9851	9852	21228
chrM	9852	9853	21227
chrM	9853	9854	21227
chrM	9854	9855	21214
chrM	9855	9856	21213
chrM	9856	9857	21216
chrM	9857	9858	21213
chrM	9858	9859	21208
chrM	9859	9860	21099
chrM	9860	9861	21014
chrM	9861	9862	20997
chrM	9862	9863	20993
chrM	9863	9864	20993
chrM	9864	9865	20991
chrM	9865	9866	20990
chrM	9866	9867	20990
chrM	9867	9868	20983
chrM	9868	9869	20982
chrM	9869	9870	20968
chrM	9870	9871	20965
chrM	9871	9872	20960
chrM	9872	9873	20954
chrM	9873	9874	20941
chrM	9874	9875	20917
chrM	9875	9876	20914
chrM	9876	9877	20914
chrM	9877	9878	20913
chrM	9878	9879	20913
chrM	9879	9880	20913
chrM	9880	9881	20913
chrM	9881	9882	20909
chrM	9882	9883	20903
chrM	9883	9884	20903
chrM	9884	9885	20903
chrM	9885	9886	20903
chrM	9886	9887	20899
chrM	9887	9888	20897
chrM	9888	9889	20896
chrM	9889	9890	20894
chrM	9890	9891	20893
chrM	9891	9892	20892
chrM	9892	9893	20892
chrM	9893	9894	20892
chrM	9894	9895	20892
chrM	9895	9896	20892
chrM	9896	9897	20876
chrM	9897	9898	20876
chrM	9898	9899	20875
chrM	9899	9900	20873
chrM	9900	9901	20870
chrM	9901	9902	20859
chrM	9902	9903	20595
chrM	9903	9904	20338
chrM	9904	9905	20289
chrM	9905	9906	20271
chrM	9906	9907	20261
chrM	9907	9908	20261
chrM	9908	9909	20260
chrM	9909	9910	20260
chrM	9910	9911	20259
chrM	9911	9912	20257
chrM	9912	9913	20255
chrM	9913	9914	20250
chrM	9914	9915	20249
chrM	9915	9916	20249
chrM	9916	9917	20250
chrM	9917	9918	20250
chrM	9918	9919	20250
chrM	9919	9920	20250
chrM	9920	9921	20250
chrM	9921	9922	20249
chrM	9922	9923	20247
chrM	9923	9924	20245
chrM	9924	9925	20240
chrM	9925	9926	20217
chrM	9926	9927	20213
chrM	9927	9928	20214
chrM	9928	9929	20214
chrM	9929	9930	20214
chrM	9930	9931	20214
chrM	9931	9932	20215
chrM	9932	9933	20214
chrM	9933	9934	20211
chrM	9934	9935	20211
chrM	9935	9936	20211
chrM	9936	9937	20210
chrM	9937	9938	20177
chrM	9938	9939	20174
chrM	9939	9940	20174
chrM	9940	9941	20174
chrM	9941	9942	20174
chrM	9942	9943	20173
chrM	9943	9944	20173
chrM	9944	9945	20171
chrM	9945	9946	20171
chrM	9946	9947	20171
chrM	9947	9948	20171
chrM	9948	9949	20171
chrM	9949	9950	20171
chrM	9950	9951	20171
chrM	9951	9952	20171
chrM	9952	9953	20169
chrM	9953	9954	20169
chrM	9954	9955	20169
chrM	9955	9956	20169
chrM	9956	9957	20169
chrM	9957	9958	20169
chrM	9958	9959	20169
chrM	9959	9960	20169
chrM	9960	9961	20169
chrM	9961	9962	20169
chrM	9962	9963	20169
chrM	9963	9964	20169
chrM	9964	9965	20168
chrM	9965	9966	20168
chrM	9966	9967	20168
chrM	9967	9968	20168
chrM	9968	9969	20168
chrM	9969	9970	20168
chrM	9970	9971	20168
chrM	9971	9972	20168
chrM	9972	9973	20168
chrM	9973	9974	20168
chrM	9974	9975	20168
chrM	9975	9976	20168
chrM	9976	9977	20168
chrM	9977	9978	20168
chrM	9978	9979	20166
chrM	9979	9980	20166
chrM	9980	9981	20166
chrM	9981	9982	20163
chrM	9982	9983	20158
chrM	9983	9984	20155
chrM	9984	9985	20151
chrM	9985	9986	20152
chrM	9986	9987	20151
chrM	9987	9988	20151
chrM	9988	9989	20151
chrM	9989	9990	20151
chrM	9990	9991	20151
chrM	9991	9992	20151
chrM	9992	9993	20151
chrM	9993	9994	20151
chrM	9994	9995	20151
chrM	9995	9996	20151
chrM	9996	9997	20151
chrM	9997	9998	20151
chrM	9998	9999	20151
chrM	9999	10000	20151
chrM	10000	10001	20153
chrM	10001	10002	20153
chrM	10002	10003	20154
chrM	10003	10004	20154
chrM	10004	10005	20154
chrM	10005	10006	20154
chrM	10006	10007	20154
chrM	10007	10008	20154
chrM	10008	10009	20158
chrM	10009	10010	20245
chrM	10010	10011	20514
chrM	10011	10012	20614
chrM	10012	10013	20667
chrM	10013	10014	20685
chrM	10014	10015	20686
chrM	10015	10016	20688
chrM	10016	10017	20688
chrM	10017	10018	20688
chrM	10018	10019	20690
chrM	10019	10020	20694
chrM	10020	10021	20697
chrM	10021	10022	20700
chrM	10022	10023	20705
chrM	10023	10024	20709
chrM	10024	10025	20725
chrM	10025	10026	20751
chrM	10026	10027	20766
chrM	10027	10028	20771
chrM	10028	10029	20822
chrM	10029	10030	20822
chrM	10030	10031	20822
chrM	10031	10032	20834
chrM	10032	10033	20838
chrM	10033	10034	20872
chrM	10034	10035	20918
chrM	10035	10036	20946
chrM	10036	10037	20950
chrM	10037	10038	20951
chrM	10038	10039	20953
chrM	10039	10040	20953
chrM	10040	10041	20953
chrM	10041	10042	20953
chrM	10042	10043	20953
chrM	10043	10044	20953
chrM	10044	10045	20953
chrM	10045	10046	20953
chrM	10046	10047	20953
chrM	10047	10048	20953
chrM	10048	10049	20956
chrM	10049	10050	20956
chrM	10050	10051	20950
chrM	10051	10052	20951
chrM	10052	10053	20951
chrM	10053	10054	20951
chrM	10054	10055	20950
chrM	10055	10056	20951
chrM	10056	10057	20951
chrM	10057	10058	20951
chrM	10058	10059	20951
chrM	10059	10060	20959
chrM	10060	10061	20980
chrM	10061	10062	21007
chrM	10062	10063	21014
chrM	10063	10064	21014
chrM	10064	10065	21014
chrM	10065	10066	21014
chrM	10066	10067	21014
chrM	10067	10068	21014
chrM	10068	10069	21013
chrM	10069	10070	21010
chrM	10070	10071	21009
chrM	10071	10072	21008
chrM	10072	10073	21008
chrM	10073	10074	21008
chrM	10074	10075	21009
chrM	10075	10076	21009
chrM	10076	10077	21009
chrM	10077	10078	21009
chrM	10078	10079	21014
chrM	10079	10080	21014
chrM	10080	10081	21014
chrM	10081	10082	21016
chrM	10082	10083	21016
chrM	10083	10084	21021
chrM	10084	10085	21027
chrM	10085	10086	21063
chrM	10086	10087	21079
chrM	10087	10088	21079
chrM	10088	10089	21079
chrM	10089	10090	21079
chrM	10090	10091	21082
chrM	10091	10092	21083
chrM	10092	10093	21082
chrM	10093	10094	21083
chrM	10094	10095	21083
chrM	10095	10096	21083
chrM	10096	10097	21083
chrM	10097	10098	21083
chrM	10098	10099	21087
chrM	10099	10100	21087
chrM	10100	10101	21075
chrM	10101	10102	21075
chrM	10102	10103	21075
chrM	10103	10104	21075
chrM	10104	10105	21075
chrM	10105	10106	21075
chrM	10106	10107	21073
chrM	10107	10108	21073
chrM	10108	10109	21068
chrM	10109	10110	21083
chrM	10110	10111	21189
chrM	10111	10112	21237
chrM	10112	10113	21270
chrM	10113	10114	21313
chrM	10114	10115	21317
chrM	10115	10116	21322
chrM	10116	10117	21322
chrM	10117	10118	21323
chrM	10118	10119	21323
chrM	10119	10120	21325
chrM	10120	10121	21327
chrM	10121	10122	21329
chrM	10122	10123	21333
chrM	10123	10124	21335
chrM	10124	10125	21341
chrM	10125	10126	21354
chrM	10126	10127	21363
chrM	10127	10128	21364
chrM	10128	10129	21380
chrM	10129	10130	21380
chrM	10130	10131	21380
chrM	10131	10132	21384
chrM	10132	10133	21397
chrM	10133	10134	21536
chrM	10134	10135	21665
chrM	10135	10136	21825
chrM	10136	10137	21855
chrM	10137	10138	21860
chrM	10138	10139	21861
chrM	10139	10140	21862
chrM	10140	10141	21871
chrM	10141	10142	21870
chrM	10142	10143	21870
chrM	10143	10144	21878
chrM	10144	10145	21889
chrM	10145	10146	21893
chrM	10146	10147	21894
chrM	10147	10148	21888
chrM	10148	10149	21912
chrM	10149	10150	21902
chrM	10150	10151	21610
chrM	10151	10152	21611
chrM	10152	10153	21603
chrM	10153	10154	21601
chrM	10154	10155	21589
chrM	10155	10156	21594
chrM	10156	10157	21559
chrM	10157	10158	21553
chrM	10158	10159	21513
chrM	10159	10160	21589
chrM	10160	10161	22194
chrM	10161	10162	22440
chrM	10162	10163	22557
chrM	10163	10164	22700
chrM	10164	10165	22699
chrM	10165	10166	22705
chrM	10166	10167	22705
chrM	10167	10168	22705
chrM	10168	10169	22706
chrM	10169	10170	22700
chrM	10170	10171	22703
chrM	10171	10172	22702
chrM	10172	10173	22703
chrM	10173	10174	22703
chrM	10174	10175	22703
chrM	10175	10176	22703
chrM	10176	10177	22704
chrM	10177	10178	22705
chrM	10178	10179	22705
chrM	10179	10180	22707
chrM	10180	10181	22709
chrM	10181	10182	22708
chrM	10182	10183	22709
chrM	10183	10184	22713
chrM	10184	10185	22729
chrM	10185	10186	22745
chrM	10186	10187	22755
chrM	10187	10188	23240
chrM	10188	10189	23324
chrM	10189	10190	23355
chrM	10190	10191	23855
chrM	10191	10192	23902
chrM	10192	10193	23954
chrM	10193	10194	23977
chrM	10194	10195	23998
chrM	10195	10196	24195
chrM	10196	10197	25432
chrM	10197	10198	25583
chrM	10198	10199	25597
chrM	10199	10200	25603
chrM	10200	10201	25620
chrM	10201	10202	25620
chrM	10202	10203	25624
chrM	10203	10204	25633
chrM	10204	10205	25640
chrM	10205	10206	25644
chrM	10206	10207	25652
chrM	10207	10208	25664
chrM	10208	10209	25664
chrM	10209	10210	25653
chrM	10210	10211	25652
chrM	10211	10212	25626
chrM	10212	10213	25622
chrM	10213	10214	25615
chrM	10214	10215	25619
chrM	10215	10216	25617
chrM	10216	10217	25617
chrM	10217	10218	25617
chrM	10218	10219	25617
chrM	10219	10220	25617
chrM	10220	10221	25615
chrM	10221	10222	25601
chrM	10222	10223	25607
chrM	10223	10224	25609
chrM	10224	10225	25606
chrM	10225	10226	25607
chrM	10226	10227	25605
chrM	10227	10228	25605
chrM	10228	10229	25598
chrM	10229	10230	25595
chrM	10230	10231	25594
chrM	10231	10232	25563
chrM	10232	10233	25563
chrM	10233	10234	25563
chrM	10234	10235	25562
chrM	10235	10236	25554
chrM	10236	10237	25536
chrM	10237	10238	25532
chrM	10238	10239	25529
chrM	10239	10240	25533
chrM	10240	10241	25541
chrM	10241	10242	25543
chrM	10242	10243	25544
chrM	10243	10244	25547
chrM	10244	10245	25686
chrM	10245	10246	25696
chrM	10246	10247	25709
chrM	10247	10248	25709
chrM	10248	10249	25715
chrM	10249	10250	25666
chrM	10250	10251	25667
chrM	10251	10252	25668
chrM	10252	10253	25671
chrM	10253	10254	25702
chrM	10254	10255	25974
chrM	10255	10256	26079
chrM	10256	10257	26087
chrM	10257	10258	26086
chrM	10258	10259	26088
chrM	10259	10260	26076
chrM	10260	10261	26077
chrM	10261	10262	26072
chrM	10262	10263	26059
chrM	10263	10264	26062
chrM	10264	10265	26063
chrM	10265	10266	26063
chrM	10266	10267	26064
chrM	10267	10268	26062
chrM	10268	10269	26065
chrM	10269	10270	26063
chrM	10270	10271	26033
chrM	10271	10272	26034
chrM	10272	10273	26024
chrM	10273	10274	26023
chrM	10274	10275	26013
chrM	10275	10276	25991
chrM	10276	10277	24802
chrM	10277	10278	24798
chrM	10278	10279	24799
chrM	10279	10280	24800
chrM	10280	10281	24809
chrM	10281	10282	24831
chrM	10282	10283	24838
chrM	10283	10284	24832
chrM	10284	10285	24813
chrM	10285	10286	24794
chrM	10286	10287	24718
chrM	10287	10288	24614
chrM	10288	10289	24545
chrM	10289	10290	24540
chrM	10290	10291	24536
chrM	10291	10292	24317
chrM	10292	10293	24329
chrM	10293	10294	24331
chrM	10294	10295	24323
chrM	10295	10296	24311
chrM	10296	10297	24296
chrM	10297	10298	24275
chrM	10298	10299	24236
chrM	10299	10300	24236
chrM	10300	10301	24221
chrM	10301	10302	24138
chrM	10302	10303	24106
chrM	10303	10304	24095
chrM	10304	10305	24067
chrM	10305	10306	24055
chrM	10306	10307	24003
chrM	10307	10308	23874
chrM	10308	10309	23868
chrM	10309	10310	23889
chrM	10310	10311	23910
chrM	10311	10312	23910
chrM	10312	10313	23625
chrM	10313	10314	23286
chrM	10314	10315	23111
chrM	10315	10316	23004
chrM	10316	10317	22964
chrM	10317	10318	23006
chrM	10318	10319	23161
chrM	10319	10320	23450
chrM	10320	10321	24759
chrM	10321	10322	24830
chrM	10322	10323	24816
chrM	10323	10324	24827
chrM	10324	10325	24808
chrM	10325	10326	24751
chrM	10326	10327	24820
chrM	10327	10328	24742
chrM	10328	10329	24728
chrM	10329	10330	24649
chrM	10330	10331	24606
chrM	10331	10332	24584
chrM	10332	10333	24566
chrM	10333	10334	24559
chrM	10334	10335	24558
chrM	10335	10336	24556
chrM	10336	10337	24556
chrM	10337	10338	24555
chrM	10338	10339	24556
chrM	10339	10340	24556
chrM	10340	10341	24556
chrM	10341	10342	24556
chrM	10342	10343	24556
chrM	10343	10344	24556
chrM	10344	10345	24560
chrM	10345	10346	24558
chrM	10346	10347	24555
chrM	10347	10348	24551
chrM	10348	10349	24551
chrM	10349	10350	24553
chrM	10350	10351	24552
chrM	10351	10352	24518
chrM	10352	10353	24557
chrM	10353	10354	24541
chrM	10354	10355	24536
chrM	10355	10356	24497
chrM	10356	10357	24893
chrM	10357	10358	24917
chrM	10358	10359	24902
chrM	10359	10360	25204
chrM	10360	10361	25179
chrM	10361	10362	25228
chrM	10362	10363	25220
chrM	10363	10364	25200
chrM	10364	10365	25121
chrM	10365	10366	25073
chrM	10366	10367	25052
chrM	10367	10368	25050
chrM	10368	10369	25050
chrM	10369	10370	25054
chrM	10370	10371	25055
chrM	10371	10372	25070
chrM	10372	10373	25093
chrM	10373	10374	25094
chrM	10374	10375	25095
chrM	10375	10376	25084
chrM	10376	10377	25083
chrM	10377	10378	25075
chrM	10378	10379	25059
chrM	10379	10380	25046
chrM	10380	10381	25037
chrM	10381	10382	25034
chrM	10382	10383	25029
chrM	10383	10384	25027
chrM	10384	10385	25025
chrM	10385	10386	25031
chrM	10386	10387	25045
chrM	10387	10388	25061
chrM	10388	10389	25076
chrM	10389	10390	25085
chrM	10390	10391	25090
chrM	10391	10392	25081
chrM	10392	10393	25087
chrM	10393	10394	25078
chrM	10394	10395	25074
chrM	10395	10396	25072
chrM	10396	10397	25072
chrM	10397	10398	25067
chrM	10398	10399	25062
chrM	10399	10400	25058
chrM	10400	10401	25057
chrM	10401	10402	25058
chrM	10402	10403	25062
chrM	10403	10404	25072
chrM	10404	10405	25114
chrM	10405	10406	25124
chrM	10406	10407	25333
chrM	10407	10408	25344
chrM	10408	10409	25345
chrM	10409	10410	25402
chrM	10410	10411	25411
chrM	10411	10412	25576
chrM	10412	10413	25707
chrM	10413	10414	26523
chrM	10414	10415	29189
chrM	10415	10416	29917
chrM	10416	10417	31591
chrM	10417	10418	31697
chrM	10418	10419	31729
chrM	10419	10420	31731
chrM	10420	10421	31714
chrM	10421	10422	31708
chrM	10422	10423	31702
chrM	10423	10424	31703
chrM	10424	10425	31703
chrM	10425	10426	31703
chrM	10426	10427	31701
chrM	10427	10428	31701
chrM	10428	10429	31703
chrM	10429	10430	31698
chrM	10430	10431	31697
chrM	10431	10432	31697
chrM	10432	10433	31693
chrM	10433	10434	31687
chrM	10434	10435	31678
chrM	10435	10436	31683
chrM	10436	10437	31701
chrM	10437	10438	31787
chrM	10438	10439	31846
chrM	10439	10440	31980
chrM	10440	10441	31985
chrM	10441	10442	31389
chrM	10442	10443	32001
chrM	10443	10444	32694
chrM	10444	10445	32780
chrM	10445	10446	32806
chrM	10446	10447	32829
chrM	10447	10448	32671
chrM	10448	10449	32683
chrM	10449	10450	32382
chrM	10450	10451	32283
chrM	10451	10452	32221
chrM	10452	10453	32201
chrM	10453	10454	32200
chrM	10454	10455	32190
chrM	10455	10456	32202
chrM	10456	10457	32159
chrM	10457	10458	32150
chrM	10458	10459	32142
chrM	10459	10460	32119
chrM	10460	10461	32113
chrM	10461	10462	32105
chrM	10462	10463	32108
chrM	10463	10464	32110
chrM	10464	10465	32109
chrM	10465	10466	32109
chrM	10466	10467	32110
chrM	10467	10468	32109
chrM	10468	10469	32102
chrM	10469	10470	32089
chrM	10470	10471	32093
chrM	10471	10472	32104
chrM	10472	10473	32081
chrM	10473	10474	32049
chrM	10474	10475	32047
chrM	10475	10476	32039
chrM	10476	10477	32022
chrM	10477	10478	31657
chrM	10478	10479	31658
chrM	10479	10480	31653
chrM	10480	10481	31652
chrM	10481	10482	31667
chrM	10482	10483	31782
chrM	10483	10484	32602
chrM	10484	10485	32673
chrM	10485	10486	32699
chrM	10486	10487	32758
chrM	10487	10488	33014
chrM	10488	10489	33247
chrM	10489	10490	33948
chrM	10490	10491	33916
chrM	10491	10492	33911
chrM	10492	10493	33871
chrM	10493	10494	30926
chrM	10494	10495	30932
chrM	10495	10496	30895
chrM	10496	10497	30885
chrM	10497	10498	30868
chrM	10498	10499	30881
chrM	10499	10500	30887
chrM	10500	10501	30781
chrM	10501	10502	30658
chrM	10502	10503	30628
chrM	10503	10504	30619
chrM	10504	10505	30543
chrM	10505	10506	30529
chrM	10506	10507	30523
chrM	10507	10508	30497
chrM	10508	10509	30418
chrM	10509	10510	30355
chrM	10510	10511	30338
chrM	10511	10512	30320
chrM	10512	10513	30338
chrM	10513	10514	30333
chrM	10514	10515	30333
chrM	10515	10516	30333
chrM	10516	10517	30335
chrM	10517	10518	30336
chrM	10518	10519	30338
chrM	10519	10520	30341
chrM	10520	10521	30341
chrM	10521	10522	30343
chrM	10522	10523	30343
chrM	10523	10524	30345
chrM	10524	10525	30391
chrM	10525	10526	30423
chrM	10526	10527	30428
chrM	10527	10528	30430
chrM	10528	10529	30414
chrM	10529	10530	30397
chrM	10530	10531	30231
chrM	10531	10532	30069
chrM	10532	10533	29853
chrM	10533	10534	29840
chrM	10534	10535	29811
chrM	10535	10536	29789
chrM	10536	10537	29787
chrM	10537	10538	29787
chrM	10538	10539	29788
chrM	10539	10540	29786
chrM	10540	10541	29786
chrM	10541	10542	29785
chrM	10542	10543	29785
chrM	10543	10544	29786
chrM	10544	10545	29794
chrM	10545	10546	29809
chrM	10546	10547	29812
chrM	10547	10548	29816
chrM	10548	10549	29812
chrM	10549	10550	29811
chrM	10550	10551	29809
chrM	10551	10552	29810
chrM	10552	10553	29795
chrM	10553	10554	29794
chrM	10554	10555	29794
chrM	10555	10556	29795
chrM	10556	10557	29638
chrM	10557	10558	29246
chrM	10558	10559	28832
chrM	10559	10560	28718
chrM	10560	10561	28492
chrM	10561	10562	28474
chrM	10562	10563	28390
chrM	10563	10564	28352
chrM	10564	10565	28326
chrM	10565	10566	28293
chrM	10566	10567	28288
chrM	10567	10568	28282
chrM	10568	10569	28282
chrM	10569	10570	28282
chrM	10570	10571	28282
chrM	10571	10572	28284
chrM	10572	10573	28285
chrM	10573	10574	28294
chrM	10574	10575	28327
chrM	10575	10576	28326
chrM	10576	10577	28330
chrM	10577	10578	28300
chrM	10578	10579	28296
chrM	10579	10580	28292
chrM	10580	10581	28268
chrM	10581	10582	28228
chrM	10582	10583	28219
chrM	10583	10584	28214
chrM	10584	10585	28161
chrM	10585	10586	28178
chrM	10586	10587	28177
chrM	10587	10588	28134
chrM	10588	10589	27967
chrM	10589	10590	27912
chrM	10590	10591	27905
chrM	10591	10592	27896
chrM	10592	10593	28343
chrM	10593	10594	28373
chrM	10594	10595	28412
chrM	10595	10596	28396
chrM	10596	10597	28439
chrM	10597	10598	28439
chrM	10598	10599	28412
chrM	10599	10600	28409
chrM	10600	10601	28388
chrM	10601	10602	28385
chrM	10602	10603	28383
chrM	10603	10604	28363
chrM	10604	10605	28359
chrM	10605	10606	28329
chrM	10606	10607	28308
chrM	10607	10608	28304
chrM	10608	10609	28302
chrM	10609	10610	28302
chrM	10610	10611	28301
chrM	10611	10612	28301
chrM	10612	10613	28294
chrM	10613	10614	28341
chrM	10614	10615	28339
chrM	10615	10616	28348
chrM	10616	10617	28386
chrM	10617	10618	28425
chrM	10618	10619	28447
chrM	10619	10620	28459
chrM	10620	10621	28267
chrM	10621	10622	28139
chrM	10622	10623	28090
chrM	10623	10624	28071
chrM	10624	10625	28065
chrM	10625	10626	28236
chrM	10626	10627	28252
chrM	10627	10628	28253
chrM	10628	10629	28250
chrM	10629	10630	28151
chrM	10630	10631	28022
chrM	10631	10632	28121
chrM	10632	10633	28105
chrM	10633	10634	28105
chrM	10634	10635	28065
chrM	10635	10636	27919
chrM	10636	10637	27897
chrM	10637	10638	27863
chrM	10638	10639	27854
chrM	10639	10640	27864
chrM	10640	10641	27937
chrM	10641	10642	27917
chrM	10642	10643	27904
chrM	10643	10644	27888
chrM	10644	10645	27873
chrM	10645	10646	27859
chrM	10646	10647	27856
chrM	10647	10648	27856
chrM	10648	10649	27853
chrM	10649	10650	27846
chrM	10650	10651	27849
chrM	10651	10652	27812
chrM	10652	10653	27808
chrM	10653	10654	27802
chrM	10654	10655	27796
chrM	10655	10656	27715
chrM	10656	10657	27686
chrM	10657	10658	27637
chrM	10658	10659	27609
chrM	10659	10660	27608
chrM	10660	10661	27614
chrM	10661	10662	27595
chrM	10662	10663	27715
chrM	10663	10664	27751
chrM	10664	10665	27787
chrM	10665	10666	27810
chrM	10666	10667	27870
chrM	10667	10668	27788
chrM	10668	10669	27556
chrM	10669	10670	27437
chrM	10670	10671	27412
chrM	10671	10672	27397
chrM	10672	10673	27393
chrM	10673	10674	27390
chrM	10674	10675	27388
chrM	10675	10676	27388
chrM	10676	10677	27385
chrM	10677	10678	27390
chrM	10678	10679	27387
chrM	10679	10680	27391
chrM	10680	10681	27415
chrM	10681	10682	27467
chrM	10682	10683	27480
chrM	10683	10684	27497
chrM	10684	10685	27486
chrM	10685	10686	27152
chrM	10686	10687	27046
chrM	10687	10688	26209
chrM	10688	10689	26156
chrM	10689	10690	26259
chrM	10690	10691	26249
chrM	10691	10692	26246
chrM	10692	10693	26429
chrM	10693	10694	26510
chrM	10694	10695	26506
chrM	10695	10696	26498
chrM	10696	10697	26553
chrM	10697	10698	26745
chrM	10698	10699	26892
chrM	10699	10700	26596
chrM	10700	10701	28903
chrM	10701	10702	28824
chrM	10702	10703	28758
chrM	10703	10704	28634
chrM	10704	10705	28531
chrM	10705	10706	28482
chrM	10706	10707	28441
chrM	10707	10708	28435
chrM	10708	10709	28428
chrM	10709	10710	28425
chrM	10710	10711	28396
chrM	10711	10712	28368
chrM	10712	10713	28361
chrM	10713	10714	28349
chrM	10714	10715	28350
chrM	10715	10716	28350
chrM	10716	10717	28350
chrM	10717	10718	28350
chrM	10718	10719	28350
chrM	10719	10720	28348
chrM	10720	10721	28345
chrM	10721	10722	28347
chrM	10722	10723	28348
chrM	10723	10724	28254
chrM	10724	10725	28256
chrM	10725	10726	28255
chrM	10726	10727	28258
chrM	10727	10728	28268
chrM	10728	10729	28254
chrM	10729	10730	28255
chrM	10730	10731	28257
chrM	10731	10732	28116
chrM	10732	10733	28091
chrM	10733	10734	28223
chrM	10734	10735	28216
chrM	10735	10736	28235
chrM	10736	10737	28330
chrM	10737	10738	28574
chrM	10738	10739	28465
chrM	10739	10740	28466
chrM	10740	10741	28446
chrM	10741	10742	28420
chrM	10742	10743	28359
chrM	10743	10744	28282
chrM	10744	10745	28265
chrM	10745	10746	28256
chrM	10746	10747	28254
chrM	10747	10748	28243
chrM	10748	10749	28244
chrM	10749	10750	28241
chrM	10750	10751	28240
chrM	10751	10752	28234
chrM	10752	10753	28197
chrM	10753	10754	28149
chrM	10754	10755	28134
chrM	10755	10756	28132
chrM	10756	10757	28132
chrM	10757	10758	28131
chrM	10758	10759	28132
chrM	10759	10760	28133
chrM	10760	10761	28131
chrM	10761	10762	28132
chrM	10762	10763	28168
chrM	10763	10764	28196
chrM	10764	10765	28213
chrM	10765	10766	28204
chrM	10766	10767	28226
chrM	10767	10768	28216
chrM	10768	10769	28204
chrM	10769	10770	28193
chrM	10770	10771	28184
chrM	10771	10772	28180
chrM	10772	10773	28179
chrM	10773	10774	28174
chrM	10774	10775	28174
chrM	10775	10776	28162
chrM	10776	10777	28156
chrM	10777	10778	28086
chrM	10778	10779	27947
chrM	10779	10780	27924
chrM	10780	10781	27920
chrM	10781	10782	27920
chrM	10782	10783	27918
chrM	10783	10784	27915
chrM	10784	10785	27799
chrM	10785	10786	27803
chrM	10786	10787	27806
chrM	10787	10788	27806
chrM	10788	10789	27808
chrM	10789	10790	27810
chrM	10790	10791	27811
chrM	10791	10792	27809
chrM	10792	10793	27798
chrM	10793	10794	27796
chrM	10794	10795	27785
chrM	10795	10796	27785
chrM	10796	10797	27755
chrM	10797	10798	27750
chrM	10798	10799	27750
chrM	10799	10800	27746
chrM	10800	10801	27697
chrM	10801	10802	27697
chrM	10802	10803	27694
chrM	10803	10804	27698
chrM	10804	10805	27595
chrM	10805	10806	27416
chrM	10806	10807	27402
chrM	10807	10808	27717
chrM	10808	10809	30426
chrM	10809	10810	32663
chrM	10810	10811	33244
chrM	10811	10812	33704
chrM	10812	10813	33785
chrM	10813	10814	33648
chrM	10814	10815	33424
chrM	10815	10816	33153
chrM	10816	10817	32770
chrM	10817	10818	32274
chrM	10818	10819	32176
chrM	10819	10820	32101
chrM	10820	10821	31923
chrM	10821	10822	31832
chrM	10822	10823	31778
chrM	10823	10824	31713
chrM	10824	10825	31696
chrM	10825	10826	31655
chrM	10826	10827	31637
chrM	10827	10828	31595
chrM	10828	10829	31550
chrM	10829	10830	31554
chrM	10830	10831	31549
chrM	10831	10832	31544
chrM	10832	10833	31704
chrM	10833	10834	31725
chrM	10834	10835	31741
chrM	10835	10836	31732
chrM	10836	10837	31819
chrM	10837	10838	31846
chrM	10838	10839	31766
chrM	10839	10840	31684
chrM	10840	10841	31615
chrM	10841	10842	31550
chrM	10842	10843	31405
chrM	10843	10844	31612
chrM	10844	10845	31699
chrM	10845	10846	31795
chrM	10846	10847	31851
chrM	10847	10848	31868
chrM	10848	10849	31866
chrM	10849	10850	31846
chrM	10850	10851	31815
chrM	10851	10852	31789
chrM	10852	10853	31768
chrM	10853	10854	31764
chrM	10854	10855	31764
chrM	10855	10856	31765
chrM	10856	10857	31766
chrM	10857	10858	31770
chrM	10858	10859	31771
chrM	10859	10860	31770
chrM	10860	10861	31770
chrM	10861	10862	31761
chrM	10862	10863	31879
chrM	10863	10864	31884
chrM	10864	10865	31888
chrM	10865	10866	31905
chrM	10866	10867	31948
chrM	10867	10868	31976
chrM	10868	10869	31970
chrM	10869	10870	32024
chrM	10870	10871	31945
chrM	10871	10872	31864
chrM	10872	10873	31662
chrM	10873	10874	31623
chrM	10874	10875	31600
chrM	10875	10876	31579
chrM	10876	10877	31571
chrM	10877	10878	31571
chrM	10878	10879	31571
chrM	10879	10880	31570
chrM	10880	10881	31570
chrM	10881	10882	31569
chrM	10882	10883	31569
chrM	10883	10884	31569
chrM	10884	10885	31568
chrM	10885	10886	31568
chrM	10886	10887	31569
chrM	10887	10888	31569
chrM	10888	10889	31610
chrM	10889	10890	31588
chrM	10890	10891	31589
chrM	10891	10892	31591
chrM	10892	10893	31593
chrM	10893	10894	31594
chrM	10894	10895	31059
chrM	10895	10896	31161
chrM	10896	10897	31099
chrM	10897	10898	30801
chrM	10898	10899	30149
chrM	10899	10900	29847
chrM	10900	10901	29778
chrM	10901	10902	29721
chrM	10902	10903	29703
chrM	10903	10904	29372
chrM	10904	10905	29371
chrM	10905	10906	29395
chrM	10906	10907	29361
chrM	10907	10908	29350
chrM	10908	10909	29317
chrM	10909	10910	29233
chrM	10910	10911	29004
chrM	10911	10912	28914
chrM	10912	10913	28891
chrM	10913	10914	28875
chrM	10914	10915	28909
chrM	10915	10916	28908
chrM	10916	10917	28890
chrM	10917	10918	28846
chrM	10918	10919	28861
chrM	10919	10920	29108
chrM	10920	10921	30270
chrM	10921	10922	30578
chrM	10922	10923	30616
chrM	10923	10924	30621
chrM	10924	10925	30608
chrM	10925	10926	30384
chrM	10926	10927	30351
chrM	10927	10928	30286
chrM	10928	10929	30162
chrM	10929	10930	30015
chrM	10930	10931	29989
chrM	10931	10932	29974
chrM	10932	10933	29970
chrM	10933	10934	29949
chrM	10934	10935	29942
chrM	10935	10936	30007
chrM	10936	10937	30007
chrM	10937	10938	30005
chrM	10938	10939	30021
chrM	10939	10940	29897
chrM	10940	10941	29834
chrM	10941	10942	29674
chrM	10942	10943	29582
chrM	10943	10944	29541
chrM	10944	10945	29443
chrM	10945	10946	29298
chrM	10946	10947	29239
chrM	10947	10948	29079
chrM	10948	10949	29046
chrM	10949	10950	29032
chrM	10950	10951	29029
chrM	10951	10952	29023
chrM	10952	10953	28996
chrM	10953	10954	28951
chrM	10954	10955	28708
chrM	10955	10956	28615
chrM	10956	10957	28605
chrM	10957	10958	28600
chrM	10958	10959	28588
chrM	10959	10960	28576
chrM	10960	10961	28577
chrM	10961	10962	28577
chrM	10962	10963	28577
chrM	10963	10964	28577
chrM	10964	10965	28576
chrM	10965	10966	28572
chrM	10966	10967	28567
chrM	10967	10968	28547
chrM	10968	10969	28535
chrM	10969	10970	28545
chrM	10970	10971	28545
chrM	10971	10972	28542
chrM	10972	10973	27953
chrM	10973	10974	27869
chrM	10974	10975	27725
chrM	10975	10976	27513
chrM	10976	10977	27409
chrM	10977	10978	27143
chrM	10978	10979	26912
chrM	10979	10980	26873
chrM	10980	10981	26810
chrM	10981	10982	26805
chrM	10982	10983	26799
chrM	10983	10984	26795
chrM	10984	10985	26780
chrM	10985	10986	26769
chrM	10986	10987	26735
chrM	10987	10988	26209
chrM	10988	10989	25749
chrM	10989	10990	25564
chrM	10990	10991	25505
chrM	10991	10992	25489
chrM	10992	10993	25474
chrM	10993	10994	25390
chrM	10994	10995	25373
chrM	10995	10996	25360
chrM	10996	10997	25359
chrM	10997	10998	25357
chrM	10998	10999	25355
chrM	10999	11000	25329
chrM	11000	11001	25337
chrM	11001	11002	25335
chrM	11002	11003	25321
chrM	11003	11004	25236
chrM	11004	11005	25199
chrM	11005	11006	25170
chrM	11006	11007	25153
chrM	11007	11008	25137
chrM	11008	11009	25094
chrM	11009	11010	24689
chrM	11010	11011	23484
chrM	11011	11012	23045
chrM	11012	11013	22931
chrM	11013	11014	22897
chrM	11014	11015	22895
chrM	11015	11016	22894
chrM	11016	11017	22893
chrM	11017	11018	22896
chrM	11018	11019	22873
chrM	11019	11020	22863
chrM	11020	11021	22857
chrM	11021	11022	22855
chrM	11022	11023	22837
chrM	11023	11024	22836
chrM	11024	11025	22827
chrM	11025	11026	22830
chrM	11026	11027	22827
chrM	11027	11028	22796
chrM	11028	11029	22788
chrM	11029	11030	22786
chrM	11030	11031	22784
chrM	11031	11032	22783
chrM	11032	11033	22724
chrM	11033	11034	22637
chrM	11034	11035	22623
chrM	11035	11036	22593
chrM	11036	11037	22569
chrM	11037	11038	22560
chrM	11038	11039	22554
chrM	11039	11040	22551
chrM	11040	11041	22555
chrM	11041	11042	22554
chrM	11042	11043	22493
chrM	11043	11044	22485
chrM	11044	11045	22441
chrM	11045	11046	22395
chrM	11046	11047	22326
chrM	11047	11048	22319
chrM	11048	11049	22254
chrM	11049	11050	22235
chrM	11050	11051	22212
chrM	11051	11052	22148
chrM	11052	11053	22120
chrM	11053	11054	22107
chrM	11054	11055	22099
chrM	11055	11056	22100
chrM	11056	11057	22100
chrM	11057	11058	22070
chrM	11058	11059	22067
chrM	11059	11060	22003
chrM	11060	11061	21935
chrM	11061	11062	21914
chrM	11062	11063	21908
chrM	11063	11064	21884
chrM	11064	11065	21866
chrM	11065	11066	21864
chrM	11066	11067	21855
chrM	11067	11068	21844
chrM	11068	11069	21841
chrM	11069	11070	21839
chrM	11070	11071	21838
chrM	11071	11072	21838
chrM	11072	11073	21837
chrM	11073	11074	21835
chrM	11074	11075	21834
chrM	11075	11076	21834
chrM	11076	11077	21832
chrM	11077	11078	21830
chrM	11078	11079	21830
chrM	11079	11080	21829
chrM	11080	11081	21829
chrM	11081	11082	21828
chrM	11082	11083	21829
chrM	11083	11084	21829
chrM	11084	11085	21818
chrM	11085	11086	21814
chrM	11086	11087	21813
chrM	11087	11088	21808
chrM	11088	11089	21808
chrM	11089	11090	21803
chrM	11090	11091	21800
chrM	11091	11092	21798
chrM	11092	11093	21793
chrM	11093	11094	21791
chrM	11094	11095	21790
chrM	11095	11096	21789
chrM	11096	11097	21789
chrM	11097	11098	21788
chrM	11098	11099	21788
chrM	11099	11100	21787
chrM	11100	11101	21786
chrM	11101	11102	21786
chrM	11102	11103	21784
chrM	11103	11104	21721
chrM	11104	11105	21709
chrM	11105	11106	21701
chrM	11106	11107	21693
chrM	11107	11108	21691
chrM	11108	11109	21682
chrM	11109	11110	21676
chrM	11110	11111	21653
chrM	11111	11112	21647
chrM	11112	11113	21636
chrM	11113	11114	21632
chrM	11114	11115	21629
chrM	11115	11116	21625
chrM	11116	11117	21624
chrM	11117	11118	21626
chrM	11118	11119	21625
chrM	11119	11120	21625
chrM	11120	11121	21625
chrM	11121	11122	21630
chrM	11122	11123	21630
chrM	11123	11124	21629
chrM	11124	11125	21631
chrM	11125	11126	21631
chrM	11126	11127	21627
chrM	11127	11128	21619
chrM	11128	11129	21607
chrM	11129	11130	21606
chrM	11130	11131	21607
chrM	11131	11132	21603
chrM	11132	11133	21603
chrM	11133	11134	21601
chrM	11134	11135	21574
chrM	11135	11136	21548
chrM	11136	11137	21531
chrM	11137	11138	21527
chrM	11138	11139	21527
chrM	11139	11140	21525
chrM	11140	11141	21525
chrM	11141	11142	21525
chrM	11142	11143	21526
chrM	11143	11144	21526
chrM	11144	11145	21526
chrM	11145	11146	21526
chrM	11146	11147	21525
chrM	11147	11148	21525
chrM	11148	11149	21525
chrM	11149	11150	21524
chrM	11150	11151	21524
chrM	11151	11152	21525
chrM	11152	11153	21527
chrM	11153	11154	21528
chrM	11154	11155	21529
chrM	11155	11156	21528
chrM	11156	11157	21525
chrM	11157	11158	21523
chrM	11158	11159	21521
chrM	11159	11160	21523
chrM	11160	11161	21533
chrM	11161	11162	21773
chrM	11162	11163	22008
chrM	11163	11164	22209
chrM	11164	11165	22358
chrM	11165	11166	22594
chrM	11166	11167	22611
chrM	11167	11168	22621
chrM	11168	11169	22714
chrM	11169	11170	22725
chrM	11170	11171	22726
chrM	11171	11172	22729
chrM	11172	11173	22740
chrM	11173	11174	22776
chrM	11174	11175	22823
chrM	11175	11176	22848
chrM	11176	11177	22869
chrM	11177	11178	22878
chrM	11178	11179	22897
chrM	11179	11180	22916
chrM	11180	11181	23071
chrM	11181	11182	32726
chrM	11182	11183	87512
chrM	11183	11184	157720
chrM	11184	11185	164489
chrM	11185	11186	165821
chrM	11186	11187	169645
chrM	11187	11188	170761
chrM	11188	11189	172572
chrM	11189	11190	173450
chrM	11190	11191	174380
chrM	11191	11192	174554
chrM	11192	11193	174501
chrM	11193	11194	174515
chrM	11194	11195	174511
chrM	11195	11196	174446
chrM	11196	11197	175115
chrM	11197	11198	175379
chrM	11198	11199	175445
chrM	11199	11200	175400
chrM	11200	11201	175403
chrM	11201	11202	175694
chrM	11202	11203	175693
chrM	11203	11204	175704
chrM	11204	11205	175702
chrM	11205	11206	175712
chrM	11206	11207	175726
chrM	11207	11208	175726
chrM	11208	11209	175729
chrM	11209	11210	175732
chrM	11210	11211	175732
chrM	11211	11212	175732
chrM	11212	11213	175735
chrM	11213	11214	175736
chrM	11214	11215	175738
chrM	11215	11216	175740
chrM	11216	11217	175739
chrM	11217	11218	175748
chrM	11218	11219	175719
chrM	11219	11220	175723
chrM	11220	11221	175726
chrM	11221	11222	175726
chrM	11222	11223	175726
chrM	11223	11224	175728
chrM	11224	11225	175726
chrM	11225	11226	175750
chrM	11226	11227	175777
chrM	11227	11228	175789
chrM	11228	11229	175819
chrM	11229	11230	175827
chrM	11230	11231	176215
chrM	11231	11232	176600
chrM	11232	11233	179825
chrM	11233	11234	186921
chrM	11234	11235	226415
chrM	11235	11236	422216
chrM	11236	11237	430127
chrM	11237	11238	430304
chrM	11238	11239	430137
chrM	11239	11240	427513
chrM	11240	11241	426783
chrM	11241	11242	426534
chrM	11242	11243	426511
chrM	11243	11244	426497
chrM	11244	11245	426484
chrM	11245	11246	426429
chrM	11246	11247	426401
chrM	11247	11248	426386
chrM	11248	11249	426440
chrM	11249	11250	427140
chrM	11250	11251	427978
chrM	11251	11252	428252
chrM	11252	11253	428353
chrM	11253	11254	428367
chrM	11254	11255	428344
chrM	11255	11256	428620
chrM	11256	11257	428619
chrM	11257	11258	428619
chrM	11258	11259	428636
chrM	11259	11260	428664
chrM	11260	11261	428668
chrM	11261	11262	428720
chrM	11262	11263	428758
chrM	11263	11264	428759
chrM	11264	11265	428741
chrM	11265	11266	428672
chrM	11266	11267	428622
chrM	11267	11268	428606
chrM	11268	11269	428599
chrM	11269	11270	428596
chrM	11270	11271	428600
chrM	11271	11272	428600
chrM	11272	11273	428595
chrM	11273	11274	428589
chrM	11274	11275	428409
chrM	11275	11276	428408
chrM	11276	11277	428406
chrM	11277	11278	428400
chrM	11278	11279	428368
chrM	11279	11280	428300
chrM	11280	11281	427715
chrM	11281	11282	427628
chrM	11282	11283	427535
chrM	11283	11284	427022
chrM	11284	11285	426883
chrM	11285	11286	427102
chrM	11286	11287	427642
chrM	11287	11288	428004
chrM	11288	11289	428202
chrM	11289	11290	428762
chrM	11290	11291	428955
chrM	11291	11292	429484
chrM	11292	11293	429459
chrM	11293	11294	430139
chrM	11294	11295	430146
chrM	11295	11296	428645
chrM	11296	11297	431689
chrM	11297	11298	426552
chrM	11298	11299	426697
chrM	11299	11300	426495
chrM	11300	11301	424724
chrM	11301	11302	424654
chrM	11302	11303	462732
chrM	11303	11304	457513
chrM	11304	11305	455284
chrM	11305	11306	498968
chrM	11306	11307	495118
chrM	11307	11308	482793
chrM	11308	11309	476043
chrM	11309	11310	461304
chrM	11310	11311	451981
chrM	11311	11312	446430
chrM	11312	11313	440714
chrM	11313	11314	407520
chrM	11314	11315	403953
chrM	11315	11316	400622
chrM	11316	11317	398971
chrM	11317	11318	398166
chrM	11318	11319	397948
chrM	11319	11320	397832
chrM	11320	11321	397786
chrM	11321	11322	397740
chrM	11322	11323	397687
chrM	11323	11324	397635
chrM	11324	11325	397589
chrM	11325	11326	397566
chrM	11326	11327	397565
chrM	11327	11328	397461
chrM	11328	11329	393646
chrM	11329	11330	393586
chrM	11330	11331	393226
chrM	11331	11332	393071
chrM	11332	11333	393215
chrM	11333	11334	393600
chrM	11334	11335	387754
chrM	11335	11336	387116
chrM	11336	11337	386644
chrM	11337	11338	386066
chrM	11338	11339	385056
chrM	11339	11340	383409
chrM	11340	11341	381601
chrM	11341	11342	375650
chrM	11342	11343	371311
chrM	11343	11344	356862
chrM	11344	11345	355987
chrM	11345	11346	355544
chrM	11346	11347	355385
chrM	11347	11348	355171
chrM	11348	11349	355124
chrM	11349	11350	355017
chrM	11350	11351	354921
chrM	11351	11352	354693
chrM	11352	11353	354660
chrM	11353	11354	354598
chrM	11354	11355	354569
chrM	11355	11356	354134
chrM	11356	11357	354098
chrM	11357	11358	353165
chrM	11358	11359	296974
chrM	11359	11360	296770
chrM	11360	11361	295766
chrM	11361	11362	295589
chrM	11362	11363	295481
chrM	11363	11364	296965
chrM	11364	11365	326402
chrM	11365	11366	530741
chrM	11366	11367	531369
chrM	11367	11368	532180
chrM	11368	11369	531916
chrM	11369	11370	531214
chrM	11370	11371	530698
chrM	11371	11372	530212
chrM	11372	11373	529989
chrM	11373	11374	529959
chrM	11374	11375	530228
chrM	11375	11376	531221
chrM	11376	11377	531793
chrM	11377	11378	533167
chrM	11378	11379	535056
chrM	11379	11380	530293
chrM	11380	11381	529626
chrM	11381	11382	528513
chrM	11382	11383	527394
chrM	11383	11384	526975
chrM	11384	11385	526181
chrM	11385	11386	522977
chrM	11386	11387	525111
chrM	11387	11388	524653
chrM	11388	11389	524510
chrM	11389	11390	524210
chrM	11390	11391	523479
chrM	11391	11392	519466
chrM	11392	11393	516030
chrM	11393	11394	511984
chrM	11394	11395	511113
chrM	11395	11396	510842
chrM	11396	11397	508494
chrM	11397	11398	506359
chrM	11398	11399	505768
chrM	11399	11400	504986
chrM	11400	11401	504302
chrM	11401	11402	503873
chrM	11402	11403	504989
chrM	11403	11404	505188
chrM	11404	11405	506010
chrM	11405	11406	508985
chrM	11406	11407	515178
chrM	11407	11408	515488
chrM	11408	11409	515954
chrM	11409	11410	527180
chrM	11410	11411	526952
chrM	11411	11412	528286
chrM	11412	11413	527338
chrM	11413	11414	526128
chrM	11414	11415	526345
chrM	11415	11416	542203
chrM	11416	11417	539162
chrM	11417	11418	538387
chrM	11418	11419	537708
chrM	11419	11420	537356
chrM	11420	11421	537255
chrM	11421	11422	536383
chrM	11422	11423	536008
chrM	11423	11424	534354
chrM	11424	11425	534273
chrM	11425	11426	533928
chrM	11426	11427	533870
chrM	11427	11428	533768
chrM	11428	11429	533604
chrM	11429	11430	533449
chrM	11430	11431	536771
chrM	11431	11432	536960
chrM	11432	11433	537137
chrM	11433	11434	537950
chrM	11434	11435	538825
chrM	11435	11436	540796
chrM	11436	11437	576882
chrM	11437	11438	576988
chrM	11438	11439	577121
chrM	11439	11440	573737
chrM	11440	11441	571704
chrM	11441	11442	570721
chrM	11442	11443	563993
chrM	11443	11444	563897
chrM	11444	11445	563806
chrM	11445	11446	563691
chrM	11446	11447	562393
chrM	11447	11448	560790
chrM	11448	11449	560236
chrM	11449	11450	560014
chrM	11450	11451	559863
chrM	11451	11452	559858
chrM	11452	11453	559871
chrM	11453	11454	559857
chrM	11454	11455	555822
chrM	11455	11456	554554
chrM	11456	11457	554655
chrM	11457	11458	553343
chrM	11458	11459	555513
chrM	11459	11460	565297
chrM	11460	11461	585553
chrM	11461	11462	670534
chrM	11462	11463	676684
chrM	11463	11464	680652
chrM	11464	11465	685379
chrM	11465	11466	616655
chrM	11466	11467	609528
chrM	11467	11468	575011
chrM	11468	11469	495932
chrM	11469	11470	456468
chrM	11470	11471	428060
chrM	11471	11472	422067
chrM	11472	11473	419570
chrM	11473	11474	414376
chrM	11474	11475	410230
chrM	11475	11476	408695
chrM	11476	11477	407947
chrM	11477	11478	407215
chrM	11478	11479	401223
chrM	11479	11480	399322
chrM	11480	11481	398791
chrM	11481	11482	398160
chrM	11482	11483	397327
chrM	11483	11484	396924
chrM	11484	11485	395962
chrM	11485	11486	395433
chrM	11486	11487	394370
chrM	11487	11488	393979
chrM	11488	11489	393870
chrM	11489	11490	393841
chrM	11490	11491	393785
chrM	11491	11492	393706
chrM	11492	11493	393769
chrM	11493	11494	393933
chrM	11494	11495	393975
chrM	11495	11496	393944
chrM	11496	11497	393695
chrM	11497	11498	393659
chrM	11498	11499	393496
chrM	11499	11500	393017
chrM	11500	11501	392877
chrM	11501	11502	392664
chrM	11502	11503	392604
chrM	11503	11504	392585
chrM	11504	11505	392553
chrM	11505	11506	392529
chrM	11506	11507	392506
chrM	11507	11508	392483
chrM	11508	11509	392433
chrM	11509	11510	392399
chrM	11510	11511	392388
chrM	11511	11512	392354
chrM	11512	11513	392243
chrM	11513	11514	392238
chrM	11514	11515	392226
chrM	11515	11516	392170
chrM	11516	11517	392116
chrM	11517	11518	392013
chrM	11518	11519	391761
chrM	11519	11520	387623
chrM	11520	11521	379361
chrM	11521	11522	378949
chrM	11522	11523	378741
chrM	11523	11524	378164
chrM	11524	11525	375521
chrM	11525	11526	360798
chrM	11526	11527	349804
chrM	11527	11528	332772
chrM	11528	11529	329950
chrM	11529	11530	328973
chrM	11530	11531	331088
chrM	11531	11532	345366
chrM	11532	11533	345777
chrM	11533	11534	349155
chrM	11534	11535	347290
chrM	11535	11536	343982
chrM	11536	11537	338565
chrM	11537	11538	328963
chrM	11538	11539	323842
chrM	11539	11540	321359
chrM	11540	11541	318200
chrM	11541	11542	317636
chrM	11542	11543	317302
chrM	11543	11544	317066
chrM	11544	11545	316834
chrM	11545	11546	315777
chrM	11546	11547	310849
chrM	11547	11548	306616
chrM	11548	11549	306099
chrM	11549	11550	305561
chrM	11550	11551	305352
chrM	11551	11552	305222
chrM	11552	11553	305037
chrM	11553	11554	304673
chrM	11554	11555	304728
chrM	11555	11556	304744
chrM	11556	11557	304990
chrM	11557	11558	305701
chrM	11558	11559	306064
chrM	11559	11560	307240
chrM	11560	11561	309081
chrM	11561	11562	321601
chrM	11562	11563	318966
chrM	11563	11564	317720
chrM	11564	11565	317266
chrM	11565	11566	317062
chrM	11566	11567	322740
chrM	11567	11568	321817
chrM	11568	11569	320103
chrM	11569	11570	319977
chrM	11570	11571	319963
chrM	11571	11572	320258
chrM	11572	11573	329972
chrM	11573	11574	329865
chrM	11574	11575	329673
chrM	11575	11576	326286
chrM	11576	11577	326164
chrM	11577	11578	325506
chrM	11578	11579	325137
chrM	11579	11580	324748
chrM	11580	11581	324526
chrM	11581	11582	324419
chrM	11582	11583	324395
chrM	11583	11584	324355
chrM	11584	11585	324490
chrM	11585	11586	324350
chrM	11586	11587	324938
chrM	11587	11588	321178
chrM	11588	11589	319748
chrM	11589	11590	312737
chrM	11590	11591	310538
chrM	11591	11592	308038
chrM	11592	11593	306066
chrM	11593	11594	303456
chrM	11594	11595	302431
chrM	11595	11596	301416
chrM	11596	11597	299870
chrM	11597	11598	298049
chrM	11598	11599	297575
chrM	11599	11600	297746
chrM	11600	11601	297803
chrM	11601	11602	277123
chrM	11602	11603	276376
chrM	11603	11604	271958
chrM	11604	11605	267101
chrM	11605	11606	262018
chrM	11606	11607	261977
chrM	11607	11608	258203
chrM	11608	11609	257525
chrM	11609	11610	256621
chrM	11610	11611	256821
chrM	11611	11612	259082
chrM	11612	11613	257904
chrM	11613	11614	260361
chrM	11614	11615	278853
chrM	11615	11616	374272
chrM	11616	11617	490586
chrM	11617	11618	637371
chrM	11618	11619	694606
chrM	11619	11620	695047
chrM	11620	11621	700860
chrM	11621	11622	701993
chrM	11622	11623	700579
chrM	11623	11624	696088
chrM	11624	11625	698961
chrM	11625	11626	696117
chrM	11626	11627	690007
chrM	11627	11628	678456
chrM	11628	11629	676123
chrM	11629	11630	675154
chrM	11630	11631	674065
chrM	11631	11632	670440
chrM	11632	11633	670347
chrM	11633	11634	670103
chrM	11634	11635	669407
chrM	11635	11636	669347
chrM	11636	11637	669289
chrM	11637	11638	669034
chrM	11638	11639	668422
chrM	11639	11640	665539
chrM	11640	11641	665081
chrM	11641	11642	664608
chrM	11642	11643	664223
chrM	11643	11644	664201
chrM	11644	11645	664164
chrM	11645	11646	664052
chrM	11646	11647	664016
chrM	11647	11648	663997
chrM	11648	11649	664134
chrM	11649	11650	664057
chrM	11650	11651	661310
chrM	11651	11652	661036
chrM	11652	11653	659809
chrM	11653	11654	659298
chrM	11654	11655	659009
chrM	11655	11656	656305
chrM	11656	11657	656133
chrM	11657	11658	655861
chrM	11658	11659	655341
chrM	11659	11660	655271
chrM	11660	11661	651994
chrM	11661	11662	651234
chrM	11662	11663	649755
chrM	11663	11664	647748
chrM	11664	11665	646994
chrM	11665	11666	644225
chrM	11666	11667	642739
chrM	11667	11668	642051
chrM	11668	11669	641720
chrM	11669	11670	641519
chrM	11670	11671	641617
chrM	11671	11672	641658
chrM	11672	11673	641595
chrM	11673	11674	642263
chrM	11674	11675	629471
chrM	11675	11676	628802
chrM	11676	11677	626851
chrM	11677	11678	622030
chrM	11678	11679	616592
chrM	11679	11680	601685
chrM	11680	11681	589799
chrM	11681	11682	574910
chrM	11682	11683	543640
chrM	11683	11684	529084
chrM	11684	11685	528081
chrM	11685	11686	526796
chrM	11686	11687	526633
chrM	11687	11688	526380
chrM	11688	11689	526040
chrM	11689	11690	524536
chrM	11690	11691	523900
chrM	11691	11692	523535
chrM	11692	11693	521684
chrM	11693	11694	525915
chrM	11694	11695	521702
chrM	11695	11696	516337
chrM	11696	11697	414365
chrM	11697	11698	407072
chrM	11698	11699	395007
chrM	11699	11700	384891
chrM	11700	11701	379669
chrM	11701	11702	329728
chrM	11702	11703	317541
chrM	11703	11704	248842
chrM	11704	11705	200869
chrM	11705	11706	188309
chrM	11706	11707	182023
chrM	11707	11708	179859
chrM	11708	11709	173509
chrM	11709	11710	171820
chrM	11710	11711	170672
chrM	11711	11712	167842
chrM	11712	11713	166556
chrM	11713	11714	166307
chrM	11714	11715	165875
chrM	11715	11716	165658
chrM	11716	11717	164399
chrM	11717	11718	163048
chrM	11718	11719	161682
chrM	11719	11720	160084
chrM	11720	11721	159717
chrM	11721	11722	159629
chrM	11722	11723	159601
chrM	11723	11724	159559
chrM	11724	11725	159539
chrM	11725	11726	159533
chrM	11726	11727	159532
chrM	11727	11728	159441
chrM	11728	11729	159346
chrM	11729	11730	159068
chrM	11730	11731	158410
chrM	11731	11732	157419
chrM	11732	11733	157320
chrM	11733	11734	157251
chrM	11734	11735	157212
chrM	11735	11736	157174
chrM	11736	11737	157132
chrM	11737	11738	157119
chrM	11738	11739	157136
chrM	11739	11740	157125
chrM	11740	11741	157116
chrM	11741	11742	157550
chrM	11742	11743	157509
chrM	11743	11744	157448
chrM	11744	11745	156219
chrM	11745	11746	154710
chrM	11746	11747	154538
chrM	11747	11748	154450
chrM	11748	11749	154446
chrM	11749	11750	154632
chrM	11750	11751	158806
chrM	11751	11752	159713
chrM	11752	11753	159258
chrM	11753	11754	173121
chrM	11754	11755	172872
chrM	11755	11756	165162
chrM	11756	11757	164507
chrM	11757	11758	163351
chrM	11758	11759	161052
chrM	11759	11760	159423
chrM	11760	11761	158731
chrM	11761	11762	158406
chrM	11762	11763	158335
chrM	11763	11764	158292
chrM	11764	11765	158290
chrM	11765	11766	158295
chrM	11766	11767	158279
chrM	11767	11768	158276
chrM	11768	11769	158291
chrM	11769	11770	158627
chrM	11770	11771	159403
chrM	11771	11772	159848
chrM	11772	11773	159746
chrM	11773	11774	159720
chrM	11774	11775	159533
chrM	11775	11776	159203
chrM	11776	11777	159190
chrM	11777	11778	158809
chrM	11778	11779	158738
chrM	11779	11780	158383
chrM	11780	11781	158345
chrM	11781	11782	158280
chrM	11782	11783	158170
chrM	11783	11784	156670
chrM	11784	11785	154052
chrM	11785	11786	153518
chrM	11786	11787	152633
chrM	11787	11788	152190
chrM	11788	11789	152064
chrM	11789	11790	152005
chrM	11790	11791	151979
chrM	11791	11792	152047
chrM	11792	11793	152032
chrM	11793	11794	151965
chrM	11794	11795	151721
chrM	11795	11796	151092
chrM	11796	11797	150859
chrM	11797	11798	150691
chrM	11798	11799	149430
chrM	11799	11800	147541
chrM	11800	11801	146940
chrM	11801	11802	146837
chrM	11802	11803	146779
chrM	11803	11804	146411
chrM	11804	11805	146125
chrM	11805	11806	145861
chrM	11806	11807	145722
chrM	11807	11808	145649
chrM	11808	11809	145571
chrM	11809	11810	145829
chrM	11810	11811	145835
chrM	11811	11812	144769
chrM	11812	11813	144442
chrM	11813	11814	143526
chrM	11814	11815	138721
chrM	11815	11816	138121
chrM	11816	11817	137007
chrM	11817	11818	131301
chrM	11818	11819	121518
chrM	11819	11820	114613
chrM	11820	11821	114270
chrM	11821	11822	113987
chrM	11822	11823	113851
chrM	11823	11824	114372
chrM	11824	11825	116000
chrM	11825	11826	116846
chrM	11826	11827	116590
chrM	11827	11828	116034
chrM	11828	11829	115428
chrM	11829	11830	112915
chrM	11830	11831	111342
chrM	11831	11832	108427
chrM	11832	11833	107340
chrM	11833	11834	107136
chrM	11834	11835	107133
chrM	11835	11836	107106
chrM	11836	11837	107064
chrM	11837	11838	106172
chrM	11838	11839	106177
chrM	11839	11840	105405
chrM	11840	11841	103673
chrM	11841	11842	102605
chrM	11842	11843	102369
chrM	11843	11844	102337
chrM	11844	11845	102277
chrM	11845	11846	102240
chrM	11846	11847	101519
chrM	11847	11848	103434
chrM	11848	11849	103359
chrM	11849	11850	102586
chrM	11850	11851	102380
chrM	11851	11852	102286
chrM	11852	11853	102157
chrM	11853	11854	101993
chrM	11854	11855	101620
chrM	11855	11856	101283
chrM	11856	11857	99118
chrM	11857	11858	99101
chrM	11858	11859	99078
chrM	11859	11860	99069
chrM	11860	11861	99051
chrM	11861	11862	99035
chrM	11862	11863	99026
chrM	11863	11864	99019
chrM	11864	11865	99010
chrM	11865	11866	99004
chrM	11866	11867	99000
chrM	11867	11868	98997
chrM	11868	11869	98994
chrM	11869	11870	98993
chrM	11870	11871	98989
chrM	11871	11872	98972
chrM	11872	11873	98962
chrM	11873	11874	98950
chrM	11874	11875	98921
chrM	11875	11876	98801
chrM	11876	11877	98764
chrM	11877	11878	98767
chrM	11878	11879	98676
chrM	11879	11880	98435
chrM	11880	11881	98421
chrM	11881	11882	98419
chrM	11882	11883	98332
chrM	11883	11884	96671
chrM	11884	11885	96671
chrM	11885	11886	96601
chrM	11886	11887	96382
chrM	11887	11888	94365
chrM	11888	11889	91919
chrM	11889	11890	91575
chrM	11890	11891	91168
chrM	11891	11892	90865
chrM	11892	11893	90732
chrM	11893	11894	90697
chrM	11894	11895	90592
chrM	11895	11896	90587
chrM	11896	11897	90593
chrM	11897	11898	90474
chrM	11898	11899	90446
chrM	11899	11900	90233
chrM	11900	11901	89498
chrM	11901	11902	88822
chrM	11902	11903	88050
chrM	11903	11904	87999
chrM	11904	11905	87973
chrM	11905	11906	87906
chrM	11906	11907	87877
chrM	11907	11908	87822
chrM	11908	11909	87806
chrM	11909	11910	87736
chrM	11910	11911	87715
chrM	11911	11912	87604
chrM	11912	11913	87548
chrM	11913	11914	87251
chrM	11914	11915	86958
chrM	11915	11916	86870
chrM	11916	11917	86696
chrM	11917	11918	86568
chrM	11918	11919	86537
chrM	11919	11920	86477
chrM	11920	11921	86400
chrM	11921	11922	86372
chrM	11922	11923	86358
chrM	11923	11924	86316
chrM	11924	11925	86294
chrM	11925	11926	86279
chrM	11926	11927	86267
chrM	11927	11928	85957
chrM	11928	11929	85946
chrM	11929	11930	85923
chrM	11930	11931	85915
chrM	11931	11932	85894
chrM	11932	11933	85871
chrM	11933	11934	85853
chrM	11934	11935	85842
chrM	11935	11936	85798
chrM	11936	11937	85776
chrM	11937	11938	85761
chrM	11938	11939	85737
chrM	11939	11940	85718
chrM	11940	11941	85713
chrM	11941	11942	85698
chrM	11942	11943	85690
chrM	11943	11944	85662
chrM	11944	11945	85620
chrM	11945	11946	85604
chrM	11946	11947	85576
chrM	11947	11948	85556
chrM	11948	11949	85462
chrM	11949	11950	85134
chrM	11950	11951	84683
chrM	11951	11952	84227
chrM	11952	11953	84012
chrM	11953	11954	83969
chrM	11954	11955	83947
chrM	11955	11956	83922
chrM	11956	11957	83906
chrM	11957	11958	83777
chrM	11958	11959	83774
chrM	11959	11960	83637
chrM	11960	11961	83629
chrM	11961	11962	83621
chrM	11962	11963	83382
chrM	11963	11964	82954
chrM	11964	11965	82554
chrM	11965	11966	82427
chrM	11966	11967	75741
chrM	11967	11968	75715
chrM	11968	11969	75523
chrM	11969	11970	75498
chrM	11970	11971	75141
chrM	11971	11972	75041
chrM	11972	11973	74855
chrM	11973	11974	71989
chrM	11974	11975	66239
chrM	11975	11976	64720
chrM	11976	11977	64484
chrM	11977	11978	65920
chrM	11978	11979	76999
chrM	11979	11980	82667
chrM	11980	11981	83683
chrM	11981	11982	83640
chrM	11982	11983	83496
chrM	11983	11984	82385
chrM	11984	11985	77686
chrM	11985	11986	74791
chrM	11986	11987	67287
chrM	11987	11988	65586
chrM	11988	11989	63971
chrM	11989	11990	62257
chrM	11990	11991	62000
chrM	11991	11992	62062
chrM	11992	11993	62992
chrM	11993	11994	66720
chrM	11994	11995	69973
chrM	11995	11996	67939
chrM	11996	11997	65699
chrM	11997	11998	64309
chrM	11998	11999	62783
chrM	11999	12000	62238
chrM	12000	12001	60329
chrM	12001	12002	59095
chrM	12002	12003	58017
chrM	12003	12004	57414
chrM	12004	12005	57323
chrM	12005	12006	57287
chrM	12006	12007	57266
chrM	12007	12008	57249
chrM	12008	12009	57236
chrM	12009	12010	57230
chrM	12010	12011	57188
chrM	12011	12012	57165
chrM	12012	12013	57165
chrM	12013	12014	57165
chrM	12014	12015	57166
chrM	12015	12016	57166
chrM	12016	12017	57166
chrM	12017	12018	57166
chrM	12018	12019	57169
chrM	12019	12020	57172
chrM	12020	12021	57180
chrM	12021	12022	57194
chrM	12022	12023	57208
chrM	12023	12024	57208
chrM	12024	12025	57210
chrM	12025	12026	57210
chrM	12026	12027	57215
chrM	12027	12028	57303
chrM	12028	12029	57312
chrM	12029	12030	57312
chrM	12030	12031	57315
chrM	12031	12032	57318
chrM	12032	12033	57318
chrM	12033	12034	57318
chrM	12034	12035	57318
chrM	12035	12036	57318
chrM	12036	12037	57318
chrM	12037	12038	57318
chrM	12038	12039	57318
chrM	12039	12040	57318
chrM	12040	12041	57320
chrM	12041	12042	57320
chrM	12042	12043	57343
chrM	12043	12044	57420
chrM	12044	12045	57436
chrM	12045	12046	57463
chrM	12046	12047	57488
chrM	12047	12048	57486
chrM	12048	12049	57490
chrM	12049	12050	57473
chrM	12050	12051	57465
chrM	12051	12052	57460
chrM	12052	12053	57517
chrM	12053	12054	57708
chrM	12054	12055	57694
chrM	12055	12056	57516
chrM	12056	12057	57530
chrM	12057	12058	57169
chrM	12058	12059	57138
chrM	12059	12060	56909
chrM	12060	12061	56641
chrM	12061	12062	56561
chrM	12062	12063	56539
chrM	12063	12064	56440
chrM	12064	12065	56311
chrM	12065	12066	56283
chrM	12066	12067	56263
chrM	12067	12068	56225
chrM	12068	12069	56215
chrM	12069	12070	56182
chrM	12070	12071	56170
chrM	12071	12072	56160
chrM	12072	12073	56086
chrM	12073	12074	56082
chrM	12074	12075	56065
chrM	12075	12076	56041
chrM	12076	12077	55984
chrM	12077	12078	55915
chrM	12078	12079	55868
chrM	12079	12080	55729
chrM	12080	12081	55554
chrM	12081	12082	55484
chrM	12082	12083	55477
chrM	12083	12084	55513
chrM	12084	12085	55555
chrM	12085	12086	56109
chrM	12086	12087	56080
chrM	12087	12088	55986
chrM	12088	12089	52237
chrM	12089	12090	50550
chrM	12090	12091	46353
chrM	12091	12092	44084
chrM	12092	12093	36265
chrM	12093	12094	34309
chrM	12094	12095	23326
chrM	12095	12096	19614
chrM	12096	12097	14966
chrM	12097	12098	12924
chrM	12098	12099	12586
chrM	12099	12100	12424
chrM	12100	12101	12332
chrM	12101	12102	12096
chrM	12102	12103	11972
chrM	12103	12104	9202
chrM	12104	12105	8535
chrM	12105	12106	8258
chrM	12106	12107	8004
chrM	12107	12108	7777
chrM	12108	12109	7743
chrM	12109	12110	7719
chrM	12110	12111	7704
chrM	12111	12112	7660
chrM	12112	12113	7634
chrM	12113	12114	7619
chrM	12114	12115	7612
chrM	12115	12116	7609
chrM	12116	12117	7602
chrM	12117	12118	7596
chrM	12118	12119	7593
chrM	12119	12120	7571
chrM	12120	12121	7555
chrM	12121	12122	7520
chrM	12122	12123	7501
chrM	12123	12124	7496
chrM	12124	12125	7477
chrM	12125	12126	7455
chrM	12126	12127	7439
chrM	12127	12128	7383
chrM	12128	12129	7363
chrM	12129	12130	7273
chrM	12130	12131	7155
chrM	12131	12132	7118
chrM	12132	12133	7102
chrM	12133	12134	7086
chrM	12134	12135	7069
chrM	12135	12136	7056
chrM	12136	12137	7031
chrM	12137	12138	6839
chrM	12138	12139	6755
chrM	12139	12140	6697
chrM	12140	12141	6413
chrM	12141	12142	6093
chrM	12142	12143	6046
chrM	12143	12144	5117
chrM	12144	12145	4586
chrM	12145	12146	4404
chrM	12146	12147	4160
chrM	12147	12148	3904
chrM	12148	12149	3623
chrM	12149	12150	3483
chrM	12150	12151	3316
chrM	12151	12152	3264
chrM	12152	12153	3232
chrM	12153	12154	3199
chrM	12154	12155	3170
chrM	12155	12156	3154
chrM	12156	12157	3130
chrM	12157	12158	3055
chrM	12158	12159	3053
chrM	12159	12160	3031
chrM	12160	12161	3022
chrM	12161	12162	3016
chrM	12162	12163	3014
chrM	12163	12164	3011
chrM	12164	12165	3007
chrM	12165	12166	2998
chrM	12166	12167	2996
chrM	12167	12168	2996
chrM	12168	12169	2996
chrM	12169	12170	2996
chrM	12170	12171	2993
chrM	12171	12172	2993
chrM	12172	12173	2995
chrM	12173	12174	2995
chrM	12174	12175	2995
chrM	12175	12176	2995
chrM	12176	12177	2995
chrM	12177	12178	2995
chrM	12178	12179	2995
chrM	12179	12180	2995
chrM	12180	12181	2995
chrM	12181	12182	2995
chrM	12182	12183	2995
chrM	12183	12184	2995
chrM	12184	12185	2995
chrM	12185	12186	2996
chrM	12186	12187	2995
chrM	12187	12188	2995
chrM	12188	12189	2994
chrM	12189	12190	2995
chrM	12190	12191	2996
chrM	12191	12192	2996
chrM	12192	12193	2996
chrM	12193	12194	2996
chrM	12194	12195	2996
chrM	12195	12196	2996
chrM	12196	12197	2992
chrM	12197	12198	2983
chrM	12198	12199	2982
chrM	12199	12200	2982
chrM	12200	12201	2982
chrM	12201	12202	2982
chrM	12202	12203	2981
chrM	12203	12204	2982
chrM	12204	12205	2982
chrM	12205	12206	2983
chrM	12206	12207	2984
chrM	12207	12208	2996
chrM	12208	12209	3001
chrM	12209	12210	3001
chrM	12210	12211	3044
chrM	12211	12212	3092
chrM	12212	12213	3113
chrM	12213	12214	3152
chrM	12214	12215	3179
chrM	12215	12216	3240
chrM	12216	12217	3337
chrM	12217	12218	3762
chrM	12218	12219	3775
chrM	12219	12220	4106
chrM	12220	12221	4122
chrM	12221	12222	4134
chrM	12222	12223	4289
chrM	12223	12224	4312
chrM	12224	12225	4405
chrM	12225	12226	4405
chrM	12226	12227	4429
chrM	12227	12228	4462
chrM	12228	12229	4487
chrM	12229	12230	4485
chrM	12230	12231	4483
chrM	12231	12232	4485
chrM	12232	12233	4507
chrM	12233	12234	6064
chrM	12234	12235	6330
chrM	12235	12236	6346
chrM	12236	12237	6354
chrM	12237	12238	6395
chrM	12238	12239	6931
chrM	12239	12240	6980
chrM	12240	12241	6998
chrM	12241	12242	7000
chrM	12242	12243	6989
chrM	12243	12244	6989
chrM	12244	12245	6986
chrM	12245	12246	6986
chrM	12246	12247	6980
chrM	12247	12248	6989
chrM	12248	12249	7052
chrM	12249	12250	7092
chrM	12250	12251	7128
chrM	12251	12252	7155
chrM	12252	12253	7161
chrM	12253	12254	7162
chrM	12254	12255	7155
chrM	12255	12256	7079
chrM	12256	12257	7056
chrM	12257	12258	7050
chrM	12258	12259	7051
chrM	12259	12260	7053
chrM	12260	12261	7069
chrM	12261	12262	7070
chrM	12262	12263	7070
chrM	12263	12264	7067
chrM	12264	12265	7066
chrM	12265	12266	7066
chrM	12266	12267	7061
chrM	12267	12268	7061
chrM	12268	12269	7060
chrM	12269	12270	7057
chrM	12270	12271	7057
chrM	12271	12272	7057
chrM	12272	12273	7057
chrM	12273	12274	7057
chrM	12274	12275	7057
chrM	12275	12276	7058
chrM	12276	12277	7059
chrM	12277	12278	7060
chrM	12278	12279	7062
chrM	12279	12280	7062
chrM	12280	12281	7065
chrM	12281	12282	7066
chrM	12282	12283	7066
chrM	12283	12284	7066
chrM	12284	12285	7065
chrM	12285	12286	7065
chrM	12286	12287	7065
chrM	12287	12288	7066
chrM	12288	12289	7066
chrM	12289	12290	7064
chrM	12290	12291	7062
chrM	12291	12292	7066
chrM	12292	12293	7066
chrM	12293	12294	7069
chrM	12294	12295	7076
chrM	12295	12296	7077
chrM	12296	12297	7078
chrM	12297	12298	7077
chrM	12298	12299	7093
chrM	12299	12300	7095
chrM	12300	12301	7109
chrM	12301	12302	7114
chrM	12302	12303	7131
chrM	12303	12304	7309
chrM	12304	12305	7520
chrM	12305	12306	7818
chrM	12306	12307	8123
chrM	12307	12308	8972
chrM	12308	12309	9008
chrM	12309	12310	9018
chrM	12310	12311	9037
chrM	12311	12312	9047
chrM	12312	12313	9047
chrM	12313	12314	8844
chrM	12314	12315	8855
chrM	12315	12316	8906
chrM	12316	12317	8919
chrM	12317	12318	9045
chrM	12318	12319	9143
chrM	12319	12320	9146
chrM	12320	12321	8848
chrM	12321	12322	8717
chrM	12322	12323	8627
chrM	12323	12324	8553
chrM	12324	12325	8417
chrM	12325	12326	8392
chrM	12326	12327	8436
chrM	12327	12328	8560
chrM	12328	12329	10313
chrM	12329	12330	12245
chrM	12330	12331	13465
chrM	12331	12332	14086
chrM	12332	12333	14240
chrM	12333	12334	14249
chrM	12334	12335	14040
chrM	12335	12336	14041
chrM	12336	12337	13858
chrM	12337	12338	13716
chrM	12338	12339	13430
chrM	12339	12340	13419
chrM	12340	12341	13417
chrM	12341	12342	13409
chrM	12342	12343	13437
chrM	12343	12344	13436
chrM	12344	12345	13435
chrM	12345	12346	13435
chrM	12346	12347	13376
chrM	12347	12348	13385
chrM	12348	12349	13371
chrM	12349	12350	13363
chrM	12350	12351	13360
chrM	12351	12352	13359
chrM	12352	12353	13359
chrM	12353	12354	13278
chrM	12354	12355	13278
chrM	12355	12356	13276
chrM	12356	12357	13266
chrM	12357	12358	13258
chrM	12358	12359	13246
chrM	12359	12360	13247
chrM	12360	12361	13247
chrM	12361	12362	13244
chrM	12362	12363	13273
chrM	12363	12364	13271
chrM	12364	12365	13268
chrM	12365	12366	13270
chrM	12366	12367	13269
chrM	12367	12368	13269
chrM	12368	12369	13269
chrM	12369	12370	13268
chrM	12370	12371	13266
chrM	12371	12372	13266
chrM	12372	12373	13267
chrM	12373	12374	13268
chrM	12374	12375	13275
chrM	12375	12376	13297
chrM	12376	12377	13324
chrM	12377	12378	13588
chrM	12378	12379	16075
chrM	12379	12380	16050
chrM	12380	12381	16005
chrM	12381	12382	15911
chrM	12382	12383	15769
chrM	12383	12384	15429
chrM	12384	12385	15361
chrM	12385	12386	14941
chrM	12386	12387	14818
chrM	12387	12388	14760
chrM	12388	12389	15076
chrM	12389	12390	19642
chrM	12390	12391	42870
chrM	12391	12392	46161
chrM	12392	12393	46410
chrM	12393	12394	46424
chrM	12394	12395	46244
chrM	12395	12396	46257
chrM	12396	12397	46189
chrM	12397	12398	46127
chrM	12398	12399	46084
chrM	12399	12400	46079
chrM	12400	12401	46077
chrM	12401	12402	46077
chrM	12402	12403	46055
chrM	12403	12404	46051
chrM	12404	12405	46069
chrM	12405	12406	46116
chrM	12406	12407	46125
chrM	12407	12408	46179
chrM	12408	12409	46191
chrM	12409	12410	46188
chrM	12410	12411	46168
chrM	12411	12412	45991
chrM	12412	12413	45930
chrM	12413	12414	45914
chrM	12414	12415	45909
chrM	12415	12416	45909
chrM	12416	12417	45921
chrM	12417	12418	45934
chrM	12418	12419	45938
chrM	12419	12420	45940
chrM	12420	12421	45845
chrM	12421	12422	45849
chrM	12422	12423	45828
chrM	12423	12424	45810
chrM	12424	12425	45807
chrM	12425	12426	45811
chrM	12426	12427	45812
chrM	12427	12428	45811
chrM	12428	12429	45811
chrM	12429	12430	45816
chrM	12430	12431	45829
chrM	12431	12432	45830
chrM	12432	12433	45830
chrM	12433	12434	45832
chrM	12434	12435	45866
chrM	12435	12436	45872
chrM	12436	12437	45920
chrM	12437	12438	45993
chrM	12438	12439	46254
chrM	12439	12440	46334
chrM	12440	12441	46409
chrM	12441	12442	46477
chrM	12442	12443	46480
chrM	12443	12444	46450
chrM	12444	12445	46438
chrM	12445	12446	46062
chrM	12446	12447	45993
chrM	12447	12448	45004
chrM	12448	12449	44818
chrM	12449	12450	44685
chrM	12450	12451	44606
chrM	12451	12452	44593
chrM	12452	12453	44591
chrM	12453	12454	44587
chrM	12454	12455	44586
chrM	12455	12456	44587
chrM	12456	12457	44586
chrM	12457	12458	44584
chrM	12458	12459	44584
chrM	12459	12460	44580
chrM	12460	12461	44580
chrM	12461	12462	44579
chrM	12462	12463	44578
chrM	12463	12464	44563
chrM	12464	12465	44554
chrM	12465	12466	44508
chrM	12466	12467	44501
chrM	12467	12468	44494
chrM	12468	12469	44492
chrM	12469	12470	44484
chrM	12470	12471	44460
chrM	12471	12472	44480
chrM	12472	12473	44551
chrM	12473	12474	44367
chrM	12474	12475	44426
chrM	12475	12476	44445
chrM	12476	12477	44415
chrM	12477	12478	43842
chrM	12478	12479	43703
chrM	12479	12480	42833
chrM	12480	12481	42562
chrM	12481	12482	41903
chrM	12482	12483	41872
chrM	12483	12484	41780
chrM	12484	12485	41766
chrM	12485	12486	41750
chrM	12486	12487	41708
chrM	12487	12488	41718
chrM	12488	12489	41725
chrM	12489	12490	41708
chrM	12490	12491	41710
chrM	12491	12492	41714
chrM	12492	12493	41651
chrM	12493	12494	41464
chrM	12494	12495	41345
chrM	12495	12496	41439
chrM	12496	12497	41684
chrM	12497	12498	41962
chrM	12498	12499	46788
chrM	12499	12500	46818
chrM	12500	12501	46793
chrM	12501	12502	46763
chrM	12502	12503	46674
chrM	12503	12504	46615
chrM	12504	12505	46575
chrM	12505	12506	46523
chrM	12506	12507	46506
chrM	12507	12508	46483
chrM	12508	12509	46431
chrM	12509	12510	46413
chrM	12510	12511	46383
chrM	12511	12512	46175
chrM	12512	12513	45612
chrM	12513	12514	45652
chrM	12514	12515	45790
chrM	12515	12516	45779
chrM	12516	12517	45751
chrM	12517	12518	45575
chrM	12518	12519	45387
chrM	12519	12520	38480
chrM	12520	12521	38410
chrM	12521	12522	37679
chrM	12522	12523	37369
chrM	12523	12524	37068
chrM	12524	12525	35991
chrM	12525	12526	35776
chrM	12526	12527	35093
chrM	12527	12528	33745
chrM	12528	12529	29465
chrM	12529	12530	27231
chrM	12530	12531	27030
chrM	12531	12532	26836
chrM	12532	12533	26722
chrM	12533	12534	26476
chrM	12534	12535	26457
chrM	12535	12536	26403
chrM	12536	12537	26391
chrM	12537	12538	26357
chrM	12538	12539	26353
chrM	12539	12540	26340
chrM	12540	12541	26339
chrM	12541	12542	26333
chrM	12542	12543	26326
chrM	12543	12544	26324
chrM	12544	12545	26321
chrM	12545	12546	26313
chrM	12546	12547	26312
chrM	12547	12548	26312
chrM	12548	12549	26016
chrM	12549	12550	26015
chrM	12550	12551	25999
chrM	12551	12552	25996
chrM	12552	12553	25994
chrM	12553	12554	25992
chrM	12554	12555	25991
chrM	12555	12556	26131
chrM	12556	12557	26145
chrM	12557	12558	26016
chrM	12558	12559	26046
chrM	12559	12560	26039
chrM	12560	12561	26053
chrM	12561	12562	25985
chrM	12562	12563	25991
chrM	12563	12564	25978
chrM	12564	12565	25588
chrM	12565	12566	25583
chrM	12566	12567	25603
chrM	12567	12568	22052
chrM	12568	12569	21654
chrM	12569	12570	21233
chrM	12570	12571	20363
chrM	12571	12572	19902
chrM	12572	12573	19436
chrM	12573	12574	19364
chrM	12574	12575	19339
chrM	12575	12576	19597
chrM	12576	12577	19569
chrM	12577	12578	19634
chrM	12578	12579	19692
chrM	12579	12580	19817
chrM	12580	12581	20073
chrM	12581	12582	20244
chrM	12582	12583	20502
chrM	12583	12584	20778
chrM	12584	12585	20502
chrM	12585	12586	20115
chrM	12586	12587	19932
chrM	12587	12588	19772
chrM	12588	12589	18561
chrM	12589	12590	19846
chrM	12590	12591	19856
chrM	12591	12592	19815
chrM	12592	12593	19864
chrM	12593	12594	21169
chrM	12594	12595	20956
chrM	12595	12596	20861
chrM	12596	12597	20787
chrM	12597	12598	20756
chrM	12598	12599	20673
chrM	12599	12600	21446
chrM	12600	12601	21428
chrM	12601	12602	21405
chrM	12602	12603	21407
chrM	12603	12604	21412
chrM	12604	12605	21703
chrM	12605	12606	21727
chrM	12606	12607	21739
chrM	12607	12608	21741
chrM	12608	12609	21754
chrM	12609	12610	21753
chrM	12610	12611	21752
chrM	12611	12612	21747
chrM	12612	12613	21747
chrM	12613	12614	21746
chrM	12614	12615	21744
chrM	12615	12616	21744
chrM	12616	12617	21744
chrM	12617	12618	21741
chrM	12618	12619	21737
chrM	12619	12620	21739
chrM	12620	12621	21784
chrM	12621	12622	21838
chrM	12622	12623	21757
chrM	12623	12624	22387
chrM	12624	12625	22435
chrM	12625	12626	22359
chrM	12626	12627	22333
chrM	12627	12628	22247
chrM	12628	12629	22029
chrM	12629	12630	21983
chrM	12630	12631	21936
chrM	12631	12632	22140
chrM	12632	12633	22703
chrM	12633	12634	22876
chrM	12634	12635	22883
chrM	12635	12636	22834
chrM	12636	12637	22442
chrM	12637	12638	21990
chrM	12638	12639	21761
chrM	12639	12640	21685
chrM	12640	12641	21645
chrM	12641	12642	21638
chrM	12642	12643	21649
chrM	12643	12644	21646
chrM	12644	12645	21655
chrM	12645	12646	21687
chrM	12646	12647	22628
chrM	12647	12648	22666
chrM	12648	12649	22630
chrM	12649	12650	22627
chrM	12650	12651	22620
chrM	12651	12652	22614
chrM	12652	12653	22612
chrM	12653	12654	22584
chrM	12654	12655	22558
chrM	12655	12656	22542
chrM	12656	12657	22527
chrM	12657	12658	22522
chrM	12658	12659	22521
chrM	12659	12660	22521
chrM	12660	12661	22550
chrM	12661	12662	22712
chrM	12662	12663	22867
chrM	12663	12664	23105
chrM	12664	12665	23413
chrM	12665	12666	23547
chrM	12666	12667	23794
chrM	12667	12668	23896
chrM	12668	12669	24118
chrM	12669	12670	24595
chrM	12670	12671	31272
chrM	12671	12672	31659
chrM	12672	12673	31685
chrM	12673	12674	31686
chrM	12674	12675	31269
chrM	12675	12676	31256
chrM	12676	12677	31022
chrM	12677	12678	30921
chrM	12678	12679	30899
chrM	12679	12680	30905
chrM	12680	12681	30904
chrM	12681	12682	30917
chrM	12682	12683	30951
chrM	12683	12684	30958
chrM	12684	12685	30948
chrM	12685	12686	30948
chrM	12686	12687	30944
chrM	12687	12688	30929
chrM	12688	12689	30931
chrM	12689	12690	30926
chrM	12690	12691	30918
chrM	12691	12692	30908
chrM	12692	12693	30910
chrM	12693	12694	30900
chrM	12694	12695	30972
chrM	12695	12696	31021
chrM	12696	12697	31035
chrM	12697	12698	31033
chrM	12698	12699	30988
chrM	12699	12700	28458
chrM	12700	12701	28409
chrM	12701	12702	28264
chrM	12702	12703	28225
chrM	12703	12704	28228
chrM	12704	12705	28628
chrM	12705	12706	28604
chrM	12706	12707	28509
chrM	12707	12708	29164
chrM	12708	12709	28492
chrM	12709	12710	27374
chrM	12710	12711	26903
chrM	12711	12712	26580
chrM	12712	12713	26130
chrM	12713	12714	25785
chrM	12714	12715	25632
chrM	12715	12716	25603
chrM	12716	12717	25600
chrM	12717	12718	25647
chrM	12718	12719	25749
chrM	12719	12720	26080
chrM	12720	12721	26360
chrM	12721	12722	26407
chrM	12722	12723	26374
chrM	12723	12724	26538
chrM	12724	12725	26513
chrM	12725	12726	26465
chrM	12726	12727	26436
chrM	12727	12728	26415
chrM	12728	12729	26410
chrM	12729	12730	26405
chrM	12730	12731	26403
chrM	12731	12732	26402
chrM	12732	12733	26210
chrM	12733	12734	26209
chrM	12734	12735	26198
chrM	12735	12736	26192
chrM	12736	12737	26187
chrM	12737	12738	26182
chrM	12738	12739	26144
chrM	12739	12740	26131
chrM	12740	12741	26109
chrM	12741	12742	26086
chrM	12742	12743	26076
chrM	12743	12744	26075
chrM	12744	12745	26075
chrM	12745	12746	26075
chrM	12746	12747	26074
chrM	12747	12748	26073
chrM	12748	12749	26071
chrM	12749	12750	25830
chrM	12750	12751	25827
chrM	12751	12752	25809
chrM	12752	12753	25797
chrM	12753	12754	25783
chrM	12754	12755	25618
chrM	12755	12756	25516
chrM	12756	12757	25195
chrM	12757	12758	24859
chrM	12758	12759	24762
chrM	12759	12760	24728
chrM	12760	12761	24680
chrM	12761	12762	24649
chrM	12762	12763	24635
chrM	12763	12764	24613
chrM	12764	12765	24613
chrM	12765	12766	24569
chrM	12766	12767	24496
chrM	12767	12768	24442
chrM	12768	12769	24417
chrM	12769	12770	24407
chrM	12770	12771	24388
chrM	12771	12772	24381
chrM	12772	12773	24364
chrM	12773	12774	24195
chrM	12774	12775	24107
chrM	12775	12776	23901
chrM	12776	12777	23658
chrM	12777	12778	23328
chrM	12778	12779	22912
chrM	12779	12780	21027
chrM	12780	12781	18191
chrM	12781	12782	17477
chrM	12782	12783	17081
chrM	12783	12784	17015
chrM	12784	12785	15989
chrM	12785	12786	15821
chrM	12786	12787	15065
chrM	12787	12788	12748
chrM	12788	12789	5255
chrM	12789	12790	4993
chrM	12790	12791	4777
chrM	12791	12792	4633
chrM	12792	12793	4481
chrM	12793	12794	4447
chrM	12794	12795	4418
chrM	12795	12796	4411
chrM	12796	12797	4400
chrM	12797	12798	4326
chrM	12798	12799	4307
chrM	12799	12800	4249
chrM	12800	12801	4179
chrM	12801	12802	4150
chrM	12802	12803	4143
chrM	12803	12804	4140
chrM	12804	12805	4137
chrM	12805	12806	4078
chrM	12806	12807	4076
chrM	12807	12808	4034
chrM	12808	12809	3996
chrM	12809	12810	3979
chrM	12810	12811	3898
chrM	12811	12812	3510
chrM	12812	12813	3266
chrM	12813	12814	3095
chrM	12814	12815	2908
chrM	12815	12816	2895
chrM	12816	12817	2805
chrM	12817	12818	2788
chrM	12818	12819	2753
chrM	12819	12820	2718
chrM	12820	12821	2602
chrM	12821	12822	2555
chrM	12822	12823	2291
chrM	12823	12824	2235
chrM	12824	12825	2181
chrM	12825	12826	2155
chrM	12826	12827	2134
chrM	12827	12828	2103
chrM	12828	12829	2070
chrM	12829	12830	2051
chrM	12830	12831	2045
chrM	12831	12832	2042
chrM	12832	12833	2040
chrM	12833	12834	2037
chrM	12834	12835	2006
chrM	12835	12836	2004
chrM	12836	12837	1991
chrM	12837	12838	1989
chrM	12838	12839	1987
chrM	12839	12840	1985
chrM	12840	12841	1985
chrM	12841	12842	1985
chrM	12842	12843	1984
chrM	12843	12844	1983
chrM	12844	12845	1977
chrM	12845	12846	1977
chrM	12846	12847	1977
chrM	12847	12848	1977
chrM	12848	12849	1975
chrM	12849	12850	1958
chrM	12850	12851	1954
chrM	12851	12852	1952
chrM	12852	12853	1947
chrM	12853	12854	1946
chrM	12854	12855	1946
chrM	12855	12856	1946
chrM	12856	12857	1945
chrM	12857	12858	1939
chrM	12858	12859	1936
chrM	12859	12860	1928
chrM	12860	12861	1922
chrM	12861	12862	1922
chrM	12862	12863	1920
chrM	12863	12864	1920
chrM	12864	12865	1919
chrM	12865	12866	1919
chrM	12866	12867	1918
chrM	12867	12868	1918
chrM	12868	12869	1918
chrM	12869	12870	1916
chrM	12870	12871	1914
chrM	12871	12872	1911
chrM	12872	12873	1911
chrM	12873	12874	1911
chrM	12874	12875	1904
chrM	12875	12876	1904
chrM	12876	12877	1914
chrM	12877	12878	1914
chrM	12878	12879	1915
chrM	12879	12880	1914
chrM	12880	12881	1914
chrM	12881	12882	1913
chrM	12882	12883	1913
chrM	12883	12884	1913
chrM	12884	12885	1911
chrM	12885	12886	1911
chrM	12886	12887	1910
chrM	12887	12888	1910
chrM	12888	12889	1910
chrM	12889	12890	1910
chrM	12890	12891	1910
chrM	12891	12892	1910
chrM	12892	12893	1910
chrM	12893	12894	1910
chrM	12894	12895	1910
chrM	12895	12896	1909
chrM	12896	12897	1909
chrM	12897	12898	1909
chrM	12898	12899	1908
chrM	12899	12900	1908
chrM	12900	12901	1908
chrM	12901	12902	1908
chrM	12902	12903	1910
chrM	12903	12904	1910
chrM	12904	12905	1910
chrM	12905	12906	1911
chrM	12906	12907	1911
chrM	12907	12908	1911
chrM	12908	12909	1911
chrM	12909	12910	1911
chrM	12910	12911	1910
chrM	12911	12912	1910
chrM	12912	12913	1910
chrM	12913	12914	1910
chrM	12914	12915	1910
chrM	12915	12916	1909
chrM	12916	12917	1908
chrM	12917	12918	1908
chrM	12918	12919	1873
chrM	12919	12920	1868
chrM	12920	12921	1862
chrM	12921	12922	1862
chrM	12922	12923	1853
chrM	12923	12924	1852
chrM	12924	12925	1844
chrM	12925	12926	1844
chrM	12926	12927	1844
chrM	12927	12928	1845
chrM	12928	12929	1844
chrM	12929	12930	1844
chrM	12930	12931	1842
chrM	12931	12932	1841
chrM	12932	12933	1842
chrM	12933	12934	1841
chrM	12934	12935	1840
chrM	12935	12936	1809
chrM	12936	12937	1804
chrM	12937	12938	1796
chrM	12938	12939	1796
chrM	12939	12940	1795
chrM	12940	12941	1795
chrM	12941	12942	1795
chrM	12942	12943	1794
chrM	12943	12944	1794
chrM	12944	12945	1794
chrM	12945	12946	1794
chrM	12946	12947	1794
chrM	12947	12948	1794
chrM	12948	12949	1794
chrM	12949	12950	1794
chrM	12950	12951	1794
chrM	12951	12952	1794
chrM	12952	12953	1794
chrM	12953	12954	1794
chrM	12954	12955	1794
chrM	12955	12956	1794
chrM	12956	12957	1794
chrM	12957	12958	1794
chrM	12958	12959	1793
chrM	12959	12960	1793
chrM	12960	12961	1793
chrM	12961	12962	1793
chrM	12962	12963	1793
chrM	12963	12964	1793
chrM	12964	12965	1793
chrM	12965	12966	1793
chrM	12966	12967	1793
chrM	12967	12968	1793
chrM	12968	12969	1793
chrM	12969	12970	1793
chrM	12970	12971	1793
chrM	12971	12972	1793
chrM	12972	12973	1793
chrM	12973	12974	1793
chrM	12974	12975	1791
chrM	12975	12976	1790
chrM	12976	12977	1790
chrM	12977	12978	1790
chrM	12978	12979	1790
chrM	12979	12980	1790
chrM	12980	12981	1790
chrM	12981	12982	1790
chrM	12982	12983	1790
chrM	12983	12984	1790
chrM	12984	12985	1790
chrM	12985	12986	1790
chrM	12986	12987	1791
chrM	12987	12988	1792
chrM	12988	12989	1792
chrM	12989	12990	1792
chrM	12990	12991	1792
chrM	12991	12992	1792
chrM	12992	12993	1792
chrM	12993	12994	1792
chrM	12994	12995	1792
chrM	12995	12996	1792
chrM	12996	12997	1792
chrM	12997	12998	1790
chrM	12998	12999	1790
chrM	12999	13000	1790
chrM	13000	13001	1790
chrM	13001	13002	1790
chrM	13002	13003	1790
chrM	13003	13004	1790
chrM	13004	13005	1790
chrM	13005	13006	1790
chrM	13006	13007	1790
chrM	13007	13008	1790
chrM	13008	13009	1790
chrM	13009	13010	1792
chrM	13010	13011	1792
chrM	13011	13012	1795
chrM	13012	13013	1802
chrM	13013	13014	1809
chrM	13014	13015	1812
chrM	13015	13016	1817
chrM	13016	13017	1819
chrM	13017	13018	1820
chrM	13018	13019	1821
chrM	13019	13020	1816
chrM	13020	13021	1816
chrM	13021	13022	1817
chrM	13022	13023	1816
chrM	13023	13024	1820
chrM	13024	13025	1823
chrM	13025	13026	1823
chrM	13026	13027	1823
chrM	13027	13028	1823
chrM	13028	13029	1822
chrM	13029	13030	1818
chrM	13030	13031	1816
chrM	13031	13032	1816
chrM	13032	13033	1816
chrM	13033	13034	1821
chrM	13034	13035	1821
chrM	13035	13036	1821
chrM	13036	13037	1821
chrM	13037	13038	1829
chrM	13038	13039	1835
chrM	13039	13040	1838
chrM	13040	13041	1838
chrM	13041	13042	1838
chrM	13042	13043	1838
chrM	13043	13044	1836
chrM	13044	13045	1836
chrM	13045	13046	1836
chrM	13046	13047	1838
chrM	13047	13048	1839
chrM	13048	13049	1839
chrM	13049	13050	1839
chrM	13050	13051	1839
chrM	13051	13052	1839
chrM	13052	13053	1839
chrM	13053	13054	1840
chrM	13054	13055	1840
chrM	13055	13056	1840
chrM	13056	13057	1848
chrM	13057	13058	1913
chrM	13058	13059	1937
chrM	13059	13060	1941
chrM	13060	13061	1946
chrM	13061	13062	1954
chrM	13062	13063	1961
chrM	13063	13064	1972
chrM	13064	13065	1975
chrM	13065	13066	1987
chrM	13066	13067	1982
chrM	13067	13068	1978
chrM	13068	13069	1979
chrM	13069	13070	1976
chrM	13070	13071	1968
chrM	13071	13072	1951
chrM	13072	13073	1953
chrM	13073	13074	1951
chrM	13074	13075	1951
chrM	13075	13076	1951
chrM	13076	13077	1963
chrM	13077	13078	1967
chrM	13078	13079	2032
chrM	13079	13080	2038
chrM	13080	13081	2038
chrM	13081	13082	2037
chrM	13082	13083	2037
chrM	13083	13084	2036
chrM	13084	13085	2045
chrM	13085	13086	2056
chrM	13086	13087	2079
chrM	13087	13088	2094
chrM	13088	13089	2110
chrM	13089	13090	2116
chrM	13090	13091	2124
chrM	13091	13092	2128
chrM	13092	13093	2128
chrM	13093	13094	2123
chrM	13094	13095	2125
chrM	13095	13096	2125
chrM	13096	13097	2124
chrM	13097	13098	2121
chrM	13098	13099	2112
chrM	13099	13100	2111
chrM	13100	13101	2109
chrM	13101	13102	2109
chrM	13102	13103	2109
chrM	13103	13104	2110
chrM	13104	13105	2110
chrM	13105	13106	2108
chrM	13106	13107	2108
chrM	13107	13108	2107
chrM	13108	13109	2107
chrM	13109	13110	2104
chrM	13110	13111	2103
chrM	13111	13112	2102
chrM	13112	13113	2107
chrM	13113	13114	2108
chrM	13114	13115	2105
chrM	13115	13116	2109
chrM	13116	13117	2104
chrM	13117	13118	2153
chrM	13118	13119	2152
chrM	13119	13120	2149
chrM	13120	13121	2149
chrM	13121	13122	2149
chrM	13122	13123	2150
chrM	13123	13124	2149
chrM	13124	13125	2149
chrM	13125	13126	2149
chrM	13126	13127	2149
chrM	13127	13128	2149
chrM	13128	13129	2148
chrM	13129	13130	2147
chrM	13130	13131	2147
chrM	13131	13132	2147
chrM	13132	13133	2145
chrM	13133	13134	2143
chrM	13134	13135	2145
chrM	13135	13136	2144
chrM	13136	13137	2147
chrM	13137	13138	2149
chrM	13138	13139	2146
chrM	13139	13140	2146
chrM	13140	13141	2146
chrM	13141	13142	2146
chrM	13142	13143	2146
chrM	13143	13144	2146
chrM	13144	13145	2145
chrM	13145	13146	2145
chrM	13146	13147	2145
chrM	13147	13148	2145
chrM	13148	13149	2145
chrM	13149	13150	2145
chrM	13150	13151	2145
chrM	13151	13152	2145
chrM	13152	13153	2146
chrM	13153	13154	2149
chrM	13154	13155	2148
chrM	13155	13156	2148
chrM	13156	13157	2147
chrM	13157	13158	2144
chrM	13158	13159	2141
chrM	13159	13160	2142
chrM	13160	13161	2142
chrM	13161	13162	2142
chrM	13162	13163	2142
chrM	13163	13164	2142
chrM	13164	13165	2141
chrM	13165	13166	2142
chrM	13166	13167	2139
chrM	13167	13168	2138
chrM	13168	13169	2137
chrM	13169	13170	2137
chrM	13170	13171	2137
chrM	13171	13172	2136
chrM	13172	13173	2136
chrM	13173	13174	2136
chrM	13174	13175	2136
chrM	13175	13176	2136
chrM	13176	13177	2134
chrM	13177	13178	2134
chrM	13178	13179	2133
chrM	13179	13180	2119
chrM	13180	13181	2101
chrM	13181	13182	2092
chrM	13182	13183	2054
chrM	13183	13184	2037
chrM	13184	13185	2031
chrM	13185	13186	2027
chrM	13186	13187	2027
chrM	13187	13188	2030
chrM	13188	13189	2029
chrM	13189	13190	2029
chrM	13190	13191	2024
chrM	13191	13192	2023
chrM	13192	13193	2022
chrM	13193	13194	2022
chrM	13194	13195	1995
chrM	13195	13196	1926
chrM	13196	13197	1921
chrM	13197	13198	1921
chrM	13198	13199	1921
chrM	13199	13200	1912
chrM	13200	13201	1903
chrM	13201	13202	1902
chrM	13202	13203	1902
chrM	13203	13204	1903
chrM	13204	13205	1908
chrM	13205	13206	1928
chrM	13206	13207	1930
chrM	13207	13208	1928
chrM	13208	13209	1922
chrM	13209	13210	1870
chrM	13210	13211	1753
chrM	13211	13212	1720
chrM	13212	13213	1707
chrM	13213	13214	1704
chrM	13214	13215	1703
chrM	13215	13216	1703
chrM	13216	13217	1703
chrM	13217	13218	1703
chrM	13218	13219	1703
chrM	13219	13220	1703
chrM	13220	13221	1703
chrM	13221	13222	1703
chrM	13222	13223	1702
chrM	13223	13224	1702
chrM	13224	13225	1702
chrM	13225	13226	1702
chrM	13226	13227	1702
chrM	13227	13228	1702
chrM	13228	13229	1702
chrM	13229	13230	1702
chrM	13230	13231	1701
chrM	13231	13232	1701
chrM	13232	13233	1700
chrM	13233	13234	1700
chrM	13234	13235	1699
chrM	13235	13236	1700
chrM	13236	13237	1699
chrM	13237	13238	1698
chrM	13238	13239	1689
chrM	13239	13240	1689
chrM	13240	13241	1689
chrM	13241	13242	1684
chrM	13242	13243	1681
chrM	13243	13244	1670
chrM	13244	13245	1668
chrM	13245	13246	1668
chrM	13246	13247	1657
chrM	13247	13248	1650
chrM	13248	13249	1631
chrM	13249	13250	1608
chrM	13250	13251	1597
chrM	13251	13252	1597
chrM	13252	13253	1597
chrM	13253	13254	1597
chrM	13254	13255	1597
chrM	13255	13256	1598
chrM	13256	13257	1597
chrM	13257	13258	1596
chrM	13258	13259	1595
chrM	13259	13260	1598
chrM	13260	13261	1598
chrM	13261	13262	1597
chrM	13262	13263	1596
chrM	13263	13264	1590
chrM	13264	13265	1588
chrM	13265	13266	1586
chrM	13266	13267	1584
chrM	13267	13268	1584
chrM	13268	13269	1584
chrM	13269	13270	1583
chrM	13270	13271	1582
chrM	13271	13272	1582
chrM	13272	13273	1582
chrM	13273	13274	1582
chrM	13274	13275	1582
chrM	13275	13276	1581
chrM	13276	13277	1580
chrM	13277	13278	1578
chrM	13278	13279	1571
chrM	13279	13280	1564
chrM	13280	13281	1555
chrM	13281	13282	1551
chrM	13282	13283	1550
chrM	13283	13284	1549
chrM	13284	13285	1550
chrM	13285	13286	1548
chrM	13286	13287	1546
chrM	13287	13288	1545
chrM	13288	13289	1545
chrM	13289	13290	1547
chrM	13290	13291	1549
chrM	13291	13292	1549
chrM	13292	13293	1548
chrM	13293	13294	1541
chrM	13294	13295	1517
chrM	13295	13296	1515
chrM	13296	13297	1515
chrM	13297	13298	1513
chrM	13298	13299	1513
chrM	13299	13300	1512
chrM	13300	13301	1511
chrM	13301	13302	1508
chrM	13302	13303	1508
chrM	13303	13304	1508
chrM	13304	13305	1508
chrM	13305	13306	1508
chrM	13306	13307	1508
chrM	13307	13308	1506
chrM	13308	13309	1506
chrM	13309	13310	1506
chrM	13310	13311	1510
chrM	13311	13312	1510
chrM	13312	13313	1507
chrM	13313	13314	1506
chrM	13314	13315	1504
chrM	13315	13316	1502
chrM	13316	13317	1502
chrM	13317	13318	1501
chrM	13318	13319	1498
chrM	13319	13320	1498
chrM	13320	13321	1498
chrM	13321	13322	1497
chrM	13322	13323	1497
chrM	13323	13324	1497
chrM	13324	13325	1498
chrM	13325	13326	1497
chrM	13326	13327	1500
chrM	13327	13328	1501
chrM	13328	13329	1505
chrM	13329	13330	1505
chrM	13330	13331	1642
chrM	13331	13332	1647
chrM	13332	13333	1651
chrM	13333	13334	1652
chrM	13334	13335	1654
chrM	13335	13336	1656
chrM	13336	13337	1657
chrM	13337	13338	1656
chrM	13338	13339	1656
chrM	13339	13340	1658
chrM	13340	13341	1656
chrM	13341	13342	1656
chrM	13342	13343	1650
chrM	13343	13344	1651
chrM	13344	13345	1650
chrM	13345	13346	1645
chrM	13346	13347	1643
chrM	13347	13348	1646
chrM	13348	13349	1652
chrM	13349	13350	1660
chrM	13350	13351	1674
chrM	13351	13352	1679
chrM	13352	13353	1680
chrM	13353	13354	1679
chrM	13354	13355	1679
chrM	13355	13356	1675
chrM	13356	13357	1675
chrM	13357	13358	1677
chrM	13358	13359	1681
chrM	13359	13360	1685
chrM	13360	13361	1694
chrM	13361	13362	1705
chrM	13362	13363	1706
chrM	13363	13364	1705
chrM	13364	13365	1708
chrM	13365	13366	1718
chrM	13366	13367	1738
chrM	13367	13368	1757
chrM	13368	13369	1759
chrM	13369	13370	1760
chrM	13370	13371	1768
chrM	13371	13372	1769
chrM	13372	13373	1782
chrM	13373	13374	1788
chrM	13374	13375	1802
chrM	13375	13376	1822
chrM	13376	13377	1854
chrM	13377	13378	1930
chrM	13378	13379	2717
chrM	13379	13380	2752
chrM	13380	13381	2763
chrM	13381	13382	2932
chrM	13382	13383	3252
chrM	13383	13384	3284
chrM	13384	13385	3382
chrM	13385	13386	4294
chrM	13386	13387	4404
chrM	13387	13388	4578
chrM	13388	13389	4684
chrM	13389	13390	4710
chrM	13390	13391	4756
chrM	13391	13392	4767
chrM	13392	13393	4773
chrM	13393	13394	4839
chrM	13394	13395	4844
chrM	13395	13396	5234
chrM	13396	13397	5238
chrM	13397	13398	5244
chrM	13398	13399	5247
chrM	13399	13400	5249
chrM	13400	13401	5249
chrM	13401	13402	5254
chrM	13402	13403	5250
chrM	13403	13404	5278
chrM	13404	13405	5273
chrM	13405	13406	5273
chrM	13406	13407	5278
chrM	13407	13408	5290
chrM	13408	13409	5369
chrM	13409	13410	5378
chrM	13410	13411	5424
chrM	13411	13412	5433
chrM	13412	13413	5434
chrM	13413	13414	5639
chrM	13414	13415	5644
chrM	13415	13416	5652
chrM	13416	13417	5689
chrM	13417	13418	5750
chrM	13418	13419	5777
chrM	13419	13420	5790
chrM	13420	13421	5799
chrM	13421	13422	5958
chrM	13422	13423	5973
chrM	13423	13424	5973
chrM	13424	13425	5974
chrM	13425	13426	6008
chrM	13426	13427	6042
chrM	13427	13428	6046
chrM	13428	13429	6139
chrM	13429	13430	6139
chrM	13430	13431	6145
chrM	13431	13432	6147
chrM	13432	13433	6157
chrM	13433	13434	6224
chrM	13434	13435	6298
chrM	13435	13436	6320
chrM	13436	13437	6424
chrM	13437	13438	6435
chrM	13438	13439	6447
chrM	13439	13440	6446
chrM	13440	13441	6446
chrM	13441	13442	6444
chrM	13442	13443	6444
chrM	13443	13444	6445
chrM	13444	13445	6451
chrM	13445	13446	6451
chrM	13446	13447	6452
chrM	13447	13448	6452
chrM	13448	13449	6463
chrM	13449	13450	6471
chrM	13450	13451	6479
chrM	13451	13452	6496
chrM	13452	13453	6567
chrM	13453	13454	6928
chrM	13454	13455	6991
chrM	13455	13456	7014
chrM	13456	13457	7293
chrM	13457	13458	7278
chrM	13458	13459	7268
chrM	13459	13460	7383
chrM	13460	13461	7719
chrM	13461	13462	8634
chrM	13462	13463	9203
chrM	13463	13464	12843
chrM	13464	13465	14886
chrM	13465	13466	15108
chrM	13466	13467	15149
chrM	13467	13468	15177
chrM	13468	13469	15439
chrM	13469	13470	16108
chrM	13470	13471	16814
chrM	13471	13472	17228
chrM	13472	13473	18467
chrM	13473	13474	18477
chrM	13474	13475	18478
chrM	13475	13476	18487
chrM	13476	13477	18506
chrM	13477	13478	18574
chrM	13478	13479	18597
chrM	13479	13480	18592
chrM	13480	13481	18593
chrM	13481	13482	18599
chrM	13482	13483	18617
chrM	13483	13484	18625
chrM	13484	13485	18724
chrM	13485	13486	18797
chrM	13486	13487	18802
chrM	13487	13488	18802
chrM	13488	13489	18796
chrM	13489	13490	18796
chrM	13490	13491	18861
chrM	13491	13492	18867
chrM	13492	13493	18856
chrM	13493	13494	18860
chrM	13494	13495	18861
chrM	13495	13496	18861
chrM	13496	13497	18863
chrM	13497	13498	18865
chrM	13498	13499	18913
chrM	13499	13500	19063
chrM	13500	13501	19236
chrM	13501	13502	19262
chrM	13502	13503	19342
chrM	13503	13504	19355
chrM	13504	13505	19418
chrM	13505	13506	19421
chrM	13506	13507	19480
chrM	13507	13508	19495
chrM	13508	13509	19514
chrM	13509	13510	19527
chrM	13510	13511	19543
chrM	13511	13512	19608
chrM	13512	13513	19605
chrM	13513	13514	19599
chrM	13514	13515	19549
chrM	13515	13516	19537
chrM	13516	13517	19528
chrM	13517	13518	19526
chrM	13518	13519	19526
chrM	13519	13520	19525
chrM	13520	13521	19525
chrM	13521	13522	19525
chrM	13522	13523	19527
chrM	13523	13524	19527
chrM	13524	13525	19527
chrM	13525	13526	19527
chrM	13526	13527	19527
chrM	13527	13528	19525
chrM	13528	13529	19524
chrM	13529	13530	19525
chrM	13530	13531	19528
chrM	13531	13532	19530
chrM	13532	13533	19531
chrM	13533	13534	19533
chrM	13534	13535	19557
chrM	13535	13536	19556
chrM	13536	13537	19599
chrM	13537	13538	19551
chrM	13538	13539	19545
chrM	13539	13540	19361
chrM	13540	13541	19358
chrM	13541	13542	19374
chrM	13542	13543	19443
chrM	13543	13544	19661
chrM	13544	13545	19724
chrM	13545	13546	19776
chrM	13546	13547	19774
chrM	13547	13548	19770
chrM	13548	13549	19458
chrM	13549	13550	19187
chrM	13550	13551	18891
chrM	13551	13552	18835
chrM	13552	13553	18811
chrM	13553	13554	18797
chrM	13554	13555	18780
chrM	13555	13556	18782
chrM	13556	13557	18782
chrM	13557	13558	18787
chrM	13558	13559	18792
chrM	13559	13560	18794
chrM	13560	13561	18791
chrM	13561	13562	18792
chrM	13562	13563	18788
chrM	13563	13564	18789
chrM	13564	13565	18788
chrM	13565	13566	18789
chrM	13566	13567	18788
chrM	13567	13568	18770
chrM	13568	13569	17510
chrM	13569	13570	17417
chrM	13570	13571	17397
chrM	13571	13572	17391
chrM	13572	13573	17382
chrM	13573	13574	17319
chrM	13574	13575	17318
chrM	13575	13576	17321
chrM	13576	13577	17311
chrM	13577	13578	17288
chrM	13578	13579	17265
chrM	13579	13580	16882
chrM	13580	13581	16586
chrM	13581	13582	16556
chrM	13582	13583	16550
chrM	13583	13584	16547
chrM	13584	13585	16545
chrM	13585	13586	16546
chrM	13586	13587	16545
chrM	13587	13588	16541
chrM	13588	13589	16541
chrM	13589	13590	16540
chrM	13590	13591	16540
chrM	13591	13592	16540
chrM	13592	13593	16541
chrM	13593	13594	16540
chrM	13594	13595	16557
chrM	13595	13596	16561
chrM	13596	13597	16562
chrM	13597	13598	16575
chrM	13598	13599	16594
chrM	13599	13600	16618
chrM	13600	13601	16818
chrM	13601	13602	16807
chrM	13602	13603	16835
chrM	13603	13604	16834
chrM	13604	13605	16793
chrM	13605	13606	16668
chrM	13606	13607	13843
chrM	13607	13608	4302
chrM	13608	13609	3561
chrM	13609	13610	3503
chrM	13610	13611	3502
chrM	13611	13612	3494
chrM	13612	13613	3509
chrM	13613	13614	3536
chrM	13614	13615	4447
chrM	13615	13616	4590
chrM	13616	13617	4626
chrM	13617	13618	4646
chrM	13618	13619	4675
chrM	13619	13620	4644
chrM	13620	13621	4597
chrM	13621	13622	4592
chrM	13622	13623	4591
chrM	13623	13624	4541
chrM	13624	13625	4630
chrM	13625	13626	5194
chrM	13626	13627	5197
chrM	13627	13628	5180
chrM	13628	13629	5178
chrM	13629	13630	5183
chrM	13630	13631	5169
chrM	13631	13632	5162
chrM	13632	13633	5162
chrM	13633	13634	5164
chrM	13634	13635	5164
chrM	13635	13636	5164
chrM	13636	13637	5164
chrM	13637	13638	5165
chrM	13638	13639	5167
chrM	13639	13640	5165
chrM	13640	13641	5165
chrM	13641	13642	5165
chrM	13642	13643	5166
chrM	13643	13644	5173
chrM	13644	13645	5190
chrM	13645	13646	5198
chrM	13646	13647	5212
chrM	13647	13648	5214
chrM	13648	13649	5214
chrM	13649	13650	5238
chrM	13650	13651	5239
chrM	13651	13652	5239
chrM	13652	13653	5245
chrM	13653	13654	5247
chrM	13654	13655	5251
chrM	13655	13656	5252
chrM	13656	13657	5254
chrM	13657	13658	5261
chrM	13658	13659	5264
chrM	13659	13660	5267
chrM	13660	13661	5273
chrM	13661	13662	5275
chrM	13662	13663	5277
chrM	13663	13664	5278
chrM	13664	13665	5278
chrM	13665	13666	5299
chrM	13666	13667	5316
chrM	13667	13668	5392
chrM	13668	13669	5397
chrM	13669	13670	5393
chrM	13670	13671	5403
chrM	13671	13672	5441
chrM	13672	13673	5445
chrM	13673	13674	5452
chrM	13674	13675	5430
chrM	13675	13676	5556
chrM	13676	13677	5556
chrM	13677	13678	5548
chrM	13678	13679	5547
chrM	13679	13680	5542
chrM	13680	13681	5549
chrM	13681	13682	5546
chrM	13682	13683	5555
chrM	13683	13684	5569
chrM	13684	13685	5711
chrM	13685	13686	5907
chrM	13686	13687	5990
chrM	13687	13688	6033
chrM	13688	13689	6181
chrM	13689	13690	6316
chrM	13690	13691	6510
chrM	13691	13692	6544
chrM	13692	13693	7586
chrM	13693	13694	7533
chrM	13694	13695	7428
chrM	13695	13696	7411
chrM	13696	13697	7180
chrM	13697	13698	7234
chrM	13698	13699	7207
chrM	13699	13700	6798
chrM	13700	13701	6815
chrM	13701	13702	6841
chrM	13702	13703	6860
chrM	13703	13704	6862
chrM	13704	13705	6888
chrM	13705	13706	6886
chrM	13706	13707	6882
chrM	13707	13708	6864
chrM	13708	13709	6842
chrM	13709	13710	6833
chrM	13710	13711	6845
chrM	13711	13712	6937
chrM	13712	13713	7030
chrM	13713	13714	7794
chrM	13714	13715	7901
chrM	13715	13716	7905
chrM	13716	13717	7907
chrM	13717	13718	7862
chrM	13718	13719	7736
chrM	13719	13720	7716
chrM	13720	13721	7697
chrM	13721	13722	8294
chrM	13722	13723	8311
chrM	13723	13724	9257
chrM	13724	13725	9508
chrM	13725	13726	9639
chrM	13726	13727	9663
chrM	13727	13728	9601
chrM	13728	13729	9589
chrM	13729	13730	9509
chrM	13730	13731	9425
chrM	13731	13732	9360
chrM	13732	13733	9330
chrM	13733	13734	9320
chrM	13734	13735	9318
chrM	13735	13736	9315
chrM	13736	13737	9310
chrM	13737	13738	9309
chrM	13738	13739	9305
chrM	13739	13740	9295
chrM	13740	13741	9289
chrM	13741	13742	9267
chrM	13742	13743	9250
chrM	13743	13744	9163
chrM	13744	13745	9130
chrM	13745	13746	9112
chrM	13746	13747	9097
chrM	13747	13748	9077
chrM	13748	13749	9077
chrM	13749	13750	9077
chrM	13750	13751	9052
chrM	13751	13752	9030
chrM	13752	13753	9032
chrM	13753	13754	9026
chrM	13754	13755	9027
chrM	13755	13756	9035
chrM	13756	13757	9021
chrM	13757	13758	8991
chrM	13758	13759	8953
chrM	13759	13760	8832
chrM	13760	13761	8805
chrM	13761	13762	8806
chrM	13762	13763	8806
chrM	13763	13764	8813
chrM	13764	13765	8804
chrM	13765	13766	8771
chrM	13766	13767	8734
chrM	13767	13768	8726
chrM	13768	13769	8690
chrM	13769	13770	8684
chrM	13770	13771	8683
chrM	13771	13772	8681
chrM	13772	13773	8678
chrM	13773	13774	8674
chrM	13774	13775	8673
chrM	13775	13776	8671
chrM	13776	13777	8666
chrM	13777	13778	8662
chrM	13778	13779	8662
chrM	13779	13780	8659
chrM	13780	13781	8665
chrM	13781	13782	8666
chrM	13782	13783	8668
chrM	13783	13784	8677
chrM	13784	13785	8687
chrM	13785	13786	8672
chrM	13786	13787	8090
chrM	13787	13788	8049
chrM	13788	13789	8014
chrM	13789	13790	7973
chrM	13790	13791	7929
chrM	13791	13792	7898
chrM	13792	13793	7891
chrM	13793	13794	7890
chrM	13794	13795	7892
chrM	13795	13796	7891
chrM	13796	13797	7895
chrM	13797	13798	7902
chrM	13798	13799	7903
chrM	13799	13800	7903
chrM	13800	13801	7903
chrM	13801	13802	7902
chrM	13802	13803	7902
chrM	13803	13804	7903
chrM	13804	13805	7902
chrM	13805	13806	7903
chrM	13806	13807	7905
chrM	13807	13808	7905
chrM	13808	13809	7906
chrM	13809	13810	7908
chrM	13810	13811	7909
chrM	13811	13812	7914
chrM	13812	13813	7927
chrM	13813	13814	7949
chrM	13814	13815	8024
chrM	13815	13816	8030
chrM	13816	13817	8070
chrM	13817	13818	8064
chrM	13818	13819	8065
chrM	13819	13820	8068
chrM	13820	13821	8081
chrM	13821	13822	8104
chrM	13822	13823	8126
chrM	13823	13824	8222
chrM	13824	13825	8286
chrM	13825	13826	8307
chrM	13826	13827	8534
chrM	13827	13828	8578
chrM	13828	13829	14377
chrM	13829	13830	14625
chrM	13830	13831	20911
chrM	13831	13832	21602
chrM	13832	13833	21840
chrM	13833	13834	22967
chrM	13834	13835	22717
chrM	13835	13836	22732
chrM	13836	13837	22811
chrM	13837	13838	22896
chrM	13838	13839	23120
chrM	13839	13840	23177
chrM	13840	13841	23051
chrM	13841	13842	23080
chrM	13842	13843	23087
chrM	13843	13844	23060
chrM	13844	13845	23055
chrM	13845	13846	23160
chrM	13846	13847	23115
chrM	13847	13848	23121
chrM	13848	13849	23117
chrM	13849	13850	23085
chrM	13850	13851	23053
chrM	13851	13852	23020
chrM	13852	13853	22937
chrM	13853	13854	22837
chrM	13854	13855	22879
chrM	13855	13856	22899
chrM	13856	13857	24475
chrM	13857	13858	24502
chrM	13858	13859	24538
chrM	13859	13860	24584
chrM	13860	13861	24619
chrM	13861	13862	24752
chrM	13862	13863	24768
chrM	13863	13864	24782
chrM	13864	13865	24792
chrM	13865	13866	24787
chrM	13866	13867	24794
chrM	13867	13868	25402
chrM	13868	13869	25421
chrM	13869	13870	25479
chrM	13870	13871	25491
chrM	13871	13872	25505
chrM	13872	13873	25507
chrM	13873	13874	25506
chrM	13874	13875	25484
chrM	13875	13876	25466
chrM	13876	13877	25439
chrM	13877	13878	25434
chrM	13878	13879	25433
chrM	13879	13880	25435
chrM	13880	13881	25440
chrM	13881	13882	25445
chrM	13882	13883	25447
chrM	13883	13884	25472
chrM	13884	13885	25492
chrM	13885	13886	25482
chrM	13886	13887	25477
chrM	13887	13888	25444
chrM	13888	13889	25448
chrM	13889	13890	25436
chrM	13890	13891	25440
chrM	13891	13892	25449
chrM	13892	13893	25451
chrM	13893	13894	25506
chrM	13894	13895	25523
chrM	13895	13896	25531
chrM	13896	13897	25699
chrM	13897	13898	25721
chrM	13898	13899	26139
chrM	13899	13900	28128
chrM	13900	13901	28664
chrM	13901	13902	28703
chrM	13902	13903	30439
chrM	13903	13904	30547
chrM	13904	13905	30999
chrM	13905	13906	31261
chrM	13906	13907	32747
chrM	13907	13908	33595
chrM	13908	13909	33768
chrM	13909	13910	33817
chrM	13910	13911	33703
chrM	13911	13912	31787
chrM	13912	13913	30890
chrM	13913	13914	29191
chrM	13914	13915	28848
chrM	13915	13916	28519
chrM	13916	13917	28667
chrM	13917	13918	28820
chrM	13918	13919	29166
chrM	13919	13920	32279
chrM	13920	13921	32420
chrM	13921	13922	32426
chrM	13922	13923	32425
chrM	13923	13924	32458
chrM	13924	13925	32435
chrM	13925	13926	32421
chrM	13926	13927	32425
chrM	13927	13928	32421
chrM	13928	13929	32566
chrM	13929	13930	32566
chrM	13930	13931	32561
chrM	13931	13932	32556
chrM	13932	13933	32584
chrM	13933	13934	32585
chrM	13934	13935	32528
chrM	13935	13936	32527
chrM	13936	13937	32526
chrM	13937	13938	32527
chrM	13938	13939	32525
chrM	13939	13940	32527
chrM	13940	13941	32462
chrM	13941	13942	32492
chrM	13942	13943	32487
chrM	13943	13944	32463
chrM	13944	13945	32462
chrM	13945	13946	32469
chrM	13946	13947	32566
chrM	13947	13948	32578
chrM	13948	13949	32629
chrM	13949	13950	32636
chrM	13950	13951	32645
chrM	13951	13952	32618
chrM	13952	13953	32769
chrM	13953	13954	32769
chrM	13954	13955	32756
chrM	13955	13956	32746
chrM	13956	13957	32736
chrM	13957	13958	32734
chrM	13958	13959	32729
chrM	13959	13960	32726
chrM	13960	13961	32726
chrM	13961	13962	32728
chrM	13962	13963	32729
chrM	13963	13964	32727
chrM	13964	13965	32730
chrM	13965	13966	32731
chrM	13966	13967	32740
chrM	13967	13968	32777
chrM	13968	13969	32820
chrM	13969	13970	32883
chrM	13970	13971	32886
chrM	13971	13972	32900
chrM	13972	13973	32900
chrM	13973	13974	32893
chrM	13974	13975	32889
chrM	13975	13976	32894
chrM	13976	13977	32897
chrM	13977	13978	32895
chrM	13978	13979	32895
chrM	13979	13980	32898
chrM	13980	13981	32895
chrM	13981	13982	32887
chrM	13982	13983	32912
chrM	13983	13984	32921
chrM	13984	13985	32921
chrM	13985	13986	32925
chrM	13986	13987	32925
chrM	13987	13988	32933
chrM	13988	13989	32937
chrM	13989	13990	32969
chrM	13990	13991	33019
chrM	13991	13992	33013
chrM	13992	13993	33002
chrM	13993	13994	32806
chrM	13994	13995	32779
chrM	13995	13996	32764
chrM	13996	13997	32761
chrM	13997	13998	32759
chrM	13998	13999	32752
chrM	13999	14000	32748
chrM	14000	14001	32804
chrM	14001	14002	32800
chrM	14002	14003	32808
chrM	14003	14004	33013
chrM	14004	14005	33142
chrM	14005	14006	33387
chrM	14006	14007	33517
chrM	14007	14008	33766
chrM	14008	14009	34127
chrM	14009	14010	34146
chrM	14010	14011	33968
chrM	14011	14012	32352
chrM	14012	14013	29941
chrM	14013	14014	12478
chrM	14014	14015	9768
chrM	14015	14016	8732
chrM	14016	14017	8086
chrM	14017	14018	7709
chrM	14018	14019	7567
chrM	14019	14020	7553
chrM	14020	14021	7492
chrM	14021	14022	7451
chrM	14022	14023	7433
chrM	14023	14024	7330
chrM	14024	14025	7214
chrM	14025	14026	7132
chrM	14026	14027	7111
chrM	14027	14028	7115
chrM	14028	14029	7111
chrM	14029	14030	7142
chrM	14030	14031	7149
chrM	14031	14032	7112
chrM	14032	14033	7101
chrM	14033	14034	6636
chrM	14034	14035	6000
chrM	14035	14036	5627
chrM	14036	14037	5449
chrM	14037	14038	5421
chrM	14038	14039	5649
chrM	14039	14040	5595
chrM	14040	14041	5578
chrM	14041	14042	5564
chrM	14042	14043	5551
chrM	14043	14044	5542
chrM	14044	14045	5541
chrM	14045	14046	5561
chrM	14046	14047	5554
chrM	14047	14048	5552
chrM	14048	14049	5553
chrM	14049	14050	5551
chrM	14050	14051	5551
chrM	14051	14052	5550
chrM	14052	14053	5549
chrM	14053	14054	5548
chrM	14054	14055	5548
chrM	14055	14056	5612
chrM	14056	14057	5617
chrM	14057	14058	5618
chrM	14058	14059	5625
chrM	14059	14060	5653
chrM	14060	14061	5673
chrM	14061	14062	5673
chrM	14062	14063	5689
chrM	14063	14064	5690
chrM	14064	14065	5696
chrM	14065	14066	5698
chrM	14066	14067	5695
chrM	14067	14068	5683
chrM	14068	14069	5677
chrM	14069	14070	5702
chrM	14070	14071	5760
chrM	14071	14072	5786
chrM	14072	14073	5864
chrM	14073	14074	5863
chrM	14074	14075	4967
chrM	14075	14076	4834
chrM	14076	14077	4600
chrM	14077	14078	4250
chrM	14078	14079	4194
chrM	14079	14080	4200
chrM	14080	14081	4204
chrM	14081	14082	4202
chrM	14082	14083	4402
chrM	14083	14084	4408
chrM	14084	14085	4416
chrM	14085	14086	4420
chrM	14086	14087	4430
chrM	14087	14088	4432
chrM	14088	14089	4433
chrM	14089	14090	4434
chrM	14090	14091	4433
chrM	14091	14092	4447
chrM	14092	14093	4417
chrM	14093	14094	4417
chrM	14094	14095	4419
chrM	14095	14096	4419
chrM	14096	14097	4398
chrM	14097	14098	4388
chrM	14098	14099	4370
chrM	14099	14100	4330
chrM	14100	14101	4342
chrM	14101	14102	4331
chrM	14102	14103	5826
chrM	14103	14104	5832
chrM	14104	14105	5833
chrM	14105	14106	5832
chrM	14106	14107	5832
chrM	14107	14108	5831
chrM	14108	14109	5823
chrM	14109	14110	5839
chrM	14110	14111	5856
chrM	14111	14112	5871
chrM	14112	14113	5893
chrM	14113	14114	5894
chrM	14114	14115	5893
chrM	14115	14116	5891
chrM	14116	14117	5889
chrM	14117	14118	5882
chrM	14118	14119	5871
chrM	14119	14120	5864
chrM	14120	14121	5862
chrM	14121	14122	5861
chrM	14122	14123	5861
chrM	14123	14124	5889
chrM	14124	14125	5893
chrM	14125	14126	5894
chrM	14126	14127	5883
chrM	14127	14128	5877
chrM	14128	14129	5873
chrM	14129	14130	5872
chrM	14130	14131	5871
chrM	14131	14132	5873
chrM	14132	14133	5936
chrM	14133	14134	5950
chrM	14134	14135	5997
chrM	14135	14136	5999
chrM	14136	14137	5992
chrM	14137	14138	5803
chrM	14138	14139	5789
chrM	14139	14140	5769
chrM	14140	14141	5762
chrM	14141	14142	5770
chrM	14142	14143	5889
chrM	14143	14144	5886
chrM	14144	14145	5887
chrM	14145	14146	5880
chrM	14146	14147	5882
chrM	14147	14148	5885
chrM	14148	14149	5889
chrM	14149	14150	5881
chrM	14150	14151	5897
chrM	14151	14152	5909
chrM	14152	14153	5919
chrM	14153	14154	5924
chrM	14154	14155	5931
chrM	14155	14156	5546
chrM	14156	14157	4683
chrM	14157	14158	4680
chrM	14158	14159	4585
chrM	14159	14160	4568
chrM	14160	14161	4642
chrM	14161	14162	4415
chrM	14162	14163	4400
chrM	14163	14164	4015
chrM	14164	14165	3982
chrM	14165	14166	3795
chrM	14166	14167	3784
chrM	14167	14168	3783
chrM	14168	14169	3768
chrM	14169	14170	3756
chrM	14170	14171	3750
chrM	14171	14172	3747
chrM	14172	14173	3750
chrM	14173	14174	3750
chrM	14174	14175	3750
chrM	14175	14176	3750
chrM	14176	14177	3749
chrM	14177	14178	3752
chrM	14178	14179	3752
chrM	14179	14180	3753
chrM	14180	14181	3755
chrM	14181	14182	3762
chrM	14182	14183	3761
chrM	14183	14184	3761
chrM	14184	14185	3770
chrM	14185	14186	3798
chrM	14186	14187	3803
chrM	14187	14188	3808
chrM	14188	14189	3777
chrM	14189	14190	3841
chrM	14190	14191	3839
chrM	14191	14192	3793
chrM	14192	14193	3445
chrM	14193	14194	3439
chrM	14194	14195	3426
chrM	14195	14196	3407
chrM	14196	14197	3403
chrM	14197	14198	3395
chrM	14198	14199	3393
chrM	14199	14200	3385
chrM	14200	14201	3384
chrM	14201	14202	3383
chrM	14202	14203	3383
chrM	14203	14204	3382
chrM	14204	14205	3380
chrM	14205	14206	3382
chrM	14206	14207	3381
chrM	14207	14208	3380
chrM	14208	14209	3379
chrM	14209	14210	3377
chrM	14210	14211	3375
chrM	14211	14212	3375
chrM	14212	14213	3372
chrM	14213	14214	3371
chrM	14214	14215	3371
chrM	14215	14216	3370
chrM	14216	14217	3368
chrM	14217	14218	3368
chrM	14218	14219	3361
chrM	14219	14220	3354
chrM	14220	14221	3347
chrM	14221	14222	3338
chrM	14222	14223	3318
chrM	14223	14224	3049
chrM	14224	14225	2895
chrM	14225	14226	2509
chrM	14226	14227	2437
chrM	14227	14228	2361
chrM	14228	14229	2281
chrM	14229	14230	2275
chrM	14230	14231	2275
chrM	14231	14232	2275
chrM	14232	14233	2275
chrM	14233	14234	2274
chrM	14234	14235	2274
chrM	14235	14236	2275
chrM	14236	14237	2271
chrM	14237	14238	2268
chrM	14238	14239	2268
chrM	14239	14240	2262
chrM	14240	14241	2242
chrM	14241	14242	2139
chrM	14242	14243	1720
chrM	14243	14244	1669
chrM	14244	14245	1628
chrM	14245	14246	1611
chrM	14246	14247	1586
chrM	14247	14248	1446
chrM	14248	14249	1395
chrM	14249	14250	1388
chrM	14250	14251	1384
chrM	14251	14252	1356
chrM	14252	14253	1357
chrM	14253	14254	1356
chrM	14254	14255	1318
chrM	14255	14256	1215
chrM	14256	14257	1131
chrM	14257	14258	1102
chrM	14258	14259	1098
chrM	14259	14260	1097
chrM	14260	14261	1095
chrM	14261	14262	1094
chrM	14262	14263	1099
chrM	14263	14264	1098
chrM	14264	14265	1096
chrM	14265	14266	1089
chrM	14266	14267	1089
chrM	14267	14268	1086
chrM	14268	14269	1083
chrM	14269	14270	1074
chrM	14270	14271	1062
chrM	14271	14272	893
chrM	14272	14273	718
chrM	14273	14274	677
chrM	14274	14275	645
chrM	14275	14276	639
chrM	14276	14277	630
chrM	14277	14278	625
chrM	14278	14279	623
chrM	14279	14280	617
chrM	14280	14281	616
chrM	14281	14282	613
chrM	14282	14283	613
chrM	14283	14284	611
chrM	14284	14285	592
chrM	14285	14286	586
chrM	14286	14287	564
chrM	14287	14288	553
chrM	14288	14289	547
chrM	14289	14290	542
chrM	14290	14291	506
chrM	14291	14292	480
chrM	14292	14293	478
chrM	14293	14294	478
chrM	14294	14295	465
chrM	14295	14296	457
chrM	14296	14297	455
chrM	14297	14298	435
chrM	14298	14299	415
chrM	14299	14300	406
chrM	14300	14301	406
chrM	14301	14302	405
chrM	14302	14303	405
chrM	14303	14304	404
chrM	14304	14305	404
chrM	14305	14306	403
chrM	14306	14307	403
chrM	14307	14308	403
chrM	14308	14309	401
chrM	14309	14310	401
chrM	14310	14311	401
chrM	14311	14312	376
chrM	14312	14313	326
chrM	14313	14314	317
chrM	14314	14315	316
chrM	14315	14316	314
chrM	14316	14317	314
chrM	14317	14318	314
chrM	14318	14319	314
chrM	14319	14320	314
chrM	14320	14321	313
chrM	14321	14322	313
chrM	14322	14323	313
chrM	14323	14324	313
chrM	14324	14325	304
chrM	14325	14326	233
chrM	14326	14327	188
chrM	14327	14328	164
chrM	14328	14329	155
chrM	14329	14330	152
chrM	14330	14331	152
chrM	14331	14332	152
chrM	14332	14333	152
chrM	14333	14334	152
chrM	14334	14335	152
chrM	14335	14336	151
chrM	14336	14337	147
chrM	14337	14338	145
chrM	14338	14339	140
chrM	14339	14340	104
chrM	14340	14341	89
chrM	14341	14342	76
chrM	14342	14343	69
chrM	14343	14344	45
chrM	14344	14345	37
chrM	14345	14346	33
chrM	14346	14347	33
chrM	14347	14348	27
chrM	14348	14349	22
chrM	14349	14350	22
chrM	14350	14351	22
chrM	14351	14352	22
chrM	14352	14353	22
chrM	14353	14354	22
chrM	14354	14355	19
chrM	14355	14356	16
chrM	14356	14357	14
chrM	14357	14358	14
chrM	14358	14359	4
chrM	14359	14360	3
chrM	14360	14361	2
chrM	14361	14362	2
chrM	14362	14363	2
chrM	14363	14364	2
chrM	14364	14365	2
chrM	14365	14366	1
chrM	14366	14367	1
chrM	14367	14368	1
chrM	14368	14369	1
