chrM	1	2	1
chrM	2	3	0
chrM	3	4	0
chrM	4	5	0
chrM	5	6	0
chrM	6	7	0.666666666666667
chrM	7	8	0.4
chrM	8	9	0
chrM	9	10	0
chrM	10	11	0
chrM	11	12	0.285714285714286
chrM	12	13	0
chrM	13	14	0
chrM	14	15	0
chrM	15	16	0.3
chrM	16	17	0.230769230769231
chrM	17	18	0.0714285714285714
chrM	18	19	0
chrM	19	20	0.363636363636364
chrM	20	21	0.185185185185185
chrM	21	22	0
chrM	22	23	0
chrM	23	24	0.0357142857142857
chrM	24	25	0
chrM	25	26	0.0344827586206897
chrM	26	27	0
chrM	27	28	0
chrM	28	29	0
chrM	29	30	0.5
chrM	30	31	0.121212121212121
chrM	31	32	0
chrM	32	33	0
chrM	33	34	0
chrM	34	35	0
chrM	35	36	0
chrM	36	37	0
chrM	37	38	0
chrM	38	39	0
chrM	39	40	0
chrM	40	41	0
chrM	41	42	0.0149253731343284
chrM	42	43	0
chrM	43	44	0
chrM	44	45	0.0147058823529412
chrM	45	46	0.0144927536231884
chrM	46	47	0.028169014084507
chrM	47	48	0
chrM	48	49	0
chrM	49	50	0
chrM	50	51	0
chrM	51	52	0
chrM	52	53	0
chrM	53	54	0.0138888888888889
chrM	54	55	0
chrM	55	56	0
chrM	56	57	0
chrM	57	58	0.0136986301369863
chrM	58	59	0
chrM	59	60	0
chrM	60	61	0.0135135135135135
chrM	61	62	0
chrM	62	63	0.0133333333333333
chrM	63	64	0
chrM	64	65	0
chrM	65	66	0
chrM	66	67	0.0506329113924051
chrM	67	68	0
chrM	68	69	0
chrM	69	70	0
chrM	70	71	0
chrM	71	72	0
chrM	72	73	0
chrM	73	74	0
chrM	74	75	0.0246913580246914
chrM	75	76	0
chrM	76	77	0.0121951219512195
chrM	77	78	0.0120481927710843
chrM	78	79	0.0348837209302326
chrM	79	80	0.0227272727272727
chrM	80	81	0.0434782608695652
chrM	81	82	0
chrM	82	83	0.14018691588785
chrM	83	84	0.0272727272727273
chrM	84	85	0
chrM	85	86	0
chrM	86	87	0
chrM	87	88	0
chrM	88	89	0
chrM	89	90	0
chrM	90	91	0
chrM	91	92	0
chrM	92	93	0.00900900900900901
chrM	93	94	0
chrM	94	95	0
chrM	95	96	0
chrM	96	97	0
chrM	97	98	0.00892857142857143
chrM	98	99	0.176470588235294
chrM	99	100	0.0354609929078014
chrM	100	101	0.0275862068965517
chrM	101	102	0.0397350993377483
chrM	102	103	0.0258064516129032
chrM	103	104	0.0372670807453416
chrM	104	105	0.143617021276596
chrM	105	106	0.0456852791878173
chrM	106	107	0.13215859030837
chrM	107	108	0.126923076923077
chrM	108	109	0.0225563909774436
chrM	109	110	0.269230769230769
chrM	110	111	0.0808080808080808
chrM	111	112	0.0725995316159251
chrM	112	113	0.123203285420945
chrM	113	114	0.630780894617134
chrM	114	115	0.219988172678888
chrM	115	116	0.223955943093162
chrM	116	117	0.0362671384343211
chrM	117	118	0.110542879622345
chrM	118	119	0.000786163522012579
chrM	119	120	0.000392927308447937
chrM	120	121	0.000392772977219167
chrM	121	122	0.00856697819314642
chrM	122	123	0
chrM	123	124	0.00426521907716169
chrM	124	125	0.00616570327552987
chrM	125	126	0.00383877159309021
chrM	126	127	0.007996953541508
chrM	127	128	0.000380662352493338
chrM	128	129	0.0109186746987952
chrM	129	130	0.00112824370063934
chrM	130	131	0.00037593984962406
chrM	131	132	0.00746268656716418
chrM	132	133	0.000745712155108128
chrM	133	134	0
chrM	134	135	0.0026031982149498
chrM	135	136	0.00222634508348794
chrM	136	137	0.00185185185185185
chrM	137	138	0.0124359912216533
chrM	138	139	0.0158387329013679
chrM	139	140	0.00394406597346719
chrM	140	141	0.00143215180809166
chrM	141	142	0.000715563506261181
chrM	142	143	0.00533807829181495
chrM	143	144	0.0263340263340263
chrM	144	145	0.035427807486631
chrM	145	146	0.198285101822079
chrM	146	147	0.0535125538929749
chrM	147	148	0.00829979879275654
chrM	148	149	0.00624843789052737
chrM	149	150	0.01984321411073
chrM	150	151	0.00463301633747866
chrM	151	152	0.00509461426491994
chrM	152	153	0.0195052331113225
chrM	153	154	0.000713097218920846
chrM	154	155	0.0366384245477444
chrM	155	156	0.000228937728937729
chrM	156	157	0.00045766590389016
chrM	157	158	0.000914494741655235
chrM	158	159	0.000457038391224863
chrM	159	160	0.00159707962582706
chrM	160	161	0.000228102189781022
chrM	161	162	0.00182149362477231
chrM	162	163	0.000455166135639508
chrM	163	164	0.00227066303360581
chrM	164	165	0.00203942895989123
chrM	165	166	0.0042870036101083
chrM	166	167	0.0018018018018018
chrM	167	168	0.00134952766531714
chrM	168	169	0.000449640287769784
chrM	169	170	0.0020197486535009
chrM	170	171	0.00911921708185053
chrM	171	172	0.00772456411388215
chrM	172	173	0.00766871165644172
chrM	173	174	0.0314291781694627
chrM	174	175	0.0125838926174497
chrM	175	176	0.00480066791901482
chrM	176	177	0.0113519091847265
chrM	177	178	0.0208206994137861
chrM	178	179	0.00221908412346177
chrM	179	180	0.216988663579754
chrM	180	181	0.00369062901155327
chrM	181	182	0.00653907496012759
chrM	182	183	0.00365834261173851
chrM	183	184	0.00063653723742839
chrM	184	185	0.0117404410598128
chrM	185	186	0.0015976993129893
chrM	186	187	0.00143609382479655
chrM	187	188	0.0116700835830311
chrM	188	189	0.00424128180961357
chrM	189	190	0.0186584425597533
chrM	190	191	0.00795837159473523
chrM	191	192	0.00715155203895313
chrM	192	193	0.00152091254752852
chrM	193	194	0.000456343170063888
chrM	194	195	0.000456343170063888
chrM	195	196	0.00182204676586699
chrM	196	197	0.0018187329493786
chrM	197	198	0.169666456891126
chrM	198	199	0.00175923598894195
chrM	199	200	0.00537432820897388
chrM	200	201	0.00174672489082969
chrM	201	202	0.00298544595098893
chrM	202	203	0.00285289010171173
chrM	203	204	0.000743678730788299
chrM	204	205	0.000123931094311563
chrM	205	206	0.00235061239638748
chrM	206	207	0.00247279920870425
chrM	207	208	0.00185551707075705
chrM	208	209	0.00173160173160173
chrM	209	210	0.00148276288150253
chrM	210	211	0.0125671059053197
chrM	211	212	0.00990577434162841
chrM	212	213	0.0442212215679483
chrM	213	214	0.00471156056079062
chrM	214	215	0.00718767826583001
chrM	215	216	0.0120604147880974
chrM	216	217	0.0153163152053274
chrM	217	218	0.00243848370649523
chrM	218	219	0.355789926818769
chrM	219	220	0.0044559436538738
chrM	220	221	0.000720980533525595
chrM	221	222	0.00158375926859117
chrM	222	223	0.00358680057388809
chrM	223	224	0.00556506849315068
chrM	224	225	0.00518355464034652
chrM	225	226	0.0153867673800532
chrM	226	227	0.0186710598572213
chrM	227	228	0.0165428764348413
chrM	228	229	0.0346873573710634
chrM	229	230	0.00558187836697605
chrM	230	231	0.040349236046149
chrM	231	232	0.00453472481053547
chrM	232	233	0.00192248062015504
chrM	233	234	0.0201750121536218
chrM	234	235	0
chrM	235	236	0.000303803621339166
chrM	236	237	0.000121543603767852
chrM	237	238	0.000303877476601434
chrM	238	239	0
chrM	239	240	0.000425376762275158
chrM	240	241	6.07681088964511e-05
chrM	241	242	0.000121521448535667
chrM	242	243	0.000910691518426325
chrM	243	244	0.000303508558941362
chrM	244	245	0.000970285021224985
chrM	245	246	0.00115088739475438
chrM	246	247	0.000181697050451214
chrM	247	248	0.0048408568316592
chrM	248	249	0.00109296253567308
chrM	249	250	0.00230400776086825
chrM	250	251	0.00440874501751419
chrM	251	252	0.0124686791552321
chrM	252	253	0.000596231814929645
chrM	253	254	0.000595876534382076
chrM	254	255	5.95841029613299e-05
chrM	255	256	0.000357419431703104
chrM	256	257	0.000297831784608053
chrM	257	258	0
chrM	258	259	0.000595415302173266
chrM	259	260	0.000297636764093101
chrM	260	261	0.000357036596251116
chrM	261	262	0.00195985271409906
chrM	262	263	0.000771467568690285
chrM	263	264	0.00189539773736895
chrM	264	265	0.000177661968494611
chrM	265	266	5.92171492864334e-05
chrM	266	267	0.000177619893428064
chrM	267	268	0.000295945546019532
chrM	268	269	0.00147771604208535
chrM	269	270	0.00294776559367999
chrM	270	271	0.00111935901967715
chrM	271	272	0.00668700140778977
chrM	272	273	0.00099835564951844
chrM	273	274	0.00123174379729016
chrM	274	275	0.00900953266682167
chrM	275	276	0.0127395845288649
chrM	276	277	0.0164804153967716
chrM	277	278	0.0243270079435128
chrM	278	279	0.00653379454235985
chrM	279	280	0.00816993464052288
chrM	280	281	0.0057421451787649
chrM	281	282	0.00856958068341059
chrM	282	283	0.0263584314572756
chrM	283	284	0.0139058171745152
chrM	284	285	0.0112813604984004
chrM	285	286	0.00170174144874922
chrM	286	287	0.00119311402761207
chrM	287	288	0.00073909830007391
chrM	288	289	0.000284284739595179
chrM	289	290	0.000284252416145537
chrM	290	291	0.00034106412005457
chrM	291	292	5.68472514353931e-05
chrM	292	293	5.68472514353931e-05
chrM	293	294	0
chrM	294	295	0
chrM	295	296	0.000170512674775492
chrM	296	297	0.000113662195953626
chrM	297	298	0
chrM	298	299	0.000227272727272727
chrM	299	300	5.68149536958127e-05
chrM	300	301	0.000227208179494462
chrM	301	302	0.000113597637169147
chrM	302	303	0.000227156567664263
chrM	303	304	0.00412849225200769
chrM	304	305	0.000452258465713155
chrM	305	306	0.000790960451977401
chrM	306	307	0.000282438004857934
chrM	307	308	0.00253578271159698
chrM	308	309	0.000732105648476657
chrM	309	310	0.00280788453978772
chrM	310	311	0.00669418721410242
chrM	311	312	0.00466433449941696
chrM	312	313	0.00486322188449848
chrM	313	314	0.00979640980735552
chrM	314	315	0.00163925468553631
chrM	315	316	0.00103723113877061
chrM	316	317	0.00191027180438817
chrM	317	318	0.0160220100339861
chrM	318	319	0.00254177708074198
chrM	319	320	0.00200314005738726
chrM	320	321	0.000866222727518813
chrM	321	322	0.00135171668018383
chrM	322	323	0.00724676579526545
chrM	323	324	0.00464867753139193
chrM	324	325	0.00388649310546771
chrM	325	326	0.0124704025256511
chrM	326	327	0.00435124508519004
chrM	327	328	0.00146596858638743
chrM	328	329	0.00136025949565763
chrM	329	330	0.038107202680067
chrM	330	331	0.0209965187119234
chrM	331	332	0.0336330336330336
chrM	332	333	0.0105559061442258
chrM	333	334	0.0061799699665011
chrM	334	335	0.0232558139534884
chrM	335	336	0.00596410285264165
chrM	336	337	0.000955593029792018
chrM	337	338	0.00117904665656055
chrM	338	339	0.00835701153267591
chrM	339	340	0.00278148642634624
chrM	340	341	0.00277700638711469
chrM	341	342	0.00166666666666667
chrM	342	343	0.0155582338117673
chrM	343	344	0.000711938663745893
chrM	344	345	0.00191434666083247
chrM	345	346	0.00926279082438838
chrM	346	347	0.0761832309949465
chrM	347	348	0.00551652052726322
chrM	348	349	0.00318655851680185
chrM	349	350	0.0136038868248071
chrM	350	351	0.00114200879346771
chrM	351	352	0.00131203650884199
chrM	352	353	0.00935645823824738
chrM	353	354	0.0103603085069644
chrM	354	355	0.0119635286602009
chrM	355	356	0.0306338028169014
chrM	356	357	0.0169276343630978
chrM	357	358	0.00803582382529751
chrM	358	359	0.00990342621639909
chrM	359	360	0.00530896968948701
chrM	360	361	0.0115617657969581
chrM	361	362	0.0392335766423358
chrM	362	363	0.00909258462861707
chrM	363	364	0.0321960595867371
chrM	364	365	0.0721520427904859
chrM	365	366	0.108170310701956
chrM	366	367	0.0219962292178484
chrM	367	368	0.0218443868933679
chrM	368	369	0.0227511763077775
chrM	369	370	0.0100591388934947
chrM	370	371	0.0276240035429584
chrM	371	372	0.115400559643486
chrM	372	373	0.0263353905086189
chrM	373	374	0.00326975476839237
chrM	374	375	0.00570745230200576
chrM	375	376	0.000870132695236024
chrM	376	377	0.0040112749349523
chrM	377	378	0.000271076172404446
chrM	378	379	0.000650159830958444
chrM	379	380	0.0194963875903102
chrM	380	381	0.00518107322231034
chrM	381	382	0.0901694588869632
chrM	382	383	0.00388638326456194
chrM	383	384	0.00747761478376834
chrM	384	385	0.00133187461351853
chrM	385	386	0.000475443350924737
chrM	386	387	0.000475217411965974
chrM	387	388	0.000522714312868276
chrM	388	389	0.00213908827304273
chrM	389	390	0.00794594851786649
chrM	390	391	0.00272844765688574
chrM	391	392	0.00591913695164447
chrM	392	393	0.00238868717752723
chrM	393	394	0.00057410774088604
chrM	394	395	0.000191360091852844
chrM	395	396	0.000669632180609365
chrM	396	397	0.000574135208841682
chrM	397	398	0.000717875089734386
chrM	398	399	0.00205761316872428
chrM	399	400	0.00498227459998084
chrM	400	401	0.0103881113836387
chrM	401	402	0.0487887761541822
chrM	402	403	0.00301081853439477
chrM	403	404	0.00112601085065002
chrM	404	405	0.000972862263184844
chrM	405	406	0.00219791453690452
chrM	406	407	0.00229533282325937
chrM	407	408	0.00527838400243618
chrM	408	409	0.00147006640644802
chrM	409	410	0.00010137361244868
chrM	410	411	0.000152037299817555
chrM	411	412	0.000506585612968592
chrM	412	413	0.00509252256340443
chrM	413	414	0.0137797234106059
chrM	414	415	0.0196087995707526
chrM	415	416	0.0155589704187476
chrM	416	417	0.018106374952848
chrM	417	418	0.00216429848499106
chrM	418	419	0.00159714393085306
chrM	419	420	0.000985499084893707
chrM	420	421	0.000469197203584667
chrM	421	422	0.00764935003988925
chrM	422	423	0.015843342524653
chrM	423	424	0.00356372503047923
chrM	424	425	0.000141050354976727
chrM	425	426	0.00509941520467836
chrM	426	427	0.00028062298302231
chrM	427	428	0.0031703109702084
chrM	428	429	0.000372838700657128
chrM	429	430	4.66026656724765e-05
chrM	430	431	0.000465831275911865
chrM	431	432	0.00125622295631136
chrM	432	433	0.000418565714817226
chrM	433	434	0.00495186967789708
chrM	434	435	0.00226265238271149
chrM	435	436	0.0017517171437791
chrM	436	437	0.115452061498308
chrM	437	438	0.0149073813637642
chrM	438	439	0.00919769062313359
chrM	439	440	0.0170639113929005
chrM	440	441	0.0112611741031694
chrM	441	442	0.0135898610474882
chrM	442	443	0.00652380049307794
chrM	443	444	0.0477339567151799
chrM	444	445	0.00920557818865559
chrM	445	446	0.0257648953301127
chrM	446	447	0.0564104608515388
chrM	447	448	0.00217473129521977
chrM	448	449	0.00284447419057977
chrM	449	450	0.00217582325620319
chrM	450	451	0.00447867397764849
chrM	451	452	0.0166569984254579
chrM	452	453	0.00153616208585901
chrM	453	454	0.000706009385771834
chrM	454	455	0.00306405531862035
chrM	455	456	0.00119938789858969
chrM	456	457	0.000330797221303341
chrM	457	458	0.000372039188127816
chrM	458	459	0.000785253760952224
chrM	459	460	8.26993053258353e-05
chrM	460	461	0.000454770960807012
chrM	461	462	0.000165391771759355
chrM	462	463	0.000124028443856458
chrM	463	464	0.00194255011365985
chrM	464	465	0.000786228585616155
chrM	465	466	0.000206945076776623
chrM	466	467	0.000744509244323117
chrM	467	468	0.000206773913403085
chrM	468	469	0.00028941166742465
chrM	469	470	0.00086748182419035
chrM	470	471	0.000577986954008752
chrM	471	472	0.000288909983903587
chrM	472	473	0.00169218704857815
chrM	473	474	0.000247995370753079
chrM	474	475	0.0012796697626419
chrM	475	476	0.00205973223480947
chrM	476	477	0.0125701732975348
chrM	477	478	0.0101115900576079
chrM	478	479	0.000926075052343373
chrM	479	480	0.00204959209098581
chrM	480	481	0.000923546418246065
chrM	481	482	0.00108307593565727
chrM	482	483	0.026708317063647
chrM	483	484	0.00132600132600133
chrM	484	485	0.00651289009497965
chrM	485	486	0.00313237170810936
chrM	486	487	0.014344575003815
chrM	487	488	0.00232336697771853
chrM	488	489	0.00594426775708012
chrM	489	490	0.000529781276016045
chrM	490	491	0.00601956358164033
chrM	491	492	0.000489199969895387
chrM	492	493	0.00380242451622619
chrM	493	494	0.0113365831538374
chrM	494	495	0.00940079486395598
chrM	495	496	0.00331700543834613
chrM	496	497	0.0021665957364491
chrM	497	498	0.000193798449612403
chrM	498	499	3.87596899224806e-05
chrM	499	500	0.000271286284540557
chrM	500	501	0.00410804945161415
chrM	501	502	0.000350153678558923
chrM	502	503	0.0173936729055605
chrM	503	504	0.00186072291064571
chrM	504	505	0.000832342449464923
chrM	505	506	0.00114910647065816
chrM	506	507	0.000950833960619627
chrM	507	508	0.000316932097298154
chrM	508	509	0.00162247724574594
chrM	509	510	0.000474871388998813
chrM	510	511	0.000869874658969594
chrM	511	512	0.000671750898960762
chrM	512	513	0.0137979420018709
chrM	513	514	0.00272606900848976
chrM	514	515	0.00249473766274265
chrM	515	516	0.00682261208576998
chrM	516	517	0.00148861989266267
chrM	517	518	0.000744805958447668
chrM	518	519	0.000548804390435124
chrM	519	520	0.000352747511170338
chrM	520	521	0.00199804113614104
chrM	521	522	0.000313836255933467
chrM	522	523	0.000941065756969768
chrM	523	524	0.00141182007137535
chrM	524	525	0.000510344286106858
chrM	525	526	0.000314070351758794
chrM	526	527	7.85206705665266e-05
chrM	527	528	0.00133322876637126
chrM	528	529	7.84221464141474e-05
chrM	529	530	0.00168402913762043
chrM	530	531	0.000861292722076498
chrM	531	532	0.000274004775511802
chrM	532	533	0.000273951158422041
chrM	533	534	0.000664893617021277
chrM	534	535	0.000430073894514603
chrM	535	536	0.0121282348397065
chrM	536	537	0.000115861429730043
chrM	537	538	0
chrM	538	539	0
chrM	539	540	7.72349874493145e-05
chrM	540	541	0
chrM	541	542	7.72290226667182e-05
chrM	542	543	0.000193035286850436
chrM	543	544	0.000231588698471515
chrM	544	545	0.000231535077564251
chrM	545	546	0.000154332896056795
chrM	546	547	0.00119465104628309
chrM	547	548	0.00257533825338253
chrM	548	549	0.0294007909857473
chrM	549	550	0.00323612557655111
chrM	550	551	0.0177586143895933
chrM	551	552	0.0188584540369999
chrM	552	553	0.0061295035814832
chrM	553	554	0.0151972483504142
chrM	554	555	0.00867172807689629
chrM	555	556	0.0944286166508389
chrM	556	557	0.0594783913940834
chrM	557	558	0.00882007056056448
chrM	558	559	0.00167614289939856
chrM	559	560	0.002630800092078
chrM	560	561	0.0276150352182213
chrM	561	562	0.0055078732175441
chrM	562	563	0.270138323840521
chrM	563	564	0.0987939559170094
chrM	564	565	0.0271921784295753
chrM	565	566	0.0953890939335655
chrM	566	567	0.0108067928412145
chrM	567	568	0.010457740442311
chrM	568	569	0.00165619645916619
chrM	569	570	0.00597915836228005
chrM	570	571	0.00922676327408581
chrM	571	572	0.000226551880380607
chrM	572	573	0.0173210804789752
chrM	573	574	0.000557165143748607
chrM	574	575	0.00205864352083681
chrM	575	576	0.00641415537738457
chrM	576	577	0.00473307649972482
chrM	577	578	0.00389596136962248
chrM	578	579	0.000713462488337632
chrM	579	580	0.0009868962114151
chrM	580	581	0.00257463708572994
chrM	581	582	0.00158921525646646
chrM	582	583	0.00115011775015061
chrM	583	584	0.0108421859599168
chrM	584	585	0.0206546090377575
chrM	585	586	0.00269912966839264
chrM	586	587	0.00160159054509306
chrM	587	588	0.00165938381547652
chrM	588	589	0.000387790150130187
chrM	589	590	0.000110821743226021
chrM	590	591	5.54078014184397e-05
chrM	591	592	0.000166195778627223
chrM	592	593	0
chrM	593	594	0.000110784911095109
chrM	594	595	0
chrM	595	596	0.000332244310316186
chrM	596	597	0.00022144715717212
chrM	597	598	0.000885004701587477
chrM	598	599	0.000165910850569627
chrM	599	600	0.00539053905390539
chrM	600	601	0.00021997360316762
chrM	601	602	0.000549752611324904
chrM	602	603	0.00115365599077075
chrM	603	604	0.000604329194594001
chrM	604	605	0.000604229607250755
chrM	605	606	0.000603864734299517
chrM	606	607	0.000109781534745856
chrM	607	608	0.000713071142559377
chrM	608	609	0.00191623323295921
chrM	609	610	0.00229495655975083
chrM	610	611	0.00278004905968929
chrM	611	612	0.00434286955105586
chrM	612	613	0.000651112316874661
chrM	613	614	0.00972647643613305
chrM	614	615	0.0105285547165798
chrM	615	616	0.0414988529186847
chrM	616	617	0.0535412542847487
chrM	617	618	0.139839919540712
chrM	618	619	0.0122276938485936
chrM	619	620	0.0165282460323987
chrM	620	621	0.0113719735876742
chrM	621	622	0.00656955155669809
chrM	622	623	0.110550082101806
chrM	623	624	0.0216428241808952
chrM	624	625	0.0157539738691571
chrM	625	626	0.00689985625299473
chrM	626	627	0.00241207969511313
chrM	627	628	0.000628535512256443
chrM	628	629	0.000386903322532282
chrM	629	630	0.00464396284829721
chrM	630	631	9.72006220839813e-05
chrM	631	632	0.000242977937603266
chrM	632	633	0.000145772594752187
chrM	633	634	0.000485672656629432
chrM	634	635	0.00358180058083253
chrM	635	636	0.0119115958668197
chrM	636	637	0.000717428735412282
chrM	637	638	0.00162454011180658
chrM	638	639	0.00105087174588011
chrM	639	640	0.00902751241880015
chrM	640	641	0.00446707334646237
chrM	641	642	0.00153764835904089
chrM	642	643	0.000336360578540195
chrM	643	644	0.00143967751223726
chrM	644	645	0.000143953934740883
chrM	645	646	0
chrM	646	647	0
chrM	647	648	0.000335779728498105
chrM	648	649	0.000143884892086331
chrM	649	650	0.000431551186765764
chrM	650	651	4.79593304877464e-05
chrM	651	652	0.000143864192202561
chrM	652	653	0.00023971617604756
chrM	653	654	0.00014380902161929
chrM	654	655	0.000383343715558963
chrM	655	656	0.000526819923371647
chrM	656	657	0.00717987732395036
chrM	657	658	0.00445012545566444
chrM	658	659	0.000757002271006813
chrM	659	660	0.000756465415346792
chrM	660	661	0.00325195588651145
chrM	661	662	0.000188510297374994
chrM	662	663	0.00384976525821596
chrM	663	664	0.000187758167480285
chrM	664	665	0.000234642639260406
chrM	665	666	9.38482473839801e-05
chrM	666	667	0.000187661271405114
chrM	667	668	0.0105375545446105
chrM	668	669	0.000463994060876021
chrM	669	670	0.000417420342284681
chrM	670	671	0.00175934071021807
chrM	671	672	0.00129467794886022
chrM	672	673	0.000277354042435168
chrM	673	674	0.000277277138499931
chrM	674	675	0.00345399281569494
chrM	675	676	4.60511167395809e-05
chrM	676	677	4.60511167395809e-05
chrM	677	678	0.000506329113924051
chrM	678	679	4.60278007916782e-05
chrM	679	680	0.000230086052183517
chrM	680	681	0.00220395794113596
chrM	681	682	0.00429773226042429
chrM	682	683	0.00359908883826879
chrM	683	684	0.000637406665452559
chrM	684	685	0.000227593427101825
chrM	685	686	0.00785907859078591
chrM	686	687	0.000135513596530852
chrM	687	688	0.000587172538392051
chrM	688	689	0.00387230402089243
chrM	689	690	0.00283133342321693
chrM	690	691	0.00496688741721854
chrM	691	692	0.00860730289720041
chrM	692	693	0.00110810691015469
chrM	693	694	0.00752276626633232
chrM	694	695	0.00429316160686906
chrM	695	696	0.022902397260274
chrM	696	697	0.0944369063772049
chrM	697	698	0.0320171158321447
chrM	698	699	0.0198741305067903
chrM	699	700	0.00969988695620465
chrM	700	701	0.00768227279315843
chrM	701	702	0.122311785133973
chrM	702	703	0.0226975120034919
chrM	703	704	0.0287850694549986
chrM	704	705	0.0158070634992322
chrM	705	706	0.00783392087739914
chrM	706	707	0.059652432401532
chrM	707	708	0.00149039839495557
chrM	708	709	0.000802821343578863
chrM	709	710	0.010781980328621
chrM	710	711	0.0281119851920407
chrM	711	712	0.00760027313481578
chrM	712	713	0.0333393134792489
chrM	713	714	0.00383307573415765
chrM	714	715	0.00455362121305991
chrM	715	716	0.0340362100555883
chrM	716	717	0.00574749550475212
chrM	717	718	0.000774493352265393
chrM	718	719	0.00135440180586907
chrM	719	720	0.000934609558799832
chrM	720	721	0.00115915896577261
chrM	721	722	0.000128783000643915
chrM	722	723	0.0107978977544195
chrM	723	724	0.00127279091227289
chrM	724	725	0.00136664124078312
chrM	725	726	0.000317742755465175
chrM	726	727	0.00515382426407816
chrM	727	728	0.00205176767676768
chrM	728	729	0.000189393939393939
chrM	729	730	0.000536497617319405
chrM	730	731	0.00913756415070722
chrM	731	732	0.00340284715284715
chrM	732	733	0.00296273195072509
chrM	733	734	0.00527547994381146
chrM	734	735	0.014551534103223
chrM	735	736	0.00142511927628725
chrM	736	737	0.00024791595649075
chrM	737	738	0.000743448361315904
chrM	738	739	0.00501843189492271
chrM	739	740	0.00469921887156506
chrM	740	741	0.0015942482025633
chrM	741	742	0.000438280687474564
chrM	742	743	0.000125266190655142
chrM	743	744	0.00147169338677355
chrM	744	745	0.0020029418207993
chrM	745	746	0.00087576629550857
chrM	746	747	0.000500375281461096
chrM	747	748	0.000750304811329603
chrM	748	749	0.000406351587896974
chrM	749	750	0.000656085978505374
chrM	750	751	0.000218661168900134
chrM	751	752	0.00018739459054282
chrM	752	753	0.000655512548383069
chrM	753	754	0.000249687890137328
chrM	754	755	0.000124843945068664
chrM	755	756	3.12129346401149e-05
chrM	756	757	6.24239208464684e-05
chrM	757	758	0.00183812075518724
chrM	758	759	0.0087096176416085
chrM	759	760	0.0475405977877148
chrM	760	761	0.079206847979196
chrM	761	762	0.0662450992791198
chrM	762	763	0.00523362604735425
chrM	763	764	0.00403478435205373
chrM	764	765	0.00503715525410204
chrM	765	766	0.00634558659494832
chrM	766	767	0.0227211845213453
chrM	767	768	0.039945934203857
chrM	768	769	0.00384034092316841
chrM	769	770	0.00618894936992022
chrM	770	771	0.0131450705985256
chrM	771	772	0.01892568883941
chrM	772	773	0.132501868219651
chrM	773	774	0.0227077087476624
chrM	774	775	0.0086227835802769
chrM	775	776	0.00330608871338048
chrM	776	777	0.00288387789538273
chrM	777	778	0.00119756801572192
chrM	778	779	0.00251402642793635
chrM	779	780	0.00674006526579036
chrM	780	781	0.00186020980727007
chrM	781	782	0.000732421875
chrM	782	783	0.000366255646441216
chrM	783	784	0.000549333170567949
chrM	784	785	0.00392861493482763
chrM	785	786	0.00054896459178383
chrM	786	787	0.000366099212886692
chrM	787	788	0.000762381068553306
chrM	788	789	0.000304887344126345
chrM	789	790	0.0069639991522088
chrM	790	791	0.00211512313038223
chrM	791	792	0.000302105676565663
chrM	792	793	0.00150934283213089
chrM	793	794	0.00129752564876282
chrM	794	795	0.00105542488390326
chrM	795	796	0.00244122965641953
chrM	796	797	0.00377255990825134
chrM	797	798	0.00305717831522233
chrM	798	799	0.0143463754928723
chrM	799	800	0.0107629385897475
chrM	800	801	0.00186410662689906
chrM	801	802	0.00124443891360483
chrM	802	803	0.0101706442438482
chrM	803	804	0.000805826747249341
chrM	804	805	0.000279087075167452
chrM	805	806	0.00027906111438405
chrM	806	807	0.000434068148699346
chrM	807	808	0.000155038759689922
chrM	808	809	0.000310019841269841
chrM	809	810	0.000124019471056956
chrM	810	811	0.000929454410261177
chrM	811	812	0.000247839152390099
chrM	812	813	0.000278775864205179
chrM	813	814	0.000154856293359762
chrM	814	815	0.000897360522325711
chrM	815	816	0.000587580405739733
chrM	816	817	0.0019445044600142
chrM	817	818	0.00304634131331159
chrM	818	819	0.0229691539895376
chrM	819	820	0.00192140262391546
chrM	820	821	0.00463516746411483
chrM	821	822	0.00301222785565166
chrM	822	823	0.00122147411070726
chrM	823	824	0.0022043491212392
chrM	824	825	0.000298489642409408
chrM	825	826	0.000477668975400048
chrM	826	827	0.00280714328376038
chrM	827	828	0.000299428092343624
chrM	828	829	0.000179683756588404
chrM	829	830	0
chrM	830	831	0.000149727495957358
chrM	831	832	2.99454991914715e-05
chrM	832	833	0
chrM	833	834	8.9833807456206e-05
chrM	834	835	0
chrM	835	836	5.98874116660678e-05
chrM	836	837	2.99428092343624e-05
chrM	837	838	0
chrM	838	839	5.98856184687247e-05
chrM	839	840	0.000119771236937449
chrM	840	841	5.98856184687247e-05
chrM	841	842	5.98820323961795e-05
chrM	842	843	0.000538664112999761
chrM	843	844	0.00155376938476708
chrM	844	845	0.00573380867498515
chrM	845	846	0.0133083191651521
chrM	846	847	0.00579955119051088
chrM	847	848	0.00267714244143751
chrM	848	849	0.000553306735781473
chrM	849	850	0.000232978041819559
chrM	850	851	0.00681282208053105
chrM	851	852	0.00421780264198471
chrM	852	853	0.00240716277704389
chrM	853	854	0.00222847759793573
chrM	854	855	0.00237070857845289
chrM	855	856	0.000351298340115343
chrM	856	857	2.92834343611819e-05
chrM	857	858	0.000263527758257203
chrM	858	859	5.85668687223638e-05
chrM	859	860	0.000204972035957951
chrM	860	861	0.000175700606167091
chrM	861	862	0.000263504611330698
chrM	862	863	0.00131578947368421
chrM	863	864	0.00157645822385707
chrM	864	865	0.00296891372685994
chrM	865	866	0.00136675584506223
chrM	866	867	0.00264565647168275
chrM	867	868	0.0199481638952794
chrM	868	869	0.0135704953082314
chrM	869	870	0.02409783359875
chrM	870	871	0.00531637011769767
chrM	871	872	0.00231345815725346
chrM	872	873	0.00114186957997716
chrM	873	874	0.00200518262586377
chrM	874	875	0.00705809832023424
chrM	875	876	0.0676817380001857
chrM	876	877	0.0095723891225862
chrM	877	878	0.00839748075577327
chrM	878	879	0.00210850430067941
chrM	879	880	0.00468321402288085
chrM	880	881	0.0443929937588081
chrM	881	882	0.0241344231241449
chrM	882	883	0.0986289570023688
chrM	883	884	0.0128388017118402
chrM	884	885	0.00759382951653944
chrM	885	886	0.0137643542551518
chrM	886	887	0.00671694555738864
chrM	887	888	0.0821892732930624
chrM	888	889	0.0030311991719651
chrM	889	890	0.00322353551446886
chrM	890	891	0.00412562720683888
chrM	891	892	0.00496324215397246
chrM	892	893	0.00116235470566179
chrM	893	894	0.000262723314817595
chrM	894	895	0.000600352707215489
chrM	895	896	0.00131179491023575
chrM	896	897	0.00898893098581086
chrM	897	898	0.0140901919054783
chrM	898	899	0.00479432001171132
chrM	899	900	0.00266637446124626
chrM	900	901	0.00186165358642088
chrM	901	902	0.0107338444687842
chrM	902	903	0.00364708049364524
chrM	903	904	0.0064954128440367
chrM	904	905	0.00750482713395752
chrM	905	906	0.0105680793507665
chrM	906	907	0.0101858470335954
chrM	907	908	0.00192747001713307
chrM	908	909	0.00117710005350455
chrM	909	910	0.0129696200747163
chrM	910	911	0.00621859958542669
chrM	911	912	0.0210907835692095
chrM	912	913	0.00570799807441029
chrM	913	914	0.0176020580867917
chrM	914	915	0.000880728972595779
chrM	915	916	0.000440289913974124
chrM	916	917	0.000135469231550784
chrM	917	918	0.000203190084323885
chrM	918	919	0
chrM	919	920	0.000711189379571932
chrM	920	921	0.000169445574081605
chrM	921	922	0.000304991697448236
chrM	922	923	0.000271057803076506
chrM	923	924	0.000643348119053262
chrM	924	925	0.000778236448534885
chrM	925	926	0.000270645150377212
chrM	926	927	0.00165501401695545
chrM	927	928	0.000472637655717228
chrM	928	929	0.000775873701254891
chrM	929	930	0.0112423271950894
chrM	930	931	0.00507917538093815
chrM	931	932	0.00914684302306452
chrM	932	933	0.00877708170190551
chrM	933	934	0.00315621644486383
chrM	934	935	0.0578362788414335
chrM	935	936	0.000306936771025169
chrM	936	937	0.000337599361630298
chrM	937	938	0.00457279646452247
chrM	938	939	0.0055625557023879
chrM	939	940	0.00040046823978806
chrM	940	941	0.00107758620689655
chrM	941	942	0.00298580970849878
chrM	942	943	0.000277683502514578
chrM	943	944	0.000246867863975807
chrM	944	945	0.000493796679217332
chrM	945	946	0.00120344370043509
chrM	946	947	0.00671861578107743
chrM	947	948	0.010176184690158
chrM	948	949	0.00849397590361446
chrM	949	950	0.0165906262961427
chrM	950	951	0.000976909413854352
chrM	951	952	0.000295980583673711
chrM	952	953	0.000887495192734373
chrM	953	954	0.0123672297996982
chrM	954	955	0.0308381891528463
chrM	955	956	0.0442526794214292
chrM	956	957	0.0244371136662076
chrM	957	958	0.00147473290948417
chrM	958	959	0.00147449130050133
chrM	959	960	0.000883999607111286
chrM	960	961	0.00196072023790072
chrM	961	962	0.00143612507343821
chrM	962	963	0.000522073938721571
chrM	963	964	0.00455299359328759
chrM	964	965	0.00475074840557074
chrM	965	966	0.00150189369204649
chrM	966	967	0.00111027658949156
chrM	967	968	0.0163265306122449
chrM	968	969	0.0319549487607635
chrM	969	970	0.0194498101645241
chrM	970	971	0.00166073546856465
chrM	971	972	0.00226949393672515
chrM	972	973	0.000508026823816297
chrM	973	974	0.000473997833152763
chrM	974	975	0.000338546956462861
chrM	975	976	0.000101588161592902
chrM	976	977	0.000643239217279437
chrM	977	978	0.000541565123206066
chrM	978	979	0.00421329378454901
chrM	979	980	0.00268943723525852
chrM	980	981	0.00368447496231787
chrM	981	982	0.00127137073839874
chrM	982	983	0.0106181769917377
chrM	983	984	0.0165821749795585
chrM	984	985	0.0332985485248079
chrM	985	986	0.0863947741133624
chrM	986	987	0.0540747632860818
chrM	987	988	0.00251503553854565
chrM	988	989	0.0026775224720636
chrM	989	990	0.0157847386930564
chrM	990	991	0.0253456854605932
chrM	991	992	0.28909085871041
chrM	992	993	0.0355601390321225
chrM	993	994	0.00555796444479483
chrM	994	995	0.00483832900637243
chrM	995	996	0.00815609756097561
chrM	996	997	0.00260822173777639
chrM	997	998	0.0104166666666667
chrM	998	999	0.00331381011097411
chrM	999	1000	0.00277082932461035
chrM	1000	1001	0.00176957107135988
chrM	1001	1002	0.00813632176849862
chrM	1002	1003	0.00724582119306855
chrM	1003	1004	0.00168724595444436
chrM	1004	1005	0.000729114701254845
chrM	1005	1006	0.00237949032852318
chrM	1006	1007	0.00945790080738178
chrM	1007	1008	0.00159068865179437
chrM	1008	1009	0.000349636766248397
chrM	1009	1010	0.00155430347775403
chrM	1010	1011	0.0103188405797101
chrM	1011	1012	0.00166718362282878
chrM	1012	1013	0.000543457163929972
chrM	1013	1014	0.000349392445358904
chrM	1014	1015	0.00224727808128947
chrM	1015	1016	0.00147053132618707
chrM	1016	1017	0.00362528443056038
chrM	1017	1018	0.0016174998074405
chrM	1018	1019	0.00130794383535295
chrM	1019	1020	0.00107621939501095
chrM	1020	1021	0.00363831335452491
chrM	1021	1022	0.000918414204806368
chrM	1022	1023	0.0404055245371731
chrM	1023	1024	0.000660962802482283
chrM	1024	1025	0.00128539424877888
chrM	1025	1026	0.00443711037770444
chrM	1026	1027	0.000697836706210747
chrM	1027	1028	0.00349110686461855
chrM	1028	1029	0.00176971573940936
chrM	1029	1030	0.000295410066098002
chrM	1030	1031	0.000258521992835248
chrM	1031	1032	0.000110811509622133
chrM	1032	1033	0.000258512445527735
chrM	1033	1034	0.000701210510776498
chrM	1034	1035	0.00400676371121894
chrM	1035	1036	0.00304174148862096
chrM	1036	1037	0.00630007283321195
chrM	1037	1038	0.00319454024031655
chrM	1038	1039	0.000725531451788435
chrM	1039	1040	0.00625791282329535
chrM	1040	1041	0.00206529222073264
chrM	1041	1042	0.00983594787665578
chrM	1042	1043	0.0146610949783979
chrM	1043	1044	0.0348745679181355
chrM	1044	1045	0.00344639323005528
chrM	1045	1046	0.0114387906600081
chrM	1046	1047	0.00343550016840687
chrM	1047	1048	0.00158297127075545
chrM	1048	1049	0.00212156928775888
chrM	1049	1050	0.0155348275399275
chrM	1050	1051	0.00260946184085672
chrM	1051	1052	0.00472226940716834
chrM	1052	1053	0.00215031742781077
chrM	1053	1054	0.00259882369032964
chrM	1054	1055	0.00150643659271432
chrM	1055	1056	0.00283469945355191
chrM	1056	1057	0.00112585718672171
chrM	1057	1058	0.000306999590667212
chrM	1058	1059	0
chrM	1059	1060	0.000102336687702541
chrM	1060	1061	0.000613706102966246
chrM	1061	1062	0.00207560651944605
chrM	1062	1063	0.0053812569804041
chrM	1063	1064	0.0173956427739897
chrM	1064	1065	0.0206309888533994
chrM	1065	1066	0.00747597009611962
chrM	1066	1067	0.0137585392325863
chrM	1067	1068	0.00305576776165011
chrM	1068	1069	0.00752259940577786
chrM	1069	1070	0.00198970407099769
chrM	1070	1071	0.00249266399520399
chrM	1071	1072	0.00596289752650177
chrM	1072	1073	0.0229344863239026
chrM	1073	1074	0.00164525722963994
chrM	1074	1075	0.000569584203531422
chrM	1075	1076	0.000885907739036892
chrM	1076	1077	0.00284315274048334
chrM	1077	1078	0.000474113407927176
chrM	1078	1079	0.000758629409533443
chrM	1079	1080	0.00170524520794518
chrM	1080	1081	0.000442044772820561
chrM	1081	1082	0.0164621835688772
chrM	1082	1083	0.000745040822028374
chrM	1083	1084	0.00136510300322661
chrM	1084	1085	0.00993500464252553
chrM	1085	1086	0.00351160694863109
chrM	1086	1087	0.000746199048596213
chrM	1087	1088	0.0163317364524358
chrM	1088	1089	0.00464866232369869
chrM	1089	1090	0.00555996822875298
chrM	1090	1091	0.0424920127795527
chrM	1091	1092	0.0360348336725501
chrM	1092	1093	0.00366883566385159
chrM	1093	1094	0.00107680016673035
chrM	1094	1095	0.00076463228138468
chrM	1095	1096	0.000451828166272765
chrM	1096	1097	0.000764101139205335
chrM	1097	1098	0.00079819538434843
chrM	1098	1099	0.000208181534297908
chrM	1099	1100	0.000208138203767301
chrM	1100	1101	0.000658715850783525
chrM	1101	1102	0.00493426727856182
chrM	1102	1103	0.00617389813068084
chrM	1103	1104	0.0076593137254902
chrM	1104	1105	0.00346044239381191
chrM	1105	1106	0.00573549257759784
chrM	1106	1107	0.0132209937391768
chrM	1107	1108	0.0039820806371329
chrM	1108	1109	0.0182065397625522
chrM	1109	1110	0.00607225989272341
chrM	1110	1111	0.00444353990705878
chrM	1111	1112	0.0118528610354223
chrM	1112	1113	0.0068163040484715
chrM	1113	1114	0.00145404189025446
chrM	1114	1115	0.00986118746564046
chrM	1115	1116	0.000653212775466703
chrM	1116	1117	0.000275084244549893
chrM	1117	1118	0.00113355317394889
chrM	1118	1119	0.000549299642955232
chrM	1119	1120	0.000446152790170911
chrM	1120	1121	0.00102908891328211
chrM	1121	1122	0.0135200054903576
chrM	1122	1123	0.0013564745574067
chrM	1123	1124	0.000731197771587744
chrM	1124	1125	0.000835625500504857
chrM	1125	1126	0.000939620671654776
chrM	1126	1127	0.00128695652173913
chrM	1127	1128	0.000765696784073507
chrM	1128	1129	0.000452740823291774
chrM	1129	1130	0.000209030100334448
chrM	1130	1131	0.000418147606104955
chrM	1131	1132	0.000522884930456304
chrM	1132	1133	0.000627702608453062
chrM	1133	1134	0.000348845321984232
chrM	1134	1135	0.000209299891861723
chrM	1135	1136	0.00027898866608544
chrM	1136	1137	0.000348614258323165
chrM	1137	1138	0.000766363604695719
chrM	1138	1139	0.00111346950137444
chrM	1139	1140	0.00191018650366408
chrM	1140	1141	0.00294351906361464
chrM	1141	1142	0.0162499148327315
chrM	1142	1143	0.0163527913678708
chrM	1143	1144	0.00543242792867855
chrM	1144	1145	0.00921278562937525
chrM	1145	1146	0.000659978880675818
chrM	1146	1147	0.0756489644022817
chrM	1147	1148	0.00100563766570166
chrM	1148	1149	0.102240704768679
chrM	1149	1150	0.00338123415046492
chrM	1150	1151	0.0057747051647011
chrM	1151	1152	0.00477642550665191
chrM	1152	1153	0.00223611185947519
chrM	1153	1154	0.0123014804845222
chrM	1154	1155	0.0121609489348968
chrM	1155	1156	0.018020248706944
chrM	1156	1157	0.0601897193385007
chrM	1157	1158	0.0612238867712673
chrM	1158	1159	0.0605672917901832
chrM	1159	1160	0.110558855618863
chrM	1160	1161	0.00313460165730424
chrM	1161	1162	0.000373203955961933
chrM	1162	1163	0.000310935605236156
chrM	1163	1164	0.00155419477168879
chrM	1164	1165	0.00115117762359603
chrM	1165	1166	0.0484799452344649
chrM	1166	1167	0.0139102040816327
chrM	1167	1168	0.0188922710428798
chrM	1168	1169	0.0305929919137466
chrM	1169	1170	0.00398737907839534
chrM	1170	1171	0.00666344427565253
chrM	1171	1172	0.0146628563652446
chrM	1172	1173	0.000883842676003671
chrM	1173	1174	0.000305945541693579
chrM	1174	1175	0.0136061277968152
chrM	1175	1176	0.000571870689945168
chrM	1176	1177	0.000672630658505415
chrM	1177	1178	0.00309441323870707
chrM	1178	1179	0.00913487372380441
chrM	1179	1180	0.00273251695172553
chrM	1180	1181	0.000405802982651922
chrM	1181	1182	0.00155605168797781
chrM	1182	1183	0.00317653419843201
chrM	1183	1184	0.0003043007844198
chrM	1184	1185	0.000541052346814554
chrM	1185	1186	0.000913211120882094
chrM	1186	1187	0.00345130946741558
chrM	1187	1188	0.000950279993212286
chrM	1188	1189	0.000271720671150058
chrM	1189	1190	0.00067911714770798
chrM	1190	1191	0.000441396170039386
chrM	1191	1192	0.000203748981255094
chrM	1192	1193	0.00013584188005162
chrM	1193	1194	0.00033960470012905
chrM	1194	1195	0.000237779815890485
chrM	1195	1196	0.000237836368578418
chrM	1196	1197	3.3983551960851e-05
chrM	1197	1198	0.000101940263005879
chrM	1198	1199	6.7955557065679e-05
chrM	1199	1200	0.00125559929414959
chrM	1200	1201	0.00189689045457625
chrM	1201	1202	0.00148849797023004
chrM	1202	1203	0.000236782464567195
chrM	1203	1204	0.00128378378378378
chrM	1204	1205	0.000979167370091501
chrM	1205	1206	0.00198934520196911
chrM	1206	1207	0.000674308833445718
chrM	1207	1208	0.00131472491909385
chrM	1208	1209	0.00299834922346124
chrM	1209	1210	0.000708167532204762
chrM	1210	1211	0.00229087356399286
chrM	1211	1212	0.0248165092321364
chrM	1212	1213	0.00269435499769994
chrM	1213	1214	0.00121558578093173
chrM	1214	1215	0.005911718339464
chrM	1215	1216	0.015783613858144
chrM	1216	1217	0.00553159263771361
chrM	1217	1218	0.0103126750354189
chrM	1218	1219	0.00882460272700129
chrM	1219	1220	0.01639781362485
chrM	1220	1221	0.00434592190816292
chrM	1221	1222	0.00828366501666835
chrM	1222	1223	0.0544272675221448
chrM	1223	1224	0.00187550868749779
chrM	1224	1225	0.000496119635706439
chrM	1225	1226	0.00180786954980503
chrM	1226	1227	0.000142030323474062
chrM	1227	1228	0.000461614942120588
chrM	1228	1229	0.000568302905448604
chrM	1229	1230	0.000958977091102824
chrM	1230	1231	0.000745765119499982
chrM	1231	1232	0.00067435669920142
chrM	1232	1233	0.00141768562821194
chrM	1233	1234	0.00109753938750221
chrM	1234	1235	0.00106104548348306
chrM	1235	1236	0.00482207595649572
chrM	1236	1237	0.00924246651785714
chrM	1237	1238	0.00240125282756221
chrM	1238	1239	0.00835231586940015
chrM	1239	1240	0.00381666265515937
chrM	1240	1241	0.00611882135776304
chrM	1241	1242	0.00163856079743292
chrM	1242	1243	0.00668068366793272
chrM	1243	1244	0.00957403923676431
chrM	1244	1245	0.0023130300693909
chrM	1245	1246	0.0128408790045009
chrM	1246	1247	0.00875898041531345
chrM	1247	1248	0.249636905201487
chrM	1248	1249	0.00541096393506843
chrM	1249	1250	0.00750947798191893
chrM	1250	1251	0.00269071340266162
chrM	1251	1252	0.00222550134255788
chrM	1252	1253	0.00344902438436121
chrM	1253	1254	0.0012537673297167
chrM	1254	1255	0.00381025875997781
chrM	1255	1256	0.129253182324186
chrM	1256	1257	0.134254634254634
chrM	1257	1258	0.0212779573160977
chrM	1258	1259	0.0036609681953388
chrM	1259	1260	0.00101662676679894
chrM	1260	1261	0.000623298231801332
chrM	1261	1262	0.00104887082500246
chrM	1262	1263	0.000655179191508878
chrM	1263	1264	0
chrM	1264	1265	6.55179191508878e-05
chrM	1265	1266	0.000327578864611655
chrM	1266	1267	0.000360407588217948
chrM	1267	1268	0.000458655484209147
chrM	1268	1269	0.00127630330202572
chrM	1269	1270	0.00656825128438577
chrM	1270	1271	0.00491861631556807
chrM	1271	1272	0.00345061111290271
chrM	1272	1273	0.00193118542598732
chrM	1273	1274	0.000932625824087474
chrM	1274	1275	0.00785114735263141
chrM	1275	1276	0.00162741719318399
chrM	1276	1277	0.00436945844230401
chrM	1277	1278	0.00640514961282305
chrM	1278	1279	0.0100190234622701
chrM	1279	1280	0.0242820814984804
chrM	1280	1281	0.00730016941321423
chrM	1281	1282	0.000861856685545432
chrM	1282	1283	0.000830437055946852
chrM	1283	1284	0.00119837758112094
chrM	1284	1285	0.0111587460853173
chrM	1285	1286	0.000547395310646839
chrM	1286	1287	0.00255474452554745
chrM	1287	1288	0.00795812152021302
chrM	1288	1289	0.000514512272630974
chrM	1289	1290	0.000786448880822746
chrM	1290	1291	0.00154041319318594
chrM	1291	1292	0.000845078924335255
chrM	1292	1293	0.00300914780934039
chrM	1293	1294	0.000210602322642758
chrM	1294	1295	6.01684717208183e-05
chrM	1295	1296	0
chrM	1296	1297	0.000330837017654666
chrM	1297	1298	0.000210538979788258
chrM	1298	1299	0.000481145125398448
chrM	1299	1300	0.00431253930699889
chrM	1300	1301	0.00316474592464322
chrM	1301	1302	0.00460678832550675
chrM	1302	1303	0.00435039952648713
chrM	1303	1304	0.0031611912077523
chrM	1304	1305	0.000650560369045155
chrM	1305	1306	0.00185994331601323
chrM	1306	1307	0.00306766562444694
chrM	1307	1308	0.01403663003663
chrM	1308	1309	0.013586636866251
chrM	1309	1310	0.0121513885184197
chrM	1310	1311	0.00298240381747689
chrM	1311	1312	0.000417823141433133
chrM	1312	1313	0.000268552502014144
chrM	1313	1314	0.0123194812849985
chrM	1314	1315	0.00161845628696701
chrM	1315	1316	0.00293556436224864
chrM	1316	1317	0.0330602025719813
chrM	1317	1318	0.0044905499502629
chrM	1318	1319	0.00108071213241568
chrM	1319	1320	0.000625373091901418
chrM	1320	1321	0.000170546601858958
chrM	1321	1322	0.00244422339064942
chrM	1322	1323	0.000940037031761857
chrM	1323	1324	0.00119739993157715
chrM	1324	1325	0.000884450784593438
chrM	1325	1326	0.00173848609211126
chrM	1326	1327	0.00850666968121185
chrM	1327	1328	0.00143953934740883
chrM	1328	1329	0.000141139276237791
chrM	1329	1330	0.000141123341800734
chrM	1330	1331	0.000197567102255087
chrM	1331	1332	0.000903061944405249
chrM	1332	1333	0.000649405652652681
chrM	1333	1334	0.00166544345960594
chrM	1334	1335	0.00101654712825436
chrM	1335	1336	0.000536495835098122
chrM	1336	1337	2.82366228999012e-05
chrM	1337	1338	0.0026191280838121
chrM	1338	1339	0.000225301340542976
chrM	1339	1340	0.000197171990310405
chrM	1340	1341	0.00098599881680142
chrM	1341	1342	0.000733034480814232
chrM	1342	1343	0.000253857219417257
chrM	1343	1344	0.0001974445039912
chrM	1344	1345	0.000141015878387906
chrM	1345	1346	0.000112799977440005
chrM	1346	1347	0.0003664655804251
chrM	1347	1348	2.81888653981677e-05
chrM	1348	1349	0.0001972831294741
chrM	1349	1350	0.000478900219730689
chrM	1350	1351	0.000112676056338028
chrM	1351	1352	0.00028162667567872
chrM	1352	1353	0.000168952214681947
chrM	1353	1354	0.00219156528335815
chrM	1354	1355	0.00255080588647512
chrM	1355	1356	0.00165145832167049
chrM	1356	1357	0.000447690198382719
chrM	1357	1358	0.00215288262595761
chrM	1358	1359	0.000895656068069861
chrM	1359	1360	0.00218407862683057
chrM	1360	1361	0.237041400201952
chrM	1361	1362	0.0124209907393797
chrM	1362	1363	0.00866944485786575
chrM	1363	1364	0.0310764149527098
chrM	1364	1365	0.0191346787000813
chrM	1365	1366	0.00102661296691147
chrM	1366	1367	0.000118563016243133
chrM	1367	1368	0.000316093089414833
chrM	1368	1369	0.000710703991787421
chrM	1369	1370	0.000986154392331663
chrM	1370	1371	0.000157784702773066
chrM	1371	1372	0
chrM	1372	1373	0.0001183385270798
chrM	1373	1374	7.88861278744133e-05
chrM	1374	1375	0.000512537454660148
chrM	1375	1376	0.000670003547077602
chrM	1376	1377	0.00126009056900965
chrM	1377	1378	0.00145526057030482
chrM	1378	1379	0.00325426386982945
chrM	1379	1380	0.0010966200603141
chrM	1380	1381	0.00304556635820546
chrM	1381	1382	0.00257049384639352
chrM	1382	1383	0.0177170627176367
chrM	1383	1384	0.00496884913809578
chrM	1384	1385	0.00559687188530246
chrM	1385	1386	0.00153994225216554
chrM	1386	1387	0.00134827997996841
chrM	1387	1388	0.00130995954536698
chrM	1388	1389	0.0026916865338768
chrM	1389	1390	0.00547075251539845
chrM	1390	1391	0.021086932094835
chrM	1391	1392	0.0240541034545787
chrM	1392	1393	0.00722218189736517
chrM	1393	1394	0.060717822627463
chrM	1394	1395	0.00320523749445903
chrM	1395	1396	0.00616990982439487
chrM	1396	1397	0.0132967143383461
chrM	1397	1398	0.0347083646831758
chrM	1398	1399	0.150800945378151
chrM	1399	1400	0.219611507910019
chrM	1400	1401	0.0654093097913323
chrM	1401	1402	0.00791230846424023
chrM	1402	1403	0.00224171916669888
chrM	1403	1404	0.0103247678853488
chrM	1404	1405	0.00436461954422557
chrM	1405	1406	0.00281603209505073
chrM	1406	1407	0.0136212751344958
chrM	1407	1408	0.00320941428189355
chrM	1408	1409	0.0136244938122091
chrM	1409	1410	0.000530463776902091
chrM	1410	1411	0.000189444170802864
chrM	1411	1412	0.00109815207512875
chrM	1412	1413	0.000568095743069232
chrM	1413	1414	0.00196984620046973
chrM	1414	1415	0.00303570750958145
chrM	1415	1416	0.00148401826484018
chrM	1416	1417	0.00289402536080119
chrM	1417	1418	0.00164028228113675
chrM	1418	1419	0.00114578161402437
chrM	1419	1420	0.00183241076541325
chrM	1420	1421	0.000381752242794426
chrM	1421	1422	0.00720351835001517
chrM	1422	1423	0.00211928549803209
chrM	1423	1424	0.000491809480573525
chrM	1424	1425	0.0317285850370045
chrM	1425	1426	0.00223059202106264
chrM	1426	1427	0.00193465960941778
chrM	1427	1428	0.00746376811594203
chrM	1428	1429	0.00894332303713814
chrM	1429	1430	0.00222262054131565
chrM	1430	1431	0.000895607938668768
chrM	1431	1432	0.0005372685268097
chrM	1432	1433	0.0119994268930439
chrM	1433	1434	0.0119047619047619
chrM	1434	1435	0.0323877759906419
chrM	1435	1436	0.0139376770538244
chrM	1436	1437	0.0030255447895523
chrM	1437	1438	0.00142045454545455
chrM	1438	1439	0.000268930807944984
chrM	1439	1440	0.000268889486421081
chrM	1440	1441	0.0189184096476352
chrM	1441	1442	0.00483834671067437
chrM	1442	1443	0.00410923082670253
chrM	1443	1444	0.00104493207941484
chrM	1444	1445	0.000261184284168501
chrM	1445	1446	0.0106327992320756
chrM	1446	1447	0.000184569952011812
chrM	1447	1448	0.000553709856035437
chrM	1448	1449	0.00732155997056659
chrM	1449	1450	0.00328498136049902
chrM	1450	1451	0.00155469183786785
chrM	1451	1452	0.00200140839850265
chrM	1452	1453	0.0018561829453911
chrM	1453	1454	0.000148737589707359
chrM	1454	1455	0.000148743120630671
chrM	1455	1456	0.000148726529094627
chrM	1456	1457	0.000854446838546697
chrM	1457	1458	7.4296964968981e-05
chrM	1458	1459	0.000408481562627651
chrM	1459	1460	0.000593868309702323
chrM	1460	1461	0.000259827029434691
chrM	1461	1462	0.00377400377400377
chrM	1462	1463	0.000333135919455138
chrM	1463	1464	0.00147896176883828
chrM	1464	1465	0.000184842883548983
chrM	1465	1466	0.000480360639988176
chrM	1466	1467	0.00353487001988364
chrM	1467	1468	0.00176438154750965
chrM	1468	1469	0.00274956923415332
chrM	1469	1470	0.0010255658926086
chrM	1470	1471	0.000183130058967879
chrM	1471	1472	0.000146525513755083
chrM	1472	1473	0.000878734622144112
chrM	1473	1474	0.00186478481845771
chrM	1474	1475	0.00226674466218192
chrM	1475	1476	0.0114584088766408
chrM	1476	1477	0.000943293545695316
chrM	1477	1478	0.000181402604941407
chrM	1478	1479	0.000145127349248966
chrM	1479	1480	0.000689179875947622
chrM	1480	1481	0.000906355363811043
chrM	1481	1482	0.000760897133954129
chrM	1482	1483	0.00576472707620249
chrM	1483	1484	0.000576368876080692
chrM	1484	1485	0.00484200710161042
chrM	1485	1486	0.00150435187506716
chrM	1486	1487	0.00235857484901547
chrM	1487	1488	0.00473141230878691
chrM	1488	1489	0.0141719577647595
chrM	1489	1490	0.00876674204209428
chrM	1490	1491	0.000938803894297636
chrM	1491	1492	0.000556038227628149
chrM	1492	1493	0.000382236430606713
chrM	1493	1494	0.0129776496034607
chrM	1494	1495	0.00140762866069283
chrM	1495	1496	0.0198203141074
chrM	1496	1497	0.0026524273200014
chrM	1497	1498	0.000314751346436315
chrM	1498	1499	0.00615406133081576
chrM	1499	1500	0.000351691636772878
chrM	1500	1501	0.000598044044184901
chrM	1501	1502	0.00235824152616944
chrM	1502	1503	0.000881989768918681
chrM	1503	1504	0.000494245569441503
chrM	1504	1505	0.00049428046886033
chrM	1505	1506	0.00042362410421153
chrM	1506	1507	0.000105909764880322
chrM	1507	1508	0.000105906026052882
chrM	1508	1509	0
chrM	1509	1510	3.53020086842941e-05
chrM	1510	1511	0.000141198065586501
chrM	1511	1512	7.06015249929399e-05
chrM	1512	1513	0.000176516274800537
chrM	1513	1514	0.000670880265527347
chrM	1514	1515	0.000211999152003392
chrM	1515	1516	7.06813683912921e-05
chrM	1516	1517	0.000176715911500672
chrM	1517	1518	7.06988582134399e-05
chrM	1518	1519	0.0001767471455336
chrM	1519	1520	0.00243850720949958
chrM	1520	1521	0.000743336519061272
chrM	1521	1522	0.0148255608237209
chrM	1522	1523	0.00068185896285663
chrM	1523	1524	0.00183084434233199
chrM	1524	1525	0.00417086149863368
chrM	1525	1526	0.03869896393632
chrM	1526	1527	0.161935871442517
chrM	1527	1528	0.0748835542816195
chrM	1528	1529	0.0416606183771229
chrM	1529	1530	0.00383567174724942
chrM	1530	1531	0.000556962025316456
chrM	1531	1532	0.00232417138237672
chrM	1532	1533	0.000807958390142908
chrM	1533	1534	0.0036231884057971
chrM	1534	1535	0.00045271629778672
chrM	1535	1536	0.00316042941707635
chrM	1536	1537	0.00375075015003001
chrM	1537	1538	0.00324189526184539
chrM	1538	1539	0.00119664938173115
chrM	1539	1540	0.010825842975617
chrM	1540	1541	0.0134693473308904
chrM	1541	1542	0.00292818502158916
chrM	1542	1543	0.00357426528991263
chrM	1543	1544	0.0584984566364632
chrM	1544	1545	0.0674528541656077
chrM	1545	1546	0.00758884178573298
chrM	1546	1547	0.0132342085837815
chrM	1547	1548	0.0168305193417397
chrM	1548	1549	0.00358617691806129
chrM	1549	1550	0.000599781897491821
chrM	1550	1551	5.45583501554913e-05
chrM	1551	1552	5.4561326931471e-05
chrM	1552	1553	0
chrM	1553	1554	5.45643040323021e-05
chrM	1554	1555	0
chrM	1555	1556	0
chrM	1556	1557	0.000817884405670665
chrM	1557	1558	0
chrM	1558	1559	0.000327100256228534
chrM	1559	1560	0.000218066837485689
chrM	1560	1561	0
chrM	1561	1562	5.45226541628046e-05
chrM	1562	1563	0.000218090616651219
chrM	1563	1564	0.00899623793686277
chrM	1564	1565	0.0120428924938136
chrM	1565	1566	0.0125180816735284
chrM	1566	1567	0.0115330520393812
chrM	1567	1568	0.0048860860178399
chrM	1568	1569	0.000456516776991554
chrM	1569	1570	0.000912616929044034
chrM	1570	1571	0.000855627174719069
chrM	1571	1572	0.00697911938266001
chrM	1572	1573	0.000681469702992788
chrM	1573	1574	0.00363677690646664
chrM	1574	1575	0.00182502566442341
chrM	1575	1576	0.00445663352759685
chrM	1576	1577	0.00987144168962351
chrM	1577	1578	0.00115915150110119
chrM	1578	1579	0.00922006378660481
chrM	1579	1580	0.000818330605564648
chrM	1580	1581	0.000876680303915839
chrM	1581	1582	0.00222027461291265
chrM	1582	1583	0.00438673451482716
chrM	1583	1584	0.00264270613107822
chrM	1584	1585	0.017478813559322
chrM	1585	1586	0.00945824603412152
chrM	1586	1587	0.00181181302089624
chrM	1587	1588	0.00284193977506349
chrM	1588	1589	0.000848793500666909
chrM	1589	1590	0.000546017108536067
chrM	1590	1591	0.000303379649293125
chrM	1591	1592	0.00175874825641337
chrM	1592	1593	0.00236363636363636
chrM	1593	1594	0.00236206165586579
chrM	1594	1595	0.000485054265445947
chrM	1595	1596	0.000545719136551055
chrM	1596	1597	0.00072758139816892
chrM	1597	1598	0.00260637653048854
chrM	1598	1599	0.00454352698855031
chrM	1599	1600	0.0167404621823255
chrM	1600	1601	0.131559497413156
chrM	1601	1602	0.0107702118614044
chrM	1602	1603	0.00357986682895396
chrM	1603	1604	0.0228333453004954
chrM	1604	1605	0.123412377945819
chrM	1605	1606	0.0822869579775657
chrM	1606	1607	0.0212513681138271
chrM	1607	1608	0.0294446515095043
chrM	1608	1609	0.0408946913698762
chrM	1609	1610	0.0492901419716057
chrM	1610	1611	0.211764705882353
chrM	1611	1612	0.0175882744836775
chrM	1612	1613	0.0130187144019528
chrM	1613	1614	0.00508381423467986
chrM	1614	1615	0.00745547425100097
chrM	1615	1616	0.00250312891113892
chrM	1616	1617	0.00390352711557228
chrM	1617	1618	0.00377833753148615
chrM	1618	1619	0.00126404494382022
chrM	1619	1620	0
chrM	1620	1621	0.000140607424071991
chrM	1621	1622	0.000281214848143982
chrM	1622	1623	0.00140567894292943
chrM	1623	1624	0.00112501757839966
chrM	1624	1625	0.00168847615027438
chrM	1625	1626	0.00379960596678863
chrM	1626	1627	0.00169276343630978
chrM	1627	1628	0.0115868305779285
chrM	1628	1629	0.00900643316654753
chrM	1629	1630	0.00245239469128679
chrM	1630	1631	0.00101229211858279
chrM	1631	1632	0
chrM	1632	1633	0.000144759698899826
chrM	1633	1634	0.00346770697876029
chrM	1634	1635	0.00217013888888889
chrM	1635	1636	0.000434908669179472
chrM	1636	1637	0.000290065264684554
chrM	1637	1638	0.00464239083127811
chrM	1638	1639	0.00233168172544448
chrM	1639	1640	0.0148970351978969
chrM	1640	1641	0.0292068198665678
chrM	1641	1642	0.0432193036041539
chrM	1642	1643	0.0114924181963288
chrM	1643	1644	0.00193767156466979
chrM	1644	1645	0.00226134711678243
chrM	1645	1646	0.00578778135048231
chrM	1646	1647	0.00861244019138756
chrM	1647	1648	0.0118221941992434
chrM	1648	1649	0.00486274509803922
chrM	1649	1650	0.012546468401487
chrM	1650	1651	0.000309693403530505
chrM	1651	1652	0.000154822727976467
chrM	1652	1653	0.00557275541795666
chrM	1653	1654	0.000778210116731518
chrM	1654	1655	0
chrM	1655	1656	0
chrM	1656	1657	0.000155738981467061
chrM	1657	1658	0
chrM	1658	1659	0.000466998754669988
chrM	1659	1660	0.000311284046692607
chrM	1660	1661	0.000155642023346304
chrM	1661	1662	0
chrM	1662	1663	0
chrM	1663	1664	0.000155642023346304
chrM	1664	1665	0.000155642023346304
chrM	1665	1666	0
chrM	1666	1667	0.00171152948498522
chrM	1667	1668	0
chrM	1668	1669	0
chrM	1669	1670	0.000311575011684063
chrM	1670	1671	0
chrM	1671	1672	0
chrM	1672	1673	0
chrM	1673	1674	0
chrM	1674	1675	0.00186654223051797
chrM	1675	1676	0.00495356037151703
chrM	1676	1677	0.00200834234512591
chrM	1677	1678	0
chrM	1678	1679	0.000617569862590706
chrM	1679	1680	0.00323176361957525
chrM	1680	1681	0.000153869826127096
chrM	1681	1682	0.00107642626480086
chrM	1682	1683	0.000615006150061501
chrM	1683	1684	0.000461041954817888
chrM	1684	1685	0.000153680651605963
chrM	1685	1686	0.000460900291903518
chrM	1686	1687	0.000614156302779057
chrM	1687	1688	0.00671038584718621
chrM	1688	1689	0.00789553598542363
chrM	1689	1690	0.00876265296872639
chrM	1690	1691	0.00286360211002261
chrM	1691	1692	0.00165537998495109
chrM	1692	1693	0.00285114045618247
chrM	1693	1694	0.00552156394567975
chrM	1694	1695	0.00119242808168132
chrM	1695	1696	0.00119100789042727
chrM	1696	1697	0.00680171521514121
chrM	1697	1698	0.00206581083075107
chrM	1698	1699	0.00688745603751465
chrM	1699	1700	0.0247248820923253
chrM	1700	1701	0.0943567175770127
chrM	1701	1702	0.148931482705442
chrM	1702	1703	0.23988947500628
chrM	1703	1704	0.386594761171032
chrM	1704	1705	0.0198348771647201
chrM	1705	1706	0.00947441906851501
chrM	1706	1707	0.00144400736941692
chrM	1707	1708	0.00213653979926463
chrM	1708	1709	0.0124153498871332
chrM	1709	1710	0.0182597803044903
chrM	1710	1711	0.0320429104477612
chrM	1711	1712	0.410332590575225
chrM	1712	1713	0.126162944443109
chrM	1713	1714	0.00141639659104549
chrM	1714	1715	0.00177338957055215
chrM	1715	1716	0.000383325347388596
chrM	1716	1717	0.000215620507906085
chrM	1717	1718	0.000670449919785456
chrM	1718	1719	0.000119708868032944
chrM	1719	1720	0.00033507251926667
chrM	1720	1721	0.000119654437983105
chrM	1721	1722	0.000358843089878233
chrM	1722	1723	0.000358722946311132
chrM	1723	1724	9.56503024940816e-05
chrM	1724	1725	0.00021517201807445
chrM	1725	1726	0.000406280620414406
chrM	1726	1727	0.0287140204271123
chrM	1727	1728	0.00910847364062931
chrM	1728	1729	0.0128513691476318
chrM	1729	1730	0.00991389969201717
chrM	1730	1731	0.000224754455757085
chrM	1731	1732	0.000157306905773163
chrM	1732	1733	0.00017976316203402
chrM	1733	1734	0.000449236298292902
chrM	1734	1735	0.000336828868479555
chrM	1735	1736	0.000830602074260315
chrM	1736	1737	0.000134746676248653
chrM	1737	1738	0.000112281332105724
chrM	1738	1739	0.000762930550880736
chrM	1739	1740	0.000919158857552796
chrM	1740	1741	0.00103030438775282
chrM	1741	1742	0.0105062505541271
chrM	1742	1743	0.00583957690612605
chrM	1743	1744	0.00140838871528542
chrM	1744	1745	0.0553996466063819
chrM	1745	1746	0.0035014295777566
chrM	1746	1747	0.0016140379919712
chrM	1747	1748	0.000889238150384647
chrM	1748	1749	0.0169567338972023
chrM	1749	1750	0.0244647711264112
chrM	1750	1751	0.114780067942196
chrM	1751	1752	0.0808680420397042
chrM	1752	1753	0.0342208902766228
chrM	1753	1754	0.00434673838263806
chrM	1754	1755	0.00123414359807536
chrM	1755	1756	0.000624716925143294
chrM	1756	1757	7.80859570214893e-05
chrM	1757	1758	0.000296661774349686
chrM	1758	1759	0.000405856826199619
chrM	1759	1760	6.24414611301904e-05
chrM	1760	1761	9.36621916952857e-05
chrM	1761	1762	0.00182336715133947
chrM	1762	1763	0.000249318270354499
chrM	1763	1764	3.11662407280434e-05
chrM	1764	1765	0
chrM	1765	1766	7.79119594857811e-05
chrM	1766	1767	1.55823918971562e-05
chrM	1767	1768	7.79095314520779e-05
chrM	1768	1769	1.55823918971562e-05
chrM	1769	1770	0.000342711156805932
chrM	1770	1771	0.000233623025885431
chrM	1771	1772	0.000607051132383843
chrM	1772	1773	6.22587473540032e-05
chrM	1773	1774	0.000108946025026458
chrM	1774	1775	0.000233423071536391
chrM	1775	1776	0.000140058201963927
chrM	1776	1777	6.22539025415156e-05
chrM	1777	1778	0.000186747175448971
chrM	1778	1779	0.000264513217881094
chrM	1779	1780	0.000699746536254646
chrM	1780	1781	0.000590612371774946
chrM	1781	1782	0.000838639540301289
chrM	1782	1783	0.000651850012416191
chrM	1783	1784	0.00446607943130892
chrM	1784	1785	0.000710479573712256
chrM	1785	1786	0.00252809421775524
chrM	1786	1787	0.000154230543816898
chrM	1787	1788	0.000123392047382546
chrM	1788	1789	0.00041649312786339
chrM	1789	1790	0.00172802172370167
chrM	1790	1791	0.000587135551057617
chrM	1791	1792	0.000880689719106332
chrM	1792	1793	0.00131266022176236
chrM	1793	1794	0.00328257921341388
chrM	1794	1795	0.00174001416648702
chrM	1795	1796	0.000615981643747016
chrM	1796	1797	9.24413767602379e-05
chrM	1797	1798	0.00015406421396438
chrM	1798	1799	0.0010323097545568
chrM	1799	1800	0.00421467136330775
chrM	1800	1801	0.00266412060920585
chrM	1801	1802	0.00144983419449371
chrM	1802	1803	0.0003086753198648
chrM	1803	1804	0.000910044422507404
chrM	1804	1805	0.000231385071035217
chrM	1805	1806	0.000370193271737286
chrM	1806	1807	0.000678750482067104
chrM	1807	1808	0.000941561448461087
chrM	1808	1809	0.000679736138789761
chrM	1809	1810	0.000973423980222497
chrM	1810	1811	0.000710655193190069
chrM	1811	1812	0.000879941954706146
chrM	1812	1813	0.00392398245749019
chrM	1813	1814	0.00221245736410288
chrM	1814	1815	0.0023912443667801
chrM	1815	1816	0.00485148061696187
chrM	1816	1817	0.000259347968695175
chrM	1817	1818	0.00111368767925795
chrM	1818	1819	0.00981889258772868
chrM	1819	1820	0.0733595496954276
chrM	1820	1821	0.0413645133390992
chrM	1821	1822	0.0225751638519957
chrM	1822	1823	0.00599535271475956
chrM	1823	1824	0.00230176290057812
chrM	1824	1825	0.000321911438586451
chrM	1825	1826	8.94486385917206e-05
chrM	1826	1827	0
chrM	1827	1828	7.15627515877986e-05
chrM	1828	1829	0.000196790525430703
chrM	1829	1830	0.000161030595813205
chrM	1830	1831	5.3684549586629e-05
chrM	1831	1832	5.36864710093057e-05
chrM	1832	1833	0.000161045003131431
chrM	1833	1834	0.000447155198626339
chrM	1834	1835	0.000357596238087575
chrM	1835	1836	0.000321756073145881
chrM	1836	1837	0.00103576977338072
chrM	1837	1838	0.00044627715596494
chrM	1838	1839	0.0159170765987351
chrM	1839	1840	0.000526990707397193
chrM	1840	1841	0.000228438883812469
chrM	1841	1842	0.000948566610455312
chrM	1842	1843	0.00282907800172205
chrM	1843	1844	0.00125094701975087
chrM	1844	1845	0.00215175138452855
chrM	1845	1846	0.00153745559934261
chrM	1846	1847	0.0185440775736986
chrM	1847	1848	0.0022349993691534
chrM	1848	1849	0.000307036555411068
chrM	1849	1850	0.000505625079003919
chrM	1850	1851	0.000686168291802095
chrM	1851	1852	0.0426341834792539
chrM	1852	1853	0.00808425552452856
chrM	1853	1854	0.0115468259173599
chrM	1854	1855	0.209433371595534
chrM	1855	1856	0.0203446310343316
chrM	1856	1857	0.00674347981421936
chrM	1857	1858	0.00267259578673135
chrM	1858	1859	0.0198721699599406
chrM	1859	1860	0.184950531414274
chrM	1860	1861	0.0499436936936937
chrM	1861	1862	0.0399976297700877
chrM	1862	1863	0.0201820706681068
chrM	1863	1864	0.0108955787882605
chrM	1864	1865	0.00499634026031888
chrM	1865	1866	0.00812827432925861
chrM	1866	1867	0.00304636181893187
chrM	1867	1868	0.00114329268292683
chrM	1868	1869	0.000476462740613684
chrM	1869	1870	0.00493233843429872
chrM	1870	1871	0.00497261912255303
chrM	1871	1872	0.0130265816881704
chrM	1872	1873	0.00885966537013027
chrM	1873	1874	0.00477099236641221
chrM	1874	1875	0.0107837414359888
chrM	1875	1876	0.00510614594293495
chrM	1876	1877	0.00720922283334887
chrM	1877	1878	0.0548498122653317
chrM	1878	1879	0.0644851773425093
chrM	1879	1880	0.0348056537102474
chrM	1880	1881	0.00844637829536729
chrM	1881	1882	0.00859851546997869
chrM	1882	1883	0.00335446770864052
chrM	1883	1884	0.00070082254435469
chrM	1884	1885	0.0152218782249742
chrM	1885	1886	0.000523227566618081
chrM	1886	1887	0.00321543408360129
chrM	1887	1888	0.00255035067321757
chrM	1888	1889	0.000864791697999699
chrM	1889	1890	0.000301023479831427
chrM	1890	1891	0.000263435194942044
chrM	1891	1892	0.000188203410245794
chrM	1892	1893	0.00112811642161471
chrM	1893	1894	0.00150200893695317
chrM	1894	1895	0.00664104764392046
chrM	1895	1896	0.00394022749237975
chrM	1896	1897	0.00562047034462358
chrM	1897	1898	0.00952520515826495
chrM	1898	1899	0.00975946014584769
chrM	1899	1900	0.0044794451267972
chrM	1900	1901	0.125059288537549
chrM	1901	1902	0.00610024526759323
chrM	1902	1903	0.00820951429641653
chrM	1903	1904	0.0491216558799845
chrM	1904	1905	0.0201006504017187
chrM	1905	1906	0.00435832498969315
chrM	1906	1907	0.0282591232499426
chrM	1907	1908	0.00440264158495097
chrM	1908	1909	0.0167887580879628
chrM	1909	1910	0.00118408132617109
chrM	1910	1911	0.00106893164615474
chrM	1911	1912	0.00728113262062988
chrM	1912	1913	0.000901608352965128
chrM	1913	1914	0.000232815319248007
chrM	1914	1915	0.000232808544073567
chrM	1915	1916	0.00075640764553574
chrM	1916	1917	0.000407320124523581
chrM	1917	1918	0.00075592382613752
chrM	1918	1919	0.00313016259455699
chrM	1919	1920	0.00112912565141865
chrM	1920	1921	0.0108081763710903
chrM	1921	1922	0.000745605230707465
chrM	1922	1923	0.000602150537634409
chrM	1923	1924	0.000487636968619127
chrM	1924	1925	0.000430379020457349
chrM	1925	1926	0.00054519368723099
chrM	1926	1927	0.0126718639262934
chrM	1927	1928	0.00449139854806361
chrM	1928	1929	0.00399898617251964
chrM	1929	1930	0.0156696341903098
chrM	1930	1931	0.00279414612554292
chrM	1931	1932	0.00154721777090125
chrM	1932	1933	0.00511734118359149
chrM	1933	1934	0.00414504927393011
chrM	1934	1935	0.0232201113030129
chrM	1935	1936	0.0577647664742078
chrM	1936	1937	0.0194290796898018
chrM	1937	1938	0.00942221719200951
chrM	1938	1939	0.00841702807578179
chrM	1939	1940	0.00827396000919329
chrM	1940	1941	0.00410108303249097
chrM	1941	1942	0.00541040997598588
chrM	1942	1943	0.0298114489553253
chrM	1943	1944	0.00187319066810467
chrM	1944	1945	0.125167835297628
chrM	1945	1946	0.00703929656432929
chrM	1946	1947	0.000641896062214541
chrM	1947	1948	0.000246889196128777
chrM	1948	1949	0.000691306816779004
chrM	1949	1950	9.88142292490119e-05
chrM	1950	1951	0.000345858346303021
chrM	1951	1952	0.00231795428205065
chrM	1952	1953	0.000345269803689454
chrM	1953	1954	0.00197000664877244
chrM	1954	1955	0.000664729922694372
chrM	1955	1956	0.000886088411932657
chrM	1956	1957	0.000344725696838373
chrM	1957	1958	0.000640378315805029
chrM	1958	1959	0.000221789595603637
chrM	1959	1960	0.000197175461513815
chrM	1960	1961	0.000492962953834019
chrM	1961	1962	0.000419152818186301
chrM	1962	1963	0.00290575980693935
chrM	1963	1964	0.000813248558332101
chrM	1964	1965	0.00486785494775661
chrM	1965	1966	0.00201726979753499
chrM	1966	1967	0.00321970162459754
chrM	1967	1968	0.00270722583185666
chrM	1968	1969	0.000813850251553714
chrM	1969	1970	0.00125851347349719
chrM	1970	1971	0.00247029470615844
chrM	1971	1972	0.0239459380049949
chrM	1972	1973	0.00976828152434651
chrM	1973	1974	0.00496425734710087
chrM	1974	1975	0.0037206994915044
chrM	1975	1976	0.0103260067856616
chrM	1976	1977	0.00657283878219225
chrM	1977	1978	0.00387191038597346
chrM	1978	1979	0.00412481195710196
chrM	1979	1980	0.00121259155066208
chrM	1980	1981	0.00919211273071233
chrM	1981	1982	0.0674495412844037
chrM	1982	1983	0.00375042618479373
chrM	1983	1984	0.00144744460234749
chrM	1984	1985	0.00144774940773888
chrM	1985	1986	0.00128872757877019
chrM	1986	1987	0.00679241339672919
chrM	1987	1988	0.00473305073726367
chrM	1988	1989	0.00223231667748215
chrM	1989	1990	0.00280221063283257
chrM	1990	1991	0.00140226959931445
chrM	1991	1992	0.0109926801078721
chrM	1992	1993	0.0176146974208853
chrM	1993	1994	0.0271688260505444
chrM	1994	1995	0.0302639581559421
chrM	1995	1996	0.004877207675444
chrM	1996	1997	0.00579345709143801
chrM	1997	1998	0.018218272729523
chrM	1998	1999	0.115548388722316
chrM	1999	2000	0.0261631213741326
chrM	2000	2001	0.00501121696821373
chrM	2001	2002	0.00582665695557174
chrM	2002	2003	0.00291307387555348
chrM	2003	2004	0.0109620654839175
chrM	2004	2005	0.000576917529639138
chrM	2005	2006	0.000865201591970929
chrM	2006	2007	0.00721084511104701
chrM	2007	2008	0.00856860694783316
chrM	2008	2009	0.00236952960449333
chrM	2009	2010	0.00134593440032771
chrM	2010	2011	0.00154984355352809
chrM	2011	2012	0.000409476455103832
chrM	2012	2013	0.00108149187419619
chrM	2013	2014	0.000116935130236501
chrM	2014	2015	0.000321599812887382
chrM	2015	2016	0.00289524477978593
chrM	2016	2017	0.00305021116846551
chrM	2017	2018	0.0180818534634835
chrM	2018	2019	0.0046071920062227
chrM	2019	2020	0.000420635159090226
chrM	2020	2021	6.01106035104592e-05
chrM	2021	2022	0.000630782169890664
chrM	2022	2023	0.000450531627320238
chrM	2023	2024	0.000390542854567849
chrM	2024	2025	0.000810737771371948
chrM	2025	2026	0.000150136624328139
chrM	2026	2027	0.000870348139255702
chrM	2027	2028	0.000750322638734656
chrM	2028	2029	0.000330250990752972
chrM	2029	2030	0.000210191274059394
chrM	2030	2031	0.00144027365199388
chrM	2031	2032	0.00042025635637739
chrM	2032	2033	0.000480220901614743
chrM	2033	2034	0.00152886863720847
chrM	2034	2035	0.0301949025487256
chrM	2035	2036	0.00194781103141232
chrM	2036	2037	0.00127009696106069
chrM	2037	2038	0.000558312655086849
chrM	2038	2039	0.000434472271358967
chrM	2039	2040	0.000155231294628997
chrM	2040	2041	0.000279407655769768
chrM	2041	2042	9.31387767773983e-05
chrM	2042	2043	6.20905901710596e-05
chrM	2043	2044	9.31301027535467e-05
chrM	2044	2045	0.00303358613217768
chrM	2045	2046	0.000340504565856679
chrM	2046	2047	0.000897610498947629
chrM	2047	2048	0.000216778668978972
chrM	2048	2049	0.00030970299482796
chrM	2049	2050	0.0106864081278652
chrM	2050	2051	0.000187840460835264
chrM	2051	2052	0.00313116448007014
chrM	2052	2053	0.00310949180224889
chrM	2053	2054	0.00141781404581115
chrM	2054	2055	0.00028391167192429
chrM	2055	2056	0.000504652263049992
chrM	2056	2057	0.000283884805854336
chrM	2057	2058	0
chrM	2058	2059	3.15457413249211e-05
chrM	2059	2060	0.000189256537236224
chrM	2060	2061	9.46252838758516e-05
chrM	2061	2062	3.15407664406245e-05
chrM	2062	2063	0.00094535829079221
chrM	2063	2064	0.000189053785802061
chrM	2064	2065	3.15099571464583e-05
chrM	2065	2066	0.000409461715329617
chrM	2066	2067	0.000346347607052897
chrM	2067	2068	0.00226194590179385
chrM	2068	2069	0.000659340659340659
chrM	2069	2070	0.000313883047176622
chrM	2070	2071	0.00178593808747963
chrM	2071	2072	0.00193895421566175
chrM	2072	2073	0.0101879664323538
chrM	2073	2074	0.00856762859175404
chrM	2074	2075	0.00992501788992253
chrM	2075	2076	0.00868801555687984
chrM	2076	2077	0.0103011343887256
chrM	2077	2078	0.0152433190892276
chrM	2078	2079	0.0401897938662645
chrM	2079	2080	0.264004066978045
chrM	2080	2081	0.0346613717788233
chrM	2081	2082	0.0120718948403827
chrM	2082	2083	0.00253416598787221
chrM	2083	2084	0.00176814616674978
chrM	2084	2085	0.00149625935162095
chrM	2085	2086	0.00285080772885651
chrM	2086	2087	0.000859767410290058
chrM	2087	2088	0
chrM	2088	2089	0.000497782604760612
chrM	2089	2090	0.00149132321041215
chrM	2090	2091	0.000632482493788118
chrM	2091	2092	0.00669031475910377
chrM	2092	2093	0.000493960213750056
chrM	2093	2094	0.00183905983672737
chrM	2094	2095	0.00161340922332273
chrM	2095	2096	0.000716877996326
chrM	2096	2097	0.00282119027361068
chrM	2097	2098	0.00716204118173679
chrM	2098	2099	0.0223368468266427
chrM	2099	2100	0.00524658971668416
chrM	2100	2101	0.00700636942675159
chrM	2101	2102	0.0065
chrM	2102	2103	0.0106900786971751
chrM	2103	2104	0.0221581284622076
chrM	2104	2105	0.0116300794021485
chrM	2105	2106	0.0381675787884507
chrM	2106	2107	0.0494626683560937
chrM	2107	2108	0.00790476638592199
chrM	2108	2109	0.00184083828943642
chrM	2109	2110	0.0514254031326526
chrM	2110	2111	0.00299500831946755
chrM	2111	2112	0.0117966037197355
chrM	2112	2113	0.00244745177080334
chrM	2113	2114	0.00791291003261078
chrM	2114	2115	0.0249180643917486
chrM	2115	2116	0.198689203173508
chrM	2116	2117	0.0353900883218842
chrM	2117	2118	0.00621669626998224
chrM	2118	2119	0.00471127522760553
chrM	2119	2120	0.0145832006622938
chrM	2120	2121	0.00952074622064973
chrM	2121	2122	0.00155722813392162
chrM	2122	2123	0.0286493860845839
chrM	2123	2124	0.0033364473508608
chrM	2124	2125	0.0314230435652812
chrM	2125	2126	0.00336515349220521
chrM	2126	2127	0.0033695502681887
chrM	2127	2128	0.0388850653819683
chrM	2128	2129	0.00135762772418721
chrM	2129	2130	0.000858184938854323
chrM	2130	2131	0.00207454038200157
chrM	2131	2132	0.00747969796267275
chrM	2132	2133	0.0130345945184246
chrM	2133	2134	0.0644309479799313
chrM	2134	2135	0.000594334015716833
chrM	2135	2136	0.000198137507430157
chrM	2136	2137	0.00865143309998679
chrM	2137	2138	0.000333000333000333
chrM	2138	2139	0.000932463034501132
chrM	2139	2140	0.00259826782145236
chrM	2140	2141	0.005267368982531
chrM	2141	2142	0.00113735197698535
chrM	2142	2143	0.00200440970134295
chrM	2143	2144	0.00332978156632925
chrM	2144	2145	0.00701058201058201
chrM	2145	2146	0.000132283881209075
chrM	2146	2147	0.000132283881209075
chrM	2147	2148	0.0032405264202103
chrM	2148	2149	0.00252039530410559
chrM	2149	2150	0.00186021791124103
chrM	2150	2151	0.000398962696987832
chrM	2151	2152	0.000332468914156526
chrM	2152	2153	0.000266010507415043
chrM	2153	2154	0.00199269345732315
chrM	2154	2155	0.000863500498173364
chrM	2155	2156	0.0010629816635663
chrM	2156	2157	0.00969912905779889
chrM	2157	2158	0.0241027329601581
chrM	2158	2159	0.00255136296495233
chrM	2159	2160	0.00147710487444609
chrM	2160	2161	0.0115491835921943
chrM	2161	2162	0.0109224898012896
chrM	2162	2163	0.00217190996445966
chrM	2163	2164	0.00177421474569589
chrM	2164	2165	0.0180255847008657
chrM	2165	2166	0.000905211431527221
chrM	2166	2167	0.000582147477360931
chrM	2167	2168	6.47123535883e-05
chrM	2168	2169	0.000194099378881988
chrM	2169	2170	0.00096980668520075
chrM	2170	2171	0.00187193390136845
chrM	2171	2172	0.00411416816662381
chrM	2172	2173	0.00147833911813858
chrM	2173	2174	0.013277428371768
chrM	2174	2175	0.000317662007623888
chrM	2175	2176	6.35364381472775e-05
chrM	2176	2177	0.000444783326979286
chrM	2177	2178	0.000699211797609967
chrM	2178	2179	0.00139913508013228
chrM	2179	2180	0.00120965174762845
chrM	2180	2181	0.000955596610817354
chrM	2181	2182	0.00172029308697037
chrM	2182	2183	0.000956571647216377
chrM	2183	2184	0.00178548654508354
chrM	2184	2185	0.000638162093171666
chrM	2185	2186	0.000446684959479293
chrM	2186	2187	0.000956998851601378
chrM	2187	2188	0.00159540523292916
chrM	2188	2189	0.000638691958868238
chrM	2189	2190	0.00127624274136941
chrM	2190	2191	0.00376155562639464
chrM	2191	2192	0.00350474733957816
chrM	2192	2193	0.0022264631043257
chrM	2193	2194	0.00304703865930299
chrM	2194	2195	0.015992414664981
chrM	2195	2196	0.00504534423297995
chrM	2196	2197	0.003904
chrM	2197	2198	0.00198743428644698
chrM	2198	2199	0.00186231697919342
chrM	2199	2200	0.00186507170879156
chrM	2200	2201	0.000515397500322123
chrM	2201	2202	0.000837898807605543
chrM	2202	2203	0.00412716837557232
chrM	2203	2204	0.0040064620355412
chrM	2204	2205	0.00459368530020704
chrM	2205	2206	0.00518941359626362
chrM	2206	2207	0.000455907255438322
chrM	2207	2208	0.000130301648315851
chrM	2208	2209	0.000130301648315851
chrM	2209	2210	0.00130132084065326
chrM	2210	2211	0.0016249593760156
chrM	2211	2212	0.0295326629987985
chrM	2212	2213	0.00391661402400505
chrM	2213	2214	0.00227258380152768
chrM	2214	2215	0.00283589614318125
chrM	2215	2216	0.00226472068444892
chrM	2216	2217	0.00901690670006262
chrM	2217	2218	0.047120746913967
chrM	2218	2219	0.0128969539857421
chrM	2219	2220	0.0472009465097453
chrM	2220	2221	0.015823958462109
chrM	2221	2222	0.0172830328935142
chrM	2222	2223	0.00157490235605392
chrM	2223	2224	0.00245700245700246
chrM	2224	2225	0.00731169240466436
chrM	2225	2226	0.00437817258883249
chrM	2226	2227	0.00675460396355063
chrM	2227	2228	0.00269455315326875
chrM	2228	2229	0.00218691709011385
chrM	2229	2230	0.0290004511181285
chrM	2230	2231	0.0109401936082748
chrM	2231	2232	0.00241125251172137
chrM	2232	2233	0.00375965088956026
chrM	2233	2234	0.00694023313792871
chrM	2234	2235	0.00793758480325644
chrM	2235	2236	0.00239332603938731
chrM	2236	2237	0.000205634382068682
chrM	2237	2238	6.85588920883039e-05
chrM	2238	2239	0.000617072334590333
chrM	2239	2240	0.000274367240551478
chrM	2240	2241	0.000205789545891069
chrM	2241	2242	6.86059275521405e-05
chrM	2242	2243	0
chrM	2243	2244	0
chrM	2244	2245	0.000343006105508678
chrM	2245	2246	0.000205860152336513
chrM	2246	2247	0.000205902539464653
chrM	2247	2248	0.000205944944051624
chrM	2248	2249	0.000137324910738808
chrM	2249	2250	0.000137343771459964
chrM	2250	2251	0
chrM	2251	2252	0.000137353203763478
chrM	2252	2253	0
chrM	2253	2254	0.00027466868090366
chrM	2254	2255	6.8667170225915e-05
chrM	2255	2256	0.000205973223480947
chrM	2256	2257	0.000411918165591103
chrM	2257	2258	0.000686294694942008
chrM	2258	2259	0.000548922739124468
chrM	2259	2260	0.000617453347969265
chrM	2260	2261	0.00301019361017993
chrM	2261	2262	0.000957199507725967
chrM	2262	2263	0.00177510753055233
chrM	2263	2264	0.000750443443853186
chrM	2264	2265	0.000613957295859199
chrM	2265	2266	0.00177196210727186
chrM	2266	2267	0.00183735964613814
chrM	2267	2268	0.00190398476812186
chrM	2268	2269	0.00190541000340252
chrM	2269	2270	0.0043439896830245
chrM	2270	2271	0
chrM	2271	2272	0
chrM	2272	2273	0.000203665987780041
chrM	2273	2274	0.0004753174441502
chrM	2274	2275	0
chrM	2275	2276	0
chrM	2276	2277	0
chrM	2277	2278	0
chrM	2278	2279	0.000611039445990902
chrM	2279	2280	0.000610666304790338
chrM	2280	2281	0.000406945198046663
chrM	2281	2282	0.00115199566307515
chrM	2282	2283	0.000542042143776679
chrM	2283	2284	0.000745005079580088
chrM	2284	2285	0.000270929287455974
chrM	2285	2286	0.0196450345481642
chrM	2286	2287	0.0308181315644002
chrM	2287	2288	0.00598887779837445
chrM	2288	2289	0.000430354325060967
chrM	2289	2290	0.000502296211251435
chrM	2290	2291	0.0388398305693158
chrM	2291	2292	0.00149387511204063
chrM	2292	2293	0.0596199880311191
chrM	2293	2294	0.0022273486596134
chrM	2294	2295	0.00494299609343857
chrM	2295	2296	0.00352535854498838
chrM	2296	2297	0.00241215727265418
chrM	2297	2298	0.000483597968888531
chrM	2298	2299	0.000564470607209096
chrM	2299	2300	0.000403388463089956
chrM	2300	2301	0
chrM	2301	2302	8.06972240154939e-05
chrM	2302	2303	0.0028241749374647
chrM	2303	2304	0.00161825390403754
chrM	2304	2305	0.0038090607018397
chrM	2305	2306	0.00846078750406769
chrM	2306	2307	0.00820411846747067
chrM	2307	2308	0.00884955752212389
chrM	2308	2309	0.00191874530741637
chrM	2309	2310	0.000668560922614073
chrM	2310	2311	0
chrM	2311	2312	8.3619031691613e-05
chrM	2312	2313	8.3619031691613e-05
chrM	2313	2314	0.000167252048837598
chrM	2314	2315	0.0105386416861827
chrM	2315	2316	0.000929839391377853
chrM	2316	2317	0.000761421319796954
chrM	2317	2318	0.000507958008804605
chrM	2318	2319	0.000338753387533875
chrM	2319	2320	0.000423441734417344
chrM	2320	2321	0.000169391039214026
chrM	2321	2322	0.000254043526124143
chrM	2322	2323	0.000507915008888513
chrM	2323	2324	0
chrM	2324	2325	0.000169319336268202
chrM	2325	2326	0.000846740050804403
chrM	2326	2327	0.00194865712107091
chrM	2327	2328	0.00297038105745566
chrM	2328	2329	0.00280898876404494
chrM	2329	2330	0.00273154075970977
chrM	2330	2331	0.000599161174355902
chrM	2331	2332	0.00154162384378212
chrM	2332	2333	8.57706492838151e-05
chrM	2333	2334	8.57632933104631e-05
chrM	2334	2335	0.000257267815796244
chrM	2335	2336	0.000943315324586228
chrM	2336	2337	0.0513986614038099
chrM	2337	2338	0.00397937957854753
chrM	2338	2339	0.00599291746118224
chrM	2339	2340	0.002374212400694
chrM	2340	2341	0.0549711881459801
chrM	2341	2342	0.0256162397293378
chrM	2342	2343	0.00931430836305985
chrM	2343	2344	0.00519376747902517
chrM	2344	2345	0.000100280786201364
chrM	2345	2346	0.000100280786201364
chrM	2346	2347	0.000601684717208183
chrM	2347	2348	0.00100331092605598
chrM	2348	2349	0.000502159284925178
chrM	2349	2350	0.00231109324758842
chrM	2350	2351	0.00211501661798771
chrM	2351	2352	0.000302785627775535
chrM	2352	2353	0.000100948919846558
chrM	2353	2354	0.000100948919846558
chrM	2354	2355	0
chrM	2355	2356	0.000201877460381548
chrM	2356	2357	0
chrM	2357	2358	0.000100928542591845
chrM	2358	2359	0
chrM	2359	2360	0
chrM	2360	2361	0.000302724520686176
chrM	2361	2362	0
chrM	2362	2363	0.000302663438256659
chrM	2363	2364	0
chrM	2364	2365	0.000100877635428226
chrM	2365	2366	0.00161404216685161
chrM	2366	2367	0.00101040719409922
chrM	2367	2368	0.0971970155273241
chrM	2368	2369	0.00979301135099043
chrM	2369	2370	0.0183166647937971
chrM	2370	2371	0.0138491473045668
chrM	2371	2372	0.000348149007775328
chrM	2372	2373	0
chrM	2373	2374	0.000116090085906664
chrM	2374	2375	0.000232153221125943
chrM	2375	2376	0
chrM	2376	2377	0
chrM	2377	2378	0.000232153221125943
chrM	2378	2379	0.000116103564379426
chrM	2379	2380	0
chrM	2380	2381	0
chrM	2381	2382	0.000116103564379426
chrM	2382	2383	0
chrM	2383	2384	0.000116090085906664
chrM	2384	2385	0.0012769909449733
chrM	2385	2386	0.000116238521446007
chrM	2386	2387	0.000232504068821204
chrM	2387	2388	0.000465116279069767
chrM	2388	2389	0.000814332247557003
chrM	2389	2390	0
chrM	2390	2391	0.000232801769293447
chrM	2391	2392	0.0109371402256505
chrM	2392	2393	0.000345264127057199
chrM	2393	2394	0
chrM	2394	2395	0
chrM	2395	2396	0
chrM	2396	2397	0
chrM	2397	2398	0.000345224395857307
chrM	2398	2399	0
chrM	2399	2400	0
chrM	2400	2401	0
chrM	2401	2402	0.000115101289134438
chrM	2402	2403	0
chrM	2403	2404	0
chrM	2404	2405	0
chrM	2405	2406	0.000230202578268877
chrM	2406	2407	0
chrM	2407	2408	0
chrM	2408	2409	0
chrM	2409	2410	0
chrM	2410	2411	0
chrM	2411	2412	0.000115101289134438
chrM	2412	2413	0
chrM	2413	2414	0
chrM	2414	2415	0
chrM	2415	2416	0
chrM	2416	2417	0
chrM	2417	2418	0
chrM	2418	2419	0
chrM	2419	2420	0
chrM	2420	2421	0
chrM	2421	2422	0
chrM	2422	2423	0
chrM	2423	2424	0
chrM	2424	2425	0
chrM	2425	2426	0
chrM	2426	2427	0
chrM	2427	2428	0
chrM	2428	2429	0.000460193281178095
chrM	2429	2430	0
chrM	2430	2431	0
chrM	2431	2432	0.00356649792913023
chrM	2432	2433	0
chrM	2433	2434	0
chrM	2434	2435	0
chrM	2435	2436	0
chrM	2436	2437	0
chrM	2437	2438	0
chrM	2438	2439	0
chrM	2439	2440	0
chrM	2440	2441	0.000115446779034865
chrM	2441	2442	0.000115433452614568
chrM	2442	2443	0
chrM	2443	2444	0.000346180475421186
chrM	2444	2445	0.000346060675971854
chrM	2445	2446	0.000230653903817322
chrM	2446	2447	0
chrM	2447	2448	0.000345901072293324
chrM	2448	2449	0
chrM	2449	2450	0
chrM	2450	2451	0
chrM	2451	2452	0
chrM	2452	2453	0.000230600714862216
chrM	2453	2454	0
chrM	2454	2455	0
chrM	2455	2456	0
chrM	2456	2457	0
chrM	2457	2458	0
chrM	2458	2459	0
chrM	2459	2460	0
chrM	2460	2461	0
chrM	2461	2462	0
chrM	2462	2463	0
chrM	2463	2464	0
chrM	2464	2465	0
chrM	2465	2466	0.000115300357431108
chrM	2466	2467	0
chrM	2467	2468	0
chrM	2468	2469	0
chrM	2469	2470	0
chrM	2470	2471	0
chrM	2471	2472	0.00011528706479133
chrM	2472	2473	0
chrM	2473	2474	0
chrM	2474	2475	0
chrM	2475	2476	0
chrM	2476	2477	0.000115273775216138
chrM	2477	2478	0
chrM	2478	2479	0
chrM	2479	2480	0
chrM	2480	2481	0
chrM	2481	2482	0
chrM	2482	2483	0
chrM	2483	2484	0.000230494410510545
chrM	2484	2485	0
chrM	2485	2486	0.000115233924867481
chrM	2486	2487	0
chrM	2487	2488	0.000115220647540039
chrM	2488	2489	0.000230388204123949
chrM	2489	2490	0.000230335137625245
chrM	2490	2491	0.000115154306771073
chrM	2491	2492	0.0032139577594123
chrM	2492	2493	0.000114771031791576
chrM	2493	2494	0
chrM	2494	2495	0.000917325994725376
chrM	2495	2496	0.00183129220556255
chrM	2496	2497	0.00194196938542381
chrM	2497	2498	0.00307482063546293
chrM	2498	2499	0.000341530054644809
chrM	2499	2500	0.00159127074335076
chrM	2500	2501	0.000113649278327083
chrM	2501	2502	0.000567988185845734
chrM	2502	2503	0.00362236812316052
chrM	2503	2504	0.0204036371701042
chrM	2504	2505	0.0288606504415249
chrM	2505	2506	0.071864067966017
chrM	2506	2507	0.01854031783402
chrM	2507	2508	0.0487122060470325
chrM	2508	2509	0.00695023630803447
chrM	2509	2510	0.00936467131839882
chrM	2510	2511	0.00945884492951342
chrM	2511	2512	0.183088126021697
chrM	2512	2513	0.0190260970987024
chrM	2513	2514	0.0396247549705965
chrM	2514	2515	0.151277480689245
chrM	2515	2516	0.128340584213797
chrM	2516	2517	0.216396103896104
chrM	2517	2518	0.047103410936654
chrM	2518	2519	0.0628782662269416
chrM	2519	2520	0.00598004250873591
chrM	2520	2521	0.013714691774738
chrM	2521	2522	0.000745606248890467
chrM	2522	2523	3.55050594709746e-05
chrM	2523	2524	0.00733091319211927
chrM	2524	2525	3.52435328117291e-05
chrM	2525	2526	0.000246643881469998
chrM	2526	2527	0.000352224296431968
chrM	2527	2528	0.000176081138188477
chrM	2528	2529	0.000387228500017601
chrM	2529	2530	3.52013517319065e-05
chrM	2530	2531	0.00045740825445973
chrM	2531	2532	0.000281412691712396
chrM	2532	2533	0.000562528565903737
chrM	2533	2534	0.000421718502899315
chrM	2534	2535	0.000877808988764045
chrM	2535	2536	0.00105226236408278
chrM	2536	2537	0.000490814752489132
chrM	2537	2538	0.000140213123948402
chrM	2538	2539	0.00234306696974996
chrM	2539	2540	3.49699258637572e-05
chrM	2540	2541	0.00143171421587457
chrM	2541	2542	0
chrM	2542	2543	0
chrM	2543	2544	0
chrM	2544	2545	0
chrM	2545	2546	0
chrM	2546	2547	3.49186395698024e-05
chrM	2547	2548	0
chrM	2548	2549	0.000139655052021507
chrM	2549	2550	6.98226504678118e-05
chrM	2550	2551	3.49101064758247e-05
chrM	2551	2552	3.49088878028346e-05
chrM	2552	2553	0.000209409465307832
chrM	2553	2554	0.000627833972793861
chrM	2554	2555	0.000488076976711756
chrM	2555	2556	0.00170535621062889
chrM	2556	2557	0.00204918032786885
chrM	2557	2558	0.000173629197485849
chrM	2558	2559	0
chrM	2559	2560	0
chrM	2560	2561	3.47246336551149e-05
chrM	2561	2562	0.000347137848439615
chrM	2562	2563	0.000312337324310255
chrM	2563	2564	0.000104108828428651
chrM	2564	2565	0.000728281602219525
chrM	2565	2566	3.46788736301845e-05
chrM	2566	2567	6.9352937096886e-05
chrM	2567	2568	0.000311990848268451
chrM	2568	2569	0.000762063112681423
chrM	2569	2570	0.00217751970136873
chrM	2570	2571	0.00127727147196907
chrM	2571	2572	0.000724512678971882
chrM	2572	2573	0.00068960761326805
chrM	2573	2574	0.000689132382330646
chrM	2574	2575	0.000310056154614669
chrM	2575	2576	0.00296173847160519
chrM	2576	2577	0.0003451370193967
chrM	2577	2578	0.000276042924674787
chrM	2578	2579	0.000999689751456445
chrM	2579	2580	0.000413522175126641
chrM	2580	2581	0.0199635184434536
chrM	2581	2582	0.000270224624218882
chrM	2582	2583	0.000506671170410404
chrM	2583	2584	0.0033009970358394
chrM	2584	2585	6.7371825102742e-05
chrM	2585	2586	0.000336779712390126
chrM	2586	2587	0.000101037316448875
chrM	2587	2588	0.00542731749807364
chrM	2588	2589	0.000100502512562814
chrM	2589	2590	6.69994305048407e-05
chrM	2590	2591	0.000334963488979701
chrM	2591	2592	0.000937458149189768
chrM	2592	2593	0.00113746612692784
chrM	2593	2594	0.000133815067576609
chrM	2594	2595	0.00156985871271586
chrM	2595	2596	0.000467601870407482
chrM	2596	2597	6.68270515904838e-05
chrM	2597	2598	0.000267290344136318
chrM	2598	2599	0.00357500835282325
chrM	2599	2600	0.000603439605752791
chrM	2600	2601	0.000603763458893771
chrM	2601	2602	0.000872541781327606
chrM	2602	2603	0.000335863505071539
chrM	2603	2604	6.71930119267596e-05
chrM	2604	2605	0.000268753989317029
chrM	2605	2606	0.000537453812562983
chrM	2606	2607	0.000335886067445922
chrM	2607	2608	3.35886067445922e-05
chrM	2608	2609	0.00100667762826751
chrM	2609	2610	0.00140925410193605
chrM	2610	2611	0.00097423321127423
chrM	2611	2612	0.000403402023733486
chrM	2612	2613	0.00195010422970883
chrM	2613	2614	0.00302856950567016
chrM	2614	2615	0.00104517869184086
chrM	2615	2616	0.00202483801295896
chrM	2616	2617	0.00040574809805579
chrM	2617	2618	0.0009129023532594
chrM	2618	2619	0.00463385760189413
chrM	2619	2620	0.00387162506367804
chrM	2620	2621	0.0467089125102208
chrM	2621	2622	0.0136457812388369
chrM	2622	2623	0.00731433537313973
chrM	2623	2624	0.0012399708242159
chrM	2624	2625	0.000328527103486038
chrM	2625	2626	0.00587979094076655
chrM	2626	2627	0.00126931167041416
chrM	2627	2628	0.00112457375027207
chrM	2628	2629	0.000326797385620915
chrM	2629	2630	0.000690080993716631
chrM	2630	2631	0.000690331722559314
chrM	2631	2632	0.000109031437397783
chrM	2632	2633	3.63438124659277e-05
chrM	2633	2634	0.000109027474923681
chrM	2634	2635	0.000581500999454843
chrM	2635	2636	0.000618136862773616
chrM	2636	2637	0.000291025501109535
chrM	2637	2638	0.00010916236081799
chrM	2638	2639	0.000109174278539976
chrM	2639	2640	0.000145576300178331
chrM	2640	2641	0.000218356503384526
chrM	2641	2642	0.000145560407569141
chrM	2642	2643	0.00040013095194791
chrM	2643	2644	0.000109114715938023
chrM	2644	2645	0.000581606688476917
chrM	2645	2646	0.000145385817613492
chrM	2646	2647	0.0054601337913578
chrM	2647	2648	7.2337962962963e-05
chrM	2648	2649	0.000216998191681736
chrM	2649	2650	0.00238447920806388
chrM	2650	2651	0.00112083303203413
chrM	2651	2652	0.000289393720156273
chrM	2652	2653	0.000180877618203523
chrM	2653	2654	0.000361689814814815
chrM	2654	2655	0.00191363373772386
chrM	2655	2656	0.000288787813154285
chrM	2656	2657	0.00118987524338357
chrM	2657	2658	0.000216301957532716
chrM	2658	2659	0.00014418571119602
chrM	2659	2660	0.00126012601260126
chrM	2660	2661	0.00039602534562212
chrM	2661	2662	0.000180063382310573
chrM	2662	2663	0.000360139734216876
chrM	2663	2664	0.00072007200720072
chrM	2664	2665	0.000252061503006734
chrM	2665	2666	7.20331352422114e-05
chrM	2666	2667	0.000252134135360012
chrM	2667	2668	0.000360243524622645
chrM	2668	2669	0.000144118176905062
chrM	2669	2670	0.000108080844471665
chrM	2670	2671	0.000396153707638564
chrM	2671	2672	0.000503959683225342
chrM	2672	2673	0.000359841669665347
chrM	2673	2674	0.000898795613877404
chrM	2674	2675	3.59505320678746e-05
chrM	2675	2676	0.00429568641489171
chrM	2676	2677	7.15922107674685e-05
chrM	2677	2678	0.000214730513205927
chrM	2678	2679	0.00135811293781272
chrM	2679	2680	0.00610969025291276
chrM	2680	2681	0.0267579340385812
chrM	2681	2682	0.0216133942161339
chrM	2682	2683	0.0131521847982108
chrM	2683	2684	0.00804689052255116
chrM	2684	2685	0.00408984465186847
chrM	2685	2686	0.0106229979734588
chrM	2686	2687	0.045333502409333
chrM	2687	2688	0.0956148499311317
chrM	2688	2689	0.0783180207150477
chrM	2689	2690	0.121475445301796
chrM	2690	2691	0.0426561303068177
chrM	2691	2692	0.0084030117725363
chrM	2692	2693	0.00325610519724483
chrM	2693	2694	0.00242302711283787
chrM	2694	2695	0.00409716125256073
chrM	2695	2696	0.0430878959513321
chrM	2696	2697	0.0830339146437648
chrM	2697	2698	0.047853288122642
chrM	2698	2699	0.00596880172543512
chrM	2699	2700	0.00201826530097381
chrM	2700	2701	0.000353803386403841
chrM	2701	2702	0.000757881972514147
chrM	2702	2703	0.00045466026774438
chrM	2703	2704	0.00216755721342877
chrM	2704	2705	0.00176136077701173
chrM	2705	2706	0.000754413317909772
chrM	2706	2707	0.0014063991159777
chrM	2707	2708	0.00614078881677484
chrM	2708	2709	0.00109720213455688
chrM	2709	2710	0.0610658424651119
chrM	2710	2711	0.000514908954734822
chrM	2711	2712	0.0850434857118375
chrM	2712	2713	0.0046071154338367
chrM	2713	2714	0.00766234865803065
chrM	2714	2715	0.00881834215167548
chrM	2715	2716	0.0556683789272488
chrM	2716	2717	0.00155583037459608
chrM	2717	2718	0.0052164217735834
chrM	2718	2719	0.00530155060389843
chrM	2719	2720	0.0329696679055269
chrM	2720	2721	0.0509593563028678
chrM	2721	2722	0.0263548784110682
chrM	2722	2723	0.00238460228240504
chrM	2723	2724	0.00851947611579706
chrM	2724	2725	0.00093398429208236
chrM	2725	2726	0.000169952413324269
chrM	2726	2727	4.24899086466964e-05
chrM	2727	2728	8.49798172933928e-05
chrM	2728	2729	8.49762066621346e-05
chrM	2729	2730	4.24862981688405e-05
chrM	2730	2731	0
chrM	2731	2732	4.24844931599966e-05
chrM	2732	2733	4.24844931599966e-05
chrM	2733	2734	8.49725963376811e-05
chrM	2734	2735	8.49762066621346e-05
chrM	2735	2736	0.000254874474321397
chrM	2736	2737	4.24772746580579e-05
chrM	2737	2738	0.000212341274897014
chrM	2738	2739	0.00050935948045333
chrM	2739	2740	8.48896434634975e-05
chrM	2740	2741	0.00511001309176908
chrM	2741	2742	0.000422172499683371
chrM	2742	2743	0.000506478706791035
chrM	2743	2744	0.00895697304537084
chrM	2744	2745	0.00371359425853292
chrM	2745	2746	0.00762062538827915
chrM	2746	2747	0.00140617891558791
chrM	2747	2748	0.000867768595041322
chrM	2748	2749	0.000123956697793571
chrM	2749	2750	0.0151233420106607
chrM	2750	2751	0.000964967484791273
chrM	2751	2752	0.00197379472534856
chrM	2752	2753	0.00252472122869766
chrM	2753	2754	0.00134981229172818
chrM	2754	2755	0.000675447483958122
chrM	2755	2756	0.00033768097589802
chrM	2756	2757	0.000421923125606514
chrM	2757	2758	0.000253089804699034
chrM	2758	2759	0.00210464284210969
chrM	2759	2760	0.000546907867059318
chrM	2760	2761	0.00172189324261896
chrM	2761	2762	0.000209951711106446
chrM	2762	2763	0.000587667380262771
chrM	2763	2764	0.00209546959473618
chrM	2764	2765	0.00292666610920646
chrM	2765	2766	0.00671644904259313
chrM	2766	2767	0.0319045299561617
chrM	2767	2768	0.00109564582234306
chrM	2768	2769	0.00525040387722132
chrM	2769	2770	0.00597690008884581
chrM	2770	2771	0.0229032388828084
chrM	2771	2772	0.117571753045633
chrM	2772	2773	0.011187768040276
chrM	2773	2774	0.00202524491333836
chrM	2774	2775	0.00709619812961135
chrM	2775	2776	0.00551080966511234
chrM	2776	2777	0.00364152281863325
chrM	2777	2778	0.00279329608938547
chrM	2778	2779	0.00336333491236381
chrM	2779	2780	0.0145850159152454
chrM	2780	2781	0.131557673488491
chrM	2781	2782	0.00625620226949131
chrM	2782	2783	0.00238632419298855
chrM	2783	2784	0.000652173913043478
chrM	2784	2785	0.00117381097295887
chrM	2785	2786	0.00738405734519389
chrM	2786	2787	0.00249881521692301
chrM	2787	2788	0.00279377632596923
chrM	2788	2789	0.0233440080903422
chrM	2789	2790	0.00130956404190605
chrM	2790	2791	0.000844701609156565
chrM	2791	2792	0.000633419196824458
chrM	2792	2793	0.00709489421005955
chrM	2793	2794	0.00403311398853747
chrM	2794	2795	0.00587209054933833
chrM	2795	2796	0.00786391999316181
chrM	2796	2797	0.00236589667483976
chrM	2797	2798	0.00356820429044323
chrM	2798	2799	0.000258042318940306
chrM	2799	2800	0.000687669231099841
chrM	2800	2801	0.000730146458789675
chrM	2801	2802	0.000472386841879241
chrM	2802	2803	8.59143433996306e-05
chrM	2803	2804	4.29571716998153e-05
chrM	2804	2805	0.000257731958762887
chrM	2805	2806	0.00038666437532222
chrM	2806	2807	0.000343775514588973
chrM	2807	2808	0.000515707593794319
chrM	2808	2809	0.000773694390715667
chrM	2809	2810	4.30052036296392e-05
chrM	2810	2811	0.000429885650416989
chrM	2811	2812	0
chrM	2812	2813	0.000300842358604091
chrM	2813	2814	0.000171887757294487
chrM	2814	2815	0.00721082049750395
chrM	2815	2816	0.000895293315143247
chrM	2816	2817	0.00102262559120542
chrM	2817	2818	0.000596531594869828
chrM	2818	2819	0.0103549665487706
chrM	2819	2820	0.000344456404736276
chrM	2820	2821	0.00111986906146358
chrM	2821	2822	0.000474301483270093
chrM	2822	2823	0.000129399585921325
chrM	2823	2824	0.000948643870466992
chrM	2824	2825	0.00176670832076529
chrM	2825	2826	0.00617019453252207
chrM	2826	2827	0.00196740943501133
chrM	2827	2828	0.000812000512842429
chrM	2828	2829	0.000341792702725797
chrM	2829	2830	4.27240878407246e-05
chrM	2830	2831	0.000469964966247971
chrM	2831	2832	0.0011531069827034
chrM	2832	2833	0.00393028024606972
chrM	2833	2834	0.00784431394401817
chrM	2834	2835	0.00267679820395475
chrM	2835	2836	8.65688438730901e-05
chrM	2836	2837	8.65725911176522e-05
chrM	2837	2838	0.000302990953555815
chrM	2838	2839	4.32919173990216e-05
chrM	2839	2840	0.000346215432552906
chrM	2840	2841	0.00129735339906591
chrM	2841	2842	0.00383802665056708
chrM	2842	2843	0.0019807096107475
chrM	2843	2844	0.000516440006885867
chrM	2844	2845	0.00402931973080715
chrM	2845	2846	0.000514271020827976
chrM	2846	2847	0.00303990409316664
chrM	2847	2848	0.00235525865022268
chrM	2848	2849	0.00231392209795604
chrM	2849	2850	0.00462784419591207
chrM	2850	2851	0.00107360645881646
chrM	2851	2852	8.59660434128519e-05
chrM	2852	2853	0.000171924696982722
chrM	2853	2854	0.000601400403797414
chrM	2854	2855	0.000343539313780221
chrM	2855	2856	0.00034342133505044
chrM	2856	2857	0.00055774841256221
chrM	2857	2858	0.000514579759862779
chrM	2858	2859	0.000214362272240086
chrM	2859	2860	0.000342862040886298
chrM	2860	2861	0.00124133207773307
chrM	2861	2862	0.00392257184275603
chrM	2862	2863	0.0195668534158374
chrM	2863	2864	0.00635725266963061
chrM	2864	2865	0.00950734658599827
chrM	2865	2866	0.00254536497249364
chrM	2866	2867	0.00421112882783433
chrM	2867	2868	0.00534257748776509
chrM	2868	2869	0.00478234212139792
chrM	2869	2870	0.0225004090983472
chrM	2870	2871	0.0185131134553642
chrM	2871	2872	0.00314278433704238
chrM	2872	2873	0.0128658458654624
chrM	2873	2874	0.00112204384602106
chrM	2874	2875	0.000388752105740573
chrM	2875	2876	0.000561482313307131
chrM	2876	2877	0.000820663441603317
chrM	2877	2878	0.00370386321547009
chrM	2878	2879	0.000903886712865321
chrM	2879	2880	0.00038731333648922
chrM	2880	2881	4.30403718688129e-05
chrM	2881	2882	0.00017215407789972
chrM	2882	2883	0.00017215407789972
chrM	2883	2884	0.000430237060620402
chrM	2884	2885	0.000301088218848122
chrM	2885	2886	0.00111722241320041
chrM	2886	2887	0.000944530310836339
chrM	2887	2888	0.00265479147041192
chrM	2888	2889	0.00303094983991462
chrM	2889	2890	0.000128051903704968
chrM	2890	2891	0.000256071017028723
chrM	2891	2892	0.000170706725844998
chrM	2892	2893	0.000725317859885656
chrM	2893	2894	0.000256071017028723
chrM	2894	2895	0.000895828001023803
chrM	2895	2896	0.000469363372589179
chrM	2896	2897	0
chrM	2897	2898	0.000511989077566345
chrM	2898	2899	0.00034123869646818
chrM	2899	2900	8.53133131425159e-05
chrM	2900	2901	0.000341165934581432
chrM	2901	2902	0.000724483272959727
chrM	2902	2903	0.00148948846710358
chrM	2903	2904	0.000340353116358222
chrM	2904	2905	0.00038275070170962
chrM	2905	2906	0.000935016362786349
chrM	2906	2907	0.000467428717120639
chrM	2907	2908	0.00190855882602426
chrM	2908	2909	0.00611246943765281
chrM	2909	2910	0.0186212033435405
chrM	2910	2911	0.0266477961989486
chrM	2911	2912	0.148878076101796
chrM	2912	2913	0.0223686492110283
chrM	2913	2914	0.016
chrM	2914	2915	0.0114250946457545
chrM	2915	2916	0.0143276022924164
chrM	2916	2917	0.0070807001290408
chrM	2917	2918	0.0050093926111459
chrM	2918	2919	0.00329369915351932
chrM	2919	2920	0.00672947510094213
chrM	2920	2921	0.000427378525872838
chrM	2921	2922	0.000723137100220228
chrM	2922	2923	0.000230119333311417
chrM	2923	2924	0.000525762355415352
chrM	2924	2925	0.000525624178712221
chrM	2925	2926	0.0428760309765158
chrM	2926	2927	0.0047066206463759
chrM	2927	2928	0.0033496118206862
chrM	2928	2929	0.0017198248905566
chrM	2929	2930	0.00106269925611052
chrM	2930	2931	0.00896566805160726
chrM	2931	2932	0.00210837686449745
chrM	2932	2933	0.00185803363355798
chrM	2933	2934	0.020251968503937
chrM	2934	2935	0.0415564790328674
chrM	2935	2936	0.0419717405266538
chrM	2936	2937	0.0342895263509006
chrM	2937	2938	0.00192711380295261
chrM	2938	2939	0.00099807268722467
chrM	2939	2940	0.00116918844566713
chrM	2940	2941	0.00229995537400021
chrM	2941	2942	0.00140632503258558
chrM	2942	2943	0.00030870549495781
chrM	2943	2944	0.000480274442538593
chrM	2944	2945	0.00401179536414758
chrM	2945	2946	0.000412697320906558
chrM	2946	2947	3.44032751917983e-05
chrM	2947	2948	0.000240822926342588
chrM	2948	2949	0.000137627305257363
chrM	2949	2950	0.000515960374243258
chrM	2950	2951	0.0100810571486956
chrM	2951	2952	0.00656381107051022
chrM	2952	2953	0.000101498798930879
chrM	2953	2954	0.000372187447132465
chrM	2954	2955	0.000169210463975092
chrM	2955	2956	6.76796047511083e-05
chrM	2956	2957	0.000270654306786657
chrM	2957	2958	0.000270608530933938
chrM	2958	2959	0.000709891150023663
chrM	2959	2960	0.00027037988373665
chrM	2960	2961	3.37997701615629e-05
chrM	2961	2962	0.000506773877495861
chrM	2962	2963	0.000168913212391473
chrM	2963	2964	0.00346801346801347
chrM	2964	2965	0.000403931600915578
chrM	2965	2966	0.00060557125555107
chrM	2966	2967	0.000437165820358476
chrM	2967	2968	0.00975723467314929
chrM	2968	2969	0.0037822235493182
chrM	2969	2970	0.000563772633813093
chrM	2970	2971	0.000265287173365168
chrM	2971	2972	0.00016580448335323
chrM	2972	2973	0.0036678452235403
chrM	2973	2974	0
chrM	2974	2975	0.000429468120251074
chrM	2975	2976	0.00125495376486129
chrM	2976	2977	0.0462857863538908
chrM	2977	2978	0.00129186753631408
chrM	2978	2979	0.000693109857912479
chrM	2979	2980	0.000472649357196874
chrM	2980	2981	0.00315079715167937
chrM	2981	2982	0.000726560525650745
chrM	2982	2983	6.32191174611202e-05
chrM	2983	2984	0.000347716137189821
chrM	2984	2985	0.000822134387351779
chrM	2985	2986	0.00082268067333249
chrM	2986	2987	0.00060153232444754
chrM	2987	2988	0.000633472697326745
chrM	2988	2989	0.000728909171578881
chrM	2989	2990	0.0012994833761212
chrM	2990	2991	0.00148946284265568
chrM	2991	2992	0.00256345338312551
chrM	2992	2993	0.005859375
chrM	2993	2994	0.0022979098463863
chrM	2994	2995	0.00570443504152954
chrM	2995	2996	0.00290852228303362
chrM	2996	2997	0.00349497597204019
chrM	2997	2998	0.00292880510983019
chrM	2998	2999	0.00450156778740182
chrM	2999	3000	0.017354654766332
chrM	3000	3001	0.0513732221677293
chrM	3001	3002	0.0241892359472807
chrM	3002	3003	0.00567229599071806
chrM	3003	3004	0.013353644702298
chrM	3004	3005	0.00924620479359979
chrM	3005	3006	0.00188243064729194
chrM	3006	3007	0.000892768574546176
chrM	3007	3008	0.000429908396441681
chrM	3008	3009	0.00155212839734487
chrM	3009	3010	0.000330141961043249
chrM	3010	3011	0.000231053604436229
chrM	3011	3012	0.000132013201320132
chrM	3012	3013	0.000231000231000231
chrM	3013	3014	0.000759100960427737
chrM	3014	3015	0.000429383009644603
chrM	3015	3016	0.000859134917225655
chrM	3016	3017	0.00162053113734828
chrM	3017	3018	0.00277676771015834
chrM	3018	3019	0.000463116109824677
chrM	3019	3020	0
chrM	3020	3021	0.000264716587803183
chrM	3021	3022	0.000264716587803183
chrM	3022	3023	9.92752903802244e-05
chrM	3023	3024	6.61813368630046e-05
chrM	3024	3025	0.000827239336884948
chrM	3025	3026	0.00102591256577423
chrM	3026	3027	0.000926998841251448
chrM	3027	3028	0.000331378201941876
chrM	3028	3029	0.000961251615897113
chrM	3029	3030	0.001526008492569
chrM	3030	3031	0.00156140991993621
chrM	3031	3032	0.000199634004325403
chrM	3032	3033	0.00415931853725086
chrM	3033	3034	0.00897324704783508
chrM	3034	3035	0.0270969041703042
chrM	3035	3036	0.0240200970439451
chrM	3036	3037	0.0125889820107304
chrM	3037	3038	0.0123170045045045
chrM	3038	3039	0.0334970969182671
chrM	3039	3040	0.00564660515080567
chrM	3040	3041	0.0107497243660419
chrM	3041	3042	0.0038489545407261
chrM	3042	3043	0.0300260642919201
chrM	3043	3044	0.0370410020340435
chrM	3044	3045	0.292006166042722
chrM	3045	3046	0.0543134252169474
chrM	3046	3047	0.021116298811545
chrM	3047	3048	0.00570788434866105
chrM	3048	3049	0.00154633678148662
chrM	3049	3050	0.00687303532420481
chrM	3050	3051	0.00514001177919366
chrM	3051	3052	0.00333297494893022
chrM	3052	3053	0.0108367478973474
chrM	3053	3054	0.0139787870546641
chrM	3054	3055	0.00991080277502478
chrM	3055	3056	0.00544989433878323
chrM	3056	3057	0.00139789756206665
chrM	3057	3058	0.000783918472478862
chrM	3058	3059	0.000280174829093354
chrM	3059	3060	0.000728332119446468
chrM	3060	3061	0.00117568021498153
chrM	3061	3062	0.00340382791138887
chrM	3062	3063	0.00133741989412093
chrM	3063	3064	0.000334243217648042
chrM	3064	3065	0.00133526204517637
chrM	3065	3066	5.56359185490152e-05
chrM	3066	3067	0
chrM	3067	3068	0.000222531293463143
chrM	3068	3069	0.0010008896797153
chrM	3069	3070	0.000555957080113415
chrM	3070	3071	0.0012224259598822
chrM	3071	3072	0.000666740748972108
chrM	3072	3073	0
chrM	3073	3074	0.000444395067214754
chrM	3074	3075	0.000111111111111111
chrM	3075	3076	5.55524693072607e-05
chrM	3076	3077	0.000499722376457524
chrM	3077	3078	0.000665852846520919
chrM	3078	3079	0.00110858599855884
chrM	3079	3080	0.00193830647394362
chrM	3080	3081	0.000554078014184397
chrM	3081	3082	0.00221153314535302
chrM	3082	3083	0.0132031207376289
chrM	3083	3084	0.0201550387596899
chrM	3084	3085	0.00738183749336166
chrM	3085	3086	0.00418254976704786
chrM	3086	3087	0.00222081218274112
chrM	3087	3088	0.00211204393051375
chrM	3088	3089	0.0167783464359204
chrM	3089	3090	0.00144601542416452
chrM	3090	3091	0.00112413682351052
chrM	3091	3092	0.00448406555276784
chrM	3092	3093	0.103253031355163
chrM	3093	3094	0.0107098232879157
chrM	3094	3095	0.00667428296554627
chrM	3095	3096	0.00611158174996974
chrM	3096	3097	0.00103418907409661
chrM	3097	3098	0.000425972129252115
chrM	3098	3099	0.000729793833242109
chrM	3099	3100	6.08124543906592e-05
chrM	3100	3101	0.00127582017010936
chrM	3101	3102	0.00447697985359066
chrM	3102	3103	0.000120984816405541
chrM	3103	3104	0.0007857833655706
chrM	3104	3105	0.00120794829981277
chrM	3105	3106	0.0019309678976587
chrM	3106	3107	0.000664130894161686
chrM	3107	3108	0.000483237692540018
chrM	3108	3109	0.000725075528700906
chrM	3109	3110	0.0080212291176648
chrM	3110	3111	0.113521995563011
chrM	3111	3112	0.00320460594209983
chrM	3112	3113	0.00179406328150484
chrM	3113	3114	0.000435563782871454
chrM	3114	3115	0.00038113906130894
chrM	3115	3116	0.000326619488296135
chrM	3116	3117	0.000978952520802741
chrM	3117	3118	0.00222487518992837
chrM	3118	3119	0.00157181571815718
chrM	3119	3120	0.000975134080936129
chrM	3120	3121	0.00146080181788671
chrM	3121	3122	0.000703272923992426
chrM	3122	3123	0.00404334465469837
chrM	3123	3124	0.000592927986200949
chrM	3124	3125	0.00161576991436419
chrM	3125	3126	0.00134698275862069
chrM	3126	3127	0.00151041104757795
chrM	3127	3128	0.0003780922545101
chrM	3128	3129	5.40277702739208e-05
chrM	3129	3130	0.00124149843463241
chrM	3130	3131	0.072559631188615
chrM	3131	3132	0.00583774074443668
chrM	3132	3133	0.000199730364008588
chrM	3133	3134	4.99325910021471e-05
chrM	3134	3135	0.000399380959512755
chrM	3135	3136	0.00109736632083001
chrM	3136	3137	0.000847711179814501
chrM	3137	3138	0.0131111987381703
chrM	3138	3139	0.00123316726680807
chrM	3139	3140	0.000394866732477789
chrM	3140	3141	0.000987069390978186
chrM	3141	3142	0.000839008982331458
chrM	3142	3143	0.00290998766954377
chrM	3143	3144	0.000148272623931202
chrM	3144	3145	0.000148272623931202
chrM	3145	3146	0.00720987654320988
chrM	3146	3147	0.000347808804531452
chrM	3147	3148	0.000844342902552896
chrM	3148	3149	0.00104327090267773
chrM	3149	3150	0.00277998411437649
chrM	3150	3151	0.00381320259495865
chrM	3151	3152	4.95417389150359e-05
chrM	3152	3153	0.000594324203853202
chrM	3153	3154	0.000693515628870065
chrM	3154	3155	0.000297397769516729
chrM	3155	3156	0.000148720999405116
chrM	3156	3157	0.000148720999405116
chrM	3157	3158	0.00148514851485149
chrM	3158	3159	9.90049997524875e-05
chrM	3159	3160	0.000148507499628731
chrM	3160	3161	0.000544285007422068
chrM	3161	3162	0.000346311779547816
chrM	3162	3163	0
chrM	3163	3164	0.000148441365660564
chrM	3164	3165	0.000197921820880752
chrM	3165	3166	9.89707046714173e-05
chrM	3166	3167	0
chrM	3167	3168	4.94902504206671e-05
chrM	3168	3169	0.000395843641761504
chrM	3169	3170	0.000296882731321128
chrM	3170	3171	0
chrM	3171	3172	0.000197912028103508
chrM	3172	3173	0.000197872866683156
chrM	3173	3174	0.000197833720757703
chrM	3174	3175	0.000494339809184834
chrM	3175	3176	0.000740960284528749
chrM	3176	3177	0.000543075783757097
chrM	3177	3178	0.0109868645929977
chrM	3178	3179	0.00351511009129522
chrM	3179	3180	0.00132165059474277
chrM	3180	3181	0.00284021350570491
chrM	3181	3182	0.0885268426734714
chrM	3182	3183	0.00462564543889845
chrM	3183	3184	0.00588616481261475
chrM	3184	3185	0.00190041809198024
chrM	3185	3186	0.00478364861926506
chrM	3186	3187	0.00842941048509898
chrM	3187	3188	0.0107672329834434
chrM	3188	3189	0.0010290294627383
chrM	3189	3190	0.00254315242681673
chrM	3190	3191	0.000866363439462855
chrM	3191	3192	0.000487725573077548
chrM	3192	3193	0.000271061476742925
chrM	3193	3194	5.42211137016754e-05
chrM	3194	3195	0.000812875955129247
chrM	3195	3196	0.000162584001734229
chrM	3196	3197	0
chrM	3197	3198	0.0001083834606839
chrM	3198	3199	0.000216755175029804
chrM	3199	3200	0.000379218809252939
chrM	3200	3201	0.000270797227036395
chrM	3201	3202	0.00102797164962398
chrM	3202	3203	0.00215994384146012
chrM	3203	3204	0.00226427300663109
chrM	3204	3205	0.00134654745233222
chrM	3205	3206	0.000376891186130404
chrM	3206	3207	0.000538242101297163
chrM	3207	3208	0.00253001022770092
chrM	3208	3209	0.118659615799698
chrM	3209	3210	0.0389395701953101
chrM	3210	3211	0.0440848569790406
chrM	3211	3212	0.043785404865045
chrM	3212	3213	0.0121951219512195
chrM	3213	3214	0.00282147139733371
chrM	3214	3215	0.000919572752351984
chrM	3215	3216	0.000212404418011895
chrM	3216	3217	0.00233182589033352
chrM	3217	3218	0.000706264566706688
chrM	3218	3219	0
chrM	3219	3220	0.00358952702702703
chrM	3220	3221	0.00471565315315315
chrM	3221	3222	0.000565690849950502
chrM	3222	3223	0.00134427621338616
chrM	3223	3224	0.00240878498051718
chrM	3224	3225	0.00326634949939644
chrM	3225	3226	0.00356150722985968
chrM	3226	3227	0.00185860318821932
chrM	3227	3228	0.000931032013177684
chrM	3228	3229	0.00172043010752688
chrM	3229	3230	0.000430848772081
chrM	3230	3231	0.000359143801177992
chrM	3231	3232	0.00028735632183908
chrM	3232	3233	0.00200947323094589
chrM	3233	3234	7.18236012353659e-05
chrM	3234	3235	0
chrM	3235	3236	0.00164957326256903
chrM	3236	3237	0.0002869234631662
chrM	3237	3238	0.00121977470043768
chrM	3238	3239	0.00172413793103448
chrM	3239	3240	0.00136729994242948
chrM	3240	3241	0.000936734399769419
chrM	3241	3242	0.00468772537141209
chrM	3242	3243	0.000868998479252661
chrM	3243	3244	0.00719579765416997
chrM	3244	3245	0.00430446947413731
chrM	3245	3246	0.00143533802210421
chrM	3246	3247	0.00237051935924143
chrM	3247	3248	0.00100770172029079
chrM	3248	3249	0.00028812216379745
chrM	3249	3250	0.000648321567497479
chrM	3250	3251	0.00611995104039168
chrM	3251	3252	0.000361794500723589
chrM	3252	3253	0.00180688060132986
chrM	3253	3254	0.00281954887218045
chrM	3254	3255	0.00188474084813338
chrM	3255	3256	0.000145253831069794
chrM	3256	3257	0.00079901213045689
chrM	3257	3258	0.000799651061355045
chrM	3258	3259	0.00167333575845762
chrM	3259	3260	0.000583005392799883
chrM	3260	3261	0.000729181857955374
chrM	3261	3262	0.00160537069468768
chrM	3262	3263	0.00277696579947384
chrM	3263	3264	0.00351031154014919
chrM	3264	3265	0.001245147586611
chrM	3265	3266	0.000366568914956012
chrM	3266	3267	0.000293212138982554
chrM	3267	3268	0.0010991426687184
chrM	3268	3269	0.00168621700879765
chrM	3269	3270	7.34160487482564e-05
chrM	3270	3271	0
chrM	3271	3272	0.00102759835584263
chrM	3272	3273	0.00683120317320405
chrM	3273	3274	0.0115290813687089
chrM	3274	3275	0.00874178123132098
chrM	3275	3276	0.00746212406723449
chrM	3276	3277	0.00296172539489672
chrM	3277	3278	0.00152322924600152
chrM	3278	3279	0
chrM	3279	3280	0.000228798047589994
chrM	3280	3281	0.00045766590389016
chrM	3281	3282	0.00175518925518926
chrM	3282	3283	0.000152893509670514
chrM	3283	3284	0
chrM	3284	3285	0.000229375334505696
chrM	3285	3286	0.00038229222417616
chrM	3286	3287	7.64701384109505e-05
chrM	3287	3288	7.64759865402264e-05
chrM	3288	3289	0.000458855919241358
chrM	3289	3290	0.00107107336852574
chrM	3290	3291	7.65872711955273e-05
chrM	3291	3292	7.65872711955273e-05
chrM	3292	3293	0.00038287770885979
chrM	3293	3294	0.000229779411764706
chrM	3294	3295	0.000153209744139727
chrM	3295	3296	0.000536193029490617
chrM	3296	3297	0.000459664444955183
chrM	3297	3298	0.000229867443107808
chrM	3298	3299	0.00107189342316821
chrM	3299	3300	0.00038287770885979
chrM	3300	3301	0.000612651248276918
chrM	3301	3302	0.000306396016851781
chrM	3302	3303	0.000536193029490617
chrM	3303	3304	0.0130076382061559
chrM	3304	3305	0.00340290381125227
chrM	3305	3306	0.00219980277630281
chrM	3306	3307	0.00250817055559778
chrM	3307	3308	0.0240018287107589
chrM	3308	3309	0.0800999297369037
chrM	3309	3310	0.0403123143511839
chrM	3310	3311	0.0157410682702511
chrM	3311	3312	0.00242587601078167
chrM	3312	3313	0.002431775195893
chrM	3313	3314	0.000541565123206066
chrM	3314	3315	0.000270831452559357
chrM	3315	3316	0
chrM	3316	3317	0.000631768953068592
chrM	3317	3318	0.00568233065752683
chrM	3318	3319	0.00099646707129269
chrM	3319	3320	0.000452980612429788
chrM	3320	3321	0.00859028845284384
chrM	3321	3322	0.0186194368755677
chrM	3322	3323	0.0151722877250708
chrM	3323	3324	0.00357699715674585
chrM	3324	3325	0.00939866776165709
chrM	3325	3326	0.00401203610832497
chrM	3326	3327	0.00227686703096539
chrM	3327	3328	0.00154587614804037
chrM	3328	3329	0.00199655141119884
chrM	3329	3330	0.00135943447525829
chrM	3330	3331	0.000452980612429788
chrM	3331	3332	0.00307108662270798
chrM	3332	3333	0.0773462243707285
chrM	3333	3334	0.00720079457043536
chrM	3334	3335	0.0128351863963375
chrM	3335	3336	0.0113222806308128
chrM	3336	3337	0.00897795591182365
chrM	3337	3338	0.00684713375796178
chrM	3338	3339	0.00475511174512601
chrM	3339	3340	0.00371130764371447
chrM	3340	3341	0.00338396159597072
chrM	3341	3342	0.00407875127460977
chrM	3342	3343	0.0123504738232096
chrM	3343	3344	0.0444064266587325
chrM	3344	3345	0.00760596662236006
chrM	3345	3346	0.00140128328047791
chrM	3346	3347	0.000368622825125332
chrM	3347	3348	0.00103115563084628
chrM	3348	3349	0.00044176115446915
chrM	3349	3350	0.00132352941176471
chrM	3350	3351	0.00388221506006446
chrM	3351	3352	0.00445157994599723
chrM	3352	3353	0.000437956204379562
chrM	3353	3354	0.000437764482708303
chrM	3354	3355	0.0026197060107699
chrM	3355	3356	0.00123555490951377
chrM	3356	3357	0.000436078203357802
chrM	3357	3358	0
chrM	3358	3359	0.00137971098685644
chrM	3359	3360	0.00412236927750054
chrM	3360	3361	0.00959885386819484
chrM	3361	3362	0.00513222610307221
chrM	3362	3363	0.000925925925925926
chrM	3363	3364	0.000640614990390775
chrM	3364	3365	0.00142156514322269
chrM	3365	3366	0.00628708674766883
chrM	3366	3367	0.0101426972579743
chrM	3367	3368	0.168345072472204
chrM	3368	3369	0.0354474467726532
chrM	3369	3370	0.00123456790123457
chrM	3370	3371	0.000897062121551918
chrM	3371	3372	0.000168180289270098
chrM	3372	3373	5.60632393339687e-05
chrM	3373	3374	0.00011213276519399
chrM	3374	3375	0.000336322869955157
chrM	3375	3376	0.00167879127028539
chrM	3376	3377	0.00273452759640605
chrM	3377	3378	0.00516322451698867
chrM	3378	3379	0.0119583104772353
chrM	3379	3380	0.00268067180917993
chrM	3380	3381	0.000328137817883511
chrM	3381	3382	0.000164041994750656
chrM	3382	3383	0.000819940964250574
chrM	3383	3384	0.00240135349014899
chrM	3384	3385	0.00103689150840428
chrM	3385	3386	0.021483539974348
chrM	3386	3387	0.000213743721278187
chrM	3387	3388	0.0290592081365783
chrM	3388	3389	0.000881514130152969
chrM	3389	3390	0.00310157663478935
chrM	3390	3391	0.00841111908913735
chrM	3391	3392	0.00789165521103813
chrM	3392	3393	0.00127129417747267
chrM	3393	3394	0.000355853794926542
chrM	3394	3395	0.00127064803049555
chrM	3395	3396	0.000406938297980569
chrM	3396	3397	0.0013719512195122
chrM	3397	3398	0.000355636843977036
chrM	3398	3399	0.00716339605508752
chrM	3399	3400	0.00231516432633751
chrM	3400	3401	0.00130686102035687
chrM	3401	3402	0.000803575912812013
chrM	3402	3403	0.0376063418406806
chrM	3403	3404	0.00144808611285418
chrM	3404	3405	0.00101268264454839
chrM	3405	3406	0.00139678258356613
chrM	3406	3407	0.0096369448022518
chrM	3407	3408	0.00503204367434132
chrM	3408	3409	0.00165908229048161
chrM	3409	3410	0.00388736133497677
chrM	3410	3411	0.00142768762194832
chrM	3411	3412	0.00157255182273052
chrM	3412	3413	0.000334081038514771
chrM	3413	3414	0.00190949016612564
chrM	3414	3415	0.00105207785376118
chrM	3415	3416	9.57395883197702e-05
chrM	3416	3417	0
chrM	3417	3418	0
chrM	3418	3419	4.78720857867777e-05
chrM	3419	3420	0
chrM	3420	3421	0
chrM	3421	3422	0.000239303149229444
chrM	3422	3423	0.00052618990672088
chrM	3423	3424	0.000812541822005544
chrM	3424	3425	0.000716435019343746
chrM	3425	3426	0.00185926773455378
chrM	3426	3427	0.00488637980928887
chrM	3427	3428	0.000521574205784732
chrM	3428	3429	0.000189627382193989
chrM	3429	3430	0
chrM	3430	3431	9.48047023132347e-05
chrM	3431	3432	4.74001042802294e-05
chrM	3432	3433	0.000189564475617269
chrM	3433	3434	0.000236899459869232
chrM	3434	3435	0.000473574540632696
chrM	3435	3436	0.000851708148007949
chrM	3436	3437	0.00037839371866427
chrM	3437	3438	9.45894816496406e-05
chrM	3438	3439	0.000236417797531798
chrM	3439	3440	4.72813238770686e-05
chrM	3440	3441	0
chrM	3441	3442	0
chrM	3442	3443	0.000330891042306783
chrM	3443	3444	4.72723834735747e-05
chrM	3444	3445	0
chrM	3445	3446	4.7270148900969e-05
chrM	3446	3447	9.45313607789384e-05
chrM	3447	3448	0.000141783638168155
chrM	3448	3449	4.72612127227185e-05
chrM	3449	3450	4.72589792060492e-05
chrM	3450	3451	0.000566839867737364
chrM	3451	3452	0.00113250283125708
chrM	3452	3453	0.00646976090014065
chrM	3453	3454	0.0039228506047728
chrM	3454	3455	0.0031193258531589
chrM	3455	3456	0.000325793539979522
chrM	3456	3457	0.000232655530221953
chrM	3457	3458	0.000232623057597469
chrM	3458	3459	0.000186089788322866
chrM	3459	3460	0.00311714897180609
chrM	3460	3461	0.00574015307074855
chrM	3461	3462	0.00281584381452975
chrM	3462	3463	0.00211724851792604
chrM	3463	3464	0.000659723858442109
chrM	3464	3465	0.00061239871867345
chrM	3465	3466	0.00202286305687538
chrM	3466	3467	4.70743303676505e-05
chrM	3467	3468	0
chrM	3468	3469	0.000329489291598023
chrM	3469	3470	0.00159827010764819
chrM	3470	3471	0.000282007896221094
chrM	3471	3472	0.00829798144608643
chrM	3472	3473	0.00032626427406199
chrM	3473	3474	0.000465896384644055
chrM	3474	3475	0.00204575041844895
chrM	3475	3476	9.29800092980009e-05
chrM	3476	3477	0.00125365649811952
chrM	3477	3478	0.00315325759332251
chrM	3478	3479	0.000139353400222965
chrM	3479	3480	0.000185778644744787
chrM	3480	3481	0.000417846696689726
chrM	3481	3482	0.00134483398256353
chrM	3482	3483	0.00189806027498727
chrM	3483	3484	0.00917473278590761
chrM	3484	3485	0.00315558401170767
chrM	3485	3486	0.00050281117155003
chrM	3486	3487	0.00545528935763968
chrM	3487	3488	0.00208683028625868
chrM	3488	3489	0.00284990500316656
chrM	3489	3490	0.015980413977298
chrM	3490	3491	0.00155555555555556
chrM	3491	3492	0.00204027321919631
chrM	3492	3493	0.000664864146092815
chrM	3493	3494	0.000310187441839855
chrM	3494	3495	0.000575756233668453
chrM	3495	3496	0.000177147918511957
chrM	3496	3497	0.00044292864419542
chrM	3497	3498	0.00345622119815668
chrM	3498	3499	0.0637692752077501
chrM	3499	3500	0.00289291473015271
chrM	3500	3501	0.0022814772565236
chrM	3501	3502	0.000428530616131797
chrM	3502	3503	0.00114182406394215
chrM	3503	3504	0.000285401702896827
chrM	3504	3505	0.00133016627078385
chrM	3505	3506	0.000569908814589666
chrM	3506	3507	0.0110411576771284
chrM	3507	3508	0.000375763269140442
chrM	3508	3509	0.00527988038501075
chrM	3509	3510	0.000233590282644242
chrM	3510	3511	0.000654083348906746
chrM	3511	3512	9.34885242836442e-05
chrM	3512	3513	0.000701032855073141
chrM	3513	3514	0.00037400654511454
chrM	3514	3515	0.000934841544358231
chrM	3515	3516	0.000514355185635462
chrM	3516	3517	0.000420934474533464
chrM	3517	3518	0.00149658591338509
chrM	3518	3519	0.000374479239807143
chrM	3519	3520	0.000795731136491294
chrM	3520	3521	0.00159012253297166
chrM	3521	3522	0.000140304929379852
chrM	3522	3523	0.022983778843957
chrM	3523	3524	0.00200647544347667
chrM	3524	3525	0.00100223224454467
chrM	3525	3526	0.0024542107894378
chrM	3526	3527	0.00326205146792316
chrM	3527	3528	0.00126702565726956
chrM	3528	3529	0.000678364688856729
chrM	3529	3530	0.000361745421659507
chrM	3530	3531	0.00171681575856149
chrM	3531	3532	0.00848027998384709
chrM	3532	3533	0.000808153369550577
chrM	3533	3534	0.000314408911246856
chrM	3534	3535	4.49216117874309e-05
chrM	3535	3536	0.000179670304990343
chrM	3536	3537	0.000314352433985989
chrM	3537	3538	0.000269444943416562
chrM	3538	3539	0.000224547536713522
chrM	3539	3540	0.00017961383026493
chrM	3540	3541	0.000583456756878058
chrM	3541	3542	0.00035895365010993
chrM	3542	3543	0.00040371417036738
chrM	3543	3544	0.000672494956287828
chrM	3544	3545	4.48329970858552e-05
chrM	3545	3546	0.000179299834147653
chrM	3546	3547	0.00147710487444609
chrM	3547	3548	0.000492214068373009
chrM	3548	3549	0.00111776804077618
chrM	3549	3550	0.00782013685239492
chrM	3550	3551	0.014495300008785
chrM	3551	3552	0.00876695599075326
chrM	3552	3553	0.00598490762425189
chrM	3553	3554	0.0445632798573975
chrM	3554	3555	0.00128380337101917
chrM	3555	3556	0.00115855676928169
chrM	3556	3557	0.00342904358603594
chrM	3557	3558	0.0157845106801689
chrM	3558	3559	0.00801479654747226
chrM	3559	3560	0.00537877232601109
chrM	3560	3561	0.00278574354772634
chrM	3561	3562	0.0108307642381957
chrM	3562	3563	0.00637379482835128
chrM	3563	3564	0.00357760180086023
chrM	3564	3565	0.0246709880180711
chrM	3565	3566	0.00145497443963822
chrM	3566	3567	0.000786410821012897
chrM	3567	3568	0.000982588531226664
chrM	3568	3569	0.00290264375931592
chrM	3569	3570	0.000510164037359705
chrM	3570	3571	0.000941619585687382
chrM	3571	3572	0.000549364307016167
chrM	3572	3573	0.000667268516701338
chrM	3573	3574	0.000745799968597896
chrM	3574	3575	0.000941804340148334
chrM	3575	3576	0.00184414972926312
chrM	3576	3577	0.00617694202275304
chrM	3577	3578	0.000860585197934596
chrM	3578	3579	0.00238169607996252
chrM	3579	3580	0.00261106780982073
chrM	3580	3581	0.00572363041700736
chrM	3581	3582	0.00914526908195568
chrM	3582	3583	0.0285882122576855
chrM	3583	3584	0.0427805346566352
chrM	3584	3585	0.0718432814001086
chrM	3585	3586	0.0535384892248167
chrM	3586	3587	0.0229983368971252
chrM	3587	3588	0.00403441403781656
chrM	3588	3589	0.000975752549153535
chrM	3589	3590	0.000488114414018646
chrM	3590	3591	0.00073177871011806
chrM	3591	3592	0.0173514646390798
chrM	3592	3593	0.00222816399286988
chrM	3593	3594	0.00337167790559302
chrM	3594	3595	0.00154136833731106
chrM	3595	3596	0.000199094121746055
chrM	3596	3597	0.000447917185089335
chrM	3597	3598	0.000248892428692319
chrM	3598	3599	0.000149357761625012
chrM	3599	3600	0.000149350326081545
chrM	3600	3601	9.95569714769277e-05
chrM	3601	3602	0.000199074304484149
chrM	3602	3603	9.95272455834785e-05
chrM	3603	3604	0.000348224057307731
chrM	3604	3605	0.00114285714285714
chrM	3605	3606	0.00188464018251252
chrM	3606	3607	0.000842543490112504
chrM	3607	3608	0
chrM	3608	3609	0.000198235702249975
chrM	3609	3610	0.000297309350379069
chrM	3610	3611	0
chrM	3611	3612	0
chrM	3612	3613	9.91178511249876e-05
chrM	3613	3614	0.000198235702249975
chrM	3614	3615	0.000643915003219575
chrM	3615	3616	0.000297103243377074
chrM	3616	3617	0.0010387811634349
chrM	3617	3618	0.00123511684205326
chrM	3618	3619	0.000592504814101615
chrM	3619	3620	4.93729633652612e-05
chrM	3620	3621	4.93705257960997e-05
chrM	3621	3622	0.00399901258948408
chrM	3622	3623	0.00708833151581243
chrM	3623	3624	0.00294514051814506
chrM	3624	3625	0.000700385211866527
chrM	3625	3626	0.00259481037924152
chrM	3626	3627	0.00683913172762414
chrM	3627	3628	0.00483330045373841
chrM	3628	3629	0.00627327974906881
chrM	3629	3630	0.000979383967484452
chrM	3630	3631	0.000978569331637146
chrM	3631	3632	0.00506995563788817
chrM	3632	3633	0.00539122832580504
chrM	3633	3634	0.00847947581422239
chrM	3634	3635	0.0237510624232694
chrM	3635	3636	0.00080526739614419
chrM	3636	3637	0.000710530055421344
chrM	3637	3638	0.00156146493801457
chrM	3638	3639	0.00193789289596824
chrM	3639	3640	0.0279131794352984
chrM	3640	3641	0.0138409874750408
chrM	3641	3642	0.0228120007101012
chrM	3642	3643	0.0137466071272218
chrM	3643	3644	0.0819869785387027
chrM	3644	3645	0.00927732430818236
chrM	3645	3646	0.0552943389129208
chrM	3646	3647	0.00161532682193839
chrM	3647	3648	0.000901374596259295
chrM	3648	3649	0.00916328676581043
chrM	3649	3650	0.0056792367105861
chrM	3650	3651	0.00243447829890829
chrM	3651	3652	0.00624523990860625
chrM	3652	3653	0.000956315507612271
chrM	3653	3654	0.00366272415108737
chrM	3654	3655	0.0162671876174018
chrM	3655	3656	0.0140396369698092
chrM	3656	3657	0.00843027536445295
chrM	3657	3658	0.0670340401785714
chrM	3658	3659	0.00363021182109752
chrM	3659	3660	0.00172754195459033
chrM	3660	3661	0.00197405527354766
chrM	3661	3662	0.00222284948133512
chrM	3662	3663	0.00240214780274127
chrM	3663	3664	0.00173285709233653
chrM	3664	3665	0.0117259967097203
chrM	3665	3666	0.00781847244422823
chrM	3666	3667	0.124490416793429
chrM	3667	3668	0.00943254075882229
chrM	3668	3669	0.0854142550024806
chrM	3669	3670	0.00299524607732681
chrM	3670	3671	0.00241234682968283
chrM	3671	3672	0.00248844649840028
chrM	3672	3673	0.00185695950189792
chrM	3673	3674	0.0341787853994563
chrM	3674	3675	0.000791431435656624
chrM	3675	3676	0.000501094495872564
chrM	3676	3677	0.00467289719626168
chrM	3677	3678	0.000131243929968239
chrM	3678	3679	5.24948161369065e-05
chrM	3679	3680	0.000367328732978249
chrM	3680	3681	0.000104940052994727
chrM	3681	3682	2.6234324990818e-05
chrM	3682	3683	0.00261663657534605
chrM	3683	3684	0.000130818136626462
chrM	3684	3685	0.000235417211613916
chrM	3685	3686	0.000679685253444174
chrM	3686	3687	7.84272717766391e-05
chrM	3687	3688	5.22834810341673e-05
chrM	3688	3689	0.0001829587036069
chrM	3689	3690	7.84088236062832e-05
chrM	3690	3691	0.000365802675585284
chrM	3691	3692	0.00172175410220958
chrM	3692	3693	0.00169301695621598
chrM	3693	3694	0.00564649813510153
chrM	3694	3695	0.00615329162482943
chrM	3695	3696	0.00412936982225756
chrM	3696	3697	0.000538461538461538
chrM	3697	3698	7.69191323521871e-05
chrM	3698	3699	0.000743361017122937
chrM	3699	3700	0.0144084091783105
chrM	3700	3701	0.00520007280101921
chrM	3701	3702	0.0086747491638796
chrM	3702	3703	0.00353105483675459
chrM	3703	3704	0.00153276955602537
chrM	3704	3705	0.0015077370718159
chrM	3705	3706	0.000953112176008049
chrM	3706	3707	0.00121696341173047
chrM	3707	3708	0.00108365270252412
chrM	3708	3709	0.00224203418442709
chrM	3709	3710	0.00561399826857997
chrM	3710	3711	0.000576822233875197
chrM	3711	3712	0.00115240564678767
chrM	3712	3713	0.00125703810396753
chrM	3713	3714	0.00605536332179931
chrM	3714	3715	0.0074011641688835
chrM	3715	3716	0.00818152933700487
chrM	3716	3717	0.00271869502638733
chrM	3717	3718	0.0259922908636316
chrM	3718	3719	0.00223800973274
chrM	3719	3720	0.00142979696883043
chrM	3720	3721	0.00362647325475975
chrM	3721	3722	0.00830483634587201
chrM	3722	3723	0.00575904169546188
chrM	3723	3724	0.0180867346938775
chrM	3724	3725	0.00699066192023939
chrM	3725	3726	0.00745421717823059
chrM	3726	3727	0.0128463606286187
chrM	3727	3728	0.0444084532796949
chrM	3728	3729	0.014967770130012
chrM	3729	3730	0.00578851160471944
chrM	3730	3731	0.00459047407077676
chrM	3731	3732	0.00645861752178391
chrM	3732	3733	0.00723793677204659
chrM	3733	3734	0.00475230016854088
chrM	3734	3735	0.0159943421374752
chrM	3735	3736	0.00431315104166667
chrM	3736	3737	0.000434499239626331
chrM	3737	3738	0.000678481287486091
chrM	3738	3739	0.00464726702872119
chrM	3739	3740	0.00926645062802967
chrM	3740	3741	0.00890767921718783
chrM	3741	3742	0.032879848779319
chrM	3742	3743	0.00588931392244819
chrM	3743	3744	0.00177133209709114
chrM	3744	3745	0.00523777851679415
chrM	3745	3746	0.0259794503383176
chrM	3746	3747	0.0308615516502357
chrM	3747	3748	0.0275061844740252
chrM	3748	3749	0.0685399715677082
chrM	3749	3750	0.0247834690368833
chrM	3750	3751	0.0455103734439834
chrM	3751	3752	0.0328015711676946
chrM	3752	3753	0.00737681773259918
chrM	3753	3754	0.021305114638448
chrM	3754	3755	0.026648264146937
chrM	3755	3756	0.00969514165679198
chrM	3756	3757	0.00984401577937823
chrM	3757	3758	0.00342865480011672
chrM	3758	3759	0.0055290822450984
chrM	3759	3760	0.0141235813366961
chrM	3760	3761	0.00381954453733064
chrM	3761	3762	0.0060189165950129
chrM	3762	3763	0.0112403375647117
chrM	3763	3764	0.00233785554886472
chrM	3764	3765	0.00261956175439839
chrM	3765	3766	0.00141622999575131
chrM	3766	3767	0.00120358242769656
chrM	3767	3768	0.00131052314667233
chrM	3768	3769	0.000212720697723889
chrM	3769	3770	3.5458478122119e-05
chrM	3770	3771	0.00010636789107928
chrM	3771	3772	0.000425456479347633
chrM	3772	3773	0.00187803408809043
chrM	3773	3774	0.00273039963121875
chrM	3774	3775	0.0039791096742104
chrM	3775	3776	0.00545337895637297
chrM	3776	3777	0.00107488355428162
chrM	3777	3778	0.000681345478017643
chrM	3778	3779	0.00143497757847534
chrM	3779	3780	0.00132887979025249
chrM	3780	3781	0.005608484630595
chrM	3781	3782	0.0100487981203687
chrM	3782	3783	0.00240955058230806
chrM	3783	3784	0.00160842228395964
chrM	3784	3785	0.001606953727037
chrM	3785	3786	0.00421940928270042
chrM	3786	3787	0.0403268042316958
chrM	3787	3788	0.0102654500207383
chrM	3788	3789	0.00231106205374082
chrM	3789	3790	0.00165334802976026
chrM	3790	3791	0.00459643947449662
chrM	3791	3792	0.00556313993174061
chrM	3792	3793	0.00452365565797082
chrM	3793	3794	0.00342989099059327
chrM	3794	3795	0.00135809594947883
chrM	3795	3796	0.00200312351463299
chrM	3796	3797	0.00027206257439211
chrM	3797	3798	6.80248971123431e-05
chrM	3798	3799	0.000374111485222596
chrM	3799	3800	0.00833867864015394
chrM	3800	3801	0.000472893092383043
chrM	3801	3802	0.00108013231620874
chrM	3802	3803	0.00128153244300553
chrM	3803	3804	0.0015162235924391
chrM	3804	3805	0.000370594973384543
chrM	3805	3806	0.000841694162009292
chrM	3806	3807	0.000336700336700337
chrM	3807	3808	0.000909243980468092
chrM	3808	3809	0.00390940954435158
chrM	3809	3810	0.0092019351128252
chrM	3810	3811	0.0191513330829891
chrM	3811	3812	0.00114834533876187
chrM	3812	3813	0.000139348545549556
chrM	3813	3814	0
chrM	3814	3815	0.000139348545549556
chrM	3815	3816	0.0143534097932834
chrM	3816	3817	0.00123482197983124
chrM	3817	3818	0.000205803663305207
chrM	3818	3819	0.000171503052754339
chrM	3819	3820	0.00133786147988062
chrM	3820	3821	0.00013738622703074
chrM	3821	3822	0.000206086418904994
chrM	3822	3823	0.000240483715816958
chrM	3823	3824	0.000377993883371705
chrM	3824	3825	0.000343748925784607
chrM	3825	3826	0.000206277718568433
chrM	3826	3827	0.000412399477627328
chrM	3827	3828	0.000137447598103223
chrM	3828	3829	0.000892642565317403
chrM	3829	3830	6.8662455369404e-05
chrM	3830	3831	3.43300490919702e-05
chrM	3831	3832	0
chrM	3832	3833	3.43300490919702e-05
chrM	3833	3834	0.000240318593792914
chrM	3834	3835	0.000206029805645217
chrM	3835	3836	0.00013737207225771
chrM	3836	3837	6.86907542244814e-05
chrM	3837	3838	0
chrM	3838	3839	6.86883950956486e-05
chrM	3839	3840	0.000480604188122211
chrM	3840	3841	0.000514703359297258
chrM	3841	3842	0.000445907937161281
chrM	3842	3843	0.000308620807900693
chrM	3843	3844	0.000137145991908386
chrM	3844	3845	0.00157474923830064
chrM	3845	3846	0.000410663563875295
chrM	3846	3847	0.00150360523528005
chrM	3847	3848	0.000887796216622277
chrM	3848	3849	0.0196209736824483
chrM	3849	3850	0.00523298446770215
chrM	3850	3851	0.00654376349443614
chrM	3851	3852	0.00923618724874581
chrM	3852	3853	0.00143755014709815
chrM	3853	3854	0.000368016058882569
chrM	3854	3855	0.000435029950138875
chrM	3855	3856	0.0056236192006427
chrM	3856	3857	0.00151469251741896
chrM	3857	3858	0.00101112234580384
chrM	3858	3859	0.00954597584834379
chrM	3859	3860	0.0042896537636605
chrM	3860	3861	0.0202575752399822
chrM	3861	3862	0.00282180804737851
chrM	3862	3863	0.0278010617490919
chrM	3863	3864	0.174734271760988
chrM	3864	3865	0.122151678552792
chrM	3865	3866	0.109368040777948
chrM	3866	3867	0.0258630258630259
chrM	3867	3868	0.00995279531365524
chrM	3868	3869	0.00206173758662161
chrM	3869	3870	0.00886968387536957
chrM	3870	3871	0.00876944837340877
chrM	3871	3872	0.00271585379653729
chrM	3872	3873	0.000961266610121572
chrM	3873	3874	0.00870892948029181
chrM	3874	3875	0.000513229927007299
chrM	3875	3876	0.000399315459212778
chrM	3876	3877	0.00473663185527592
chrM	3877	3878	0.00458557835607016
chrM	3878	3879	0.00115035085701139
chrM	3879	3880	0.000747513081478926
chrM	3880	3881	0.000861870834290968
chrM	3881	3882	0.000574250602963133
chrM	3882	3883	0.000803489439853076
chrM	3883	3884	0.000573855158957879
chrM	3884	3885	0.00371704694916223
chrM	3885	3886	0.00199840127897682
chrM	3886	3887	0.00165402384075743
chrM	3887	3888	0.0079791749193594
chrM	3888	3889	0.00327498588368154
chrM	3889	3890	0.0315564564729086
chrM	3890	3891	0.00169890940976599
chrM	3891	3892	0.00186280955511725
chrM	3892	3893	0.00536105032822757
chrM	3893	3894	0.00415868673050616
chrM	3894	3895	0.00136873802354229
chrM	3895	3896	0.0312815338042381
chrM	3896	3897	0.000265604249667995
chrM	3897	3898	0.000584081134179366
chrM	3898	3899	0.00116785221361079
chrM	3899	3900	0.0333676092544987
chrM	3900	3901	0.000823214653220827
chrM	3901	3902	0.0291711683901837
chrM	3902	3903	0.0121789780248875
chrM	3903	3904	0.0142474558114622
chrM	3904	3905	0.00961120764552563
chrM	3905	3906	0.0094732230861899
chrM	3906	3907	0.0196522219155396
chrM	3907	3908	0.00331348983488712
chrM	3908	3909	0.000561892453784346
chrM	3909	3910	0.00134710372698698
chrM	3910	3911	0.000617318592513609
chrM	3911	3912	0.000448883402536191
chrM	3912	3913	0.000336568126998373
chrM	3913	3914	0.000336473755047106
chrM	3914	3915	0.0147530113824732
chrM	3915	3916	0.00451094729893278
chrM	3916	3917	0.00290745515387569
chrM	3917	3918	0.00415187107347719
chrM	3918	3919	0.0141641533821629
chrM	3919	3920	0.00636874498260637
chrM	3920	3921	0.00495339547270306
chrM	3921	3922	0.0134538574731974
chrM	3922	3923	0.0492352294311706
chrM	3923	3924	0.00813451713704677
chrM	3924	3925	0.000842835894893406
chrM	3925	3926	0.0331764931822547
chrM	3926	3927	0.000576784426820476
chrM	3927	3928	0.000528846153846154
chrM	3928	3929	0.000721500721500722
chrM	3929	3930	0.00570579209819716
chrM	3930	3931	0.00062418975368512
chrM	3931	3932	4.80215136381099e-05
chrM	3932	3933	0.000336037636215256
chrM	3933	3934	0.000144009216589862
chrM	3934	3935	4.80076812289966e-05
chrM	3935	3936	0.000239992320245752
chrM	3936	3937	0.000143981570358994
chrM	3937	3938	0.00139015387565313
chrM	3938	3939	0.00100647016534867
chrM	3939	3940	0.00225041896097678
chrM	3940	3941	0.00191314329443275
chrM	3941	3942	0.000286971494164913
chrM	3942	3943	0.000430354325060967
chrM	3943	3944	0.00109879610166253
chrM	3944	3945	4.77783086478739e-05
chrM	3945	3946	9.55566172957477e-05
chrM	3946	3947	0.000238902957618615
chrM	3947	3948	0.000143355473789841
chrM	3948	3949	0.0014315709104791
chrM	3949	3950	0.00451306413301663
chrM	3950	3951	0.00861906556141673
chrM	3951	3952	0.020303631581376
chrM	3952	3953	0.00923513006903488
chrM	3953	3954	0.00146085368637297
chrM	3954	3955	0.00268621380440721
chrM	3955	3956	0.00688125311240889
chrM	3956	3957	0.00248891302380306
chrM	3957	3958	0.00588341781317886
chrM	3958	3959	0.0187334737596917
chrM	3959	3960	0.000224971878515186
chrM	3960	3961	9.000900090009e-05
chrM	3961	3962	0.000630119722747322
chrM	3962	3963	0.00170870992400737
chrM	3963	3964	0.00157155044676934
chrM	3964	3965	0.00331170284179906
chrM	3965	3966	0.0209447024800631
chrM	3966	3967	0.00847236704900938
chrM	3967	3968	0.00108502235146044
chrM	3968	3969	0.000260348867482426
chrM	3969	3970	0.00169124024284475
chrM	3970	3971	0.000911379220553771
chrM	3971	3972	0.000564432094477249
chrM	3972	3973	0.000868243976557413
chrM	3973	3974	0.00182402501520021
chrM	3974	3975	0.0280433127484984
chrM	3975	3976	0.000253817843394391
chrM	3976	3977	0.000549868877421538
chrM	3977	3978	0.000549752611324904
chrM	3978	3979	0.00265878877400295
chrM	3979	3980	0.00185458377239199
chrM	3980	3981	0.000421336479312379
chrM	3981	3982	0.00235402917314725
chrM	3982	3983	0.000336190956463271
chrM	3983	3984	0.000587988240235195
chrM	3984	3985	0.00092316730309261
chrM	3985	3986	0.00260110756838396
chrM	3986	3987	0.0110114702815433
chrM	3987	3988	0.00334322370345606
chrM	3988	3989	0.000712101537301554
chrM	3989	3990	0.00171756524653345
chrM	3990	3991	0.00100553041729512
chrM	3991	3992	0.00818820399850368
chrM	3992	3993	0.0119942493325118
chrM	3993	3994	0.0126166328600406
chrM	3994	3995	0.00311488673139159
chrM	3995	3996	0.000606452656262634
chrM	3996	3997	0.000363798051659323
chrM	3997	3998	0.000808538163001294
chrM	3998	3999	0.0132297608933123
chrM	3999	4000	0.0137345742281989
chrM	4000	4001	0.0133433096396059
chrM	4001	4002	0.000674024770410313
chrM	4002	4003	0.000252887128045183
chrM	4003	4004	0.000126448893572181
chrM	4004	4005	4.21478546741971e-05
chrM	4005	4006	8.4292156614827e-05
chrM	4006	4007	0.000252855156138059
chrM	4007	4008	8.42886041807148e-05
chrM	4008	4009	0.000252823192314175
chrM	4009	4010	0.000673882828623173
chrM	4010	4011	0.000715638812881499
chrM	4011	4012	0.00197478991596639
chrM	4012	4013	0.00601403274306716
chrM	4013	4014	0.00461480896353885
chrM	4014	4015	0.00368713232247908
chrM	4015	4016	0.0200178658437551
chrM	4016	4017	0.0114531425815785
chrM	4017	4018	0.0318759254929468
chrM	4018	4019	0.0262556207606128
chrM	4019	4020	0.0130741246020919
chrM	4020	4021	0.084915048096414
chrM	4021	4022	0.0100038925652005
chrM	4022	4023	0.00267106606960484
chrM	4023	4024	0.00224277001770608
chrM	4024	4025	0.00306808795185462
chrM	4025	4026	0.0108767689368836
chrM	4026	4027	0.017473481195757
chrM	4027	4028	0.00934723237296611
chrM	4028	4029	0.0202631181007107
chrM	4029	4030	0.0129432889420919
chrM	4030	4031	0.011282089220981
chrM	4031	4032	0.0170268500327439
chrM	4032	4033	0.00323624595469256
chrM	4033	4034	0.0124318429661941
chrM	4034	4035	0.00370751046178695
chrM	4035	4036	0.010424340651245
chrM	4036	4037	0.00615453062435118
chrM	4037	4038	0.000408663669799755
chrM	4038	4039	0.0014842851311737
chrM	4039	4040	0.00129725722757598
chrM	4040	4041	0.00151745068285281
chrM	4041	4042	0.000259048182962031
chrM	4042	4043	0.00225258493353028
chrM	4043	4044	0.0102700924673806
chrM	4044	4045	0.0151182462834311
chrM	4045	4046	0.0473234799903981
chrM	4046	4047	0.0133649128743021
chrM	4047	4048	6.76681553660847e-05
chrM	4048	4049	0.000101495365044996
chrM	4049	4050	0.00108258060150885
chrM	4050	4051	0.00084648202072188
chrM	4051	4052	0.00135487585949937
chrM	4052	4053	0.00077974031257416
chrM	4053	4054	0.00088159500881595
chrM	4054	4055	0.00223388052123879
chrM	4055	4056	0.000676475562320311
chrM	4056	4057	0.00323657327804187
chrM	4057	4058	0.00124587514310728
chrM	4058	4059	0.00425860103279458
chrM	4059	4060	0.00177441494526097
chrM	4060	4061	0.00303799158710022
chrM	4061	4062	0.000100156912496244
chrM	4062	4063	0.0130969704987432
chrM	4063	4064	0.000696702275894101
chrM	4064	4065	0.000431148845847705
chrM	4065	4066	0.00122569317918309
chrM	4066	4067	0.00310476945435328
chrM	4067	4068	0.0015830612446819
chrM	4068	4069	6.59565346436698e-05
chrM	4069	4070	3.29771797915842e-05
chrM	4070	4071	0.000230802202512447
chrM	4071	4072	0.000263739161968813
chrM	4072	4073	0.000230764159029472
chrM	4073	4074	0.00049454353631598
chrM	4074	4075	0.000164896774619088
chrM	4075	4076	0.000263765248928454
chrM	4076	4077	0.00325347530316474
chrM	4077	4078	0.000886524822695035
chrM	4078	4079	0.0003282347534957
chrM	4079	4080	0.001867566593493
chrM	4080	4081	0.000949325651433809
chrM	4081	4082	0.00485389451737955
chrM	4082	4083	0.00557193300722408
chrM	4083	4084	0.0134547778843081
chrM	4084	4085	0.00169096768018377
chrM	4085	4086	0.0847690241196052
chrM	4086	4087	0.000437828371278459
chrM	4087	4088	0.000350211586166642
chrM	4088	4089	0.000350201365785327
chrM	4089	4090	0.00110835642409217
chrM	4090	4091	0.0024176400337887
chrM	4091	4092	0.00438329124212604
chrM	4092	4093	0.00315503068194975
chrM	4093	4094	0.0108228826662086
chrM	4094	4095	0.00234238866512412
chrM	4095	4096	0.000941834579599292
chrM	4096	4097	0.000770042494937684
chrM	4097	4098	0.0017369020501139
chrM	4098	4099	0.011826917609598
chrM	4099	4100	0.00266773758641462
chrM	4100	4101	0.0012632425138526
chrM	4101	4102	0.00200780174391923
chrM	4102	4103	0.00183554650529154
chrM	4103	4104	0.018752467429925
chrM	4104	4105	0.000987473197156077
chrM	4105	4106	0.0007059753755789
chrM	4106	4107	0.000649589064309317
chrM	4107	4108	0.000197701019572401
chrM	4108	4109	0.000536374671823392
chrM	4109	4110	0.00273100962892055
chrM	4110	4111	0.00375887121658392
chrM	4111	4112	0.000868907139053171
chrM	4112	4113	0.0019861806585168
chrM	4113	4114	0.000195787766061589
chrM	4114	4115	0.000195787766061589
chrM	4115	4116	0.000531453665631731
chrM	4116	4117	0.00173266634994271
chrM	4117	4118	0.000698948781033326
chrM	4118	4119	0.000839278220730172
chrM	4119	4120	0.000139977603583427
chrM	4120	4121	8.39842109683379e-05
chrM	4121	4122	0.000111966410076977
chrM	4122	4123	0.000111953875003499
chrM	4123	4124	0.00857428270159276
chrM	4124	4125	0.000582378879059319
chrM	4125	4126	0.000110920082080861
chrM	4126	4127	0.000221797111092628
chrM	4127	4128	0.000720341330969136
chrM	4128	4129	0.000221637345892783
chrM	4129	4130	8.31255195344971e-05
chrM	4130	4131	0.000554170130229981
chrM	4131	4132	0.00243409952147816
chrM	4132	4133	0.00298087273329469
chrM	4133	4134	0.00182048877365256
chrM	4134	4135	0.00019317272401137
chrM	4135	4136	0.000634727894911138
chrM	4136	4137	0.00118709107473152
chrM	4137	4138	0.000414444782140193
chrM	4138	4139	0.00243187973249323
chrM	4139	4140	0.00235287604495377
chrM	4140	4141	0.000332621892064196
chrM	4141	4142	0.000554108716130105
chrM	4142	4143	0.000138519503546099
chrM	4143	4144	5.54093364731957e-05
chrM	4144	4145	0.000221600509681172
chrM	4145	4146	0.000304633193940569
chrM	4146	4147	0
chrM	4147	4148	0.000332290310968349
chrM	4148	4149	0.00165924614916623
chrM	4149	4150	0.000801680765190468
chrM	4150	4151	2.76518084282712e-05
chrM	4151	4152	0.000248818113958696
chrM	4152	4153	8.29393713195654e-05
chrM	4153	4154	0.0176015211191091
chrM	4154	4155	0.000298766907490901
chrM	4155	4156	0.00862045742302201
chrM	4156	4157	0.000888529886914378
chrM	4157	4158	0.00107622353162752
chrM	4158	4159	0.0110741381605218
chrM	4159	4160	0.00138283161365812
chrM	4160	4161	0.00447919427511264
chrM	4161	4162	0.00301611238987221
chrM	4162	4163	0.00309409213518803
chrM	4163	4164	0.0231523633620353
chrM	4164	4165	0.000496394607587
chrM	4165	4166	0.000287416387959866
chrM	4166	4167	0.0016981920785871
chrM	4167	4168	0.000627680719740559
chrM	4168	4169	0.000549019607843137
chrM	4169	4170	0.00180076728345121
chrM	4170	4171	0.00195388823759281
chrM	4171	4172	0.00482302605989887
chrM	4172	4173	0.00333402253695854
chrM	4173	4174	0.000103375200289451
chrM	4174	4175	0.000180873879227927
chrM	4175	4176	0.00144497484195588
chrM	4176	4177	0.0122862022380261
chrM	4177	4178	0.088906957834824
chrM	4178	4179	0.0276183157799575
chrM	4179	4180	0.00743002087588947
chrM	4180	4181	0.00154711989058051
chrM	4181	4182	0.000784278575750106
chrM	4182	4183	0.00158964714311302
chrM	4183	4184	0.00149925037481259
chrM	4184	4185	0.00534639733351229
chrM	4185	4186	0.015193401209179
chrM	4186	4187	0.0791629583989411
chrM	4187	4188	0.106609174039105
chrM	4188	4189	0.153643449557571
chrM	4189	4190	0.105597797587834
chrM	4190	4191	0.0315855043787329
chrM	4191	4192	0.0042751210653753
chrM	4192	4193	0.000417917252384028
chrM	4193	4194	7.60167236792094e-05
chrM	4194	4195	0.000190034586294706
chrM	4195	4196	0.000569887162341856
chrM	4196	4197	0.000455857772375019
chrM	4197	4198	0.00049378964561097
chrM	4198	4199	7.59734093067426e-05
chrM	4199	4200	0.000417774401823016
chrM	4200	4201	0.00212717465623338
chrM	4201	4202	0.00593788063337393
chrM	4202	4203	0.0193595286375636
chrM	4203	4204	0.0182427691588056
chrM	4204	4205	0.00420818611298583
chrM	4205	4206	0.000518176020408163
chrM	4206	4207	0.000199354092739524
chrM	4207	4208	0.000119621994497388
chrM	4208	4209	0.00287047003946896
chrM	4209	4210	7.99392461729086e-05
chrM	4210	4211	0.00027978736160518
chrM	4211	4212	0.000799552250739586
chrM	4212	4213	0.000920147223555769
chrM	4213	4214	4.0043246706443e-05
chrM	4214	4215	8.00864934128859e-05
chrM	4215	4216	8.00864934128859e-05
chrM	4216	4217	0.00012012012012012
chrM	4217	4218	0.00107995680172793
chrM	4218	4219	0.000319910425080977
chrM	4219	4220	0.000319833686483029
chrM	4220	4221	0.000239846498241126
chrM	4221	4222	0.000239817738518726
chrM	4222	4223	0.00035962598897147
chrM	4223	4224	0.000159827386422664
chrM	4224	4225	0.000439384861194328
chrM	4225	4226	0.000718505508542232
chrM	4226	4227	0.00191250298828592
chrM	4227	4228	0.00107479797778751
chrM	4228	4229	0.000676347722299582
chrM	4229	4230	0.00111278912646054
chrM	4230	4231	0.000516385302879841
chrM	4231	4232	0.000476436256799142
chrM	4232	4233	0.000357199555484998
chrM	4233	4234	0.000634618435665556
chrM	4234	4235	0
chrM	4235	4236	3.96620790861857e-05
chrM	4236	4237	0.000198302530340287
chrM	4237	4238	0.000158660901987228
chrM	4238	4239	0.000158667195557319
chrM	4239	4240	7.93335977786593e-05
chrM	4240	4241	0.000237944162436548
chrM	4241	4242	0.000198247492169224
chrM	4242	4243	0.000435954343690552
chrM	4243	4244	0.000871183621747911
chrM	4244	4245	0.0271555450758469
chrM	4245	4246	0.00144092219020173
chrM	4246	4247	0.00083993280537557
chrM	4247	4248	0.000399904023034472
chrM	4248	4249	0.00255938574742062
chrM	4249	4250	0.000881657516130325
chrM	4250	4251	0.000400930157966482
chrM	4251	4252	0.00160179400929041
chrM	4252	4253	0.000600552508307643
chrM	4253	4254	0.00260135270340577
chrM	4254	4255	0.00328551967305073
chrM	4255	4256	0.0024482260394927
chrM	4256	4257	0.0048609995179174
chrM	4257	4258	0.00813958173832454
chrM	4258	4259	0.0282778429548121
chrM	4259	4260	0.19976900548612
chrM	4260	4261	0.0698373859407657
chrM	4261	4262	0.0515745238225181
chrM	4262	4263	0.0165631469979296
chrM	4263	4264	0.0133123138903486
chrM	4264	4265	0.0087439442278152
chrM	4265	4266	0.0123353792980156
chrM	4266	4267	0.0152630308880309
chrM	4267	4268	0.00287901990811639
chrM	4268	4269	0.000184297825285662
chrM	4269	4270	0.000122872765251582
chrM	4270	4271	6.1436382625791e-05
chrM	4271	4272	6.1436382625791e-05
chrM	4272	4273	0.000675343811394892
chrM	4273	4274	0.000245534344116383
chrM	4274	4275	0.000245489137105683
chrM	4275	4276	6.13722842764208e-05
chrM	4276	4277	0
chrM	4277	4278	0.000306880255324372
chrM	4278	4279	6.13948919449902e-05
chrM	4279	4280	0
chrM	4280	4281	0.000245594646036716
chrM	4281	4282	0.00079774177712322
chrM	4282	4283	0.000122714443489999
chrM	4283	4284	6.1353457267317e-05
chrM	4284	4285	0.000184026499815973
chrM	4285	4286	0.000183992640294388
chrM	4286	4287	0.000919173968993198
chrM	4287	4288	6.12782645995465e-05
chrM	4288	4289	0
chrM	4289	4290	0
chrM	4290	4291	0.000245098039215686
chrM	4291	4292	6.12857755714899e-05
chrM	4292	4293	0.00177739642069135
chrM	4293	4294	0.00178045186640472
chrM	4294	4295	6.15006150061501e-05
chrM	4295	4296	0.000246017590257703
chrM	4296	4297	6.15195324515534e-05
chrM	4297	4298	0
chrM	4298	4299	0
chrM	4299	4300	0
chrM	4300	4301	0
chrM	4301	4302	0
chrM	4302	4303	0.000184547244094488
chrM	4303	4304	6.15195324515534e-05
chrM	4304	4305	0
chrM	4305	4306	0
chrM	4306	4307	0
chrM	4307	4308	0
chrM	4308	4309	0.000184535892231039
chrM	4309	4310	0.00104461103600836
chrM	4310	4311	0.00110497237569061
chrM	4311	4312	0.000552316661552624
chrM	4312	4313	0.000122737035900583
chrM	4313	4314	0.000368211107701749
chrM	4314	4315	0.000122782245687274
chrM	4315	4316	0.000184195984527537
chrM	4316	4317	0.000982499232422475
chrM	4317	4318	0.00172085305144121
chrM	4318	4319	0.102807190347205
chrM	4319	4320	0.00343076711952793
chrM	4320	4321	0.00295980176211454
chrM	4321	4322	0.000758934731613081
chrM	4322	4323	0.0014480761274307
chrM	4323	4324	0.00213454520415892
chrM	4324	4325	0.000206568890725057
chrM	4325	4326	0.000344234079173838
chrM	4326	4327	0.000206540447504303
chrM	4327	4328	0.000757210711089695
chrM	4328	4329	0.00144528561596696
chrM	4329	4330	0.00247507734616707
chrM	4330	4331	0.00144329896907216
chrM	4331	4332	0.0359297315213789
chrM	4332	4333	0.00244725180236788
chrM	4333	4334	0.0023754536456615
chrM	4334	4335	0.00138376383763838
chrM	4335	4336	0.000131769666622743
chrM	4336	4337	0.000197628458498024
chrM	4337	4338	0.000197628458498024
chrM	4338	4339	0.000527043942288688
chrM	4339	4340	0.00118623962040332
chrM	4340	4341	0.00356247526058847
chrM	4341	4342	0.00033103813559322
chrM	4342	4343	0.000331081975897232
chrM	4343	4344	0
chrM	4344	4345	0
chrM	4345	4346	0
chrM	4346	4347	0
chrM	4347	4348	6.62251655629139e-05
chrM	4348	4349	0.000264865580717786
chrM	4349	4350	0.00013242402171754
chrM	4350	4351	6.62076271186441e-05
chrM	4351	4352	6.6203243958954e-05
chrM	4352	4353	0
chrM	4353	4354	0.000463208046585495
chrM	4354	4355	0
chrM	4355	4356	0
chrM	4356	4357	0.000198478332782005
chrM	4357	4358	0.000132310134956338
chrM	4358	4359	0.000132318888521336
chrM	4359	4360	0.000132327643244674
chrM	4360	4361	0.000925497454881999
chrM	4361	4362	0.00865886707647564
chrM	4362	4363	0.0010658140154543
chrM	4363	4364	0.00199840127897682
chrM	4364	4365	0.00113439209929267
chrM	4365	4366	0.00220455608257065
chrM	4366	4367	0.00508769580934529
chrM	4367	4368	0.01109915242836
chrM	4368	4369	0.0587635176494593
chrM	4369	4370	0.0208107522219814
chrM	4370	4371	0.00737952918603793
chrM	4371	4372	0.00223031744851684
chrM	4372	4373	0.000149020192236048
chrM	4373	4374	0.0003725782414307
chrM	4374	4375	7.45323097562794e-05
chrM	4375	4376	0
chrM	4376	4377	0
chrM	4377	4378	0
chrM	4378	4379	0
chrM	4379	4380	0
chrM	4380	4381	0
chrM	4381	4382	0.00223596929268838
chrM	4382	4383	0.00126988869799059
chrM	4383	4384	0.00209424083769634
chrM	4384	4385	0.000449707690001499
chrM	4385	4386	0.0025494901019796
chrM	4386	4387	0.00254987250637468
chrM	4387	4388	0.000225022502250225
chrM	4388	4389	7.50243829244504e-05
chrM	4389	4390	0.00562725090036014
chrM	4390	4391	0.000905387052965143
chrM	4391	4392	0.000452864367122047
chrM	4392	4393	0.000754546140496491
chrM	4393	4394	0.000301955159658791
chrM	4394	4395	0.000452864367122047
chrM	4395	4396	7.54716981132076e-05
chrM	4396	4397	0.000150920615756112
chrM	4397	4398	0.000452761847268337
chrM	4398	4399	0
chrM	4399	4400	0.00022648346670693
chrM	4400	4401	0.000377557955146115
chrM	4401	4402	0
chrM	4402	4403	0
chrM	4403	4404	7.55401117993655e-05
chrM	4404	4405	0
chrM	4405	4406	0
chrM	4406	4407	0
chrM	4407	4408	0.000151080223598731
chrM	4408	4409	0
chrM	4409	4410	0
chrM	4410	4411	0
chrM	4411	4412	0
chrM	4412	4413	0
chrM	4413	4414	0
chrM	4414	4415	7.55458185389439e-05
chrM	4415	4416	0.000226654578422484
chrM	4416	4417	0
chrM	4417	4418	0.000151114469210427
chrM	4418	4419	7.55572346052135e-05
chrM	4419	4420	7.55629439322956e-05
chrM	4420	4421	0.00188921635305675
chrM	4421	4422	0.00234706238643247
chrM	4422	4423	0.00129012673597936
chrM	4423	4424	0
chrM	4424	4425	0
chrM	4425	4426	0
chrM	4426	4427	7.59878419452888e-05
chrM	4427	4428	0
chrM	4428	4429	0
chrM	4429	4430	0.000151987233072422
chrM	4430	4431	0.000684046515163031
chrM	4431	4432	7.6057195010648e-05
chrM	4432	4433	0.00129307066250856
chrM	4433	4434	0.0083015993907083
chrM	4434	4435	0.0111350023037936
chrM	4435	4436	0.000931749359422315
chrM	4436	4437	0.000310800310800311
chrM	4437	4438	0.000388470204335327
chrM	4438	4439	0.0020979020979021
chrM	4439	4440	0
chrM	4440	4441	0.000311405216037369
chrM	4441	4442	0.00264756268494004
chrM	4442	4443	0.0113210493441599
chrM	4443	4444	0.0074232014530522
chrM	4444	4445	0.00636435958631663
chrM	4445	4446	0.0196844118584635
chrM	4446	4447	0.00752488065377458
chrM	4447	4448	0.00464547677261614
chrM	4448	4449	0.000900237335297487
chrM	4449	4450	0.000409366300966104
chrM	4450	4451	0.000245660006550933
chrM	4451	4452	0
chrM	4452	4453	8.1906790072897e-05
chrM	4453	4454	0
chrM	4454	4455	0.0180209698558322
chrM	4455	4456	0.000750562922191644
chrM	4456	4457	0.000584063412599082
chrM	4457	4458	0.0003339455668726
chrM	4458	4459	0
chrM	4459	4460	8.35142809420411e-05
chrM	4460	4461	0
chrM	4461	4462	0.000167028561884082
chrM	4462	4463	0.000501085685652247
chrM	4463	4464	0.000584844180800401
chrM	4464	4465	0.000250794181574987
chrM	4465	4466	8.3619031691613e-05
chrM	4466	4467	0.000250878073256397
chrM	4467	4468	0.000167294019238812
chrM	4468	4469	0
chrM	4469	4470	0
chrM	4470	4471	0.000167322011210575
chrM	4471	4472	0
chrM	4472	4473	0
chrM	4473	4474	0
chrM	4474	4475	0
chrM	4475	4476	0
chrM	4476	4477	0
chrM	4477	4478	8.36680053547523e-05
chrM	4478	4479	8.36680053547523e-05
chrM	4479	4480	0.00133701011113897
chrM	4480	4481	8.35561497326203e-05
chrM	4481	4482	0.00324810527192471
chrM	4482	4483	0.00174592617226472
chrM	4483	4484	8.31324299609278e-05
chrM	4484	4485	0
chrM	4485	4486	0
chrM	4486	4487	0
chrM	4487	4488	8.31324299609278e-05
chrM	4488	4489	0.000249418024609245
chrM	4489	4490	0.000166292508522491
chrM	4490	4491	0
chrM	4491	4492	0
chrM	4492	4493	0
chrM	4493	4494	0
chrM	4494	4495	0
chrM	4495	4496	0
chrM	4496	4497	0
chrM	4497	4498	0
chrM	4498	4499	0
chrM	4499	4500	0
chrM	4500	4501	0
chrM	4501	4502	0
chrM	4502	4503	8.31462542612455e-05
chrM	4503	4504	0
chrM	4504	4505	0
chrM	4505	4506	0
chrM	4506	4507	0
chrM	4507	4508	0
chrM	4508	4509	0
chrM	4509	4510	0
chrM	4510	4511	0
chrM	4511	4512	0.000166292508522491
chrM	4512	4513	8.31462542612455e-05
chrM	4513	4514	0
chrM	4514	4515	0
chrM	4515	4516	0
chrM	4516	4517	0
chrM	4517	4518	0
chrM	4518	4519	0
chrM	4519	4520	0
chrM	4520	4521	0
chrM	4521	4522	0
chrM	4522	4523	0
chrM	4523	4524	8.3139341536415e-05
chrM	4524	4525	0
chrM	4525	4526	8.3139341536415e-05
chrM	4526	4527	0
chrM	4527	4528	0
chrM	4528	4529	0
chrM	4529	4530	8.31462542612455e-05
chrM	4530	4531	0
chrM	4531	4532	0
chrM	4532	4533	0
chrM	4533	4534	8.31462542612455e-05
chrM	4534	4535	0
chrM	4535	4536	0
chrM	4536	4537	8.31462542612455e-05
chrM	4537	4538	8.31462542612455e-05
chrM	4538	4539	0
chrM	4539	4540	0
chrM	4540	4541	0
chrM	4541	4542	0
chrM	4542	4543	0
chrM	4543	4544	0
chrM	4544	4545	0
chrM	4545	4546	0.000166264859921856
chrM	4546	4547	0
chrM	4547	4548	0
chrM	4548	4549	0
chrM	4549	4550	0
chrM	4550	4551	0
chrM	4551	4552	0
chrM	4552	4553	8.31255195344971e-05
chrM	4553	4554	8.31186102568365e-05
chrM	4554	4555	0.00873362445414847
chrM	4555	4556	0.000494111833978424
chrM	4556	4557	0
chrM	4557	4558	8.23451910408432e-05
chrM	4558	4559	0
chrM	4559	4560	0.00032927230819888
chrM	4560	4561	0
chrM	4561	4562	0.00016463615409944
chrM	4562	4563	0
chrM	4563	4564	0
chrM	4564	4565	0
chrM	4565	4566	0
chrM	4566	4567	0
chrM	4567	4568	0
chrM	4568	4569	0
chrM	4569	4570	0
chrM	4570	4571	0.000411488766356678
chrM	4571	4572	0
chrM	4572	4573	0
chrM	4573	4574	0
chrM	4574	4575	0
chrM	4575	4576	0
chrM	4576	4577	0
chrM	4577	4578	0
chrM	4578	4579	0
chrM	4579	4580	0
chrM	4580	4581	0
chrM	4581	4582	0
chrM	4582	4583	0
chrM	4583	4584	0
chrM	4584	4585	0
chrM	4585	4586	0
chrM	4586	4587	8.22909809084924e-05
chrM	4587	4588	0
chrM	4588	4589	0
chrM	4589	4590	0
chrM	4590	4591	0
chrM	4591	4592	8.22842096601662e-05
chrM	4592	4593	0
chrM	4593	4594	0
chrM	4594	4595	0
chrM	4595	4596	0
chrM	4596	4597	0.000164541341011929
chrM	4597	4598	0
chrM	4598	4599	0
chrM	4599	4600	0
chrM	4600	4601	0
chrM	4601	4602	0
chrM	4602	4603	0
chrM	4603	4604	0
chrM	4604	4605	8.22639025995393e-05
chrM	4605	4606	0
chrM	4606	4607	0
chrM	4607	4608	0
chrM	4608	4609	0
chrM	4609	4610	0
chrM	4610	4611	0
chrM	4611	4612	0
chrM	4612	4613	0.000164527805199079
chrM	4613	4614	0
chrM	4614	4615	0
chrM	4615	4616	0
chrM	4616	4617	0
chrM	4617	4618	0
chrM	4618	4619	0
chrM	4619	4620	0
chrM	4620	4621	0.000164527805199079
chrM	4621	4622	0.000411218027798339
chrM	4622	4623	0.00759183673469388
chrM	4623	4624	8.16259897151253e-05
chrM	4624	4625	8.16193274567418e-05
chrM	4625	4626	8.16126662858076e-05
chrM	4626	4627	8.16060062020565e-05
chrM	4627	4628	0
chrM	4628	4629	8.16060062020565e-05
chrM	4629	4630	8.16060062020565e-05
chrM	4630	4631	8.16060062020565e-05
chrM	4631	4632	0
chrM	4632	4633	0
chrM	4633	4634	0
chrM	4634	4635	0
chrM	4635	4636	0
chrM	4636	4637	0
chrM	4637	4638	0
chrM	4638	4639	0
chrM	4639	4640	0
chrM	4640	4641	0
chrM	4641	4642	0
chrM	4642	4643	0
chrM	4643	4644	0
chrM	4644	4645	0
chrM	4645	4646	0
chrM	4646	4647	0
chrM	4647	4648	0
chrM	4648	4649	0
chrM	4649	4650	0
chrM	4650	4651	0
chrM	4651	4652	0
chrM	4652	4653	0
chrM	4653	4654	0
chrM	4654	4655	0
chrM	4655	4656	0
chrM	4656	4657	0
chrM	4657	4658	0
chrM	4658	4659	0
chrM	4659	4660	0
chrM	4660	4661	0
chrM	4661	4662	0
chrM	4662	4663	0
chrM	4663	4664	0.000163212012404113
chrM	4664	4665	0
chrM	4665	4666	0
chrM	4666	4667	0.000163212012404113
chrM	4667	4668	0.000326344129884964
chrM	4668	4669	0
chrM	4669	4670	0
chrM	4670	4671	0
chrM	4671	4672	0
chrM	4672	4673	0
chrM	4673	4674	0
chrM	4674	4675	8.15793767335618e-05
chrM	4675	4676	0
chrM	4676	4677	0
chrM	4677	4678	0
chrM	4678	4679	0
chrM	4679	4680	0
chrM	4680	4681	0
chrM	4681	4682	0
chrM	4682	4683	0
chrM	4683	4684	0
chrM	4684	4685	0
chrM	4685	4686	0
chrM	4686	4687	0
chrM	4687	4688	0
chrM	4688	4689	8.15727220817359e-05
chrM	4689	4690	0
chrM	4690	4691	8.15660685154976e-05
chrM	4691	4692	0
chrM	4692	4693	0
chrM	4693	4694	8.15594160345812e-05
chrM	4694	4695	0
chrM	4695	4696	0
chrM	4696	4697	0
chrM	4697	4698	0
chrM	4698	4699	0
chrM	4699	4700	8.15527646387213e-05
chrM	4700	4701	0.0478335145208883
chrM	4701	4702	0.000853440918612771
chrM	4702	4703	0.000232702451132485
chrM	4703	4704	0
chrM	4704	4705	7.75614674629644e-05
chrM	4705	4706	7.7555452148286e-05
chrM	4706	4707	0.000465116279069767
chrM	4707	4708	0
chrM	4708	4709	0.000309981401115933
chrM	4709	4710	0
chrM	4710	4711	7.74953502789833e-05
chrM	4711	4712	0
chrM	4712	4713	0
chrM	4713	4714	0
chrM	4714	4715	0.000232450023245002
chrM	4715	4716	0
chrM	4716	4717	7.74773378786705e-05
chrM	4717	4718	0
chrM	4718	4719	0.000309837335398916
chrM	4719	4720	0.000309789343246592
chrM	4720	4721	0.000154882676372648
chrM	4721	4722	0
chrM	4722	4723	0
chrM	4723	4724	0
chrM	4724	4725	0
chrM	4725	4726	0
chrM	4726	4727	0
chrM	4727	4728	0
chrM	4728	4729	0
chrM	4729	4730	0
chrM	4730	4731	0
chrM	4731	4732	0
chrM	4732	4733	7.74413381863239e-05
chrM	4733	4734	0
chrM	4734	4735	0
chrM	4735	4736	0
chrM	4736	4737	0
chrM	4737	4738	0.0158560756212837
chrM	4738	4739	0
chrM	4739	4740	0
chrM	4740	4741	0
chrM	4741	4742	0
chrM	4742	4743	0
chrM	4743	4744	0.000152485513876182
chrM	4744	4745	0
chrM	4745	4746	0
chrM	4746	4747	0
chrM	4747	4748	7.62543846271161e-05
chrM	4748	4749	0
chrM	4749	4750	0
chrM	4750	4751	7.62601998017235e-05
chrM	4751	4752	0
chrM	4752	4753	0
chrM	4753	4754	0
chrM	4754	4755	0
chrM	4755	4756	0.000152508769254232
chrM	4756	4757	7.62543846271161e-05
chrM	4757	4758	0
chrM	4758	4759	0.000152497140678612
chrM	4759	4760	7.62427569380909e-05
chrM	4760	4761	0.000304878048780488
chrM	4761	4762	0.000228606263811628
chrM	4762	4763	0.00144585647971996
chrM	4763	4764	0
chrM	4764	4765	0.000228258388495777
chrM	4765	4766	0.00038028597505324
chrM	4766	4767	0
chrM	4767	4768	0.00129130269654387
chrM	4768	4769	0
chrM	4769	4770	7.59532128209023e-05
chrM	4770	4771	0
chrM	4771	4772	0
chrM	4772	4773	0
chrM	4773	4774	7.5947444368497e-05
chrM	4774	4775	0
chrM	4775	4776	0.000834724540901503
chrM	4776	4777	0
chrM	4777	4778	7.58782912208817e-05
chrM	4778	4779	7.58725341426404e-05
chrM	4779	4780	7.5866777937941e-05
chrM	4780	4781	7.58610226065847e-05
chrM	4781	4782	0.000303352040042469
chrM	4782	4783	0
chrM	4783	4784	0
chrM	4784	4785	0
chrM	4785	4786	0
chrM	4786	4787	0
chrM	4787	4788	0
chrM	4788	4789	7.58322590429969e-05
chrM	4789	4790	0
chrM	4790	4791	0.00030323705556819
chrM	4791	4792	0.00370090634441088
chrM	4792	4793	0
chrM	4793	4794	7.55229967525111e-05
chrM	4794	4795	7.55172934602024e-05
chrM	4795	4796	0.000151011778918756
chrM	4796	4797	0.000301932367149758
chrM	4797	4798	0
chrM	4798	4799	7.54773945203412e-05
chrM	4799	4800	0.000226380923634168
chrM	4800	4801	0
chrM	4801	4802	0
chrM	4802	4803	0
chrM	4803	4804	0.000150897842160857
chrM	4804	4805	0
chrM	4805	4806	0.000150875075437538
chrM	4806	4807	7.5431847325941e-05
chrM	4807	4808	7.54261577915221e-05
chrM	4808	4809	0
chrM	4809	4810	0.00120536386921802
chrM	4810	4811	0
chrM	4811	4812	0
chrM	4812	4813	0
chrM	4813	4814	0
chrM	4814	4815	0
chrM	4815	4816	0
chrM	4816	4817	0
chrM	4817	4818	0
chrM	4818	4819	0
chrM	4819	4820	0
chrM	4820	4821	0
chrM	4821	4822	0
chrM	4822	4823	0
chrM	4823	4824	0
chrM	4824	4825	0
chrM	4825	4826	7.53295668549906e-05
chrM	4826	4827	0
chrM	4827	4828	0
chrM	4828	4829	0.000150636438954583
chrM	4829	4830	0.000225903614457831
chrM	4830	4831	0.000301114122252334
chrM	4831	4832	0.000301023479831427
chrM	4832	4833	0.00157787963032534
chrM	4833	4834	0.000150251671549846
chrM	4834	4835	0
chrM	4835	4836	0.000150229099376549
chrM	4836	4837	7.51089079164789e-05
chrM	4837	4838	0.00045045045045045
chrM	4838	4839	0.000375234521575985
chrM	4839	4840	0
chrM	4840	4841	7.5041272699985e-05
chrM	4841	4842	0.000225073148773351
chrM	4842	4843	0.000150026254594554
chrM	4843	4844	0.000224988750562472
chrM	4844	4845	7.49906261717285e-05
chrM	4845	4846	0
chrM	4846	4847	0
chrM	4847	4848	0
chrM	4848	4849	0
chrM	4849	4850	0
chrM	4850	4851	7.49906261717285e-05
chrM	4851	4852	0
chrM	4852	4853	0
chrM	4853	4854	0
chrM	4854	4855	0
chrM	4855	4856	0
chrM	4856	4857	0
chrM	4857	4858	0
chrM	4858	4859	0
chrM	4859	4860	0
chrM	4860	4861	0
chrM	4861	4862	0.00537072952409369
chrM	4862	4863	0.000298284862043251
chrM	4863	4864	0
chrM	4864	4865	0
chrM	4865	4866	0.000372717107715244
chrM	4866	4867	0.000223580265315248
chrM	4867	4868	0
chrM	4868	4869	0.000446960667461263
chrM	4869	4870	0
chrM	4870	4871	0.000595681310498883
chrM	4871	4872	0.00156145438322552
chrM	4872	4873	0.00126243873459082
chrM	4873	4874	0.00795638721084426
chrM	4874	4875	0.0100641773628938
chrM	4875	4876	0.0286200056673279
chrM	4876	4877	0.186866359447005
chrM	4877	4878	0.0218065025074661
chrM	4878	4879	0.00738296325297835
chrM	4879	4880	0.0029000055769338
chrM	4880	4881	0.018447558572367
chrM	4881	4882	0.0105616638682771
chrM	4882	4883	0.00388454275694632
chrM	4883	4884	0.0147246438443547
chrM	4884	4885	0.0153878362817963
chrM	4885	4886	0.0263975946593283
chrM	4886	4887	0.0176729748673275
chrM	4887	4888	0.00204866836556238
chrM	4888	4889	9.9930048965724e-05
chrM	4889	4890	4.99625281039221e-05
chrM	4890	4891	0.000299685330403077
chrM	4891	4892	0.000149820215741111
chrM	4892	4893	0.000698812019566737
chrM	4893	4894	0.00363129881112272
chrM	4894	4895	0.0066215348124722
chrM	4895	4896	0.0160929599377674
chrM	4896	4897	0.00747961202528591
chrM	4897	4898	0.00379771175848476
chrM	4898	4899	0.00459440057430007
chrM	4899	4900	0.00143389733295096
chrM	4900	4901	0.00133651551312649
chrM	4901	4902	0.00195321804582916
chrM	4902	4903	0.000523759641938863
chrM	4903	4904	0.00237507125213756
chrM	4904	4905	0.000142483970553313
chrM	4905	4906	0.0001424636717637
chrM	4906	4907	0.000284846183061147
chrM	4907	4908	0.00189537528430629
chrM	4908	4909	0.00278788451542787
chrM	4909	4910	0.000472299626883295
chrM	4910	4911	0.000472121240734621
chrM	4911	4912	9.44242481469241e-05
chrM	4912	4913	0.000141616314199396
chrM	4913	4914	0
chrM	4914	4915	0
chrM	4915	4916	9.44019635608421e-05
chrM	4916	4917	9.43975079057913e-05
chrM	4917	4918	0
chrM	4918	4919	0.00117974611863527
chrM	4919	4920	0.000424929178470255
chrM	4920	4921	0.00455891338064577
chrM	4921	4922	0.000375851538642236
chrM	4922	4923	0
chrM	4923	4924	0.000563486100676183
chrM	4924	4925	0.000469395418700713
chrM	4925	4926	0.000422297297297297
chrM	4926	4927	0.00154602951510892
chrM	4927	4928	0.00771769956762286
chrM	4928	4929	0.0355605381165919
chrM	4929	4930	0.0127069866288852
chrM	4930	4931	0.010428076939929
chrM	4931	4932	0.0153593925273967
chrM	4932	4933	0.028299513667617
chrM	4933	4934	0.0506172839506173
chrM	4934	4935	0.0682754780025989
chrM	4935	4936	0.0249112897385763
chrM	4936	4937	0.0369052602204549
chrM	4937	4938	0.0252066537401776
chrM	4938	4939	0.00383193733256469
chrM	4939	4940	0.00277975524594054
chrM	4940	4941	0.00078125
chrM	4941	4942	0.00350101971447995
chrM	4942	4943	0.00521650187521309
chrM	4943	4944	0.00174711383645644
chrM	4944	4945	0.0016803840877915
chrM	4945	4946	0.000240302094061105
chrM	4946	4947	0.000171667925564787
chrM	4947	4948	0.00120122181418815
chrM	4948	4949	0.00140796703296703
chrM	4949	4950	0.000962794855924627
chrM	4950	4951	0.00061936549446012
chrM	4951	4952	0.00168390666345923
chrM	4952	4953	0.00414184979804203
chrM	4953	4954	0.0165064701287233
chrM	4954	4955	0.00734543970618241
chrM	4955	4956	0.000714091403699674
chrM	4956	4957	0.000782525857376157
chrM	4957	4958	0.00125953159041394
chrM	4958	4959	0.0174291938997821
chrM	4959	4960	0.00249109089021901
chrM	4960	4961	0.00402191248873171
chrM	4961	4962	0.00327161353195044
chrM	4962	4963	0.000523615038223898
chrM	4963	4964	0.000732805248281397
chrM	4964	4965	0.0159741109236754
chrM	4965	4966	0.00213579523924351
chrM	4966	4967	0.000482392667631452
chrM	4967	4968	0.00830089897702614
chrM	4968	4969	0.000624652970571904
chrM	4969	4970	0.000590298274245634
chrM	4970	4971	0.000868598429574039
chrM	4971	4972	0.000834434323065155
chrM	4972	4973	0.012277833814476
chrM	4973	4974	0.00277943918657425
chrM	4974	4975	0.00172723747752829
chrM	4975	4976	0.00183492713222061
chrM	4976	4977	0.000282685512367491
chrM	4977	4978	0.000636177281402417
chrM	4978	4979	0.00279388881029849
chrM	4979	4980	0.000673830549349222
chrM	4980	4981	0.00340679229213244
chrM	4981	4982	0.00334341099057443
chrM	4982	4983	0.00615132982506045
chrM	4983	4984	0.00274216524216524
chrM	4984	4985	0.000925761082428343
chrM	4985	4986	0.000818505338078292
chrM	4986	4987	0.00092470747234769
chrM	4987	4988	0.000781916406027865
chrM	4988	4989	0.00213219616204691
chrM	4989	4990	0.000427274345736158
chrM	4990	4991	0.00195917785772807
chrM	4991	4992	0.00132048536759458
chrM	4992	4993	0.000821839491174159
chrM	4993	4994	7.15154115711936e-05
chrM	4994	4995	0.00039318011223505
chrM	4995	4996	0.00110682662096544
chrM	4996	4997	0.000856194927045057
chrM	4997	4998	0.000641825637368515
chrM	4998	4999	0.00520461999144446
chrM	4999	5000	0.000143281871261239
chrM	5000	5001	0.000250770222827255
chrM	5001	5002	0.000537499552083707
chrM	5002	5003	0.00103950103950104
chrM	5003	5004	0.00286995515695067
chrM	5004	5005	0.00115128620255442
chrM	5005	5006	0.000900381761867032
chrM	5006	5007	0.000937072010379875
chrM	5007	5008	3.60724334463603e-05
chrM	5008	5009	0.00389582281220691
chrM	5009	5010	0.000144848814050335
chrM	5010	5011	0.000760566440911231
chrM	5011	5012	0.000471185212033345
chrM	5012	5013	0.000253834717336911
chrM	5013	5014	0.000145074713477441
chrM	5014	5015	0.000181349969170505
chrM	5015	5016	0.000181369704004643
chrM	5016	5017	0.00123201797296808
chrM	5017	5018	0.00235166425470333
chrM	5018	5019	0.00036195164326046
chrM	5019	5020	0.000144775417134171
chrM	5020	5021	0.000253366150282322
chrM	5021	5022	0.000144812106292086
chrM	5022	5023	0.00039829096965747
chrM	5023	5024	0.00162949015063731
chrM	5024	5025	0.00978899282140526
chrM	5025	5026	0.00391668801932721
chrM	5026	5027	0.000440803732138265
chrM	5027	5028	0.00150431113557145
chrM	5028	5029	0.00869470314318975
chrM	5029	5030	0.000363768643142961
chrM	5030	5031	0.00207378301680856
chrM	5031	5032	0.0001822821728035
chrM	5032	5033	0.000145852324521422
chrM	5033	5034	0.00138579920498888
chrM	5034	5035	0.00105901256208005
chrM	5035	5036	0.000365523795599094
chrM	5036	5037	0.000146241591108511
chrM	5037	5038	0.000255885363357216
chrM	5038	5039	7.31101038163474e-05
chrM	5039	5040	0
chrM	5040	5041	0.000292419036479275
chrM	5041	5042	0.000219346347883308
chrM	5042	5043	0.000658159347690958
chrM	5043	5044	0.00106032906764168
chrM	5044	5045	0.00116959064327485
chrM	5045	5046	0.00240788033564393
chrM	5046	5047	0.000109457092819615
chrM	5047	5048	0.00338588123930535
chrM	5048	5049	0.000328048113723346
chrM	5049	5050	0.00167467598660259
chrM	5050	5051	0.0124509698081975
chrM	5051	5052	0.00226749208177368
chrM	5052	5053	0.000648835700382092
chrM	5053	5054	0.0122909457900807
chrM	5054	5055	0.00160308959084782
chrM	5055	5056	0.000947694550756333
chrM	5056	5057	0.00215242056108861
chrM	5057	5058	0.0185272470178746
chrM	5058	5059	0.00711756761689236
chrM	5059	5060	0.00971263738269982
chrM	5060	5061	0.0058952764555108
chrM	5061	5062	0.0729333834124355
chrM	5062	5063	0.0159227000544366
chrM	5063	5064	0.00679111353786302
chrM	5064	5065	0.000921847792686674
chrM	5065	5066	0.00129723824804561
chrM	5066	5067	0.00273186723125256
chrM	5067	5068	0.000684579839123738
chrM	5068	5069	0.0013357536733226
chrM	5069	5070	0.00390892881634892
chrM	5070	5071	0.00357917197233025
chrM	5071	5072	0.00217526413921691
chrM	5072	5073	0.000933577677120432
chrM	5073	5074	0.00241637612620387
chrM	5074	5075	0.00306421070752281
chrM	5075	5076	0.00633019674935843
chrM	5076	5077	0.00608781416862225
chrM	5077	5078	0.00621915770972757
chrM	5078	5079	0.002091273990623
chrM	5079	5080	0.000539428879673646
chrM	5080	5081	0.00215422935810697
chrM	5081	5082	0.00144639913888795
chrM	5082	5083	0.00110924369747899
chrM	5083	5084	0.000235278300618446
chrM	5084	5085	0.000134435706123546
chrM	5085	5086	0.000268826237440774
chrM	5086	5087	0.000235207150297369
chrM	5087	5088	3.36021505376344e-05
chrM	5088	5089	0.00083968696469956
chrM	5089	5090	0.000671772134891845
chrM	5090	5091	0.000873127812479011
chrM	5091	5092	0.000436607892527288
chrM	5092	5093	0.000268681780016793
chrM	5093	5094	6.71727010143078e-05
chrM	5094	5095	0.000369313412791674
chrM	5095	5096	0.000503389489227465
chrM	5096	5097	0.000167796496409155
chrM	5097	5098	3.35626783017285e-05
chrM	5098	5099	0.000100691414378734
chrM	5099	5100	0.000469893267100759
chrM	5100	5101	0.000100718458336131
chrM	5101	5102	0.000268510438343291
chrM	5102	5103	0.000134246207544637
chrM	5103	5104	0.000234891446595752
chrM	5104	5105	0.000167768345468577
chrM	5105	5106	0.0261374312172863
chrM	5106	5107	0.00165306333298895
chrM	5107	5108	0.00241395958341955
chrM	5108	5109	0.00687843489682348
chrM	5109	5110	0.00149627670679936
chrM	5110	5111	0.00128906386092046
chrM	5111	5112	0.0013595482116712
chrM	5112	5113	0.000627987300701253
chrM	5113	5114	0.000907187718073971
chrM	5114	5115	3.49052322943209e-05
chrM	5115	5116	0.00380480312761798
chrM	5116	5117	0.00101611772950245
chrM	5117	5118	0.00273559429032371
chrM	5118	5119	0.000668167112111408
chrM	5119	5120	0.000844475721323012
chrM	5120	5121	0.00274242317699177
chrM	5121	5122	0.000351914414414414
chrM	5122	5123	0.0177052354934643
chrM	5123	5124	0.00639526887635814
chrM	5124	5125	0.00390638385361341
chrM	5125	5126	0.009072375127421
chrM	5126	5127	0.0240971853425385
chrM	5127	5128	0.0192921853614026
chrM	5128	5129	0.0178709677419355
chrM	5129	5130	0.0061878381442965
chrM	5130	5131	0.0071433209948698
chrM	5131	5132	0.00512234910277325
chrM	5132	5133	0.0104984301412873
chrM	5133	5134	0.00372715878356092
chrM	5134	5135	0.00413633355393779
chrM	5135	5136	0.224388785543449
chrM	5136	5137	0.025002140594229
chrM	5137	5138	0.039165751920966
chrM	5138	5139	0.00644306342533358
chrM	5139	5140	0.0030354596881755
chrM	5140	5141	0.00308926595352269
chrM	5141	5142	0.0142361913565981
chrM	5142	5143	0.00506329113924051
chrM	5143	5144	0.0106949352179034
chrM	5144	5145	0.0630558183538316
chrM	5145	5146	0.00445958811444606
chrM	5146	5147	0.00392334389618228
chrM	5147	5148	0.00237277867528271
chrM	5148	5149	0.00293344123002225
chrM	5149	5150	0.00253421186011151
chrM	5150	5151	0.0063969132355181
chrM	5151	5152	0.00260336906584992
chrM	5152	5153	0.00511221307704105
chrM	5153	5154	0.00261538461538462
chrM	5154	5155	0.00225617885345093
chrM	5155	5156	0.0076550140341924
chrM	5156	5157	0.000971171539562462
chrM	5157	5158	0.00235149780186075
chrM	5158	5159	0.000460900291903518
chrM	5159	5160	0.000665915377522795
chrM	5160	5161	0.00475192887435491
chrM	5161	5162	0.00066519981579082
chrM	5162	5163	0.000563034242718944
chrM	5163	5164	0.00173868575811813
chrM	5164	5165	0.0130434782608696
chrM	5165	5166	0.00171011037985179
chrM	5166	5167	0.00109011627906977
chrM	5167	5168	0.00914618302759445
chrM	5168	5169	0.000891592804321603
chrM	5169	5170	0.000892341609364338
chrM	5170	5171	0.00110323089046493
chrM	5171	5172	0.000262964131692437
chrM	5172	5173	0.000263033300015782
chrM	5173	5174	0.00036828536854843
chrM	5174	5175	0.00210493080039994
chrM	5175	5176	0.000158202816010125
chrM	5176	5177	0.000158227848101266
chrM	5177	5178	0.000633011552460832
chrM	5178	5179	0.000844550013196094
chrM	5179	5180	0.000369744348193535
chrM	5180	5181	0.0004753102719831
chrM	5181	5182	0.000369627204562256
chrM	5182	5183	0.00411479215024267
chrM	5183	5184	0.000105831304899989
chrM	5184	5185	0.000158755357993332
chrM	5185	5186	0.000158772161947605
chrM	5186	5187	0.000582102979308885
chrM	5187	5188	0.000105870520353608
chrM	5188	5189	0.0010584810796507
chrM	5189	5190	0.00891256196603734
chrM	5190	5191	0.0112898971247692
chrM	5191	5192	0.0051336332363059
chrM	5192	5193	0.0119605880183361
chrM	5193	5194	0.00501716398204383
chrM	5194	5195	0.00295436560274334
chrM	5195	5196	0.00577973938629676
chrM	5196	5197	0.000946222993218735
chrM	5197	5198	0.000578551517382843
chrM	5198	5199	0.000631512472371329
chrM	5199	5200	0.000737230121116377
chrM	5200	5201	0.00189703325077726
chrM	5201	5202	0.00844594594594595
chrM	5202	5203	0.00441677309493401
chrM	5203	5204	0.00842936406316688
chrM	5204	5205	0.0119371169730882
chrM	5205	5206	0.00272174191482549
chrM	5206	5207	0.000746865830888237
chrM	5207	5208	0.000853105838443082
chrM	5208	5209	0.00565152484538281
chrM	5209	5210	0.00182266538007934
chrM	5210	5211	0.00107411385606874
chrM	5211	5212	0.00306418664659714
chrM	5212	5213	0.000700921981991697
chrM	5213	5214	0.00188821752265861
chrM	5214	5215	0.000162135869858942
chrM	5215	5216	0.000324324324324324
chrM	5216	5217	0.00135178976965502
chrM	5217	5218	0.000108289566300287
chrM	5218	5219	5.41477149664284e-05
chrM	5219	5220	0.00021654395842356
chrM	5220	5221	0.000216497077289457
chrM	5221	5222	0.000324640190455578
chrM	5222	5223	0.000270460323470547
chrM	5223	5224	5.40891389009087e-05
chrM	5224	5225	0.000270372573406154
chrM	5225	5226	0.000378460207612457
chrM	5226	5227	0.000162232316677482
chrM	5227	5228	0.000703120774514576
chrM	5228	5229	0.000324745615934185
chrM	5229	5230	0.000162425554953979
chrM	5230	5231	0
chrM	5231	5232	5.41477149664284e-05
chrM	5232	5233	5.41477149664284e-05
chrM	5233	5234	0.00124391563007031
chrM	5234	5235	0.000594594594594595
chrM	5235	5236	0.00043226887123791
chrM	5236	5237	0.00533433913465165
chrM	5237	5238	0
chrM	5238	5239	0.000162039537647186
chrM	5239	5240	0.000162048290390536
chrM	5240	5241	0.00113452188006483
chrM	5241	5242	0.00221753475039212
chrM	5242	5243	0.000596270598438855
chrM	5243	5244	5.42387590171937e-05
chrM	5244	5245	0.00054241701019744
chrM	5245	5246	5.42681934118413e-05
chrM	5246	5247	0
chrM	5247	5248	0
chrM	5248	5249	0
chrM	5249	5250	0
chrM	5250	5251	5.42681934118413e-05
chrM	5251	5252	5.42681934118413e-05
chrM	5252	5253	0.000108524607954854
chrM	5253	5254	0.000162769247463513
chrM	5254	5255	0.000596496936174828
chrM	5255	5256	0.000866879774611259
chrM	5256	5257	0
chrM	5257	5258	0.00059597984504524
chrM	5258	5259	0.00097497562560936
chrM	5259	5260	0.00259993500162496
chrM	5260	5261	0.000543006081668115
chrM	5261	5262	0.000325945241199478
chrM	5262	5263	0.0011948080160756
chrM	5263	5264	0.00114012704272762
chrM	5264	5265	0.000922208961701204
chrM	5265	5266	0.00021697857336588
chrM	5266	5267	0.000108506944444444
chrM	5267	5268	0.000271282079105854
chrM	5268	5269	5.42681934118413e-05
chrM	5269	5270	0
chrM	5270	5271	5.4271138608488e-05
chrM	5271	5272	0.000217084554433952
chrM	5272	5273	0.00113882863340564
chrM	5273	5274	0.000216931503877651
chrM	5274	5275	0.000271134970988558
chrM	5275	5276	0
chrM	5276	5277	5.42299349240781e-05
chrM	5277	5278	5.42299349240781e-05
chrM	5278	5279	0.00162645703442667
chrM	5279	5280	0.000922809684073391
chrM	5280	5281	0.00130349771887899
chrM	5281	5282	0.0017922120241134
chrM	5282	5283	0.00076033237386629
chrM	5283	5284	0.000542799761168105
chrM	5284	5285	0.00103059231937514
chrM	5285	5286	0.01633219470538
chrM	5286	5287	0.00181140117208311
chrM	5287	5288	0.00561559652468743
chrM	5288	5289	0.00179808556771908
chrM	5289	5290	0.00389863547758285
chrM	5290	5291	0.00498060186641502
chrM	5291	5292	0.013703588788913
chrM	5292	5293	0.000671799906981551
chrM	5293	5294	0.00991319533617546
chrM	5294	5295	0.00257347264398579
chrM	5295	5296	0.00728840527639481
chrM	5296	5297	0.0296565289756393
chrM	5297	5298	0.0145692674755064
chrM	5298	5299	0.00338583081106038
chrM	5299	5300	0.000975760065735415
chrM	5300	5301	0.0143489543581133
chrM	5301	5302	0.00153178452897626
chrM	5302	5303	0.00306138068268789
chrM	5303	5304	0.00183917441504036
chrM	5304	5305	0.00102296557720833
chrM	5305	5306	0.009499618999238
chrM	5306	5307	0.0020334502567231
chrM	5307	5308	0.00137369626049351
chrM	5308	5309	0.00132403116565667
chrM	5309	5310	0.00249694251936404
chrM	5310	5311	0.0010717566602021
chrM	5311	5312	0.0013274788113959
chrM	5312	5313	0.0119017472777918
chrM	5313	5314	0.00228264177741706
chrM	5314	5315	0.00425058192490639
chrM	5315	5316	0.00106259171178465
chrM	5316	5317	0.000556595658553863
chrM	5317	5318	0.000505970451325643
chrM	5318	5319	0.000253023632407267
chrM	5319	5320	0.00202163145658546
chrM	5320	5321	0.0393573485575709
chrM	5321	5322	0.00314580821055943
chrM	5322	5323	0.0103845953138861
chrM	5323	5324	0.00754775909635105
chrM	5324	5325	0.00823109178443858
chrM	5325	5326	0.00428896238114923
chrM	5326	5327	0.00319917440660475
chrM	5327	5328	0.00500619322873658
chrM	5328	5329	0.00274540274540275
chrM	5329	5330	0.00342625759227535
chrM	5330	5331	0.0272788796918111
chrM	5331	5332	0.00251471375066881
chrM	5332	5333	0.00369993029116843
chrM	5333	5334	0.00048433968356474
chrM	5334	5335	0.00242208945583724
chrM	5335	5336	0.00043147618790788
chrM	5336	5337	0.00512571490234164
chrM	5337	5338	0.00168112798264642
chrM	5338	5339	0.00515715759187883
chrM	5339	5340	0.00163487738419619
chrM	5340	5341	0.000818107444777748
chrM	5341	5342	0.000381991814461119
chrM	5342	5343	0.00196131844184146
chrM	5343	5344	0.000163443203486788
chrM	5344	5345	0.000544751321021953
chrM	5345	5346	0.00119884474960493
chrM	5346	5347	0.000545553737043099
chrM	5347	5348	0.000272910867310736
chrM	5348	5349	0.000436752743353169
chrM	5349	5350	0.000436824287430381
chrM	5350	5351	0.0168116876141369
chrM	5351	5352	0.000483351235230934
chrM	5352	5353	0.00176972167104628
chrM	5353	5354	0.00246371378072947
chrM	5354	5355	0.00208634248114267
chrM	5355	5356	0.0010154454598899
chrM	5356	5357	0.000641128385959288
chrM	5357	5358	0.00410710475784084
chrM	5358	5359	0.000427601689026672
chrM	5359	5360	0.00101587980537882
chrM	5360	5361	0.00144439094848339
chrM	5361	5362	0.00262368815592204
chrM	5362	5363	0.000912604681125188
chrM	5363	5364	0.00760822974710673
chrM	5364	5365	0.0125846531221671
chrM	5365	5366	0.0111811774680727
chrM	5366	5367	0.00222516556291391
chrM	5367	5368	0.0017987514548725
chrM	5368	5369	0.0264419359826813
chrM	5369	5370	0.00472230777127605
chrM	5370	5371	0.0018455859735466
chrM	5371	5372	0.00855222968845449
chrM	5372	5373	0.0118038740920097
chrM	5373	5374	0.00151522804182029
chrM	5374	5375	0.000657129858969823
chrM	5375	5376	0.00571255244932005
chrM	5376	5377	0.000914820085383208
chrM	5377	5378	0.00132228042516401
chrM	5378	5379	0.00223895786688378
chrM	5379	5380	0.000458692217522043
chrM	5380	5381	0.00101967982053635
chrM	5381	5382	0.000408288251505563
chrM	5382	5383	0.000510386362476395
chrM	5383	5384	0.000153139356814701
chrM	5384	5385	0.000612432377258344
chrM	5385	5386	0.00148027155326425
chrM	5386	5387	0.00051114291555919
chrM	5387	5388	0.000102280863250486
chrM	5388	5389	0.000255728314238953
chrM	5389	5390	0.00010231225700839
chrM	5390	5391	5.11587455875582e-05
chrM	5391	5392	0
chrM	5392	5393	0
chrM	5393	5394	0.00040920716112532
chrM	5394	5395	0.00030690537084399
chrM	5395	5396	0.000153444836581249
chrM	5396	5397	5.11456628477905e-05
chrM	5397	5398	5.11430471027464e-05
chrM	5398	5399	0
chrM	5399	5400	0.00056251598056763
chrM	5400	5401	0.00040929090350967
chrM	5401	5402	0.000153546934179548
chrM	5402	5403	0.000204750204750205
chrM	5403	5404	0
chrM	5404	5405	0
chrM	5405	5406	0
chrM	5406	5407	5.11927920548787e-05
chrM	5407	5408	0.000102375102375102
chrM	5408	5409	0
chrM	5409	5410	0
chrM	5410	5411	0
chrM	5411	5412	0
chrM	5412	5413	0
chrM	5413	5414	0.000102364622786365
chrM	5414	5415	0.000255846082996469
chrM	5415	5416	0.000664757619145019
chrM	5416	5417	0.000970625798212005
chrM	5417	5418	0.000612651248276918
chrM	5418	5419	0.000867169965313201
chrM	5419	5420	0.000102009588901357
chrM	5420	5421	0.000152998776009792
chrM	5421	5422	0.000714030703320243
chrM	5422	5423	0.00296008982341533
chrM	5423	5424	0.00204718767593019
chrM	5424	5425	0.00322960988363152
chrM	5425	5426	0.00123348923266691
chrM	5426	5427	0.000514218131331311
chrM	5427	5428	0.000719498406824956
chrM	5428	5429	0.000102780204532607
chrM	5429	5430	0.00410530096987735
chrM	5430	5431	0.000257214877308504
chrM	5431	5432	0.000360082304526749
chrM	5432	5433	0.00108002468627854
chrM	5433	5434	0.000308689612594536
chrM	5434	5435	0.00401007660274536
chrM	5435	5436	0.00139089223160931
chrM	5436	5437	0.000515145270966413
chrM	5437	5438	0.00242193136143461
chrM	5438	5439	0.000516502246784774
chrM	5439	5440	0.00113689215027647
chrM	5440	5441	0.000931050535354058
chrM	5441	5442	0.00247933884297521
chrM	5442	5443	0.000671556979026759
chrM	5443	5444	0.00413393964448119
chrM	5444	5445	0
chrM	5445	5446	0.00134896752101276
chrM	5446	5447	5.19534497090607e-05
chrM	5447	5448	5.19561490102354e-05
chrM	5448	5449	0.000415670788735322
chrM	5449	5450	0.000779706830231833
chrM	5450	5451	0.000208073241781107
chrM	5451	5452	0.000572052628841853
chrM	5452	5453	0.000623765464185466
chrM	5453	5454	0.00114226375908619
chrM	5454	5455	0.00025953802232027
chrM	5455	5456	0.00321243523316062
chrM	5456	5457	0.000103761348897536
chrM	5457	5458	0.000103761348897536
chrM	5458	5459	0.00129715145540393
chrM	5459	5460	0.0338578179363348
chrM	5460	5461	0.000805845062855915
chrM	5461	5462	0.00198924731182796
chrM	5462	5463	0.000538677009265245
chrM	5463	5464	0.00641302004742401
chrM	5464	5465	0.000162698627908238
chrM	5465	5466	0.000216966804078976
chrM	5466	5467	0.000162751586827972
chrM	5467	5468	0.00206152009982097
chrM	5468	5469	0.00146763059194434
chrM	5469	5470	0.00233822729744426
chrM	5470	5471	0.000816282107096212
chrM	5471	5472	0.00201043251467072
chrM	5472	5473	0.000108677932945715
chrM	5473	5474	0.00173667643547162
chrM	5474	5475	5.42976597708639e-05
chrM	5475	5476	0.000651536540340971
chrM	5476	5477	0.000977304810511456
chrM	5477	5478	0.00575555193571157
chrM	5478	5479	0.000109176265079972
chrM	5479	5480	0.000982586385719744
chrM	5480	5481	5.46388372855426e-05
chrM	5481	5482	0.000109283645702421
chrM	5482	5483	0.000273238974807367
chrM	5483	5484	0.00125724281185088
chrM	5484	5485	0.00273642732049037
chrM	5485	5486	0.00109745390693591
chrM	5486	5487	0.000713971880492091
chrM	5487	5488	0.00224805351463976
chrM	5488	5489	0.00240713386946769
chrM	5489	5490	0.00158426659382682
chrM	5490	5491	0.000546060175831377
chrM	5491	5492	0.00499972827563719
chrM	5492	5493	0.00492291046794698
chrM	5493	5494	0.00124331044921347
chrM	5494	5495	0.00313310285220398
chrM	5495	5496	0.00070376786487657
chrM	5496	5497	0.000433392924860502
chrM	5497	5498	0.000270988022329413
chrM	5498	5499	0.00401105750989213
chrM	5499	5500	0.0046250952225487
chrM	5500	5501	0.000710615502350497
chrM	5501	5502	0.000711043045452059
chrM	5502	5503	0.000109457092819615
chrM	5503	5504	0.000601915184678523
chrM	5504	5505	0.000492583876087789
chrM	5505	5506	0.000328425201160436
chrM	5506	5507	0.000985221674876847
chrM	5507	5508	0.00114917368939477
chrM	5508	5509	0.000273612783189231
chrM	5509	5510	0.000766073871409029
chrM	5510	5511	0.0178913388411665
chrM	5511	5512	0.00311751934532094
chrM	5512	5513	0.00307125307125307
chrM	5513	5514	0.00431300061614294
chrM	5514	5515	0.00129387938793879
chrM	5515	5516	0.00242212583788655
chrM	5516	5517	0.00846787851416958
chrM	5517	5518	0.00631614885626494
chrM	5518	5519	0.00847021118296801
chrM	5519	5520	0.00051933064050779
chrM	5520	5521	0.000692720660393696
chrM	5521	5522	0.00219424875851715
chrM	5522	5523	0.00196690963785723
chrM	5523	5524	0.00115928587989798
chrM	5524	5525	0.00063831021876632
chrM	5525	5526	0.0045858245776978
chrM	5526	5527	0.00273956633247843
chrM	5527	5528	0.000233740431251096
chrM	5528	5529	0.000175346308960196
chrM	5529	5530	0
chrM	5530	5531	0.00309832807202151
chrM	5531	5532	0.00263867714319221
chrM	5532	5533	0.00170427832628115
chrM	5533	5534	0.00135286159637668
chrM	5534	5535	0.00141151561489149
chrM	5535	5536	0.00217263652378156
chrM	5536	5537	0.0193514945573922
chrM	5537	5538	0.00143942883463842
chrM	5538	5539	0.00167156608450055
chrM	5539	5540	0.00219336219336219
chrM	5540	5541	0.0205273505261941
chrM	5541	5542	0.00395420207743154
chrM	5542	5543	0.00384729209825392
chrM	5543	5544	0.00213675213675214
chrM	5544	5545	0.00444339119616091
chrM	5545	5546	0.000533270130947443
chrM	5546	5547	0.000177756710315814
chrM	5547	5548	0.000533333333333333
chrM	5548	5549	0.000770644377260063
chrM	5549	5550	0.00172014947505783
chrM	5550	5551	0.00106945517200404
chrM	5551	5552	0.00350585299185929
chrM	5552	5553	0.00178592689605905
chrM	5553	5554	0.00238180302488984
chrM	5554	5555	0.00362814488788438
chrM	5555	5556	0.00225814119324935
chrM	5556	5557	0.00189967349361828
chrM	5557	5558	0.00195810834866196
chrM	5558	5559	0.00362168259811198
chrM	5559	5560	0.00410885488000953
chrM	5560	5561	0.00340298507462687
chrM	5561	5562	0.0118913133955645
chrM	5562	5563	0.00519155030433226
chrM	5563	5564	0.0103777501037775
chrM	5564	5565	0.000653012763431285
chrM	5565	5566	0.000475200475200475
chrM	5566	5567	0.00730924649393867
chrM	5567	5568	5.98587333892015e-05
chrM	5568	5569	0.00131689213456243
chrM	5569	5570	0.000839026728994366
chrM	5570	5571	0.000599556328317045
chrM	5571	5572	0.00119796346211441
chrM	5572	5573	0.00542506259687612
chrM	5573	5574	0.00107289741908565
chrM	5574	5575	0.00137043436811059
chrM	5575	5576	0.00149084620430556
chrM	5576	5577	0.00209030100334448
chrM	5577	5578	0.000299239930576336
chrM	5578	5579	0.000119731800766284
chrM	5579	5580	0
chrM	5580	5581	0.000119738969047476
chrM	5581	5582	0.000538793103448276
chrM	5582	5583	0.000239549646664271
chrM	5583	5584	0.000179683756588404
chrM	5584	5585	0.000359324469996407
chrM	5585	5586	0.000718218817333014
chrM	5586	5587	0.000837220428178448
chrM	5587	5588	0.000836570062742755
chrM	5588	5589	0.00411768216267828
chrM	5589	5590	0.000777837611440196
chrM	5590	5591	0.00383118826698593
chrM	5591	5592	0.00180234304595975
chrM	5592	5593	0.0068608570052961
chrM	5593	5594	0.00230275118167495
chrM	5594	5595	0.00649902818270165
chrM	5595	5596	0.00372929021214159
chrM	5596	5597	0.00546146293568974
chrM	5597	5598	0.00382550749676066
chrM	5598	5599	0.00204397646330133
chrM	5599	5600	0.000124131082423039
chrM	5600	5601	0.00037243947858473
chrM	5601	5602	6.20963735717834e-05
chrM	5602	5603	0
chrM	5603	5604	0
chrM	5604	5605	0.00018628912071535
chrM	5605	5606	0.0144693535366081
chrM	5606	5607	0.00031504001008128
chrM	5607	5608	0.000756334299760494
chrM	5608	5609	0.000378453387157815
chrM	5609	5610	0.000252397778899546
chrM	5610	5611	0.000189346124715981
chrM	5611	5612	0
chrM	5612	5613	6.31273278202134e-05
chrM	5613	5614	0.000126246686024492
chrM	5614	5615	6.31193587073155e-05
chrM	5615	5616	0.000252429635239177
chrM	5616	5617	0.000189298334174659
chrM	5617	5618	0.000693743693239152
chrM	5618	5619	0.00201460589272224
chrM	5619	5620	0.00263769390190291
chrM	5620	5621	0.00169385194479297
chrM	5621	5622	0.00119122257053292
chrM	5622	5623	0.00162815454943954
chrM	5623	5624	0.000438514063772474
chrM	5624	5625	0.00188005264147396
chrM	5625	5626	0.00232295328980412
chrM	5626	5627	0.0056635831602794
chrM	5627	5628	0.00272134675020568
chrM	5628	5629	0.00107881710877015
chrM	5629	5630	0.000571646341463415
chrM	5630	5631	0.000444585582724675
chrM	5631	5632	0.000380952380952381
chrM	5632	5633	0.000190452006094464
chrM	5633	5634	0.000126951885235496
chrM	5634	5635	0
chrM	5635	5636	0.000190391571999746
chrM	5636	5637	0
chrM	5637	5638	0
chrM	5638	5639	6.34598299276558e-05
chrM	5639	5640	0
chrM	5640	5641	0
chrM	5641	5642	6.34598299276558e-05
chrM	5642	5643	0.000317218627077782
chrM	5643	5644	6.34397005646133e-05
chrM	5644	5645	0.000634075201318876
chrM	5645	5646	0.00864298782411204
chrM	5646	5647	0.000885963802050373
chrM	5647	5648	0.00151956439154109
chrM	5648	5649	0.000887705281846427
chrM	5649	5650	0.000951776649746193
chrM	5650	5651	0
chrM	5651	5652	0.00177552314521243
chrM	5652	5653	0.00354004677918958
chrM	5653	5654	0.0269472129937246
chrM	5654	5655	0.0471443649583675
chrM	5655	5656	0.0443871546264642
chrM	5656	5657	0.0465936414640663
chrM	5657	5658	0.00684568032264912
chrM	5658	5659	0.0224112886490973
chrM	5659	5660	0.0534512404814542
chrM	5660	5661	0.151435045317221
chrM	5661	5662	0.0133589379644318
chrM	5662	5663	0.00542231491136601
chrM	5663	5664	0.00404048819094431
chrM	5664	5665	0.00332571191020578
chrM	5665	5666	0.00141154979864657
chrM	5666	5667	0.000995850622406639
chrM	5667	5668	0.0013270849749098
chrM	5668	5669	0.00153329741825867
chrM	5669	5670	0.00157310813048518
chrM	5670	5671	0.000786033427105742
chrM	5671	5672	0.000454864987801348
chrM	5672	5673	0.000289399702331735
chrM	5673	5674	0
chrM	5674	5675	0.000124038700074423
chrM	5675	5676	0.000165405450109581
chrM	5676	5677	0.000330838261444936
chrM	5677	5678	0.000372162262746558
chrM	5678	5679	0.000124043828819516
chrM	5679	5680	0
chrM	5680	5681	0.000124028443856458
chrM	5681	5682	0.000289315974374871
chrM	5682	5683	0.000867625185919683
chrM	5683	5684	4.13359788359788e-05
chrM	5684	5685	0
chrM	5685	5686	8.26753751395147e-05
chrM	5686	5687	0.00066145768737856
chrM	5687	5688	0.00277019763499545
chrM	5688	5689	0.00041437036423155
chrM	5689	5690	0.000746113989637306
chrM	5690	5691	0.000787826014844301
chrM	5691	5692	0.000248838752488388
chrM	5692	5693	0
chrM	5693	5694	8.2949691012401e-05
chrM	5694	5695	4.14782861172176e-05
chrM	5695	5696	0.000497760079641613
chrM	5696	5697	0.00161852589641434
chrM	5697	5698	0
chrM	5698	5699	0.000207831074902319
chrM	5699	5700	8.31427977551445e-05
chrM	5700	5701	0.000124703828407532
chrM	5701	5702	0.00220264317180617
chrM	5702	5703	8.32778147901399e-05
chrM	5703	5704	0.00029147235176549
chrM	5704	5705	0.000291533047353296
chrM	5705	5706	0.000208281263017579
chrM	5706	5707	0.000333291671874349
chrM	5707	5708	0.000166687502604492
chrM	5708	5709	0.000916094107849261
chrM	5709	5710	0.000166541760346407
chrM	5710	5711	0.0014552409463224
chrM	5711	5712	0.0109496562795867
chrM	5712	5713	0.000988264360716492
chrM	5713	5714	0.00107066381156317
chrM	5714	5715	0.00119430030475249
chrM	5715	5716	0.000576677513696091
chrM	5716	5717	0.00127719182597231
chrM	5717	5718	0.000948297188092686
chrM	5718	5719	0.00111358574610245
chrM	5719	5720	0.000742819412347309
chrM	5720	5721	0.000123833897465533
chrM	5721	5722	0.000123828786065134
chrM	5722	5723	0.000247606470782436
chrM	5723	5724	0.00374131480491716
chrM	5724	5725	0.000205524498520224
chrM	5725	5726	0.00098566676249538
chrM	5726	5727	0.000410593307329091
chrM	5727	5728	0.00028735632183908
chrM	5728	5729	0.00131212071510579
chrM	5729	5730	0.0244458670080819
chrM	5730	5731	0.000759756877799104
chrM	5731	5732	0.000359841669665347
chrM	5732	5733	0.000159942420728538
chrM	5733	5734	0.000239913631092807
chrM	5734	5735	0.000159942420728538
chrM	5735	5736	0.000159936025589764
chrM	5736	5737	0.000399792108103786
chrM	5737	5738	0.00171670392845736
chrM	5738	5739	0.00250916042695555
chrM	5739	5740	0.00262175260189084
chrM	5740	5741	0.00725609275179431
chrM	5741	5742	0.0175132705645318
chrM	5742	5743	0.00220409110243223
chrM	5743	5744	0.00162387875038664
chrM	5744	5745	0.0037095714672128
chrM	5745	5746	0.00247668433884138
chrM	5746	5747	0.00135622118029992
chrM	5747	5748	0.0147211040828062
chrM	5748	5749	0.0125406232077997
chrM	5749	5750	0.0103049501927407
chrM	5750	5751	0.00907778790641143
chrM	5751	5752	0.0102906253533869
chrM	5752	5753	0.0623706880337058
chrM	5753	5754	0.00871825634873025
chrM	5754	5755	0.0146406388642413
chrM	5755	5756	0.0131794368041912
chrM	5756	5757	0.0230061349693252
chrM	5757	5758	0.00411313234109316
chrM	5758	5759	0.0209406256650351
chrM	5759	5760	0.00582330189909174
chrM	5760	5761	0.00913461538461539
chrM	5761	5762	0.000485137161506571
chrM	5762	5763	0.000220623924458368
chrM	5763	5764	8.8261253309797e-05
chrM	5764	5765	0.00211817660297427
chrM	5765	5766	0.000265322366675511
chrM	5766	5767	0.000442321302193914
chrM	5767	5768	0.000442517036905921
chrM	5768	5769	0.00084108012394865
chrM	5769	5770	0.000885661146045523
chrM	5770	5771	0.000177218554782686
chrM	5771	5772	0.00137186352170642
chrM	5772	5773	0.000751779949586521
chrM	5773	5774	0.000883704489218805
chrM	5774	5775	0.00229246572322885
chrM	5775	5776	0.00145400070497004
chrM	5776	5777	0.00127730796335448
chrM	5777	5778	0.00530422584604594
chrM	5778	5779	0.00761896469154077
chrM	5779	5780	0.00143534426514723
chrM	5780	5781	0.00721382289416847
chrM	5781	5782	0.00116524966553019
chrM	5782	5783	0.000431499460625674
chrM	5783	5784	0.000258910848364546
chrM	5784	5785	4.31592576607682e-05
chrM	5785	5786	0.000258966722776123
chrM	5786	5787	0.000690637544783528
chrM	5787	5788	0.000172748866335565
chrM	5788	5789	8.63856254319281e-05
chrM	5789	5790	8.63893568312384e-05
chrM	5790	5791	0.000604699378023497
chrM	5791	5792	0.00038888648835501
chrM	5792	5793	0.000777705767984446
chrM	5793	5794	0.000129651238169325
chrM	5794	5795	0.000216038714137573
chrM	5795	5796	0
chrM	5796	5797	8.64154856550294e-05
chrM	5797	5798	0.00116585344790362
chrM	5798	5799	0.007383100902379
chrM	5799	5800	0.00650195058517555
chrM	5800	5801	0.00368667591950035
chrM	5801	5802	0.00488184213937011
chrM	5802	5803	0.031719462694062
chrM	5803	5804	0.000711029319503116
chrM	5804	5805	0.00784395102718406
chrM	5805	5806	0.00128652058432935
chrM	5806	5807	0.00219761993614463
chrM	5807	5808	0.000870177764886255
chrM	5808	5809	0.000621272365805169
chrM	5809	5810	0.000621015152769728
chrM	5810	5811	0.000538012663990399
chrM	5811	5812	0.00305330912691863
chrM	5812	5813	8.25218682950982e-05
chrM	5813	5814	0.00433275563258232
chrM	5814	5815	0.00062165858510506
chrM	5815	5816	0.00418843825163805
chrM	5816	5817	0.00328988464581685
chrM	5817	5818	0.000960976017381131
chrM	5818	5819	0.000334546062811023
chrM	5819	5820	8.36505081768372e-05
chrM	5820	5821	0
chrM	5821	5822	0.00121212121212121
chrM	5822	5823	8.3633018315631e-05
chrM	5823	5824	0.000585382170931594
chrM	5824	5825	0.00175555927102491
chrM	5825	5826	0.00304928989139515
chrM	5826	5827	0.000585406648546937
chrM	5827	5828	0.000125460020073603
chrM	5828	5829	4.18235048097031e-05
chrM	5829	5830	4.18252540884186e-05
chrM	5830	5831	0.000418270035134683
chrM	5831	5832	0.000125528264780953
chrM	5832	5833	4.18445058163863e-05
chrM	5833	5834	4.18427549269844e-05
chrM	5834	5835	0.000125512509413438
chrM	5835	5836	0.000125507258503117
chrM	5836	5837	0
chrM	5837	5838	0
chrM	5838	5839	0
chrM	5839	5840	0
chrM	5840	5841	8.36750062756255e-05
chrM	5841	5842	4.18375031378127e-05
chrM	5842	5843	4.18357528343723e-05
chrM	5843	5844	0.00025096202108081
chrM	5844	5845	0.000668812439911382
chrM	5845	5846	0.0011690534841969
chrM	5846	5847	0.0355560924538939
chrM	5847	5848	0.00192918291065472
chrM	5848	5849	0.00244950407581416
chrM	5849	5850	8.04343454655138e-05
chrM	5850	5851	0.000321763262679484
chrM	5851	5852	0.0114665057332529
chrM	5852	5853	0.000773300773300773
chrM	5853	5854	0.00304964827389908
chrM	5854	5855	0.00683983388974839
chrM	5855	5856	0.0140181169815961
chrM	5856	5857	0.00378268279502847
chrM	5857	5858	0.00312930279133809
chrM	5858	5859	0.00799430771806462
chrM	5859	5860	0.000632884688409772
chrM	5860	5861	0.000295533226378451
chrM	5861	5862	0.000337852105240931
chrM	5862	5863	0.000337966287862786
chrM	5863	5864	0.00798715293918776
chrM	5864	5865	0.000255601942574764
chrM	5865	5866	0.000724390659621612
chrM	5866	5867	0.000341122292341805
chrM	5867	5868	0.000682360968952576
chrM	5868	5869	0.00307193446539807
chrM	5869	5870	0.00038512559373529
chrM	5870	5871	0.000428082191780822
chrM	5871	5872	0.000342612419700214
chrM	5872	5873	0.000257047382400823
chrM	5873	5874	8.5704490915324e-05
chrM	5874	5875	8.57118368046627e-05
chrM	5875	5876	0.000257146530664724
chrM	5876	5877	0.0012002743484225
chrM	5877	5878	0.000171651718662833
chrM	5878	5879	0.000600703681455419
chrM	5879	5880	0.000171673819742489
chrM	5880	5881	4.29184549356223e-05
chrM	5881	5882	8.58405940169106e-05
chrM	5882	5883	8.58442784788394e-05
chrM	5883	5884	0.00107250107250107
chrM	5884	5885	0.00227204526943027
chrM	5885	5886	0.000772233901068257
chrM	5886	5887	0.000214592274678112
chrM	5887	5888	0.000343362376067642
chrM	5888	5889	0.000600884158118374
chrM	5889	5890	0.000429331959471063
chrM	5890	5891	0.00137445236663517
chrM	5891	5892	0.0026235430734162
chrM	5892	5893	0.00724418955629339
chrM	5893	5894	0.0569430569430569
chrM	5894	5895	0.0254237288135593
chrM	5895	5896	0.00623818525519849
chrM	5896	5897	0.0257276012935134
chrM	5897	5898	0.00141553180065407
chrM	5898	5899	0.000635448235409131
chrM	5899	5900	0.00283687943262411
chrM	5900	5901	0.000539559523225585
chrM	5901	5902	0.000539850804868473
chrM	5902	5903	0.00103118094770439
chrM	5903	5904	0.000983042516588842
chrM	5904	5905	0.000934487507377533
chrM	5905	5906	0.00211426885632806
chrM	5906	5907	0.0018183605268331
chrM	5907	5908	0.000147434637310792
chrM	5908	5909	0.000442216981132075
chrM	5909	5910	0.00181604005104545
chrM	5910	5911	0.00147297098247165
chrM	5911	5912	0.00398230088495575
chrM	5912	5913	0.00394866732477789
chrM	5913	5914	0.00559932609880581
chrM	5914	5915	0.00468407414789715
chrM	5915	5916	0.0377991388805447
chrM	5916	5917	0.00447404016231401
chrM	5917	5918	0.00491041111633495
chrM	5918	5919	0.00414611105279731
chrM	5919	5920	0.0269786068078828
chrM	5920	5921	0.0018408229561451
chrM	5921	5922	0.00238637596268576
chrM	5922	5923	0.00396868544090464
chrM	5923	5924	0.0689335225412073
chrM	5924	5925	0.00211019929660023
chrM	5925	5926	0.0146264097744361
chrM	5926	5927	0.0110879284649776
chrM	5927	5928	0.00958466453674121
chrM	5928	5929	0.00334753499695679
chrM	5929	5930	0.00134351145038168
chrM	5930	5931	6.11508591695713e-05
chrM	5931	5932	0.00036692759295499
chrM	5932	5933	0.000244708185488805
chrM	5933	5934	0.00152980051401297
chrM	5934	5935	0.00018385732671447
chrM	5935	5936	0.000858053444471684
chrM	5936	5937	0.00128794848206072
chrM	5937	5938	0.000736693474123642
chrM	5938	5939	0.0221075902726603
chrM	5939	5940	0.000125557159897043
chrM	5940	5941	0.000376647834274953
chrM	5941	5942	0.000188383045525903
chrM	5942	5943	0.00156946449871304
chrM	5943	5944	0.000502765208647562
chrM	5944	5945	0.000188619930839359
chrM	5945	5946	0.000314327025837682
chrM	5946	5947	0.000125715004085738
chrM	5947	5948	0.000125715004085738
chrM	5948	5949	0.000753816194484578
chrM	5949	5950	0.000565078169146732
chrM	5950	5951	0.00188040616773223
chrM	5951	5952	0.00660394990966295
chrM	5952	5953	0.0131020483484038
chrM	5953	5954	0.0155644379844961
chrM	5954	5955	0.00679781026288877
chrM	5955	5956	0.00472997245838822
chrM	5956	5957	0.0050761421319797
chrM	5957	5958	0.00065836724922193
chrM	5958	5959	0.001377080589151
chrM	5959	5960	0.00119911265663409
chrM	5960	5961	0.00138046935958226
chrM	5961	5962	0.0027642569557118
chrM	5962	5963	0.00096402964391155
chrM	5963	5964	0.000542691751085384
chrM	5964	5965	0.000482509047044632
chrM	5965	5966	0.000180973638173373
chrM	5966	5967	0.000180984555984556
chrM	5967	5968	0
chrM	5968	5969	6.03391057744524e-05
chrM	5969	5970	0.000301713734009172
chrM	5970	5971	0.000543248626788193
chrM	5971	5972	6.03901201763392e-05
chrM	5972	5973	6.03864734299517e-05
chrM	5973	5974	0
chrM	5974	5975	6.03828271239659e-05
chrM	5975	5976	0
chrM	5976	5977	0.000663770214820179
chrM	5977	5978	0.0169672520170859
chrM	5978	5979	0.138988430428996
chrM	5979	5980	0.00874472520209467
chrM	5980	5981	0.0205332668826314
chrM	5981	5982	0.0233872539465991
chrM	5982	5983	0.030985782438241
chrM	5983	5984	0.00348464870973818
chrM	5984	5985	0.01756418574474
chrM	5985	5986	0.00903392330383481
chrM	5986	5987	0.00515440195130931
chrM	5987	5988	0.00330988829127017
chrM	5988	5989	0.00229600036736006
chrM	5989	5990	0.00671171582503881
chrM	5990	5991	0.0704273650820867
chrM	5991	5992	0.0132529605403788
chrM	5992	5993	0.00226835009629788
chrM	5993	5994	0.00098551718227783
chrM	5994	5995	0.000643031680027436
chrM	5995	5996	0.00222602739726027
chrM	5996	5997	8.56494368549527e-05
chrM	5997	5998	0.000128485159964024
chrM	5998	5999	0.000257003341043434
chrM	5999	6000	0
chrM	6000	6001	0.000171350239890336
chrM	6001	6002	0.000128496166531032
chrM	6002	6003	0.000513720621601952
chrM	6003	6004	0
chrM	6004	6005	0
chrM	6005	6006	0
chrM	6006	6007	4.28100518001627e-05
chrM	6007	6008	0.000128430155400488
chrM	6008	6009	0
chrM	6009	6010	0
chrM	6010	6011	8.56237691583184e-05
chrM	6011	6012	0
chrM	6012	6013	0
chrM	6013	6014	0.00145355051088025
chrM	6014	6015	0.00204786893638807
chrM	6015	6016	0.00369803621525121
chrM	6016	6017	0.00267073636016788
chrM	6017	6018	0.0398485835232823
chrM	6018	6019	0.00377144247536396
chrM	6019	6020	0.00428092564920641
chrM	6020	6021	0.00414286863486445
chrM	6021	6022	0.00983711019953005
chrM	6022	6023	0.104199400085702
chrM	6023	6024	0.0122170827301296
chrM	6024	6025	0.00116414435389988
chrM	6025	6026	0.00564872640516455
chrM	6026	6027	0.0305855135576498
chrM	6027	6028	0.00298841987299216
chrM	6028	6029	0.000815494393476045
chrM	6029	6030	0.00699040929352965
chrM	6030	6031	0.00232605177993528
chrM	6031	6032	0.00185210129310345
chrM	6032	6033	0.000336949929240515
chrM	6033	6034	0.00013481176906744
chrM	6034	6035	6.74149728654734e-05
chrM	6035	6036	0.000134834490662712
chrM	6036	6037	0.000134848127296632
chrM	6037	6038	0.000101142914938809
chrM	6038	6039	0.00354012137559002
chrM	6039	6040	0.000203004466098254
chrM	6040	6041	0.000778210116731518
chrM	6041	6042	6.77139761646804e-05
chrM	6042	6043	6.77162688335873e-05
chrM	6043	6044	0.000135423367302028
chrM	6044	6045	0.000304692260816575
chrM	6045	6046	0.000101581281955778
chrM	6046	6047	0.00060921952210113
chrM	6047	6048	0.000406036407931244
chrM	6048	6049	0.000202997597861759
chrM	6049	6050	0.00111535471659851
chrM	6050	6051	3.37986277757123e-05
chrM	6051	6052	0
chrM	6052	6053	0.000202757502027575
chrM	6053	6054	0.0010128975622932
chrM	6054	6055	0.00013507125008442
chrM	6055	6056	3.37712336631657e-05
chrM	6056	6057	0.000101306858474319
chrM	6057	6058	6.75356250422098e-05
chrM	6058	6059	0.000472621700087773
chrM	6059	6060	0.00235801387859597
chrM	6060	6061	3.36847778488901e-05
chrM	6061	6062	0.000370495116200741
chrM	6062	6063	0.00343434343434343
chrM	6063	6064	0.000877696384566047
chrM	6064	6065	0.00266612669164051
chrM	6065	6066	0.00822009729911089
chrM	6066	6067	0.00505067398066696
chrM	6067	6068	0.00629412548288264
chrM	6068	6069	0.04022786187474
chrM	6069	6070	0.00262173482111456
chrM	6070	6071	0.00468287088655984
chrM	6071	6072	0.00203620629315007
chrM	6072	6073	0.00298403225294435
chrM	6073	6074	0.00706312669483509
chrM	6074	6075	0.00445923878909685
chrM	6075	6076	0.00951936537564162
chrM	6076	6077	0.00270010241767791
chrM	6077	6078	0.000962045743723427
chrM	6078	6079	0.00142812791058677
chrM	6079	6080	0.00136735137822804
chrM	6080	6081	0.000871080139372822
chrM	6081	6082	0.000560433401830749
chrM	6082	6083	0.000654083348906746
chrM	6083	6084	0.001371058207653
chrM	6084	6085	0.000655124005615349
chrM	6085	6086	0.00012483225665512
chrM	6086	6087	0.000343181605465947
chrM	6087	6088	0.000280706131869503
chrM	6088	6089	0.000654715510522214
chrM	6089	6090	0.000903708320349018
chrM	6090	6091	0.000654205607476636
chrM	6091	6092	0.000342647104631966
chrM	6092	6093	0.0011837637456777
chrM	6093	6094	0.000249438762783737
chrM	6094	6095	0.000529809580203821
chrM	6095	6096	0.00180482947473239
chrM	6096	6097	0.00201932337133803
chrM	6097	6098	0.00786454478164323
chrM	6098	6099	0.00473002027151545
chrM	6099	6100	0.000706106284345931
chrM	6100	6101	0.00113570091163019
chrM	6101	6102	0.00300438394800576
chrM	6102	6103	0.00135006596913258
chrM	6103	6104	0.00294912754976653
chrM	6104	6105	0.00178686958932808
chrM	6105	6106	0.00240733310700287
chrM	6106	6107	0.00940506759892337
chrM	6107	6108	0.00106186951497548
chrM	6108	6109	0.00615894453823548
chrM	6109	6110	0.0146235612302661
chrM	6110	6111	0.000637836458731981
chrM	6111	6112	0.00051033426894616
chrM	6112	6113	0.000542299349240781
chrM	6113	6114	0.00270881799929889
chrM	6114	6115	0.00292797810381592
chrM	6115	6116	0.000127311499411184
chrM	6116	6117	0.000222823491962438
chrM	6117	6118	0.000445703734360574
chrM	6118	6119	0.00105092194516098
chrM	6119	6120	0.00031878606267334
chrM	6120	6121	0.000542074551194158
chrM	6121	6122	0.000319009793600664
chrM	6122	6123	0.000351000351000351
chrM	6123	6124	0.00012766908174013
chrM	6124	6125	3.19193079894028e-05
chrM	6125	6126	6.38406537282942e-05
chrM	6126	6127	0.000223456553661495
chrM	6127	6128	9.57884989942208e-05
chrM	6128	6129	0
chrM	6129	6130	0.000191595350619492
chrM	6130	6131	0
chrM	6131	6132	0
chrM	6132	6133	3.19376576921849e-05
chrM	6133	6134	0.00028735632183908
chrM	6134	6135	6.38528829576655e-05
chrM	6135	6136	0.000191521961184883
chrM	6136	6137	0.000733628911358489
chrM	6137	6138	0.00413249411914298
chrM	6138	6139	0.00336614798348682
chrM	6139	6140	0.00063588960956378
chrM	6140	6141	0.000635727908455181
chrM	6141	6142	0.000508614660817598
chrM	6142	6143	0.000254412466210844
chrM	6143	6144	0.00213124662022458
chrM	6144	6145	0.00251816906795869
chrM	6145	6146	0.00156569529652352
chrM	6146	6147	0.00297619047619048
chrM	6147	6148	0.00866634569090034
chrM	6148	6149	0.00676703901570342
chrM	6149	6150	0.000488981614291303
chrM	6150	6151	0.000423977561802883
chrM	6151	6152	0.000652485971551612
chrM	6152	6153	0.00107709380507866
chrM	6153	6154	0.000980039854954101
chrM	6154	6155	0.00084989539748954
chrM	6155	6156	0.000294290759270159
chrM	6156	6157	0.000196168181520957
chrM	6157	6158	0.00111042163362618
chrM	6158	6159	0.0237068276941755
chrM	6159	6160	0.00143871091502014
chrM	6160	6161	0.000479570305006714
chrM	6161	6162	0.0016612357037889
chrM	6162	6163	0.00118150466215353
chrM	6163	6164	0.0152829409334986
chrM	6164	6165	0.0042966620707346
chrM	6165	6166	0.0133230601303413
chrM	6166	6167	0.0198278363478093
chrM	6167	6168	0.0139672913776975
chrM	6168	6169	0.0499580455689666
chrM	6169	6170	0.00505375979377947
chrM	6170	6171	0.0163934426229508
chrM	6171	6172	0.0151068916530959
chrM	6172	6173	0.00851333286427918
chrM	6173	6174	0.0925282054920883
chrM	6174	6175	0.0842097032722155
chrM	6175	6176	0.0499039487726788
chrM	6176	6177	0.0927839683680805
chrM	6177	6178	0.0174830369966817
chrM	6178	6179	0.000705716302046577
chrM	6179	6180	0.00110976594027441
chrM	6180	6181	0.000908953188910771
chrM	6181	6182	0.000657030223390276
chrM	6182	6183	0
chrM	6183	6184	0
chrM	6184	6185	0.000708036210994791
chrM	6185	6186	0.000354268940735867
chrM	6186	6187	0.000151883353584447
chrM	6187	6188	0.00010127095042787
chrM	6188	6189	0.000607687243631944
chrM	6189	6190	0
chrM	6190	6191	0.000202654777586382
chrM	6191	6192	5.06636943965954e-05
chrM	6192	6193	0.000557131280388979
chrM	6193	6194	0.0010126582278481
chrM	6194	6195	0.000405083801711479
chrM	6195	6196	0.00010126582278481
chrM	6196	6197	0.000151883353584447
chrM	6197	6198	5.0625221485344e-05
chrM	6198	6199	0
chrM	6199	6200	0.000354322737396234
chrM	6200	6201	0.000101255569056298
chrM	6201	6202	0
chrM	6202	6203	0.00010126582278481
chrM	6203	6204	0
chrM	6204	6205	5.06354752139349e-05
chrM	6205	6206	5.06329113924051e-05
chrM	6206	6207	0.000253100480890914
chrM	6207	6208	0.00217226572366759
chrM	6208	6209	0.00201694231544978
chrM	6209	6210	0.00487927565392354
chrM	6210	6211	0.00251547014136942
chrM	6211	6212	0.000654120962060984
chrM	6212	6213	0.00065451616151445
chrM	6213	6214	0.00664987405541562
chrM	6214	6215	0.00583193873928698
chrM	6215	6216	0.00775351968985921
chrM	6216	6217	0.0031359243265474
chrM	6217	6218	0.044969315661905
chrM	6218	6219	0.000269992980182515
chrM	6219	6220	0.00081019768823593
chrM	6220	6221	0.000162170928158279
chrM	6221	6222	0.000216262975778547
chrM	6222	6223	0.00027038719446247
chrM	6223	6224	5.40920646941094e-05
chrM	6224	6225	0.000324552388164656
chrM	6225	6226	0.000108213396818526
chrM	6226	6227	0.00091991341991342
chrM	6227	6228	0.000812435682175161
chrM	6228	6229	0.000487857762359063
chrM	6229	6230	5.42328759694127e-05
chrM	6230	6231	0.000162707452001302
chrM	6231	6232	0
chrM	6232	6233	0.000162716277051581
chrM	6233	6234	0.000162716277051581
chrM	6234	6235	0.00010848928668294
chrM	6235	6236	0.000162751586827972
chrM	6236	6237	0.00103087190060225
chrM	6237	6238	0.000217237821104654
chrM	6238	6239	0.000217285023629746
chrM	6239	6240	0.000108660219493643
chrM	6240	6241	5.4333061668025e-05
chrM	6241	6242	0.000271680069550098
chrM	6242	6243	0.000217403119734768
chrM	6243	6244	0.00016308779559663
chrM	6244	6245	0.000271857329273597
chrM	6245	6246	0.000108766586904503
chrM	6246	6247	0.000163149880356754
chrM	6247	6248	0.00557359307359307
chrM	6248	6249	0.00340044259729044
chrM	6249	6250	0.0012946380407811
chrM	6250	6251	0.000107915609992985
chrM	6251	6252	0
chrM	6252	6253	0.000971240489936869
chrM	6253	6254	0.00010801468999784
chrM	6254	6255	0.00129631630117749
chrM	6255	6256	0.000865332612222823
chrM	6256	6257	0.00151564360723179
chrM	6257	6258	0.00260219017673208
chrM	6258	6259	0.000760952277421459
chrM	6259	6260	0.000271975630983464
chrM	6260	6261	0.000326388511124408
chrM	6261	6262	0.000217568670111504
chrM	6262	6263	0.000597956077408132
chrM	6263	6264	0.0132496513249651
chrM	6264	6265	0.000268211565282695
chrM	6265	6266	0.00385170919595571
chrM	6266	6267	0.0296486090775988
chrM	6267	6268	0.0138707144726511
chrM	6268	6269	0.00600031580609506
chrM	6269	6270	0.0418861426256078
chrM	6270	6271	0.00283458189916987
chrM	6271	6272	0.00136646591426692
chrM	6272	6273	0.00363269424823411
chrM	6273	6274	0.00186454343882282
chrM	6274	6275	0.00636719141682543
chrM	6275	6276	0.0356692837065038
chrM	6276	6277	0.0108533832781059
chrM	6277	6278	0.00674221775928848
chrM	6278	6279	0.000958129730765546
chrM	6279	6280	0.00656539032922797
chrM	6280	6281	0.00028930999566035
chrM	6281	6282	0.000385746660880467
chrM	6282	6283	0.0278169344986373
chrM	6283	6284	0.00249048446971477
chrM	6284	6285	0.0008461032245934
chrM	6285	6286	0.000846421517915922
chrM	6286	6287	0.000752657822937247
chrM	6287	6288	0.00239740516147229
chrM	6288	6289	0.00663529411764706
chrM	6289	6290	0.000663192799621033
chrM	6290	6291	0.000237000521401147
chrM	6291	6292	0.0016119855869524
chrM	6292	6293	0.000569854687054801
chrM	6293	6294	0.000332604770502708
chrM	6294	6295	0.000617900090308475
chrM	6295	6296	0.00033292114524874
chrM	6296	6297	0.000190304010657025
chrM	6297	6298	0
chrM	6298	6299	0
chrM	6299	6300	0
chrM	6300	6301	4.75827940616673e-05
chrM	6301	6302	0.00080886901080078
chrM	6302	6303	0.000142829937154828
chrM	6303	6304	0.000571156592099
chrM	6304	6305	0.0002855782960495
chrM	6305	6306	0.00033311125916056
chrM	6306	6307	0.000190340233166786
chrM	6307	6308	0.00936979785969084
chrM	6308	6309	0.00119973126019772
chrM	6309	6310	0.00259453226348917
chrM	6310	6311	0.000770750036128908
chrM	6311	6312	0.000867762618714747
chrM	6312	6313	0
chrM	6313	6314	0
chrM	6314	6315	0.000144731763797761
chrM	6315	6316	4.82439212659205e-05
chrM	6316	6317	0.00019296637560905
chrM	6317	6318	0.000192947759394144
chrM	6318	6319	0.000241126543209877
chrM	6319	6320	0.000530273814114925
chrM	6320	6321	0.000770935723234075
chrM	6321	6322	0.00120336943441637
chrM	6322	6323	0.00417186151337873
chrM	6323	6324	0.0140964995269631
chrM	6324	6325	0.0129372752323572
chrM	6325	6326	0.0429222927658052
chrM	6326	6327	0.000670600858369099
chrM	6327	6328	0.00152050444971155
chrM	6328	6329	0.00125397465179811
chrM	6329	6330	0.00730908927850769
chrM	6330	6331	0.00546571506007769
chrM	6331	6332	0.00517758197838132
chrM	6332	6333	0.00497580571532913
chrM	6333	6334	0.00146802458941187
chrM	6334	6335	0.000735023888276369
chrM	6335	6336	0.000826977855370762
chrM	6336	6337	0.00105596620908131
chrM	6337	6338	0.00169646950939936
chrM	6338	6339	0.0234794780331422
chrM	6339	6340	0.00181801654395055
chrM	6340	6341	0.000909214892939946
chrM	6341	6342	0.00100090991810737
chrM	6342	6343	0.000773993808049536
chrM	6343	6344	0.00647938377888537
chrM	6344	6345	0.00562205295611172
chrM	6345	6346	0.00246047295757962
chrM	6346	6347	0.00210055253664551
chrM	6347	6348	0.000731830032474958
chrM	6348	6349	0.00233100233100233
chrM	6349	6350	0.00169305390317562
chrM	6350	6351	0.000320836006966725
chrM	6351	6352	0.000779316035573485
chrM	6352	6353	0.00196967614859603
chrM	6353	6354	0.00507034533162799
chrM	6354	6355	0.00118916941090377
chrM	6355	6356	0.000457540263543192
chrM	6356	6357	0.000274524158125915
chrM	6357	6358	9.15164271986822e-05
chrM	6358	6359	4.57561198810341e-05
chrM	6359	6360	0.00100599021445882
chrM	6360	6361	0.00105210191665523
chrM	6361	6362	0.000961582490040753
chrM	6362	6363	0.00032074780058651
chrM	6363	6364	0.000641143066495695
chrM	6364	6365	0.00137211855104281
chrM	6365	6366	0.00118813690993008
chrM	6366	6367	0.000365530476103445
chrM	6367	6368	0.000411090302836523
chrM	6368	6369	0.000137030100945508
chrM	6369	6370	0.000411071526445602
chrM	6370	6371	0.0050677989316532
chrM	6371	6372	0.0094002201027146
chrM	6372	6373	0.00240707309170023
chrM	6373	6374	0.00153118040089087
chrM	6374	6375	0.00278784499581823
chrM	6375	6376	0.00111815132314573
chrM	6376	6377	0.00139925373134328
chrM	6377	6378	4.67071461933676e-05
chrM	6378	6379	0.000233546639263861
chrM	6379	6380	0.00102779724363466
chrM	6380	6381	0
chrM	6381	6382	0.000140285246668225
chrM	6382	6383	0
chrM	6383	6384	0.000140291806958474
chrM	6384	6385	0.000140285246668225
chrM	6385	6386	0.000794578172470203
chrM	6386	6387	0.000233775949130353
chrM	6387	6388	0.000748222970445193
chrM	6388	6389	4.67967616640928e-05
chrM	6389	6390	4.67967616640928e-05
chrM	6390	6391	4.67967616640928e-05
chrM	6391	6392	0.0167947361155846
chrM	6392	6393	0.00050593321681538
chrM	6393	6394	0.000413907284768212
chrM	6394	6395	0.0003678837487354
chrM	6395	6396	0.00128682384300749
chrM	6396	6397	0.000735260328109921
chrM	6397	6398	0.00151424769421374
chrM	6398	6399	0.00146641004490881
chrM	6399	6400	0.0132606721162579
chrM	6400	6401	0.00442336631857358
chrM	6401	6402	0.00710997675584522
chrM	6402	6403	0.00168980635732554
chrM	6403	6404	0.000228686425173802
chrM	6404	6405	0.000869087915103833
chrM	6405	6406	0.00146493316242446
chrM	6406	6407	0.00394278378874014
chrM	6407	6408	0.00754855932983522
chrM	6408	6409	0.00143764782265918
chrM	6409	6410	0.00195031344323195
chrM	6410	6411	0.00139567341242149
chrM	6411	6412	0.000279511786080313
chrM	6412	6413	0.000465896384644055
chrM	6413	6414	0.00149107683705326
chrM	6414	6415	0.0135714951963436
chrM	6415	6416	0.000236294896030246
chrM	6416	6417	0.000661688250307212
chrM	6417	6418	0.00156043124645357
chrM	6418	6419	0.00132550653285363
chrM	6419	6420	0.00180043589500616
chrM	6420	6421	0.0175122205875374
chrM	6421	6422	0.00386417427425977
chrM	6422	6423	0.00208505067158027
chrM	6423	6424	0.00233236151603499
chrM	6424	6425	0.00370153906097799
chrM	6425	6426	0.00063551036370747
chrM	6426	6427	0.00850855745721271
chrM	6427	6428	0.00310574315997042
chrM	6428	6429	0.00138415146571753
chrM	6429	6430	9.89756025139803e-05
chrM	6430	6431	0.000197961001682669
chrM	6431	6432	0.00935458325084142
chrM	6432	6433	0.00229804666033871
chrM	6433	6434	0.0058084222122077
chrM	6434	6435	0.00584088620342397
chrM	6435	6436	0.0053668168700319
chrM	6436	6437	0.00248869927370613
chrM	6437	6438	0.00101574403250381
chrM	6438	6439	0.000711237553342817
chrM	6439	6440	0.000863382427628238
chrM	6440	6441	0.00420743143914432
chrM	6441	6442	0.00299006689641192
chrM	6442	6443	0.00167215606789967
chrM	6443	6444	0.00243284338570704
chrM	6444	6445	0.00761459972587441
chrM	6445	6446	0.0100731195991205
chrM	6446	6447	0.00945003872966692
chrM	6447	6448	0.0139714315504118
chrM	6448	6449	0.0304536322300941
chrM	6449	6450	0.0437888537463191
chrM	6450	6451	0.0182492158540063
chrM	6451	6452	0.00505373221028173
chrM	6452	6453	0.00233535730966838
chrM	6453	6454	0.000409644194756554
chrM	6454	6455	0.000117089163397928
chrM	6455	6456	0.000234192037470726
chrM	6456	6457	5.85582947824559e-05
chrM	6457	6458	0.000644178964628719
chrM	6458	6459	0.000351596835628479
chrM	6459	6460	0
chrM	6460	6461	0.000117240166481036
chrM	6461	6462	0.000527642610072111
chrM	6462	6463	0.000527859237536657
chrM	6463	6464	0.000234686693264492
chrM	6464	6465	0.000176046006689748
chrM	6465	6466	0.000469538678248621
chrM	6466	6467	0.00176139032409582
chrM	6467	6468	0.000882145377558222
chrM	6468	6469	0.000117723232679969
chrM	6469	6470	0.00382645552481309
chrM	6470	6471	0
chrM	6471	6472	0.00035456801796478
chrM	6472	6473	0.000236462520690471
chrM	6473	6474	0.00100520340586566
chrM	6474	6475	5.91891092039065e-05
chrM	6475	6476	0.000828549446647334
chrM	6476	6477	0.00337557740139761
chrM	6477	6478	5.94212371501575e-05
chrM	6478	6479	0.000118849536486808
chrM	6479	6480	0
chrM	6480	6481	0.000356590990134316
chrM	6481	6482	0.0697384066587396
chrM	6482	6483	0.000703010161692337
chrM	6483	6484	0.00198247745731278
chrM	6484	6485	0.00115332863458704
chrM	6485	6486	0.000641477965231894
chrM	6486	6487	6.41889723345529e-05
chrM	6487	6488	0.000705625761755084
chrM	6488	6489	0.000256558270797255
chrM	6489	6490	0.000320738982615947
chrM	6490	6491	0.000769872329505357
chrM	6491	6492	0.000320965464116061
chrM	6492	6493	0
chrM	6493	6494	6.42137032042638e-05
chrM	6494	6495	6.42178268687388e-05
chrM	6495	6496	6.42219510628733e-05
chrM	6496	6497	6.42260757867694e-05
chrM	6497	6498	0.000128452151573539
chrM	6498	6499	0.000449611407283705
chrM	6499	6500	6.42590926616116e-05
chrM	6500	6501	0
chrM	6501	6502	0
chrM	6502	6503	0
chrM	6503	6504	0
chrM	6504	6505	0.000192752505782575
chrM	6505	6506	0.000449755846826009
chrM	6506	6507	6.4279745452208e-05
chrM	6507	6508	6.4283877603497e-05
chrM	6508	6509	6.42880102860816e-05
chrM	6509	6510	0
chrM	6510	6511	6.42921435000643e-05
chrM	6511	6512	0.00077155532694657
chrM	6512	6513	0.000643459236857345
chrM	6513	6514	0.000321936771618054
chrM	6514	6515	0.000386423649127327
chrM	6515	6516	0.000386548125241593
chrM	6516	6517	6.44454469291745e-05
chrM	6517	6518	6.44412939811831e-05
chrM	6518	6519	6.44412939811831e-05
chrM	6519	6520	0
chrM	6520	6521	0.00219114519559193
chrM	6521	6522	0.000774793388429752
chrM	6522	6523	0.00103352496608746
chrM	6523	6524	0.000646621403168445
chrM	6524	6525	0.00116467162730508
chrM	6525	6526	0.00239683876400855
chrM	6526	6527	0.00123368612427764
chrM	6527	6528	0.001300136514334
chrM	6528	6529	6.50914534921565e-05
chrM	6529	6530	0
chrM	6530	6531	0
chrM	6531	6532	0
chrM	6532	6533	0.000390574143991668
chrM	6533	6534	0.000195363375879135
chrM	6534	6535	0.000390803100371263
chrM	6535	6536	0.000260637258096045
chrM	6536	6537	0
chrM	6537	6538	0.000130352603793261
chrM	6538	6539	0
chrM	6539	6540	6.51847989048954e-05
chrM	6540	6541	0
chrM	6541	6542	0.000846795205836373
chrM	6542	6543	0.000390803100371263
chrM	6543	6544	6.51508241579256e-05
chrM	6544	6545	6.51508241579256e-05
chrM	6545	6546	0.000195439739413681
chrM	6546	6547	0.000716612377850163
chrM	6547	6548	0.000130369597809791
chrM	6548	6549	0.000195579894386857
chrM	6549	6550	0.000717219795266349
chrM	6550	6551	6.52443400535004e-05
chrM	6551	6552	0.000978728957327418
chrM	6552	6553	0.00117562536738293
chrM	6553	6554	0.00071928333224351
chrM	6554	6555	0.000196296538637702
chrM	6555	6556	0.00013088148681369
chrM	6556	6557	0.000261780104712042
chrM	6557	6558	0.0003927472671336
chrM	6558	6559	0
chrM	6559	6560	0.000130967192718224
chrM	6560	6561	0
chrM	6561	6562	0
chrM	6562	6563	6.54921736852446e-05
chrM	6563	6564	6.54964631909877e-05
chrM	6564	6565	0
chrM	6565	6566	0
chrM	6566	6567	0
chrM	6567	6568	0
chrM	6568	6569	0
chrM	6569	6570	0
chrM	6570	6571	0
chrM	6571	6572	0.000131001506517325
chrM	6572	6573	0.000262037340320996
chrM	6573	6574	0
chrM	6574	6575	0.000131035838301776
chrM	6575	6576	0
chrM	6576	6577	0.00045841519318926
chrM	6577	6578	0.000196450789077336
chrM	6578	6579	0.000196437925615506
chrM	6579	6580	0.000915870731388198
chrM	6580	6581	0.00514189013277792
chrM	6581	6582	0.0117715167888846
chrM	6582	6583	0.00275835525049715
chrM	6583	6584	0.00370749169010483
chrM	6584	6585	0.00102229889463932
chrM	6585	6586	0.00236285842007791
chrM	6586	6587	0.000383680777593043
chrM	6587	6588	6.39590661976335e-05
chrM	6588	6589	0.000319693094629156
chrM	6589	6590	0.000511280117594427
chrM	6590	6591	0.00470827766113126
chrM	6591	6592	0.00165205235735163
chrM	6592	6593	0.00272514101020343
chrM	6593	6594	0.000316776482513938
chrM	6594	6595	0.00101272232419773
chrM	6595	6596	0.000189861401177141
chrM	6596	6597	0.000253084466940842
chrM	6597	6598	6.32671137542705e-05
chrM	6598	6599	0.000253068455017082
chrM	6599	6600	0.00113909631692191
chrM	6600	6601	6.33552965027876e-05
chrM	6601	6602	6.33593106507001e-05
chrM	6602	6603	0
chrM	6603	6604	0
chrM	6604	6605	6.33633253073121e-05
chrM	6605	6606	0.0001267186213014
chrM	6606	6607	0.000253373028441122
chrM	6607	6608	0.000253308846811475
chrM	6608	6609	0.000443178220955999
chrM	6609	6610	6.3323201621074e-05
chrM	6610	6611	0.000126654423405737
chrM	6611	6612	0.000379987333755541
chrM	6612	6613	0.000380083618396047
chrM	6613	6614	0.0001900779319521
chrM	6614	6615	0.000380083618396047
chrM	6615	6616	0.00151821862348178
chrM	6616	6617	0.00176812326345037
chrM	6617	6618	0.00119836013875749
chrM	6618	6619	0.000882223202470225
chrM	6619	6620	0.00169854051333669
chrM	6620	6621	0.00282290947870272
chrM	6621	6622	0.0134298799356356
chrM	6622	6623	0.000494865767660522
chrM	6623	6624	0.000185551707075705
chrM	6624	6625	0.000618352708384863
chrM	6625	6626	0.000556448621243972
chrM	6626	6627	0.000926669549638599
chrM	6627	6628	0.00240354985825219
chrM	6628	6629	0.00916086478563576
chrM	6629	6630	0.00709606986899563
chrM	6630	6631	0.00584901109503136
chrM	6631	6632	0.00414364640883978
chrM	6632	6633	0.0181078211631473
chrM	6633	6634	0.119858745326132
chrM	6634	6635	0.00997531879884821
chrM	6635	6636	0.00302471034553471
chrM	6636	6637	0.000256305105597704
chrM	6637	6638	0.000153798831128883
chrM	6638	6639	0.000461467466543609
chrM	6639	6640	0.00015389350569406
chrM	6640	6641	0.000153917192550408
chrM	6641	6642	0
chrM	6642	6643	0.000359121690950133
chrM	6643	6644	0
chrM	6644	6645	0.000102616726526424
chrM	6645	6646	0.000102621991892863
chrM	6646	6647	0.000513030987071619
chrM	6647	6648	0.000153925089789636
chrM	6648	6649	0.000307755437012721
chrM	6649	6650	0.00692746536267319
chrM	6650	6651	0.000254634345080464
chrM	6651	6652	0.00162709106625311
chrM	6652	6653	0.000101682851187147
chrM	6653	6654	0.000203324353174401
chrM	6654	6655	0.000406483410395813
chrM	6655	6656	0.00086303177987613
chrM	6656	6657	0.00590580990358892
chrM	6657	6658	0.00920414186383873
chrM	6658	6659	0.0131799782801856
chrM	6659	6660	0.0275097220221806
chrM	6660	6661	0.00786163522012579
chrM	6661	6662	0.00247418756244945
chrM	6662	6663	0.00417556346381969
chrM	6663	6664	0.000854133054949227
chrM	6664	6665	0.000711743772241993
chrM	6665	6666	0.00401853252647504
chrM	6666	6667	0.000709085752103621
chrM	6667	6668	0.000756572725553244
chrM	6668	6669	0.000804124686627879
chrM	6669	6670	0.000425914533150348
chrM	6670	6671	0.00236205593348451
chrM	6671	6672	0.00207508017355216
chrM	6672	6673	0.000801168763843725
chrM	6673	6674	0.000235593459925552
chrM	6674	6675	0.000376842997786047
chrM	6675	6676	0
chrM	6676	6677	4.71098129740425e-05
chrM	6677	6678	0.00305321997275588
chrM	6678	6679	0.000797972211791213
chrM	6679	6680	0.000656752826382699
chrM	6680	6681	0.000187617260787992
chrM	6681	6682	0.00018758206715438
chrM	6682	6683	0
chrM	6683	6684	0.000749835973380823
chrM	6684	6685	0
chrM	6685	6686	0
chrM	6686	6687	4.68669447438721e-05
chrM	6687	6688	4.68669447438721e-05
chrM	6688	6689	0
chrM	6689	6690	0
chrM	6690	6691	4.68691413573303e-05
chrM	6691	6692	9.37338894877443e-05
chrM	6692	6693	0.000468449899283272
chrM	6693	6694	0.0191600808674876
chrM	6694	6695	0.00648224230804346
chrM	6695	6696	0.00336669699727025
chrM	6696	6697	0.0360071926669883
chrM	6697	6698	0.00153266771763882
chrM	6698	6699	0.00104991469443108
chrM	6699	6700	0.000874355163067238
chrM	6700	6701	0.00888445869810176
chrM	6701	6702	0.00186042486912127
chrM	6702	6703	0.00409447461425739
chrM	6703	6704	0.00309504363151786
chrM	6704	6705	0.000387013545474092
chrM	6705	6706	0.00120440467997247
chrM	6706	6707	0.000732001377884947
chrM	6707	6708	0.00189385787457496
chrM	6708	6709	0.00745143644743076
chrM	6709	6710	0.00138840680319334
chrM	6710	6711	0.000434480361487661
chrM	6711	6712	8.69338433452143e-05
chrM	6712	6713	4.34707007476961e-05
chrM	6713	6714	0
chrM	6714	6715	0
chrM	6715	6716	0
chrM	6716	6717	0
chrM	6717	6718	0
chrM	6718	6719	4.34725905316698e-05
chrM	6719	6720	0
chrM	6720	6721	0
chrM	6721	6722	0
chrM	6722	6723	0
chrM	6723	6724	0.000521693765759499
chrM	6724	6725	0.0131787937325606
chrM	6725	6726	0
chrM	6726	6727	0.00030051946936848
chrM	6727	6728	0.000300609808468608
chrM	6728	6729	0.00309198660139139
chrM	6729	6730	0.000947336692072514
chrM	6730	6731	0.00254189823790444
chrM	6731	6732	0.00241577153703464
chrM	6732	6733	0.000518224218345137
chrM	6733	6734	0.000345393316639323
chrM	6734	6735	0.00030212784323881
chrM	6735	6736	0.00258342303552207
chrM	6736	6737	0.000129193402523578
chrM	6737	6738	4.30700318718236e-05
chrM	6738	6739	0.00051681812308885
chrM	6739	6740	8.61734671894524e-05
chrM	6740	6741	0.00193907010815702
chrM	6741	6742	0.000215870822899577
chrM	6742	6743	0.000129550459904133
chrM	6743	6744	0.000259134490800726
chrM	6744	6745	0
chrM	6745	6746	4.32002764817695e-05
chrM	6746	6747	0
chrM	6747	6748	0
chrM	6748	6749	0
chrM	6749	6750	4.32002764817695e-05
chrM	6750	6751	0.000302388872089507
chrM	6751	6752	4.32077428275147e-05
chrM	6752	6753	0.00086400552963539
chrM	6753	6754	0.000172920629431091
chrM	6754	6755	4.32376340366655e-05
chrM	6755	6756	4.32395036104985e-05
chrM	6756	6757	0.000345901072293324
chrM	6757	6758	8.6497707810743e-05
chrM	6758	6759	0.000908265213442325
chrM	6759	6760	0.000995455529106254
chrM	6760	6761	0.000519592985494696
chrM	6761	6762	0.00259168070493715
chrM	6762	6763	0.039039787357754
chrM	6763	6764	0.00190808030529285
chrM	6764	6765	0.00087079117598275
chrM	6765	6766	0.00326783867631851
chrM	6766	6767	0.00432936131612584
chrM	6767	6768	0.00795974759764095
chrM	6768	6769	0.00663817782018836
chrM	6769	6770	0.00583552165395357
chrM	6770	6771	0.00598601866968061
chrM	6771	6772	0.00306323696026184
chrM	6772	6773	0.0013015913003317
chrM	6773	6774	0.00193334173916698
chrM	6774	6775	0.00559976422045388
chrM	6775	6776	0.0235837073418579
chrM	6776	6777	0.00910588847454687
chrM	6777	6778	0.0243251520322002
chrM	6778	6779	0.0881167726336527
chrM	6779	6780	0.0205807587016034
chrM	6780	6781	0.00911748674495813
chrM	6781	6782	0.00603960396039604
chrM	6782	6783	0.0346740638002774
chrM	6783	6784	0.000526164737395963
chrM	6784	6785	0.00444550669216061
chrM	6785	6786	0.000575456768810243
chrM	6786	6787	0.00100704934541793
chrM	6787	6788	0.00115163147792706
chrM	6788	6789	0.00306601513844975
chrM	6789	6790	0.00895636764212845
chrM	6790	6791	0.0015928947241396
chrM	6791	6792	0.00260932592413626
chrM	6792	6793	0.0233267192566423
chrM	6793	6794	0.000445478394297877
chrM	6794	6795	0.000594118229527676
chrM	6795	6796	0.000842084406578165
chrM	6796	6797	0.000545283299459674
chrM	6797	6798	0.000644745325596389
chrM	6798	6799	0.000496277915632754
chrM	6799	6800	0.000148949903182563
chrM	6800	6801	0.00193538782194432
chrM	6801	6802	0.000447227191413238
chrM	6802	6803	4.97141436738752e-05
chrM	6803	6804	0.000149142431021626
chrM	6804	6805	9.94381743151196e-05
chrM	6805	6806	4.97240316244841e-05
chrM	6806	6807	0
chrM	6807	6808	0.000198906016907011
chrM	6808	6809	4.97363970953944e-05
chrM	6809	6810	0.00134274915456535
chrM	6810	6811	0.00139379760067699
chrM	6811	6812	0.00208976017514181
chrM	6812	6813	0.0133706926215406
chrM	6813	6814	0.0374597461640462
chrM	6814	6815	0.164496854101539
chrM	6815	6816	0.00511891636478186
chrM	6816	6817	0.00114092375481942
chrM	6817	6818	0.000118035882908404
chrM	6818	6819	0.000393483906508224
chrM	6819	6820	0.00255794734563772
chrM	6820	6821	0.00327364518419184
chrM	6821	6822	0.00257201646090535
chrM	6822	6823	0.00583101943673146
chrM	6823	6824	0.00215422667251765
chrM	6824	6825	0.000479731350443751
chrM	6825	6826	0.000199984001279898
chrM	6826	6827	0.000359985600575977
chrM	6827	6828	0.000240028803456415
chrM	6828	6829	0.000600096015362458
chrM	6829	6830	0.000400208108216272
chrM	6830	6831	0.000200152115607862
chrM	6831	6832	0.000640281723958542
chrM	6832	6833	0.00123935553512174
chrM	6833	6834	0.0146183852791678
chrM	6834	6835	0.00486446196696873
chrM	6835	6836	0.00058844297987525
chrM	6836	6837	0.00109834072098223
chrM	6837	6838	0.000667163769082846
chrM	6838	6839	0.000157035175879397
chrM	6839	6840	0.00047117951939689
chrM	6840	6841	0.000510685103708359
chrM	6841	6842	0.000314428329992532
chrM	6842	6843	0.000393159032828779
chrM	6843	6844	3.93313667649951e-05
chrM	6844	6845	0
chrM	6845	6846	0.000117998741346759
chrM	6846	6847	0.000275362888950081
chrM	6847	6848	0.000236090343904934
chrM	6848	6849	0.000669080604534005
chrM	6849	6850	0.000236304202276397
chrM	6850	6851	0.00023636005515068
chrM	6851	6852	7.88022064617809e-05
chrM	6852	6853	7.88053114779936e-05
chrM	6853	6854	3.94042083694539e-05
chrM	6854	6855	0
chrM	6855	6856	0.000315159155373464
chrM	6856	6857	0.000157573370100453
chrM	6857	6858	3.93933425251133e-05
chrM	6858	6859	0.00153579585728912
chrM	6859	6860	0.000275981706355464
chrM	6860	6861	0.000276057893283906
chrM	6861	6862	0.00110453648915187
chrM	6862	6863	0.000868775421553528
chrM	6863	6864	0.00355674992096111
chrM	6864	6865	0.000317258883248731
chrM	6865	6866	0.000238000793335978
chrM	6866	6867	0.000515566131271069
chrM	6867	6868	0.00272964633277949
chrM	6868	6869	0.00820090249166176
chrM	6869	6870	0.00905980247297613
chrM	6870	6871	0.00104874732957856
chrM	6871	6872	0.00209472826719423
chrM	6872	6873	0.000349338198191204
chrM	6873	6874	0.000232937339855579
chrM	6874	6875	0.000660142901522212
chrM	6875	6876	0.000271992539633199
chrM	6876	6877	0.00101041504741178
chrM	6877	6878	0.000894663139878637
chrM	6878	6879	0.000272521996418282
chrM	6879	6880	3.89408099688474e-05
chrM	6880	6881	3.894232641458e-05
chrM	6881	6882	3.894232641458e-05
chrM	6882	6883	0.000467289719626168
chrM	6883	6884	0.00015581177937052
chrM	6884	6885	0.000778998208304121
chrM	6885	6886	0.000545617522116996
chrM	6886	6887	0.000194931773879142
chrM	6887	6888	0.00467235136082233
chrM	6888	6889	3.90655519962497e-05
chrM	6889	6890	0.000468786623954997
chrM	6890	6891	0.000703454744411443
chrM	6891	6892	0.00152486706287144
chrM	6892	6893	0.000548031002896735
chrM	6893	6894	0.000234953205153307
chrM	6894	6895	0.000391665361115463
chrM	6895	6896	0.000195909411488128
chrM	6896	6897	0.000235137359407454
chrM	6897	6898	0
chrM	6898	6899	0
chrM	6899	6900	0.000195993884990788
chrM	6900	6901	0.000823335685721007
chrM	6901	6902	0.000117716303708064
chrM	6902	6903	0.00019621693744604
chrM	6903	6904	3.92510892177258e-05
chrM	6904	6905	0.000549407424848913
chrM	6905	6906	7.85052598524101e-05
chrM	6906	6907	7.84990972603815e-05
chrM	6907	6908	0
chrM	6908	6909	7.84960163271714e-05
chrM	6909	6910	0.000588396814811909
chrM	6910	6911	0.000196116885663856
chrM	6911	6912	0.000431474072330744
chrM	6912	6913	0.000392356887825166
chrM	6913	6914	0.000156973549956832
chrM	6914	6915	0.0023884103367267
chrM	6915	6916	0.00140784482421493
chrM	6916	6917	0.0011720123451967
chrM	6917	6918	0.0008977711854483
chrM	6918	6919	0.00346195736735647
chrM	6919	6920	0.00015556938394524
chrM	6920	6921	0
chrM	6921	6922	0.00225575606720597
chrM	6922	6923	0.00132527772364062
chrM	6923	6924	0.00706176114860911
chrM	6924	6925	0.00392557117060532
chrM	6925	6926	0.00295031666732229
chrM	6926	6927	0.00925492033739456
chrM	6927	6928	0.00117073170731707
chrM	6928	6929	0.000429251541403262
chrM	6929	6930	0.000195129566031845
chrM	6930	6931	0.000312219490301682
chrM	6931	6932	0.0033516504930044
chrM	6932	6933	0.0110899996122378
chrM	6933	6934	0.0040066907846112
chrM	6934	6935	0.00762942779291553
chrM	6935	6936	0.014866979655712
chrM	6936	6937	0.00352964505254809
chrM	6937	6938	0.00190748688602766
chrM	6938	6939	0.00830203597548923
chrM	6939	6940	0.00577760189948556
chrM	6940	6941	0.00473161033797217
chrM	6941	6942	0.00359453630481668
chrM	6942	6943	0.00272566939233606
chrM	6943	6944	0.00445425361155698
chrM	6944	6945	0.00261464199517297
chrM	6945	6946	0.000967273899725939
chrM	6946	6947	0.000604838709677419
chrM	6947	6948	0.00112853169964935
chrM	6948	6949	0.00964513925169795
chrM	6949	6950	0.00310809719867603
chrM	6950	6951	0.00242150294616192
chrM	6951	6952	0.0267634114428452
chrM	6952	6953	0.00648498110204894
chrM	6953	6954	0.0150897065230306
chrM	6954	6955	0.00775656324582339
chrM	6955	6956	0.00744278606965174
chrM	6956	6957	0.0354261522485822
chrM	6957	6958	0.000950884736232843
chrM	6958	6959	0.00165487567746473
chrM	6959	6960	0.000911690356802453
chrM	6960	6961	0.00663625051845707
chrM	6961	6962	0.0111472945891784
chrM	6962	6963	0.00257514353259034
chrM	6963	6964	0.00143890981421135
chrM	6964	6965	0.0027972027972028
chrM	6965	6966	0.000255004462578095
chrM	6966	6967	0.000212557922033754
chrM	6967	6968	4.25188145754496e-05
chrM	6968	6969	0.000340092675254007
chrM	6969	6970	0.00123236443991161
chrM	6970	6971	0.000977143342679922
chrM	6971	6972	0.000254863647948348
chrM	6972	6973	0.000212350293043404
chrM	6973	6974	4.24700586086809e-05
chrM	6974	6975	0.000339746039835223
chrM	6975	6976	0.000976645435244161
chrM	6976	6977	0.00191155855741048
chrM	6977	6978	0.00748872436388393
chrM	6978	6979	0.000728769237364427
chrM	6979	6980	0.000471900471900472
chrM	6980	6981	0.000300416291146303
chrM	6981	6982	0
chrM	6982	6983	8.58442784788394e-05
chrM	6983	6984	0.000686518493091908
chrM	6984	6985	0.00296073803904741
chrM	6985	6986	0.00330259489598971
chrM	6986	6987	0.000128700128700129
chrM	6987	6988	0.000814611558909278
chrM	6988	6989	0.00154142581888247
chrM	6989	6990	0.0158194473739717
chrM	6990	6991	0.0212871491753813
chrM	6991	6992	0.0224964596398948
chrM	6992	6993	0.00259077844796179
chrM	6993	6994	0.00214879383742145
chrM	6994	6995	0.00105592332372172
chrM	6995	6996	0.00711353197024511
chrM	6996	6997	0.0040104763463742
chrM	6997	6998	0.00287474332648871
chrM	6998	6999	0.0047646430625154
chrM	6999	7000	0.011251528740318
chrM	7000	7001	0.00926637801966576
chrM	7001	7002	0.0087493979772034
chrM	7002	7003	0.00718620249121686
chrM	7003	7004	0.00323018025203382
chrM	7004	7005	0.00163509471585244
chrM	7005	7006	0.0088706790246231
chrM	7006	7007	0.00199856103605404
chrM	7007	7008	0.0013206867571137
chrM	7008	7009	0.00659762485505218
chrM	7009	7010	0.00321194844822741
chrM	7010	7011	0.0488195278111244
chrM	7011	7012	0.0077622348594911
chrM	7012	7013	0.00278089071514548
chrM	7013	7014	0.0021630615640599
chrM	7014	7015	0.00399850056228914
chrM	7015	7016	0.00175482577086989
chrM	7016	7017	0.000502218130074496
chrM	7017	7018	0.000418725399882757
chrM	7018	7019	0.00113103217158177
chrM	7019	7020	0.00276775979199866
chrM	7020	7021	0.00256184116584772
chrM	7021	7022	0.0108229613287266
chrM	7022	7023	0.0221615676050026
chrM	7023	7024	0.0105229206144418
chrM	7024	7025	0.00325549616172983
chrM	7025	7026	0.00376436666533178
chrM	7026	7027	0.00287654814222932
chrM	7027	7028	0.00375564345359383
chrM	7028	7029	0.00376738407278265
chrM	7029	7030	0.00313668717577512
chrM	7030	7031	0.00217803412253459
chrM	7031	7032	0.00137340442720957
chrM	7032	7033	0.0283289458174531
chrM	7033	7034	0.00290014108794482
chrM	7034	7035	0.00588716909041288
chrM	7035	7036	0.00155951499083785
chrM	7036	7037	0.00117059466208834
chrM	7037	7038	0.00109370727705949
chrM	7038	7039	0.000234604105571848
chrM	7039	7040	0.000156433320297223
chrM	7040	7041	0.000312915591019323
chrM	7041	7042	0.0040685392379313
chrM	7042	7043	0.00282763225071673
chrM	7043	7044	0.00204740530750453
chrM	7044	7045	0.00137985412970629
chrM	7045	7046	0.00157753588894147
chrM	7046	7047	0.000710199250345236
chrM	7047	7048	0.00145784081954295
chrM	7048	7049	0.000393855848759354
chrM	7049	7050	0.000236257678374547
chrM	7050	7051	0.00240044073665985
chrM	7051	7052	0.000157685181535065
chrM	7052	7053	0.00185302002838669
chrM	7053	7054	0.00280388594897717
chrM	7054	7055	0.000633537913284498
chrM	7055	7056	0.000990491283676704
chrM	7056	7057	0.000158629441624365
chrM	7057	7058	0.00253827238835568
chrM	7058	7059	0.000715449739655789
chrM	7059	7060	0.00266211061665607
chrM	7060	7061	0.00736259800214908
chrM	7061	7062	0.000240480961923848
chrM	7062	7063	0.000481019761895218
chrM	7063	7064	0.000441129290984921
chrM	7064	7065	0.000280831260531172
chrM	7065	7066	0.00120380402070543
chrM	7066	7067	0
chrM	7067	7068	0.000361561947613691
chrM	7068	7069	0.000120559395595563
chrM	7069	7070	0.000441926800851713
chrM	7070	7071	0.000120535176182249
chrM	7071	7072	0.000321414222579349
chrM	7072	7073	0.000602385446367616
chrM	7073	7074	0.000762868385128082
chrM	7074	7075	0.000682703505883298
chrM	7075	7076	0.000682648676866241
chrM	7076	7077	0.000281147080086754
chrM	7077	7078	0.000481908357094093
chrM	7078	7079	0.0011642378256855
chrM	7079	7080	0.000923138671483042
chrM	7080	7081	0.00961958898119808
chrM	7081	7082	0.00929975962485715
chrM	7082	7083	0.0128075365929617
chrM	7083	7084	0.00661355198019802
chrM	7084	7085	0.0104924561537872
chrM	7085	7086	0.0562717265353418
chrM	7086	7087	0.00449031323556038
chrM	7087	7088	0.0154530978575565
chrM	7088	7089	0.0157393850658858
chrM	7089	7090	0.0347173177712523
chrM	7090	7091	0.00850916371476975
chrM	7091	7092	0.0114139296529234
chrM	7092	7093	0.0197071408942802
chrM	7093	7094	0.00176105663398039
chrM	7094	7095	0.000440828758065162
chrM	7095	7096	0.00160359204618345
chrM	7096	7097	0.0014052838673412
chrM	7097	7098	0.000321646831778707
chrM	7098	7099	0.000281508887637738
chrM	7099	7100	0.000683746933193903
chrM	7100	7101	0.000402430681315143
chrM	7101	7102	0.000805152979066023
chrM	7102	7103	8.05736846345983e-05
chrM	7103	7104	0.00040281973816717
chrM	7104	7105	0
chrM	7105	7106	0
chrM	7106	7107	0.000281973816717019
chrM	7107	7108	0.00712684176809737
chrM	7108	7109	0.00435095002395018
chrM	7109	7110	0.00298602540112275
chrM	7110	7111	0.00321568938822502
chrM	7111	7112	0.00213996988190537
chrM	7112	7113	0.000317057704502219
chrM	7113	7114	0.000673934588701685
chrM	7114	7115	0.00134872466182713
chrM	7115	7116	0.00178741658722593
chrM	7116	7117	0.00763966258156931
chrM	7117	7118	0.00457042055887423
chrM	7118	7119	0.00398695179412831
chrM	7119	7120	0.000606477176242267
chrM	7120	7121	0.000242728265706542
chrM	7121	7122	0.00044507384179648
chrM	7122	7123	0.000242836328314716
chrM	7123	7124	8.09519954666883e-05
chrM	7124	7125	0.00113236543050107
chrM	7125	7126	0.00109205630156933
chrM	7126	7127	0.000364328219244626
chrM	7127	7128	0.000283423759008827
chrM	7128	7129	0
chrM	7129	7130	0.000121477162293489
chrM	7130	7131	0.00258732212160414
chrM	7131	7132	0.000849686425247825
chrM	7132	7133	0.000161943319838057
chrM	7133	7134	8.09749382566096e-05
chrM	7134	7135	0
chrM	7135	7136	0.000283423759008827
chrM	7136	7137	0.000404858299595142
chrM	7137	7138	0.00306847545219638
chrM	7138	7139	0.032964010686783
chrM	7139	7140	0.0974243721461187
chrM	7140	7141	0.0293353652201018
chrM	7141	7142	0.0320319313074395
chrM	7142	7143	0.0404469777477216
chrM	7143	7144	0.012533799904565
chrM	7144	7145	0.000699589785989125
chrM	7145	7146	0.000922245190014311
chrM	7146	7147	0.00158937029149051
chrM	7147	7148	0.00158916822934876
chrM	7148	7149	0.00130378096479791
chrM	7149	7150	0.00635202947341676
chrM	7150	7151	0.00662230570855487
chrM	7151	7152	0.00242780475338615
chrM	7152	7153	0.00229943791517629
chrM	7153	7154	0.00531373297696322
chrM	7154	7155	0.0279395366125635
chrM	7155	7156	0.00688717996232126
chrM	7156	7157	0.00365574075221513
chrM	7157	7158	0.00155448468832582
chrM	7158	7159	0.0004359197907585
chrM	7159	7160	0.000498411313936826
chrM	7160	7161	0.000716734185104394
chrM	7161	7162	0.000342988993171401
chrM	7162	7163	9.35745477230193e-05
chrM	7163	7164	0.000374333218953739
chrM	7164	7165	0.000374438342486271
chrM	7165	7166	0.000124843945068664
chrM	7166	7167	0.000842092131116864
chrM	7167	7168	0.00105958613812017
chrM	7168	7169	0.000436259387367175
chrM	7169	7170	0.000529595015576324
chrM	7170	7171	0.00164908677930241
chrM	7171	7172	0.0194928200427742
chrM	7172	7173	0.00088674168297456
chrM	7173	7174	0.00523687735963951
chrM	7174	7175	0.000274139506548888
chrM	7175	7176	9.14021083419658e-05
chrM	7176	7177	0.00140162710624943
chrM	7177	7178	0.00567540353339639
chrM	7178	7179	0.00174916377696627
chrM	7179	7180	0.00230556409468183
chrM	7180	7181	0.00129405964998768
chrM	7181	7182	9.25497454881999e-05
chrM	7182	7183	0.000185116623472788
chrM	7183	7184	0.000246867863975807
chrM	7184	7185	0.00052472374837953
chrM	7185	7186	3.08823075260183e-05
chrM	7186	7187	6.17665225447807e-05
chrM	7187	7188	0.000185305290466043
chrM	7188	7189	0.000308870768470472
chrM	7189	7190	0.00364175050922783
chrM	7190	7191	0.00197768919378264
chrM	7191	7192	0.000772964783724454
chrM	7192	7193	0.000247501778919036
chrM	7193	7194	0.000216570756760101
chrM	7194	7195	0.000185632077222944
chrM	7195	7196	0.000185643564356436
chrM	7196	7197	0.000278491196583841
chrM	7197	7198	0.000185701021355617
chrM	7198	7199	0.000433369447453954
chrM	7199	7200	0.000743218134522482
chrM	7200	7201	0.000433839479392625
chrM	7201	7202	0.000124000248000496
chrM	7202	7203	0.000930088358394047
chrM	7203	7204	3.10318076027929e-05
chrM	7204	7205	9.30983118172791e-05
chrM	7205	7206	0.000248285279786475
chrM	7206	7207	0.000651910719274827
chrM	7207	7208	0.00114931817475849
chrM	7208	7209	0.000870565556695582
chrM	7209	7210	0.000342241996204225
chrM	7210	7211	3.11235605353252e-05
chrM	7211	7212	6.22471210706505e-05
chrM	7212	7213	9.33735877244857e-05
chrM	7213	7214	0
chrM	7214	7215	0
chrM	7215	7216	0.000124505867338998
chrM	7216	7217	3.11284046692607e-05
chrM	7217	7218	0.000404505569730537
chrM	7218	7219	0.00068407960199005
chrM	7219	7220	0.000279772451739252
chrM	7220	7221	0.000155404985391931
chrM	7221	7222	3.10800310800311e-05
chrM	7222	7223	9.3231400335633e-05
chrM	7223	7224	0.00146012613004443
chrM	7224	7225	0.00177018633540373
chrM	7225	7226	0.0125853898701459
chrM	7226	7227	0.0233464210208396
chrM	7227	7228	0.0169390433019206
chrM	7228	7229	0.0245361185669273
chrM	7229	7230	0.0111419004733864
chrM	7230	7231	0.00322850306996051
chrM	7231	7232	0.00135685210312076
chrM	7232	7233	0.00147398843930636
chrM	7233	7234	0.0274900167833787
chrM	7234	7235	0.00809018173165581
chrM	7235	7236	0.0156198470993854
chrM	7236	7237	0.024486066697122
chrM	7237	7238	0.0156093906093906
chrM	7238	7239	0.00405936826081441
chrM	7239	7240	0.00741943701439307
chrM	7240	7241	0.0151743607840621
chrM	7241	7242	0.00390904944947554
chrM	7242	7243	0.0034331676693696
chrM	7243	7244	0.000852654707637819
chrM	7244	7245	0.00144215011471649
chrM	7245	7246	0.00307732600013095
chrM	7246	7247	0.00281312354846096
chrM	7247	7248	0.00303921568627451
chrM	7248	7249	0.00170106971114528
chrM	7249	7250	0.000981932443047918
chrM	7250	7251	0.00088411539343135
chrM	7251	7252	0.00229192587256892
chrM	7252	7253	0.00354109970818715
chrM	7253	7254	0.00434339113553355
chrM	7254	7255	0.151495126383611
chrM	7255	7256	0.0116405824184381
chrM	7256	7257	0.0273762161736322
chrM	7257	7258	0.00951725255143366
chrM	7258	7259	0.00478390644805168
chrM	7259	7260	0.00102711585866886
chrM	7260	7261	0.00135713110708998
chrM	7261	7262	0.000452973151045956
chrM	7262	7263	0.0142527599275004
chrM	7263	7264	0.000543001545465937
chrM	7264	7265	0.00229683454439155
chrM	7265	7266	0.00117022610440089
chrM	7266	7267	0.000584990807287314
chrM	7267	7268	8.35910724734598e-05
chrM	7268	7269	0.000710464727515881
chrM	7269	7270	0.0022964509394572
chrM	7270	7271	0.0018385425371887
chrM	7271	7272	0.0011301799916283
chrM	7272	7273	0.00347760506138182
chrM	7273	7274	0.000336304018833025
chrM	7274	7275	0.0171565535511543
chrM	7275	7276	0.00282352941176471
chrM	7276	7277	0.00561966453605594
chrM	7277	7278	0.0194995685936152
chrM	7278	7279	0.000307990144315382
chrM	7279	7280	0.0021565952202808
chrM	7280	7281	0.00145547567591408
chrM	7281	7282	0.00207533006579238
chrM	7282	7283	0.00247710886008758
chrM	7283	7284	0.000133025895707698
chrM	7284	7285	0.00150642445724413
chrM	7285	7286	0.000177320684457842
chrM	7286	7287	0.00115273775216138
chrM	7287	7288	0.00221542824227923
chrM	7288	7289	0.0036231884057971
chrM	7289	7290	0.0162942683034531
chrM	7290	7291	0.000717135045493254
chrM	7291	7292	0.00174833012058995
chrM	7292	7293	0.000763358778625954
chrM	7293	7294	0.00202210838500944
chrM	7294	7295	0.0024763619990995
chrM	7295	7296	0.00284334521821546
chrM	7296	7297	0.00185553946415641
chrM	7297	7298	0.00208560029017048
chrM	7298	7299	0.000227159147698878
chrM	7299	7300	0.000227169468423444
chrM	7300	7301	0
chrM	7301	7302	4.54359580171748e-05
chrM	7302	7303	0
chrM	7303	7304	0.000454318295397756
chrM	7304	7305	0.000408923622154573
chrM	7305	7306	0.000681570338058888
chrM	7306	7307	0.000318210746431494
chrM	7307	7308	0.000318254148670152
chrM	7308	7309	4.54772840965937e-05
chrM	7309	7310	0.000409146701822976
chrM	7310	7311	9.09214892939946e-05
chrM	7311	7312	0.000227314057101291
chrM	7312	7313	0.000636595125500182
chrM	7313	7314	0.0104190363528823
chrM	7314	7315	0.00206877528503126
chrM	7315	7316	0.00179657269209508
chrM	7316	7317	0.000692137320044297
chrM	7317	7318	9.23361034164358e-05
chrM	7318	7319	0.0150060024009604
chrM	7319	7320	0.000328130127033235
chrM	7320	7321	0.00140673356466285
chrM	7321	7322	0.000234785875281743
chrM	7322	7323	0.000187872810107557
chrM	7323	7324	0.00023488514116597
chrM	7324	7325	4.6988065031482e-05
chrM	7325	7326	0.000563883276161835
chrM	7326	7327	9.40335699844845e-05
chrM	7327	7328	0.000235106032820802
chrM	7328	7329	4.70322641331954e-05
chrM	7329	7330	0
chrM	7330	7331	0.000188120208813432
chrM	7331	7332	9.40645282663907e-05
chrM	7332	7333	0
chrM	7333	7334	0
chrM	7334	7335	0
chrM	7335	7336	9.40689525422134e-05
chrM	7336	7337	0.00014110342881332
chrM	7337	7338	0.00014110342881332
chrM	7338	7339	0.000517208952416776
chrM	7339	7340	0.00416783740751147
chrM	7340	7341	0.033013314011412
chrM	7341	7342	0.0358047332110733
chrM	7342	7343	0.00243934311974561
chrM	7343	7344	0.00234762194591775
chrM	7344	7345	0.00886869997836902
chrM	7345	7346	0.00757116898849182
chrM	7346	7347	0.00824652777777778
chrM	7347	7348	0.0169617162291794
chrM	7348	7349	0.005350904347057
chrM	7349	7350	0.00497822028624767
chrM	7350	7351	0.0127684271619269
chrM	7351	7352	0.015368620892284
chrM	7352	7353	0.0144129257321215
chrM	7353	7354	0.00344586728754366
chrM	7354	7355	0.00242865816636308
chrM	7355	7356	0.000608357901633207
chrM	7356	7357	0.000608500280846284
chrM	7357	7358	0.000140449438202247
chrM	7358	7359	0.000842381130662673
chrM	7359	7360	0.00042136804157498
chrM	7360	7361	0.000234192037470726
chrM	7361	7362	0.000140548137737175
chrM	7362	7363	0.000140567894292943
chrM	7363	7364	4.68625521345892e-05
chrM	7364	7365	0
chrM	7365	7366	9.37207122774133e-05
chrM	7366	7367	9.3711929528629e-05
chrM	7367	7368	9.37031484257871e-05
chrM	7368	7369	0.000281030444964871
chrM	7369	7370	0.000234148168961319
chrM	7370	7371	0.000421308866211029
chrM	7371	7372	0.00107557052001496
chrM	7372	7373	4.67661226207735e-05
chrM	7373	7374	9.3532245241547e-05
chrM	7374	7375	9.35278713056491e-05
chrM	7375	7376	0.000233765019402497
chrM	7376	7377	0.00645820749895461
chrM	7377	7378	0.00504092864079915
chrM	7378	7379	0.00249169435215947
chrM	7379	7380	0.000645637336284818
chrM	7380	7381	0.000691371681415929
chrM	7381	7382	0.00445403618330425
chrM	7382	7383	0.00179162072767365
chrM	7383	7384	0.00326692127179865
chrM	7384	7385	0.00373892171344165
chrM	7385	7386	0.0562864819790605
chrM	7386	7387	0.00186503067484663
chrM	7387	7388	0.0020649982791681
chrM	7388	7389	0.000344844573624316
chrM	7389	7390	0.000394205183798167
chrM	7390	7391	9.85901607019619e-05
chrM	7391	7392	0.000788799053441136
chrM	7392	7393	9.8672850165277e-05
chrM	7393	7394	0.00167752121570949
chrM	7394	7395	0.000642482949490956
chrM	7395	7396	0.000939617229612779
chrM	7396	7397	0.000148500148500148
chrM	7397	7398	0.000445522498886194
chrM	7398	7399	0.000247561519037481
chrM	7399	7400	0.00128623726130405
chrM	7400	7401	0.00158180919426594
chrM	7401	7402	0.000296647878967665
chrM	7402	7403	0.000395432751717661
chrM	7403	7404	0.00148089643597591
chrM	7404	7405	0.000444137386498223
chrM	7405	7406	9.87020678083206e-05
chrM	7406	7407	0.0010353498003254
chrM	7407	7408	4.9299940840071e-05
chrM	7408	7409	9.8599881680142e-05
chrM	7409	7410	0.000246487552378605
chrM	7410	7411	0.000640583423672021
chrM	7411	7412	0.000689451393676746
chrM	7412	7413	0.000393894633185623
chrM	7413	7414	0.00039383645941023
chrM	7414	7415	0.000344606901983951
chrM	7415	7416	0.000246208390781958
chrM	7416	7417	0.000394011032308905
chrM	7417	7418	0.00339968466692944
chrM	7418	7419	0.00118653285212834
chrM	7419	7420	0.00311834876008514
chrM	7420	7421	0.00203554761195512
chrM	7421	7422	0.00039791096742104
chrM	7422	7423	0
chrM	7423	7424	0.000149246306153923
chrM	7424	7425	0.00034813746456458
chrM	7425	7426	0.000248632521133764
chrM	7426	7427	0
chrM	7427	7428	0.000248607796340493
chrM	7428	7429	0.000546692510312609
chrM	7429	7430	0
chrM	7430	7431	0
chrM	7431	7432	0.00168717745136959
chrM	7432	7433	0.000644745325596389
chrM	7433	7434	0.00024791749305831
chrM	7434	7435	0
chrM	7435	7436	0
chrM	7436	7437	4.95810402102236e-05
chrM	7437	7438	0
chrM	7438	7439	0
chrM	7439	7440	9.91522482772297e-05
chrM	7440	7441	0.000148706255576485
chrM	7441	7442	0
chrM	7442	7443	0.000446052435941914
chrM	7443	7444	0.000198294665873488
chrM	7444	7445	0.000247892910262766
chrM	7445	7446	0.000148765248437965
chrM	7446	7447	0.000495957942766453
chrM	7447	7448	0.00153815619728094
chrM	7448	7449	0.0102811165193206
chrM	7449	7450	0.00120264582080577
chrM	7450	7451	0.000350806855768267
chrM	7451	7452	0.000300691590658515
chrM	7452	7453	5.01177767754222e-05
chrM	7453	7454	0.000150330727600722
chrM	7454	7455	0.000701402805611222
chrM	7455	7456	0.00025062656641604
chrM	7456	7457	5.01378791677112e-05
chrM	7457	7458	0
chrM	7458	7459	0.000150421179302046
chrM	7459	7460	5.01454217229967e-05
chrM	7460	7461	0.000100290843445993
chrM	7461	7462	0
chrM	7462	7463	0
chrM	7463	7464	5.01504513540622e-05
chrM	7464	7465	0
chrM	7465	7466	5.01529665479713e-05
chrM	7466	7467	0.00015044380923725
chrM	7467	7468	0.00015044380923725
chrM	7468	7469	0
chrM	7469	7470	0
chrM	7470	7471	0
chrM	7471	7472	0
chrM	7472	7473	0
chrM	7473	7474	0.000150466445982546
chrM	7474	7475	5.01605136436597e-05
chrM	7475	7476	0
chrM	7476	7477	5.01605136436597e-05
chrM	7477	7478	0.00451467268623025
chrM	7478	7479	0
chrM	7479	7480	0.000201562106324011
chrM	7480	7481	5.04006854493221e-05
chrM	7481	7482	0.000755895988711953
chrM	7482	7483	0.000151263046437755
chrM	7483	7484	5.04286434694907e-05
chrM	7484	7485	0.00267231382040034
chrM	7485	7486	0.000656997018244302
chrM	7486	7487	0.000606765434595743
chrM	7487	7488	0.000505944852011131
chrM	7488	7489	0.000658061250316376
chrM	7489	7490	0.00121537448726389
chrM	7490	7491	0.00693987133377235
chrM	7491	7492	0.00371955569142974
chrM	7492	7493	0.00388488473138067
chrM	7493	7494	0.00153940886699507
chrM	7494	7495	0.00601295097132285
chrM	7495	7496	0.00237812128418549
chrM	7496	7497	0.00269444012643142
chrM	7497	7498	0.00166259676832753
chrM	7498	7499	0.0016128193122106
chrM	7499	7500	0.000833463562014898
chrM	7500	7501	0.000260647448261482
chrM	7501	7502	5.21403618541113e-05
chrM	7502	7503	0
chrM	7503	7504	5.21430806132026e-05
chrM	7504	7505	0.000417057658221249
chrM	7505	7506	0
chrM	7506	7507	0
chrM	7507	7508	0.000104269850372765
chrM	7508	7509	0.000104258979304593
chrM	7509	7510	0.000468945393914131
chrM	7510	7511	0.00010420465794821
chrM	7511	7512	0.000260457363129656
chrM	7512	7513	0.00176797878425459
chrM	7513	7514	0.000103987937399262
chrM	7514	7515	0.000207943439384487
chrM	7515	7516	0
chrM	7516	7517	0
chrM	7517	7518	0.000207943439384487
chrM	7518	7519	0.00678861999274499
chrM	7519	7520	0.00560980677332225
chrM	7520	7521	0.00427261358899541
chrM	7521	7522	0.00365363536719035
chrM	7522	7523	0.000366166239472721
chrM	7523	7524	0.000209248796819418
chrM	7524	7525	0.00230185718022495
chrM	7525	7526	0.0007340219157972
chrM	7526	7527	0.00272836979904507
chrM	7527	7528	0.0028410585573736
chrM	7528	7529	0.00153010077560281
chrM	7529	7530	0.000581211032442143
chrM	7530	7531	0.000105725009250938
chrM	7531	7532	0
chrM	7532	7533	0
chrM	7533	7534	5.28652992175936e-05
chrM	7534	7535	0
chrM	7535	7536	5.28625046254692e-05
chrM	7536	7537	0
chrM	7537	7538	0
chrM	7538	7539	0.000317175027752815
chrM	7539	7540	0.000158637829834488
chrM	7540	7541	0.0001057753331923
chrM	7541	7542	0.000211573045593991
chrM	7542	7543	0.000105803311643654
chrM	7543	7544	0.000158713363665221
chrM	7544	7545	0.000264508279109136
chrM	7545	7546	0.00026445231924684
chrM	7546	7547	0.000211517106445984
chrM	7547	7548	0.00021147237642083
chrM	7548	7549	0.000317107975265578
chrM	7549	7550	0.000317007449675067
chrM	7550	7551	0.00031692372702303
chrM	7551	7552	0.000369666244190959
chrM	7552	7553	0.000369685767097967
chrM	7553	7554	0.00295000790180688
chrM	7554	7555	0.0495689655172414
chrM	7555	7556	0.0524686949483407
chrM	7556	7557	0.0203700242945244
chrM	7557	7558	0.00339930151338766
chrM	7558	7559	0.00366521295351211
chrM	7559	7560	0.00194642691630364
chrM	7560	7561	0.0112224077165646
chrM	7561	7562	0.010362937259683
chrM	7562	7563	0.0157737672303538
chrM	7563	7564	0.00635103926096998
chrM	7564	7565	0.00266305137268193
chrM	7565	7566	0.000728190688868392
chrM	7566	7567	0.000291488534784299
chrM	7567	7568	9.71911750413062e-05
chrM	7568	7569	0.000145800933125972
chrM	7569	7570	0
chrM	7570	7571	4.86050354816759e-05
chrM	7571	7572	4.86050354816759e-05
chrM	7572	7573	4.86073980459826e-05
chrM	7573	7574	9.72195216799533e-05
chrM	7574	7575	4.86121238636916e-05
chrM	7575	7576	9.72242477273832e-05
chrM	7576	7577	0.000388821385176185
chrM	7577	7578	0.000388802488335925
chrM	7578	7579	0.000243013365735115
chrM	7579	7580	4.86026731470231e-05
chrM	7580	7581	0.000874168325967656
chrM	7581	7582	0.0273079467069829
chrM	7582	7583	0.000708382526564345
chrM	7583	7584	0.000141703273345614
chrM	7584	7585	0.000425129900803023
chrM	7585	7586	0
chrM	7586	7587	0.000425290615253757
chrM	7587	7588	9.45492365149151e-05
chrM	7588	7589	0.000756465415346792
chrM	7589	7590	0.000425813777441332
chrM	7590	7591	0.000141991669822037
chrM	7591	7592	4.73372781065089e-05
chrM	7592	7593	9.46700747893591e-05
chrM	7593	7594	4.73327968949685e-05
chrM	7594	7595	0
chrM	7595	7596	0.00042583392476934
chrM	7596	7597	0.000141951358001325
chrM	7597	7598	0.000141971511050116
chrM	7598	7599	0.000141991669822037
chrM	7599	7600	0.000142011834319527
chrM	7600	7601	0
chrM	7601	7602	0
chrM	7602	7603	0
chrM	7603	7604	0
chrM	7604	7605	4.7341760166643e-05
chrM	7605	7606	0.000520488312671525
chrM	7606	7607	4.73148805299267e-05
chrM	7607	7608	0.000189232661557385
chrM	7608	7609	4.73081653893462e-05
chrM	7609	7610	0
chrM	7610	7611	0.000331141492028951
chrM	7611	7612	0.00132481665483795
chrM	7612	7613	0.000947463167369369
chrM	7613	7614	0.000474180852577173
chrM	7614	7615	0.000332036808651931
chrM	7615	7616	0.000758833293810766
chrM	7616	7617	0.000237214156940886
chrM	7617	7618	0
chrM	7618	7619	0.00023719165085389
chrM	7619	7620	0.0098172765277843
chrM	7620	7621	0.000281809215161336
chrM	7621	7622	9.39452299309503e-05
chrM	7622	7623	0.00164365548980934
chrM	7623	7624	0.000376151965394019
chrM	7624	7625	0.00032916392363397
chrM	7625	7626	0.000376275810168854
chrM	7626	7627	0.00903189387524697
chrM	7627	7628	0.0140477433439324
chrM	7628	7629	0.00341756919374248
chrM	7629	7630	0.00198019801980198
chrM	7630	7631	0.000677441207780896
chrM	7631	7632	0.00300067757235505
chrM	7632	7633	0.000776359842787132
chrM	7633	7634	0.000194231329513451
chrM	7634	7635	9.71250971250971e-05
chrM	7635	7636	0.000242824534991015
chrM	7636	7637	0
chrM	7637	7638	0.00038848152284757
chrM	7638	7639	0.00145510986079449
chrM	7639	7640	0.00116301608838922
chrM	7640	7641	0.00923076923076923
chrM	7641	7642	0.0286756794685877
chrM	7642	7643	0.00489556135770235
chrM	7643	7644	0.0049795234549516
chrM	7644	7645	0.029371770465053
chrM	7645	7646	0.00235774200861483
chrM	7646	7647	0.00344593062797552
chrM	7647	7648	0.00581633116735584
chrM	7648	7649	0.011601881880053
chrM	7649	7650	0.0120059106021426
chrM	7650	7651	0.00247420755333551
chrM	7651	7652	0.0105151009820271
chrM	7652	7653	0.0994507567816863
chrM	7653	7654	0.0187089579977698
chrM	7654	7655	0.00391010865986171
chrM	7655	7656	0.0120795542359784
chrM	7656	7657	0.00284564413187528
chrM	7657	7658	0.00138475949985745
chrM	7658	7659	0.00211821255448287
chrM	7659	7660	0.00616607845523508
chrM	7660	7661	0.00380767205411755
chrM	7661	7662	0.00158118791810257
chrM	7662	7663	0.00182348650619985
chrM	7663	7664	0.000364756423765907
chrM	7664	7665	0.0100730395697889
chrM	7665	7666	0.00104262742110117
chrM	7666	7667	8.02053256336221e-05
chrM	7667	7668	0
chrM	7668	7669	8.01988932552731e-05
chrM	7669	7670	8.01956774529853e-05
chrM	7670	7671	0.000561099755520821
chrM	7671	7672	0.000240480961923848
chrM	7672	7673	0.000280617358188014
chrM	7673	7674	0.000721298337006612
chrM	7674	7675	0.000840874509489869
chrM	7675	7676	0
chrM	7676	7677	0.0021982414068745
chrM	7677	7678	0.000119947223221782
chrM	7678	7679	0.000119956815546403
chrM	7679	7680	3.99888031351222e-05
chrM	7680	7681	0.00127969287371031
chrM	7681	7682	0.0123318385650224
chrM	7682	7683	0.000526955816781516
chrM	7683	7684	0.000446120777061281
chrM	7684	7685	8.11457783908792e-05
chrM	7685	7686	0.00178520712459934
chrM	7686	7687	8.12875955129247e-05
chrM	7687	7688	0.000243862786538774
chrM	7688	7689	0.000691056910569106
chrM	7689	7690	0.00183023549029975
chrM	7690	7691	0.00224041712493381
chrM	7691	7692	0.000530677225782749
chrM	7692	7693	0.000326743996079072
chrM	7693	7694	8.1712698153293e-05
chrM	7694	7695	0
chrM	7695	7696	0.000204256709832918
chrM	7696	7697	0.000816359851422507
chrM	7697	7698	0.00179277186977957
chrM	7698	7699	0.0235139651468131
chrM	7699	7700	0.000397709195036589
chrM	7700	7701	3.9769337840525e-05
chrM	7701	7702	7.95323497832743e-05
chrM	7702	7703	0.00055668217424152
chrM	7703	7704	0.00115354017501989
chrM	7704	7705	0.000437950392164669
chrM	7705	7706	0.000477859190825104
chrM	7706	7707	0.000438089927914294
chrM	7707	7708	0.000159311773140035
chrM	7708	7709	0.000597181304243968
chrM	7709	7710	0.00471623335447051
chrM	7710	7711	0.0015039379427712
chrM	7711	7712	0.00205411811179143
chrM	7712	7713	0.00122316919191919
chrM	7713	7714	0.000473298098919303
chrM	7714	7715	7.88830164865504e-05
chrM	7715	7716	3.94430639372066e-05
chrM	7716	7717	0.00011831985801617
chrM	7717	7718	0.000236602389684136
chrM	7718	7719	0.000827781938586464
chrM	7719	7720	0.00634833011316588
chrM	7720	7721	0.00123006110626141
chrM	7721	7722	0.00135065347793271
chrM	7722	7723	0.00111371862694404
chrM	7723	7724	0.000955604220585308
chrM	7724	7725	0.0020703933747412
chrM	7725	7726	0.00147451480492568
chrM	7726	7727	0.00263252363288261
chrM	7727	7728	0.00443698285166087
chrM	7728	7729	0.00100357271887921
chrM	7729	7730	0.000361591000401768
chrM	7730	7731	0.000803374171520386
chrM	7731	7732	0.00080327737167644
chrM	7732	7733	0.0011640041743598
chrM	7733	7734	0.00574735581720215
chrM	7734	7735	0.00748811410459588
chrM	7735	7736	0.0203954538377705
chrM	7736	7737	0.00647562914420877
chrM	7737	7738	0.00123963740605873
chrM	7738	7739	0.000658557371968699
chrM	7739	7740	0.000348756103231807
chrM	7740	7741	0.00820242977636772
chrM	7741	7742	0.0031920277161431
chrM	7742	7743	0.00288341645885287
chrM	7743	7744	0.00986155155077732
chrM	7744	7745	0.0163434797516096
chrM	7745	7746	0.00273618606065212
chrM	7746	7747	0.00397516468539411
chrM	7747	7748	0.00234377953351227
chrM	7748	7749	0.0026456026304849
chrM	7749	7750	0.00242204056917953
chrM	7750	7751	0.0024251610458507
chrM	7751	7752	0.00608097899984892
chrM	7752	7753	0.0441068275456151
chrM	7753	7754	0.10884656157029
chrM	7754	7755	0.0486068111455108
chrM	7755	7756	0.0362013389536325
chrM	7756	7757	0.0170955815060219
chrM	7757	7758	0.00319785817870821
chrM	7758	7759	0.0031646747831267
chrM	7759	7760	0.00134258223316178
chrM	7760	7761	0.00298652331354762
chrM	7761	7762	0.00832959808755416
chrM	7762	7763	0.00394484727805538
chrM	7763	7764	0.0085560287965022
chrM	7764	7765	0.00391233334599461
chrM	7765	7766	0.00323957618720939
chrM	7766	7767	0.00561926605504587
chrM	7767	7768	0.0021507854207474
chrM	7768	7769	0.00607867874756279
chrM	7769	7770	0.000191138805000191
chrM	7770	7771	0.00187080024434942
chrM	7771	7772	0.0012987012987013
chrM	7772	7773	0.000267676188291079
chrM	7773	7774	0.000344220913332823
chrM	7774	7775	0.000420794919857695
chrM	7775	7776	0.000879642023941561
chrM	7776	7777	0.000229533282325937
chrM	7777	7778	0.000956169203702287
chrM	7778	7779	0.0024437741036313
chrM	7779	7780	0.0233165454206305
chrM	7780	7781	0.00530750102067327
chrM	7781	7782	0.00842810349269442
chrM	7782	7783	0.000441452378324688
chrM	7783	7784	0.000330991872310691
chrM	7784	7785	0.00483357135010436
chrM	7785	7786	0.000476050974073532
chrM	7786	7787	0.00230263157894737
chrM	7787	7788	0.0123264893001735
chrM	7788	7789	0.00709373087033236
chrM	7789	7790	0.00212589629949915
chrM	7790	7791	0.00126062527013399
chrM	7791	7792	0.0011526131902172
chrM	7792	7793	0.000108147080028839
chrM	7793	7794	0.000108154877784988
chrM	7794	7795	0.00165783688326666
chrM	7795	7796	0.000396896987191052
chrM	7796	7797	0.00101010101010101
chrM	7797	7798	0.00151465974250784
chrM	7798	7799	0.00622100758747168
chrM	7799	7800	0.0039153705233665
chrM	7800	7801	0.000646319569120287
chrM	7801	7802	0.00032313657906075
chrM	7802	7803	0.000717875089734386
chrM	7803	7804	0.00261780104712042
chrM	7804	7805	0.000754039497307002
chrM	7805	7806	0.00100556652899982
chrM	7806	7807	0.00053898670499461
chrM	7807	7808	3.59518245550962e-05
chrM	7808	7809	3.59531171352556e-05
chrM	7809	7810	0.000143812468541023
chrM	7810	7811	0.000143827981733846
chrM	7811	7812	0.000107874865156419
chrM	7812	7813	0.000395384781280328
chrM	7813	7814	0.00290301770482403
chrM	7814	7815	0.0074358700679546
chrM	7815	7816	0.00234333392508432
chrM	7816	7817	0.000567839017638499
chrM	7817	7818	0.000283869136328153
chrM	7818	7819	0.000390209294075913
chrM	7819	7820	0.00177355278093076
chrM	7820	7821	0.00127913587265492
chrM	7821	7822	0.00096058061761776
chrM	7822	7823	0.000534169011075104
chrM	7823	7824	0.000534397377890199
chrM	7824	7825	0.00170921910052345
chrM	7825	7826	0.00117600940807526
chrM	7826	7827	0.000142714428428714
chrM	7827	7828	0.000606601248884924
chrM	7828	7829	0.00121285627653123
chrM	7829	7830	0.0223989951852627
chrM	7830	7831	0.011148310495979
chrM	7831	7832	0.0175117084096925
chrM	7832	7833	0.0188950091804373
chrM	7833	7834	0.0250106115518987
chrM	7834	7835	0.0128955108108982
chrM	7835	7836	0.024167748883469
chrM	7836	7837	0.0109133224304944
chrM	7837	7838	0.0191124780316344
chrM	7838	7839	0.00932467697791356
chrM	7839	7840	0.0222158107328332
chrM	7840	7841	0.015926071569013
chrM	7841	7842	0.0292590373477132
chrM	7842	7843	0.00894724212402729
chrM	7843	7844	0.00435714779721972
chrM	7844	7845	0.00651669035321848
chrM	7845	7846	0.00550215907508009
chrM	7846	7847	0.00175045511833077
chrM	7847	7848	0.00164808191317764
chrM	7848	7849	0.00941044278240107
chrM	7849	7850	0.00343764397349116
chrM	7850	7851	0.000462304409672831
chrM	7851	7852	0.00149237821127812
chrM	7852	7853	0.00106511396719449
chrM	7853	7854	0.00216197058302321
chrM	7854	7855	0.0305178049200069
chrM	7855	7856	0.0038102430317177
chrM	7856	7857	0.00130485543575304
chrM	7857	7858	0.00151192357913545
chrM	7858	7859	0.000791248107884959
chrM	7859	7860	0.00850404544672061
chrM	7860	7861	0.00440987534289385
chrM	7861	7862	0.00558016252223346
chrM	7862	7863	0.00354149865002279
chrM	7863	7864	0.00232165470662727
chrM	7864	7865	0.00397663288288288
chrM	7865	7866	0.02
chrM	7866	7867	0.0285733517315653
chrM	7867	7868	0.0124655120832364
chrM	7868	7869	0.00195779134589859
chrM	7869	7870	0.000530767954884724
chrM	7870	7871	0.000398062761228687
chrM	7871	7872	0.00126095035837537
chrM	7872	7873	0.0042189887715102
chrM	7873	7874	0.00273506554150962
chrM	7874	7875	0.00381245401645375
chrM	7875	7876	0.00845949847259055
chrM	7876	7877	0.00033855841825507
chrM	7877	7878	0.000304785126485827
chrM	7878	7879	0.00118555653411016
chrM	7879	7880	0.000440872248787601
chrM	7880	7881	0.00115355906900997
chrM	7881	7882	0.000577426038517713
chrM	7882	7883	0.000951571792693288
chrM	7883	7884	0.0019724536643428
chrM	7884	7885	0.0014986886474335
chrM	7885	7886	0.000375183328217197
chrM	7886	7887	0.000102361130066876
chrM	7887	7888	0.000102371608940454
chrM	7888	7889	6.82547266398198e-05
chrM	7889	7890	6.8259385665529e-05
chrM	7890	7891	0.000272990957174544
chrM	7891	7892	0.00248519098522503
chrM	7892	7893	0.000714747626016814
chrM	7893	7894	0.000238314097981139
chrM	7894	7895	0.000238289760348584
chrM	7895	7896	0.000204206657137023
chrM	7896	7897	0
chrM	7897	7898	0.000102103328568511
chrM	7898	7899	3.40379182409204e-05
chrM	7899	7900	0.000306268291022936
chrM	7900	7901	0.00690518904647463
chrM	7901	7902	0.000610024739892229
chrM	7902	7903	0.00118587788845971
chrM	7903	7904	0.00023729617953151
chrM	7904	7905	3.39006034307411e-05
chrM	7905	7906	0.000745787992813316
chrM	7906	7907	0.000508750508750509
chrM	7907	7908	0.000882073551363821
chrM	7908	7909	0.000373501748667278
chrM	7909	7910	0.000169825419468786
chrM	7910	7911	0.000101898712679596
chrM	7911	7912	0
chrM	7912	7913	0.000169825419468786
chrM	7913	7914	0
chrM	7914	7915	0.000203804347826087
chrM	7915	7916	0.000339696990284666
chrM	7916	7917	6.79532481652623e-05
chrM	7917	7918	0.000509476258406358
chrM	7918	7919	0.00608251951475011
chrM	7919	7920	0.0253227244214071
chrM	7920	7921	0.00329663084327817
chrM	7921	7922	0.00121911037891269
chrM	7922	7923	0.00177766073015769
chrM	7923	7924	0.00108609794628752
chrM	7924	7925	0.00332510288065844
chrM	7925	7926	0.00208085612366231
chrM	7926	7927	0.00277961614824619
chrM	7927	7928	0.00653529723991507
chrM	7928	7929	0.00267129691465206
chrM	7929	7930	0.000703093611892326
chrM	7930	7931	0.00780543365381394
chrM	7931	7932	0.00128283032880967
chrM	7932	7933	0.0200108166576528
chrM	7933	7934	0.00103476821192053
chrM	7934	7935	0.00217526413921691
chrM	7935	7936	0.000449842555105713
chrM	7936	7937	0.000242331925500242
chrM	7937	7938	0.000380873238461272
chrM	7938	7939	0.000138537734215357
chrM	7939	7940	0.000415656390717007
chrM	7940	7941	0.000381163588481929
chrM	7941	7942	0.000173316232798364
chrM	7942	7943	0.00169855795895729
chrM	7943	7944	0.00187480470784293
chrM	7944	7945	0.000347838185676023
chrM	7945	7946	0.00034794711203897
chrM	7946	7947	0.00368939473043055
chrM	7947	7948	6.98689956331878e-05
chrM	7948	7949	6.98738776508402e-05
chrM	7949	7950	0.000209636281052374
chrM	7950	7951	0.000349467062729338
chrM	7951	7952	0.00157315154693235
chrM	7952	7953	3.50140056022409e-05
chrM	7953	7954	0.00280112044817927
chrM	7954	7955	0.000421215205868932
chrM	7955	7956	0.00122845810957846
chrM	7956	7957	0.000386330909984898
chrM	7957	7958	3.51209918168089e-05
chrM	7958	7959	0
chrM	7959	7960	0.000280977802753582
chrM	7960	7961	0.000245924676784711
chrM	7961	7962	0.00112402964628192
chrM	7962	7963	0.00119398791965164
chrM	7963	7964	0.00631850869231306
chrM	7964	7965	0.00971982013144241
chrM	7965	7966	0.00265755504935459
chrM	7966	7967	0.00120656370656371
chrM	7967	7968	0.003230795669359
chrM	7968	7969	0.00308906813111378
chrM	7969	7970	0.00261231224005775
chrM	7970	7971	0.00587326120556414
chrM	7971	7972	0.00519400110071546
chrM	7972	7973	0.00541043490247433
chrM	7973	7974	0.00286523059928197
chrM	7974	7975	0.04
chrM	7975	7976	0.00433893929070893
chrM	7976	7977	0.0123841225527041
chrM	7977	7978	0.00767539908471767
chrM	7978	7979	0.00625451916124367
chrM	7979	7980	0.0653373687021542
chrM	7980	7981	0.0177519206384724
chrM	7981	7982	0.0213587820949784
chrM	7982	7983	0.0220994475138122
chrM	7983	7984	0.00470077029429192
chrM	7984	7985	0.0161533576758216
chrM	7985	7986	0.00600976081958617
chrM	7986	7987	0.00259655955858487
chrM	7987	7988	0.00109827530100879
chrM	7988	7989	0.00362363095965148
chrM	7989	7990	0.00318679522797843
chrM	7990	7991	0.00159829515183804
chrM	7991	7992	0.000328339831725836
chrM	7992	7993	0.00135479103374661
chrM	7993	7994	0.000493279072635343
chrM	7994	7995	0.000205600559233521
chrM	7995	7996	8.22436055596677e-05
chrM	7996	7997	0.000698668420187407
chrM	7997	7998	0.000739371534195933
chrM	7998	7999	0.00077993514223554
chrM	7999	8000	0.00168060337760289
chrM	8000	8001	0.00090119613304932
chrM	8001	8002	0.00179922306276835
chrM	8002	8003	0.00984283862605314
chrM	8003	8004	0.00295331337486852
chrM	8004	8005	0.00218596931546776
chrM	8005	8006	0.0010132944228275
chrM	8006	8007	0.000446229361892012
chrM	8007	8008	0.000121753246753247
chrM	8008	8009	4.05893574704712e-05
chrM	8009	8010	8.11787149409425e-05
chrM	8010	8011	0.000730104648332928
chrM	8011	8012	0.000689124001783615
chrM	8012	8013	0.000324214792299899
chrM	8013	8014	0.00101226869660283
chrM	8014	8015	0.00974494706448508
chrM	8015	8016	0.0282162204294789
chrM	8016	8017	0.0541875552934238
chrM	8017	8018	0.0159283044882261
chrM	8018	8019	0.0202339888339675
chrM	8019	8020	0.00558797524314766
chrM	8020	8021	0.00590696529657888
chrM	8021	8022	0.00601188395665851
chrM	8022	8023	0.000104858441104509
chrM	8023	8024	0.00206091937962834
chrM	8024	8025	0.00132857842108943
chrM	8025	8026	0.00482433141059255
chrM	8026	8027	0.00263065591020694
chrM	8027	8028	0.000738059255614522
chrM	8028	8029	0.000703061834288326
chrM	8029	8030	0.000421881591899873
chrM	8030	8031	0.000702938282018839
chrM	8031	8032	0.000702740688685875
chrM	8032	8033	0.0073295870999267
chrM	8033	8034	0.00125588697017268
chrM	8034	8035	0.000383823580725078
chrM	8035	8036	0.00208979136916165
chrM	8036	8037	0.000452803901079763
chrM	8037	8038	0.000487855873436248
chrM	8038	8039	0.00216155911166893
chrM	8039	8040	0.000803521520402459
chrM	8040	8041	0.00150291845793576
chrM	8041	8042	0.00247982955537704
chrM	8042	8043	0.0103038770520433
chrM	8043	8044	0.00246783007227217
chrM	8044	8045	0.00275248782553462
chrM	8045	8046	0.001695753550484
chrM	8046	8047	0.0267835058831843
chrM	8047	8048	0.00961050264742148
chrM	8048	8049	0.0161804004832156
chrM	8049	8050	0.0207992260753088
chrM	8050	8051	0.00524375878709579
chrM	8051	8052	0.00324687726803927
chrM	8052	8053	0.0032957768069288
chrM	8053	8054	0.00311442633035989
chrM	8054	8055	0.00331700543834613
chrM	8055	8056	0.0011609457838319
chrM	8056	8057	0.000193715857580102
chrM	8057	8058	0.000581260172053011
chrM	8058	8059	7.75434243176179e-05
chrM	8059	8060	0.00023263929277655
chrM	8060	8061	0.000891991467907698
chrM	8061	8062	0.00279481406723081
chrM	8062	8063	0.00144024912417283
chrM	8063	8064	0.000116940827941062
chrM	8064	8065	7.79635910030016e-05
chrM	8065	8066	7.79666302822392e-05
chrM	8066	8067	0.000311890838206628
chrM	8067	8068	0.000194992590281569
chrM	8068	8069	0.000117018371884386
chrM	8069	8070	0.000195053444643832
chrM	8070	8071	0.000117054898747513
chrM	8071	8072	0
chrM	8072	8073	3.90213446755375e-05
chrM	8073	8074	0.000195068664169788
chrM	8074	8075	7.8021377857533e-05
chrM	8075	8076	0.00101360570737983
chrM	8076	8077	0.00050698073473208
chrM	8077	8078	0.000312146396660034
chrM	8078	8079	0.000117091448421217
chrM	8079	8080	3.90350534780233e-05
chrM	8080	8081	0.000156140213912093
chrM	8081	8082	0.00257661526449346
chrM	8082	8083	0.00113502935420744
chrM	8083	8084	0.000548546352166758
chrM	8084	8085	0.0574721655951074
chrM	8085	8086	0.000124781632143748
chrM	8086	8087	0.00311993011356546
chrM	8087	8088	0.000459021866132532
chrM	8088	8089	0.000542729511960923
chrM	8089	8090	0.0019608661187367
chrM	8090	8091	0.000459271011648783
chrM	8091	8092	0.000584795321637427
chrM	8092	8093	0.00100300902708124
chrM	8093	8094	0.00455952480548816
chrM	8094	8095	0.000378198932638568
chrM	8095	8096	0.000882798049436691
chrM	8096	8097	0.00105183439919219
chrM	8097	8098	0.0142766898294378
chrM	8098	8099	0.000896746092749167
chrM	8099	8100	0.000598009482721797
chrM	8100	8101	0.000854591291714737
chrM	8101	8102	0.000726930642264603
chrM	8102	8103	0.00158329410757842
chrM	8103	8104	0.0043714910213003
chrM	8104	8105	0.0210055096418733
chrM	8105	8106	0.0100246218782976
chrM	8106	8107	0.0110143897672766
chrM	8107	8108	0.00471486304445442
chrM	8108	8109	0.000947354175125186
chrM	8109	8110	9.03097624853247e-05
chrM	8110	8111	0
chrM	8111	8112	4.51589595375723e-05
chrM	8112	8113	4.5160998961297e-05
chrM	8113	8114	0
chrM	8114	8115	9.03260771384699e-05
chrM	8115	8116	0
chrM	8116	8117	0
chrM	8117	8118	0
chrM	8118	8119	0
chrM	8119	8120	0
chrM	8120	8121	0
chrM	8121	8122	0
chrM	8122	8123	9.03342366757001e-05
chrM	8123	8124	0.00523985906585961
chrM	8124	8125	0.000227045681591136
chrM	8125	8126	0.00204387518735523
chrM	8126	8127	0.000364099763335154
chrM	8127	8128	0.000227645237661628
chrM	8128	8129	0.00054619936276741
chrM	8129	8130	0.000955892393827666
chrM	8130	8131	0.000683433570256971
chrM	8131	8132	0.000820681165367255
chrM	8132	8133	0.00451745379876797
chrM	8133	8134	0.000504217088375504
chrM	8134	8135	0.00715432240311855
chrM	8135	8136	0.00822094956585997
chrM	8136	8137	0.00279329608938547
chrM	8137	8138	0.00186601977980967
chrM	8138	8139	0.012678879410805
chrM	8139	8140	0.0109724511419826
chrM	8140	8141	0.00475014250427513
chrM	8141	8142	0.00138134705153853
chrM	8142	8143	0.00119229301793209
chrM	8143	8144	0.00205289792800535
chrM	8144	8145	0.00841662283008943
chrM	8145	8146	0.00390493178421636
chrM	8146	8147	0.00387071801819237
chrM	8147	8148	0.00276793085028893
chrM	8148	8149	0.0010225446754638
chrM	8149	8150	0.000877321245796169
chrM	8150	8151	0.00760938490805327
chrM	8151	8152	0.00176921564772951
chrM	8152	8153	0.00732979142070051
chrM	8153	8154	0.0104919330891814
chrM	8154	8155	0.00359766152001199
chrM	8155	8156	0.00180369758003908
chrM	8156	8157	0.00130293159609121
chrM	8157	8158	0.000651531098080489
chrM	8158	8159	0.000751917389342824
chrM	8159	8160	0.00145414431128717
chrM	8160	8161	0.0061722199919711
chrM	8161	8162	0.0236137040213936
chrM	8162	8163	0.00594100325463657
chrM	8163	8164	0.00971630468668814
chrM	8164	8165	0.00960025180988354
chrM	8165	8166	0.00376059322033898
chrM	8166	8167	0.0262108565048647
chrM	8167	8168	0.0153963747543132
chrM	8168	8169	0.00454696684041255
chrM	8169	8170	0.00311942959001783
chrM	8170	8171	0.000111756817165847
chrM	8171	8172	5.58846540739913e-05
chrM	8172	8173	5.58846540739913e-05
chrM	8173	8174	0.000111769308147983
chrM	8174	8175	0.00044707723259193
chrM	8175	8176	0.00245385087279014
chrM	8176	8177	0.000501868064462165
chrM	8177	8178	0.000613565372601517
chrM	8178	8179	0
chrM	8179	8180	0.00011161337128188
chrM	8180	8181	0.000223214285714286
chrM	8181	8182	0.000223239200803661
chrM	8182	8183	5.58222619180529e-05
chrM	8183	8184	5.58253782169374e-05
chrM	8184	8185	0.000390799464046449
chrM	8185	8186	5.5847202055177e-05
chrM	8186	8187	5.5847202055177e-05
chrM	8187	8188	0.000390930414386239
chrM	8188	8189	0
chrM	8189	8190	0
chrM	8190	8191	0.00011172560192168
chrM	8191	8192	5.58659217877095e-05
chrM	8192	8193	0.000111738085926588
chrM	8193	8194	0
chrM	8194	8195	0.000111738085926588
chrM	8195	8196	0
chrM	8196	8197	0
chrM	8197	8198	0
chrM	8198	8199	0
chrM	8199	8200	0
chrM	8200	8201	0
chrM	8201	8202	0.00011172560192168
chrM	8202	8203	5.58596804826276e-05
chrM	8203	8204	0
chrM	8204	8205	0.000111719360965255
chrM	8205	8206	0
chrM	8206	8207	0.00726566833056018
chrM	8207	8208	0
chrM	8208	8209	0
chrM	8209	8210	0.000221840164161721
chrM	8210	8211	0.0002218647734206
chrM	8211	8212	0.000166435506241331
chrM	8212	8213	0.000554877372100766
chrM	8213	8214	0.000555185431934266
chrM	8214	8215	0.000333296300411065
chrM	8215	8216	0.000111135807957324
chrM	8216	8217	0
chrM	8217	8218	0
chrM	8218	8219	0
chrM	8219	8220	0
chrM	8220	8221	0
chrM	8221	8222	0
chrM	8222	8223	0.000111148160497944
chrM	8223	8224	0
chrM	8224	8225	0
chrM	8225	8226	0
chrM	8226	8227	0
chrM	8227	8228	5.55802578923966e-05
chrM	8228	8229	0.000111154337798033
chrM	8229	8230	0
chrM	8230	8231	5.55740802489719e-05
chrM	8231	8232	0
chrM	8232	8233	0.000111135807957324
chrM	8233	8234	0.000166703711935986
chrM	8234	8235	0.000222283967768825
chrM	8235	8236	0.000222271615914648
chrM	8236	8237	0.000111141983884412
chrM	8237	8238	0.000111141983884412
chrM	8238	8239	0
chrM	8239	8240	0.000277777777777778
chrM	8240	8241	0.00249445676274945
chrM	8241	8242	5.54446662231093e-05
chrM	8242	8243	0
chrM	8243	8244	0
chrM	8244	8245	0.000110883184565061
chrM	8245	8246	0
chrM	8246	8247	5.54415922825304e-05
chrM	8247	8248	5.54385186827808e-05
chrM	8248	8249	0.000332520505431168
chrM	8249	8250	0.00049853209992799
chrM	8250	8251	0.000110772639158128
chrM	8251	8252	5.5386319579064e-05
chrM	8252	8253	0.000442918835123464
chrM	8253	8254	0
chrM	8254	8255	0.000166066980348741
chrM	8255	8256	0.000387360965082176
chrM	8256	8257	0.000110668437361664
chrM	8257	8258	0.000165984286820848
chrM	8258	8259	0.000442477876106195
chrM	8259	8260	0
chrM	8260	8261	0.00138098657681047
chrM	8261	8262	0
chrM	8262	8263	0.000994200497100249
chrM	8263	8264	0.000276334696584503
chrM	8264	8265	0.000331583310306715
chrM	8265	8266	0.000718271727719763
chrM	8266	8267	0
chrM	8267	8268	0.000331583310306715
chrM	8268	8269	0.000221116639027087
chrM	8269	8270	0.00127170186884883
chrM	8270	8271	0.00254650132860939
chrM	8271	8272	0.000721380611508795
chrM	8272	8273	0.000555092978073827
chrM	8273	8274	5.55247084952804e-05
chrM	8274	8275	0
chrM	8275	8276	0.000444123688447233
chrM	8276	8277	0
chrM	8277	8278	0.000277638958298628
chrM	8278	8279	5.55432126194179e-05
chrM	8279	8280	0.000222185191356996
chrM	8280	8281	5.55586421467859e-05
chrM	8281	8282	0
chrM	8282	8283	0
chrM	8283	8284	5.5561729081009e-05
chrM	8284	8285	5.5561729081009e-05
chrM	8285	8286	5.5561729081009e-05
chrM	8286	8287	0
chrM	8287	8288	5.55648163582819e-05
chrM	8288	8289	0
chrM	8289	8290	5.55679039786619e-05
chrM	8290	8291	0
chrM	8291	8292	0
chrM	8292	8293	0.000166694449074846
chrM	8293	8294	0
chrM	8294	8295	0
chrM	8295	8296	0
chrM	8296	8297	0.000111123458162018
chrM	8297	8298	0.000166657407921782
chrM	8298	8299	0.000111092595678498
chrM	8299	8300	0.000499666888740839
chrM	8300	8301	0.00011102475852115
chrM	8301	8302	0
chrM	8302	8303	0.00011101243339254
chrM	8303	8304	0.000499306518723994
chrM	8304	8305	0.000886868798847071
chrM	8305	8306	0.00110735839654504
chrM	8306	8307	5.53679198272521e-05
chrM	8307	8308	5.53679198272521e-05
chrM	8308	8309	0
chrM	8309	8310	0
chrM	8310	8311	0
chrM	8311	8312	0.000110735839654504
chrM	8312	8313	5.53709856035437e-05
chrM	8313	8314	0.000221434898139947
chrM	8314	8315	0.000442673749446658
chrM	8315	8316	0.00193295410614679
chrM	8316	8317	0.00363176140428108
chrM	8317	8318	0.00432829278983125
chrM	8318	8319	0.000711743772241993
chrM	8319	8320	0.000328389250725193
chrM	8320	8321	0.000218878248974008
chrM	8321	8322	0.00087474714340386
chrM	8322	8323	0.00158314226443935
chrM	8323	8324	0
chrM	8324	8325	0.000436585898275486
chrM	8325	8326	0.000109134562916076
chrM	8326	8327	0.0345663399725998
chrM	8327	8328	0.000158086104231438
chrM	8328	8329	5.26925914216461e-05
chrM	8329	8330	0.00142135186355022
chrM	8330	8331	0.000210626086040756
chrM	8331	8332	0.000105301953351235
chrM	8332	8333	0.000105290866017373
chrM	8333	8334	0.00073649324004419
chrM	8334	8335	0.00052578999947421
chrM	8335	8336	0.000420455142691964
chrM	8336	8337	0.00120734908136483
chrM	8337	8338	0.000419771224682548
chrM	8338	8339	0.00744752877454299
chrM	8339	8340	0
chrM	8340	8341	0.000260335311881704
chrM	8341	8342	0
chrM	8342	8343	5.20670623763407e-05
chrM	8343	8344	0.000156209320489456
chrM	8344	8345	0
chrM	8345	8346	0.000208268249505363
chrM	8346	8347	0.000104123281965848
chrM	8347	8348	0
chrM	8348	8349	5.20589307095632e-05
chrM	8349	8350	5.20589307095632e-05
chrM	8350	8351	0
chrM	8351	8352	5.20589307095632e-05
chrM	8352	8353	0
chrM	8353	8354	0.000156152404747033
chrM	8354	8355	0.000468237864835336
chrM	8355	8356	0.000104042032981324
chrM	8356	8357	0.00948111506157572
chrM	8357	8358	0.00195422987914631
chrM	8358	8359	0.00236006361910625
chrM	8359	8360	0.00117864097570975
chrM	8360	8361	0.000409794078475566
chrM	8361	8362	0
chrM	8362	8363	0.00499490316004078
chrM	8363	8364	0.000203832042397065
chrM	8364	8365	0.000152850664900392
chrM	8365	8366	0.000763747454175153
chrM	8366	8367	0.000407207574060878
chrM	8367	8368	0.000254439977609282
chrM	8368	8369	0.000457782299084435
chrM	8369	8370	0.000762388818297332
chrM	8370	8371	0.00218074855462014
chrM	8371	8372	0.00227698223953853
chrM	8372	8373	0.000505765729314182
chrM	8373	8374	0.00822714959365907
chrM	8374	8375	0.000200642054574639
chrM	8375	8376	0.000200611866191885
chrM	8376	8377	0.000351053159478435
chrM	8377	8378	0.00190294957183635
chrM	8378	8379	5.00851447460683e-05
chrM	8379	8380	0.00339507713814968
chrM	8380	8381	4.99375780274657e-05
chrM	8381	8382	0.000149797773006441
chrM	8382	8383	4.99300978629918e-05
chrM	8383	8384	9.98502246630055e-05
chrM	8384	8385	9.98402555910543e-05
chrM	8385	8386	0.000498952200379204
chrM	8386	8387	0.00481652515020607
chrM	8387	8388	0.000248212867355044
chrM	8388	8389	0.00242670364500792
chrM	8389	8390	0.000198078637218976
chrM	8390	8391	0.00163156333432216
chrM	8391	8392	0.000395413206801107
chrM	8392	8393	0.00123426314490249
chrM	8393	8394	0.000394808271233282
chrM	8394	8395	0.000444005920078934
chrM	8395	8396	0.000887398935121278
chrM	8396	8397	0.00162473536507311
chrM	8397	8398	0.0031455814410695
chrM	8398	8399	0.00122898436731885
chrM	8399	8400	0.000442412623506857
chrM	8400	8401	0.00206074284873166
chrM	8401	8402	0.000343356060234463
chrM	8402	8403	0.00527060660777902
chrM	8403	8404	0.0150495239926916
chrM	8404	8405	0.00172827652424388
chrM	8405	8406	0.000479984640491504
chrM	8406	8407	0.00100758084636791
chrM	8407	8408	0.000191993856196602
chrM	8408	8409	4.80053766021794e-05
chrM	8409	8410	4.80053766021794e-05
chrM	8410	8411	0.000815504173462535
chrM	8411	8412	0.00138928810961004
chrM	8412	8413	0.000813747546790484
chrM	8413	8414	0.000239280245022971
chrM	8414	8415	0.00238754655715786
chrM	8415	8416	0.000668544959648536
chrM	8416	8417	0.000143328077970474
chrM	8417	8418	0.000238880129950791
chrM	8418	8419	0.000859434682964095
chrM	8419	8420	0.00023872045834328
chrM	8420	8421	0.0205312879992517
chrM	8421	8422	4.67661226207735e-05
chrM	8422	8423	0
chrM	8423	8424	4.67661226207735e-05
chrM	8424	8425	9.35278713056491e-05
chrM	8425	8426	9.35191246609932e-05
chrM	8426	8427	0.000280478683620045
chrM	8427	8428	0.000140219677494742
chrM	8428	8429	0.000700607192900514
chrM	8429	8430	0.000233503012188857
chrM	8430	8431	0.015857694429123
chrM	8431	8432	0
chrM	8432	8433	0.00220143093010457
chrM	8433	8434	0.00169406162721487
chrM	8434	8435	0.000823497117760088
chrM	8435	8436	0.000182974246374823
chrM	8436	8437	0.000502926115581565
chrM	8437	8438	0.00346273008930199
chrM	8438	8439	0.00449061054159485
chrM	8439	8440	0.000453432483903147
chrM	8440	8441	0.00217558808865521
chrM	8441	8442	0.0138471879901412
chrM	8442	8443	0.000627859000807247
chrM	8443	8444	0.000269215237582447
chrM	8444	8445	0.00192868356133662
chrM	8445	8446	0.00250952274254985
chrM	8446	8447	0.000358519315228108
chrM	8447	8448	0.000358438998163
chrM	8448	8449	0.000179195412597437
chrM	8449	8450	0.00534735528719754
chrM	8450	8451	0.000222756838634946
chrM	8451	8452	0.000222707229076656
chrM	8452	8453	0.000267201068804275
chrM	8453	8454	4.45354947893471e-05
chrM	8454	8455	8.90670229347584e-05
chrM	8455	8456	4.45335114673792e-05
chrM	8456	8457	4.4531528322052e-05
chrM	8457	8458	0.000133576739837036
chrM	8458	8459	4.45235975066785e-05
chrM	8459	8460	0.000178062678062678
chrM	8460	8461	4.45136879590474e-05
chrM	8461	8462	0.000133523233042549
chrM	8462	8463	8.90075656430797e-05
chrM	8463	8464	0.000400373682103296
chrM	8464	8465	0.000222400142336091
chrM	8465	8466	8.89600569344364e-05
chrM	8466	8467	0.000266808964781217
chrM	8467	8468	0.000799822261719618
chrM	8468	8469	4.44345700955343e-05
chrM	8469	8470	0.0122893258426966
chrM	8470	8471	0.0022772060433545
chrM	8471	8472	0.000831364312592982
chrM	8472	8473	0.00187797528060445
chrM	8473	8474	0.00391849529780564
chrM	8474	8475	0.00472720964524243
chrM	8475	8476	0.00714839376453363
chrM	8476	8477	0.00373278414210323
chrM	8477	8478	0.00167052171678232
chrM	8478	8479	0.000684902187406361
chrM	8479	8480	0.0561638854095115
chrM	8480	8481	0.00173457039128681
chrM	8481	8482	0.00201296348484238
chrM	8482	8483	0.000201255836419256
chrM	8483	8484	0.000241448692152918
chrM	8484	8485	0.000844356881508584
chrM	8485	8486	4.02058539723384e-05
chrM	8486	8487	0
chrM	8487	8488	0
chrM	8488	8489	4.02042375266353e-05
chrM	8489	8490	4.02042375266353e-05
chrM	8490	8491	0.000321543408360129
chrM	8491	8492	0.000281271346486117
chrM	8492	8493	0.000200867748674273
chrM	8493	8494	0.00276431232723048
chrM	8494	8495	0.000120173049190835
chrM	8495	8496	0
chrM	8496	8497	0.000800544370171717
chrM	8497	8498	0.000200128081972462
chrM	8498	8499	0.0017982017982018
chrM	8499	8500	0
chrM	8500	8501	0.000519293760485739
chrM	8501	8502	7.98977309044423e-05
chrM	8502	8503	0.000199720391451967
chrM	8503	8504	3.99456738835184e-05
chrM	8504	8505	0.00215259507294906
chrM	8505	8506	0.000797035029689555
chrM	8506	8507	3.98708185479048e-05
chrM	8507	8508	0.000199322304165836
chrM	8508	8509	0.00087638927618213
chrM	8509	8510	0.000597300203082069
chrM	8510	8511	0.00210635084651459
chrM	8511	8512	0.00142964933878718
chrM	8512	8513	0.000158931977113795
chrM	8513	8514	0
chrM	8514	8515	0
chrM	8515	8516	0.000516344282480041
chrM	8516	8517	0.000119146908137734
chrM	8517	8518	0
chrM	8518	8519	0.00348294150241431
chrM	8519	8520	0
chrM	8520	8521	0
chrM	8521	8522	0
chrM	8522	8523	0
chrM	8523	8524	0.000118741341777162
chrM	8524	8525	7.91640278657378e-05
chrM	8525	8526	0.000197870909018956
chrM	8526	8527	0.000158271673327266
chrM	8527	8528	0.000197800458897065
chrM	8528	8529	3.95585268404605e-05
chrM	8529	8530	0.00031638060586886
chrM	8530	8531	0.000790357636830666
chrM	8531	8532	7.90295175247955e-05
chrM	8532	8533	0.000316018171044835
chrM	8533	8534	0.000394866732477789
chrM	8534	8535	0.000710311353143128
chrM	8535	8536	0.000552202895120893
chrM	8536	8537	0.000118315191670611
chrM	8537	8538	0.000394228494835607
chrM	8538	8539	0.000118254562655209
chrM	8539	8540	0.0230668515095502
chrM	8540	8541	0.00203681641750894
chrM	8541	8542	0.000537737660841175
chrM	8542	8543	0.00130423107905942
chrM	8543	8544	0.00256361201453989
chrM	8544	8545	7.65228037955311e-05
chrM	8545	8546	0.000114771031791576
chrM	8546	8547	3.82555470543229e-05
chrM	8547	8548	7.65052406089817e-05
chrM	8548	8549	0.000191241155096577
chrM	8549	8550	0.00187230140231554
chrM	8550	8551	0.00118433619866285
chrM	8551	8552	0.0031236905260752
chrM	8552	8553	0.000456916574648745
chrM	8553	8554	0.00136908157444381
chrM	8554	8555	0.00193614517292434
chrM	8555	8556	0.00393328542793389
chrM	8556	8557	0.000491493383742911
chrM	8557	8558	0.00124631769771131
chrM	8558	8559	0.00894728960766697
chrM	8559	8560	0.000561377245508982
chrM	8560	8561	0.000935593727779649
chrM	8561	8562	0.00473615513705016
chrM	8562	8563	0.00108136326347975
chrM	8563	8564	0.000223805438472155
chrM	8564	8565	0.000298373862449649
chrM	8565	8566	3.72967328062062e-05
chrM	8566	8567	0.00011187768040276
chrM	8567	8568	0.00367838299769637
chrM	8568	8569	0.0011504917424383
chrM	8569	8570	0.00174177290246072
chrM	8570	8571	0.0018500703026715
chrM	8571	8572	0.0166290662979405
chrM	8572	8573	0.00040013095194791
chrM	8573	8574	0.000254601003855387
chrM	8574	8575	0.000145502164344695
chrM	8575	8576	0.00167321402589844
chrM	8576	8577	0.00160285599796
chrM	8577	8578	0.0017148277875073
chrM	8578	8579	0.000730753772516351
chrM	8579	8580	0.000401973323588525
chrM	8580	8581	0.000694038573933372
chrM	8581	8582	0.000693734482255002
chrM	8582	8583	0.000912009338975631
chrM	8583	8584	0.0010932944606414
chrM	8584	8585	0.00229090909090909
chrM	8585	8586	0.000690482247338009
chrM	8586	8587	0.00297478686740432
chrM	8587	8588	0.000871238247359059
chrM	8588	8589	0.000907704596616077
chrM	8589	8590	0.0136617978344597
chrM	8590	8591	0.000626197141594224
chrM	8591	8592	0.000884564352056612
chrM	8592	8593	0.0133908809207614
chrM	8593	8594	0.017722276228221
chrM	8594	8595	0.00171278498839112
chrM	8595	8596	0.000152508769254232
chrM	8596	8597	0.000228771876310672
chrM	8597	8598	0.000190628693430935
chrM	8598	8599	7.62514773723741e-05
chrM	8599	8600	3.8127192313558e-05
chrM	8600	8601	3.8125738686187e-05
chrM	8601	8602	0.000685844922842446
chrM	8602	8603	0.000228580136386148
chrM	8603	8604	0.00015236934328813
chrM	8604	8605	0.00330346294046173
chrM	8605	8606	0.00421428300239189
chrM	8606	8607	0.000495521250238231
chrM	8607	8608	0.000228789323164919
chrM	8608	8609	0.00152404175874419
chrM	8609	8610	0.00137226499961882
chrM	8610	8611	0.00083969465648855
chrM	8611	8612	0.000114600045840018
chrM	8612	8613	0.00240687679083095
chrM	8613	8614	0.0127527573529412
chrM	8614	8615	0.000620660227316808
chrM	8615	8616	0.000737405883722735
chrM	8616	8617	0.00209659885075322
chrM	8617	8618	0.00171086398631309
chrM	8618	8619	0.000467089642287182
chrM	8619	8620	0.000233572095920274
chrM	8620	8621	3.89347453667653e-05
chrM	8621	8622	0.000584043920102792
chrM	8622	8623	0.000467508181393174
chrM	8623	8624	0.00175397567820393
chrM	8624	8625	0.00210838669373731
chrM	8625	8626	0.00340388904104229
chrM	8626	8627	0.00231599607458292
chrM	8627	8628	0.00180966993194067
chrM	8628	8629	0.000275883813502542
chrM	8629	8630	0.000275949067686364
chrM	8630	8631	0.000433719738190994
chrM	8631	8632	0.00161722940990849
chrM	8632	8633	0.00499351236582393
chrM	8633	8634	0.0346807172066688
chrM	8634	8635	0.00443901445734066
chrM	8635	8636	0.000818029367254284
chrM	8636	8637	0.000859563669108919
chrM	8637	8638	0.000368701351904957
chrM	8638	8639	0.000122945780910618
chrM	8639	8640	0.000122950819672131
chrM	8640	8641	0.000491823435386696
chrM	8641	8642	0.000656060357552895
chrM	8642	8643	0.000697378676621405
chrM	8643	8644	0.000246204349610176
chrM	8644	8645	0.000205128205128205
chrM	8645	8646	0.000901750215190392
chrM	8646	8647	0.00151626915826572
chrM	8647	8648	0.000205128205128205
chrM	8648	8649	0.000164095831965868
chrM	8649	8650	0.000164109296791663
chrM	8650	8651	0.00939602822911538
chrM	8651	8652	0.0212475149105368
chrM	8652	8653	0.139604756463967
chrM	8653	8654	0.0179519968522526
chrM	8654	8655	0.000701156908899684
chrM	8655	8656	5.01177767754222e-05
chrM	8656	8657	0.000150345795329257
chrM	8657	8658	0.000100225507391631
chrM	8658	8659	0.0330942920825661
chrM	8659	8660	0.00386174937246573
chrM	8660	8661	0.000193106111808439
chrM	8661	8662	0.000289673152126684
chrM	8662	8663	0.000289715113471753
chrM	8663	8664	0.00159389489953632
chrM	8664	8665	0.0131101543224808
chrM	8665	8666	0.0123039215686275
chrM	8666	8667	0.00198521018412824
chrM	8667	8668	0.00363021532647073
chrM	8668	8669	9.98203234178479e-05
chrM	8669	8670	4.99126528574994e-05
chrM	8670	8671	0
chrM	8671	8672	0
chrM	8672	8673	0.000249563264287497
chrM	8673	8674	0.000199700449326011
chrM	8674	8675	0
chrM	8675	8676	0.000249675421951463
chrM	8676	8677	4.99475550671795e-05
chrM	8677	8678	9.99000999000999e-05
chrM	8678	8679	4.99550404635828e-05
chrM	8679	8680	4.99575360943198e-05
chrM	8680	8681	0
chrM	8681	8682	9.99100809271655e-05
chrM	8682	8683	0.000399520575309628
chrM	8683	8684	4.99450604335231e-05
chrM	8684	8685	0.00109769484083425
chrM	8685	8686	0.000249463653145737
chrM	8686	8687	0.000149685660113761
chrM	8687	8688	0.000199570922516589
chrM	8688	8689	0.00054876527812422
chrM	8689	8690	0.000349283967865875
chrM	8690	8691	0.000798522732944054
chrM	8691	8692	0.00983966834823435
chrM	8692	8693	0.00479168768284071
chrM	8693	8694	0.00197628458498024
chrM	8694	8695	0.000304583989034976
chrM	8695	8696	0.000507485409794468
chrM	8696	8697	0.000405864745573538
chrM	8697	8698	0.00146924713750127
chrM	8698	8699	0.00471100754774328
chrM	8699	8700	0.00116982859467982
chrM	8700	8701	0.000152679525675607
chrM	8701	8702	0.00055985342019544
chrM	8702	8703	0.00162816729418948
chrM	8703	8704	0.000967265692613145
chrM	8704	8705	0.000713194090677534
chrM	8705	8706	0.00275005092686902
chrM	8706	8707	0.00096889342172361
chrM	8707	8708	0.000204071220856079
chrM	8708	8709	0
chrM	8709	8710	0.000204112874419554
chrM	8710	8711	0.000459277403551745
chrM	8711	8712	5.10464522715671e-05
chrM	8712	8713	0.000153147174434632
chrM	8713	8714	5.10568773613806e-05
chrM	8714	8715	5.10594842992086e-05
chrM	8715	8716	0
chrM	8716	8717	0
chrM	8717	8718	0
chrM	8718	8719	0.000153186274509804
chrM	8719	8720	0.000102139829426485
chrM	8720	8721	0
chrM	8721	8722	0
chrM	8722	8723	0
chrM	8723	8724	0
chrM	8724	8725	0
chrM	8725	8726	5.10751315184637e-05
chrM	8726	8727	5.10751315184637e-05
chrM	8727	8728	0
chrM	8728	8729	0
chrM	8729	8730	0
chrM	8730	8731	5.10725229826353e-05
chrM	8731	8732	0
chrM	8732	8733	0
chrM	8733	8734	0.000306403840261465
chrM	8734	8735	0.000102145045965271
chrM	8735	8736	0
chrM	8736	8737	0
chrM	8737	8738	5.10725229826353e-05
chrM	8738	8739	0.000102150263036927
chrM	8739	8740	0.000612964192675078
chrM	8740	8741	0.00035778175313059
chrM	8741	8742	0.000766949585847224
chrM	8742	8743	0.00138156884818093
chrM	8743	8744	0
chrM	8744	8745	0.000153720024595204
chrM	8745	8746	0
chrM	8746	8747	5.12452598134673e-05
chrM	8747	8748	0.000102485267742762
chrM	8748	8749	5.12452598134673e-05
chrM	8749	8750	0.000409941070971048
chrM	8750	8751	0.000615100722743349
chrM	8751	8752	0.00974508898804944
chrM	8752	8753	0.000776920287978453
chrM	8753	8754	0.000155504872486005
chrM	8754	8755	0.000725802270724247
chrM	8755	8756	0.00103761348897536
chrM	8756	8757	0.000415476499610491
chrM	8757	8758	0
chrM	8758	8759	0.000467435338111561
chrM	8759	8760	0
chrM	8760	8761	0.00568123127776056
chrM	8761	8762	0
chrM	8762	8763	5.16448897381604e-05
chrM	8763	8764	0.000258157786038827
chrM	8764	8765	0.00128939089174274
chrM	8765	8766	0.00144233245763148
chrM	8766	8767	0.00118337106400494
chrM	8767	8768	0
chrM	8768	8769	0.000308610225285464
chrM	8769	8770	0.000102870075095155
chrM	8770	8771	0.00020572956848223
chrM	8771	8772	0.000308594352723345
chrM	8772	8773	0.00180059676921494
chrM	8773	8774	0.00365866226940122
chrM	8774	8775	0.00268872802481903
chrM	8775	8776	0.0074646208076305
chrM	8776	8777	0.000731146856068519
chrM	8777	8778	0.000836207797637713
chrM	8778	8779	0.000575373993095512
chrM	8779	8780	0.000732715758622494
chrM	8780	8781	0.000942753888859791
chrM	8781	8782	0.011532211563663
chrM	8782	8783	0.0111865125649454
chrM	8783	8784	0.00198338247118735
chrM	8784	8785	0.00107417154519577
chrM	8785	8786	0.000161290322580645
chrM	8786	8787	0.000161298994569601
chrM	8787	8788	0.00107538444994085
chrM	8788	8789	0.000322945260778298
chrM	8789	8790	0.000538415980186292
chrM	8790	8791	0.00140063567311318
chrM	8791	8792	0.00393806980633328
chrM	8792	8793	0.00108318890814558
chrM	8793	8794	0.00027109086965951
chrM	8794	8795	0.000108465751938825
chrM	8795	8796	5.42387590171937e-05
chrM	8796	8797	0.000325344322741568
chrM	8797	8798	0.00021684918139434
chrM	8798	8799	0
chrM	8799	8800	0.000433627838907258
chrM	8800	8801	0.000704530674181661
chrM	8801	8802	0.00384365526201819
chrM	8802	8803	0.00384469594411653
chrM	8803	8804	0.00146428765117414
chrM	8804	8805	0.000325785958625183
chrM	8805	8806	5.43065059194091e-05
chrM	8806	8807	0
chrM	8807	8808	0.000271547276380818
chrM	8808	8809	0.000651855070889239
chrM	8809	8810	0.000978314038806457
chrM	8810	8811	0.000108802089000109
chrM	8811	8812	0
chrM	8812	8813	5.44069640914037e-05
chrM	8813	8814	0
chrM	8814	8815	0.00309194467046379
chrM	8815	8816	5.42475859824238e-05
chrM	8816	8817	0.000325432554103162
chrM	8817	8818	0.000216931503877651
chrM	8818	8819	5.42299349240781e-05
chrM	8819	8820	0
chrM	8820	8821	0.0023804371348193
chrM	8821	8822	0.000270445694504543
chrM	8822	8823	0.000216321453680169
chrM	8823	8824	0.00108049702863317
chrM	8824	8825	0.000270080483984227
chrM	8825	8826	0.00118700766159491
chrM	8826	8827	0.00021577300679685
chrM	8827	8828	0
chrM	8828	8829	0
chrM	8829	8830	5.39432516992124e-05
chrM	8830	8831	0
chrM	8831	8832	0
chrM	8832	8833	0.000107892323461186
chrM	8833	8834	0
chrM	8834	8835	0
chrM	8835	8836	0.000161838485191779
chrM	8836	8837	0
chrM	8837	8838	0.000215749730312837
chrM	8838	8839	0.000161786118751011
chrM	8839	8840	0
chrM	8840	8841	0
chrM	8841	8842	0
chrM	8842	8843	5.39257981018119e-05
chrM	8843	8844	5.39228902669183e-05
chrM	8844	8845	0.000161742505930559
chrM	8845	8846	0.000861929644992728
chrM	8846	8847	0.000538444970923972
chrM	8847	8848	0.000269179004037685
chrM	8848	8849	0.000161498708010336
chrM	8849	8850	5.38300048447004e-05
chrM	8850	8851	0.000322875746650164
chrM	8851	8852	5.38097287989669e-05
chrM	8852	8853	0
chrM	8853	8854	0
chrM	8854	8855	0.000107607876896589
chrM	8855	8856	0
chrM	8856	8857	5.38010437402486e-05
chrM	8857	8858	0.000483975048397505
chrM	8858	8859	0.000322545962799699
chrM	8859	8860	0.00069836153639538
chrM	8860	8861	0.000161134386077989
chrM	8861	8862	0.00160875160875161
chrM	8862	8863	0.00411236915189062
chrM	8863	8864	0.00229137802408611
chrM	8864	8865	0.00435059422750424
chrM	8865	8866	0.0223052183836498
chrM	8866	8867	0.00413308534821244
chrM	8867	8868	0.174430509342206
chrM	8868	8869	0.00644258890348832
chrM	8869	8870	0.00832247488546089
chrM	8870	8871	0.00721916207644801
chrM	8871	8872	0.0534797377359981
chrM	8872	8873	0.00659211300765156
chrM	8873	8874	0.00422023367590168
chrM	8874	8875	0.00482283847380499
chrM	8875	8876	0.00139849273560718
chrM	8876	8877	0.000776668867228457
chrM	8877	8878	0.0231172183419374
chrM	8878	8879	0.000417584086250095
chrM	8879	8880	0.000341659706931896
chrM	8880	8881	0.00547500377586467
chrM	8881	8882	0.00064165471427493
chrM	8882	8883	0.000226474917902842
chrM	8883	8884	0.00188373582488792
chrM	8884	8885	0.00090337636917981
chrM	8885	8886	0.00713805217131325
chrM	8886	8887	0.00108261470116101
chrM	8887	8888	0.0690230424356167
chrM	8888	8889	0.000347463516330785
chrM	8889	8890	0.000173719685914808
chrM	8890	8891	3.474273008373e-05
chrM	8891	8892	0.000104220948410631
chrM	8892	8893	0.00545919425057011
chrM	8893	8894	0.000966517086641353
chrM	8894	8895	0.0013099834528406
chrM	8895	8896	0.000241254523522316
chrM	8896	8897	0.000378970578102391
chrM	8897	8898	3.44506838460743e-05
chrM	8898	8899	0
chrM	8899	8900	0.000516493354452173
chrM	8900	8901	0.00291825454046074
chrM	8901	8902	0.00041181921136621
chrM	8902	8903	0.000925735445381609
chrM	8903	8904	0.00181388822341627
chrM	8904	8905	0.00157184349906031
chrM	8905	8906	0.000375734389943981
chrM	8906	8907	0.000102462515796305
chrM	8907	8908	6.83036781530685e-05
chrM	8908	8909	0.000512032770097286
chrM	8909	8910	0.000238932313888794
chrM	8910	8911	0.000784741888157221
chrM	8911	8912	0.00340112917488606
chrM	8912	8913	0.000985355577452346
chrM	8913	8914	3.39766240826311e-05
chrM	8914	8915	0.000169854265040595
chrM	8915	8916	0.000271692986924775
chrM	8916	8917	0
chrM	8917	8918	0
chrM	8918	8919	0.000271637635394384
chrM	8919	8920	0.00489964181928769
chrM	8920	8921	0.000236478497348063
chrM	8921	8922	0.000101337657073368
chrM	8922	8923	0
chrM	8923	8924	0
chrM	8924	8925	0
chrM	8925	8926	0.000202634245187437
chrM	8926	8927	3.37712336631657e-05
chrM	8927	8928	0.00353356890459364
chrM	8928	8929	0.000370096225018505
chrM	8929	8930	0.000571697605595911
chrM	8930	8931	0.00174566939707265
chrM	8931	8932	0.00680181381701787
chrM	8932	8933	0.000466573351996267
chrM	8933	8934	0.00229426433915212
chrM	8934	8935	0.000299182235223722
chrM	8935	8936	0.00215982721382289
chrM	8936	8937	0.000232952843688642
chrM	8937	8938	0.000266231821358448
chrM	8938	8939	3.32834082210018e-05
chrM	8939	8940	0.000499085010813509
chrM	8940	8941	0.000432439624775464
chrM	8941	8942	0.000299301629531094
chrM	8942	8943	0.00265339966832504
chrM	8943	8944	0.00162257028378423
chrM	8944	8945	0.0109073042908614
chrM	8945	8946	0.00134236977376158
chrM	8946	8947	0.000229335255381188
chrM	8947	8948	0
chrM	8948	8949	0.000131053010942926
chrM	8949	8950	0.00029490792319287
chrM	8950	8951	0.000294965915049816
chrM	8951	8952	0.00049170654953124
chrM	8952	8953	0.000196779377521236
chrM	8953	8954	0.000131212071510579
chrM	8954	8955	3.28073225944031e-05
chrM	8955	8956	9.84155102844208e-05
chrM	8956	8957	9.84090536329342e-05
chrM	8957	8958	0
chrM	8958	8959	0
chrM	8959	8960	3.28030178776447e-05
chrM	8960	8961	0.000426257459505541
chrM	8961	8962	0.000982704402515723
chrM	8962	8963	0.00414301559339727
chrM	8963	8964	0.00120580087990875
chrM	8964	8965	0.000456159786256557
chrM	8965	8966	0.000553655756391467
chrM	8966	8967	0.000585880285128405
chrM	8967	8968	0.000520528336261305
chrM	8968	8969	0.00408335223774184
chrM	8969	8970	0.000712596767401937
chrM	8970	8971	0.00152044513457557
chrM	8971	8972	0.0129687599821121
chrM	8972	8973	0.00344552560216941
chrM	8973	8974	0.000543287207184174
chrM	8974	8975	0.000351606201054819
chrM	8975	8976	0.00508393285371703
chrM	8976	8977	0.00748786836777324
chrM	8977	8978	0.00333506022535941
chrM	8978	8979	0.000747214190572106
chrM	8979	8980	0.00074777293712205
chrM	8980	8981	0.000422805476957102
chrM	8981	8982	0.00130072840790843
chrM	8982	8983	9.76530711890889e-05
chrM	8983	8984	9.76467141880676e-05
chrM	8984	8985	3.25499641950394e-05
chrM	8985	8986	9.76498925851182e-05
chrM	8986	8987	0
chrM	8987	8988	6.51041666666667e-05
chrM	8988	8989	0.000130204094918785
chrM	8989	8990	0.00016273393002441
chrM	8990	8991	6.50893351124418e-05
chrM	8991	8992	0.00136505460218409
chrM	8992	8993	0.00032492851572654
chrM	8993	8994	0.000454722619202287
chrM	8994	8995	6.49582643151775e-05
chrM	8995	8996	3.2478077297824e-05
chrM	8996	8997	0.000129895434175489
chrM	8997	8998	0.000713914849428868
chrM	8998	8999	0.000291989747915518
chrM	8999	9000	0.0026862580102272
chrM	9000	9001	0.00184179914695618
chrM	9001	9002	0.00296439503786048
chrM	9002	9003	0.0161413077947612
chrM	9003	9004	0.00696501733375355
chrM	9004	9005	0.00107113603427635
chrM	9005	9006	0.00251920896838393
chrM	9006	9007	0.0066546819314347
chrM	9007	9008	0.0738708449632073
chrM	9008	9009	0.0138912649262668
chrM	9009	9010	0.00308620570081143
chrM	9010	9011	0.00139077222627864
chrM	9011	9012	0.00118236194185561
chrM	9012	9013	0.000695410292072323
chrM	9013	9014	0.00249835178181061
chrM	9014	9015	0.00100537354827526
chrM	9015	9016	0.000311936780812422
chrM	9016	9017	0.00190383883138911
chrM	9017	9018	0.00197102251115184
chrM	9018	9019	0.00276166804750069
chrM	9019	9020	0.000931998619261305
chrM	9020	9021	0.00217256362507759
chrM	9021	9022	0.000690226394257316
chrM	9022	9023	0.00151834086752476
chrM	9023	9024	0.0872072943289356
chrM	9024	9025	0.0100242094114087
chrM	9025	9026	0.00236803911083951
chrM	9026	9027	0.00278753627615702
chrM	9027	9028	0.00672492401215806
chrM	9028	9029	0.00299878530215609
chrM	9029	9030	0.00390373318173204
chrM	9030	9031	0.00144021224180406
chrM	9031	9032	0.00234439990924904
chrM	9032	9033	0.004030131826742
chrM	9033	9034	0.00259808720536185
chrM	9034	9035	0.0318288738606292
chrM	9035	9036	0.0102391601670794
chrM	9036	9037	0.00866156430838156
chrM	9037	9038	0.0139301984112044
chrM	9038	9039	0.0145804781483173
chrM	9039	9040	0.00396352022164929
chrM	9040	9041	0.000270113833687054
chrM	9041	9042	0.000347249016127788
chrM	9042	9043	0.000231526143160332
chrM	9043	9044	0.000694444444444444
chrM	9044	9045	0.00042443184010495
chrM	9045	9046	0.00277820651335083
chrM	9046	9047	0.000502804099787275
chrM	9047	9048	0.00177874018792777
chrM	9048	9049	0.0025531914893617
chrM	9049	9050	0.00220434681723258
chrM	9050	9051	0.00878033817721713
chrM	9051	9052	0.011185258208842
chrM	9052	9053	0.0092042978435645
chrM	9053	9054	0.00344453180575836
chrM	9054	9055	0.0041762995003356
chrM	9055	9056	0.00758921960610099
chrM	9056	9057	0.00339897291905272
chrM	9057	9058	0.0121281380174734
chrM	9058	9059	0.00652915862887669
chrM	9059	9060	0.00353238640588979
chrM	9060	9061	0.00471943515421776
chrM	9061	9062	0.00364082178548872
chrM	9062	9063	0.00174591381872214
chrM	9063	9064	0.00118861897333036
chrM	9064	9065	0.00312082032991529
chrM	9065	9066	0.0143777703281558
chrM	9066	9067	0.0126567931086595
chrM	9067	9068	0.00236993998700356
chrM	9068	9069	0.00045933014354067
chrM	9069	9070	0.0012623364700482
chrM	9070	9071	0
chrM	9071	9072	3.82584742520468e-05
chrM	9072	9073	0.000114779814056701
chrM	9073	9074	0.000114779814056701
chrM	9074	9075	0.000497131931166348
chrM	9075	9076	0.000420473223500631
chrM	9076	9077	0.000916555279740309
chrM	9077	9078	0.00122062862374123
chrM	9078	9079	0.00102888499352184
chrM	9079	9080	3.81053995351141e-05
chrM	9080	9081	0
chrM	9081	9082	0.000342844082130205
chrM	9082	9083	3.80952380952381e-05
chrM	9083	9084	7.61904761904762e-05
chrM	9084	9085	7.61933787953827e-05
chrM	9085	9086	0.00019047619047619
chrM	9086	9087	0.000114290068193074
chrM	9087	9088	7.61933787953827e-05
chrM	9088	9089	0.00125565998249686
chrM	9089	9090	0.000456412596987677
chrM	9090	9091	0.0107235579636528
chrM	9091	9092	0.000751964507275257
chrM	9092	9093	0.00187638383307689
chrM	9093	9094	0.00262005464685406
chrM	9094	9095	0.00265073735299608
chrM	9095	9096	0.00968863249759633
chrM	9096	9097	0.0167388377424402
chrM	9097	9098	0.0092873662908355
chrM	9098	9099	0.037025238044671
chrM	9099	9100	0.0077207598664129
chrM	9100	9101	0.00357839947950553
chrM	9101	9102	0.00380118017594034
chrM	9102	9103	0.00195602564566958
chrM	9103	9104	0.00293127781999783
chrM	9104	9105	0.00489059556586002
chrM	9105	9106	0.0168036662544555
chrM	9106	9107	0.00458613802796065
chrM	9107	9108	0.0055345070945695
chrM	9108	9109	0.00795458789259439
chrM	9109	9110	0.00165587836820714
chrM	9110	9111	0.000188416173644346
chrM	9111	9112	0
chrM	9112	9113	7.53721499905785e-05
chrM	9113	9114	0
chrM	9114	9115	3.76860749952892e-05
chrM	9115	9116	0.000263752825923135
chrM	9116	9117	7.53579502637528e-05
chrM	9117	9118	0.0049730625777041
chrM	9118	9119	0.000340676811265047
chrM	9119	9120	7.57202892515049e-05
chrM	9120	9121	3.7861578070574e-05
chrM	9121	9122	0.000264980883521974
chrM	9122	9123	0.000340638128761213
chrM	9123	9124	0.000378429517502365
chrM	9124	9125	0.000529560842758255
chrM	9125	9126	0.000529280556500699
chrM	9126	9127	0.000188993045055942
chrM	9127	9128	0.00026452027358954
chrM	9128	9129	0.0006797583081571
chrM	9129	9130	0.000603910319317581
chrM	9130	9131	0.00086743352819159
chrM	9131	9132	0.00897129186602871
chrM	9132	9133	0.00234960653414389
chrM	9133	9134	0.0023440988242298
chrM	9134	9135	0.012601954588875
chrM	9135	9136	0.00150420075576916
chrM	9136	9137	0.00135655362053162
chrM	9137	9138	0.000550216418457927
chrM	9138	9139	0.00314787701317716
chrM	9139	9140	0.00590723453908985
chrM	9140	9141	0.00995133289750853
chrM	9141	9142	0.0158226694374567
chrM	9142	9143	0.0340126187540793
chrM	9143	9144	0.00268204864427952
chrM	9144	9145	0.000625713128933711
chrM	9145	9146	0.00491148334127479
chrM	9146	9147	0.00450813663685677
chrM	9147	9148	0.00231617647058824
chrM	9148	9149	0.00117694655927029
chrM	9149	9150	0.00125045972784112
chrM	9150	9151	0.0163440235353939
chrM	9151	9152	0.00342091855302424
chrM	9152	9153	0.00404592673592127
chrM	9153	9154	0.00127914626123821
chrM	9154	9155	0.000256035113386979
chrM	9155	9156	0.000914544922446591
chrM	9156	9157	0.00047591155366818
chrM	9157	9158	7.32359295470358e-05
chrM	9158	9159	0.000219683655536028
chrM	9159	9160	0.00102470265324794
chrM	9160	9161	3.66126020576282e-05
chrM	9161	9162	0.000146450408230513
chrM	9162	9163	0
chrM	9163	9164	3.66166239472721e-05
chrM	9164	9165	0.000146455770357352
chrM	9165	9166	3.6613942589338e-05
chrM	9166	9167	7.32252041152565e-05
chrM	9167	9168	0.000109837806172885
chrM	9168	9169	3.66152832192157e-05
chrM	9169	9170	7.32332478945441e-05
chrM	9170	9171	7.32332478945441e-05
chrM	9171	9172	3.66152832192157e-05
chrM	9172	9173	0.000219643445473515
chrM	9173	9174	0.000621958804375663
chrM	9174	9175	0.000731207955542556
chrM	9175	9176	0.000402002704381829
chrM	9176	9177	0.0012775121363653
chrM	9177	9178	0.00036488360213092
chrM	9178	9179	0.000692798541476755
chrM	9179	9180	0.0010569283475472
chrM	9180	9181	0.00555434545850577
chrM	9181	9182	0.00105377906976744
chrM	9182	9183	0.00847334351589206
chrM	9183	9184	0.00314580437486283
chrM	9184	9185	0.000439222576040408
chrM	9185	9186	0.000256325753414625
chrM	9186	9187	0.000549370055669499
chrM	9187	9188	0.000329779048037815
chrM	9188	9189	0.000146611443023128
chrM	9189	9190	0.000109958582267346
chrM	9190	9191	0
chrM	9191	9192	0.00018326430377891
chrM	9192	9193	0
chrM	9193	9194	7.33137829912023e-05
chrM	9194	9195	0
chrM	9195	9196	0.00146423603484882
chrM	9196	9197	0.00146257632820213
chrM	9197	9198	0.000438772898460638
chrM	9198	9199	0.00364391648143425
chrM	9199	9200	0.000655498907501821
chrM	9200	9201	0.00174520069808028
chrM	9201	9202	0.0011622838878396
chrM	9202	9203	0.00155955316988249
chrM	9203	9204	0.00952723350710049
chrM	9204	9205	0.00115016893106175
chrM	9205	9206	0.000934075803844081
chrM	9206	9207	0.00215524982937606
chrM	9207	9208	0.000899215883749371
chrM	9208	9209	0.00111550917596258
chrM	9209	9210	0.0231184731724883
chrM	9210	9211	0.099204302659692
chrM	9211	9212	0.0368569443876926
chrM	9212	9213	0.00169606512890095
chrM	9213	9214	0.000679290141801817
chrM	9214	9215	0.000551923240213976
chrM	9215	9216	0.0017385404740703
chrM	9216	9217	0.00346635103145079
chrM	9217	9218	0.00118238250073899
chrM	9218	9219	0.00483315121459191
chrM	9219	9220	0.000252122027061098
chrM	9220	9221	0.000713835817761915
chrM	9221	9222	0.000125955159963053
chrM	9222	9223	0.000251846877098724
chrM	9223	9224	0.000671169092663283
chrM	9224	9225	0.000545050521990692
chrM	9225	9226	0.000419093918947236
chrM	9226	9227	0.000502702023375644
chrM	9227	9228	0.00108813928182807
chrM	9228	9229	0.00112876254180602
chrM	9229	9230	0.00125260960334029
chrM	9230	9231	0.00100137689322819
chrM	9231	9232	0.0022075055187638
chrM	9232	9233	0.000666361251093249
chrM	9233	9234	0.00137459907526971
chrM	9234	9235	0.00250156347717323
chrM	9235	9236	0.00449326010983525
chrM	9236	9237	0.000291193477266109
chrM	9237	9238	0.000124792013311148
chrM	9238	9239	4.15956075038476e-05
chrM	9239	9240	8.3187754762499e-05
chrM	9240	9241	0.000124771252703377
chrM	9241	9242	0
chrM	9242	9243	0.000789593982462702
chrM	9243	9244	0.000664479421902903
chrM	9244	9245	8.30530293592459e-05
chrM	9245	9246	4.1524790299809e-05
chrM	9246	9247	0.000124569198189594
chrM	9247	9248	0
chrM	9248	9249	0
chrM	9249	9250	0.000622871854497135
chrM	9250	9251	0.000498525196294296
chrM	9251	9252	0.000332446808510638
chrM	9252	9253	0.000207831074902319
chrM	9253	9254	0.000415679428025107
chrM	9254	9255	0.000207882920339265
chrM	9255	9256	0.000166306336271412
chrM	9256	9257	0.000332502078137988
chrM	9257	9258	0.000290903046170469
chrM	9258	9259	0.000789102084890772
chrM	9259	9260	0.00623297283909849
chrM	9260	9261	0.01914729625573
chrM	9261	9262	0.00954375226513108
chrM	9262	9263	0.00180999115115437
chrM	9263	9264	0.0107090250408058
chrM	9264	9265	0.000756068444090728
chrM	9265	9266	0.000477307982976015
chrM	9266	9267	0.000914767529729945
chrM	9267	9268	0.0114173228346457
chrM	9268	9269	0.00247573387825677
chrM	9269	9270	0.000589228895785049
chrM	9270	9271	0.00270323212536729
chrM	9271	9272	0.00277387091733083
chrM	9272	9273	0.0705544863647918
chrM	9273	9274	0.0022463768115942
chrM	9274	9275	0.000760401202158091
chrM	9275	9276	0.000832368268674001
chrM	9276	9277	0.00123019031767856
chrM	9277	9278	0.00191882987581912
chrM	9278	9279	0.0056935630099728
chrM	9279	9280	0.00458431871930144
chrM	9280	9281	0.000437525066540271
chrM	9281	9282	7.29447808009337e-05
chrM	9282	9283	0.000364630811303555
chrM	9283	9284	0.000218746582084655
chrM	9284	9285	0.000983391608391608
chrM	9285	9286	0.00134579711199214
chrM	9286	9287	0.000617957106506725
chrM	9287	9288	0.000544978927481471
chrM	9288	9289	0.00282608695652174
chrM	9289	9290	0.000470997427629434
chrM	9290	9291	0.000833242763467739
chrM	9291	9292	0.000398507408615006
chrM	9292	9293	0.00162766303758093
chrM	9293	9294	0.00202151469207999
chrM	9294	9295	0.00395526949768077
chrM	9295	9296	0.00168712757556178
chrM	9296	9297	0.00393306636155606
chrM	9297	9298	0.000428893098395225
chrM	9298	9299	0.0331501261709703
chrM	9299	9300	0.0027977341807129
chrM	9300	9301	0.00228294707713594
chrM	9301	9302	0.00204413955583273
chrM	9302	9303	0.00440314807752314
chrM	9303	9304	0.024524298187637
chrM	9304	9305	0.00777183600713012
chrM	9305	9306	0.00377195818514926
chrM	9306	9307	0.0030281182408075
chrM	9307	9308	0.000831345333622497
chrM	9308	9309	0.000144681158896083
chrM	9309	9310	0.000289299533504502
chrM	9310	9311	0.00126408552441491
chrM	9311	9312	0.000108342361863489
chrM	9312	9313	0.000252753204549558
chrM	9313	9314	0.000721787144970948
chrM	9314	9315	0.0135743347855831
chrM	9315	9316	0.00123735351917898
chrM	9316	9317	0.00123739855151581
chrM	9317	9318	0.00152738380973162
chrM	9318	9319	0.00672183874814788
chrM	9319	9320	0.00417566594672426
chrM	9320	9321	0.00686523402581614
chrM	9321	9322	0.0305804035781152
chrM	9322	9323	0.00445318972659486
chrM	9323	9324	0.0018951793528824
chrM	9324	9325	0.000930200509887687
chrM	9325	9326	0.000551610011721713
chrM	9326	9327	0.00317350810624353
chrM	9327	9328	0.00456321084108273
chrM	9328	9329	0.00111018595614765
chrM	9329	9330	0.00069432390210033
chrM	9330	9331	0.00034717400361061
chrM	9331	9332	0.000104155817102385
chrM	9332	9333	0.000173580975525082
chrM	9333	9334	3.47198111242275e-05
chrM	9334	9335	0.000555536266101871
chrM	9335	9336	0.000521104742053153
chrM	9336	9337	0.000382342718109141
chrM	9337	9338	0.000243402065440384
chrM	9338	9339	0.000312978161079427
chrM	9339	9340	0.000278212484785255
chrM	9340	9341	0.000139120756816917
chrM	9341	9342	0.000139115918338956
chrM	9342	9343	0.000104329681794471
chrM	9343	9344	0.000104329681794471
chrM	9344	9345	0.000104326053693142
chrM	9345	9346	0.00048663491953144
chrM	9346	9347	6.95168578380257e-05
chrM	9347	9348	3.47572208126238e-05
chrM	9348	9349	0.000104260790991868
chrM	9349	9350	3.47523892267593e-05
chrM	9350	9351	3.47511815401724e-05
chrM	9351	9352	0
chrM	9352	9353	0.000104249921812559
chrM	9353	9354	3.47523892267593e-05
chrM	9354	9355	6.95047784535187e-05
chrM	9355	9356	0.000173737794919907
chrM	9356	9357	0.000416796915702824
chrM	9357	9358	0.000832957345642592
chrM	9358	9359	0.00135186661582724
chrM	9359	9360	0.000623679013201206
chrM	9360	9361	0.000103953705949617
chrM	9361	9362	3.4651235316539e-05
chrM	9362	9363	0.000103957308198766
chrM	9363	9364	0.000277190672533869
chrM	9364	9365	0.000207878598898243
chrM	9365	9366	3.46488340667337e-05
chrM	9366	9367	0.000519642485969653
chrM	9367	9368	3.46524360662555e-05
chrM	9368	9369	0.000103950103950104
chrM	9369	9370	0.000242525032047951
chrM	9370	9371	0.000138580931263858
chrM	9371	9372	0.000727020945127229
chrM	9372	9373	0.00341591332551239
chrM	9373	9374	0.00354195323246217
chrM	9374	9375	0.00322525304511923
chrM	9375	9376	0.000137362637362637
chrM	9376	9377	0.000206029805645217
chrM	9377	9378	0.000549280785471523
chrM	9378	9379	0.00271235322392364
chrM	9379	9380	0.0090133480115591
chrM	9380	9381	0.117371543558963
chrM	9381	9382	0.0251532777865116
chrM	9382	9383	0.00253960575643971
chrM	9383	9384	0.00113090189426067
chrM	9384	9385	0.00161596574152628
chrM	9385	9386	0.00169758700133382
chrM	9386	9387	0.00859506787693791
chrM	9387	9388	0.0128393687641611
chrM	9388	9389	0.00297713559860273
chrM	9389	9390	0.00990994533799992
chrM	9390	9391	0.000314551960051901
chrM	9391	9392	0.0056342436810392
chrM	9392	9393	0.000508846093627681
chrM	9393	9394	0.00426631179302517
chrM	9394	9395	0.00640521848475322
chrM	9395	9396	0.00751017826791573
chrM	9396	9397	0.00358223212864194
chrM	9397	9398	0.000359424920127796
chrM	9398	9399	0.00127826156427259
chrM	9399	9400	0.000479904019196161
chrM	9400	9401	0.00103933482571154
chrM	9401	9402	0.00179676582152126
chrM	9402	9403	0.00957467853610287
chrM	9403	9404	0.0137371214486419
chrM	9404	9405	0.011763344646714
chrM	9405	9406	0.00227045332101901
chrM	9406	9407	0.00203619040301203
chrM	9407	9408	0.00103662750518314
chrM	9408	9409	0.000460652591170825
chrM	9409	9410	0.00441458733205374
chrM	9410	9411	0.0103577066728274
chrM	9411	9412	0.00520388349514563
chrM	9412	9413	0.00431822602606497
chrM	9413	9414	0.00373642626396295
chrM	9414	9415	0.0145530145530146
chrM	9415	9416	0.000462463388315092
chrM	9416	9417	0.000732261918526227
chrM	9417	9418	0.00809716599190283
chrM	9418	9419	0.0108476677514334
chrM	9419	9420	0.00269215762777995
chrM	9420	9421	0.0744684704263103
chrM	9421	9422	0.00278330019880716
chrM	9422	9423	0.00392509902772776
chrM	9423	9424	0.0352328005559416
chrM	9424	9425	0.00751853767891016
chrM	9425	9426	0.00555631773905886
chrM	9426	9427	0.00242926061518459
chrM	9427	9428	0.00514007556932294
chrM	9428	9429	0.0124225693509292
chrM	9429	9430	0.00816271912217316
chrM	9430	9431	0.0081005400360024
chrM	9431	9432	0.0494735136886441
chrM	9432	9433	0.00365203658616832
chrM	9433	9434	0.00194117259985523
chrM	9434	9435	0.000723755633779649
chrM	9435	9436	0.000855150638073938
chrM	9436	9437	0.00266543815196288
chrM	9437	9438	0.00299884659746251
chrM	9438	9439	0.00138650468770633
chrM	9439	9440	0.00115652777318838
chrM	9440	9441	0.000297599365121354
chrM	9441	9442	0.00158520475561427
chrM	9442	9443	0.000825136972737474
chrM	9443	9444	0.000264035116670517
chrM	9444	9445	0.000198019801980198
chrM	9445	9446	3.30043895838146e-05
chrM	9446	9447	0.000329967663169009
chrM	9447	9448	0.000263930586255815
chrM	9448	9449	0.000263860945281836
chrM	9449	9450	9.89478544806887e-05
chrM	9450	9451	0.00725708468787968
chrM	9451	9452	0.000329250625576189
chrM	9452	9453	0.000428096288734482
chrM	9453	9454	0.000856361779915023
chrM	9454	9455	0.000757950238919097
chrM	9455	9456	0.00065945660775521
chrM	9456	9457	0.000230924025995447
chrM	9457	9458	0
chrM	9458	9459	0.000692452270254229
chrM	9459	9460	0.00471495927989713
chrM	9460	9461	0.000430577636459989
chrM	9461	9462	0.00013254249643792
chrM	9462	9463	0
chrM	9463	9464	3.31389183457052e-05
chrM	9464	9465	0.000265041081367612
chrM	9465	9466	0.000298102083402338
chrM	9466	9467	0.000165606783253842
chrM	9467	9468	6.62427133015368e-05
chrM	9468	9469	0
chrM	9469	9470	0.000794333752565036
chrM	9470	9471	9.92982920693764e-05
chrM	9471	9472	6.62054354662518e-05
chrM	9472	9473	0.000165508109897385
chrM	9473	9474	0.000231703684088577
chrM	9474	9475	9.9304865938431e-05
chrM	9475	9476	0.000926048419103056
chrM	9476	9477	0.000264550264550265
chrM	9477	9478	3.30709703022687e-05
chrM	9478	9479	9.92096299480803e-05
chrM	9479	9480	3.30698766493601e-05
chrM	9480	9481	0
chrM	9481	9482	6.61375661375661e-05
chrM	9482	9483	0.000330622231038815
chrM	9483	9484	0.000958582619905464
chrM	9484	9485	0.00155418140934493
chrM	9485	9486	0.00218528574266605
chrM	9486	9487	9.95388035435814e-05
chrM	9487	9488	0.000464514416536713
chrM	9488	9489	0.000464653169598407
chrM	9489	9490	0.00209052296256968
chrM	9490	9491	0.00411960132890365
chrM	9491	9492	0.00576532142500083
chrM	9492	9493	0.000736870310825295
chrM	9493	9494	0.000402104346077807
chrM	9494	9495	0.000134039273507138
chrM	9495	9496	0.000167526636735241
chrM	9496	9497	0.00254019185133193
chrM	9497	9498	0.0160472132886841
chrM	9498	9499	0.0119256053648707
chrM	9499	9500	0.0120292887029289
chrM	9500	9501	0.026929866795057
chrM	9501	9502	0.00309867338045899
chrM	9502	9503	0.00132334904137887
chrM	9503	9504	0.00112961528530855
chrM	9504	9505	0.00584191330729755
chrM	9505	9506	0.00298236514522822
chrM	9506	9507	0.00492020846146376
chrM	9507	9508	0.000809926458677552
chrM	9508	9509	0.000324033569877839
chrM	9509	9510	0
chrM	9510	9511	0.00210281129694931
chrM	9511	9512	0.000129445649008123
chrM	9512	9513	3.23645543400867e-05
chrM	9513	9514	0.00122858066602005
chrM	9514	9515	0.000323321154903165
chrM	9515	9516	0.00171354671839638
chrM	9516	9517	9.71345313258863e-05
chrM	9517	9518	0.000194281643622705
chrM	9518	9519	3.23865660524015e-05
chrM	9519	9520	0.000194325689856199
chrM	9520	9521	0.000259134490800726
chrM	9521	9522	0.000291582971554461
chrM	9522	9523	0.000259260459539165
chrM	9523	9524	9.72478848585043e-05
chrM	9524	9525	9.72510373443983e-05
chrM	9525	9526	0
chrM	9526	9527	3.24180633448958e-05
chrM	9527	9528	6.48361266897916e-05
chrM	9528	9529	3.24180633448958e-05
chrM	9529	9530	0
chrM	9530	9531	0.000550874918988982
chrM	9531	9532	9.72258231786362e-05
chrM	9532	9533	0
chrM	9533	9534	0
chrM	9534	9535	9.72321254942633e-05
chrM	9535	9536	0.000162037787211978
chrM	9536	9537	3.24065072266511e-05
chrM	9537	9538	0.000323970583471021
chrM	9538	9539	0.00116508624874591
chrM	9539	9540	0.000582298136645963
chrM	9540	9541	0.00322476620445018
chrM	9541	9542	0.00144904202221864
chrM	9542	9543	0.000193174500965872
chrM	9543	9544	0.000257507966652718
chrM	9544	9545	0.000160937298828376
chrM	9545	9546	0.00286459171521452
chrM	9546	9547	0.0142151394422311
chrM	9547	9548	0.00420074467746555
chrM	9548	9549	0.0020034344590727
chrM	9549	9550	0.00104888436844447
chrM	9550	9551	0.000349594787859526
chrM	9551	9552	0.0174013558686619
chrM	9552	9553	0.000406123086535458
chrM	9553	9554	0.00327940533449934
chrM	9554	9555	0.0203422170246815
chrM	9555	9556	0.0036643571978445
chrM	9556	9557	0.0128232528318017
chrM	9557	9558	0.0428206220707286
chrM	9558	9559	0.00664315849127889
chrM	9559	9560	0.00186137489352305
chrM	9560	9561	0.000977917981072555
chrM	9561	9562	0.00318511510564491
chrM	9562	9563	0.0235483769004646
chrM	9563	9564	0.00885070094967375
chrM	9564	9565	0.00843197664991082
chrM	9565	9566	0.00534445675552369
chrM	9566	9567	0.00536754598415919
chrM	9567	9568	0.00108506230888107
chrM	9568	9569	0.000230361667818475
chrM	9569	9570	6.58176193767071e-05
chrM	9570	9571	0.000361865912231068
chrM	9571	9572	0.00327901105026724
chrM	9572	9573	0.0093564211689029
chrM	9573	9574	0.00661759958680354
chrM	9574	9575	0.00148310549393861
chrM	9575	9576	0.00170615503476693
chrM	9576	9577	0.000804246421103426
chrM	9577	9578	0.00118902243074748
chrM	9578	9579	0.00452633944335655
chrM	9579	9580	0.00244545981079864
chrM	9580	9581	0.00796096558808423
chrM	9581	9582	0.0240762736348753
chrM	9582	9583	0.0440981967160231
chrM	9583	9584	0.0270368534126591
chrM	9584	9585	0.00505271667733351
chrM	9585	9586	0.00463974716740073
chrM	9586	9587	0.00438978620735876
chrM	9587	9588	0.0755115347595243
chrM	9588	9589	0.00787717780798221
chrM	9589	9590	0.000803510723777737
chrM	9590	9591	0.00219440581053933
chrM	9591	9592	0.00514844159447544
chrM	9592	9593	0.00322987480390046
chrM	9593	9594	0.0125854993160055
chrM	9594	9595	0.013670231943276
chrM	9595	9596	0.00279170293879266
chrM	9596	9597	0.00146970605878824
chrM	9597	9598	0.00257346340295649
chrM	9598	9599	0.00313245823389021
chrM	9599	9600	0.00628256662200387
chrM	9600	9601	0.00773642392018639
chrM	9601	9602	0.00678800985162492
chrM	9602	9603	0.00132854252845798
chrM	9603	9604	0.000362625407953584
chrM	9604	9605	0.000725272732767218
chrM	9605	9606	0.000604540096121875
chrM	9606	9607	0.00592677276693041
chrM	9607	9608	0.00426196050183084
chrM	9608	9609	0.0101154349637034
chrM	9609	9610	0.0271350380817237
chrM	9610	9611	0.00404297100612221
chrM	9611	9612	0.00391648668106552
chrM	9612	9613	0.00530085959885387
chrM	9613	9614	0.00154621463749857
chrM	9614	9615	0.0751474884013976
chrM	9615	9616	0.00792177249659611
chrM	9616	9617	0.0127513639906469
chrM	9617	9618	0.0138845061533607
chrM	9618	9619	0.00230260001918833
chrM	9619	9620	0.000544732119969239
chrM	9620	9621	0.000192320020514136
chrM	9621	9622	3.20595024365222e-05
chrM	9622	9623	0.000128242121124683
chrM	9623	9624	9.61939269567448e-05
chrM	9624	9625	3.20677270395074e-05
chrM	9625	9626	0
chrM	9626	9627	3.20677270395074e-05
chrM	9627	9628	0
chrM	9628	9629	6.413134098634e-05
chrM	9629	9630	0.000160302651405854
chrM	9630	9631	9.61723408347759e-05
chrM	9631	9632	0.00016026154684445
chrM	9632	9633	6.41025641025641e-05
chrM	9633	9634	0.000320420391553718
chrM	9634	9635	0.000128155837498398
chrM	9635	9636	0.000320297235834855
chrM	9636	9637	0.00405129513844583
chrM	9637	9638	0.00311734580271654
chrM	9638	9639	0.000159068494893901
chrM	9639	9640	0.000254452926208651
chrM	9640	9641	6.36132315521628e-05
chrM	9641	9642	6.36112082949016e-05
chrM	9642	9643	0
chrM	9643	9644	9.54107432496899e-05
chrM	9644	9645	6.36051392952551e-05
chrM	9645	9646	9.53986071803352e-05
chrM	9646	9647	0.000222547211801361
chrM	9647	9648	6.35808748728382e-05
chrM	9648	9649	6.35768326021998e-05
chrM	9649	9650	3.17874058298102e-05
chrM	9650	9651	6.35727908455181e-05
chrM	9651	9652	9.5353124404043e-05
chrM	9652	9653	0.000540042568061247
chrM	9653	9654	3.17672098859557e-05
chrM	9654	9655	0.011990332402147
chrM	9655	9656	0.00021967676133689
chrM	9656	9657	0.000940586298792914
chrM	9657	9658	0.00200256578741513
chrM	9658	9659	0.00333686771034741
chrM	9659	9660	0.00102810143934202
chrM	9660	9661	0.0698948100495523
chrM	9661	9662	0.000463445718920171
chrM	9662	9663	5.7929036929761e-05
chrM	9663	9664	0.00121647454092568
chrM	9664	9665	0.000521935801896367
chrM	9665	9666	0.0015931869532472
chrM	9666	9667	0.000752859417981758
chrM	9667	9668	0.00266103606860845
chrM	9668	9669	0.00861296569265008
chrM	9669	9670	0.000669032520798185
chrM	9670	9671	0.000436363636363636
chrM	9671	9672	0.000726934372364863
chrM	9672	9673	0.00462370594393393
chrM	9673	9674	0.00198615532903
chrM	9674	9675	0.00945190647587276
chrM	9675	9676	0.0166843845972124
chrM	9676	9677	0.00792198049512378
chrM	9677	9678	0.0127480892970426
chrM	9678	9679	0.00499102224656867
chrM	9679	9680	0.0174703841091301
chrM	9680	9681	0.00241726103434898
chrM	9681	9682	0.000208855472013367
chrM	9682	9683	5.96694313503192e-05
chrM	9683	9684	5.96676511829112e-05
chrM	9684	9685	8.94988066825776e-05
chrM	9685	9686	0.000894241087397162
chrM	9686	9687	0.000625707645551517
chrM	9687	9688	5.95983074080696e-05
chrM	9688	9689	0.000268120475466977
chrM	9689	9690	0.00107133291670387
chrM	9690	9691	0.0008028545941124
chrM	9691	9692	0.000356696985910469
chrM	9692	9693	0.00670229413327822
chrM	9693	9694	0.000236162361623616
chrM	9694	9695	0.00499368445789149
chrM	9695	9696	0.000117491555294463
chrM	9696	9697	0.00164232506305355
chrM	9697	9698	0.000234590346607237
chrM	9698	9699	5.86510263929619e-05
chrM	9699	9700	0.000234576589256392
chrM	9700	9701	0.000146618966629523
chrM	9701	9702	8.79739597079265e-05
chrM	9702	9703	8.79713799777139e-05
chrM	9703	9704	8.79739597079265e-05
chrM	9704	9705	0
chrM	9705	9706	0.000322486074464966
chrM	9706	9707	0.000498153900252007
chrM	9707	9708	0.0216456422018349
chrM	9708	9709	0.000887972272349689
chrM	9709	9710	0.00202973127501429
chrM	9710	9711	0.000228675966155957
chrM	9711	9712	0.00268088868607934
chrM	9712	9713	0.00051331774368334
chrM	9713	9714	0.00119647893342449
chrM	9714	9715	0.00258861011549184
chrM	9715	9716	0.0153863432165319
chrM	9716	9717	0.0031408620544603
chrM	9717	9718	0.000645070817557145
chrM	9718	9719	0.000868980209676515
chrM	9719	9720	0.00327593448131037
chrM	9720	9721	0.00207236473619357
chrM	9721	9722	0.0174564277650816
chrM	9722	9723	0.00340425531914894
chrM	9723	9724	0.00148144083838578
chrM	9724	9725	0.000356741033451332
chrM	9725	9726	5.48802239113136e-05
chrM	9726	9727	0.000658454278581031
chrM	9727	9728	0.00311978325716319
chrM	9728	9729	0.000465205374490326
chrM	9729	9730	0.00259421081376297
chrM	9730	9731	0.000546104906752587
chrM	9731	9732	0.015913122950379
chrM	9732	9733	8.06451612903226e-05
chrM	9733	9734	0.000107529772305707
chrM	9734	9735	0.00137111517367459
chrM	9735	9736	0.00336500928742563
chrM	9736	9737	0.00156655142610199
chrM	9737	9738	0.00054103771032841
chrM	9738	9739	0.000108266118118335
chrM	9739	9740	5.41389204699258e-05
chrM	9740	9741	0.000243631737094285
chrM	9741	9742	2.70753235501164e-05
chrM	9742	9743	0.000189491351073333
chrM	9743	9744	0.000135339974014725
chrM	9744	9745	0.000838926174496644
chrM	9745	9746	0.000297828559051281
chrM	9746	9747	0.000135398613518198
chrM	9747	9748	5.41623788116774e-05
chrM	9748	9749	5.41623788116774e-05
chrM	9749	9750	0.00108324757623355
chrM	9750	9751	0.00116543798785776
chrM	9751	9752	0.000461179534479952
chrM	9752	9753	0
chrM	9753	9754	0
chrM	9754	9755	0.000217084554433952
chrM	9755	9756	0.000433992459381018
chrM	9756	9757	0.000867232174313667
chrM	9757	9758	0.00165047755621094
chrM	9758	9759	0.000405701457820572
chrM	9759	9760	0.000351484345428
chrM	9760	9761	0.000891458209519693
chrM	9761	9762	0.00170127730820124
chrM	9762	9763	0.00450377562028047
chrM	9763	9764	0.00491639428401632
chrM	9764	9765	0.0152526732888238
chrM	9765	9766	0.0306119637395641
chrM	9766	9767	0.0172771447245034
chrM	9767	9768	0.00506014341892205
chrM	9768	9769	0.00194693865690291
chrM	9769	9770	0.000203772706101537
chrM	9770	9771	0.000494718156156331
chrM	9771	9772	0.000145501105808404
chrM	9772	9773	0.00226526878285366
chrM	9773	9774	0.00023236225275204
chrM	9774	9775	0
chrM	9775	9776	0.000348604130958952
chrM	9776	9777	0.00107511259625163
chrM	9777	9778	0.000261742038679657
chrM	9778	9779	0.000145437621804008
chrM	9779	9780	0.000174550532379124
chrM	9780	9781	8.72905027932961e-05
chrM	9781	9782	0.000174565767652963
chrM	9782	9783	0.000349111221016496
chrM	9783	9784	0
chrM	9784	9785	5.82021360183919e-05
chrM	9785	9786	0.000407438665929397
chrM	9786	9787	0.00352276697333178
chrM	9787	9788	0.00268770084721005
chrM	9788	9789	0.00070298769771529
chrM	9789	9790	0.00102591159573221
chrM	9790	9791	5.86837240691294e-05
chrM	9791	9792	5.86837240691294e-05
chrM	9792	9793	0
chrM	9793	9794	0
chrM	9794	9795	5.86802804917407e-05
chrM	9795	9796	0.000176035676563784
chrM	9796	9797	0.000176061504152117
chrM	9797	9798	0.00824699909018871
chrM	9798	9799	0.000858191287878788
chrM	9799	9800	0.000681219085981696
chrM	9800	9801	0.0023117960877297
chrM	9801	9802	0.00264393084189888
chrM	9802	9803	0.00217436630625801
chrM	9803	9804	0.000626865671641791
chrM	9804	9805	0.000298694704142896
chrM	9805	9806	0.000119506438409369
chrM	9806	9807	0
chrM	9807	9808	5.97567898652484e-05
chrM	9808	9809	0.000119517150711127
chrM	9809	9810	0.000298810733281539
chrM	9810	9811	0.0003287802253639
chrM	9811	9812	0.000538148768237264
chrM	9812	9813	0.0100798612149672
chrM	9813	9814	0.042913659287893
chrM	9814	9815	0.0455305060696831
chrM	9815	9816	0.118424094316568
chrM	9816	9817	0.0704547157090419
chrM	9817	9818	0.0170420208694251
chrM	9818	9819	0.00282647878092741
chrM	9819	9820	0.00262628749640937
chrM	9820	9821	0.000657705430180458
chrM	9821	9822	0.000370004933399112
chrM	9822	9823	0.00361752857025405
chrM	9823	9824	0.00733748299600148
chrM	9824	9825	0.049852764298453
chrM	9825	9826	0.00950885457559103
chrM	9826	9827	0.00832085938187902
chrM	9827	9828	0.0042171616282683
chrM	9828	9829	0.00115905848787447
chrM	9829	9830	0.000981792217065334
chrM	9830	9831	0.0087993567982848
chrM	9831	9832	0.0107719928186715
chrM	9832	9833	0.00302756439222775
chrM	9833	9834	0.0172679477882524
chrM	9834	9835	0.00166028686067426
chrM	9835	9836	0.00300272555088465
chrM	9836	9837	0.0118606375092661
chrM	9837	9838	0.000187529301453352
chrM	9838	9839	0.000937822376441902
chrM	9839	9840	0.000281597597033839
chrM	9840	9841	4.69439489249836e-05
chrM	9841	9842	0.000187784611051124
chrM	9842	9843	0.000328684791285158
chrM	9843	9844	0.000751526538280883
chrM	9844	9845	0.0009871204286923
chrM	9845	9846	9.41043617371665e-05
chrM	9846	9847	0.000235283045503741
chrM	9847	9848	0.000470676833286266
chrM	9848	9849	9.41796948577887e-05
chrM	9849	9850	4.70942827540737e-05
chrM	9850	9851	9.41930014599915e-05
chrM	9851	9852	0.000235482503649979
chrM	9852	9853	0.00018840374923461
chrM	9853	9854	9.42107494465118e-05
chrM	9854	9855	0.000659506312417562
chrM	9855	9856	0.000188528067115992
chrM	9856	9857	0
chrM	9857	9858	0.000141402714932127
chrM	9858	9859	0.000235704520812709
chrM	9859	9860	0.00513956997359487
chrM	9860	9861	0.00402862694914451
chrM	9861	9862	0.000808984486532788
chrM	9862	9863	0.000190503405248369
chrM	9863	9864	0
chrM	9864	9865	9.52698518553804e-05
chrM	9865	9866	0.000142904777783071
chrM	9866	9867	9.52743902439024e-05
chrM	9867	9868	0.000333492139113864
chrM	9868	9869	4.76576276032979e-05
chrM	9869	9870	0.000667238585454199
chrM	9870	9871	0.00014307516215185
chrM	9871	9872	0.000238492725971858
chrM	9872	9873	0.000286259541984733
chrM	9873	9874	0.000620406604944163
chrM	9874	9875	0.00114607707368321
chrM	9875	9876	0.000143424009179137
chrM	9876	9877	0
chrM	9877	9878	4.78148608587549e-05
chrM	9878	9879	0
chrM	9879	9880	0
chrM	9880	9881	0
chrM	9881	9882	0.000191268588915985
chrM	9882	9883	0.000286957769381606
chrM	9883	9884	0
chrM	9884	9885	0
chrM	9885	9886	0
chrM	9886	9887	0.000191360091852844
chrM	9887	9888	9.5698358773147e-05
chrM	9888	9889	4.78537589127626e-05
chrM	9889	9890	9.57120980091884e-05
chrM	9890	9891	4.78606298458888e-05
chrM	9891	9892	4.78629205954147e-05
chrM	9892	9893	0
chrM	9893	9894	0
chrM	9894	9895	0
chrM	9895	9896	0
chrM	9896	9897	0.000765843385027762
chrM	9897	9898	0
chrM	9898	9899	4.79018969151178e-05
chrM	9899	9900	9.58083832335329e-05
chrM	9900	9901	0.000143726345039046
chrM	9901	9902	0.00052707235265932
chrM	9902	9903	0.0126564073061988
chrM	9903	9904	0.0124787569798495
chrM	9904	9905	0.00240928311535058
chrM	9905	9906	0.000887180245453201
chrM	9906	9907	0.00049331557397267
chrM	9907	9908	0
chrM	9908	9909	4.93559054340852e-05
chrM	9909	9910	0
chrM	9910	9911	4.93583415597236e-05
chrM	9911	9912	9.87215558517202e-05
chrM	9912	9913	9.87313027595399e-05
chrM	9913	9914	0.000246852628980499
chrM	9914	9915	4.93827160493827e-05
chrM	9915	9916	9.87605550343193e-05
chrM	9916	9917	4.93802775171596e-05
chrM	9917	9918	0
chrM	9918	9919	0
chrM	9919	9920	0.000148126203525404
chrM	9920	9921	0.000148126203525404
chrM	9921	9922	4.93827160493827e-05
chrM	9922	9923	9.87703096449207e-05
chrM	9923	9924	9.87800661826443e-05
chrM	9924	9925	0.000246974561620153
chrM	9925	9926	0.00113636363636364
chrM	9926	9927	0.000395628307205381
chrM	9927	9928	0.000148389968838107
chrM	9928	9929	0
chrM	9929	9930	0
chrM	9930	9931	4.9468216670789e-05
chrM	9931	9932	0
chrM	9932	9933	4.9468216670789e-05
chrM	9933	9934	0.000148411991688928
chrM	9934	9935	0
chrM	9935	9936	0
chrM	9936	9937	9.89511181476351e-05
chrM	9937	9938	0.00168225223887982
chrM	9938	9939	0.000148684145313971
chrM	9939	9940	0
chrM	9940	9941	0
chrM	9941	9942	0
chrM	9942	9943	4.95687518588282e-05
chrM	9943	9944	0
chrM	9944	9945	9.91424180835771e-05
chrM	9945	9946	0
chrM	9946	9947	0
chrM	9947	9948	0
chrM	9948	9949	0
chrM	9949	9950	0
chrM	9950	9951	0
chrM	9951	9952	0
chrM	9952	9953	9.91522482772297e-05
chrM	9953	9954	0
chrM	9954	9955	0
chrM	9955	9956	0
chrM	9956	9957	0
chrM	9957	9958	0
chrM	9958	9959	0
chrM	9959	9960	0
chrM	9960	9961	0
chrM	9961	9962	0
chrM	9962	9963	0
chrM	9963	9964	0
chrM	9964	9965	4.95810402102236e-05
chrM	9965	9966	0
chrM	9966	9967	0
chrM	9967	9968	0
chrM	9968	9969	0
chrM	9969	9970	0
chrM	9970	9971	0
chrM	9971	9972	0
chrM	9972	9973	0
chrM	9973	9974	0
chrM	9974	9975	0
chrM	9975	9976	0
chrM	9976	9977	0
chrM	9977	9978	0
chrM	9978	9979	9.91669972233241e-05
chrM	9979	9980	0
chrM	9980	9981	0
chrM	9981	9982	0.000148765248437965
chrM	9982	9983	0.000247978971383227
chrM	9983	9984	0.000148824288123822
chrM	9984	9985	0.000248065092280214
chrM	9985	9986	0
chrM	9986	9987	4.96228662167527e-05
chrM	9987	9988	0
chrM	9988	9989	0
chrM	9989	9990	0
chrM	9990	9991	0
chrM	9991	9992	0
chrM	9992	9993	0
chrM	9993	9994	4.96228662167527e-05
chrM	9994	9995	4.96228662167527e-05
chrM	9995	9996	0
chrM	9996	9997	0
chrM	9997	9998	0
chrM	9998	9999	0
chrM	9999	10000	9.92408078201757e-05
chrM	10000	10001	0
chrM	10001	10002	4.96179418477722e-05
chrM	10002	10003	0
chrM	10003	10004	0
chrM	10004	10005	0
chrM	10005	10006	0
chrM	10006	10007	0
chrM	10007	10008	0.000198432384165096
chrM	10008	10009	0.00429735737219066
chrM	10009	10010	0.0131129960027298
chrM	10010	10011	0.00485107208693121
chrM	10011	10012	0.00256447476653602
chrM	10012	10013	0.000870195794053662
chrM	10013	10014	4.83418737310258e-05
chrM	10014	10015	9.66744006187162e-05
chrM	10015	10016	0
chrM	10016	10017	0
chrM	10017	10018	0.000144990575612585
chrM	10018	10019	0.000241604252234839
chrM	10019	10020	0.00014494854326714
chrM	10020	10021	0.000144927536231884
chrM	10021	10022	0.000241487563390485
chrM	10022	10023	0.000193152735525617
chrM	10023	10024	0.000772014475271411
chrM	10024	10025	0.00125295166498
chrM	10025	10026	0.000722334585379948
chrM	10026	10027	0.000240720234942949
chrM	10027	10028	0.00244933243684564
chrM	10028	10029	0
chrM	10029	10030	0
chrM	10030	10031	0.000575981568589805
chrM	10031	10032	0.000191957001631635
chrM	10032	10033	0.0016289766193944
chrM	10033	10034	0.00219906300793575
chrM	10034	10035	0.00133677074381744
chrM	10035	10036	0.000190930787589499
chrM	10036	10037	4.77304185957711e-05
chrM	10037	10038	9.54517252899346e-05
chrM	10038	10039	0
chrM	10039	10040	0
chrM	10040	10041	0
chrM	10041	10042	0
chrM	10042	10043	0
chrM	10043	10044	0
chrM	10044	10045	0
chrM	10045	10046	0
chrM	10046	10047	0
chrM	10047	10048	0.00014315709104791
chrM	10048	10049	0
chrM	10049	10050	0
chrM	10050	10051	0.000334017273464713
chrM	10051	10052	0
chrM	10052	10053	0
chrM	10053	10054	0
chrM	10054	10055	9.54562810232913e-05
chrM	10055	10056	0
chrM	10056	10057	0
chrM	10057	10058	4.77281405116457e-05
chrM	10058	10059	0.000429389312977099
chrM	10059	10060	0.00100095328884652
chrM	10060	10061	0.00128528585709525
chrM	10061	10062	0.00033311125916056
chrM	10062	10063	0
chrM	10063	10064	0
chrM	10064	10065	0
chrM	10065	10066	0
chrM	10066	10067	0
chrM	10067	10068	0
chrM	10068	10069	4.75873227372228e-05
chrM	10069	10070	0.000142768762194832
chrM	10070	10071	4.75963826749167e-05
chrM	10071	10072	4.75986481983912e-05
chrM	10072	10073	0
chrM	10073	10074	4.75986481983912e-05
chrM	10074	10075	0
chrM	10075	10076	0
chrM	10076	10077	0
chrM	10077	10078	0.000237936613686114
chrM	10078	10079	0
chrM	10079	10080	0
chrM	10080	10081	9.51655881233346e-05
chrM	10081	10082	0
chrM	10082	10083	0.000237857380714524
chrM	10083	10084	0.00028534741047225
chrM	10084	10085	0.00170915823956701
chrM	10085	10086	0.000759049290763319
chrM	10086	10087	0
chrM	10087	10088	0
chrM	10088	10089	0
chrM	10089	10090	0.000142301489422256
chrM	10090	10091	4.7431579945928e-05
chrM	10091	10092	0
chrM	10092	10093	9.48586605957124e-05
chrM	10093	10094	0
chrM	10094	10095	0
chrM	10095	10096	0
chrM	10096	10097	0
chrM	10097	10098	0.000189690330535401
chrM	10098	10099	0
chrM	10099	10100	0
chrM	10100	10101	0.000569070991606203
chrM	10101	10102	0
chrM	10102	10103	0
chrM	10103	10104	0
chrM	10104	10105	0
chrM	10105	10106	0
chrM	10106	10107	9.48991696322657e-05
chrM	10107	10108	0.000142342000379579
chrM	10108	10109	0.00127992415264281
chrM	10109	10110	0.00519039305431039
chrM	10110	10111	0.0023071852340145
chrM	10111	10112	0.00159842038456114
chrM	10112	10113	0.00201754797541407
chrM	10113	10114	0.000187643664680771
chrM	10114	10115	0.00023449957790076
chrM	10115	10116	0
chrM	10116	10117	4.68977160812268e-05
chrM	10117	10118	0
chrM	10118	10119	9.37866354044549e-05
chrM	10119	10120	9.3777840296338e-05
chrM	10120	10121	9.37690468376389e-05
chrM	10121	10122	0.000187502929733277
chrM	10122	10123	9.37426763534099e-05
chrM	10123	10124	0.000281148962091748
chrM	10124	10125	0.000608785239299429
chrM	10125	10126	0.000421289144783036
chrM	10126	10127	0.0001404099971918
chrM	10127	10128	0.0011221245558257
chrM	10128	10129	0.00028055737398298
chrM	10129	10130	4.67704971703849e-05
chrM	10130	10131	0.000233808744447042
chrM	10131	10132	0.000654266753902234
chrM	10132	10133	0.00654656885504689
chrM	10133	10134	0.00600018462106526
chrM	10134	10135	0.00733104238258877
chrM	10135	10136	0.00137268359643102
chrM	10136	10137	0.000228728270814273
chrM	10137	10138	9.14829384319824e-05
chrM	10138	10139	9.14787540593697e-05
chrM	10139	10140	0.000548596507268904
chrM	10140	10141	0.000182857142857143
chrM	10141	10142	0.000137155397064874
chrM	10142	10143	0.000411353352529823
chrM	10143	10144	0.000502535520124263
chrM	10144	10145	0.000182706801260677
chrM	10145	10146	4.56746140495113e-05
chrM	10146	10147	4.56725279744234e-05
chrM	10147	10148	0.00191518467852257
chrM	10148	10149	0.000501756146512795
chrM	10149	10150	0.000456370938298649
chrM	10150	10151	0.0133771629457152
chrM	10151	10152	0
chrM	10152	10153	0.000370181851834714
chrM	10153	10154	9.25797342961626e-05
chrM	10154	10155	0.000786818476349162
chrM	10155	10156	4.63070155128502e-05
chrM	10156	10157	0.00166705255846261
chrM	10157	10158	0.000510109441662029
chrM	10158	10159	0.00582281990849854
chrM	10159	10160	0.0275663258411783
chrM	10160	10161	0.0110947734260126
chrM	10161	10162	0.00523096019150634
chrM	10162	10163	0.00629955947136564
chrM	10163	10164	0
chrM	10164	10165	0.000308288558090373
chrM	10165	10166	0
chrM	10166	10167	0
chrM	10167	10168	4.40412225843389e-05
chrM	10168	10169	0
chrM	10169	10170	0.00039631864018671
chrM	10170	10171	8.80863245981061e-05
chrM	10171	10172	0.000176164890337356
chrM	10172	10173	0
chrM	10173	10174	0
chrM	10174	10175	0
chrM	10175	10176	4.40451021846371e-05
chrM	10176	10177	8.80824451686779e-05
chrM	10177	10178	8.80785660809442e-05
chrM	10178	10179	0.00013211203100229
chrM	10179	10180	8.807080893038e-05
chrM	10180	10181	0
chrM	10181	10182	8.80669308674593e-05
chrM	10182	10183	0.000176110597455202
chrM	10183	10184	0.000747910250769908
chrM	10184	10185	0.000747384155455904
chrM	10185	10186	0.000527310278156172
chrM	10186	10187	0.0209534463471302
chrM	10187	10188	0.00360144057623049
chrM	10188	10189	0.00132733889959323
chrM	10189	10190	0.0209599664640537
chrM	10190	10191	0.0019663626474772
chrM	10191	10192	0.00229577993905748
chrM	10192	10193	0.00108423686405338
chrM	10193	10194	0.000875072922743562
chrM	10194	10195	0.00826514587982478
chrM	10195	10196	0.0491255649439969
chrM	10196	10197	0.00632960850199265
chrM	10197	10198	0.000625024415016212
chrM	10198	10199	0.000312438976762351
chrM	10199	10200	0.000741550230270861
chrM	10200	10201	3.90304828070723e-05
chrM	10201	10202	0.000624122327976283
chrM	10202	10203	0.00105259054227905
chrM	10203	10204	0.000506901661077751
chrM	10204	10205	0.000155981906098893
chrM	10205	10206	0.000311866521128957
chrM	10206	10207	0.000467581047381546
chrM	10207	10208	0
chrM	10208	10209	0
chrM	10209	10210	0.000428615960099751
chrM	10210	10211	3.89817955015008e-05
chrM	10211	10212	0.00101356619366911
chrM	10212	10213	0.000156091469601186
chrM	10213	10214	0.000663233458177278
chrM	10214	10215	0.000234146341463415
chrM	10215	10216	7.80670596042e-05
chrM	10216	10217	0
chrM	10217	10218	0
chrM	10218	10219	0
chrM	10219	10220	3.90350534780233e-05
chrM	10220	10221	0.0001561341192084
chrM	10221	10222	0.000897596003746488
chrM	10222	10223	0.000234256041853746
chrM	10223	10224	0.000156170694569164
chrM	10224	10225	0.000234265188193035
chrM	10225	10226	0
chrM	10226	10227	7.81036435349709e-05
chrM	10227	10228	0
chrM	10228	10229	0.000273384104667057
chrM	10229	10230	0.000156256103754053
chrM	10230	10231	7.81372089388967e-05
chrM	10231	10232	0.00121122138001094
chrM	10232	10233	0
chrM	10233	10234	0
chrM	10234	10235	3.91190392363964e-05
chrM	10235	10236	0.000312964556763946
chrM	10236	10237	0.000704390702042733
chrM	10237	10238	0.000156641604010025
chrM	10238	10239	0.000313270940204409
chrM	10239	10240	0.000352360817477097
chrM	10240	10241	0.000117444409646101
chrM	10241	10242	7.82932080642004e-05
chrM	10242	10243	0.000117430618076486
chrM	10243	10244	0.00541150821459161
chrM	10244	10245	0.000389165628891656
chrM	10245	10246	0.000505659496674316
chrM	10246	10247	0
chrM	10247	10248	0.000233326852031888
chrM	10248	10249	0
chrM	10249	10250	0.00194431482345621
chrM	10250	10251	3.89590151160979e-05
chrM	10251	10252	0.000116863386700947
chrM	10252	10253	0.00233181765185962
chrM	10253	10254	0.013510401473862
chrM	10254	10255	0.00623636989708077
chrM	10255	10256	0.000728025136025749
chrM	10256	10257	0.000153309570349929
chrM	10257	10258	0.000191636962937411
chrM	10258	10259	0.00015330369461904
chrM	10259	10260	0.000804690194275204
chrM	10260	10261	0.000230034888624775
chrM	10261	10262	0.000230078993787867
chrM	10262	10263	0.000690263450550293
chrM	10263	10264	7.67341927562922e-05
chrM	10264	10265	0
chrM	10265	10266	3.83670963781461e-05
chrM	10266	10267	0
chrM	10267	10268	0.000191813403920666
chrM	10268	10269	0
chrM	10269	10270	7.67312488010742e-05
chrM	10270	10271	0.00118937998772253
chrM	10271	10272	3.84098329172268e-05
chrM	10272	10273	0.000460900291903518
chrM	10273	10274	7.68491834774255e-05
chrM	10274	10275	0.000384275448641586
chrM	10275	10276	0.000845730980663514
chrM	10276	10277	0.0457466045938979
chrM	10277	10278	0.000282201169119129
chrM	10278	10279	0.000161270814014434
chrM	10279	10280	0.000403063280935107
chrM	10280	10281	0.000926224226804124
chrM	10281	10282	0.00040256028340244
chrM	10282	10283	8.05152979066023e-05
chrM	10283	10284	0.000241565343425397
chrM	10284	10285	0.00076514175257732
chrM	10285	10286	0.000765727642767904
chrM	10286	10287	0.00306525772364282
chrM	10287	10288	0.00420746015049761
chrM	10288	10289	0.00280328268465101
chrM	10289	10290	0.000203707476064372
chrM	10290	10291	0.000285213706555841
chrM	10291	10292	0.00957152166829586
chrM	10292	10293	0.000492995357627049
chrM	10293	10294	0.000410829464689208
chrM	10294	10295	0.000410964533760736
chrM	10295	10296	0.000534451570465384
chrM	10296	10297	0.00069921441204294
chrM	10297	10298	0.00102880658436214
chrM	10298	10299	0.0020177064031295
chrM	10299	10300	0.000329978551394159
chrM	10300	10301	0.000742604892941128
chrM	10301	10302	0.00400247575820095
chrM	10302	10303	0.00186327688294481
chrM	10303	10304	0.000580696005641047
chrM	10304	10305	0.00136929460580913
chrM	10305	10306	0.00112116933809484
chrM	10306	10307	0.0039422358701967
chrM	10307	10308	0.00950089200514459
chrM	10308	10309	0.00442145657795946
chrM	10309	10310	0.00158816399882977
chrM	10310	10311	0.000292678847681565
chrM	10311	10312	8.36400133824021e-05
chrM	10312	10313	0.0121262805770437
chrM	10313	10314	0.014766236513645
chrM	10314	10315	0.00781350620358047
chrM	10315	10316	0.00488817753168664
chrM	10316	10317	0.00390387785199965
chrM	10317	10318	0.00686380315130585
chrM	10318	10319	0.0128713293270255
chrM	10319	10320	0.0535959318750504
chrM	10320	10321	0.00406275140788415
chrM	10321	10322	0.00144775999356551
chrM	10322	10323	0.00205091084569912
chrM	10323	10324	0.000603816117864906
chrM	10324	10325	0.00120782671712698
chrM	10325	10326	0.00626329947404344
chrM	10326	10327	0.00144834245252655
chrM	10327	10328	0.00406553153805901
chrM	10328	10329	0.000888888888888889
chrM	10329	10330	0.00319475897767713
chrM	10330	10331	0.00178498985801217
chrM	10331	10332	0.00093469337993254
chrM	10332	10333	0.000732183534005858
chrM	10333	10334	0.000284946674265245
chrM	10334	10335	4.07182702878782e-05
chrM	10335	10336	8.14398566658523e-05
chrM	10336	10337	0
chrM	10337	10338	8.14431730260211e-05
chrM	10338	10339	8.14398566658523e-05
chrM	10339	10340	0.000122154810863635
chrM	10340	10341	4.07215865130105e-05
chrM	10341	10342	0
chrM	10342	10343	0
chrM	10343	10344	0.000203574773014128
chrM	10344	10345	4.07149546028256e-05
chrM	10345	10346	8.14332247557003e-05
chrM	10346	10347	0.000122159784998778
chrM	10347	10348	0.00020361622414074
chrM	10348	10349	0.000162899613113419
chrM	10349	10350	4.07265618636475e-05
chrM	10350	10351	8.14531237272949e-05
chrM	10351	10352	0.00515317508622439
chrM	10352	10353	0.00247786172719149
chrM	10353	10354	0.00154603523332926
chrM	10354	10355	0.00162760416666667
chrM	10355	10356	0.0187069379907066
chrM	10356	10357	0.00232455613001483
chrM	10357	10358	0.00196266923015301
chrM	10358	10359	0.0156923198545397
chrM	10359	10360	0.00237492083597213
chrM	10360	10361	0.00328556725516586
chrM	10361	10362	0.000118901351512029
chrM	10362	10363	0.000317107975265578
chrM	10363	10364	0.00103068262903354
chrM	10364	10365	0.00349081677178785
chrM	10365	10366	0.00202993153956376
chrM	10366	10367	0.000917248255234297
chrM	10367	10368	0.000319259318381355
chrM	10368	10369	0.000399042298483639
chrM	10369	10370	0.000199529111297338
chrM	10370	10371	0.000678047223994895
chrM	10371	10372	0.000916590284142988
chrM	10372	10373	0.00015938159939435
chrM	10373	10374	0.000199211123949161
chrM	10374	10375	3.98469875677399e-05
chrM	10375	10376	0.000478163850812879
chrM	10376	10377	0.000119588615163836
chrM	10377	10378	0.00035879445064583
chrM	10378	10379	0.000638085742771685
chrM	10379	10380	0.00051877568937308
chrM	10380	10381	0.000359338816577497
chrM	10381	10382	0.00011982266245956
chrM	10382	10383	0.000239664469742361
chrM	10383	10384	0.000159801845711318
chrM	10384	10385	0.000359511064951666
chrM	10385	10386	0.000598898027629162
chrM	10386	10387	0.000678317771925624
chrM	10387	10388	0.000638034852653826
chrM	10388	10389	0.000398628717212788
chrM	10389	10390	0.000199282582702272
chrM	10390	10391	3.98549280618548e-05
chrM	10391	10392	0.000677344808351263
chrM	10392	10393	3.9859693877551e-05
chrM	10393	10394	0.000438439156602495
chrM	10394	10395	0.000279095729835334
chrM	10395	10396	0.000119641076769691
chrM	10396	10397	0
chrM	10397	10398	0.000199425654116146
chrM	10398	10399	0.000199465432640523
chrM	10399	10400	0.000159604181629559
chrM	10400	10401	0.000119712689545092
chrM	10401	10402	0.00023938716884775
chrM	10402	10403	0.000518444666001994
chrM	10403	10404	0.00175187131708871
chrM	10404	10405	0.000557147405284941
chrM	10405	10406	0.00844581261346594
chrM	10406	10407	0.000473466166896824
chrM	10407	10408	0.000433839479392625
chrM	10408	10409	0.00271503895490674
chrM	10409	10410	0.00141520559792437
chrM	10410	10411	0.00784788380446666
chrM	10411	10412	0.00567607495529119
chrM	10412	10413	0.031350088548928
chrM	10413	10414	0.0918335901386749
chrM	10414	10415	0.0251160615877893
chrM	10415	10416	0.0536488153607693
chrM	10416	10417	0.00359564737423119
chrM	10417	10418	0.001606400403175
chrM	10418	10419	0.000566982707027436
chrM	10419	10420	9.4535829079221e-05
chrM	10420	10421	0.00053575367936718
chrM	10421	10422	0.000189190893611654
chrM	10422	10423	0.000220757513639661
chrM	10423	10424	0
chrM	10424	10425	0
chrM	10425	10426	0
chrM	10426	10427	6.30855124120746e-05
chrM	10427	10428	6.30855124120746e-05
chrM	10428	10429	0
chrM	10429	10430	0.000157713781030186
chrM	10430	10431	3.15477317180895e-05
chrM	10431	10432	0
chrM	10432	10433	0.000126194908035461
chrM	10433	10434	0.000220861992806209
chrM	10434	10435	0.000473290632000757
chrM	10435	10436	0.000567805432005299
chrM	10436	10437	0.0027682531693353
chrM	10437	10438	0.00216599698643898
chrM	10438	10439	0.00453252477259229
chrM	10439	10440	0.000406338886631451
chrM	10440	10441	0.000905853689011058
chrM	10441	10442	0.0383566679942404
chrM	10442	10443	0.0264078615108461
chrM	10443	10444	0.00813057460105576
chrM	10444	10445	0.00216127362941767
chrM	10445	10446	0.00149140161314868
chrM	10446	10447	0.00203672178988327
chrM	10447	10448	0.00975964598551208
chrM	10448	10449	0.00393148847982445
chrM	10449	10450	0.011357391463638
chrM	10450	10451	0.00453283996299722
chrM	10451	10452	0.00256934125804854
chrM	10452	10453	0.00102376372774089
chrM	10453	10454	0.000279425005433264
chrM	10454	10455	0.0009000900090009
chrM	10455	10456	0.000155245754028627
chrM	10456	10457	0.00136633232928609
chrM	10457	10458	0.000279859448365932
chrM	10458	10459	0.000248833592534992
chrM	10459	10460	0.00071557463754589
chrM	10460	10461	0.000280181806861341
chrM	10461	10462	0.000560346169411325
chrM	10462	10463	0.000217966682235715
chrM	10463	10464	6.22820129546587e-05
chrM	10464	10465	6.22839525396282e-05
chrM	10465	10466	3.11429461227032e-05
chrM	10466	10467	0.000217953108945418
chrM	10467	10468	0.000280216700915375
chrM	10468	10469	0.000404795267009186
chrM	10469	10470	0.000809590534018372
chrM	10470	10471	0.000467173290145758
chrM	10471	10472	0.000155719580180012
chrM	10472	10473	0.000996481175847788
chrM	10473	10474	0.00115315090693761
chrM	10474	10475	9.3603744149766e-05
chrM	10475	10476	0.000312022215981778
chrM	10476	10477	0.00140331181588549
chrM	10477	10478	0.0122312708664857
chrM	10478	10479	6.31711939355654e-05
chrM	10479	10480	0.000315826043015507
chrM	10480	10481	0.000820758886293327
chrM	10481	10482	0.00399446436434547
chrM	10482	10483	0.0255105169559085
chrM	10483	10484	0.00336268036194669
chrM	10484	10485	0.00271656187045968
chrM	10485	10486	0.00344386200170669
chrM	10486	10487	0.00943453280919262
chrM	10487	10488	0.00927287459112325
chrM	10488	10489	0.0225495384253543
chrM	10489	10490	0.00102992672806992
chrM	10490	10491	0.00220646641758112
chrM	10491	10492	0.00135465441587891
chrM	10492	10493	0.00265009864256058
chrM	10493	10494	0.0931323676030731
chrM	10494	10495	0.00903440763759851
chrM	10495	10496	0.00531229877656149
chrM	10496	10497	0.00193892389723703
chrM	10497	10498	0.00168175937904269
chrM	10498	10499	0.000323718882522418
chrM	10499	10500	9.71188086759469e-05
chrM	10500	10501	0.00349639030075431
chrM	10501	10502	0.00399597154088561
chrM	10502	10503	0.000978537412747081
chrM	10503	10504	0.000326487968918345
chrM	10504	10505	0.00251469627694317
chrM	10505	10506	0.000458370166650296
chrM	10506	10507	0.000196534442661076
chrM	10507	10508	0.000851816662844412
chrM	10508	10509	0.00259041872971112
chrM	10509	10510	0.00207114208692222
chrM	10510	10511	0.000560039532202273
chrM	10511	10512	0.00128462729338911
chrM	10512	10513	9.88761082363798e-05
chrM	10513	10514	0.00023071852340145
chrM	10514	10515	0.000131852193690873
chrM	10515	10516	0.000131852193690873
chrM	10516	10517	0.000263652242691889
chrM	10517	10518	0.000296589223924864
chrM	10518	10519	0.000131830466020697
chrM	10519	10520	9.8866332718165e-05
chrM	10520	10521	0.000131817432855495
chrM	10521	10522	0
chrM	10522	10523	6.59087164277476e-05
chrM	10523	10524	0.00154645959463017
chrM	10524	10525	0.0010846699973705
chrM	10525	10526	0.000164322334691731
chrM	10526	10527	6.57246138678935e-05
chrM	10527	10528	0
chrM	10528	10529	0.000821314760668879
chrM	10529	10530	0.000920295809367297
chrM	10530	10531	0.00555921052631579
chrM	10531	10532	0.00539163799947076
chrM	10532	10533	0.00721649484536083
chrM	10533	10534	0.000535905680600214
chrM	10534	10535	0.00120615137199719
chrM	10535	10536	0.00090555406493158
chrM	10536	10537	0.000100704934541793
chrM	10537	10538	6.71388767665917e-05
chrM	10538	10539	0
chrM	10539	10540	6.71411306566403e-05
chrM	10540	10541	0
chrM	10541	10542	3.3572819445377e-05
chrM	10542	10543	3.3572819445377e-05
chrM	10543	10544	0.000268510438343291
chrM	10544	10545	0.000536732640053673
chrM	10545	10546	0.000134169657531949
chrM	10546	10547	0.000134156157767642
chrM	10547	10548	0
chrM	10548	10549	0.000167689573062347
chrM	10549	10550	6.70848287659746e-05
chrM	10550	10551	0.000301831108726273
chrM	10551	10552	0.000234765402287286
chrM	10552	10553	0.000536714635537218
chrM	10553	10554	0.000100681276638588
chrM	10554	10555	0.000100681276638588
chrM	10555	10556	3.35615518861592e-05
chrM	10556	10557	0.00533610766184515
chrM	10557	10558	0.0133261360952734
chrM	10558	10559	0.0142231947483589
chrM	10559	10560	0.00395394006659267
chrM	10560	10561	0.00793871866295265
chrM	10561	10562	0.000701902154839615
chrM	10562	10563	0.00295005970358924
chrM	10563	10564	0.00133849947164495
chrM	10564	10565	0.000917042889390519
chrM	10565	10566	0.00116500741368354
chrM	10566	10567	0.000176722157424098
chrM	10567	10568	0.00021210407239819
chrM	10568	10569	0
chrM	10569	10570	0
chrM	10570	10571	7.07113562438128e-05
chrM	10571	10572	3.53544281421248e-05
chrM	10572	10573	0.000353419332037462
chrM	10573	10574	0.00120022592487998
chrM	10574	10575	0.000423444722820142
chrM	10575	10576	0.000635055038103302
chrM	10576	10577	0.000105883598630572
chrM	10577	10578	0.00127046866177301
chrM	10578	10579	0.000353281989684166
chrM	10579	10580	0.000247358563906852
chrM	10580	10581	0.00250538127668584
chrM	10581	10582	0.00310778358525215
chrM	10582	10583	0.000531274350074378
chrM	10583	10584	0.000389725420726306
chrM	10584	10585	0.00265618359541011
chrM	10585	10586	0.000851003474930856
chrM	10586	10587	0.00124060683397136
chrM	10587	10588	0.0046699214604118
chrM	10588	10589	0.00875451903310413
chrM	10589	10590	0.00228767515012868
chrM	10590	10591	0.000608838908387651
chrM	10591	10592	0.0167771041872268
chrM	10592	10593	0.0017258382642998
chrM	10593	10594	0.00161863541996552
chrM	10594	10595	0.000105578039767728
chrM	10595	10596	0.00210851841439415
chrM	10596	10597	7.03210154354629e-05
chrM	10597	10598	0.000105477814499684
chrM	10598	10599	0.00217742501931587
chrM	10599	10600	0.00147622227689712
chrM	10600	10601	0.00098536036036036
chrM	10601	10602	0.000211334577859181
chrM	10602	10603	0.000176130759475835
chrM	10603	10604	0.000739853438556933
chrM	10604	10605	0.000141028805133449
chrM	10605	10606	0.00109308885754584
chrM	10606	10607	0.000776561948464525
chrM	10607	10608	0.000141302811925957
chrM	10608	10609	7.06613906161673e-05
chrM	10609	10610	0
chrM	10610	10611	3.53331920005653e-05
chrM	10611	10612	0
chrM	10612	10613	0.00232722143864598
chrM	10613	10614	0.000528988573846805
chrM	10614	10615	0.000493774909180686
chrM	10615	10616	0.00140904607580668
chrM	10616	10617	0.00158277936055714
chrM	10617	10618	0.000913851885698218
chrM	10618	10619	0.000421659229066376
chrM	10619	10620	0.000140533323964445
chrM	10620	10621	0.00726978998384491
chrM	10621	10622	0.00512657332767642
chrM	10622	10623	0.00198962552405315
chrM	10623	10624	0.000925365697405417
chrM	10624	10625	0.00725150336045278
chrM	10625	10626	0.0015205629619152
chrM	10626	10627	0.000283085633404105
chrM	10627	10628	7.07839320474252e-05
chrM	10628	10629	0.000176959830118563
chrM	10629	10630	0.00399801868100764
chrM	10630	10631	0.00985830889367867
chrM	10631	10632	0.00145586250976493
chrM	10632	10633	0.00092424727169315
chrM	10633	10634	0.000746640119462419
chrM	10634	10635	0.00252345749218084
chrM	10635	10636	0.00594602292957345
chrM	10636	10637	0.000895351335864193
chrM	10637	10638	0.00132616487455197
chrM	10638	10639	0.000860893894827463
chrM	10639	10640	0.00396782841823056
chrM	10640	10641	0.00146543712917292
chrM	10641	10642	0.000894710471691361
chrM	10642	10643	0.000465666081599026
chrM	10643	10644	0.000573394495412844
chrM	10644	10645	0.000537865748709122
chrM	10645	10646	0.000502278190363434
chrM	10646	10647	0.000107685128683729
chrM	10647	10648	0
chrM	10648	10649	0.000107696726019529
chrM	10649	10650	0.000430755976739177
chrM	10650	10651	7.18107069764102e-05
chrM	10651	10652	0.00136445242369838
chrM	10652	10653	0.000179772049041815
chrM	10653	10654	0.000251717070013305
chrM	10654	10655	0.000287728384405122
chrM	10655	10656	0.00298582631844018
chrM	10656	10657	0.00108240727377688
chrM	10657	10658	0.00180590168671218
chrM	10658	10659	0.00137447100951279
chrM	10659	10660	0.00104931794333683
chrM	10660	10661	0.00224020812256106
chrM	10661	10662	0.00830158844246388
chrM	10662	10663	0.00409644615329333
chrM	10663	10664	0.00298196450384422
chrM	10664	10665	0.00333572453371593
chrM	10665	10666	0.00635986851507789
chrM	10666	10667	0.00282657697949837
chrM	10667	10668	0.00372866771834218
chrM	10668	10669	0.00845597495592098
chrM	10669	10670	0.00431847873421396
chrM	10670	10671	0.000911178335823887
chrM	10671	10672	0.000547205603385379
chrM	10672	10673	0.000146001387013177
chrM	10673	10674	0.000109517029898149
chrM	10674	10675	7.30193501277839e-05
chrM	10675	10676	0
chrM	10676	10677	0.000292045413061731
chrM	10677	10678	0
chrM	10678	10679	0.000255530408118566
chrM	10679	10680	0.000948316737790422
chrM	10680	10681	0.00214748489480964
chrM	10681	10682	0.000691261005602852
chrM	10682	10683	0.000727272727272727
chrM	10683	10684	0.000218158019125186
chrM	10684	10685	0.000654450261780105
chrM	10685	10686	0.0124749954537189
chrM	10686	10687	0.00478363261701501
chrM	10687	10688	0.0348370465844228
chrM	10688	10689	0.0135395059400339
chrM	10689	10690	0.00462454038891627
chrM	10690	10691	0.00114159595113969
chrM	10691	10692	0.00782519941027483
chrM	10692	10693	0.00376945983640544
chrM	10693	10694	0.00252097678443767
chrM	10694	10695	0.00413285241959723
chrM	10695	10696	0.00521830536471825
chrM	10696	10697	0.00899455101888482
chrM	10697	10698	0.00716460019303586
chrM	10698	10699	0.0147646089027294
chrM	10699	10700	0.103273879766681
chrM	10700	10701	0.00499173781327458
chrM	10701	10702	0.00576040840260771
chrM	10702	10703	0.00418989577201427
chrM	10703	10704	0.0076933739950097
chrM	10704	10705	0.00658077994428969
chrM	10705	10706	0.00273109243697479
chrM	10706	10707	0.00200014036072707
chrM	10707	10708	0.00035155563367903
chrM	10708	10709	0.000316489081126701
chrM	10709	10710	0.000211037248074285
chrM	10710	10711	0.00105537184267924
chrM	10711	10712	0.000986054373855473
chrM	10712	10713	0.000246756909193457
chrM	10713	10714	0.000458359777166631
chrM	10714	10715	0
chrM	10715	10716	0
chrM	10716	10717	3.5272124440055e-05
chrM	10717	10718	3.5272124440055e-05
chrM	10718	10719	0
chrM	10719	10720	7.05467372134039e-05
chrM	10720	10721	0.00017636684303351
chrM	10721	10722	3.527585720333e-05
chrM	10722	10723	0
chrM	10723	10724	0.00338624338624339
chrM	10724	10725	0
chrM	10725	10726	0.000141547825471531
chrM	10726	10727	0.000389118822738689
chrM	10727	10728	0.000565690849950502
chrM	10728	10729	0.00113130170402319
chrM	10729	10730	0.000671995472872604
chrM	10730	10731	0.00109587104072398
chrM	10731	10732	0.0120177103099304
chrM	10732	10733	0.0140395212523253
chrM	10733	10734	0.00300268475342659
chrM	10734	10735	0.00219251715114223
chrM	10735	10736	0.00381046466499665
chrM	10736	10737	0.00892076263774707
chrM	10737	10738	0.00055963623644631
chrM	10738	10739	0.00472027972027972
chrM	10739	10740	0.000561758303489923
chrM	10740	10741	0.000702592566570646
chrM	10741	10742	0.000914012514940589
chrM	10742	10743	0.00214637579169599
chrM	10743	10744	0.00271518741845622
chrM	10744	10745	0.000601089031893077
chrM	10745	10746	0.000424508277911419
chrM	10746	10747	0.000318437533170576
chrM	10747	10748	0.000566191301886125
chrM	10748	10749	0
chrM	10749	10750	0.000106217249681348
chrM	10750	10751	3.54095109946532e-05
chrM	10751	10752	0.000212464589235127
chrM	10752	10753	0.00131047673018347
chrM	10753	10754	0.00170230875625066
chrM	10754	10755	0.000532878610252584
chrM	10755	10756	7.10883628350039e-05
chrM	10756	10757	7.10883628350039e-05
chrM	10757	10758	0.000142171672294295
chrM	10758	10759	3.55454448512423e-05
chrM	10759	10760	0
chrM	10760	10761	0.000213242349930696
chrM	10761	10762	0.00141984949595343
chrM	10762	10763	0.00106390524150649
chrM	10763	10764	0.000637981144112852
chrM	10764	10765	0.000141758514370769
chrM	10765	10766	0.00134551377381205
chrM	10766	10767	0.000106273690176769
chrM	10767	10768	0.000672923676288295
chrM	10768	10769	0.00141622999575131
chrM	10769	10770	0.00180569324458292
chrM	10770	10771	0.00131108040111973
chrM	10771	10772	0.000390195452449363
chrM	10772	10773	3.5486160397445e-05
chrM	10773	10774	0.000177437098548565
chrM	10774	10775	0
chrM	10775	10776	0.000425924611343792
chrM	10776	10777	0.000213053050209502
chrM	10777	10778	0.0024861486006535
chrM	10778	10779	0.00494908495335755
chrM	10779	10780	0.00082298636705192
chrM	10780	10781	0.000143245953301819
chrM	10781	10782	0
chrM	10782	10783	7.16332378223496e-05
chrM	10783	10784	0.000143271607149253
chrM	10784	10785	0.00433381088825215
chrM	10785	10786	0.0001438486711979
chrM	10786	10787	0.000143833153541891
chrM	10787	10788	0.00021573421544657
chrM	10788	10789	0.000179772049041815
chrM	10789	10790	0.000143812468541023
chrM	10790	10791	3.59557025744283e-05
chrM	10791	10792	7.19139908669232e-05
chrM	10792	10793	0.000431499460625674
chrM	10793	10794	0.000107917550991043
chrM	10794	10795	0.0005036152379582
chrM	10795	10796	0.000107960270620412
chrM	10796	10797	0.00107971927298902
chrM	10797	10798	0.000180147721131328
chrM	10798	10799	0
chrM	10799	10800	0.000144144144144144
chrM	10800	10801	0.00176602032725438
chrM	10801	10802	3.61036897970973e-05
chrM	10802	10803	0.000433119179961019
chrM	10803	10804	0.000216575223794398
chrM	10804	10805	0.00404229977983903
chrM	10805	10806	0.0084629294755877
chrM	10806	10807	0.0155559547332495
chrM	10807	10808	0.0921686155055517
chrM	10808	10809	0.0702236890355702
chrM	10809	10810	0.018126615763843
chrM	10810	10811	0.0147590539979847
chrM	10811	10812	0.00531224176602526
chrM	10812	10813	0.00233286085518545
chrM	10813	10814	0.00437921647532252
chrM	10814	10815	0.00839588216097546
chrM	10815	10816	0.00988531836100824
chrM	10816	10817	0.0118803521891207
chrM	10817	10818	0.0154963089500336
chrM	10818	10819	0.00349964384155595
chrM	10819	10820	0.00270287063501926
chrM	10820	10821	0.00563792673810117
chrM	10821	10822	0.00288184438040346
chrM	10822	10823	0.00169640613219402
chrM	10823	10824	0.00204544024167663
chrM	10824	10825	0.000819620452682681
chrM	10825	10826	0.001640016400164
chrM	10826	10827	0.000694905082283079
chrM	10827	10828	0.00164312573071697
chrM	10828	10829	0.00211911313533858
chrM	10829	10830	0.000506810262907824
chrM	10830	10831	0.000538554140530951
chrM	10831	10832	0.0059246186814572
chrM	10832	10833	0.00132300132300132
chrM	10833	10834	0.000850340136054422
chrM	10834	10835	0.000346434870244394
chrM	10835	10836	0.00411135172457082
chrM	10836	10837	0.00185080619863229
chrM	10837	10838	0.000345293028219857
chrM	10838	10839	0.00288781467763199
chrM	10839	10840	0.00286388670338316
chrM	10840	10841	0.00258699561472695
chrM	10841	10842	0.0027814653265061
chrM	10842	10843	0.0129800741718524
chrM	10843	10844	0.00650554700021999
chrM	10844	10845	0.00589581961300844
chrM	10845	10846	0.0023846129710395
chrM	10846	10847	0.000658885542168675
chrM	10847	10848	9.41294593831383e-05
chrM	10848	10849	0.00040779196336146
chrM	10849	10850	0.00172408388451773
chrM	10850	10851	0.00191366545363283
chrM	10851	10852	0.000911433779621598
chrM	10852	10853	0.000660605869955016
chrM	10853	10854	0.00012591286829514
chrM	10854	10855	3.14811899889816e-05
chrM	10855	10856	6.29584159662543e-05
chrM	10856	10857	0.000220312844238819
chrM	10857	10858	9.44197903880653e-05
chrM	10858	10859	0
chrM	10859	10860	3.14752447200277e-05
chrM	10860	10861	0
chrM	10861	10862	0.00429494012163772
chrM	10862	10863	0.000501646026022888
chrM	10863	10864	0.000156793878766973
chrM	10864	10865	0.000752068187515668
chrM	10865	10866	0.00184582655487423
chrM	10866	10867	0.00146897952805126
chrM	10867	10868	0.00075
chrM	10868	10869	0.00333572341553138
chrM	10869	10870	0.00102941635212278
chrM	10870	10871	0.00246689982513115
chrM	10871	10872	0.00253560807638128
chrM	10872	10873	0.00633944263118253
chrM	10873	10874	0.00123176046996399
chrM	10874	10875	0.000727318723713753
chrM	10875	10876	0.000664556962025316
chrM	10876	10877	0.000253332911111815
chrM	10877	10878	0
chrM	10878	10879	0
chrM	10879	10880	3.16746381172595e-05
chrM	10880	10881	0
chrM	10881	10882	3.1675641431739e-05
chrM	10882	10883	0
chrM	10883	10884	0
chrM	10884	10885	3.16766448097817e-05
chrM	10885	10886	3.16766448097817e-05
chrM	10886	10887	3.1675641431739e-05
chrM	10887	10888	0.00136024294571682
chrM	10888	10889	0.000221399879811494
chrM	10889	10890	0.000948826617749383
chrM	10890	10891	0.00018990346573825
chrM	10891	10892	0.000221533008418254
chrM	10892	10893	0.000189879426564132
chrM	10893	10894	0.000189873417721519
chrM	10894	10895	0.0209311855751348
chrM	10895	10896	0.00105789574918254
chrM	10896	10897	0.0025018443083042
chrM	10897	10898	0.00993249758919961
chrM	10898	10899	0.0214540733528075
chrM	10899	10900	0.010345170595842
chrM	10900	10901	0.00257913247362251
chrM	10901	10902	0.00201470736375541
chrM	10902	10903	0.000874566921188066
chrM	10903	10904	0.0115097260550582
chrM	10904	10905	0.00190301423862439
chrM	10905	10906	0.000951636474866601
chrM	10906	10907	0.00119063818206559
chrM	10907	10908	0.000442734053059973
chrM	10908	10909	0.00115839324043474
chrM	10909	10910	0.00415602112076307
chrM	10910	10911	0.00922320147571224
chrM	10911	10912	0.00341226346810051
chrM	10912	10913	0.00148614087233013
chrM	10913	10914	0.00255621955853397
chrM	10914	10915	0.000553154710458081
chrM	10915	10916	0.000242088881203528
chrM	10916	10917	0.00141716497874253
chrM	10917	10918	0.00438339143340351
chrM	10918	10919	0.0108982487405326
chrM	10919	10920	0.0395301260476473
chrM	10920	10921	0.0115272834144271
chrM	10921	10922	0.00290214236801774
chrM	10922	10923	0.000718062536719107
chrM	10923	10924	0.000261190375134676
chrM	10924	10925	0.00205405757882038
chrM	10925	10926	0.00900195694716243
chrM	10926	10927	0.00144760651422931
chrM	10927	10928	0.00220736006325569
chrM	10928	10929	0.0041271832799551
chrM	10929	10930	0.00490667373934953
chrM	10930	10931	0.000866233549891721
chrM	10931	10932	0.000500183400580213
chrM	10932	10933	0.000133448989123907
chrM	10933	10934	0.00073404290814454
chrM	10934	10935	0.00243211727469599
chrM	10935	10936	3.33244468141829e-05
chrM	10936	10937	3.33244468141829e-05
chrM	10937	10938	0.000732673926799214
chrM	10938	10939	0.000199820161854331
chrM	10939	10940	0.00419678246677547
chrM	10940	10941	0.00214061141213459
chrM	10941	10942	0.00546301571873848
chrM	10942	10943	0.00320113218991138
chrM	10943	10944	0.00168970295022135
chrM	10944	10945	0.00365469865655985
chrM	10945	10946	0.00499235863474274
chrM	10946	10947	0.00201378933715612
chrM	10947	10948	0.0054721433701563
chrM	10948	10949	0.001134839574951
chrM	10949	10950	0.000481994078358466
chrM	10950	10951	0.000103334251860017
chrM	10951	10952	0.000206689861862276
chrM	10952	10953	0.000930296661268649
chrM	10953	10954	0.00155193819837219
chrM	10954	10955	0.00839349245276502
chrM	10955	10956	0.00323951511773722
chrM	10956	10957	0.000349467062729338
chrM	10957	10958	0.000209746207089422
chrM	10958	10959	0.000489476260401371
chrM	10959	10960	0.000559597090095132
chrM	10960	10961	0.000104968509447166
chrM	10961	10962	6.99814549144477e-05
chrM	10962	10963	0.000139953115706238
chrM	10963	10964	0.000139953115706238
chrM	10964	10965	0.000209922328738367
chrM	10965	10966	0.000279916025192442
chrM	10966	10967	0.000279965004374453
chrM	10967	10968	0.00104979528991847
chrM	10968	10969	0.001155138616634
chrM	10969	10970	0.000245166713365088
chrM	10970	10971	0.000315192267283043
chrM	10971	10972	0.000315225386151098
chrM	10972	10973	0.0206362553430033
chrM	10973	10974	0.00300504418130433
chrM	10974	10975	0.00516703146865693
chrM	10975	10976	0.00764652840396754
chrM	10976	10977	0.00378003125795079
chrM	10977	10978	0.00970484147542778
chrM	10978	10979	0.00851048152378145
chrM	10979	10980	0.00144916765755053
chrM	10980	10981	0.00234436051054962
chrM	10981	10982	0.000186497575531518
chrM	10982	10983	0.000223838836038053
chrM	10983	10984	0.000149259300720176
chrM	10984	10985	0.0005598059339429
chrM	10985	10986	0.00041075429424944
chrM	10986	10987	0.00127012589188987
chrM	10987	10988	0.0197112507480551
chrM	10988	10989	0.0175887066005341
chrM	10989	10990	0.00718474503864228
chrM	10990	10991	0.0023079330308246
chrM	10991	10992	0.000627327974906881
chrM	10992	10993	0.000588489152183295
chrM	10993	10994	0.00329747978330847
chrM	10994	10995	0.000669554942890902
chrM	10995	10996	0.000512355653647578
chrM	10996	10997	3.94321766561514e-05
chrM	10997	10998	7.88674632280453e-05
chrM	10998	10999	0.000551854625724309
chrM	10999	11000	0.0018128078817734
chrM	11000	11001	0.000236751765773586
chrM	11001	11002	0.000552290031164937
chrM	11002	11003	0.00122278321236983
chrM	11003	11004	0.00402557423632489
chrM	11004	11005	0.00170351002297758
chrM	11005	11006	0.00119047619047619
chrM	11006	11007	0.000754806928333069
chrM	11007	11008	0.000675836845034587
chrM	11008	11009	0.00171062577077615
chrM	11009	11010	0.0162177239400701
chrM	11010	11011	0.0488842088210279
chrM	11011	11012	0.018693578606711
chrM	11012	11013	0.00494684313300065
chrM	11013	11014	0.00148270899655488
chrM	11014	11015	8.73476874699742e-05
chrM	11015	11016	0.000131021531204961
chrM	11016	11017	0.000872866931436303
chrM	11017	11018	0.000698324022346369
chrM	11018	11019	0.00109179841034151
chrM	11019	11020	0.000524590163934426
chrM	11020	11021	0.000393597480976122
chrM	11021	11022	0.000131245078309563
chrM	11022	11023	0.000787573835047036
chrM	11023	11024	4.37885886937864e-05
chrM	11024	11025	0.000525417049783265
chrM	11025	11026	0
chrM	11026	11027	0.000131406044678055
chrM	11027	11028	0.00135804091645858
chrM	11028	11029	0.000350938761186173
chrM	11029	11030	8.77654906090925e-05
chrM	11030	11031	8.77731940665321e-05
chrM	11031	11032	4.38904494382022e-05
chrM	11032	11033	0.00258965017776412
chrM	11033	11034	0.00382855131138884
chrM	11034	11035	0.00061845650925476
chrM	11035	11036	0.00132608407373027
chrM	11036	11037	0.00106227592617182
chrM	11037	11038	0.000398777083610262
chrM	11038	11039	0.000265957446808511
chrM	11039	11040	0.000310311197801223
chrM	11040	11041	4.43341017910977e-05
chrM	11041	11042	8.86682035821954e-05
chrM	11042	11043	0.00288146112243993
chrM	11043	11044	0.000577829140368033
chrM	11044	11045	0.00200124521924753
chrM	11045	11046	0.00204981952675906
chrM	11046	11047	0.00308104487608841
chrM	11047	11048	0.000313535787870644
chrM	11048	11049	0.00291231686007438
chrM	11049	11050	0.000853779095892873
chrM	11050	11051	0.00103440521700022
chrM	11051	11052	0.00288132540968846
chrM	11052	11053	0.00126422250316056
chrM	11053	11054	0.000587703435804702
chrM	11054	11055	0.00040709245521983
chrM	11055	11056	0
chrM	11056	11057	0
chrM	11057	11058	0.00140265146373467
chrM	11058	11059	0.000181233292555842
chrM	11059	11060	0.00290025830425522
chrM	11060	11061	0.00313579349209235
chrM	11061	11062	0.00100291757840992
chrM	11062	11063	0.000273797572328192
chrM	11063	11064	0.00118667275216796
chrM	11064	11065	0.000913826190258613
chrM	11065	11066	9.14662032379036e-05
chrM	11066	11067	0.000411635565312843
chrM	11067	11068	0.000503317318691375
chrM	11068	11069	0.000137337483977294
chrM	11069	11070	0.000137350059518359
chrM	11070	11071	9.15750915750916e-05
chrM	11071	11072	0
chrM	11072	11073	4.57917391702537e-05
chrM	11073	11074	9.15876722993085e-05
chrM	11074	11075	4.57980306846806e-05
chrM	11075	11076	0
chrM	11076	11077	9.16002564807182e-05
chrM	11077	11078	9.16086478563576e-05
chrM	11078	11079	0
chrM	11079	11080	4.58085203847916e-05
chrM	11080	11081	4.58085203847916e-05
chrM	11081	11082	0.000137419266181119
chrM	11082	11083	0
chrM	11083	11084	0
chrM	11084	11085	0.000503916807916075
chrM	11085	11086	0.000183334861123843
chrM	11086	11087	4.58421197396168e-05
chrM	11087	11088	0.000229221106679503
chrM	11088	11089	0
chrM	11089	11090	0.00022927366104182
chrM	11090	11091	0.000137595743704995
chrM	11091	11092	9.1743119266055e-05
chrM	11092	11093	0.000229378842095605
chrM	11093	11094	9.17725875281054e-05
chrM	11094	11095	4.58905052544629e-05
chrM	11095	11096	4.58926112895824e-05
chrM	11096	11097	0
chrM	11097	11098	4.58947175180137e-05
chrM	11098	11099	0
chrM	11099	11100	4.58968239397834e-05
chrM	11100	11101	9.17936478795667e-05
chrM	11101	11102	4.58989305549181e-05
chrM	11102	11103	9.18020747268888e-05
chrM	11103	11104	0.00289203084832905
chrM	11104	11105	0.000552460752267391
chrM	11105	11106	0.000368510755907688
chrM	11106	11107	0.000460765792747546
chrM	11107	11108	0.000230457227138643
chrM	11108	11109	0.000460999446800664
chrM	11109	11110	0.000276727239184577
chrM	11110	11111	0.00106108138032847
chrM	11111	11112	0.000277097861728167
chrM	11112	11113	0.000508153554765094
chrM	11113	11114	0.000184877056757256
chrM	11114	11115	0.000138683431952663
chrM	11115	11116	0.00018493689028619
chrM	11116	11117	0.000231171112857737
chrM	11117	11118	0.000138702667714642
chrM	11118	11119	0.000138709080821158
chrM	11119	11120	4.62406362711551e-05
chrM	11120	11121	0.000277379686560954
chrM	11121	11122	4.6229947760159e-05
chrM	11122	11123	0
chrM	11123	11124	0.000138683431952663
chrM	11124	11125	0
chrM	11125	11126	0
chrM	11126	11127	0.000184919791040636
chrM	11127	11128	0.000508552935737402
chrM	11128	11129	0.000739952828007215
chrM	11129	11130	0.00013883104262113
chrM	11130	11131	0
chrM	11131	11132	0.000185125190910353
chrM	11132	11133	0
chrM	11133	11134	9.25797342961626e-05
chrM	11134	11135	0.00129617627997408
chrM	11135	11136	0.00125144843568946
chrM	11136	11137	0.000788936328197513
chrM	11137	11138	0.000185778644744787
chrM	11138	11139	4.64511334076551e-05
chrM	11139	11140	0.000139353400222965
chrM	11140	11141	0
chrM	11141	11142	4.6455449224194e-05
chrM	11142	11143	0
chrM	11143	11144	0
chrM	11144	11145	0
chrM	11145	11146	0
chrM	11146	11147	4.6455449224194e-05
chrM	11147	11148	0
chrM	11148	11149	0
chrM	11149	11150	4.64576074332172e-05
chrM	11150	11151	4.64576074332172e-05
chrM	11151	11152	9.29065824313653e-05
chrM	11152	11153	4.64511334076551e-05
chrM	11153	11154	9.28936367858802e-05
chrM	11154	11155	4.64468183929401e-05
chrM	11155	11156	4.64489758000836e-05
chrM	11156	11157	0.000185795903200334
chrM	11157	11158	0.000139366347672582
chrM	11158	11159	0.000185830429732869
chrM	11159	11160	0.000557232412351985
chrM	11160	11161	0.011113662456946
chrM	11161	11162	0.0106779352962559
chrM	11162	11163	0.00905038497906254
chrM	11163	11164	0.00666428124161374
chrM	11164	11165	0.0104452509515801
chrM	11165	11166	0.000751846446419884
chrM	11166	11167	0.000442067105786658
chrM	11167	11168	0.00422591011137034
chrM	11168	11169	0.00065994984381187
chrM	11169	11170	0.000131995776135164
chrM	11170	11171	0.000175978882534096
chrM	11171	11172	0.000483729111697449
chrM	11172	11173	0.00158061116965227
chrM	11173	11174	0.00205932611838934
chrM	11174	11175	0.00109418767507003
chrM	11175	11176	0.000918273645546373
chrM	11176	11177	0.0003933910306845
chrM	11177	11178	0.000829803030964755
chrM	11178	11179	0.000829115028800838
chrM	11179	11180	0.00671839105370378
chrM	11180	11181	0.295025362097415
chrM	11181	11182	0.626039857390986
chrM	11182	11183	0.445143291909713
chrM	11183	11184	0.0411516879548176
chrM	11184	11185	0.00803874033602296
chrM	11185	11186	0.0225527123969183
chrM	11186	11187	0.00658199087656425
chrM	11187	11188	0.0105859040025958
chrM	11188	11189	0.00519389184484041
chrM	11189	11190	0.00544724770642202
chrM	11190	11191	0.00106549958182006
chrM	11191	11192	0.000137474366758698
chrM	11192	11193	0.000561286147114245
chrM	11193	11194	0.000166147217893482
chrM	11194	11195	0.000292159805685086
chrM	11195	11196	0.00493408856261159
chrM	11196	11197	0.00238700194834049
chrM	11197	11198	0.000717928264152018
chrM	11198	11199	0.000142474497065025
chrM	11199	11200	0.000387535049125767
chrM	11200	11201	0.00166197102934062
chrM	11201	11202	5.69168160733089e-06
chrM	11202	11203	6.82962920804758e-05
chrM	11203	11204	0
chrM	11204	11205	7.3983439091711e-05
chrM	11205	11206	0.000102429863995903
chrM	11206	11207	3.98331559809484e-05
chrM	11207	11208	3.98331559809484e-05
chrM	11208	11209	1.70714497075092e-05
chrM	11209	11210	0
chrM	11210	11211	0
chrM	11211	11212	2.2761414849547e-05
chrM	11212	11213	1.13806426648913e-05
chrM	11213	11214	1.13805779057461e-05
chrM	11214	11215	1.70705754490984e-05
chrM	11215	11216	3.98299828731074e-05
chrM	11216	11217	9.10358169042132e-05
chrM	11217	11218	2.27593427101825e-05
chrM	11218	11219	0.000210519128792189
chrM	11219	11220	2.27625805937619e-05
chrM	11220	11221	5.69064514844048e-06
chrM	11221	11222	1.13812255303651e-05
chrM	11222	11223	3.98331559809484e-05
chrM	11223	11224	1.70715468528603e-05
chrM	11224	11225	0.000159313586035026
chrM	11225	11226	0.000164979889520364
chrM	11226	11227	6.82636569978781e-05
chrM	11227	11228	0.0001706300229213
chrM	11228	11229	9.66809982028709e-05
chrM	11229	11230	0.00225847637962832
chrM	11230	11231	0.00222526725856133
chrM	11231	11232	0.0179723297299702
chrM	11232	11233	0.0379882948332495
chrM	11233	11234	0.174482950505456
chrM	11234	11235	0.463790494279469
chrM	11235	11236	0.0188416170141568
chrM	11236	11237	0.00120748548114813
chrM	11237	11238	0.000462249972706346
chrM	11238	11239	0.000483333139690249
chrM	11239	11240	0.0062528620209529
chrM	11240	11241	0.00188965623691799
chrM	11241	11242	0.000691143291575783
chrM	11242	11243	0.000112528395837387
chrM	11243	11244	5.39247866454094e-05
chrM	11244	11245	5.62709257505135e-05
chrM	11245	11246	0.000145372352523265
chrM	11246	11247	7.50410967256286e-05
chrM	11247	11248	0.000213376102345496
chrM	11248	11249	0.00169723643088736
chrM	11249	11250	0.00202100442751837
chrM	11250	11251	0.000714479177368288
chrM	11251	11252	0.000273129007934748
chrM	11252	11253	6.5362376015743e-05
chrM	11253	11254	3.26811880078715e-05
chrM	11254	11255	0.000755829686377336
chrM	11255	11256	0.000109642216452398
chrM	11256	11257	9.79795222798435e-05
chrM	11257	11258	0.000104977324897822
chrM	11258	11259	0.000109638124208331
chrM	11259	11260	4.43217948927296e-05
chrM	11260	11261	0.000149277404065943
chrM	11261	11262	0.000104952596410621
chrM	11262	11263	3.73156954479516e-05
chrM	11263	11264	3.03191439739535e-05
chrM	11264	11265	5.59747180856646e-05
chrM	11265	11266	0.000172596362415043
chrM	11266	11267	0.000118971803682527
chrM	11267	11268	3.96618940187531e-05
chrM	11268	11269	1.86651174619173e-05
chrM	11269	11270	2.33314512629315e-05
chrM	11270	11271	1.16657528493601e-05
chrM	11271	11272	6.99948437131798e-06
chrM	11272	11273	3.03307451097506e-05
chrM	11273	11274	3.26642603994839e-05
chrM	11274	11275	0.000431643933419507
chrM	11275	11276	1.16709810393242e-05
chrM	11276	11277	9.33685021358045e-06
chrM	11277	11278	1.86737876043398e-05
chrM	11278	11279	8.87009052160801e-05
chrM	11279	11280	0.00021242276331669
chrM	11280	11281	0.00141482673041948
chrM	11281	11282	0.000236130821150775
chrM	11282	11283	0.000294625883585363
chrM	11283	11284	0.00158055450341129
chrM	11284	11285	0.00147363939810017
chrM	11285	11286	0.0017342769794598
chrM	11286	11287	0.00104650891167745
chrM	11287	11288	0.000518417844782895
chrM	11288	11289	0.00134335250409303
chrM	11289	11290	0.000487212422284956
chrM	11290	11291	0.0012898449159389
chrM	11291	11292	8.38144905941516e-05
chrM	11292	11293	0.0018175859576377
chrM	11293	11294	0.000246371253588072
chrM	11294	11295	0.000648196549921589
chrM	11295	11296	0.0122522248491803
chrM	11296	11297	0.00199975032019124
chrM	11297	11298	0.0158210835492572
chrM	11298	11299	0.00686379019006345
chrM	11299	11300	0.00706355100586922
chrM	11300	11301	0.0293664614442357
chrM	11301	11302	0.143082573250464
chrM	11302	11303	0.0505821886188537
chrM	11303	11304	0.0187220370537189
chrM	11304	11305	0.100147444234061
chrM	11305	11306	0.0117214579132715
chrM	11306	11307	0.017192062392438
chrM	11307	11308	0.0463178604656675
chrM	11308	11309	0.0352995772724141
chrM	11309	11310	0.0348804124056438
chrM	11310	11311	0.0215866116249922
chrM	11311	11312	0.012930100513401
chrM	11312	11313	0.0129386706562954
chrM	11313	11314	0.0754948978897363
chrM	11314	11315	0.00901557302246166
chrM	11315	11316	0.0083491132315994
chrM	11316	11317	0.00414097795971345
chrM	11317	11318	0.00203269862673788
chrM	11318	11319	0.000562570949238018
chrM	11319	11320	0.000309080172381299
chrM	11320	11321	0.000125679928412713
chrM	11321	11322	0.000123180882327063
chrM	11322	11323	0.000150849660713971
chrM	11323	11324	0.000145841138767844
chrM	11324	11325	0.000138314673426482
chrM	11325	11326	0.000108146445377242
chrM	11326	11327	0.000105631943099593
chrM	11327	11328	0.000379767210245164
chrM	11328	11329	0.00973296605159554
chrM	11329	11330	0.000276864069901828
chrM	11330	11331	0.0010364958311528
chrM	11331	11332	0.00121966403337814
chrM	11332	11333	0.00160975399201217
chrM	11333	11334	0.000873220559267307
chrM	11334	11335	0.0156779123194476
chrM	11335	11336	0.00270245900583515
chrM	11336	11337	0.0021987323740116
chrM	11337	11338	0.00167307538148446
chrM	11338	11339	0.00308868113574404
chrM	11339	11340	0.00499824827747285
chrM	11340	11341	0.00502699926211577
chrM	11341	11342	0.0156851030825184
chrM	11342	11343	0.0116427326084353
chrM	11343	11344	0.0389730000484739
chrM	11344	11345	0.00249665151676483
chrM	11345	11346	0.00126687172572648
chrM	11346	11347	0.000461258504453676
chrM	11347	11348	0.000621848550333153
chrM	11348	11349	0.000152036443698653
chrM	11349	11350	0.000321008303977969
chrM	11350	11351	0.00034080474986058
chrM	11351	11352	0.000726860890658147
chrM	11352	11353	0.000121228182451234
chrM	11353	11354	0.000177634417091251
chrM	11354	11355	0.000101521411147615
chrM	11355	11356	0.00125219274743498
chrM	11356	11357	0.000112950318802275
chrM	11357	11358	0.00266302935827488
chrM	11358	11359	0.159192641017438
chrM	11359	11360	0.00101995132509518
chrM	11360	11361	0.00378591397487285
chrM	11361	11362	0.00132778344629065
chrM	11362	11363	0.00639245145973865
chrM	11363	11364	0.0911608804230732
chrM	11364	11365	0.385474776191059
chrM	11365	11366	0.00202700542853866
chrM	11366	11367	0.00229631688046384
chrM	11367	11368	0.000309949374935427
chrM	11368	11369	0.000511097582057468
chrM	11369	11370	0.00134040949227996
chrM	11370	11371	0.00100521052948618
chrM	11371	11372	0.000968484679476792
chrM	11372	11373	0.000639227044395167
chrM	11373	11374	0.00105745306491744
chrM	11374	11375	0.0024664229717857
chrM	11375	11376	0.00150370004191564
chrM	11376	11377	0.00287815378153782
chrM	11377	11378	0.00401817237604564
chrM	11378	11379	0.000855253083952987
chrM	11379	11380	0.00959970715290242
chrM	11380	11381	0.00150822169350673
chrM	11381	11382	0.00220886832312912
chrM	11382	11383	0.00286061632763416
chrM	11383	11384	0.00172196922051057
chrM	11384	11385	0.00486803907291657
chrM	11385	11386	0.0145599053332931
chrM	11386	11387	0.00419477246393577
chrM	11387	11388	0.0054216673333169
chrM	11388	11389	0.00255394568444033
chrM	11389	11390	0.00232190777077822
chrM	11390	11391	0.00271288218966171
chrM	11391	11392	0.00808478136337598
chrM	11392	11393	0.00702546369792238
chrM	11393	11394	0.0080559225949448
chrM	11394	11395	0.00197997762273811
chrM	11395	11396	0.000725724893537527
chrM	11396	11397	0.00469569949089144
chrM	11397	11398	0.00427895818380249
chrM	11398	11399	0.0011888540000395
chrM	11399	11400	0.00156787846075064
chrM	11400	11401	0.00236993076162216
chrM	11401	11402	0.00507657312555781
chrM	11402	11403	0.00308359868996409
chrM	11403	11404	0.00408272696985169
chrM	11404	11405	0.00722591834692648
chrM	11405	11406	0.0129866855930593
chrM	11406	11407	0.00128915193188625
chrM	11407	11408	0.00166941028372228
chrM	11408	11409	0.0221124633022567
chrM	11409	11410	0.00199721714767102
chrM	11410	11411	0.0054319309967348
chrM	11411	11412	0.00161016596804614
chrM	11412	11413	0.00399280765772912
chrM	11413	11414	0.0130041646343751
chrM	11414	11415	0.0451462272622548
chrM	11415	11416	0.00934195236389946
chrM	11416	11417	0.00755796402512204
chrM	11417	11418	0.00198347597676923
chrM	11418	11419	0.00153935569886563
chrM	11419	11420	0.00116360770434699
chrM	11420	11421	0.000652894498945324
chrM	11421	11422	0.00407184872701346
chrM	11422	11423	0.0031059481697224
chrM	11423	11424	0.00335538549630423
chrM	11424	11425	0.000338663383565283
chrM	11425	11426	0.000670053117618654
chrM	11426	11427	0.000123610320338018
chrM	11427	11428	0.000209784970405335
chrM	11428	11429	0.000468292829125566
chrM	11429	11430	0.00697510778188966
chrM	11430	11431	0.000861821850441335
chrM	11431	11432	0.000578851268726583
chrM	11432	11433	0.00171913273934974
chrM	11433	11434	0.00178507808324921
chrM	11434	11435	0.00421728050089908
chrM	11435	11436	0.0631284258085081
chrM	11436	11437	0.000635774163316004
chrM	11437	11438	0.000808721025880805
chrM	11438	11439	0.000332575223492282
chrM	11439	11440	0.0064902118669749
chrM	11440	11441	0.00410930507627212
chrM	11441	11442	0.00174735884698804
chrM	11442	11443	0.0118249576866605
chrM	11443	11444	0.000214532160321125
chrM	11444	11445	0.000179107547875802
chrM	11445	11446	0.000218157051793677
chrM	11446	11447	0.00238586009813069
chrM	11447	11448	0.00295846415884677
chrM	11448	11449	0.00105023848794187
chrM	11449	11450	0.000433729520559315
chrM	11450	11451	0.000305338604441873
chrM	11451	11452	7.85851809780997e-05
chrM	11452	11453	4.10792042779526e-05
chrM	11453	11454	6.78698684574786e-05
chrM	11454	11455	0.00868039144695188
chrM	11455	11456	0.00502373715807189
chrM	11456	11457	0.00223961144090664
chrM	11457	11458	0.00830322451144852
chrM	11458	11459	0.0217809333629169
chrM	11459	11460	0.0480250583094061
chrM	11460	11461	0.144586180802482
chrM	11461	11462	0.0322536882181959
chrM	11462	11463	0.0206979591482317
chrM	11463	11464	0.0125632514739334
chrM	11464	11465	0.0141311242903152
chrM	11465	11466	0.111478853757219
chrM	11466	11467	0.012889340180441
chrM	11467	11468	0.0566677548958007
chrM	11468	11469	0.137592056411995
chrM	11469	11470	0.0796719249008033
chrM	11470	11471	0.0623247581662695
chrM	11471	11472	0.0140878957621853
chrM	11472	11473	0.00597971068055931
chrM	11473	11474	0.0124170015205464
chrM	11474	11475	0.0100460191171183
chrM	11475	11476	0.00384621946850024
chrM	11476	11477	0.00194255041701224
chrM	11477	11478	0.00187509191627041
chrM	11478	11479	0.0157200997961392
chrM	11479	11480	0.0058134179162818
chrM	11480	11481	0.00143478130227061
chrM	11481	11482	0.00159730389145355
chrM	11482	11483	0.00219236564540432
chrM	11483	11484	0.00112740706441319
chrM	11484	11485	0.00243871715415816
chrM	11485	11486	0.00134607516806999
chrM	11486	11487	0.00271089059836841
chrM	11487	11488	0.00101425278729344
chrM	11488	11489	0.00029696411302911
chrM	11489	11490	0.000106630649202936
chrM	11490	11491	0.000256419370071544
chrM	11491	11492	0.000956651263820058
chrM	11492	11493	0.00108321748571776
chrM	11493	11494	0.000449113191748497
chrM	11494	11495	0.000238536905973319
chrM	11495	11496	0.000159895636371943
chrM	11496	11497	0.000682803504888772
chrM	11497	11498	0.000129536968834929
chrM	11498	11499	0.000444533633414704
chrM	11499	11500	0.00129597206799025
chrM	11500	11501	0.000427431973438156
chrM	11501	11502	0.000570137036509132
chrM	11502	11503	0.000168080067232027
chrM	11503	11504	5.09417862737357e-05
chrM	11504	11505	8.15110103544455e-05
chrM	11505	11506	6.11382412056461e-05
chrM	11506	11507	5.85943968471119e-05
chrM	11507	11508	6.36929693152751e-05
chrM	11508	11509	0.000150321535216004
chrM	11509	11510	0.000114666041524396
chrM	11510	11511	7.39009777863854e-05
chrM	11511	11512	0.000137611873356303
chrM	11512	11513	0.000305839235605804
chrM	11513	11514	2.03953641337324e-05
chrM	11514	11515	3.31430581864628e-05
chrM	11515	11516	0.000145324008801026
chrM	11516	11517	0.000147893537052431
chrM	11517	11518	0.000272875650311129
chrM	11518	11519	0.000645385113796956
chrM	11519	11520	0.0105878178834064
chrM	11520	11521	0.0213473464796871
chrM	11521	11522	0.00111500057990574
chrM	11522	11523	0.000575260120487968
chrM	11523	11524	0.00153928611975804
chrM	11524	11525	0.0070756774908315
chrM	11525	11526	0.0393168674313832
chrM	11526	11527	0.0314324004031499
chrM	11527	11528	0.0496925805244836
chrM	11528	11529	0.008944876970396
chrM	11529	11530	0.010833613970942
chrM	11530	11531	0.0430761404887974
chrM	11531	11532	0.0167627984307652
chrM	11532	11533	0.0300758206895391
chrM	11533	11534	0.011038034057306
chrM	11534	11535	0.0172641634902983
chrM	11535	11536	0.0165873796400064
chrM	11536	11537	0.0158823820084935
chrM	11537	11538	0.0286190961302801
chrM	11538	11539	0.015842336387534
chrM	11539	11540	0.00770102484769324
chrM	11540	11541	0.00985169557451628
chrM	11541	11542	0.00179129243320365
chrM	11542	11543	0.00107353223587487
chrM	11543	11544	0.000762665927111828
chrM	11544	11545	0.000832550189531312
chrM	11545	11546	0.00351540435039178
chrM	11546	11547	0.0157337453850002
chrM	11547	11548	0.0136714854631899
chrM	11548	11549	0.00169265992211808
chrM	11549	11550	0.00175760129892616
chrM	11550	11551	0.000690528630756996
chrM	11551	11552	0.000432285151005063
chrM	11552	11553	0.000740345210523385
chrM	11553	11554	0.00219425367537491
chrM	11554	11555	0.00159232538481197
chrM	11555	11556	0.00222967995416223
chrM	11556	11557	0.00316383294439106
chrM	11557	11558	0.00179917192377519
chrM	11558	11559	0.00461812647162129
chrM	11559	11560	0.00864419412814316
chrM	11560	11561	0.0485599773438077
chrM	11561	11562	0.00894901465308701
chrM	11562	11563	0.00930236892045931
chrM	11563	11564	0.00397194870010377
chrM	11564	11565	0.00244620241224485
chrM	11565	11566	0.0231772879214998
chrM	11566	11567	0.00623527781626715
chrM	11567	11568	0.00544842079238519
chrM	11568	11569	0.00630482966715715
chrM	11569	11570	0.00129217112840248
chrM	11570	11571	0.0018592521189547
chrM	11571	11572	0.0306081060628992
chrM	11572	11573	0.00138002832689724
chrM	11573	11574	0.00119905165914231
chrM	11574	11575	0.000812266435514228
chrM	11575	11576	0.0117396914242099
chrM	11576	11577	0.00181785908837733
chrM	11577	11578	0.00205716528142696
chrM	11578	11579	0.00122567089354173
chrM	11579	11580	0.00134385042360502
chrM	11580	11581	0.000797450621180165
chrM	11581	11582	0.000428274761367768
chrM	11582	11583	0.000218821078325618
chrM	11583	11584	0.000693203524554809
chrM	11584	11585	0.00061905011226058
chrM	11585	11586	0.00309199768868562
chrM	11586	11587	0.00129088573202442
chrM	11587	11588	0.0129748002458513
chrM	11588	11589	0.00569996361725351
chrM	11589	11590	0.0229960824497498
chrM	11590	11591	0.00743454024751969
chrM	11591	11592	0.00821342674724475
chrM	11592	11593	0.00732024532714069
chrM	11593	11594	0.00942084337113422
chrM	11594	11595	0.0034138802571614
chrM	11595	11596	0.00343192683846139
chrM	11596	11597	0.00524793333598716
chrM	11597	11598	0.00640066140167817
chrM	11598	11599	0.00267784726551241
chrM	11599	11600	0.000604176876137027
chrM	11600	11601	0.000369235313665399
chrM	11601	11602	0.0702941531689905
chrM	11602	11603	0.0037237436420592
chrM	11603	11604	0.0162559865727143
chrM	11604	11605	0.0181084965830598
chrM	11605	11606	0.0429125603617688
chrM	11606	11607	0.0290207444580756
chrM	11607	11608	0.0209087772119355
chrM	11608	11609	0.00640852515182147
chrM	11609	11610	0.00922740733019061
chrM	11610	11611	0.0142060939191316
chrM	11611	11612	0.00534410344218617
chrM	11612	11613	0.0281855726042263
chrM	11613	11614	0.104768748861022
chrM	11614	11615	0.277461230518092
chrM	11615	11616	0.251758289650981
chrM	11616	11617	0.24499095840868
chrM	11617	11618	0.0910373113788083
chrM	11618	11619	0.0165274629431145
chrM	11619	11620	0.0229884411183004
chrM	11620	11621	0.00568476038742061
chrM	11621	11622	0.00456035019405595
chrM	11622	11623	0.0038618218528498
chrM	11623	11624	0.0130177279874771
chrM	11624	11625	0.00185217448426152
chrM	11625	11626	0.00414583378039098
chrM	11626	11627	0.00880004252061029
chrM	11627	11628	0.0167446848596397
chrM	11628	11629	0.0034386902024597
chrM	11629	11630	0.00143760186710761
chrM	11630	11631	0.00162923137307177
chrM	11631	11632	0.00540585446324197
chrM	11632	11633	0.000165558468986872
chrM	11633	11634	0.000429600039380004
chrM	11634	11635	0.00111168809464122
chrM	11635	11636	0.00011054329039573
chrM	11636	11637	9.41208810909656e-05
chrM	11637	11638	0.000397430150903929
chrM	11638	11639	0.000929684744202175
chrM	11639	11640	0.00431910189011199
chrM	11640	11641	0.000691167035539508
chrM	11641	11642	0.000711191569147217
chrM	11642	11643	0.000580792616410551
chrM	11643	11644	4.51650103653699e-05
chrM	11644	11645	8.12986097937725e-05
chrM	11645	11646	0.000198740108162798
chrM	11646	11647	0.000102396684756748
chrM	11647	11648	0.000326701936424104
chrM	11648	11649	8.88296022391082e-05
chrM	11649	11650	0.000156588538020149
chrM	11650	11651	0.0043945687406
chrM	11651	11652	0.000675754327775619
chrM	11652	11653	0.00188788561349475
chrM	11653	11654	0.000830496812892705
chrM	11654	11655	0.000758139767614998
chrM	11655	11656	0.00446266725521694
chrM	11656	11657	0.000461583459773687
chrM	11657	11658	0.000550118709826857
chrM	11658	11659	0.000817226400681835
chrM	11659	11660	0.00013122618664331
chrM	11660	11661	0.00502679737764159
chrM	11661	11662	0.0011840381836977
chrM	11662	11663	0.00227873330681977
chrM	11663	11664	0.00309345941104227
chrM	11664	11665	0.00116711694326515
chrM	11665	11666	0.00427979239374708
chrM	11666	11667	0.00231284217258149
chrM	11667	11668	0.00111704204776522
chrM	11668	11669	0.000664956777809442
chrM	11669	11670	0.000610676557965201
chrM	11670	11671	0.000191666406956088
chrM	11671	11672	0.000302250363012034
chrM	11672	11673	0.00257597333548905
chrM	11673	11674	0.00308884863555156
chrM	11674	11675	0.023547624993989
chrM	11675	11676	0.0051750351620778
chrM	11676	11677	0.00537573841034909
chrM	11677	11678	0.00773989363229443
chrM	11678	11679	0.00876146626755107
chrM	11679	11680	0.0241859363799428
chrM	11680	11681	0.019759410192658
chrM	11681	11682	0.025250804082041
chrM	11682	11683	0.0543960564468015
chrM	11683	11684	0.0267768619364617
chrM	11684	11685	0.00191459362608535
chrM	11685	11686	0.00251644970414201
chrM	11686	11687	0.000400498060146837
chrM	11687	11688	0.000567708224554235
chrM	11688	11689	0.00161892452547291
chrM	11689	11690	0.00418611803523933
chrM	11690	11691	0.00267653520043556
chrM	11691	11692	0.00264419733941931
chrM	11692	11693	0.0200043957447688
chrM	11693	11694	0.00831378553488056
chrM	11694	11695	0.00944789795662625
chrM	11695	11696	0.0126210231825249
chrM	11696	11697	0.201518091652038
chrM	11697	11698	0.0274162758304324
chrM	11698	11699	0.0356038965795063
chrM	11699	11700	0.0262850984489515
chrM	11700	11701	0.0141105106945415
chrM	11701	11702	0.131979508347768
chrM	11702	11703	0.0373636567575925
chrM	11703	11704	0.216526979289326
chrM	11704	11705	0.192966596758512
chrM	11705	11706	0.0626636402552539
chrM	11706	11707	0.0339661294003386
chrM	11707	11708	0.0124853815618257
chrM	11708	11709	0.0353537038272511
chrM	11709	11710	0.00979143494372374
chrM	11710	11711	0.00675077983146329
chrM	11711	11712	0.0166794579615558
chrM	11712	11713	0.00773882219773018
chrM	11713	11714	0.00150098764987362
chrM	11714	11715	0.00259760563295592
chrM	11715	11716	0.00130821401657875
chrM	11716	11717	0.00759999517077352
chrM	11717	11718	0.00821781154386584
chrM	11718	11719	0.00837790098621265
chrM	11719	11720	0.00988359866899222
chrM	11720	11721	0.00229254641313311
chrM	11721	11722	0.000550974536210923
chrM	11722	11723	0.000187933421453227
chrM	11723	11724	0.000307002155280437
chrM	11724	11725	0.000281983156206136
chrM	11725	11726	0.000288258480125831
chrM	11726	11727	0.000313318544698024
chrM	11727	11728	0.000777112775358005
chrM	11728	11729	0.00089034911717496
chrM	11729	11730	0.0021641898715914
chrM	11730	11731	0.00440572933360987
chrM	11731	11732	0.00647543311559216
chrM	11732	11733	0.000825658939345824
chrM	11733	11734	0.000552949700644472
chrM	11734	11735	0.000343367288542978
chrM	11735	11736	0.00039431173522603
chrM	11736	11737	0.000426211362667701
chrM	11737	11738	0.000349930650107524
chrM	11738	11739	0.000184519454076926
chrM	11739	11740	0.000273592588822152
chrM	11740	11741	0.00299515191512044
chrM	11741	11742	0.000234790940877103
chrM	11742	11743	0.000425191653551302
chrM	11743	11744	0.000406318248768348
chrM	11744	11745	0.00800736601473203
chrM	11745	11746	0.00997005145007295
chrM	11746	11747	0.00131186951098933
chrM	11747	11748	0.000989631507797391
chrM	11748	11749	0.00389551757497581
chrM	11749	11750	0.028900862881043
chrM	11750	11751	0.00816917945963501
chrM	11751	11752	0.0125507749948993
chrM	11752	11753	0.0961880061518555
chrM	11753	11754	0.00595436327932108
chrM	11754	11755	0.00310247390577245
chrM	11755	11756	0.0456704378676343
chrM	11756	11757	0.00441789671804741
chrM	11757	11758	0.00747352367527236
chrM	11758	11759	0.0143334516567316
chrM	11759	11760	0.0106614703892864
chrM	11760	11761	0.00481507721051543
chrM	11761	11762	0.00231147613259181
chrM	11762	11763	0.000769924963870324
chrM	11763	11764	0.000650273051548344
chrM	11764	11765	0.000277893566763929
chrM	11765	11766	0.000101066887329371
chrM	11766	11767	0.00017687152178994
chrM	11767	11768	0.000252659238485055
chrM	11768	11769	0.00235087984672011
chrM	11769	11770	0.00514901409864031
chrM	11770	11771	0.00322040045523331
chrM	11771	11772	0.00157401623985009
chrM	11772	11773	0.00238559152677858
chrM	11773	11774	0.000800760722686552
chrM	11774	11775	0.00143338215595699
chrM	11775	11776	0.00396654091355569
chrM	11776	11777	0.00201240039871858
chrM	11777	11778	0.0026815544223668
chrM	11778	11779	0.000824578740975269
chrM	11779	11780	0.00279549446882457
chrM	11780	11781	0.00061851896265534
chrM	11781	11782	0.000486243108924771
chrM	11782	11783	0.000833849224899243
chrM	11783	11784	0.00957739355817555
chrM	11784	11785	0.0167228349673203
chrM	11785	11786	0.00348576806984518
chrM	11786	11787	0.00577774882751433
chrM	11787	11788	0.00305261502987108
chrM	11788	11789	0.00116919115618555
chrM	11789	11790	0.000742844370817392
chrM	11790	11791	0.00107793326015656
chrM	11791	11792	0.00162186297556043
chrM	11792	11793	0.00157612693075549
chrM	11793	11794	0.000651041666666667
chrM	11794	11795	0.00170417160152652
chrM	11795	11796	0.00423765116815501
chrM	11796	11797	0.00158836259670812
chrM	11797	11798	0.00113348623245085
chrM	11798	11799	0.00842733908427339
chrM	11799	11800	0.0127074411134904
chrM	11800	11801	0.00412744240896245
chrM	11801	11802	0.000741769085242198
chrM	11802	11803	0.000422225400262869
chrM	11803	11804	0.00336271740240291
chrM	11804	11805	0.00308370344597038
chrM	11805	11806	0.00225049592995417
chrM	11806	11807	0.00134322016475007
chrM	11807	11808	0.00268417773091118
chrM	11808	11809	0.00465634657987583
chrM	11809	11810	0.00219637358877865
chrM	11810	11811	0.00559135385769323
chrM	11811	11812	0.0136201351793306
chrM	11812	11813	0.00559020749858868
chrM	11813	11814	0.00721454807047154
chrM	11814	11815	0.0368403146632229
chrM	11815	11816	0.00797948747414388
chrM	11816	11817	0.00838846025795058
chrM	11817	11818	0.0421858130781127
chrM	11818	11819	0.0749449997335627
chrM	11819	11820	0.056931507751045
chrM	11820	11821	0.00312314617719929
chrM	11821	11822	0.00281692605131704
chrM	11822	11823	0.0156662026750128
chrM	11823	11824	0.035193683358078
chrM	11824	11825	0.022861667537106
chrM	11825	11826	0.00525271787711875
chrM	11826	11827	0.0038703724272276
chrM	11827	11828	0.00510164710320761
chrM	11828	11829	0.00530833132260177
chrM	11829	11830	0.0218135195308101
chrM	11830	11831	0.0139657630691026
chrM	11831	11832	0.0262243257564191
chrM	11832	11833	0.0103263876083349
chrM	11833	11834	0.00246738857180101
chrM	11834	11835	0.000429188553727876
chrM	11835	11836	0.000485264749248773
chrM	11836	11837	0.000634730986073255
chrM	11837	11838	0.0107338526331482
chrM	11838	11839	0.00244275956669203
chrM	11839	11840	0.00744849146860522
chrM	11840	11841	0.0164971729973817
chrM	11841	11842	0.010454339418839
chrM	11842	11843	0.00245563773496653
chrM	11843	11844	0.00050786705603141
chrM	11844	11845	0.000937747257577682
chrM	11845	11846	0.00314928385480144
chrM	11846	11847	0.0658047299162602
chrM	11847	11848	0.0424107762810721
chrM	11848	11849	0.00427733302505708
chrM	11849	11850	0.00784355445515827
chrM	11850	11851	0.00200807127678241
chrM	11851	11852	0.000927906545159746
chrM	11852	11853	0.00203194451228447
chrM	11853	11854	0.00243539836857651
chrM	11854	11855	0.00380362324523567
chrM	11855	11856	0.00340454004270435
chrM	11856	11857	0.0214337193574821
chrM	11857	11858	0.000312714360650446
chrM	11858	11859	0.000343046250706272
chrM	11859	11860	0.000111021396851029
chrM	11860	11861	0.000191783587362471
chrM	11861	11862	0.000181720896893582
chrM	11862	11863	0.000100973383416132
chrM	11863	11864	7.06885060489164e-05
chrM	11864	11865	0.000100989699050697
chrM	11865	11866	8.0798287076314e-05
chrM	11866	11867	6.06023877340767e-05
chrM	11867	11868	5.05040302216117e-05
chrM	11868	11869	8.08064483545787e-05
chrM	11869	11870	5.05060708297137e-05
chrM	11870	11871	4.0406897457396e-05
chrM	11871	11872	0.000171736253523119
chrM	11872	11873	0.000101038677605787
chrM	11873	11874	0.000141465583444485
chrM	11874	11875	0.000333488287487115
chrM	11875	11876	0.00133423630133525
chrM	11876	11877	0.000576800477631273
chrM	11877	11878	8.09921538850924e-05
chrM	11878	11879	0.000992163929779092
chrM	11879	11880	0.00270511235841219
chrM	11880	11881	0.000720870730617715
chrM	11881	11882	0.000568672251840569
chrM	11882	11883	0.00516981475673543
chrM	11883	11884	0.021647606517559
chrM	11884	11885	0.00108497974704472
chrM	11885	11886	0.0010754356031229
chrM	11886	11887	0.00226705727683978
chrM	11887	11888	0.0209373022213461
chrM	11888	11889	0.0259309497064621
chrM	11889	11890	0.00374242539627281
chrM	11890	11891	0.00445531580326723
chrM	11891	11892	0.00337819310541498
chrM	11892	11893	0.0016175354042188
chrM	11893	11894	0.00051794058009345
chrM	11894	11895	0.00123478567648615
chrM	11895	11896	0.000275901646581027
chrM	11896	11897	0.000110371621248745
chrM	11897	11898	0.00136868363540034
chrM	11898	11899	0.000397869189452046
chrM	11899	11900	0.00241014471924025
chrM	11900	11901	0.008266477549754
chrM	11901	11902	0.00766411940832104
chrM	11902	11903	0.00874734033570874
chrM	11903	11904	0.000828867290398765
chrM	11904	11905	0.000624801199618303
chrM	11905	11906	0.000977361578325302
chrM	11906	11907	0.000409495751481578
chrM	11907	11908	0.000739586059371693
chrM	11908	11909	0.000296019673922944
chrM	11909	11910	0.000808591570148166
chrM	11910	11911	0.000250749398771328
chrM	11911	11912	0.00126546200763837
chrM	11912	11913	0.000639240217341674
chrM	11913	11914	0.0033924247270069
chrM	11914	11915	0.00335812770054211
chrM	11915	11916	0.00101198279629246
chrM	11916	11917	0.00200299297801312
chrM	11917	11918	0.00147642336439974
chrM	11918	11919	0.00035809999075871
chrM	11919	11920	0.000693345043160729
chrM	11920	11921	0.000890410166865178
chrM	11921	11922	0.000324074074074074
chrM	11922	11923	0.000162089566063076
chrM	11923	11924	0.00048634753004933
chrM	11924	11925	0.000254877427128227
chrM	11925	11926	0.000173824367858716
chrM	11926	11927	0.000139083670418062
chrM	11927	11928	0.00359349461555404
chrM	11928	11929	0.000127970962225299
chrM	11929	11930	0.000267609894584972
chrM	11930	11931	9.3106618716758e-05
chrM	11931	11932	0.000244427631961823
chrM	11932	11933	0.000267771904906047
chrM	11933	11934	0.000209616750707457
chrM	11934	11935	0.000128125982784527
chrM	11935	11936	0.000512569604622446
chrM	11936	11937	0.000256416233478636
chrM	11937	11938	0.000174874090654729
chrM	11938	11939	0.000279847483121699
chrM	11939	11940	0.000221607940562418
chrM	11940	11941	5.83308056650878e-05
chrM	11941	11942	0.000175002625039376
chrM	11942	11943	9.33510700366403e-05
chrM	11943	11944	0.000326759248453729
chrM	11944	11945	0.000490299082440289
chrM	11945	11946	0.000186872226115394
chrM	11946	11947	0.0003270875192748
chrM	11947	11948	0.000245393037848955
chrM	11948	11949	0.00127379602902853
chrM	11949	11950	0.0040244273380285
chrM	11950	11951	0.00532089832738207
chrM	11951	11952	0.00538478797397352
chrM	11952	11953	0.00255262564260866
chrM	11953	11954	0.000511831643098605
chrM	11954	11955	0.000262001452917148
chrM	11955	11956	0.000297806949622976
chrM	11956	11957	0.000190653225614261
chrM	11957	11958	0.00154933438211353
chrM	11958	11959	4.77452314450094e-05
chrM	11959	11960	0.00165918640183346
chrM	11960	11961	0.000119561448606511
chrM	11961	11962	9.56605962046658e-05
chrM	11962	11963	0.00288198222976932
chrM	11963	11964	0.00515686462630721
chrM	11964	11965	0.00482194951418859
chrM	11965	11966	0.00153838699517891
chrM	11966	11967	0.0811587873494195
chrM	11967	11968	0.000528017952610389
chrM	11968	11969	0.0027333949557639
chrM	11969	11970	0.000542765988429818
chrM	11970	11971	0.00507123563370584
chrM	11971	11972	0.00153015062004364
chrM	11972	11973	0.00249193784813838
chrM	11973	11974	0.0383130502157447
chrM	11974	11975	0.0801671943564961
chrM	11975	11976	0.0252131216676206
chrM	11976	11977	0.0306947659561675
chrM	11977	11978	0.14692065792709
chrM	11978	11979	0.0693635330803258
chrM	11979	11980	0.014249600534211
chrM	11980	11981	0.00519495958155017
chrM	11981	11982	0.00793509589723517
chrM	11982	11983	0.0110155639258048
chrM	11983	11984	0.0186537384903098
chrM	11984	11985	0.0575632953621817
chrM	11985	11986	0.0382805266947845
chrM	11986	11987	0.100849881070102
chrM	11987	11988	0.0256128361313326
chrM	11988	11989	0.0258272800645682
chrM	11989	11990	0.0317127037451786
chrM	11990	11991	0.0139008175080319
chrM	11991	11992	0.021505376344086
chrM	11992	11993	0.113001112409705
chrM	11993	11994	0.111418906320752
chrM	11994	11995	0.0467802798098274
chrM	11995	11996	0.0631946168059347
chrM	11996	11997	0.0352428082644385
chrM	11997	11998	0.0225110199118407
chrM	11998	11999	0.0237899025080466
chrM	11999	12000	0.00868069381839033
chrM	12000	12001	0.0306881537299764
chrM	12001	12002	0.0204869801594537
chrM	12002	12003	0.0182584269662921
chrM	12003	12004	0.0104446742502585
chrM	12004	12005	0.00163714579305781
chrM	12005	12006	0.000628020166425344
chrM	12006	12007	0.000366575313771013
chrM	12007	12008	0.000296860266126497
chrM	12008	12009	0.000244541484716157
chrM	12009	12010	0.000122298513199504
chrM	12010	12011	0.000751341056420471
chrM	12011	12012	0.000419661123642659
chrM	12012	12013	0
chrM	12013	12014	1.74929153692754e-05
chrM	12014	12015	0
chrM	12015	12016	0
chrM	12016	12017	0
chrM	12017	12018	5.24759922335531e-05
chrM	12018	12019	5.24732386482894e-05
chrM	12019	12020	0.000139909059111577
chrM	12020	12021	0.000244780921075637
chrM	12021	12022	0.000244721018039435
chrM	12022	12023	0
chrM	12023	12024	3.49589232651634e-05
chrM	12024	12025	0
chrM	12025	12026	8.73896705409421e-05
chrM	12026	12027	0.00155312020103309
chrM	12027	12028	0.000174480484357825
chrM	12028	12029	0
chrM	12029	12030	5.23423187647213e-05
chrM	12030	12031	6.97848880824857e-05
chrM	12031	12032	1.74462220206214e-05
chrM	12032	12033	0
chrM	12033	12034	0
chrM	12034	12035	0
chrM	12035	12036	0
chrM	12036	12037	0
chrM	12037	12038	0
chrM	12038	12039	0
chrM	12039	12040	3.48918353105373e-05
chrM	12040	12041	0
chrM	12041	12042	0.000401095164187434
chrM	12042	12043	0.00134099616858238
chrM	12043	12044	0.000278570931123337
chrM	12044	12045	0.000469867566956128
chrM	12045	12046	0.000434873364876148
chrM	12046	12047	0
chrM	12047	12048	0.00010436234606554
chrM	12048	12049	0
chrM	12049	12050	0.000347868436157445
chrM	12050	12051	0.000347916847873358
chrM	12051	12052	0.00236127508854782
chrM	12052	12053	0.00444836777789317
chrM	12053	12054	0.000415713988775722
chrM	12054	12055	0.000640903500718851
chrM	12055	12056	0.00408643856489819
chrM	12056	12057	0.000781589231437256
chrM	12057	12058	0.00629225982513775
chrM	12058	12059	0.000542251919746716
chrM	12059	12060	0.00404270213510676
chrM	12060	12061	0.004849166329919
chrM	12061	12062	0.00155342547970838
chrM	12062	12063	0.000424305641497092
chrM	12063	12064	0.00175100373193725
chrM	12064	12065	0.00228561304039688
chrM	12065	12066	0.000497238550194456
chrM	12066	12067	0.000355347085265533
chrM	12067	12068	0.000675399463235163
chrM	12068	12069	0.000177856825255669
chrM	12069	12070	0.000587031930979276
chrM	12070	12071	0.00024918126156913
chrM	12071	12072	0.000249225620393776
chrM	12072	12073	0.00137100938340188
chrM	12073	12074	8.91472177153351e-05
chrM	12074	12075	0.000303127563211012
chrM	12075	12076	0.000428074556318559
chrM	12076	12077	0.00112405659535747
chrM	12077	12078	0.00133952491516342
chrM	12078	12079	0.000840561566663686
chrM	12079	12080	0.00250586192700782
chrM	12080	12081	0.00321174169701972
chrM	12081	12082	0.00145775218212904
chrM	12082	12083	0.0011343176089305
chrM	12083	12084	0.00201348314606742
chrM	12084	12085	0.0113889136044132
chrM	12085	12086	0.00089032924375434
chrM	12086	12087	0.00105096278879211
chrM	12087	12088	0.00181857081728712
chrM	12088	12089	0.0669964992498392
chrM	12089	12090	0.0324247760508384
chrM	12090	12091	0.0831173968944714
chrM	12091	12092	0.0489504454943585
chrM	12092	12093	0.177365937755195
chrM	12093	12094	0.0539623890145039
chrM	12094	12095	0.32015971554312
chrM	12095	12096	0.159171775196125
chrM	12096	12097	0.236973590292648
chrM	12097	12098	0.136442603233997
chrM	12098	12099	0.0261528938409161
chrM	12099	12100	0.0128714444621007
chrM	12100	12101	0.00740502253702511
chrM	12101	12102	0.0191372040220564
chrM	12102	12103	0.0102513227513228
chrM	12103	12104	0.231373204143
chrM	12104	12105	0.0724842425559661
chrM	12105	12106	0.0324545987111892
chrM	12106	12107	0.0307580527972875
chrM	12107	12108	0.0283608195902049
chrM	12108	12109	0.00437186575800437
chrM	12109	12110	0.00309957380860132
chrM	12110	12111	0.00194325689856199
chrM	12111	12112	0.00571131879543095
chrM	12112	12113	0.00339425587467363
chrM	12113	12114	0.00196489389572963
chrM	12114	12115	0.0010498687664042
chrM	12115	12116	0.000525417049783265
chrM	12116	12117	0.000919963201471941
chrM	12117	12118	0.000789265982636148
chrM	12118	12119	0.000394944707740916
chrM	12119	12120	0.00302870687384777
chrM	12120	12121	0.00250858199102192
chrM	12121	12122	0.00489612280005293
chrM	12122	12123	0.00252659574468085
chrM	12123	12124	0.00066657778962805
chrM	12124	12125	0.00253468516542156
chrM	12125	12126	0.00334224598930481
chrM	12126	12127	0.00254759989273264
chrM	12127	12128	0.00752789353407716
chrM	12128	12129	0.00270892591087634
chrM	12129	12130	0.0122232785549368
chrM	12130	12131	0.0162243915853156
chrM	12131	12132	0.00517120894479385
chrM	12132	12133	0.00224782242202866
chrM	12133	12134	0.00225288651084202
chrM	12134	12135	0.00239909681061248
chrM	12135	12136	0.00183901541943698
chrM	12136	12137	0.00354308390022676
chrM	12137	12138	0.0273076376048926
chrM	12138	12139	0.0122824974411464
chrM	12139	12140	0.00858623242042931
chrM	12140	12141	0.0424070479319098
chrM	12141	12142	0.0498986433806331
chrM	12142	12143	0.00771376989988511
chrM	12143	12144	0.153655309295402
chrM	12144	12145	0.103771741254641
chrM	12145	12146	0.0396860008722198
chrM	12146	12147	0.0554041780199818
chrM	12147	12148	0.0615384615384615
chrM	12148	12149	0.0722151088348271
chrM	12149	12150	0.0407601211787386
chrM	12150	12151	0.0504009163802978
chrM	12151	12152	0.0165712564025309
chrM	12152	12153	0.0101071975497703
chrM	12153	12154	0.010210396039604
chrM	12154	12155	0.00906533291653642
chrM	12155	12156	0.00504731861198738
chrM	12156	12157	0.00760938490805327
chrM	12157	12158	0.0258290816326531
chrM	12158	12159	0.00326477309826967
chrM	12159	12160	0.00785597381342062
chrM	12160	12161	0.00296931705707687
chrM	12161	12162	0.00198544010589014
chrM	12162	12163	0.000663129973474801
chrM	12163	12164	0.00132669983416252
chrM	12164	12165	0.00166002656042497
chrM	12165	12166	0.00299301629531094
chrM	12166	12167	0.00066711140760507
chrM	12167	12168	0
chrM	12168	12169	0
chrM	12169	12170	0
chrM	12170	12171	0.00100133511348465
chrM	12171	12172	0.000667779632721202
chrM	12172	12173	0
chrM	12173	12174	0
chrM	12174	12175	0
chrM	12175	12176	0
chrM	12176	12177	0
chrM	12177	12178	0
chrM	12178	12179	0
chrM	12179	12180	0
chrM	12180	12181	0
chrM	12181	12182	0
chrM	12182	12183	0
chrM	12183	12184	0
chrM	12184	12185	0.000333778371161549
chrM	12185	12186	0
chrM	12186	12187	0.000333778371161549
chrM	12187	12188	0
chrM	12188	12189	0.000667556742323097
chrM	12189	12190	0.000333778371161549
chrM	12190	12191	0
chrM	12191	12192	0
chrM	12192	12193	0
chrM	12193	12194	0
chrM	12194	12195	0
chrM	12195	12196	0
chrM	12196	12197	0.00133511348464619
chrM	12197	12198	0.00300802139037433
chrM	12198	12199	0.000335232986925914
chrM	12199	12200	0
chrM	12200	12201	0
chrM	12201	12202	0
chrM	12202	12203	0.000670465973851827
chrM	12203	12204	0
chrM	12204	12205	0.000335232986925914
chrM	12205	12206	0.00133913625711416
chrM	12206	12207	0.00533333333333333
chrM	12207	12208	0.00199866755496336
chrM	12208	12209	0
chrM	12209	12210	0.0141261498028909
chrM	12210	12211	0.0155239327296248
chrM	12211	12212	0.00738362760834671
chrM	12212	12213	0.0167403663929248
chrM	12213	12214	0.0140756959649672
chrM	12214	12215	0.0218461538461538
chrM	12215	12216	0.0308106491175591
chrM	12216	12217	0.113443145589798
chrM	12217	12218	0.00344370860927152
chrM	12218	12219	0.0808375943511079
chrM	12219	12220	0.0041232112539413
chrM	12220	12221	0.00290275761973875
chrM	12221	12222	0.0363636363636364
chrM	12222	12223	0.00556457222351032
chrM	12223	12224	0.0211123723041998
chrM	12224	12225	0.000226963231956423
chrM	12225	12226	0.00586774994357933
chrM	12226	12227	0.00761819403988349
chrM	12227	12228	0.00579322638146168
chrM	12228	12229	0.000222816399286988
chrM	12229	12230	0.000445732114998886
chrM	12230	12231	0.000891464229997771
chrM	12231	12232	0.00488129576214777
chrM	12232	12233	0.257006264424662
chrM	12233	12234	0.0424759197852519
chrM	12234	12235	0.00283553875236295
chrM	12235	12236	0.0014162077104642
chrM	12236	12237	0.00641125879593432
chrM	12237	12238	0.0773337180781994
chrM	12238	12239	0.00716229766509096
chrM	12239	12240	0.00299957148978717
chrM	12240	12241	0.000571265352756355
chrM	12241	12242	0
chrM	12242	12243	0.00157142857142857
chrM	12243	12244	0
chrM	12244	12245	0.000429245957933896
chrM	12245	12246	0
chrM	12246	12247	0.00257216347527865
chrM	12247	12248	0.00963582258750177
chrM	12248	12249	0.00592049619396673
chrM	12249	12250	0.00505050505050505
chrM	12250	12251	0.00391280044717719
chrM	12251	12252	0.000977380619938565
chrM	12252	12253	0.000139625802848366
chrM	12253	12254	0
chrM	12254	12255	0.000977380619938565
chrM	12255	12256	0.0107602012297373
chrM	12256	12257	0.00338983050847458
chrM	12257	12258	0.00155785299532644
chrM	12258	12259	0.000991782374610371
chrM	12259	12260	0.0024045261669024
chrM	12260	12261	0.000141442715700141
chrM	12261	12262	0.000282805429864253
chrM	12262	12263	0.000282805429864253
chrM	12263	12264	0.000424328147100424
chrM	12264	12265	0.000141502759303806
chrM	12265	12266	0
chrM	12266	12267	0.000707613925842061
chrM	12267	12268	0
chrM	12268	12269	0.000141622999575131
chrM	12269	12270	0.000424929178470255
chrM	12270	12271	0
chrM	12271	12272	0
chrM	12272	12273	0
chrM	12273	12274	0
chrM	12274	12275	0.00014168319637291
chrM	12275	12276	0.000141663125088539
chrM	12276	12277	0.000141643059490085
chrM	12277	12278	0.000283205890682526
chrM	12278	12279	0
chrM	12279	12280	0.000424628450106157
chrM	12280	12281	0.000141522785168412
chrM	12281	12282	0
chrM	12282	12283	0
chrM	12283	12284	0
chrM	12284	12285	0.000141522785168412
chrM	12285	12286	0
chrM	12286	12287	0.000141522785168412
chrM	12287	12288	0
chrM	12288	12289	0
chrM	12289	12290	0.000283045570336824
chrM	12290	12291	0.000848896434634975
chrM	12291	12292	0
chrM	12292	12293	0.000424388173716226
chrM	12293	12294	0.000989259468626343
chrM	12294	12295	0.000141302811925957
chrM	12295	12296	0.000141282848262221
chrM	12296	12297	0
chrM	12297	12298	0.00239639131660558
chrM	12298	12299	0.000281888653981677
chrM	12299	12300	0.00210970464135021
chrM	12300	12301	0.00084328882642305
chrM	12301	12302	0.00280347631062518
chrM	12302	12303	0.024753829321663
chrM	12303	12304	0.0280585106382979
chrM	12304	12305	0.0381171655154771
chrM	12305	12306	0.0379030273197145
chrM	12306	12307	0.0949303621169916
chrM	12307	12308	0.00488021295474712
chrM	12308	12309	0.00298837852794687
chrM	12309	12310	0.00682819383259912
chrM	12310	12311	0.00528343423225096
chrM	12311	12312	0.000552364118426867
chrM	12312	12313	0.00132464951981455
chrM	12313	12314	0.0251322751322751
chrM	12314	12315	0.00684163301929116
chrM	12315	12316	0.00402594497875196
chrM	12316	12317	0.0166482910694598
chrM	12317	12318	0.0151350174216028
chrM	12318	12319	0.00727470141150923
chrM	12319	12320	0.00478781284004353
chrM	12320	12321	0.0358504958047292
chrM	12321	12322	0.0174706943192065
chrM	12322	12323	0.011118752865658
chrM	12323	12324	0.00892236384704519
chrM	12324	12325	0.0172796263864565
chrM	12325	12326	0.0117757889778615
chrM	12326	12327	0.0200952491578581
chrM	12327	12328	0.187393202961838
chrM	12328	12329	0.1724442304606
chrM	12329	12330	0.0944386925011093
chrM	12330	12331	0.0474000707463742
chrM	12331	12332	0.013170800056046
chrM	12332	12333	0.00370810886447912
chrM	12333	12334	0.00419316514082046
chrM	12334	12335	0.0238475978585831
chrM	12335	12336	0.00889390837862638
chrM	12336	12337	0.0174418604651163
chrM	12337	12338	0.0129533678756477
chrM	12338	12339	0.0212083667371183
chrM	12339	12340	0.00141390087810686
chrM	12340	12341	0.00119109655326435
chrM	12341	12342	0.00386301166332368
chrM	12342	12343	0.000669344042838019
chrM	12343	12344	0.000520717101837387
chrM	12344	12345	0.000595105259242729
chrM	12345	12346	0.00037202380952381
chrM	12346	12347	0.00564971751412429
chrM	12347	12348	0.000522700119474313
chrM	12348	12349	0.00104594695554725
chrM	12349	12350	0.000747775368279369
chrM	12350	12351	0.000374111485222596
chrM	12351	12352	0.000149689394506399
chrM	12352	12353	7.48502994011976e-05
chrM	12353	12354	0.00621210987201557
chrM	12354	12355	0.000150602409638554
chrM	12355	12356	0.000150625094140684
chrM	12356	12357	0.000978989381730552
chrM	12357	12358	0.00105485232067511
chrM	12358	12359	0.00120645453174483
chrM	12359	12360	0
chrM	12360	12361	0.000150954789040682
chrM	12361	12362	0.00263574064312072
chrM	12362	12363	7.53352418261263e-05
chrM	12363	12364	0.000150681835304754
chrM	12364	12365	0.000828375630695082
chrM	12365	12366	0.00045194335643266
chrM	12366	12367	0.000226039783001808
chrM	12367	12368	0.000150704543741994
chrM	12368	12369	0
chrM	12369	12370	7.53636295123973e-05
chrM	12370	12371	0.000150738619234248
chrM	12371	12372	7.53749905781262e-05
chrM	12372	12373	7.53693096171239e-05
chrM	12373	12374	0.000527306967984934
chrM	12374	12375	0.00165450853575995
chrM	12375	12376	0.0022510692578975
chrM	12376	12377	0.019933799190879
chrM	12377	12378	0.155762659210935
chrM	12378	12379	0.00997721253926218
chrM	12379	12380	0.0123076923076923
chrM	12380	12381	0.00583887197962606
chrM	12381	12382	0.00736165699669349
chrM	12382	12383	0.00929823459194572
chrM	12383	12384	0.0261928805857107
chrM	12384	12385	0.00935121888301303
chrM	12385	12386	0.0279115159401431
chrM	12386	12387	0.0086304944135947
chrM	12387	12388	0.0257425742574257
chrM	12388	12389	0.236271529888551
chrM	12389	12390	0.543230547416399
chrM	12390	12391	0.0725797728501893
chrM	12391	12392	0.00583649207443143
chrM	12392	12393	0.000559910414333707
chrM	12393	12394	0.000279949178456834
chrM	12394	12395	0.0048633527006671
chrM	12395	12396	0.000648130144533022
chrM	12396	12397	0.00172901942985584
chrM	12397	12398	0.00160169693296682
chrM	12398	12399	0.00123534383736807
chrM	12399	12400	0.000325421963813078
chrM	12400	12401	8.68036717953169e-05
chrM	12401	12402	2.17023308303312e-05
chrM	12402	12403	0.000672655470207872
chrM	12403	12404	0.000802812011803506
chrM	12404	12405	0.00119243777642876
chrM	12405	12406	0.000411834832556627
chrM	12406	12407	0.00134236906488839
chrM	12407	12408	0.000259790868350977
chrM	12408	12409	6.49434991557345e-05
chrM	12409	12410	0.000216459586995108
chrM	12410	12411	0.000865650969529086
chrM	12411	12412	0.00422205863248603
chrM	12412	12413	0.00136977366120931
chrM	12413	12414	0.000391883654097361
chrM	12414	12415	0.000196001568012544
chrM	12415	12416	0.000304858132090673
chrM	12416	12417	0.000326541274817137
chrM	12417	12418	0.000130605137135394
chrM	12418	12419	0.000108830507367825
chrM	12419	12420	0.000108825769942322
chrM	12420	12421	0.00241535381669423
chrM	12421	12422	0.000239860444832098
chrM	12422	12423	0.000479825517993457
chrM	12423	12424	0.000392772977219167
chrM	12424	12425	0.000152791723054088
chrM	12425	12426	4.36557309060747e-05
chrM	12426	12427	2.18278654530373e-05
chrM	12427	12428	2.18283419191478e-05
chrM	12428	12429	0.000109132180897503
chrM	12429	12430	0.00028366318270091
chrM	12430	12431	2.18197687104517e-05
chrM	12431	12432	0
chrM	12432	12433	4.36376330947809e-05
chrM	12433	12434	0.000784860905206244
chrM	12434	12435	0.000196185286103542
chrM	12435	12436	0.00106704993358159
chrM	12436	12437	0.00165231759283416
chrM	12437	12438	0.00577172503242542
chrM	12438	12439	0.00179122515484386
chrM	12439	12440	0.00174512549822256
chrM	12440	12441	0.00174231017423102
chrM	12441	12442	0.0015896543575863
chrM	12442	12443	0.00199686513645245
chrM	12443	12444	0.00264101518046937
chrM	12444	12445	0.00167684237681658
chrM	12445	12446	0.00850248617000667
chrM	12446	12447	0.00188802083333333
chrM	12447	12448	0.0215245466800017
chrM	12448	12449	0.00413296595858146
chrM	12449	12450	0.00301204819277108
chrM	12450	12451	0.00181260769351265
chrM	12451	12452	0.000291440613370399
chrM	12452	12453	4.48500885789249e-05
chrM	12453	12454	8.97042003991837e-05
chrM	12454	12455	6.72811680010765e-05
chrM	12455	12456	2.24275589844801e-05
chrM	12456	12457	2.24280619911633e-05
chrM	12457	12458	4.485713004082e-05
chrM	12458	12459	2.24290680722216e-05
chrM	12459	12460	0.000112145340361108
chrM	12460	12461	0
chrM	12461	12462	2.24315836698071e-05
chrM	12462	12463	4.48631673396142e-05
chrM	12463	12464	0.000403759449092663
chrM	12464	12465	0.000246830472343768
chrM	12465	12466	0.00103245499842887
chrM	12466	12467	0.000179738929205329
chrM	12467	12468	0.000202233557288273
chrM	12468	12469	8.98957209636821e-05
chrM	12469	12470	0.000224749404414078
chrM	12470	12471	0.00121310149615851
chrM	12471	12472	0.00201929549024007
chrM	12472	12473	0.00319953461314718
chrM	12473	12474	0.00858081383656231
chrM	12474	12475	0.00128138839556685
chrM	12475	12476	0.000764405674588008
chrM	12476	12477	0.000764921595536458
chrM	12477	12478	0.0131898802556946
chrM	12478	12479	0.00473685409122999
chrM	12479	12480	0.021407356636966
chrM	12480	12481	0.00669793927512894
chrM	12481	12482	0.0156220635218944
chrM	12482	12483	0.000835182666380318
chrM	12483	12484	0.00226865671641791
chrM	12484	12485	0.000335088559119196
chrM	12485	12486	0.000478812544888676
chrM	12486	12487	0.00193830912441073
chrM	12487	12488	0.00134054675156796
chrM	12488	12489	0.000742408276654852
chrM	12489	12490	0.000718769466673056
chrM	12490	12491	0.000263656192325208
chrM	12491	12492	9.58818735318088e-05
chrM	12492	12493	0.00170174008916159
chrM	12493	12494	0.00661236224245328
chrM	12494	12495	0.0091309974596175
chrM	12495	12496	0.00941840174025291
chrM	12496	12497	0.0098812351543943
chrM	12497	12498	0.104753370882403
chrM	12498	12499	0.000982192424307127
chrM	12499	12500	0.000192196809532962
chrM	12500	12501	0.000747416075852054
chrM	12501	12502	0.000811948462639687
chrM	12502	12503	0.00328863073374904
chrM	12503	12504	0.00280237881316048
chrM	12504	12505	0.00102953477897175
chrM	12505	12506	0.00113792511164548
chrM	12506	12507	0.00038689708537529
chrM	12507	12508	0.000516051347109037
chrM	12508	12509	0.00114017726529559
chrM	12509	12510	0.000409200551343901
chrM	12510	12511	0.000667901926142974
chrM	12511	12512	0.00508500140053005
chrM	12512	12513	0.0142421819282056
chrM	12513	12514	0.00390565337871746
chrM	12514	12515	0.00117790768693831
chrM	12515	12516	0.0022448890632492
chrM	12516	12517	0.00265951649118218
chrM	12517	12518	0.00526017111925965
chrM	12518	12519	0.00521643835616438
chrM	12519	12520	0.154006815433659
chrM	12520	12521	0.00667218371780283
chrM	12521	12522	0.0227968255614918
chrM	12522	12523	0.00922660869104117
chrM	12523	12524	0.00869146631722515
chrM	12524	12525	0.0315367435352367
chrM	12525	12526	0.0105373786542025
chrM	12526	12527	0.0239744124600195
chrM	12527	12528	0.0412535159246527
chrM	12528	12529	0.127531683051048
chrM	12529	12530	0.0763203419151318
chrM	12530	12531	0.00756351887208107
chrM	12531	12532	0.0073608285555761
chrM	12532	12533	0.00495252280767083
chrM	12533	12534	0.00998392102606289
chrM	12534	12535	0.000793111262179923
chrM	12535	12536	0.00211648210438792
chrM	12536	12537	0.000568052715291979
chrM	12537	12538	0.00132615944225523
chrM	12538	12539	0.000151762340175286
chrM	12539	12540	0.000569151963574274
chrM	12540	12541	0.00026569498216048
chrM	12541	12542	0.000379607485859621
chrM	12542	12543	0.000265826149698097
chrM	12543	12544	7.59705234369065e-05
chrM	12544	12545	0.000151946818613485
chrM	12545	12546	0.000341919307043538
chrM	12546	12547	3.80040284270133e-05
chrM	12547	12548	3.80040284270133e-05
chrM	12548	12549	0.0113623408702261
chrM	12549	12550	0.000115304788992236
chrM	12550	12551	0.000615029790505478
chrM	12551	12552	0.000192300296142456
chrM	12552	12553	0.000269220414599438
chrM	12553	12554	0.000653619900803568
chrM	12554	12555	0.00608030592734226
chrM	12555	12556	0.000993997782620331
chrM	12556	12557	0.000840753620972981
chrM	12557	12558	0.00675753063795671
chrM	12558	12559	0.00076728305071741
chrM	12559	12560	0.00183999693333844
chrM	12560	12561	0.00130333116111473
chrM	12561	12562	0.00417720548785161
chrM	12562	12563	0.000960947109471095
chrM	12563	12564	0.00142225639054392
chrM	12564	12565	0.01777283021765
chrM	12565	12566	0.00551992225461613
chrM	12566	12567	0.00330893802553722
chrM	12567	12568	0.141377564926216
chrM	12568	12569	0.0234068461642538
chrM	12569	12570	0.0241290559794099
chrM	12570	12571	0.0430921052631579
chrM	12571	12572	0.0234543670264966
chrM	12572	12573	0.0241992167888342
chrM	12573	12574	0.00462629793358692
chrM	12574	12575	0.015977204498041
chrM	12575	12576	0.00193531958237841
chrM	12576	12577	0.00695219730031462
chrM	12577	12578	0.00476480129764801
chrM	12578	12579	0.00670870113493064
chrM	12579	12580	0.0132450331125828
chrM	12580	12581	0.00908327985387767
chrM	12581	12582	0.0154654216515903
chrM	12582	12583	0.0179153094462541
chrM	12583	12584	0.00326201669385014
chrM	12584	12585	0.0148952527388045
chrM	12585	12586	0.0216439688715953
chrM	12586	12587	0.015120071153276
chrM	12587	12588	0.0149461937026704
chrM	12588	12589	0.123323257132061
chrM	12589	12590	0.0076007600760076
chrM	12590	12591	0.00620620620620621
chrM	12591	12592	0.011622106943336
chrM	12592	12593	0.068074126202205
chrM	12593	12594	0.00310807628914528
chrM	12594	12595	0.0117891162878431
chrM	12595	12596	0.00505556350455478
chrM	12596	12597	0.00421556886227545
chrM	12597	12598	0.00655722012157182
chrM	12598	12599	0.0499540441176471
chrM	12599	12600	0.00809398270200268
chrM	12600	12601	0.00279225614296351
chrM	12601	12602	0.00181869054280918
chrM	12602	12603	0.000793502613890963
chrM	12603	12604	0.0143619959491806
chrM	12604	12605	0.00216091954022988
chrM	12605	12606	0.000827776500344907
chrM	12606	12607	0.00041383115688799
chrM	12607	12608	0.00101089004273308
chrM	12608	12609	0.000275735294117647
chrM	12609	12610	0.000183848876223744
chrM	12610	12611	0.000137899333486555
chrM	12611	12612	0.000275824024272514
chrM	12612	12613	0
chrM	12613	12614	0.0001379373764311
chrM	12614	12615	0.000367782272894446
chrM	12615	12616	0.000183924958616884
chrM	12616	12617	4.59875833524948e-05
chrM	12617	12618	0.000321868677579548
chrM	12618	12619	0.000643648567881936
chrM	12619	12620	0.00229473587590068
chrM	12620	12621	0.00260977061489859
chrM	12621	12622	0.00374087591240876
chrM	12622	12623	0.0351235088030511
chrM	12623	12624	0.0025840944531076
chrM	12624	12625	0.00040099803956514
chrM	12625	12626	0.00347640058831395
chrM	12626	12627	0.00120751341681574
chrM	12627	12628	0.00389540610728038
chrM	12628	12629	0.0106440312584209
chrM	12629	12630	0.00389686891114233
chrM	12630	12631	0.0126924115581961
chrM	12631	12632	0.0255281690140845
chrM	12632	12633	0.010460706969446
chrM	12633	12634	0.00361514003223137
chrM	12634	12635	0.00074235807860262
chrM	12635	12636	0.00214132762312634
chrM	12636	12637	0.0171673819742489
chrM	12637	12638	0.0202281233291748
chrM	12638	12639	0.0106387815412594
chrM	12639	12640	0.00367562600505399
chrM	12640	12641	0.00198266322390262
chrM	12641	12642	0.000969573849208181
chrM	12642	12643	0.000277072269683676
chrM	12643	12644	0.000830871491875923
chrM	12644	12645	0.00285490629460791
chrM	12645	12646	0.044962127884446
chrM	12646	12647	0.00431224148552319
chrM	12647	12648	0.000925640234495526
chrM	12648	12649	0.00282012866837049
chrM	12649	12650	0.000971345313258863
chrM	12650	12651	0.00048605894569396
chrM	12651	12652	0.000927766732935719
chrM	12652	12653	0.000707088562842496
chrM	12653	12654	0.00123828055899522
chrM	12654	12655	0.00115125752745306
chrM	12655	12656	0.000709282737831368
chrM	12656	12657	0.000665424540857067
chrM	12657	12658	0.000221955875172016
chrM	12658	12659	4.44010301038984e-05
chrM	12659	12660	0.00137460092231288
chrM	12660	12661	0.0072202166064982
chrM	12661	12662	0.0068651886833705
chrM	12662	12663	0.0103864629765872
chrM	12663	12664	0.0131550847819587
chrM	12664	12665	0.00577519215253302
chrM	12665	12666	0.0105055259066269
chrM	12666	12667	0.00439348926733336
chrM	12667	12668	0.00928689883913764
chrM	12668	12669	0.019792725055883
chrM	12669	12670	0.2146438036849
chrM	12670	12671	0.013470456481277
chrM	12671	12672	0.0011673397274104
chrM	12672	12673	0.000473186119873817
chrM	12673	12674	0.00132375189107413
chrM	12674	12675	0.0192579117397986
chrM	12675	12676	0.0056942898043582
chrM	12676	12677	0.00774053224155578
chrM	12677	12678	0.00344849813072064
chrM	12678	12679	0.00109914977532085
chrM	12679	12680	0.00025879079998706
chrM	12680	12681	0.000711375541615469
chrM	12681	12682	0.00148564415592804
chrM	12682	12683	0.000581226387678001
chrM	12683	12684	0.000129190620760933
chrM	12684	12685	0.000387596899224806
chrM	12685	12686	0.00012923235978289
chrM	12686	12687	0.000258464719565779
chrM	12687	12688	0.00158176770611402
chrM	12688	12689	0.00096896095087368
chrM	12689	12690	0.000161650124470596
chrM	12690	12691	0.000291007857212145
chrM	12691	12692	0.00051739749062217
chrM	12692	12693	0.000872741377638427
chrM	12693	12694	0.00431784494425469
chrM	12694	12695	0.00312208310534616
chrM	12695	12696	0.00157708400386225
chrM	12696	12697	0.000708374923527707
chrM	12697	12698	0.000579691475314805
chrM	12698	12699	0.00177173597912573
chrM	12699	12700	0.0819703861414884
chrM	12700	12701	0.00333286556272804
chrM	12701	12702	0.00709618492236352
chrM	12702	12703	0.00377664831286178
chrM	12703	12704	0.0174730247128437
chrM	12704	12705	0.00292560601838952
chrM	12705	12706	0.00230205790024416
chrM	12706	12707	0.0377358490566038
chrM	12707	12708	0.0135299688810716
chrM	12708	12709	0.0252813793575314
chrM	12709	12710	0.0402159812068301
chrM	12710	12711	0.0176008763921855
chrM	12711	12712	0.012042818911686
chrM	12712	12713	0.0169300225733634
chrM	12713	12714	0.013203214695752
chrM	12714	12715	0.00593368237347295
chrM	12715	12716	0.00140411092476306
chrM	12716	12717	0.00268806731855546
chrM	12717	12718	0.00508185274264877
chrM	12718	12719	0.0133726722354203
chrM	12719	12720	0.0108473033452173
chrM	12720	12721	0.00230876953938155
chrM	12721	12722	0.000794611775389738
chrM	12722	12723	0.0089805734039755
chrM	12723	12724	0.00120436582611968
chrM	12724	12725	0.00101733232856066
chrM	12725	12726	0.001810432617961
chrM	12726	12727	0.00109578688834309
chrM	12727	12728	0.000794371311847481
chrM	12728	12729	0.000227135069654755
chrM	12729	12730	0.00030288115700602
chrM	12730	12731	0.000189336564677371
chrM	12731	12732	0.00037861578070574
chrM	12732	12733	0.00787341963812552
chrM	12733	12734	0.000724416653957603
chrM	12734	12735	0.000800945878942751
chrM	12735	12736	0.000229025116421101
chrM	12736	12737	0.000190897984117288
chrM	12737	12738	0.000190934433115668
chrM	12738	12739	0.00183262064752596
chrM	12739	12740	0.000879406591725931
chrM	12740	12741	0.000841911905399717
chrM	12741	12742	0.000880922287333869
chrM	12742	12743	0.000383347389404278
chrM	12743	12744	3.83494400981746e-05
chrM	12744	12745	0
chrM	12745	12746	0
chrM	12746	12747	3.83509108341323e-05
chrM	12747	12748	3.83523816829025e-05
chrM	12748	12749	7.67077052889963e-05
chrM	12749	12750	0.00943396226415094
chrM	12750	12751	0.00030965744145539
chrM	12751	12752	0.000735635744153632
chrM	12752	12753	0.000542404401224284
chrM	12753	12754	0.000697647378008604
chrM	12754	12755	0.00693879133232546
chrM	12755	12756	0.00448675432093949
chrM	12756	12757	0.0126964222736001
chrM	12757	12758	0.0133751389109382
chrM	12758	12759	0.00390200732129209
chrM	12759	12760	0.00137307164203215
chrM	12760	12761	0.0019411193788418
chrM	12761	12762	0.00125607779578606
chrM	12762	12763	0.000567974360014605
chrM	12763	12764	0.00089303836005683
chrM	12764	12765	0
chrM	12765	12766	0.00178767318083939
chrM	12766	12767	0.00297122390003663
chrM	12767	12768	0.00224517287831163
chrM	12768	12769	0.00106369921859019
chrM	12769	12770	0.000409550722857026
chrM	12770	12771	0.000901269971323228
chrM	12771	12772	0.000409987290393998
chrM	12772	12773	0.000697264263155736
chrM	12773	12774	0.00693646363487112
chrM	12774	12775	0.00363711510642695
chrM	12775	12776	0.00854523582361969
chrM	12776	12777	0.010166938621815
chrM	12777	12778	0.0139487699721025
chrM	12778	12779	0.0178326474622771
chrM	12779	12780	0.0823113516344433
chrM	12780	12781	0.134915350960624
chrM	12781	12782	0.0392501786597768
chrM	12782	12783	0.0226583509755679
chrM	12783	12784	0.00386394239213161
chrM	12784	12785	0.0602997355274758
chrM	12785	12786	0.010507223716305
chrM	12786	12787	0.0477845901017635
chrM	12787	12788	0.153800199137073
chrM	12788	12789	0.587778475054911
chrM	12789	12790	0.0498572787821123
chrM	12790	12791	0.043260564790707
chrM	12791	12792	0.0301444421184844
chrM	12792	12793	0.0328081156917764
chrM	12793	12794	0.00758759205534479
chrM	12794	12795	0.00652125028108837
chrM	12795	12796	0.001584427342689
chrM	12796	12797	0.00249376558603491
chrM	12797	12798	0.0168181818181818
chrM	12798	12799	0.00439204808136847
chrM	12799	12800	0.013466449965173
chrM	12800	12801	0.0164744645799012
chrM	12801	12802	0.00693945920076573
chrM	12802	12803	0.00168674698795181
chrM	12803	12804	0.000724112961622013
chrM	12804	12805	0.0012071463061323
chrM	12805	12806	0.0154514727184935
chrM	12806	12807	0.00122518990443519
chrM	12807	12808	0.0103042198233562
chrM	12808	12809	0.00941993058998513
chrM	12809	12810	0.00425425425425425
chrM	12810	12811	0.0203568735863282
chrM	12811	12812	0.0995382247306311
chrM	12812	12813	0.0695156695156695
chrM	12813	12814	0.052357624004899
chrM	12814	12815	0.0604200323101777
chrM	12815	12816	0.00447042640990371
chrM	12816	12817	0.0310880829015544
chrM	12817	12818	0.00606060606060606
chrM	12818	12819	0.0125538020086083
chrM	12819	12820	0.012713403559753
chrM	12820	12821	0.0426784400294334
chrM	12821	12822	0.0180630284396618
chrM	12822	12823	0.103326810176125
chrM	12823	12824	0.024443474465299
chrM	12824	12825	0.0241610738255034
chrM	12825	12826	0.0119211370930766
chrM	12826	12827	0.00974477958236659
chrM	12827	12828	0.0145267104029991
chrM	12828	12829	0.0156918687589158
chrM	12829	12830	0.00917874396135266
chrM	12830	12831	0.00292540224280839
chrM	12831	12832	0.00146699266503667
chrM	12832	12833	0.000979431929480901
chrM	12833	12834	0.00147058823529412
chrM	12834	12835	0.0152184585174276
chrM	12835	12836	0.000997008973080758
chrM	12836	12837	0.00648702594810379
chrM	12837	12838	0.00100452034153692
chrM	12838	12839	0.00100553041729512
chrM	12839	12840	0.00100654252642174
chrM	12840	12841	0
chrM	12841	12842	0
chrM	12842	12843	0.000503778337531486
chrM	12843	12844	0.000504032258064516
chrM	12844	12845	0.00302571860816944
chrM	12845	12846	0
chrM	12846	12847	0
chrM	12847	12848	0
chrM	12848	12849	0.00101163378856854
chrM	12849	12850	0.00860759493670886
chrM	12850	12851	0.00204290091930541
chrM	12851	12852	0.00102354145342886
chrM	12852	12853	0.00256147540983607
chrM	12853	12854	0.000513610683102209
chrM	12854	12855	0
chrM	12855	12856	0
chrM	12856	12857	0.000513874614594039
chrM	12857	12858	0.00308483290488432
chrM	12858	12859	0.00154718927282104
chrM	12859	12860	0.00413223140495868
chrM	12860	12861	0.00311203319502075
chrM	12861	12862	0
chrM	12862	12863	0.00104058272632674
chrM	12863	12864	0
chrM	12864	12865	0.000520833333333333
chrM	12865	12866	0
chrM	12866	12867	0.000521104742053153
chrM	12867	12868	0
chrM	12868	12869	0
chrM	12869	12870	0.00156331422615946
chrM	12870	12871	0.00156494522691706
chrM	12871	12872	0.00156739811912226
chrM	12872	12873	0
chrM	12873	12874	0
chrM	12874	12875	0.00366300366300366
chrM	12875	12876	0.00522466039707419
chrM	12876	12877	0.000522193211488251
chrM	12877	12878	0.00104384133611691
chrM	12878	12879	0
chrM	12879	12880	0.000522193211488251
chrM	12880	12881	0
chrM	12881	12882	0.000522466039707419
chrM	12882	12883	0
chrM	12883	12884	0
chrM	12884	12885	0.00104547830632514
chrM	12885	12886	0
chrM	12886	12887	0.000523286237571952
chrM	12887	12888	0
chrM	12888	12889	0
chrM	12889	12890	0
chrM	12890	12891	0
chrM	12891	12892	0
chrM	12892	12893	0
chrM	12893	12894	0
chrM	12894	12895	0
chrM	12895	12896	0.000523560209424084
chrM	12896	12897	0
chrM	12897	12898	0
chrM	12898	12899	0.000523834468308015
chrM	12899	12900	0
chrM	12900	12901	0
chrM	12901	12902	0.00104712041884817
chrM	12902	12903	0
chrM	12903	12904	0
chrM	12904	12905	0.000523286237571952
chrM	12905	12906	0
chrM	12906	12907	0
chrM	12907	12908	0
chrM	12908	12909	0
chrM	12909	12910	0
chrM	12910	12911	0.000523286237571952
chrM	12911	12912	0
chrM	12912	12913	0
chrM	12913	12914	0
chrM	12914	12915	0
chrM	12915	12916	0.000523560209424084
chrM	12916	12917	0.000523834468308015
chrM	12917	12918	0
chrM	12918	12919	0.0183438155136268
chrM	12919	12920	0.00266951414842499
chrM	12920	12921	0.00321199143468951
chrM	12921	12922	0
chrM	12922	12923	0.00483351235230934
chrM	12923	12924	0.000539665407447383
chrM	12924	12925	0.00485698866702644
chrM	12925	12926	0.000542005420054201
chrM	12926	12927	0.000542005420054201
chrM	12927	12928	0
chrM	12928	12929	0.000542005420054201
chrM	12929	12930	0
chrM	12930	12931	0.00108459869848156
chrM	12931	12932	0.0010851871947911
chrM	12932	12933	0
chrM	12933	12934	0.000542888165038002
chrM	12934	12935	0.000543183052688756
chrM	12935	12936	0.0168478260869565
chrM	12936	12937	0.00276395798783858
chrM	12937	12938	0.00443458980044346
chrM	12938	12939	0
chrM	12939	12940	0.000556792873051225
chrM	12940	12941	0
chrM	12941	12942	0
chrM	12942	12943	0.000557103064066852
chrM	12943	12944	0
chrM	12944	12945	0
chrM	12945	12946	0
chrM	12946	12947	0
chrM	12947	12948	0
chrM	12948	12949	0
chrM	12949	12950	0
chrM	12950	12951	0
chrM	12951	12952	0
chrM	12952	12953	0
chrM	12953	12954	0
chrM	12954	12955	0
chrM	12955	12956	0
chrM	12956	12957	0
chrM	12957	12958	0
chrM	12958	12959	0.000557413600891862
chrM	12959	12960	0
chrM	12960	12961	0
chrM	12961	12962	0
chrM	12962	12963	0
chrM	12963	12964	0
chrM	12964	12965	0
chrM	12965	12966	0
chrM	12966	12967	0
chrM	12967	12968	0
chrM	12968	12969	0
chrM	12969	12970	0
chrM	12970	12971	0
chrM	12971	12972	0
chrM	12972	12973	0
chrM	12973	12974	0
chrM	12974	12975	0.0011154489682097
chrM	12975	12976	0.000558347292015634
chrM	12976	12977	0
chrM	12977	12978	0
chrM	12978	12979	0
chrM	12979	12980	0
chrM	12980	12981	0
chrM	12981	12982	0
chrM	12982	12983	0
chrM	12983	12984	0
chrM	12984	12985	0
chrM	12985	12986	0.000558347292015634
chrM	12986	12987	0.000558035714285714
chrM	12987	12988	0
chrM	12988	12989	0
chrM	12989	12990	0
chrM	12990	12991	0
chrM	12991	12992	0
chrM	12992	12993	0
chrM	12993	12994	0
chrM	12994	12995	0
chrM	12995	12996	0
chrM	12996	12997	0
chrM	12997	12998	0.00111607142857143
chrM	12998	12999	0
chrM	12999	13000	0
chrM	13000	13001	0
chrM	13001	13002	0
chrM	13002	13003	0
chrM	13003	13004	0
chrM	13004	13005	0
chrM	13005	13006	0
chrM	13006	13007	0
chrM	13007	13008	0.000558347292015634
chrM	13008	13009	0.00167317345231456
chrM	13009	13010	0.000557724484104852
chrM	13010	13011	0.0022271714922049
chrM	13011	13012	0.00388457269700333
chrM	13012	13013	0.00386954118297402
chrM	13013	13014	0.00165562913907285
chrM	13014	13015	0.0033003300330033
chrM	13015	13016	0.00219659527732015
chrM	13016	13017	0.00109829763866008
chrM	13017	13018	0.000549148819330038
chrM	13018	13019	0
chrM	13019	13020	0.00329308452250274
chrM	13020	13021	0.0011001100110011
chrM	13021	13022	0.00109950522264981
chrM	13022	13023	0.00493150684931507
chrM	13023	13024	0.00437636761487965
chrM	13024	13025	0.00328048113723346
chrM	13025	13026	0.00164293537787514
chrM	13026	13027	0
chrM	13027	13028	0
chrM	13028	13029	0.000548546352166758
chrM	13029	13030	0.0021953896816685
chrM	13030	13031	0.00164925783397471
chrM	13031	13032	0.000550357732526142
chrM	13032	13033	0.00274574409665019
chrM	13033	13034	0
chrM	13034	13035	0
chrM	13035	13036	0
chrM	13036	13037	0.00437397484964461
chrM	13037	13038	0.00326975476839237
chrM	13038	13039	0.00163220892274211
chrM	13039	13040	0.000543773790103317
chrM	13040	13041	0.000543773790103317
chrM	13041	13042	0
chrM	13042	13043	0
chrM	13043	13044	0.00108813928182807
chrM	13044	13045	0
chrM	13045	13046	0.00108813928182807
chrM	13046	13047	0.000543773790103317
chrM	13047	13048	0
chrM	13048	13049	0
chrM	13049	13050	0
chrM	13050	13051	0
chrM	13051	13052	0
chrM	13052	13053	0.000543478260869565
chrM	13053	13054	0
chrM	13054	13055	0.00216919739696312
chrM	13055	13056	0.00647948164146868
chrM	13056	13057	0.0339780449555672
chrM	13057	13058	0.0123902942694889
chrM	13058	13059	0.0020607934054611
chrM	13059	13060	0.0025693730729702
chrM	13060	13061	0.00409416581371546
chrM	13061	13062	0.00509164969450102
chrM	13062	13063	0.00708860759493671
chrM	13063	13064	0.00303336703741153
chrM	13064	13065	0.00753768844221105
chrM	13065	13066	0.000503018108651912
chrM	13066	13067	0.00301810865191147
chrM	13067	13068	0.0035264483627204
chrM	13068	13069	0.00100959111559818
chrM	13069	13070	0.00151591712986357
chrM	13070	13071	0.00606060606060606
chrM	13071	13072	0.0146464646464646
chrM	13072	13073	0.00610687022900763
chrM	13073	13074	0.00408371618172537
chrM	13074	13075	0.00102406554019457
chrM	13075	13076	0.00712468193384224
chrM	13076	13077	0.00254065040650406
chrM	13077	13078	0.0324643384161338
chrM	13078	13079	0.00294406280667321
chrM	13079	13080	0
chrM	13080	13081	0
chrM	13081	13082	0.000490677134445535
chrM	13082	13083	0
chrM	13083	13084	0.00488758553274682
chrM	13084	13085	0.00535019455252918
chrM	13085	13086	0.0110630110630111
chrM	13086	13087	0.00763723150357995
chrM	13087	13088	0.00805305542396968
chrM	13088	13089	0.00283553875236295
chrM	13089	13090	0.00376647834274953
chrM	13090	13091	0.0018796992481203
chrM	13091	13092	0.000469704086425552
chrM	13092	13093	0.000469704086425552
chrM	13093	13094	0.0046882325363338
chrM	13094	13095	0.00140977443609023
chrM	13095	13096	0
chrM	13096	13097	0.000470588235294118
chrM	13097	13098	0.00188235294117647
chrM	13098	13099	0.00471253534401508
chrM	13099	13100	0.000473484848484848
chrM	13100	13101	0.000947418285172904
chrM	13101	13102	0
chrM	13102	13103	0.0004739336492891
chrM	13103	13104	0
chrM	13104	13105	0
chrM	13105	13106	0.000947867298578199
chrM	13106	13107	0
chrM	13107	13108	0.00047438330170778
chrM	13108	13109	0
chrM	13109	13110	0.0028436018957346
chrM	13110	13111	0.00284495021337127
chrM	13111	13112	0.0037914691943128
chrM	13112	13113	0.000948316737790422
chrM	13113	13114	0.000474158368895211
chrM	13114	13115	0.00425733207190161
chrM	13115	13116	0.00142045454545455
chrM	13116	13117	0.0272769301895515
chrM	13117	13118	0.00185442744552619
chrM	13118	13119	0.000464468183929401
chrM	13119	13120	0.00139405204460967
chrM	13120	13121	0
chrM	13121	13122	0.000929800092980009
chrM	13122	13123	0.000464900046490005
chrM	13123	13124	0.000465116279069767
chrM	13124	13125	0
chrM	13125	13126	0
chrM	13126	13127	0
chrM	13127	13128	0
chrM	13128	13129	0.000465332712889716
chrM	13129	13130	0.000465549348230912
chrM	13130	13131	0
chrM	13131	13132	0
chrM	13132	13133	0.000931532370749884
chrM	13133	13134	0.00232774674115456
chrM	13134	13135	0.000931532370749884
chrM	13135	13136	0.0027906976744186
chrM	13136	13137	0.0013953488372093
chrM	13137	13138	0
chrM	13138	13139	0.00139599813866915
chrM	13139	13140	0
chrM	13140	13141	0
chrM	13141	13142	0
chrM	13142	13143	0
chrM	13143	13144	0
chrM	13144	13145	0.000465983224603914
chrM	13145	13146	0
chrM	13146	13147	0
chrM	13147	13148	0
chrM	13148	13149	0
chrM	13149	13150	0
chrM	13150	13151	0
chrM	13151	13152	0.000465983224603914
chrM	13152	13153	0.00139599813866915
chrM	13153	13154	0
chrM	13154	13155	0.000465332712889716
chrM	13155	13156	0
chrM	13156	13157	0.000465549348230912
chrM	13157	13158	0.00139729855612483
chrM	13158	13159	0.00186480186480186
chrM	13159	13160	0
chrM	13160	13161	0
chrM	13161	13162	0
chrM	13162	13163	0
chrM	13163	13164	0
chrM	13164	13165	0.000933271115258983
chrM	13165	13166	0
chrM	13166	13167	0.00140056022408964
chrM	13167	13168	0.000467508181393174
chrM	13168	13169	0.000467726847521048
chrM	13169	13170	0
chrM	13170	13171	0
chrM	13171	13172	0.000467945718296678
chrM	13172	13173	0
chrM	13173	13174	0
chrM	13174	13175	0
chrM	13175	13176	0
chrM	13176	13177	0.000936329588014981
chrM	13177	13178	0
chrM	13178	13179	0.000468603561387067
chrM	13179	13180	0.00656352555086732
chrM	13180	13181	0.0089622641509434
chrM	13181	13182	0.00475737392959087
chrM	13182	13183	0.0181644359464627
chrM	13183	13184	0.00827653359298929
chrM	13184	13185	0.00294550810014728
chrM	13185	13186	0.00196947316592811
chrM	13186	13187	0.00147783251231527
chrM	13187	13188	0.000492368291482029
chrM	13188	13189	0.000984736582964057
chrM	13189	13190	0.000492610837438424
chrM	13190	13191	0.00295566502463054
chrM	13191	13192	0.000494071146245059
chrM	13192	13193	0.000494315373208107
chrM	13193	13194	0
chrM	13194	13195	0.013353115727003
chrM	13195	13196	0.0345864661654135
chrM	13196	13197	0.00259605399792316
chrM	13197	13198	0
chrM	13198	13199	0
chrM	13199	13200	0.00468505986465383
chrM	13200	13201	0.0047071129707113
chrM	13201	13202	0.000525486074619023
chrM	13202	13203	0.000525486074619023
chrM	13203	13204	0.00262054507337526
chrM	13204	13205	0.0103734439834025
chrM	13205	13206	0.00103626943005181
chrM	13206	13207	0
chrM	13207	13208	0.00103626943005181
chrM	13208	13209	0.00311203319502075
chrM	13209	13210	0.0270551508844953
chrM	13210	13211	0.0625668449197861
chrM	13211	13212	0.0188248716486024
chrM	13212	13213	0.00755813953488372
chrM	13213	13214	0.00175746924428822
chrM	13214	13215	0.000586854460093897
chrM	13215	13216	0
chrM	13216	13217	0
chrM	13217	13218	0
chrM	13218	13219	0
chrM	13219	13220	0
chrM	13220	13221	0
chrM	13221	13222	0
chrM	13222	13223	0.000587199060481503
chrM	13223	13224	0
chrM	13224	13225	0
chrM	13225	13226	0
chrM	13226	13227	0
chrM	13227	13228	0
chrM	13228	13229	0
chrM	13229	13230	0
chrM	13230	13231	0.000587544065804935
chrM	13231	13232	0
chrM	13232	13233	0.000587889476778366
chrM	13233	13234	0
chrM	13234	13235	0.00117577895355673
chrM	13235	13236	0
chrM	13236	13237	0.000588235294117647
chrM	13237	13238	0.000588581518540318
chrM	13238	13239	0.00530035335689046
chrM	13239	13240	0.000591715976331361
chrM	13240	13241	0.000591715976331361
chrM	13241	13242	0.0029603315571344
chrM	13242	13243	0.00178147268408551
chrM	13243	13244	0.0065437239738251
chrM	13244	13245	0.00119760479041916
chrM	13245	13246	0
chrM	13246	13247	0.0065947242206235
chrM	13247	13248	0.00422450211225106
chrM	13248	13249	0.0115151515151515
chrM	13249	13250	0.0141017780502759
chrM	13250	13251	0.0068407960199005
chrM	13251	13252	0
chrM	13252	13253	0
chrM	13253	13254	0
chrM	13254	13255	0.000625782227784731
chrM	13255	13256	0
chrM	13256	13257	0.000625782227784731
chrM	13257	13258	0.000626174076393237
chrM	13258	13259	0.00250156347717323
chrM	13259	13260	0.000625390869293308
chrM	13260	13261	0.000625390869293308
chrM	13261	13262	0.000625782227784731
chrM	13262	13263	0.0025
chrM	13263	13264	0.00562851782363977
chrM	13264	13265	0.00125786163522013
chrM	13265	13266	0.00125944584382872
chrM	13266	13267	0.00126103404791929
chrM	13267	13268	0
chrM	13268	13269	0
chrM	13269	13270	0.000631313131313131
chrM	13270	13271	0.000631711939355654
chrM	13271	13272	0
chrM	13272	13273	0
chrM	13273	13274	0
chrM	13274	13275	0
chrM	13275	13276	0.000632111251580278
chrM	13276	13277	0.000632511068943707
chrM	13277	13278	0.00126582278481013
chrM	13278	13279	0.00443599493029151
chrM	13279	13280	0.00445576066199873
chrM	13280	13281	0.00638977635782748
chrM	13281	13282	0.0032133676092545
chrM	13282	13283	0.00128865979381443
chrM	13283	13284	0.00193298969072165
chrM	13284	13285	0
chrM	13285	13286	0.00129032258064516
chrM	13286	13287	0.00129198966408269
chrM	13287	13288	0.00129282482223659
chrM	13288	13289	0.00193798449612403
chrM	13289	13290	0.0012911555842479
chrM	13290	13291	0
chrM	13291	13292	0
chrM	13292	13293	0.000645577792123951
chrM	13293	13294	0.00452196382428941
chrM	13294	13295	0.0155743024010383
chrM	13295	13296	0.001318391562294
chrM	13296	13297	0
chrM	13297	13298	0.00132013201320132
chrM	13298	13299	0
chrM	13299	13300	0.000660938532716457
chrM	13300	13301	0.000661375661375661
chrM	13301	13302	0.00198544010589014
chrM	13302	13303	0
chrM	13303	13304	0
chrM	13304	13305	0
chrM	13305	13306	0
chrM	13306	13307	0
chrM	13307	13308	0.0013262599469496
chrM	13308	13309	0
chrM	13309	13310	0.00264900662251656
chrM	13310	13311	0
chrM	13311	13312	0
chrM	13312	13313	0.00198675496688742
chrM	13313	13314	0.0006635700066357
chrM	13314	13315	0.00132802124833997
chrM	13315	13316	0.00132978723404255
chrM	13316	13317	0
chrM	13317	13318	0.00066577896138482
chrM	13318	13319	0.00199866755496336
chrM	13319	13320	0
chrM	13320	13321	0
chrM	13321	13322	0.000667556742323097
chrM	13322	13323	0
chrM	13323	13324	0.000667556742323097
chrM	13324	13325	0.00066711140760507
chrM	13325	13326	0.0033288948069241
chrM	13326	13327	0.000666222518321119
chrM	13327	13328	0.00332005312084993
chrM	13328	13329	0.000664010624169987
chrM	13329	13330	0.0834348355663825
chrM	13330	13331	0.00303582270795386
chrM	13331	13332	0.00242277407631738
chrM	13332	13333	0.000605326876513317
chrM	13333	13334	0.00120918984280532
chrM	13334	13335	0.00120772946859903
chrM	13335	13336	0.000603500301750151
chrM	13336	13337	0
chrM	13337	13338	0.000603500301750151
chrM	13338	13339	0.00120627261761158
chrM	13339	13340	0
chrM	13340	13341	0.00180831826401447
chrM	13341	13342	0.000603500301750151
chrM	13342	13343	0.0054249547920434
chrM	13343	13344	0.00120992135511192
chrM	13344	13345	0.000605693519079346
chrM	13345	13346	0.00423728813559322
chrM	13346	13347	0.00424242424242424
chrM	13347	13348	0.00483675937122128
chrM	13348	13349	0.00661455201443175
chrM	13349	13350	0.00895522388059702
chrM	13350	13351	0.00357142857142857
chrM	13351	13352	0.00118976799524093
chrM	13352	13353	0
chrM	13353	13354	0.00118976799524093
chrM	13354	13355	0.000595238095238095
chrM	13355	13356	0.0152851263962375
chrM	13356	13357	0.0141259564449676
chrM	13357	13358	0.00415676959619952
chrM	13358	13359	0.00473653049141504
chrM	13359	13360	0.00589970501474926
chrM	13360	13361	0.00703399765533412
chrM	13361	13362	0.00117164616285882
chrM	13362	13363	0
chrM	13363	13364	0.00234055002925688
chrM	13364	13365	0.00755374782103428
chrM	13365	13366	0.0137772675086108
chrM	13366	13367	0.0113765642775882
chrM	13367	13368	0.00113700966458215
chrM	13368	13369	0.000568181818181818
chrM	13369	13370	0.00452488687782805
chrM	13370	13371	0.000565291124929339
chrM	13371	13372	0.00729517396184063
chrM	13372	13373	0.00335570469798658
chrM	13373	13374	0.00776914539400666
chrM	13374	13375	0.0109769484083425
chrM	13375	13376	0.017259978425027
chrM	13376	13377	0.0393782383419689
chrM	13377	13378	0.289657710710342
chrM	13378	13379	0.012718023255814
chrM	13379	13380	0.00398117987694535
chrM	13380	13381	0.0582822085889571
chrM	13381	13382	0.0989551321450522
chrM	13382	13383	0.0106480073014907
chrM	13383	13384	0.0298375184638109
chrM	13384	13385	0.212389380530973
chrM	13385	13386	0.0249772933696639
chrM	13386	13387	0.0380078636959371
chrM	13387	13388	0.0228388473852721
chrM	13388	13389	0.00573126724686903
chrM	13389	13390	0.00967199327165686
chrM	13390	13391	0.00418760469011725
chrM	13391	13392	0.00396991224404513
chrM	13392	13393	0.0166872682323857
chrM	13393	13394	0.00370599135268684
chrM	13394	13395	0.0753960679518992
chrM	13395	13396	0.00228745711017918
chrM	13396	13397	0.00209563726424081
chrM	13397	13398	0.000571755288736421
chrM	13398	13399	0.000571428571428571
chrM	13399	13400	0.000380879832412874
chrM	13400	13401	0.0015217804831653
chrM	13401	13402	0.000380517503805175
chrM	13402	13403	0.00624645088018171
chrM	13403	13404	0.000189429816253078
chrM	13404	13405	0.00094732853353543
chrM	13405	13406	0.00113657889751847
chrM	13406	13407	0.00245700245700246
chrM	13407	13408	0.0147140994598622
chrM	13408	13409	0.00167348456675344
chrM	13409	13410	0.00848082595870206
chrM	13410	13411	0.00165654334621756
chrM	13411	13412	0.000367985280588776
chrM	13412	13413	0.0365248226950355
chrM	13413	13414	0.000885896527285613
chrM	13414	13415	0.00141542816702052
chrM	13415	13416	0.00650377922306205
chrM	13416	13417	0.0106086956521739
chrM	13417	13418	0.0046737060758179
chrM	13418	13419	0.00224525043177893
chrM	13419	13420	0.00155199172271081
chrM	13420	13421	0.026686807653575
chrM	13421	13422	0.00251130085384229
chrM	13422	13423	0.00016739203213927
chrM	13423	13424	0.000334728033472803
chrM	13424	13425	0.00565912117177097
chrM	13425	13426	0.00562727573651109
chrM	13426	13427	0.000661594442606682
chrM	13427	13428	0.015149047076071
chrM	13428	13429	0.000162866449511401
chrM	13429	13430	0.00113895216400911
chrM	13430	13431	0.000487963565387118
chrM	13431	13432	0.00194836824159766
chrM	13432	13433	0.0109236947791165
chrM	13433	13434	0.0120634920634921
chrM	13434	13435	0.00379626700411262
chrM	13435	13436	0.0163424124513619
chrM	13436	13437	0.00186451211932878
chrM	13437	13438	0.00201612903225806
chrM	13438	13439	0.000155086848635236
chrM	13439	13440	0.000155110904296572
chrM	13440	13441	0
chrM	13441	13442	0.000310269934843314
chrM	13442	13443	0.000155159038013964
chrM	13443	13444	0.000930088358394047
chrM	13444	13445	0
chrM	13445	13446	0.000154990700557967
chrM	13446	13447	0.000154966682163335
chrM	13447	13448	0.00185643564356436
chrM	13448	13449	0.00185328185328185
chrM	13449	13450	0.00200493522516965
chrM	13450	13451	0.00292397660818713
chrM	13451	13452	0.0117145899893504
chrM	13452	13453	0.0527909995672869
chrM	13453	13454	0.00929500929500929
chrM	13454	13455	0.00356328392246294
chrM	13455	13456	0.0386513157894737
chrM	13456	13457	0.000548170481019597
chrM	13457	13458	0.00233036326250857
chrM	13458	13459	0.0175723168423898
chrM	13459	13460	0.0442718446601942
chrM	13460	13461	0.106183418249189
chrM	13461	13462	0.0618276648918831
chrM	13462	13463	0.283478667081906
chrM	13463	13464	0.137301000873245
chrM	13464	13465	0.0149550026469031
chrM	13465	13466	0.00303550217764287
chrM	13466	13467	0.00217362666315373
chrM	13467	13468	0.019890216338392
chrM	13468	13469	0.0442614832239693
chrM	13469	13470	0.0425582501188778
chrM	13470	13471	0.0245402332192377
chrM	13471	13472	0.0674461405218144
chrM	13472	13473	0.000757534765434771
chrM	13473	13474	0.000162337662337662
chrM	13474	13475	0.000757084144494917
chrM	13475	13476	0.00124257158292815
chrM	13476	13477	0.00371467025572005
chrM	13477	13478	0.00134415828808
chrM	13478	13479	0.0001075326630464
chrM	13479	13480	0.000322615334982256
chrM	13480	13481	0.000322597989139201
chrM	13481	13482	0.000966858247837998
chrM	13482	13483	0.000590508911316298
chrM	13483	13484	0.00565906785542683
chrM	13484	13485	0.00414849484097436
chrM	13485	13486	0.000319098016273999
chrM	13486	13487	0
chrM	13487	13488	0
chrM	13488	13489	0.000372281018986332
chrM	13489	13490	0.00349909871699714
chrM	13490	13491	0.000318015582763555
chrM	13491	13492	0.000423841059602649
chrM	13492	13493	0.0012182848667832
chrM	13493	13494	5.30194581411378e-05
chrM	13494	13495	0
chrM	13495	13496	0.000106027673222711
chrM	13496	13497	0.000106016432547045
chrM	13497	13498	0.00264340470526038
chrM	13498	13499	0.00802475611035351
chrM	13499	13500	0.00914808461978273
chrM	13500	13501	0.00145348837209302
chrM	13501	13502	0.00413607693103092
chrM	13502	13503	0.000671661069491088
chrM	13503	13504	0.00329574128430918
chrM	13504	13505	0.000257426762086186
chrM	13505	13506	0.00323342229521659
chrM	13506	13507	0.00189578316339601
chrM	13507	13508	0.00204760685948298
chrM	13508	13509	0.000870411141262608
chrM	13509	13510	0.0011253772571487
chrM	13510	13511	0.00351825413012441
chrM	13511	13512	0.000101988781234064
chrM	13512	13513	0.000254971953085161
chrM	13513	13514	0.000509969911775205
chrM	13514	13515	0.0027546804060603
chrM	13515	13516	0.000613842140262929
chrM	13516	13517	0.000460664380406408
chrM	13517	13518	0.000102417042195821
chrM	13518	13519	0
chrM	13519	13520	5.12137662603708e-05
chrM	13520	13521	0
chrM	13521	13522	0.000102422287089671
chrM	13522	13523	0
chrM	13523	13524	0
chrM	13524	13525	0
chrM	13525	13526	0
chrM	13526	13527	5.12085210979107e-05
chrM	13527	13528	0.000256016385048643
chrM	13528	13529	0.000307219662058372
chrM	13529	13530	0.000256016385048643
chrM	13530	13531	0.000153601966105166
chrM	13531	13532	0.000102396067990989
chrM	13532	13533	0.00010239082578201
chrM	13533	13534	0.00143141966157149
chrM	13534	13535	0.000255597587158777
chrM	13535	13536	0.0024484799020608
chrM	13536	13537	0.000204050400448911
chrM	13537	13538	0.00255089026070098
chrM	13538	13539	0.000511378164152391
chrM	13539	13540	0.00966751918158568
chrM	13540	13541	0.00113519091847265
chrM	13541	13542	0.00365132424787863
chrM	13542	13543	0.013095781940003
chrM	13543	13544	0.00526182646091576
chrM	13544	13545	0.00298235859070919
chrM	13545	13546	0.000353839154829904
chrM	13546	13547	0.000303336703741153
chrM	13547	13548	0.000303398058252427
chrM	13548	13549	0.0157814871016692
chrM	13549	13550	0.0140287769784173
chrM	13550	13551	0.0155297305748085
chrM	13551	13552	0.00296437456990101
chrM	13552	13553	0.00127422352004247
chrM	13553	13554	0.000744245388336612
chrM	13554	13555	0.00117008828847995
chrM	13555	13556	0.000212924518258277
chrM	13556	13557	0.000372558411836713
chrM	13557	13558	0.000319267812483371
chrM	13558	13559	0.000212811236433284
chrM	13559	13560	0.000106405618216642
chrM	13560	13561	0.000319199872320051
chrM	13561	13562	0.000106416941577099
chrM	13562	13563	0.00026605651040281
chrM	13563	13564	0
chrM	13564	13565	0.00015965089670587
chrM	13565	13566	0.000266042353942748
chrM	13566	13567	0.000319250824731297
chrM	13567	13568	0.00106439595529537
chrM	13568	13569	0.0671780938682009
chrM	13569	13570	0.00531125071387778
chrM	13570	13571	0.00137764766660926
chrM	13571	13572	0.000632111251580278
chrM	13572	13573	0.000804782708668659
chrM	13573	13574	0.00408280621046579
chrM	13574	13575	0.000634774078134918
chrM	13575	13576	0.000346280371674266
chrM	13576	13577	0.000865750894609258
chrM	13577	13578	0.00144400161728181
chrM	13578	13579	0.00150367243074432
chrM	13579	13580	0.0223534862172805
chrM	13580	13581	0.0175334675986258
chrM	13581	13582	0.0018087543711564
chrM	13582	13583	0.000422781904934469
chrM	13583	13584	0.000241677240045919
chrM	13584	13585	0.000241706447519488
chrM	13585	13586	6.04339155133861e-05
chrM	13586	13587	6.0437567992264e-05
chrM	13587	13588	0.00024176488365065
chrM	13588	13589	6.04521823237819e-05
chrM	13589	13590	0.000120904364647564
chrM	13590	13591	0
chrM	13591	13592	6.04558370110634e-05
chrM	13592	13593	0.000120897056156683
chrM	13593	13594	0.00120772946859903
chrM	13594	13595	0.000241531308495864
chrM	13595	13596	0.000181115672542864
chrM	13596	13597	0.00102539357017914
chrM	13597	13598	0.00150602409638554
chrM	13598	13599	0.00186466165413534
chrM	13599	13600	0.0123031203566122
chrM	13600	13601	0.000950457407627421
chrM	13601	13602	0.00308440595527611
chrM	13602	13603	0.000771604938271605
chrM	13603	13604	0.00166053848890998
chrM	13604	13605	0.0147843942505133
chrM	13605	13606	0.0191832411439332
chrM	13606	13607	0.169934640522876
chrM	13607	13608	0.690948275862069
chrM	13608	13609	0.186243144424132
chrM	13609	13610	0.0182174887892377
chrM	13610	13611	0.00369843527738265
chrM	13611	13612	0.0101983002832861
chrM	13612	13613	0.0101551480959097
chrM	13613	13614	0.205393258426966
chrM	13614	13615	0.0315766550522648
chrM	13615	13616	0.00821089023336214
chrM	13616	13617	0.00644329896907216
chrM	13617	13618	0.0093816631130064
chrM	13618	13619	0.00319829424307036
chrM	13619	13620	0.0140127388535032
chrM	13620	13621	0.0192020482184766
chrM	13621	13622	0.00584542108681533
chrM	13622	13623	0.0028236316246742
chrM	13623	13624	0.0348565356004251
chrM	13624	13625	0.113026819923372
chrM	13625	13626	0.00364473431805103
chrM	13626	13627	0.00192049164586134
chrM	13627	13628	0.00365454895172148
chrM	13628	13629	0.0023121387283237
chrM	13629	13630	0.000963762528912876
chrM	13630	13631	0.00270113833687054
chrM	13631	13632	0.00135422712323467
chrM	13632	13633	0.000387296669248644
chrM	13633	13634	0.000193610842207164
chrM	13634	13635	0.000193610842207164
chrM	13635	13636	0.000387146728610143
chrM	13636	13637	0.000580607702728856
chrM	13637	13638	0.000387071801819237
chrM	13638	13639	0
chrM	13639	13640	0.000580495356037152
chrM	13640	13641	0.000193573364305072
chrM	13641	13642	0.000580495356037152
chrM	13642	13643	0.00231749710312862
chrM	13643	13644	0.00385133834007318
chrM	13644	13645	0.0015390534821085
chrM	13645	13646	0.00287742183004028
chrM	13646	13647	0.000575263662511985
chrM	13647	13648	0.000191754554170662
chrM	13648	13649	0.00477190303493033
chrM	13649	13650	0.000190876121397213
chrM	13650	13651	0
chrM	13651	13652	0.00114394661582459
chrM	13652	13653	0.000381170192490947
chrM	13653	13654	0.000761759664825747
chrM	13654	13655	0.00019040365575019
chrM	13655	13656	0.00076103500761035
chrM	13656	13657	0.00171005130153905
chrM	13657	13658	0.000569908814589666
chrM	13658	13659	0.000569584203531422
chrM	13659	13660	0.00113787217902522
chrM	13660	13661	0.00037914691943128
chrM	13661	13662	0.000379003221527383
chrM	13662	13663	0.000378859632506156
chrM	13663	13664	0.00132450331125828
chrM	13664	13665	0.0058391410811829
chrM	13665	13666	0.00656167979002625
chrM	13666	13667	0.0206337509211496
chrM	13667	13668	0.00699815837937385
chrM	13668	13669	0.00424354243542435
chrM	13669	13670	0.00534857985983032
chrM	13670	13671	0.00771349862258953
chrM	13671	13672	0.00439158279963403
chrM	13672	13673	0.00783527696793003
chrM	13673	13674	0.00365497076023392
chrM	13674	13675	0.0282748747315676
chrM	13675	13676	0.00287150035893754
chrM	13676	13677	0.00197592958505479
chrM	13677	13678	0.0019787731606404
chrM	13678	13679	0.000540540540540541
chrM	13679	13680	0.00466954022988506
chrM	13680	13681	0.00537730776124754
chrM	13681	13682	0.00609318996415771
chrM	13682	13683	0.00412334169953388
chrM	13683	13684	0.0263986013986014
chrM	13684	13685	0.0348149400033801
chrM	13685	13686	0.0153358893148858
chrM	13686	13687	0.00877047823928512
chrM	13687	13688	0.0256782945736434
chrM	13688	13689	0.0226122707147375
chrM	13689	13690	0.0333639424548515
chrM	13690	13691	0.0133373749621097
chrM	13691	13692	0.146471892526412
chrM	13692	13693	0.00810669456066946
chrM	13693	13694	0.0103783499737257
chrM	13694	13695	0.0188878615770704
chrM	13695	13696	0.00988643954575818
chrM	13696	13697	0.0459739569492426
chrM	13697	13698	0.00481496767093135
chrM	13698	13699	0.00510767531750414
chrM	13699	13700	0.0600110619469027
chrM	13700	13701	0.00452819164475606
chrM	13701	13702	0.00335081585081585
chrM	13702	13703	0.00145560407569141
chrM	13703	13704	0.00550724637681159
chrM	13704	13705	0.00116009280742459
chrM	13705	13706	0.000870574579222287
chrM	13706	13707	0.00130605137135394
chrM	13707	13708	0.00348432055749129
chrM	13708	13709	0.00436554132712456
chrM	13709	13710	0.0043712662101122
chrM	13710	13711	0.0138308601066129
chrM	13711	13712	0.0132290184921764
chrM	13712	13713	0.0980241211188093
chrM	13713	13714	0.013917004048583
chrM	13714	13715	0.00340565085771948
chrM	13715	13716	0.00453343407631281
chrM	13716	13717	0.00189346124715981
chrM	13717	13718	0.0059425970413453
chrM	13718	13719	0.0238485804416404
chrM	13719	13720	0.0106423900500064
chrM	13720	13721	0.0756574996997718
chrM	13721	13722	0.00408261287223823
chrM	13722	13723	0.102677607428201
chrM	13723	13724	0.0265012093805868
chrM	13724	13725	0.0137952494554507
chrM	13725	13726	0.00269011898603207
chrM	13726	13727	0.000310366232153942
chrM	13727	13728	0.00703278518978178
chrM	13728	13729	0.00166579906298803
chrM	13729	13730	0.00844629822732013
chrM	13730	13731	0.0088337364601956
chrM	13731	13732	0.00689655172413793
chrM	13732	13733	0.00352451137455944
chrM	13733	13734	0.00139290688953177
chrM	13734	13735	0.000214592274678112
chrM	13735	13736	0.000321957501609788
chrM	13736	13737	0.000536768652710682
chrM	13737	13738	0.000214799699280421
chrM	13738	13739	0.000537056928034372
chrM	13739	13740	0.00118203309692671
chrM	13740	13741	0.000753012048192771
chrM	13741	13742	0.00236839272257509
chrM	13742	13743	0.00183446638610122
chrM	13743	13744	0.00940540540540541
chrM	13744	13745	0.00360144057623049
chrM	13745	13746	0.00197152245345016
chrM	13746	13747	0.00164618086040386
chrM	13747	13748	0.00219852698691876
chrM	13748	13749	0
chrM	13749	13750	0.00011015642211941
chrM	13750	13751	0.00363236103467254
chrM	13751	13752	0.00386100386100386
chrM	13752	13753	0.00066386368665634
chrM	13753	13754	0.000996126175982291
chrM	13754	13755	0.00110656191213898
chrM	13755	13756	0.00033193184332817
chrM	13756	13757	0.00265339966832504
chrM	13757	13758	0.00608003537475127
chrM	13758	13759	0.0061056838365897
chrM	13759	13760	0.0147255689424364
chrM	13760	13761	0.00440976933514247
chrM	13761	13762	0.000227066303360581
chrM	13762	13763	0.00090764692534604
chrM	13763	13764	0.000113455865668255
chrM	13764	13765	0.00170087311486563
chrM	13765	13766	0.00533000680426401
chrM	13766	13767	0.00523917995444191
chrM	13767	13768	0.000915960613693611
chrM	13768	13769	0.00423971582445285
chrM	13769	13770	0.00103531577131025
chrM	13770	13771	0.000460458155865086
chrM	13771	13772	0.00034546292031322
chrM	13772	13773	0.000345582306185923
chrM	13773	13774	0.000460935699469924
chrM	13774	13775	0.00011528706479133
chrM	13775	13776	0.000230600714862216
chrM	13776	13777	0.000922296518330643
chrM	13777	13778	0.000807474910600992
chrM	13778	13779	0
chrM	13779	13780	0.00103830179972312
chrM	13780	13781	0.000115393491807062
chrM	13781	13782	0.000230733733271804
chrM	13782	13783	0.00103722484729745
chrM	13783	13784	0.00126611418047882
chrM	13784	13785	0.00183844651269677
chrM	13785	13786	0.00504818724185406
chrM	13786	13787	0.0691519963180302
chrM	13787	13788	0.00592812152649129
chrM	13788	13789	0.00484291568359618
chrM	13789	13790	0.00548833728327305
chrM	13790	13791	0.00639097744360902
chrM	13791	13792	0.0047883064516129
chrM	13792	13793	0.00101278642866186
chrM	13793	13794	0.000506713959969597
chrM	13794	13795	0.000126694539465349
chrM	13795	13796	0.00063323201621074
chrM	13796	13797	0.000885851683118198
chrM	13797	13798	0.000126534227508541
chrM	13798	13799	0.000126518218623482
chrM	13799	13800	0.000126518218623482
chrM	13800	13801	0
chrM	13801	13802	0.000379506641366224
chrM	13802	13803	0.000379506641366224
chrM	13803	13804	0
chrM	13804	13805	0.000253036437246964
chrM	13805	13806	0.000253004427577483
chrM	13806	13807	0
chrM	13807	13808	0.000126486213002783
chrM	13808	13809	0.000252908447142135
chrM	13809	13810	0.00012643823492224
chrM	13810	13811	0.000631791761435431
chrM	13811	13812	0.00163996467768387
chrM	13812	13813	0.00276764372877091
chrM	13813	13814	0.0093469591226321
chrM	13814	13815	0.00074719800747198
chrM	13815	13816	0.00495662949194548
chrM	13816	13817	0.000495417389150359
chrM	13817	13818	0.00136222910216718
chrM	13818	13819	0.00037183936539415
chrM	13819	13820	0.00160871179309491
chrM	13820	13821	0.00283810463968411
chrM	13821	13822	0.00270735909426532
chrM	13822	13823	0.0116759912430066
chrM	13823	13824	0.00772387159063481
chrM	13824	13825	0.00264805007221955
chrM	13825	13826	0.026713532513181
chrM	13826	13827	0.00524536659284299
chrM	13827	13828	0.403435565755616
chrM	13828	13829	0.0209737827715356
chrM	13829	13830	0.302841071598818
chrM	13830	13831	0.0325252151383363
chrM	13831	13832	0.0118023787740165
chrM	13832	13833	0.0505173463177115
chrM	13833	13834	0.00312513563956769
chrM	13834	13835	0.0151304951010145
chrM	13835	13836	0.00485925666506151
chrM	13836	13837	0.00410390744378957
chrM	13837	13838	0.0104589852191201
chrM	13838	13839	0.00327642697016727
chrM	13839	13840	0.00202376851532897
chrM	13840	13841	0.00843119542306534
chrM	13841	13842	0.000606218065298346
chrM	13842	13843	0.00043295666103823
chrM	13843	13844	0.00199082489396694
chrM	13844	13845	0.00564996118347278
chrM	13845	13846	0.00137978613314936
chrM	13846	13847	0.00379261302417791
chrM	13847	13848	0.000821089023336214
chrM	13848	13849	0.000648452360366592
chrM	13849	13850	0.00160020759449875
chrM	13850	13851	0.00155918402702586
chrM	13851	13852	0.0019077349982657
chrM	13852	13853	0.00498872115217769
chrM	13853	13854	0.0095845259779686
chrM	13854	13855	0.00396168915977362
chrM	13855	13856	0.0653469387755102
chrM	13856	13857	0.00142798857609139
chrM	13857	13858	0.00150780390398957
chrM	13858	13859	0.00191173479764084
chrM	13859	13860	0.00275839688463411
chrM	13860	13861	0.0069380016941632
chrM	13861	13862	0.0012911555842479
chrM	13862	13863	0.00133059150840692
chrM	13863	13864	0.000886953717142396
chrM	13864	13865	0.000120992135511192
chrM	13865	13866	0.000483890479454817
chrM	13866	13867	0.0239351232186442
chrM	13867	13868	0.000904621435594887
chrM	13868	13869	0.00247213938157275
chrM	13869	13870	0.000549170360491115
chrM	13870	13871	0.000744805958447668
chrM	13871	13872	0.000313565633206601
chrM	13872	13873	0.000156795107992631
chrM	13873	13874	0.000156801254410035
chrM	13874	13875	0.000940881292143641
chrM	13875	13876	0.000784744565643883
chrM	13876	13877	0.00117790254819585
chrM	13877	13878	0.000314440688625108
chrM	13878	13879	0.000157251248181782
chrM	13879	13880	0.000196540880503145
chrM	13880	13881	0.000196502259775987
chrM	13881	13882	7.85947262938657e-05
chrM	13882	13883	0.000981469849246231
chrM	13883	13884	0.000784559861917464
chrM	13884	13885	0.000196101502137506
chrM	13885	13886	0.000823432537348547
chrM	13886	13887	0.00043157564344005
chrM	13887	13888	0.00176546745654988
chrM	13888	13889	0.000392803833765418
chrM	13889	13890	0.000785669390320553
chrM	13890	13891	0.000550011785966842
chrM	13891	13892	0.000235710076605775
chrM	13892	13893	0.00227370731898546
chrM	13893	13894	0.0010183299389002
chrM	13894	13895	0.000665622552858262
chrM	13895	13896	0.00661452861756352
chrM	13896	13897	0.000855332218809533
chrM	13897	13898	0.0162172499521897
chrM	13898	13899	0.0710097025269218
chrM	13899	13900	0.0189047785141263
chrM	13900	13901	0.0017760752220094
chrM	13901	13902	0.057929631088355
chrM	13902	13903	0.00457830537296838
chrM	13903	13904	0.0160412304718956
chrM	13904	13905	0.0104386132924727
chrM	13905	13906	0.0543876100305514
chrM	13906	13907	0.0343536211370606
chrM	13907	13908	0.00641783982018218
chrM	13908	13909	0.00233403255827695
chrM	13909	13910	0.00221291160155789
chrM	13910	13911	0.00654384672070744
chrM	13911	13912	0.0688402613000557
chrM	13912	13913	0.0403255871753448
chrM	13913	13914	0.0562237310054963
chrM	13914	13915	0.0131025281379358
chrM	13915	13916	0.0181774365683203
chrM	13916	13917	0.00716907944863891
chrM	13917	13918	0.0137567586065293
chrM	13918	13919	0.09747493501671
chrM	13919	13920	0.00459479462193166
chrM	13920	13921	0.00190874946124007
chrM	13921	13922	0.00371770055611884
chrM	13922	13923	0.00344223499400682
chrM	13923	13924	0.0012615772793009
chrM	13924	13925	0.00206141160543967
chrM	13925	13926	0.00138606542228793
chrM	13926	13927	0.000431579271864114
chrM	13927	13928	0.00500245519273263
chrM	13928	13929	0.000460391025444277
chrM	13929	13930	9.21121311676748e-05
chrM	13930	13931	0.000307021583617328
chrM	13931	13932	0.00128842260261366
chrM	13932	13933	0.000429474200871219
chrM	13933	13934	0.000705348380765456
chrM	13934	13935	0.00230040180351501
chrM	13935	13936	0.000215159525419561
chrM	13936	13937	0.000276625172890733
chrM	13937	13938	0.000276616670764691
chrM	13938	13939	0.000860135778576475
chrM	13939	13940	0.000583789098506729
chrM	13940	13941	0.00374416891726
chrM	13941	13942	0.000922452493696575
chrM	13942	13943	0.000246191721803354
chrM	13943	13944	0.000861777107506694
chrM	13944	13945	0.000646492011205862
chrM	13945	13946	0.00334581619497821
chrM	13946	13947	0.000460391025444277
chrM	13947	13948	0.00162422236523551
chrM	13948	13949	0.00030638193572107
chrM	13949	13950	0.000551234152018129
chrM	13950	13951	0.000306231817485837
chrM	13951	13952	0.0060336421257923
chrM	13952	13953	0.000609960657537589
chrM	13953	13954	6.10295688260962e-05
chrM	13954	13955	0.000396716408801001
chrM	13955	13956	0.000305287580901209
chrM	13956	13957	0.000305380809869908
chrM	13957	13958	6.10948191593353e-05
chrM	13958	13959	0.000152746379910796
chrM	13959	13960	0.000122212037885732
chrM	13960	13961	0.000122212037885732
chrM	13961	13962	9.16562280406954e-05
chrM	13962	13963	3.05530094714329e-05
chrM	13963	13964	0.000183301255613601
chrM	13964	13965	6.11022852254674e-05
chrM	13965	13966	0.000274893097128894
chrM	13966	13967	0.00115931417414119
chrM	13967	13968	0.00137103162512949
chrM	13968	13969	0.00197658506918048
chrM	13969	13970	0.000121628607048378
chrM	13970	13971	0.000455913194127838
chrM	13971	13972	9.11770963134061e-05
chrM	13972	13973	9.11770963134061e-05
chrM	13973	13974	0.000364686217900015
chrM	13974	13975	0.000698833252309188
chrM	13975	13976	0.000607644163577809
chrM	13976	13977	0.000243124145266677
chrM	13977	13978	0.000121584242682148
chrM	13978	13979	0.000182365277651135
chrM	13979	13980	6.0790273556231e-05
chrM	13980	13981	9.11909538573773e-05
chrM	13981	13982	0.00109346049873948
chrM	13982	13983	0.000516262261228704
chrM	13983	13984	0.000182221277371154
chrM	13984	13985	0.000151855676365183
chrM	13985	13986	0
chrM	13986	13987	0.00030362835888872
chrM	13987	13988	0.00021250758955677
chrM	13988	13989	0.00106150673298556
chrM	13989	13990	0.00175613891664396
chrM	13990	13991	0.000575095344754525
chrM	13991	13992	0.000575199806248486
chrM	13992	13993	0.000333202071911065
chrM	13993	13994	0.00593903399793952
chrM	13994	13995	0.000883930748597903
chrM	13995	13996	0.000610053684724256
chrM	13996	13997	0.000183111056855983
chrM	13997	13998	0.000183122234091256
chrM	13998	13999	0.000335744589933767
chrM	13999	14000	0.0018592459386144
chrM	14000	14001	0.000213343086160129
chrM	14001	14002	0.00100508634605427
chrM	14002	14003	0.00705184467782452
chrM	14003	14004	0.00446307409306113
chrM	14004	14005	0.00751654538376306
chrM	14005	14006	0.00390834775344591
chrM	14006	14007	0.00790314941984371
chrM	14007	14008	0.0113313618130179
chrM	14008	14009	0.0093183929400836
chrM	14009	14010	0.011950577273648
chrM	14010	14011	0.0108040420513119
chrM	14011	14012	0.0506763696117844
chrM	14012	14013	0.0759806190784804
chrM	14013	14014	0.58353914958948
chrM	14014	14015	0.217934347477982
chrM	14015	14016	0.106883502096758
chrM	14016	14017	0.0751458309504747
chrM	14017	14018	0.050615763546798
chrM	14018	14019	0.0228564049586777
chrM	14019	14020	0.00303590285110876
chrM	14020	14021	0.00833884844473858
chrM	14021	14022	0.00547250400427122
chrM	14022	14023	0.00241578311636022
chrM	14023	14024	0.0138571236378313
chrM	14024	14025	0.0160938352427714
chrM	14025	14026	0.0128719723183391
chrM	14026	14027	0.00809038917561724
chrM	14027	14028	0.00531245631203691
chrM	14028	14029	0.00698226504678118
chrM	14029	14030	0.00125856523563138
chrM	14030	14031	0.000559205927582832
chrM	14031	14032	0.00628755064971357
chrM	14032	14033	0.0026685393258427
chrM	14033	14034	0.0666666666666667
chrM	14034	14035	0.0982867448151488
chrM	14035	14036	0.0686858656074148
chrM	14036	14037	0.0374492139198022
chrM	14037	14038	0.0531004366812227
chrM	14038	14039	0.00807726075504829
chrM	14039	14040	0.00990975048663953
chrM	14040	14041	0.00303842716711349
chrM	14041	14042	0.00250986016493367
chrM	14042	14043	0.00233644859813084
chrM	14043	14044	0.00162132949018195
chrM	14044	14045	0.00413371675053918
chrM	14045	14046	0.000359518245550962
chrM	14046	14047	0.00125876640891926
chrM	14047	14048	0.000899766060824186
chrM	14048	14049	0.000719812848659349
chrM	14049	14050	0.000899928005759539
chrM	14050	14051	0.000180115273775216
chrM	14051	14052	0.000360230547550432
chrM	14052	14053	0.000360295442262655
chrM	14053	14054	0.000180212650928095
chrM	14054	14055	0.0115802601104579
chrM	14055	14056	0.00106799572801709
chrM	14056	14057	0.000177999288002848
chrM	14057	14058	0.00142196942765731
chrM	14058	14059	0.00512911213300318
chrM	14059	14060	0.00352547153181738
chrM	14060	14061	0
chrM	14061	14062	0.00281244506943224
chrM	14062	14063	0.000175746924428823
chrM	14063	14064	0.00157922442533778
chrM	14064	14065	0.000877039115944571
chrM	14065	14066	0.000175469380593087
chrM	14066	14067	0.00122763942476324
chrM	14067	14068	0.00385626643295355
chrM	14068	14069	0.00734394124847001
chrM	14069	14070	0.0107564191533657
chrM	14070	14071	0.00449360525406153
chrM	14071	14072	0.0134697357203751
chrM	14072	14073	0.0015324365741529
chrM	14073	14074	0.00559701492537313
chrM	14074	14075	0.156419836956522
chrM	14075	14076	0.027364185110664
chrM	14076	14077	0.0497831026647387
chrM	14077	14078	0.0790899241603467
chrM	14078	14079	0.0194061257891045
chrM	14079	14080	0.004739336492891
chrM	14080	14081	0.00142517814726841
chrM	14081	14082	0.0460839954597049
chrM	14082	14083	0.00136116152450091
chrM	14083	14084	0.00181159420289855
chrM	14084	14085	0.000904977375565611
chrM	14085	14086	0.00225733634311512
chrM	14086	14087	0.000676742612226483
chrM	14087	14088	0.0004510599909788
chrM	14088	14089	0.0002255299954894
chrM	14089	14090	0
chrM	14090	14091	0.00426774483378257
chrM	14091	14092	0.00112309074573226
chrM	14092	14093	0.00719262755675433
chrM	14093	14094	0.000678733031674208
chrM	14094	14095	0.000452386337932594
chrM	14095	14096	0.000452386337932594
chrM	14096	14097	0.00475220638153428
chrM	14097	14098	0.00272727272727273
chrM	14098	14099	0.00478250967888864
chrM	14099	14100	0.016356201726488
chrM	14100	14101	0.00663463738274994
chrM	14101	14102	0.259278262356764
chrM	14102	14103	0.00154241645244216
chrM	14103	14104	0.000685400959561343
chrM	14104	14105	0
chrM	14105	14106	0.000171438367906738
chrM	14106	14107	0
chrM	14107	14108	0.000171467764060357
chrM	14108	14109	0.00495557074504443
chrM	14109	14110	0.00375362566114997
chrM	14110	14111	0.00289460241784437
chrM	14111	14112	0.00407124681933842
chrM	14112	14113	0.00101712154602475
chrM	14113	14114	0.000847601288353958
chrM	14114	14115	0.000339270568278202
chrM	14115	14116	0.000508992195453003
chrM	14116	14117	0.000339500933627567
chrM	14117	14118	0.00118865681779589
chrM	14118	14119	0.0018701122067324
chrM	14119	14120	0.00136239782016349
chrM	14120	14121	0.000681895669962496
chrM	14121	14122	0.000682011935208866
chrM	14122	14123	0.00526137135098439
chrM	14123	14124	0.00118724559023066
chrM	14124	14125	0.000508819538670285
chrM	14125	14126	0.000169635284139101
chrM	14126	14127	0.00203562340966921
chrM	14127	14128	0.00118966689326988
chrM	14128	14129	0.000850629465804695
chrM	14129	14130	0.000170270730461434
chrM	14130	14131	0.000510725229826353
chrM	14131	14132	0.0106132075471698
chrM	14132	14133	0.00235294117647059
chrM	14133	14134	0.0108063175394846
chrM	14134	14135	0.00398604882909816
chrM	14135	14136	0.00116550116550117
chrM	14136	14137	0.00166611129623459
chrM	14137	14138	0.0317036542633072
chrM	14138	14139	0.00309970724987085
chrM	14139	14140	0.0058590384283991
chrM	14140	14141	0.00672297879675918
chrM	14141	14142	0.0241840013529511
chrM	14142	14143	0.00321597833446175
chrM	14143	14144	0.0023728813559322
chrM	14144	14145	0.000509337860780985
chrM	14145	14146	0.00271370420624152
chrM	14146	14147	0.00186662141523842
chrM	14147	14148	0.00118805159538357
chrM	14148	14149	0.00355329949238579
chrM	14149	14150	0.00759365507931151
chrM	14150	14151	0.00219966159052453
chrM	14151	14152	0.00387727579231288
chrM	14152	14153	0.00437342304457527
chrM	14153	14154	0.00654033204762703
chrM	14154	14155	0.00769616864647817
chrM	14155	14156	0.0733500417710944
chrM	14156	14157	0.190632561354995
chrM	14157	14158	0.0443128445987339
chrM	14158	14159	0.0219709897610922
chrM	14159	14160	0.0224695056708752
chrM	14160	14161	0.0032209576980889
chrM	14161	14162	0.0497201894102454
chrM	14162	14163	0.0036231884057971
chrM	14163	14164	0.0875
chrM	14164	14165	0.00846613545816733
chrM	14165	14166	0.0472006025608838
chrM	14166	14167	0.00289855072463768
chrM	14167	14168	0.000264270613107822
chrM	14168	14169	0.00396510705789056
chrM	14169	14170	0.00344919076678164
chrM	14170	14171	0.00186318871439979
chrM	14171	14172	0.00159872102318145
chrM	14172	14173	0.000266595574513463
chrM	14173	14174	0.000266595574513463
chrM	14174	14175	0
chrM	14175	14176	0
chrM	14176	14177	0.00159786950732357
chrM	14177	14178	0.00053276505061268
chrM	14178	14179	0.000266453503863576
chrM	14179	14180	0.000532623169107856
chrM	14180	14181	0.00186071238702818
chrM	14181	14182	0
chrM	14182	14183	0.00079702444208289
chrM	14183	14184	0.00318049297641134
chrM	14184	14185	0.0081557484872402
chrM	14185	14186	0.00210194429847609
chrM	14186	14187	0.00183727034120735
chrM	14187	14188	0.000262536098713573
chrM	14188	14189	0.0250387196695922
chrM	14189	14190	0.000520426749934947
chrM	14190	14191	0.00104085349986989
chrM	14191	14192	0.0124967456391565
chrM	14192	14193	0.0927047669212536
chrM	14193	14194	0.00289939112786315
chrM	14194	14195	0.00378016865367839
chrM	14195	14196	0.00583600817041144
chrM	14196	14197	0.00146713615023474
chrM	14197	14198	0.0023508668821628
chrM	14198	14199	0.000589101620029455
chrM	14199	14200	0.00265173836181497
chrM	14200	14201	0.000590667454223272
chrM	14201	14202	0.000295508274231678
chrM	14202	14203	0
chrM	14203	14204	0.000591016548463357
chrM	14204	14205	0.00147710487444609
chrM	14205	14206	0
chrM	14206	14207	0.000295683027794205
chrM	14207	14208	0.000295770482105886
chrM	14208	14209	0.00029585798816568
chrM	14209	14210	0.000591891092039065
chrM	14210	14211	0.000592241634586911
chrM	14211	14212	0
chrM	14212	14213	0.000888888888888889
chrM	14213	14214	0.00029655990510083
chrM	14214	14215	0
chrM	14215	14216	0.000296647878967665
chrM	14216	14217	0.0023696682464455
chrM	14217	14218	0.0023696682464455
chrM	14218	14219	0.00267062314540059
chrM	14219	14220	0.00208271347813151
chrM	14220	14221	0.00208706022659511
chrM	14221	14222	0.00268897520167314
chrM	14222	14223	0.00599161174355902
chrM	14223	14224	0.0810729355033152
chrM	14224	14225	0.0505083633978354
chrM	14225	14226	0.133333333333333
chrM	14226	14227	0.0286966919091271
chrM	14227	14228	0.0311858842839557
chrM	14228	14229	0.0338839474798814
chrM	14229	14230	0.00263042525208242
chrM	14230	14231	0
chrM	14231	14232	0
chrM	14232	14233	0.000439367311072056
chrM	14233	14234	0.00131752305665349
chrM	14234	14235	0.000878734622144112
chrM	14235	14236	0.000439367311072056
chrM	14236	14237	0.00263504611330698
chrM	14237	14238	0.00176056338028169
chrM	14238	14239	0
chrM	14239	14240	0.00264550264550265
chrM	14240	14241	0.00884173297966401
chrM	14241	14242	0.0459411239964318
chrM	14242	14243	0.19588592800374
chrM	14243	14244	0.0296511627906977
chrM	14244	14245	0.024565608148592
chrM	14245	14246	0.0104422604422604
chrM	14246	14247	0.0155183116076971
chrM	14247	14248	0.0894206549118388
chrM	14248	14249	0.0372670807453416
chrM	14249	14250	0.00573065902578797
chrM	14250	14251	0.00359971202303816
chrM	14251	14252	0.0237580993520518
chrM	14252	14253	0.00586080586080586
chrM	14253	14254	0.00513573000733676
chrM	14254	14255	0.0287398673544584
chrM	14255	14256	0.0781487101669196
chrM	14256	14257	0.0691358024691358
chrM	14257	14258	0.0256410256410256
chrM	14258	14259	0.00362976406533575
chrM	14259	14260	0.000910746812386157
chrM	14260	14261	0.00182315405651778
chrM	14261	14262	0.00545454545454545
chrM	14262	14263	0
chrM	14263	14264	0.000909918107370337
chrM	14264	14265	0.00182149362477231
chrM	14265	14266	0.00638686131386861
chrM	14266	14267	0
chrM	14267	14268	0.0036697247706422
chrM	14268	14269	0.00550964187327824
chrM	14269	14270	0.0101382488479263
chrM	14270	14271	0.0111731843575419
chrM	14271	14272	0.159133709981168
chrM	14272	14273	0.195968645016797
chrM	14273	14274	0.0571030640668524
chrM	14274	14275	0.0472673559822747
chrM	14275	14276	0.00930232558139535
chrM	14276	14277	0.0140845070422535
chrM	14277	14278	0.00793650793650794
chrM	14278	14279	0.0032
chrM	14279	14280	0.00963081861958266
chrM	14280	14281	0.00162074554294976
chrM	14281	14282	0.00487012987012987
chrM	14282	14283	0
chrM	14283	14284	0.0032626427406199
chrM	14284	14285	0.0310965630114566
chrM	14285	14286	0.0101351351351351
chrM	14286	14287	0.037542662116041
chrM	14287	14288	0.0195035460992908
chrM	14288	14289	0.0108499095840868
chrM	14289	14290	0.00914076782449726
chrM	14290	14291	0.0664206642066421
chrM	14291	14292	0.0513833992094862
chrM	14292	14293	0.00416666666666667
chrM	14293	14294	0
chrM	14294	14295	0.0271966527196653
chrM	14295	14296	0.0172043010752688
chrM	14296	14297	0.00437636761487965
chrM	14297	14298	0.043956043956044
chrM	14298	14299	0.0459770114942529
chrM	14299	14300	0.0216867469879518
chrM	14300	14301	0
chrM	14301	14302	0.00246305418719212
chrM	14302	14303	0
chrM	14303	14304	0.00246913580246914
chrM	14304	14305	0
chrM	14305	14306	0.00247524752475248
chrM	14306	14307	0
chrM	14307	14308	0
chrM	14308	14309	0.00496277915632754
chrM	14309	14310	0
chrM	14310	14311	0
chrM	14311	14312	0.0623441396508728
chrM	14312	14313	0.132978723404255
chrM	14313	14314	0.0276073619631902
chrM	14314	14315	0.00315457413249211
chrM	14315	14316	0.00632911392405063
chrM	14316	14317	0
chrM	14317	14318	0
chrM	14318	14319	0
chrM	14319	14320	0
chrM	14320	14321	0.00318471337579618
chrM	14321	14322	0
chrM	14322	14323	0
chrM	14323	14324	0
chrM	14324	14325	0.0287539936102236
chrM	14325	14326	0.233552631578947
chrM	14326	14327	0.1931330472103
chrM	14327	14328	0.127659574468085
chrM	14328	14329	0.0548780487804878
chrM	14329	14330	0.0193548387096774
chrM	14330	14331	0
chrM	14331	14332	0
chrM	14332	14333	0
chrM	14333	14334	0
chrM	14334	14335	0
chrM	14335	14336	0.00657894736842105
chrM	14336	14337	0.0264900662251656
chrM	14337	14338	0.0136054421768707
chrM	14338	14339	0.0344827586206897
chrM	14339	14340	0.257142857142857
chrM	14340	14341	0.144230769230769
chrM	14341	14342	0.146067415730337
chrM	14342	14343	0.0921052631578947
chrM	14343	14344	0.347826086956522
chrM	14344	14345	0.177777777777778
chrM	14345	14346	0.108108108108108
chrM	14346	14347	0
chrM	14347	14348	0.181818181818182
chrM	14348	14349	0.185185185185185
chrM	14349	14350	0
chrM	14350	14351	0
chrM	14351	14352	0
chrM	14352	14353	0
chrM	14353	14354	0
chrM	14354	14355	0.136363636363636
chrM	14355	14356	0.157894736842105
chrM	14356	14357	0.125
chrM	14357	14358	0
chrM	14358	14359	0.714285714285714
chrM	14359	14360	0.25
chrM	14360	14361	0.333333333333333
chrM	14361	14362	0
chrM	14362	14363	0
chrM	14363	14364	0
chrM	14364	14365	0
chrM	14365	14366	0.5
chrM	14366	14367	0
chrM	14367	14368	0
chrM	14368	14369	0
