chrM	1	1	
chrM	2	2	0
chrM	3	3	0
chrM	4	4	0
chrM	5	5	0
chrM	6	6	0
chrM	7	7	0
chrM	8	8	0
chrM	9	9	0
chrM	10	10	0
chrM	11	11	0
chrM	12	12	0
chrM	13	13	0
chrM	14	14	0
chrM	15	15	0
chrM	16	16	0
chrM	17	17	0
chrM	18	18	0
chrM	19	19	0
chrM	20	20	0
chrM	21	21	0
chrM	22	22	0
chrM	23	23	0
chrM	24	24	0
chrM	25	25	0
chrM	26	26	0
chrM	27	27	0
chrM	28	28	0
chrM	29	29	0
chrM	30	30	0
chrM	31	31	0
chrM	32	32	0
chrM	33	33	0
chrM	34	34	0
chrM	35	35	0
chrM	36	36	0
chrM	37	37	0
chrM	38	38	0
chrM	39	39	0
chrM	40	40	0
chrM	41	41	0
chrM	42	42	0
chrM	43	43	0
chrM	44	44	0
chrM	45	45	0
chrM	46	46	0
chrM	47	47	0
chrM	48	48	0
chrM	49	49	0
chrM	50	50	0
chrM	51	51	0
chrM	52	52	0
chrM	53	53	0
chrM	54	54	0
chrM	55	55	0
chrM	56	56	0
chrM	57	57	0
chrM	58	58	0
chrM	59	59	0
chrM	60	60	0
chrM	61	61	0
chrM	62	62	0
chrM	63	63	0
chrM	64	64	0
chrM	65	65	0
chrM	66	66	0
chrM	67	67	0
chrM	68	68	0
chrM	69	69	0
chrM	70	70	0
chrM	71	71	0
chrM	72	72	0
chrM	73	73	0
chrM	74	74	0
chrM	75	75	0
chrM	76	76	0
chrM	77	77	0
chrM	78	78	0
chrM	79	79	0
chrM	80	80	0
chrM	81	81	0
chrM	82	82	0
chrM	83	83	0
chrM	84	84	0
chrM	85	85	0
chrM	86	86	0
chrM	87	87	0
chrM	88	88	0
chrM	89	89	0
chrM	90	90	0
chrM	91	91	0
chrM	92	92	0
chrM	93	93	0
chrM	94	94	0
chrM	95	95	0
chrM	96	96	0
chrM	97	97	0
chrM	98	98	0
chrM	99	99	0
chrM	100	100	0
chrM	101	101	0
chrM	102	102	0
chrM	103	103	0
chrM	104	104	0
chrM	105	105	0
chrM	106	106	0
chrM	107	107	0
chrM	108	108	0
chrM	109	109	0
chrM	110	110	0
chrM	111	111	0
chrM	112	112	0
chrM	113	113	0
chrM	114	114	0
chrM	115	115	0
chrM	116	116	0
chrM	117	117	0
chrM	118	118	0
chrM	119	119	0
chrM	120	120	0
chrM	121	121	0
chrM	122	122	0
chrM	123	123	0
chrM	124	124	0
chrM	125	125	0
chrM	126	126	0
chrM	127	127	0
chrM	128	128	0
chrM	129	129	0
chrM	130	130	0
chrM	131	131	0
chrM	132	132	0
chrM	133	133	0
chrM	134	134	0
chrM	135	135	0
chrM	136	136	0
chrM	137	137	0
chrM	138	138	0
chrM	139	139	0
chrM	140	140	0
chrM	141	141	0
chrM	142	142	0
chrM	143	143	0
chrM	144	144	0
chrM	145	145	0
chrM	146	146	0
chrM	147	147	0
chrM	148	148	0
chrM	149	149	0
chrM	150	150	0
chrM	151	151	0
chrM	152	152	0
chrM	153	153	0
chrM	154	154	0
chrM	155	155	0
chrM	156	156	0
chrM	157	157	0
chrM	158	158	0
chrM	159	159	0
chrM	160	160	0
chrM	161	161	0
chrM	162	162	0
chrM	163	163	0
chrM	164	164	0
chrM	165	165	0
chrM	166	166	0
chrM	167	167	0
chrM	168	168	0
chrM	169	169	0.000224820143884892
chrM	170	170	0
chrM	171	171	0
chrM	172	172	0.000441403663650408
chrM	173	173	0.000219202104340202
chrM	174	174	0
chrM	175	175	0
chrM	176	176	0.000208724692131079
chrM	177	177	0
chrM	178	178	0.000202142712755205
chrM	179	179	0.0104923325262308
chrM	180	180	0.00032200933827081
chrM	181	181	0.000160513643659711
chrM	182	182	0.000797575370872547
chrM	183	183	0.000318369945877109
chrM	184	184	0.00843680356574339
chrM	185	185	0.00016
chrM	186	186	0
chrM	187	187	0
chrM	188	188	0.000315407664406245
chrM	189	189	0
chrM	190	190	0.00046260601387818
chrM	191	191	0.00091869545245751
chrM	192	192	0.000152299725860493
chrM	193	193	0.000456343170063888
chrM	194	194	0
chrM	195	195	0
chrM	196	196	0
chrM	197	197	0.000151561079114883
chrM	198	198	0
chrM	199	199	0
chrM	200	200	0
chrM	201	201	0
chrM	202	202	0
chrM	203	203	0
chrM	204	204	0
chrM	205	205	0.000619655471557814
chrM	206	206	0.00123793018073781
chrM	207	207	0.00111413716266403
chrM	208	208	0.000495356037151703
chrM	209	209	0
chrM	210	210	0
chrM	211	211	0
chrM	212	212	0
chrM	213	213	0
chrM	214	214	0
chrM	215	215	0
chrM	216	216	0
chrM	217	217	0.00110987791342952
chrM	218	218	0.00366178428761651
chrM	219	219	0.00381157856886012
chrM	220	220	7.21448668927206e-05
chrM	221	221	0
chrM	222	222	7.19890576632352e-05
chrM	223	223	7.17411579022885e-05
chrM	224	224	0.000356760613628255
chrM	225	225	0
chrM	226	226	0.000139879703455029
chrM	227	227	6.86530275985171e-05
chrM	228	228	0.00027010601661152
chrM	229	229	0.000782625709254549
chrM	230	230	0.000454693082169536
chrM	231	231	0.000187172448215623
chrM	232	232	6.21310966138552e-05
chrM	233	233	0
chrM	234	234	0
chrM	235	235	0.000182304326689353
chrM	236	236	0.000121543603767852
chrM	237	237	0.000243116756822464
chrM	238	238	0
chrM	239	239	6.0790273556231e-05
chrM	240	240	0
chrM	241	241	0
chrM	242	242	0.000121521448535667
chrM	243	243	0
chrM	244	244	0
chrM	245	245	0
chrM	246	246	6.05730207765461e-05
chrM	247	247	0.00387643852210781
chrM	248	248	0.000668205564329972
chrM	249	249	0.0001822821728035
chrM	250	250	0.000303214069132808
chrM	251	251	0
chrM	252	252	0
chrM	253	253	0
chrM	254	254	0
chrM	255	255	0.00011916820592266
chrM	256	256	0.00011915400655347
chrM	257	257	0
chrM	258	258	5.95734540688669e-05
chrM	259	259	0
chrM	260	260	0
chrM	261	261	0
chrM	262	262	0
chrM	263	263	0
chrM	264	264	0
chrM	265	265	0
chrM	266	266	0
chrM	267	267	0
chrM	268	268	0.000118378218407813
chrM	269	269	0.000236462520690471
chrM	270	270	0.000176907654204505
chrM	271	271	0.00218018973543103
chrM	272	272	0
chrM	273	273	0
chrM	274	274	0
chrM	275	275	0
chrM	276	276	0
chrM	277	277	0.00174963314143809
chrM	278	278	0.000165773332596563
chrM	279	279	0
chrM	280	280	0.000326797385620915
chrM	281	281	0.00319713883168961
chrM	282	282	0.0253582049202487
chrM	283	283	0.0136325852036575
chrM	284	284	0.0105594248483487
chrM	285	285	0.00170174144874922
chrM	286	286	0.00107960679584067
chrM	287	287	0.000341258104879991
chrM	288	288	0
chrM	289	289	0.000170570843757107
chrM	290	290	5.6860180815375e-05
chrM	291	291	5.68472514353931e-05
chrM	292	292	0
chrM	293	293	0
chrM	294	294	0
chrM	295	295	0
chrM	296	296	0
chrM	297	297	0
chrM	298	298	0
chrM	299	299	0
chrM	300	300	0
chrM	301	301	5.68020448736155e-05
chrM	302	302	0
chrM	303	303	0
chrM	304	304	5.6554688383667e-05
chrM	305	305	0.000113071008593397
chrM	306	306	0
chrM	307	307	0.000112975201943173
chrM	308	308	0
chrM	309	309	0
chrM	310	310	5.61576907957545e-05
chrM	311	311	0
chrM	312	312	0.000111055583319451
chrM	313	313	0
chrM	314	314	5.47285464098074e-05
chrM	315	315	5.46448087431694e-05
chrM	316	316	0.00163782278757438
chrM	317	317	0.00284277279685108
chrM	318	318	0.00221801460643765
chrM	319	319	0.000867208672086721
chrM	320	320	0
chrM	321	321	5.41389204699258e-05
chrM	322	322	0
chrM	323	323	5.36797466315959e-05
chrM	324	324	0.000213743721278187
chrM	325	325	0.000585760690132595
chrM	326	326	0.00010529640939244
chrM	327	327	5.24301368426572e-05
chrM	328	328	0.000575946384627467
chrM	329	329	0.0380568497094697
chrM	330	330	0.020623605593949
chrM	331	331	0.0329352957511802
chrM	332	332	0.0102152080344333
chrM	333	333	0.00266620297919202
chrM	334	334	0.000347463516330785
chrM	335	335	0
chrM	336	336	0
chrM	337	337	0
chrM	338	338	0.00067374094660603
chrM	339	339	0.000613257512404527
chrM	340	340	0.00055663790704147
chrM	341	341	0.00138927479855515
chrM	342	342	0.000278164116828929
chrM	343	343	0.000109595046303907
chrM	344	344	0.000547705115565779
chrM	345	345	0.0049252996223937
chrM	346	346	0.0691014619722937
chrM	347	347	0.000875094801936876
chrM	348	348	5.81192607230036e-05
chrM	349	349	0.000115881569036445
chrM	350	350	0
chrM	351	351	0.000342602638040313
chrM	352	352	0.00913033553983109
chrM	353	353	0.0100184246890834
chrM	354	354	0.0108720930232558
chrM	355	355	0.0301784875528417
chrM	356	356	0.0160353382548711
chrM	357	357	0.00645121651511428
chrM	358	358	0.00623572266469099
chrM	359	359	0.00266154988858628
chrM	360	360	0.0104605100272345
chrM	361	361	0.0131208997188379
chrM	362	362	0.00622304374614911
chrM	363	363	0.0039564787339268
chrM	364	364	0.016763145200193
chrM	365	365	0.0590309898242368
chrM	366	366	0.0063849547248665
chrM	367	367	0.00109239349163457
chrM	368	368	0.00501606267260328
chrM	369	369	0.00361593235425011
chrM	370	370	0.0256822720213002
chrM	371	371	0.0301119254587808
chrM	372	372	0.024882779198636
chrM	373	373	0.00212777565606416
chrM	374	374	0.00103762765550762
chrM	375	375	0.000326477309826967
chrM	376	376	0.000435208356000435
chrM	377	377	0
chrM	378	378	0
chrM	379	379	0
chrM	380	380	0.000371865703357416
chrM	381	381	0.000475988999365348
chrM	382	382	9.63251938544526e-05
chrM	383	383	4.79846449136276e-05
chrM	384	384	0
chrM	385	385	0
chrM	386	386	0
chrM	387	387	0.000475217411965974
chrM	388	388	0.00199676713891794
chrM	389	389	0.00690640628721124
chrM	390	390	0.00182062092755845
chrM	391	391	0.00134273246055723
chrM	392	392	0.00186415563309593
chrM	393	393	0.000143588761786244
chrM	394	394	0
chrM	395	395	0.00047840022963211
chrM	396	396	0.000382830071302101
chrM	397	397	0.000622217967740392
chrM	398	398	0.00129297959965521
chrM	399	399	0.00483925063485219
chrM	400	400	0.00943532470033216
chrM	401	401	0.0486964120988493
chrM	402	402	0.00301081853439477
chrM	403	403	0.00107488355428162
chrM	404	404	0.000307424296766921
chrM	405	405	0.000153657037492317
chrM	406	406	5.11221307704105e-05
chrM	407	407	0.000255049989798
chrM	408	408	0
chrM	409	409	0
chrM	410	410	0
chrM	411	411	0.00010135819987837
chrM	412	412	0.000303982166379572
chrM	413	413	0.000100872547536188
chrM	414	414	4.97512437810945e-05
chrM	415	415	0
chrM	416	416	0
chrM	417	417	0
chrM	418	418	0
chrM	419	419	0
chrM	420	420	0.000281571167112488
chrM	421	421	0.00755620218707467
chrM	422	422	0.004255721581237
chrM	423	423	0.00267517717182147
chrM	424	424	0.000141050354976727
chrM	425	425	0
chrM	426	426	0
chrM	427	427	0
chrM	428	428	0
chrM	429	429	0
chrM	430	430	4.66026656724765e-05
chrM	431	431	0
chrM	432	432	0
chrM	433	433	4.65073016463585e-05
chrM	434	434	0
chrM	435	435	4.617657923901e-05
chrM	436	436	9.21998893601328e-05
chrM	437	437	0.000122354092744402
chrM	438	438	0
chrM	439	439	0
chrM	440	440	3.91374114516066e-05
chrM	441	441	0
chrM	442	442	0.000114521300961979
chrM	443	443	0.0419543281996814
chrM	444	444	0.00483947119924457
chrM	445	445	0.0236173981499705
chrM	446	446	0.0479465830014883
chrM	447	447	0.00138121546961326
chrM	448	448	0.00167518217606165
chrM	449	449	0.000796111623229699
chrM	450	450	0.00402010050251256
chrM	451	451	0.00264761504517756
chrM	452	452	0.000913962859872876
chrM	453	453	8.31117021276596e-05
chrM	454	454	0
chrM	455	455	4.1406152954329e-05
chrM	456	456	8.27198279427579e-05
chrM	457	457	0
chrM	458	458	0.000578727625976603
chrM	459	459	0
chrM	460	460	0.000289447568640423
chrM	461	461	0
chrM	462	462	0
chrM	463	463	0.00165371258475277
chrM	464	464	0.000331194369695715
chrM	465	465	8.2788310290587e-05
chrM	466	466	0
chrM	467	467	4.13616246846176e-05
chrM	468	468	0
chrM	469	469	0
chrM	470	470	0
chrM	471	471	0
chrM	472	472	0.00169218704857815
chrM	473	473	0
chrM	474	474	0
chrM	475	475	0
chrM	476	476	8.2389289392379e-05
chrM	477	477	0.00032546786004882
chrM	478	478	8.0596413459601e-05
chrM	479	479	8.05347507449464e-05
chrM	480	480	0
chrM	481	481	8.030838419531e-05
chrM	482	482	4.01171420548e-05
chrM	483	483	7.80975438322465e-05
chrM	484	484	0.000468036974921019
chrM	485	485	0.000193926230461932
chrM	486	486	0.000696217219772569
chrM	487	487	0
chrM	488	488	0
chrM	489	489	0
chrM	490	490	0.000227049118292591
chrM	491	491	0.000489199969895387
chrM	492	492	0.0037649184895147
chrM	493	493	0.011299221525206
chrM	494	494	0.00924935025225501
chrM	495	495	0.00327856206125125
chrM	496	496	0.00197353146041328
chrM	497	497	3.8765700108544e-05
chrM	498	498	0
chrM	499	499	0.000155038759689922
chrM	500	500	0.00395364161401605
chrM	501	501	0.000272362943076145
chrM	502	502	0.0172789539227895
chrM	503	503	0.00170263314195209
chrM	504	504	0.00027760152284264
chrM	505	505	0.000594695317765531
chrM	506	506	0.000198239632067243
chrM	507	507	7.92518624187668e-05
chrM	508	508	0.00043581616481775
chrM	509	509	3.95898491626747e-05
chrM	510	510	0
chrM	511	511	3.95397572258906e-05
chrM	512	512	0.000158065280961037
chrM	513	513	0.00171526586620926
chrM	514	514	0.00171647031286573
chrM	515	515	0.00527137836782507
chrM	516	516	0.00101900842641583
chrM	517	517	0.000392141484647661
chrM	518	518	0.000156862745098039
chrM	519	519	3.92064612248098e-05
chrM	520	520	0.00152863246188218
chrM	521	521	0.000117711684846582
chrM	522	522	0.000353107344632768
chrM	523	523	0.00121597238565937
chrM	524	524	0.000314119679597927
chrM	525	525	3.92695857058708e-05
chrM	526	526	7.85206705665266e-05
chrM	527	527	3.92634182731949e-05
chrM	528	528	0
chrM	529	529	0.000470532878484884
chrM	530	530	3.91818822976256e-05
chrM	531	531	7.83024038837992e-05
chrM	532	532	0
chrM	533	533	3.91358797745773e-05
chrM	534	534	3.91129189971448e-05
chrM	535	535	0
chrM	536	536	0
chrM	537	537	0
chrM	538	538	0
chrM	539	539	0
chrM	540	540	0
chrM	541	541	0
chrM	542	542	0
chrM	543	543	0
chrM	544	544	0
chrM	545	545	0
chrM	546	546	0
chrM	547	547	0
chrM	548	548	7.68757687576876e-05
chrM	549	549	0.000111940298507463
chrM	550	550	0
chrM	551	551	3.65403588263237e-05
chrM	552	552	7.17077193359865e-05
chrM	553	553	0
chrM	554	554	0.00094763442369788
chrM	555	555	0.00278871962910029
chrM	556	556	0.0455093621072675
chrM	557	557	0.00661341016238869
chrM	558	558	0.00111805327195002
chrM	559	559	0.0021057480340868
chrM	560	560	0.0264293952875268
chrM	561	561	0.00503718728870859
chrM	562	562	0.26887417218543
chrM	563	563	0.0962046434033088
chrM	564	564	0.0235624840276003
chrM	565	565	0.092558794389112
chrM	566	566	0.00927728782499141
chrM	567	567	0.000634847348069487
chrM	568	568	0.000400274473924977
chrM	569	569	0.00268525395646461
chrM	570	570	0.000628068973392714
chrM	571	571	0.000169923534409516
chrM	572	572	0.000509828357786212
chrM	573	573	0.000445781789813886
chrM	574	574	0.000222965440356745
chrM	575	575	0
chrM	576	576	5.52944429084877e-05
chrM	577	577	0.000880620837690572
chrM	578	578	0
chrM	579	579	0
chrM	580	580	0.001699654586326
chrM	581	581	0.000274363476733977
chrM	582	582	0.000274077728443787
chrM	583	583	0.010408677550126
chrM	584	584	0.008244798583444
chrM	585	585	0.00258924636403702
chrM	586	586	0.00160159054509306
chrM	587	587	0.00160415975218498
chrM	588	588	0.000332409972299169
chrM	589	589	0
chrM	590	590	0
chrM	591	591	0
chrM	592	592	0
chrM	593	593	0
chrM	594	594	0
chrM	595	595	0
chrM	596	596	0
chrM	597	597	0
chrM	598	598	0
chrM	599	599	0
chrM	600	600	0
chrM	601	601	0.00021997360316762
chrM	602	602	0.000219949411635324
chrM	603	603	0.000439584592560031
chrM	604	604	0
chrM	605	605	0
chrM	606	606	0
chrM	607	607	0
chrM	608	608	5.48516263507213e-05
chrM	609	609	0.000273762593079282
chrM	610	610	0.000109313511149978
chrM	611	611	0.000109033418742845
chrM	612	612	5.42917639394104e-05
chrM	613	613	5.42623039774269e-05
chrM	614	614	0
chrM	615	615	0.000265872593853026
chrM	616	616	0.000305966343702193
chrM	617	617	0.0087410054570918
chrM	618	618	0.000548940123300397
chrM	619	619	0.00121090650966637
chrM	620	620	0.00156423661136953
chrM	621	621	0.00612344872632267
chrM	622	622	0.110440530442994
chrM	623	623	0.0216428241808952
chrM	624	624	0.0157539738691571
chrM	625	625	0.00675708055781857
chrM	626	626	0.00241207969511313
chrM	627	627	0.000435224140432323
chrM	628	628	0.000241849666247461
chrM	629	629	0.00464396284829721
chrM	630	630	9.72006220839813e-05
chrM	631	631	4.86050354816759e-05
chrM	632	632	0
chrM	633	633	0
chrM	634	634	0.000194269062651773
chrM	635	635	4.84120836560806e-05
chrM	636	636	0.00047840022963211
chrM	637	637	0.000143554407120299
chrM	638	638	0.000621236738984995
chrM	639	639	0.0083644011088806
chrM	640	640	0.00168585328259718
chrM	641	641	0.000240569668976135
chrM	642	642	9.61261174661155e-05
chrM	643	643	4.80561295593253e-05
chrM	644	644	0
chrM	645	645	0
chrM	646	646	0
chrM	647	647	0
chrM	648	648	0
chrM	649	649	0.000191846522781775
chrM	650	650	4.79593304877464e-05
chrM	651	651	0
chrM	652	652	0
chrM	653	653	0
chrM	654	654	0
chrM	655	655	0
chrM	656	656	0
chrM	657	657	9.50977129000048e-05
chrM	658	658	4.73462430756119e-05
chrM	659	659	0
chrM	660	660	9.4558176918349e-05
chrM	661	661	4.71342383107089e-05
chrM	662	662	0
chrM	663	663	0
chrM	664	664	0
chrM	665	665	0
chrM	666	666	0
chrM	667	667	0
chrM	668	668	0
chrM	669	669	0
chrM	670	670	0
chrM	671	671	0
chrM	672	672	0
chrM	673	673	0
chrM	674	674	0
chrM	675	675	0
chrM	676	676	4.60511167395809e-05
chrM	677	677	0
chrM	678	678	0
chrM	679	679	0
chrM	680	680	0
chrM	681	681	4.59157904403324e-05
chrM	682	682	0
chrM	683	683	0
chrM	684	684	0
chrM	685	685	0.000136556056261095
chrM	686	686	9.03464787459909e-05
chrM	687	687	0.000406577520780629
chrM	688	688	0.000361483891374091
chrM	689	689	0.000585559209044638
chrM	690	690	4.49680726684054e-05
chrM	691	691	8.94974716964246e-05
chrM	692	692	4.43714780139326e-05
chrM	693	693	0
chrM	694	694	8.79855703664599e-05
chrM	695	695	0
chrM	696	696	4.28082191780822e-05
chrM	697	697	0.000193843529502985
chrM	698	698	0.000225250591282802
chrM	699	699	0.000294496594883122
chrM	700	700	0.00113076782783148
chrM	701	701	0.000616724106656993
chrM	702	702	0.000765062161300606
chrM	703	703	0.00305772230889236
chrM	704	704	0.00344501692021585
chrM	705	705	0.00516616314199396
chrM	706	706	0.00360409473620449
chrM	707	707	0.000831732010210227
chrM	708	708	0.00034422420469866
chrM	709	709	0.0105549978488455
chrM	710	710	0.0261121576583104
chrM	711	711	0.0073645137342242
chrM	712	712	0.0330791087184089
chrM	713	713	0.00346341765106067
chrM	714	714	0.00319498728208946
chrM	715	715	0.0333758040958389
chrM	716	716	0.00520448485237896
chrM	717	717	0.000580982505971209
chrM	718	718	6.45786244752987e-05
chrM	719	719	0.000257997936016512
chrM	720	720	0
chrM	721	721	3.21988601603503e-05
chrM	722	722	9.65903602820439e-05
chrM	723	723	0.00015927624872579
chrM	724	724	3.18248361020941e-05
chrM	725	725	3.17833645869752e-05
chrM	726	726	0.000222426996282292
chrM	727	727	0.000158127767235927
chrM	728	728	3.15706393054459e-05
chrM	729	729	0.000284099876890053
chrM	730	730	0.000441947092619484
chrM	731	731	0.000594828125978336
chrM	732	732	0.00134320432324368
chrM	733	733	0.00487165074011617
chrM	734	734	0.00156843062831331
chrM	735	735	0.000527148128624143
chrM	736	736	0
chrM	737	737	0.000340884440174781
chrM	738	738	0.0047101112453906
chrM	739	739	0.0045753057984998
chrM	740	740	0.00146939285937598
chrM	741	741	0.000438280687474564
chrM	742	742	3.13194901187009e-05
chrM	743	743	0.0013153361936676
chrM	744	744	0.000156769298300621
chrM	745	745	0.000125203455615375
chrM	746	746	0.00025025025025025
chrM	747	747	0.000156406406406406
chrM	748	748	9.38027640547808e-05
chrM	749	749	6.25214917627935e-05
chrM	750	750	0
chrM	751	751	3.12373098428763e-05
chrM	752	752	6.24668145047943e-05
chrM	753	753	6.24336642317538e-05
chrM	754	754	6.24258692802297e-05
chrM	755	755	3.12129346401149e-05
chrM	756	756	0
chrM	757	757	0
chrM	758	758	6.23091781419403e-05
chrM	759	759	0
chrM	760	760	0
chrM	761	761	0
chrM	762	762	0
chrM	763	763	2.51616636892031e-05
chrM	764	764	5.01228008621122e-05
chrM	765	765	0.000324189526184539
chrM	766	766	0.00495908752789487
chrM	767	767	0.0266010816631182
chrM	768	768	0.00342058298631767
chrM	769	769	0.00594187405215921
chrM	770	770	0.0126268940341051
chrM	771	771	0.0186028853454822
chrM	772	772	0.132076931009591
chrM	773	773	0.0225626410165064
chrM	774	774	0.00841203802119712
chrM	775	775	0.00306194310909703
chrM	776	776	0.00202659133478675
chrM	777	777	6.14835992499001e-05
chrM	778	778	0.000890553985996806
chrM	779	779	0.000613722842764208
chrM	780	780	0.00115963257957216
chrM	781	781	0.000305306222140807
chrM	782	782	0.000183161365162708
chrM	783	783	0.000274742047744063
chrM	784	784	0.00155687160388302
chrM	785	785	0.00042702455391185
chrM	786	786	0.000274599542334096
chrM	787	787	6.10332936616925e-05
chrM	788	788	3.04971027752364e-05
chrM	789	789	3.04896640039027e-05
chrM	790	790	3.02791739841337e-05
chrM	791	791	9.06508732700792e-05
chrM	792	792	0.000634479424738655
chrM	793	793	0.000271854044584063
chrM	794	794	0.000120732848389726
chrM	795	795	0.00177935943060498
chrM	796	796	0.00338154041242716
chrM	797	797	0.00260432438980074
chrM	798	798	0.0137780340505599
chrM	799	799	0.0106716693320212
chrM	800	800	0.00139873181648639
chrM	801	801	0.00121336568975173
chrM	802	802	0.00264764515325193
chrM	803	803	0.000743886185413632
chrM	804	804	6.20328153593251e-05
chrM	805	805	0.000124046393351113
chrM	806	806	0.000248085093186963
chrM	807	807	0
chrM	808	808	0.000124031007751938
chrM	809	809	9.30174872876101e-05
chrM	810	810	9.30232558139535e-05
chrM	811	811	9.2954080684142e-05
chrM	812	812	3.09827735778907e-05
chrM	813	813	0
chrM	814	814	0
chrM	815	815	0
chrM	816	816	0
chrM	817	817	0
chrM	818	818	0
chrM	819	819	0.000511093740604894
chrM	820	820	0.000210260723296888
chrM	821	821	0.000119642269613855
chrM	822	822	2.98275964922747e-05
chrM	823	823	0.00205571279606733
chrM	824	824	0.000268648697053819
chrM	825	825	0.000388140805541456
chrM	826	826	0.00271779709106114
chrM	827	827	0.000239556819883216
chrM	828	828	8.98499505825272e-05
chrM	829	829	0
chrM	830	830	0
chrM	831	831	2.99454991914715e-05
chrM	832	832	0
chrM	833	833	2.99463959512473e-05
chrM	834	834	0
chrM	835	835	0
chrM	836	836	0
chrM	837	837	0
chrM	838	838	5.98856184687247e-05
chrM	839	839	5.9889204970804e-05
chrM	840	840	0
chrM	841	841	0
chrM	842	842	2.99410161980898e-05
chrM	843	843	0
chrM	844	844	0
chrM	845	845	0
chrM	846	846	0
chrM	847	847	0.00116573893276601
chrM	848	848	0.000145666423889294
chrM	849	849	0.000116502592182676
chrM	850	850	0.00643676821809285
chrM	851	851	0.00378010900779464
chrM	852	852	0.000852640244619546
chrM	853	853	0.000235045246209895
chrM	854	854	0.000293289535429376
chrM	855	855	0.000292765758116931
chrM	856	856	2.92834343611819e-05
chrM	857	857	0.000146421459529109
chrM	858	858	0
chrM	859	859	0.000146417171805909
chrM	860	860	8.78580214373572e-05
chrM	861	861	0
chrM	862	862	0
chrM	863	863	0
chrM	864	864	0
chrM	865	865	0.000436604959832344
chrM	866	866	0.00197829691909347
chrM	867	867	0.0196341179212305
chrM	868	868	0.0132481806030001
chrM	869	869	0.0226000601865784
chrM	870	870	0.00498001844451276
chrM	871	871	0.00108094752771858
chrM	872	872	0.000555830039525692
chrM	873	873	0.0010498687664042
chrM	874	874	0.00512630473719968
chrM	875	875	0.0666997118869853
chrM	876	876	0.00855437665782493
chrM	877	877	0.00587979821601577
chrM	878	878	0.000569838769148259
chrM	879	879	0.00361663652802893
chrM	880	880	0.0438796750151078
chrM	881	881	0.0237234602561853
chrM	882	882	0.0976249505946606
chrM	883	883	0.00926625571684231
chrM	884	884	0.0016797984241891
chrM	885	885	0.00127439267224213
chrM	886	886	0.00429201449047094
chrM	887	887	0.0110063513353584
chrM	888	888	0.00244118952507767
chrM	889	889	0.00311272511672719
chrM	890	890	0.00412562720683888
chrM	891	891	0.00485183249981339
chrM	892	892	0.00104998687516406
chrM	893	893	0.000187673598078222
chrM	894	894	0.000150155786628627
chrM	895	895	3.75276766615379e-05
chrM	896	896	0
chrM	897	897	0.00196865017457841
chrM	898	898	0.000257352941176471
chrM	899	899	0.000439286890947029
chrM	900	900	0.000803917269604619
chrM	901	901	0.0101194607825229
chrM	902	902	0.00247113930586803
chrM	903	903	0.000184651746805525
chrM	904	904	7.34079647641769e-05
chrM	905	905	0.000546507815061755
chrM	906	906	0.000541320822807651
chrM	907	907	0.000107276953334525
chrM	908	908	0.000392674829543426
chrM	909	909	0.000642306594347702
chrM	910	910	0.00246861334461842
chrM	911	911	0.00119747825168175
chrM	912	912	0.000691180536356096
chrM	913	913	0.00137636776546693
chrM	914	914	0.000237272049352586
chrM	915	915	3.38822253845633e-05
chrM	916	916	6.77392040643522e-05
chrM	917	917	6.77392040643522e-05
chrM	918	918	0
chrM	919	919	0.00067734615775392
chrM	920	920	0.000169445574081605
chrM	921	921	0.000101684574450056
chrM	922	922	0
chrM	923	923	0
chrM	924	924	6.77208546371855e-05
chrM	925	925	3.3838657282079e-05
chrM	926	926	0
chrM	927	927	0
chrM	928	928	0
chrM	929	929	0.000168668195924976
chrM	930	930	3.33655867338427e-05
chrM	931	931	0.000232388287630303
chrM	932	932	0.000230369248996248
chrM	933	933	0.000163180052870337
chrM	934	934	0.000683415777141369
chrM	935	935	3.07021583617328e-05
chrM	936	936	0.000214862334632739
chrM	937	937	0.00432833988212181
chrM	938	938	0.00261997965662855
chrM	939	939	0.00015406421396438
chrM	940	940	0.000369719937147611
chrM	941	941	0.00240236540593815
chrM	942	942	0.000215989385664476
chrM	943	943	0.00018516232563881
chrM	944	944	0.000432098765432099
chrM	945	945	0.00061751265900951
chrM	946	946	0.000308765862846204
chrM	947	947	3.06880255324372e-05
chrM	948	948	3.0377593487044e-05
chrM	949	949	0.000150606945992349
chrM	950	950	5.92610151411894e-05
chrM	951	951	5.92101367754159e-05
chrM	952	952	0.000325597916173336
chrM	953	953	0.0121626420454545
chrM	954	954	0.0286030909308734
chrM	955	955	0.042694555521378
chrM	956	956	0.022935044105854
chrM	957	957	0.00127835321882785
chrM	958	958	3.28137817883511e-05
chrM	959	959	6.553509404286e-05
chrM	960	960	0
chrM	961	961	0.000228750694421751
chrM	962	962	0
chrM	963	963	0.00123992560446373
chrM	964	964	0.00407020285891049
chrM	965	965	0.000816806612866338
chrM	966	966	0.00045747148972323
chrM	967	967	0.0158123427750008
chrM	968	968	0.0190438273448127
chrM	969	969	0.0175848376655878
chrM	970	970	0.00145767653140784
chrM	971	971	0.000237594189124975
chrM	972	972	0.000135524309673048
chrM	973	973	0
chrM	974	974	0.000270855904658722
chrM	975	975	6.77277345072807e-05
chrM	976	976	0.000338650140539808
chrM	977	977	0
chrM	978	978	3.38478202003791e-05
chrM	979	979	3.37074864327367e-05
chrM	980	980	0
chrM	981	981	0.00013398090772065
chrM	982	982	0.00227538899113268
chrM	983	983	3.3256842595364e-05
chrM	984	984	0.000130830117092955
chrM	985	985	0.000347892090198931
chrM	986	986	0.000578268663621118
chrM	987	987	0.000930945731340014
chrM	988	988	0.00117659935423849
chrM	989	989	0.0124733300508781
chrM	990	990	0.021256038647343
chrM	991	991	0.279467520431376
chrM	992	992	0.0339735251358176
chrM	993	993	0.00256988099474163
chrM	994	994	0.000197597217831173
chrM	995	995	3.93437463115238e-05
chrM	996	996	0.000117077739619107
chrM	997	997	0.00136266303289858
chrM	998	998	0.000734015839289164
chrM	999	999	0.00077121813905063
chrM	1000	1000	0.000616214134411708
chrM	1001	1001	0.00519650486931753
chrM	1002	1002	0.00100304772192431
chrM	1003	1003	0.000921022334791619
chrM	1004	1004	0.000537345513164965
chrM	1005	1005	0.00195814935688232
chrM	1006	1006	0.00926744856758316
chrM	1007	1007	0.00135822111839808
chrM	1008	1008	0.000310800310800311
chrM	1009	1009	0.00147670306610189
chrM	1010	1010	0.00346343931198194
chrM	1011	1011	0.00143488714806484
chrM	1012	1012	0.00031061929722384
chrM	1013	1013	0.000116491282569021
chrM	1014	1014	0.000194129523217891
chrM	1015	1015	3.8753681599752e-05
chrM	1016	1016	0.000193498452012384
chrM	1017	1017	0
chrM	1018	1018	0.000192559500885774
chrM	1019	1019	3.84763370527126e-05
chrM	1020	1020	0
chrM	1021	1021	0.000114894105932366
chrM	1022	1022	0.000191358260936125
chrM	1023	1023	0.000146956170322201
chrM	1024	1024	0.00128539424877888
chrM	1025	1025	0.00165477678899757
chrM	1026	1026	0.000624426078971533
chrM	1027	1027	0.00341786108048512
chrM	1028	1028	0.001622478704967
chrM	1029	1029	0.0002215739133646
chrM	1030	1030	0.000184672206832872
chrM	1031	1031	7.38770685579196e-05
chrM	1032	1032	0
chrM	1033	1033	3.6930349361105e-05
chrM	1034	1034	0
chrM	1035	1035	0
chrM	1036	1036	0
chrM	1037	1037	3.64166059723234e-05
chrM	1038	1038	0
chrM	1039	1039	0.00340999782340564
chrM	1040	1040	0.000326666908642155
chrM	1041	1041	0.000253715114171801
chrM	1042	1042	0.000933572710951526
chrM	1043	1043	0.000425350914504466
chrM	1044	1044	6.84767350292738e-05
chrM	1045	1045	0.000238875238875239
chrM	1046	1046	0.00138377940531236
chrM	1047	1047	0.000168639751762285
chrM	1048	1048	0.00181903927777403
chrM	1049	1049	0.0101211160217267
chrM	1050	1050	0.00247424078091106
chrM	1051	1051	0.00472226940716834
chrM	1052	1052	0.00208219552157291
chrM	1053	1053	0.00236002325820023
chrM	1054	1054	0.000377035132819195
chrM	1055	1055	0
chrM	1056	1056	6.83060109289617e-05
chrM	1057	1057	6.82384250571497e-05
chrM	1058	1058	0
chrM	1059	1059	6.82267858361193e-05
chrM	1060	1060	3.41145566813359e-05
chrM	1061	1061	3.40959459920216e-05
chrM	1062	1062	0
chrM	1063	1063	0.00016922191762277
chrM	1064	1064	0.000365934797072522
chrM	1065	1065	9.78122656581135e-05
chrM	1066	1066	3.23666494044536e-05
chrM	1067	1067	0.000159616919393456
chrM	1068	1068	0.000350195791283308
chrM	1069	1069	0.000853700951718468
chrM	1070	1070	0.000695410292072323
chrM	1071	1071	0.00517823876732658
chrM	1072	1072	0.0110046936445516
chrM	1073	1073	0.000506810262907824
chrM	1074	1074	0.000189933523266857
chrM	1075	1075	0.000569692366122294
chrM	1076	1076	0.000728124604280106
chrM	1077	1077	0.000284522003034901
chrM	1078	1078	0.000537481425274274
chrM	1079	1079	0.00018975932192669
chrM	1080	1080	0.000126338397397429
chrM	1081	1081	6.31572299238955e-05
chrM	1082	1082	0.000124250613487404
chrM	1083	1083	0.000651991679344283
chrM	1084	1084	0.00689205550898761
chrM	1085	1085	0.00068561455996011
chrM	1086	1086	0.000559753708368318
chrM	1087	1087	0.0163011354798569
chrM	1088	1088	0.00464866232369869
chrM	1089	1089	0.00555996822875298
chrM	1090	1090	0.0424920127795527
chrM	1091	1091	0.0360026693360027
chrM	1092	1092	0.00366883566385159
chrM	1093	1093	0.000972695060098659
chrM	1094	1094	0.000382462362226626
chrM	1095	1095	6.95386113139321e-05
chrM	1096	1096	0
chrM	1097	1097	0
chrM	1098	1098	0
chrM	1099	1099	0
chrM	1100	1100	6.93794012557672e-05
chrM	1101	1101	0.000138686637542473
chrM	1102	1102	6.90202574455603e-05
chrM	1103	1103	6.86035742462182e-05
chrM	1104	1104	0
chrM	1105	1105	0.000203555434930113
chrM	1106	1106	0.000101235067827495
chrM	1107	1107	0.000333055786844296
chrM	1108	1108	0.0172614107883817
chrM	1109	1109	0.00577039886616724
chrM	1110	1110	0.00413952225841477
chrM	1111	1111	0.0118192036513505
chrM	1112	1112	0.00561817116465033
chrM	1113	1113	0.00145404189025446
chrM	1114	1114	0.000901431889886628
chrM	1115	1115	0.000343902606781759
chrM	1116	1116	0.00010317433022664
chrM	1117	1117	0
chrM	1118	1118	0
chrM	1119	1119	0.000102993683054106
chrM	1120	1120	0.000446198730049768
chrM	1121	1121	0.0134184426370157
chrM	1122	1122	0.0013564745574067
chrM	1123	1123	0.000452772359988855
chrM	1124	1124	0.000348347093043509
chrM	1125	1125	0.000104489568458082
chrM	1126	1126	0.000661283586245301
chrM	1127	1127	0.000730917823953221
chrM	1128	1128	0.000348298561526941
chrM	1129	1129	0.000209030100334448
chrM	1130	1130	0.000418147606104955
chrM	1131	1131	0.000488042947779405
chrM	1132	1132	0.000523140236459387
chrM	1133	1133	0.000174453089564216
chrM	1134	1134	0
chrM	1135	1135	0
chrM	1136	1136	0
chrM	1137	1137	0
chrM	1138	1138	0
chrM	1139	1139	3.47959219179512e-05
chrM	1140	1140	0
chrM	1141	1141	0
chrM	1142	1142	0
chrM	1143	1143	0
chrM	1144	1144	0
chrM	1145	1145	0
chrM	1146	1146	3.29989440337909e-05
chrM	1147	1147	0
chrM	1148	1148	3.04738686576261e-05
chrM	1149	1149	2.7359781121751e-05
chrM	1150	1150	0
chrM	1151	1151	0.000135556459265284
chrM	1152	1152	0.00045881463888589
chrM	1153	1153	0.0109970081668958
chrM	1154	1154	0.011757661531762
chrM	1155	1155	0.0173984858912595
chrM	1156	1156	0.059637137417404
chrM	1157	1157	0.0546314755854435
chrM	1158	1158	0.0593932577248727
chrM	1159	1159	0.0264711736217077
chrM	1160	1160	0.00242251071495124
chrM	1161	1161	3.11109728401207e-05
chrM	1162	1162	6.22025938481635e-05
chrM	1163	1163	0.00118162878198949
chrM	1164	1164	0.00090249898857872
chrM	1165	1165	0.0477391629297459
chrM	1166	1166	0.0132335642399686
chrM	1167	1167	0.0187624090006618
chrM	1168	1168	0.0298411842060896
chrM	1169	1169	0.00239624934884529
chrM	1170	1170	3.47560127902127e-05
chrM	1171	1171	0
chrM	1172	1172	0.000102061645233721
chrM	1173	1173	0.000203984497178214
chrM	1174	1174	0.00170004420114923
chrM	1175	1175	0.000201911428186835
chrM	1176	1176	0.000235523703778473
chrM	1177	1177	0.00296027180677499
chrM	1178	1178	0.00468913402826974
chrM	1179	1179	0.0025306205081486
chrM	1180	1180	0.000304383116883117
chrM	1181	1181	0.00155605168797781
chrM	1182	1182	0.000609838731535438
chrM	1183	1183	0.000236694393724217
chrM	1184	1184	0.000439649633061652
chrM	1185	1185	0.000676612875943029
chrM	1186	1186	0.00318147972652813
chrM	1187	1187	0.000780719619823489
chrM	1188	1188	0.000271720671150058
chrM	1189	1189	0.000135897261670177
chrM	1190	1190	0.000237723290090335
chrM	1191	1191	0.000101884870096791
chrM	1192	1192	0.000101884870096791
chrM	1193	1193	0.000237747512142105
chrM	1194	1194	0.000237779815890485
chrM	1195	1195	0.000237836368578418
chrM	1196	1196	0
chrM	1197	1197	0
chrM	1198	1198	0
chrM	1199	1199	0
chrM	1200	1200	6.78702321161938e-05
chrM	1201	1201	0.00013550135501355
chrM	1202	1202	0
chrM	1203	1203	3.38260663667422e-05
chrM	1204	1204	0.000371634176830298
chrM	1205	1205	0.000236438559751402
chrM	1206	1206	0.000370982428923139
chrM	1207	1207	0.00080947080845897
chrM	1208	1208	0.00155195681511471
chrM	1209	1209	0.000134966427101259
chrM	1210	1210	0.00118043844856661
chrM	1211	1211	0.000640852671343767
chrM	1212	1212	0.000395204847846134
chrM	1213	1213	0.000690289921767142
chrM	1214	1214	0.00489857645395667
chrM	1215	1215	0.00802006666886696
chrM	1216	1216	0.00303680475325961
chrM	1217	1217	0.00795931173420522
chrM	1218	1218	0.00773829292593823
chrM	1219	1219	0.0133065864259445
chrM	1220	1220	0.00175640072958184
chrM	1221	1221	0.0060747190442442
chrM	1222	1222	0.0488532032388115
chrM	1223	1223	0.00152217777620447
chrM	1224	1224	0.000389849730649277
chrM	1225	1225	0.00173709585933069
chrM	1226	1226	7.10202052483932e-05
chrM	1227	1227	0.000426121231490359
chrM	1228	1228	0.000426287744227353
chrM	1229	1229	0.000497477080520219
chrM	1230	1230	0.000106606019686578
chrM	1231	1231	0
chrM	1232	1232	0
chrM	1233	1233	3.54421407052986e-05
chrM	1234	1234	0
chrM	1235	1235	0
chrM	1236	1236	0.000140790538875788
chrM	1237	1237	6.97641970140924e-05
chrM	1238	1238	3.48031879720182e-05
chrM	1239	1239	3.45148931764056e-05
chrM	1240	1240	0.000240698713981157
chrM	1241	1241	3.41915410127534e-05
chrM	1242	1242	6.82756972655583e-05
chrM	1243	1243	0.000101743200162789
chrM	1244	1244	0.000100789517890139
chrM	1245	1245	0
chrM	1246	1246	0
chrM	1247	1247	3.28051700948069e-05
chrM	1248	1248	0
chrM	1249	1249	9.7935998824768e-05
chrM	1250	1250	4.86097608399767e-05
chrM	1251	1251	9.69673462461516e-05
chrM	1252	1252	0.000411273738962139
chrM	1253	1253	0.000506707846732941
chrM	1254	1254	0.00349785304192599
chrM	1255	1255	0.129253182324186
chrM	1256	1256	0.132931269281009
chrM	1257	1257	0.0212779573160977
chrM	1258	1258	0.00349810383156793
chrM	1259	1259	0.000787246604999016
chrM	1260	1260	0.000164101217631035
chrM	1261	1261	3.28105518734825e-05
chrM	1262	1262	6.5556575324505e-05
chrM	1263	1263	0
chrM	1264	1264	0
chrM	1265	1265	0.000294830636178995
chrM	1266	1266	0.00026214037617144
chrM	1267	1267	9.83187493855078e-05
chrM	1268	1268	9.8292978604895e-05
chrM	1269	1269	6.54578778555999e-05
chrM	1270	1270	3.25182101977107e-05
chrM	1271	1271	0
chrM	1272	1272	0
chrM	1273	1273	9.65592712993659e-05
chrM	1274	1274	0.000160813070886402
chrM	1275	1275	0.00130873340143003
chrM	1276	1276	0.00255615554206473
chrM	1277	1277	0.00300569162882906
chrM	1278	1278	0.0020136158787995
chrM	1279	1279	0.000444769196556216
chrM	1280	1280	0.000124100273020601
chrM	1281	1281	3.08061982070793e-05
chrM	1282	1282	3.07815433865854e-05
chrM	1283	1283	0.000215305118110236
chrM	1284	1284	0.000461013615268771
chrM	1285	1285	0.000273772586238365
chrM	1286	1286	0.00237269574739916
chrM	1287	1287	0.000518261081641363
chrM	1288	1288	0.000211922133753141
chrM	1289	1289	0
chrM	1290	1290	9.07441016333938e-05
chrM	1291	1291	0
chrM	1292	1292	3.01813901548305e-05
chrM	1293	1293	0
chrM	1294	1294	0
chrM	1295	1295	0
chrM	1296	1296	6.01684717208183e-05
chrM	1297	1297	0.000180467410593437
chrM	1298	1298	0.000120329703387281
chrM	1299	1299	9.02255639097744e-05
chrM	1300	1300	0
chrM	1301	1301	8.95682808861289e-05
chrM	1302	1302	0
chrM	1303	1303	0.00145013317549571
chrM	1304	1304	0.00011834669664783
chrM	1305	1305	0.000118297696152367
chrM	1306	1306	0.00206684776189914
chrM	1307	1307	0.00549775360605344
chrM	1308	1308	0.0116974572026282
chrM	1309	1309	0.00821257476121046
chrM	1310	1310	0.00104586881816824
chrM	1311	1311	5.97104045379907e-05
chrM	1312	1312	2.98462915982689e-05
chrM	1313	1313	0
chrM	1314	1314	5.89448865310934e-05
chrM	1315	1315	0.000470851358111886
chrM	1316	1316	0.00185027460424682
chrM	1317	1317	0.0016531281174291
chrM	1318	1318	8.5404389785635e-05
chrM	1319	1319	5.688443926164e-05
chrM	1320	1320	5.68553316087216e-05
chrM	1321	1321	0.00227408397055061
chrM	1322	1322	0.000940037031761857
chrM	1323	1323	0.00108348540145985
chrM	1324	1324	0.000542268394314744
chrM	1325	1325	0.000114184579372556
chrM	1326	1326	2.85030213202599e-05
chrM	1327	1327	0.000169572958765509
chrM	1328	1328	2.82310428547231e-05
chrM	1329	1329	0
chrM	1330	1330	0.000169348010160881
chrM	1331	1331	0.000621030345800988
chrM	1332	1332	0.000536526134470392
chrM	1333	1333	0.000875755692412001
chrM	1334	1334	0.000480293826811697
chrM	1335	1335	2.82509817216148e-05
chrM	1336	1336	0
chrM	1337	1337	0
chrM	1338	1338	0.000225301340542976
chrM	1339	1339	0.000140845070422535
chrM	1340	1340	0.00098599881680142
chrM	1341	1341	0.000535784783712143
chrM	1342	1342	0.000169252468265162
chrM	1343	1343	2.82111321127317e-05
chrM	1344	1344	0
chrM	1345	1345	0
chrM	1346	1346	0
chrM	1347	1347	0
chrM	1348	1348	0
chrM	1349	1349	2.81833042105856e-05
chrM	1350	1350	2.81713947657549e-05
chrM	1351	1351	2.81698076002141e-05
chrM	1352	1352	0
chrM	1353	1353	0
chrM	1354	1354	0.000196678935685988
chrM	1355	1355	2.8036335090277e-05
chrM	1356	1356	5.59832050384885e-05
chrM	1357	1357	0.00134314575929709
chrM	1358	1358	0.000615935942661963
chrM	1359	1359	0.00198846132302694
chrM	1360	1360	0.236827338533191
chrM	1361	1361	0.0123846973650362
chrM	1362	1362	0.00863255813953488
chrM	1363	1363	0.0310764149527098
chrM	1364	1364	0.0190966842268361
chrM	1365	1365	0.000947717580161112
chrM	1366	1366	7.90451347719548e-05
chrM	1367	1367	0
chrM	1368	1368	0
chrM	1369	1369	3.94835550993011e-05
chrM	1370	1370	0.000118343195266272
chrM	1371	1371	0
chrM	1372	1372	0
chrM	1373	1373	0
chrM	1374	1374	7.88861278744133e-05
chrM	1375	1375	0.000236574402649633
chrM	1376	1376	0.000157685181535065
chrM	1377	1377	0.000118152101138199
chrM	1378	1378	0
chrM	1379	1379	0
chrM	1380	1380	0
chrM	1381	1381	3.90457225410956e-05
chrM	1382	1382	0.000194741966893866
chrM	1383	1383	0.00363594611145132
chrM	1384	1384	0.00491023477059997
chrM	1385	1385	0.000886046690808229
chrM	1386	1386	0.00107891491985203
chrM	1387	1387	0.000385638810689908
chrM	1388	1388	0.000346887646945462
chrM	1389	1389	3.84659768434819e-05
chrM	1390	1390	7.65169485040937e-05
chrM	1391	1391	0
chrM	1392	1392	0
chrM	1393	1393	0.00177832619583364
chrM	1394	1394	3.42067455702265e-05
chrM	1395	1395	0.000340994339493964
chrM	1396	1396	0.000949538795442214
chrM	1397	1397	0.0107613396359248
chrM	1398	1398	0.144736842105263
chrM	1399	1399	0.103657134094917
chrM	1400	1400	0.0601291364003228
chrM	1401	1401	0.00267722034687464
chrM	1402	1402	0.00096749226006192
chrM	1403	1403	0.00615134633240483
chrM	1404	1404	0.000814016590433367
chrM	1405	1405	0.000734469828752561
chrM	1406	1406	0.00200741198270537
chrM	1407	1407	0.00259968650839164
chrM	1408	1408	0.00160888718636277
chrM	1409	1409	0.000113718206284826
chrM	1410	1410	3.78945772859904e-05
chrM	1411	1411	0.000492573507123371
chrM	1412	1412	0.000227315779503694
chrM	1413	1413	0.00196984620046973
chrM	1414	1414	0.00277081909967357
chrM	1415	1415	0.00148401826484018
chrM	1416	1416	0.00213406501276628
chrM	1417	1417	0.00125930165998855
chrM	1418	1418	0.00110763119700558
chrM	1419	1419	0.000267645484438327
chrM	1420	1420	0.000114556285321521
chrM	1421	1421	0.000229077580940745
chrM	1422	1422	7.58437618505878e-05
chrM	1423	1423	7.56944970100674e-05
chrM	1424	1424	0.000113503083500435
chrM	1425	1425	0.00018321058224323
chrM	1426	1426	0
chrM	1427	1427	3.65030114984486e-05
chrM	1428	1428	0.000217399181129751
chrM	1429	1429	0.000107774105474925
chrM	1430	1430	0.000107557722644486
chrM	1431	1431	0.000250797176740353
chrM	1432	1432	0.0117870449985669
chrM	1433	1433	0.010221465076661
chrM	1434	1434	0.0323170285881407
chrM	1435	1435	0.0138259292837715
chrM	1436	1436	0.00294917461411774
chrM	1437	1437	0.000883460090650688
chrM	1438	1438	0.000115273775216138
chrM	1439	1439	0
chrM	1440	1440	0
chrM	1441	1441	7.53721499905785e-05
chrM	1442	1442	3.75093773443361e-05
chrM	1443	1443	0
chrM	1444	1444	7.46380056724884e-05
chrM	1445	1445	3.7314825180044e-05
chrM	1446	1446	0
chrM	1447	1447	0.000553709856035437
chrM	1448	1448	0.00347183748845799
chrM	1449	1449	0.00302739422579931
chrM	1450	1450	0.00140683425271186
chrM	1451	1451	0.00185343070022612
chrM	1452	1452	0.00163380490884111
chrM	1453	1453	0.000148737589707359
chrM	1454	1454	3.71899289672357e-05
chrM	1455	1455	0
chrM	1456	1456	0
chrM	1457	1457	3.71498625455086e-05
chrM	1458	1458	0
chrM	1459	1459	0.000111404062534814
chrM	1460	1460	0.000185604513901778
chrM	1461	1461	0.000408375408375408
chrM	1462	1462	0.000333135919455138
chrM	1463	1463	3.70274373310623e-05
chrM	1464	1464	0
chrM	1465	1465	0
chrM	1466	1466	3.69508184606289e-05
chrM	1467	1467	0
chrM	1468	1468	0.000110273846719353
chrM	1469	1469	0
chrM	1470	1470	0.0001465094132298
chrM	1471	1471	0.000146525513755083
chrM	1472	1472	0.000256457226598278
chrM	1473	1473	0.000256363303424281
chrM	1474	1474	0.00190183600321849
chrM	1475	1475	0.00139194139194139
chrM	1476	1476	0.000108932461873638
chrM	1477	1477	7.25689404934688e-05
chrM	1478	1478	0.000108849461195167
chrM	1479	1479	0.000326572081715592
chrM	1480	1480	7.25689404934688e-05
chrM	1481	1481	0.00010877053043762
chrM	1482	1482	3.6237135816785e-05
chrM	1483	1483	0.000360308424010953
chrM	1484	1484	0.000144144144144144
chrM	1485	1485	0
chrM	1486	1486	7.16358035746266e-05
chrM	1487	1487	0.000142954147457203
chrM	1488	1488	0.000106738774638867
chrM	1489	1489	0.00038591074936851
chrM	1490	1490	3.48019767522795e-05
chrM	1491	1491	0
chrM	1492	1492	0.000278019113814075
chrM	1493	1493	0.00072992700729927
chrM	1494	1494	0.000687143544286401
chrM	1495	1495	0.0179681863469269
chrM	1496	1496	0.00216488005866127
chrM	1497	1497	0.000209856248469798
chrM	1498	1498	0.00577165244158388
chrM	1499	1499	0.000351691636772878
chrM	1500	1500	0.000527723050942865
chrM	1501	1501	0.00235824152616944
chrM	1502	1502	0.000846740050804403
chrM	1503	1503	0.000317785388934007
chrM	1504	1504	0.000247201327824275
chrM	1505	1505	7.06289508069358e-05
chrM	1506	1506	7.06090026478376e-05
chrM	1507	1507	0
chrM	1508	1508	0
chrM	1509	1509	3.53020086842941e-05
chrM	1510	1510	3.53032549601073e-05
chrM	1511	1511	7.06015249929399e-05
chrM	1512	1512	0.000176516274800537
chrM	1513	1513	0.000670880265527347
chrM	1514	1514	0.000211999152003392
chrM	1515	1515	7.06813683912921e-05
chrM	1516	1516	0.000176715911500672
chrM	1517	1517	7.06988582134399e-05
chrM	1518	1518	0.00010605578534309
chrM	1519	1519	0.00208583751679276
chrM	1520	1520	0.00024790168927294
chrM	1521	1521	0.0141977057074069
chrM	1522	1522	0.000538386992570259
chrM	1523	1523	0.00161579892280072
chrM	1524	1524	0.00413505447484808
chrM	1525	1525	0.0385601328663754
chrM	1526	1526	0.161904404310442
chrM	1527	1527	0.0746348893468327
chrM	1528	1528	0.0414287097086439
chrM	1529	1529	0.0036848215637777
chrM	1530	1530	0.000101311990274049
chrM	1531	1531	0.000101276078590237
chrM	1532	1532	0.000151591712986357
chrM	1533	1533	0
chrM	1534	1534	5.03220611916264e-05
chrM	1535	1535	0.000402434730117209
chrM	1536	1536	0.000250928435210278
chrM	1537	1537	0.00030013506077735
chrM	1538	1538	0.000598682897625224
chrM	1539	1539	0.00623628018359609
chrM	1540	1540	0.00449730161902858
chrM	1541	1541	0.000696378830083565
chrM	1542	1542	0.00312888005959772
chrM	1543	1543	0.0582640306757632
chrM	1544	1544	0.0301332205540283
chrM	1545	1545	0.00738103962728367
chrM	1546	1546	0.0132342085837815
chrM	1547	1547	0.0167779855730697
chrM	1548	1548	0.00347788283882187
chrM	1549	1549	0.000599781897491821
chrM	1550	1550	5.45583501554913e-05
chrM	1551	1551	5.4561326931471e-05
chrM	1552	1552	0
chrM	1553	1553	5.45643040323021e-05
chrM	1554	1554	0
chrM	1555	1555	0
chrM	1556	1556	5.45672814580378e-05
chrM	1557	1557	0
chrM	1558	1558	0.000109057200501663
chrM	1559	1559	0.000109045308325609
chrM	1560	1560	0
chrM	1561	1561	5.45226541628046e-05
chrM	1562	1562	0.000163576881134133
chrM	1563	1563	0.00883411495255753
chrM	1564	1564	0.0117168161064965
chrM	1565	1565	0.0124081905185845
chrM	1566	1566	0.0101966086417667
chrM	1567	1567	0.00449016710242128
chrM	1568	1568	0.000342426663622874
chrM	1569	1569	0.000114168284050691
chrM	1570	1570	0.000798630918425556
chrM	1571	1571	0.000913398412970257
chrM	1572	1572	0.000624716038164471
chrM	1573	1573	0.00363677690646664
chrM	1574	1574	0.00182502566442341
chrM	1575	1575	0.00445663352759685
chrM	1576	1576	0.00987144168962351
chrM	1577	1577	0.00104335729190818
chrM	1578	1578	0.00870271524715711
chrM	1579	1579	5.84966364434045e-05
chrM	1580	1580	0.000701467235634536
chrM	1581	1581	0.0012282138261785
chrM	1582	1582	0.00421200421200421
chrM	1583	1583	0.00246696035242291
chrM	1584	1584	0.0171317555634052
chrM	1585	1585	0.00922100473025567
chrM	1586	1586	0.00138964413026403
chrM	1587	1587	0.00266102207438766
chrM	1588	1588	0.000848793500666909
chrM	1589	1589	0.000364077669902913
chrM	1590	1590	6.0690659707471e-05
chrM	1591	1591	0.00121359223300971
chrM	1592	1592	0.000485761126965815
chrM	1593	1593	0.00121270919233568
chrM	1594	1594	0.000363834818992178
chrM	1595	1595	0.000242615393946746
chrM	1596	1596	0.000424551188743328
chrM	1597	1597	0.00188038335557443
chrM	1598	1598	0.00212546304730673
chrM	1599	1599	0.0158450704225352
chrM	1600	1600	0.131024282016517
chrM	1601	1601	0.0105598866052445
chrM	1602	1602	0.00336579776568319
chrM	1603	1603	0.0223419540229885
chrM	1604	1604	0.123090481786134
chrM	1605	1605	0.0822101297614064
chrM	1606	1606	0.0212513681138271
chrM	1607	1607	0.0293542074363992
chrM	1608	1608	0.0408946913698762
chrM	1609	1609	0.0482434190771695
chrM	1610	1610	0.211764705882353
chrM	1611	1611	0.0174573560767591
chrM	1612	1612	0.0130187144019528
chrM	1613	1613	0.00508381423467986
chrM	1614	1614	0.00718132854578097
chrM	1615	1615	0.00250312891113892
chrM	1616	1616	0.00390352711557228
chrM	1617	1617	0.00363890832750175
chrM	1618	1618	0.00126404494382022
chrM	1619	1619	0
chrM	1620	1620	0
chrM	1621	1621	0.000281214848143982
chrM	1622	1622	0.000843881856540084
chrM	1623	1623	0.000703432751828925
chrM	1624	1624	0.00154798761609907
chrM	1625	1625	0.00239571589627959
chrM	1626	1626	0.00169276343630978
chrM	1627	1627	0.0115868305779285
chrM	1628	1628	0.00900643316654753
chrM	1629	1629	0.00245239469128679
chrM	1630	1630	0.00101229211858279
chrM	1631	1631	0
chrM	1632	1632	0.000144759698899826
chrM	1633	1633	0.00144780657304184
chrM	1634	1634	0.00202575604109391
chrM	1635	1635	0.000434908669179472
chrM	1636	1636	0.000290065264684554
chrM	1637	1637	0.00464239083127811
chrM	1638	1638	0.00218627022299956
chrM	1639	1639	0.0148970351978969
chrM	1640	1640	0.0292068198665678
chrM	1641	1641	0.0432193036041539
chrM	1642	1642	0.0114924181963288
chrM	1643	1643	0.00193767156466979
chrM	1644	1644	0.000647144475004045
chrM	1645	1645	0.000484887667690318
chrM	1646	1646	0.000160849284220685
chrM	1647	1647	0
chrM	1648	1648	0
chrM	1649	1649	0
chrM	1650	1650	0
chrM	1651	1651	0
chrM	1652	1652	0.00541879547917634
chrM	1653	1653	0.000778210116731518
chrM	1654	1654	0
chrM	1655	1655	0
chrM	1656	1656	0
chrM	1657	1657	0
chrM	1658	1658	0
chrM	1659	1659	0.000155666251556663
chrM	1660	1660	0
chrM	1661	1661	0
chrM	1662	1662	0
chrM	1663	1663	0.000155642023346304
chrM	1664	1664	0
chrM	1665	1665	0
chrM	1666	1666	0.00140077821011673
chrM	1667	1667	0
chrM	1668	1668	0
chrM	1669	1669	0.00015581177937052
chrM	1670	1670	0
chrM	1671	1671	0
chrM	1672	1672	0
chrM	1673	1673	0
chrM	1674	1674	0.00015581177937052
chrM	1675	1675	0
chrM	1676	1676	0
chrM	1677	1677	0
chrM	1678	1678	0
chrM	1679	1679	0
chrM	1680	1680	0
chrM	1681	1681	0.000461609478381289
chrM	1682	1682	0
chrM	1683	1683	0
chrM	1684	1684	0.000153680651605963
chrM	1685	1685	0
chrM	1686	1686	0
chrM	1687	1687	0
chrM	1688	1688	0.00350770169284734
chrM	1689	1689	0.000304738686576261
chrM	1690	1690	0.000151125887864591
chrM	1691	1691	0
chrM	1692	1692	0
chrM	1693	1693	0
chrM	1694	1694	0
chrM	1695	1695	0
chrM	1696	1696	0
chrM	1697	1697	0
chrM	1698	1698	0
chrM	1699	1699	0
chrM	1700	1700	0
chrM	1701	1701	0
chrM	1702	1702	0
chrM	1703	1703	0
chrM	1704	1704	0
chrM	1705	1705	0
chrM	1706	1706	0
chrM	1707	1707	0
chrM	1708	1708	4.96869720759217e-05
chrM	1709	1709	0
chrM	1710	1710	0.000144536519560609
chrM	1711	1711	9.32966366562485e-05
chrM	1712	1712	0
chrM	1713	1713	2.40401952063851e-05
chrM	1714	1714	0
chrM	1715	1715	9.58588957055215e-05
chrM	1716	1716	0.000119800651715545
chrM	1717	1717	0
chrM	1718	1718	0
chrM	1719	1719	0
chrM	1720	1720	0
chrM	1721	1721	2.3930887596621e-05
chrM	1722	1722	0
chrM	1723	1723	0
chrM	1724	1724	2.39125756235204e-05
chrM	1725	1725	0
chrM	1726	1726	0
chrM	1727	1727	0
chrM	1728	1728	0
chrM	1729	1729	0
chrM	1730	1730	0
chrM	1731	1731	2.24754455757085e-05
chrM	1732	1732	6.74187603937256e-05
chrM	1733	1733	0
chrM	1734	1734	4.49236298292902e-05
chrM	1735	1735	0.000494037861265186
chrM	1736	1736	4.49195939268709e-05
chrM	1737	1737	0
chrM	1738	1738	0
chrM	1739	1739	0
chrM	1740	1740	0.000112092543603999
chrM	1741	1741	0
chrM	1742	1742	2.21650855572303e-05
chrM	1743	1743	2.20366248705348e-05
chrM	1744	1744	2.20065579542704e-05
chrM	1745	1745	0.000145518044237485
chrM	1746	1746	0.000227936757910442
chrM	1747	1747	4.13950119010659e-05
chrM	1748	1748	8.27232493692352e-05
chrM	1749	1749	0.000284668564457096
chrM	1750	1750	0.00184578743673712
chrM	1751	1751	0.000881523272214386
chrM	1752	1752	0.000876537999545499
chrM	1753	1753	1.57037641922769e-05
chrM	1754	1754	0.00034399186928309
chrM	1755	1755	1.56274417877793e-05
chrM	1756	1756	1.56181670519148e-05
chrM	1757	1757	6.2469741219097e-05
chrM	1758	1758	9.36885169107773e-05
chrM	1759	1759	0
chrM	1760	1760	9.36621916952857e-05
chrM	1761	1761	6.24473100821182e-05
chrM	1762	1762	6.23412246933591e-05
chrM	1763	1763	1.55833632014461e-05
chrM	1764	1764	0
chrM	1765	1765	1.55833632014461e-05
chrM	1766	1766	0
chrM	1767	1767	4.67471756914686e-05
chrM	1768	1768	0
chrM	1769	1769	4.67471756914686e-05
chrM	1770	1770	0
chrM	1771	1771	0
chrM	1772	1772	1.55654136508678e-05
chrM	1773	1773	3.11298582034959e-05
chrM	1774	1774	6.22568093385214e-05
chrM	1775	1775	0.000108937547660177
chrM	1776	1776	4.66911535827679e-05
chrM	1777	1777	6.22568093385214e-05
chrM	1778	1778	3.11264668347496e-05
chrM	1779	1779	4.66802558078018e-05
chrM	1780	1780	6.22025938481635e-05
chrM	1781	1781	0
chrM	1782	1782	0
chrM	1783	1783	0.000170722622299479
chrM	1784	1784	0
chrM	1785	1785	0.00058691790871882
chrM	1786	1786	7.7121219132232e-05
chrM	1787	1787	0.000107969706785125
chrM	1788	1788	0.00041649312786339
chrM	1789	1789	0.00151234567901235
chrM	1790	1790	0.000509920267012794
chrM	1791	1791	0.000355552807321296
chrM	1792	1792	0.00046368568293173
chrM	1793	1793	0.000757060750262654
chrM	1794	1794	0.000154228165147519
chrM	1795	1795	0.000539025442000862
chrM	1796	1796	3.08156913500354e-05
chrM	1797	1797	9.24442253173918e-05
chrM	1798	1798	0.00101691781455117
chrM	1799	1799	0.0015423292255965
chrM	1800	1800	0.00226463927531543
chrM	1801	1801	0.000756289550856614
chrM	1802	1802	0.000200660636557281
chrM	1803	1803	0.000108058042605743
chrM	1804	1804	0.00020053991515619
chrM	1805	1805	0.000108001357731354
chrM	1806	1806	0.000663334567444156
chrM	1807	1807	0.000879874039084931
chrM	1808	1808	0.000648859089434411
chrM	1809	1809	0.000494674519624666
chrM	1810	1810	7.72940885481078e-05
chrM	1811	1811	6.18008775724615e-05
chrM	1812	1812	0.000663856853936054
chrM	1813	1813	0
chrM	1814	1814	6.14571490028578e-05
chrM	1815	1815	7.66471471931815e-05
chrM	1816	1816	0.000152573922065241
chrM	1817	1817	0.000976517798562688
chrM	1818	1818	0.00978865066275732
chrM	1819	1819	0.0733595496954276
chrM	1820	1820	0.0407901744108641
chrM	1821	1821	0.0225582161496714
chrM	1822	1822	0.00592482216664006
chrM	1823	1823	0.00228396053030709
chrM	1824	1824	0.000321911438586451
chrM	1825	1825	8.94486385917206e-05
chrM	1826	1826	0
chrM	1827	1827	3.57826561465658e-05
chrM	1828	1828	0.00012523929651298
chrM	1829	1829	0.000161030595813205
chrM	1830	1830	3.57903401871835e-05
chrM	1831	1831	5.36864710093057e-05
chrM	1832	1832	1.78964511337402e-05
chrM	1833	1833	0
chrM	1834	1834	0
chrM	1835	1835	7.15192476175151e-05
chrM	1836	1836	0
chrM	1837	1837	5.35742986231405e-05
chrM	1838	1838	3.57040845472722e-05
chrM	1839	1839	0.000368951825433079
chrM	1840	1840	0.000193301233613327
chrM	1841	1841	0.000404239239327205
chrM	1842	1842	0.00275898427203233
chrM	1843	1843	0.00116295460952918
chrM	1844	1844	0.00202854068547036
chrM	1845	1845	0.00146687167523815
chrM	1846	1846	0.0183703808579924
chrM	1847	1847	0.0021450717427356
chrM	1848	1848	0.00019869224377732
chrM	1849	1849	0.00014451650197807
chrM	1850	1850	0.000487637486680272
chrM	1851	1851	0.000415514967571767
chrM	1852	1852	0.00391199736892212
chrM	1853	1853	0.00898110334325465
chrM	1854	1854	0.20834566955189
chrM	1855	1855	0.0186449983529153
chrM	1856	1856	0.00632190327264604
chrM	1857	1857	0.00211231208287454
chrM	1858	1858	0.0198280518545193
chrM	1859	1859	0.184763391729617
chrM	1860	1860	0.04983669332132
chrM	1861	1861	0.0399407407407407
chrM	1862	1862	0.0201518331070238
chrM	1863	1863	0.0107709750566893
chrM	1864	1864	0.00471127522760553
chrM	1865	1865	0.00115107913669065
chrM	1866	1866	0.00133507104485203
chrM	1867	1867	0.000603730418480506
chrM	1868	1868	6.35546092980393e-05
chrM	1869	1869	0.000254129606099111
chrM	1870	1870	0.000126502213788741
chrM	1871	1871	0.000755429650613787
chrM	1872	1872	0.00105783889735851
chrM	1873	1873	0.000834363411619283
chrM	1874	1874	0.00810203012846185
chrM	1875	1875	0.00424332528030725
chrM	1876	1876	0.00708580663206638
chrM	1877	1877	0.0546427565486809
chrM	1878	1878	0.0641755477593169
chrM	1879	1879	0.0342937952978611
chrM	1880	1880	0.00775704354189535
chrM	1881	1881	0.0057854589674614
chrM	1882	1882	0.000739180249103744
chrM	1883	1883	0.000590231665928877
chrM	1884	1884	0.0138770990957741
chrM	1885	1885	0.000485872327702198
chrM	1886	1886	0.0031408914148968
chrM	1887	1887	0.00251293976445878
chrM	1888	1888	0.000864791697999699
chrM	1889	1889	0.000188160915214692
chrM	1890	1890	0.000225810093711189
chrM	1891	1891	0.000150568395693744
chrM	1892	1892	0
chrM	1893	1893	7.52077614409807e-05
chrM	1894	1894	0.000150212174696759
chrM	1895	1895	0.000111944475540132
chrM	1896	1896	0.000260232722406037
chrM	1897	1897	3.69863520360987e-05
chrM	1898	1898	3.66367466568969e-05
chrM	1899	1899	0.000145127349248966
chrM	1900	1900	0.000289038225305297
chrM	1901	1901	0.000284656988329063
chrM	1902	1902	0.000629069291982512
chrM	1903	1903	0.00418540729635182
chrM	1904	1904	0.0029645156460548
chrM	1905	1905	0.00206611570247934
chrM	1906	1906	0.000501652502360718
chrM	1907	1907	0.000401848503114326
chrM	1908	1908	0.0134706134706135
chrM	1909	1909	0.000780076274124581
chrM	1910	1910	0.000635856527645308
chrM	1911	1911	0.00676456984273821
chrM	1912	1912	0.000698161508028857
chrM	1913	1913	0.000145522279460985
chrM	1914	1914	5.82123002590447e-05
chrM	1915	1915	0.000407438665929397
chrM	1916	1916	5.82089117843942e-05
chrM	1917	1917	0
chrM	1918	1918	0
chrM	1919	1919	5.79659739732777e-05
chrM	1920	1920	0.000984422954427008
chrM	1921	1921	5.73937498206445e-05
chrM	1922	1922	0.000430181536608449
chrM	1923	1923	0.000430292598967298
chrM	1924	1924	0.0002582718741929
chrM	1925	1925	0.000373091493513948
chrM	1926	1926	0.000258346011424635
chrM	1927	1927	0.000680542165258322
chrM	1928	1928	0.000282669531051248
chrM	1929	1929	0.000197188653201499
chrM	1930	1930	0.000110957004160888
chrM	1931	1931	0.000138339374152671
chrM	1932	1932	0.000773715769985355
chrM	1933	1933	0.00112888570720559
chrM	1934	1934	0.0208310432010553
chrM	1935	1935	0.0268484560038075
chrM	1936	1936	0.0182010464210175
chrM	1937	1937	0.0088893921807321
chrM	1938	1938	0.00785086216740893
chrM	1939	1939	0.0072757599286803
chrM	1940	1940	0.00208363478512516
chrM	1941	1941	0.0051225653344138
chrM	1942	1942	0.00340254754842087
chrM	1943	1943	0.00105098707569947
chrM	1944	1944	0.000369349660482427
chrM	1945	1945	7.46175848775028e-05
chrM	1946	1946	0.000123505582452327
chrM	1947	1947	0.000148148148148148
chrM	1948	1948	0.000567929280458294
chrM	1949	1949	9.88142292490119e-05
chrM	1950	1950	0.000271765984781105
chrM	1951	1951	0.000222397944054562
chrM	1952	1952	0.000246645619573796
chrM	1953	1953	0.000222013912871873
chrM	1954	1954	0.000221674876847291
chrM	1955	1955	0.000418626412864143
chrM	1956	1956	0.000320110314939302
chrM	1957	1957	0.000591147565210966
chrM	1958	1958	0.000172511521305173
chrM	1959	1959	0.000172532781228433
chrM	1960	1960	0.000369767785830498
chrM	1961	1961	0.000369858960449749
chrM	1962	1962	0.00128258885627605
chrM	1963	1963	0.000295879872771655
chrM	1964	1964	0.00219395552926096
chrM	1965	1965	0.000468141723747105
chrM	1966	1966	0.00182131429977849
chrM	1967	1967	0.00224066185704085
chrM	1968	1968	0.000641326064971264
chrM	1969	1969	0.00120921968313509
chrM	1970	1970	0.00232242124768376
chrM	1971	1971	0.0129497115408424
chrM	1972	1972	0.00687021007465463
chrM	1973	1973	0.00179282868525896
chrM	1974	1974	0.00126815197931172
chrM	1975	1975	0.000248360818597258
chrM	1976	1976	0.000172142435569546
chrM	1977	1977	0.000317700823578289
chrM	1978	1978	0.000194874792945532
chrM	1979	1979	0.000533902829684997
chrM	1980	1980	0.00873531980976415
chrM	1981	1981	0.0673582735925228
chrM	1982	1982	0.0035674938355805
chrM	1983	1983	0.00131603190061327
chrM	1984	1984	0.000342574048698219
chrM	1985	1985	0.000105326908391921
chrM	1986	1986	0
chrM	1987	1987	0.000182872668373478
chrM	1988	1988	0.000182073557717318
chrM	1989	1989	0.00220676047562179
chrM	1990	1990	2.60037445392136e-05
chrM	1991	1991	2.59686298950867e-05
chrM	1992	1992	0.000154106950223455
chrM	1993	1993	0.00315497223624432
chrM	1994	1994	0.0151211919057149
chrM	1995	1995	0.00232138888202899
chrM	1996	1996	0.00432066760486878
chrM	1997	1997	0.0179508764979697
chrM	1998	1998	0.11521399405152
chrM	1999	1999	0.0248875220684549
chrM	2000	2000	0.00405365995917177
chrM	2001	2001	0.00172595366253218
chrM	2002	2002	0.00110897099165353
chrM	2003	2003	0.000145815106445028
chrM	2004	2004	0.000375072129255626
chrM	2005	2005	0.000288566976395221
chrM	2006	2006	0.00703900300023079
chrM	2007	2007	0.00851100912101319
chrM	2008	2008	0.000937454225867878
chrM	2009	2009	0.000614898102600141
chrM	2010	2010	0.000351329195456142
chrM	2011	2011	0.000263273365511189
chrM	2012	2012	0.000175536116555981
chrM	2013	2013	8.77039115944571e-05
chrM	2014	2014	0.000321599812887382
chrM	2015	2015	0.00286608370134238
chrM	2016	2016	0.00305021116846551
chrM	2017	2017	0.017504118616145
chrM	2018	2018	0.00433910883681958
chrM	2019	2019	0.000360566088759352
chrM	2020	2020	3.00562051035436e-05
chrM	2021	2021	0
chrM	2022	2022	0.000390484200408507
chrM	2023	2023	0.000210330218442955
chrM	2024	2024	0.000120192307692308
chrM	2025	2025	3.00309318598156e-05
chrM	2026	2026	0.000330310491862351
chrM	2027	2027	0.000450328739980186
chrM	2028	2028	0.000210184962767235
chrM	2029	2029	0.000150145641272034
chrM	2030	2030	0.0005706048411316
chrM	2031	2031	0.000270205356070614
chrM	2032	2032	6.00528465049243e-05
chrM	2033	2033	0.000270140473045984
chrM	2034	2034	0.0301658220636301
chrM	2035	2035	0.00194781103141232
chrM	2036	2036	0.00127009696106069
chrM	2037	2037	0.000558312655086849
chrM	2038	2038	0.000403451058283161
chrM	2039	2039	0.000155231294628997
chrM	2040	2040	9.31532370749884e-05
chrM	2041	2041	3.10481867858917e-05
chrM	2042	2042	0
chrM	2043	2043	3.10452950855298e-05
chrM	2044	2044	0.000155221656525518
chrM	2045	2045	0.000185758513931889
chrM	2046	2046	0.000619214217158426
chrM	2047	2047	0.00012388503468781
chrM	2048	2048	0.000247777743364202
chrM	2049	2049	0.0105944673337257
chrM	2050	2050	0.000187840460835264
chrM	2051	2051	0.0030999498997996
chrM	2052	2052	0.00310949180224889
chrM	2053	2053	0.00141781404581115
chrM	2054	2054	9.46551397740897e-05
chrM	2055	2055	0.000252389816070922
chrM	2056	2056	9.46461810265956e-05
chrM	2057	2057	0
chrM	2058	2058	3.15457413249211e-05
chrM	2059	2059	6.30934729802202e-05
chrM	2060	2060	0
chrM	2061	2061	0
chrM	2062	2062	3.15407664406245e-05
chrM	2063	2063	6.30258721205055e-05
chrM	2064	2064	0
chrM	2065	2065	0
chrM	2066	2066	0
chrM	2067	2067	3.14861460957179e-05
chrM	2068	2068	3.14169022934339e-05
chrM	2069	2069	0
chrM	2070	2070	0
chrM	2071	2071	6.2664494297531e-05
chrM	2072	2072	0.000312754112716582
chrM	2073	2073	0.00709351671158195
chrM	2074	2074	0.00872219799389446
chrM	2075	2075	0.00800351526945168
chrM	2076	2076	0.00970658909826736
chrM	2077	2077	0.0146777281429483
chrM	2078	2078	0.0114246876820506
chrM	2079	2079	0.263957294016714
chrM	2080	2080	0.034619701286368
chrM	2081	2081	0.0120277218868768
chrM	2082	2082	0.0024890256595918
chrM	2083	2083	0.0011341468947058
chrM	2084	2084	0.000453885257806826
chrM	2085	2085	0.000408255840326605
chrM	2086	2086	0.000452693526482571
chrM	2087	2087	0
chrM	2088	2088	9.05428041106433e-05
chrM	2089	2089	4.52570601013758e-05
chrM	2090	2090	0.000271161928865187
chrM	2091	2091	0.000316326991730309
chrM	2092	2092	0.000269493352497305
chrM	2093	2093	0.000449175762475857
chrM	2094	2094	0.000314126727697002
chrM	2095	2095	0.000134492961535013
chrM	2096	2096	0.00215092310449901
chrM	2097	2097	0.00462235785127676
chrM	2098	2098	0.0197868417502361
chrM	2099	2099	0.00233356211393274
chrM	2100	2100	0.00192061459667093
chrM	2101	2101	0.00369222353906464
chrM	2102	2102	0.00780145079611296
chrM	2103	2103	0.0207683843755731
chrM	2104	2104	0.0107059373539037
chrM	2105	2105	0.0374864265143289
chrM	2106	2106	0.00720517596314087
chrM	2107	2107	0.00363859748605992
chrM	2108	2108	0.00136947487721949
chrM	2109	2109	0.0296355816041972
chrM	2110	2110	0.00209364293871336
chrM	2111	2111	0.0102901243390024
chrM	2112	2112	0.000961214975729322
chrM	2113	2113	0.00629263137669325
chrM	2114	2114	0.0236475073596834
chrM	2115	2115	0.197304768486524
chrM	2116	2116	0.0349165439371625
chrM	2117	2117	0.00438512869399428
chrM	2118	2118	0.00395030264415419
chrM	2119	2119	0.0109300095877277
chrM	2120	2120	0.00869173319598249
chrM	2121	2121	0.00142764438676184
chrM	2122	2122	0.0284600389863548
chrM	2123	2123	0.00127047810096958
chrM	2124	2124	0.0299993318634329
chrM	2125	2125	0.00192572214580468
chrM	2126	2126	0.00275235670542902
chrM	2127	2127	0.037029375258585
chrM	2128	2128	0.00121489316086615
chrM	2129	2129	0.000500786950922879
chrM	2130	2130	0.00186033199771036
chrM	2131	2131	0.00143338350175589
chrM	2132	2132	0.000713368526180625
chrM	2133	2133	0.000775576394274836
chrM	2134	2134	0.000198189865891524
chrM	2135	2135	0.000132100396301189
chrM	2136	2136	0.00845498381663254
chrM	2137	2137	0.000266418009857466
chrM	2138	2138	0.000732795949636933
chrM	2139	2139	0.00213290675198294
chrM	2140	2140	0.00393911069568701
chrM	2141	2141	0.000602449963183613
chrM	2142	2142	6.69433659124381e-05
chrM	2143	2143	0
chrM	2144	2144	0.00013319126265317
chrM	2145	2145	6.61463156502183e-05
chrM	2146	2146	6.61463156502183e-05
chrM	2147	2147	0.00304273051991004
chrM	2148	2148	0.00238805970149254
chrM	2149	2149	0.00113024399973406
chrM	2150	2150	0.000133022946458264
chrM	2151	2151	0.000199507880561282
chrM	2152	2152	0.00019952114924182
chrM	2153	2153	0.000598643075695091
chrM	2154	2154	0.000265851389073508
chrM	2155	2155	0.000996611520829181
chrM	2156	2156	0.0018620735519053
chrM	2157	2157	0.0204257006874669
chrM	2158	2158	0.0013444474321054
chrM	2159	2159	0.000134462821029985
chrM	2160	2160	0
chrM	2161	2161	0.00225673702376211
chrM	2162	2162	0.000197836982326563
chrM	2163	2163	0
chrM	2164	2164	0.00124852148771192
chrM	2165	2165	0.000452810660456692
chrM	2166	2166	0.000517497897664791
chrM	2167	2167	0
chrM	2168	2168	0
chrM	2169	2169	0.00025879917184265
chrM	2170	2170	0
chrM	2171	2171	0
chrM	2172	2172	0.00134996142967344
chrM	2173	2173	0.000321812447705477
chrM	2174	2174	6.35485510930351e-05
chrM	2175	2175	6.35364381472775e-05
chrM	2176	2176	0.000444783326979286
chrM	2177	2177	0.000635687496026953
chrM	2178	2178	0.0012721027859051
chrM	2179	2179	0.00101884870096791
chrM	2180	2180	0.000573577209865528
chrM	2181	2181	0.0012748597654258
chrM	2182	2182	0.000574162679425837
chrM	2183	2183	0.00114854517611026
chrM	2184	2184	0.000255362614913177
chrM	2185	2185	0.000127665007021575
chrM	2186	2186	0.000638202820856468
chrM	2187	2187	0.00121297242083759
chrM	2188	2188	0.00025557472365983
chrM	2189	2189	0.000127771034306523
chrM	2190	2190	0.00274427212968281
chrM	2191	2191	0.000255721774709117
chrM	2192	2192	0.000254955701446874
chrM	2193	2193	0.000699923644693306
chrM	2194	2194	0.0111167577182061
chrM	2195	2195	0.00421860019175455
chrM	2196	2196	0.00179579271421242
chrM	2197	2197	0.00192344681669552
chrM	2198	2198	0.00160585817060637
chrM	2199	2199	0.00173666945391394
chrM	2200	2200	0.000515397500322123
chrM	2201	2201	0.00077349490782519
chrM	2202	2202	0.00387021866735471
chrM	2203	2203	0.00220107464232537
chrM	2204	2204	0.00362670811475941
chrM	2205	2205	0.00415584415584416
chrM	2206	2206	0.00032569046378322
chrM	2207	2207	0.000130301648315851
chrM	2208	2208	0
chrM	2209	2209	0
chrM	2210	2210	0.000585594378293968
chrM	2211	2211	0.00195109261186264
chrM	2212	2212	0.000950389659760502
chrM	2213	2213	0.000632311097059753
chrM	2214	2214	0.000505337628703177
chrM	2215	2215	0
chrM	2216	2216	0.00440362355309512
chrM	2217	2217	0.0435849056603774
chrM	2218	2218	0.00229267653609328
chrM	2219	2219	0.00610587853199091
chrM	2220	2220	0.00269339179455058
chrM	2221	2221	0.016795785559343
chrM	2222	2222	0.00144909274193548
chrM	2223	2223	0.00107248754021828
chrM	2224	2224	0.00674823410696266
chrM	2225	2225	0.00425180860515294
chrM	2226	2226	0.00675460396355063
chrM	2227	2227	0.00269455315326875
chrM	2228	2228	0.00205853972338372
chrM	2229	2229	0.0288752819851756
chrM	2230	2230	0.0100869334395116
chrM	2231	2231	0.00241125251172137
chrM	2232	2232	0.00369276218611521
chrM	2233	2233	0.0068733153638814
chrM	2234	2234	0.00787027613813692
chrM	2235	2235	0.00239332603938731
chrM	2236	2236	0.000205634382068682
chrM	2237	2237	6.85588920883039e-05
chrM	2238	2238	0.000617072334590333
chrM	2239	2239	6.86059275521405e-05
chrM	2240	2240	0.000205789545891069
chrM	2241	2241	0
chrM	2242	2242	0
chrM	2243	2243	0
chrM	2244	2244	0.000274423710208562
chrM	2245	2245	0.000205860152336513
chrM	2246	2246	0.000205902539464653
chrM	2247	2247	0.000205944944051624
chrM	2248	2248	0.000137324910738808
chrM	2249	2249	0.000137343771459964
chrM	2250	2250	0
chrM	2251	2251	6.86813186813187e-05
chrM	2252	2252	0
chrM	2253	2253	6.86813186813187e-05
chrM	2254	2254	0
chrM	2255	2255	6.8667170225915e-05
chrM	2256	2256	0.000274649821477616
chrM	2257	2257	6.86718857299821e-05
chrM	2258	2258	0.000274536719286205
chrM	2259	2259	0.000205902539464653
chrM	2260	2260	0
chrM	2261	2261	0.000342067455702264
chrM	2262	2262	0
chrM	2263	2263	0
chrM	2264	2264	0.000545777050075044
chrM	2265	2265	0.000273018906559279
chrM	2266	2266	6.81709727997819e-05
chrM	2267	2267	0.00108887981489043
chrM	2268	2268	0.00156569094622192
chrM	2269	2269	0.000204471101417666
chrM	2270	2270	0
chrM	2271	2271	0
chrM	2272	2272	0.000203665987780041
chrM	2273	2273	0.0004753174441502
chrM	2274	2274	0
chrM	2275	2275	0
chrM	2276	2276	0
chrM	2277	2277	0
chrM	2278	2278	0
chrM	2279	2279	0
chrM	2280	2280	0
chrM	2281	2281	0.000271296798697775
chrM	2282	2282	0.000135565647664882
chrM	2283	2283	0.00020329335230738
chrM	2284	2284	0.000135482996883891
chrM	2285	2285	0.0196450345481642
chrM	2286	2286	0.0308181315644002
chrM	2287	2287	0.00598887779837445
chrM	2288	2288	0.000430354325060967
chrM	2289	2289	0.000502296211251435
chrM	2290	2290	0.0388398305693158
chrM	2291	2291	0.00149387511204063
chrM	2292	2292	0.0596199880311191
chrM	2293	2293	0.0022273486596134
chrM	2294	2294	0.00494299609343857
chrM	2295	2295	0.00352535854498838
chrM	2296	2296	0.00241215727265418
chrM	2297	2297	0.000483597968888531
chrM	2298	2298	0.000564470607209096
chrM	2299	2299	0.000322736808132968
chrM	2300	2300	0
chrM	2301	2301	0
chrM	2302	2302	0.00274370561652679
chrM	2303	2303	0.00161825390403754
chrM	2304	2304	0.0038090607018397
chrM	2305	2305	0.00846078750406769
chrM	2306	2306	0.00812274368231047
chrM	2307	2307	0.00876757650951199
chrM	2308	2308	0.00175219023779725
chrM	2309	2309	0.000668560922614073
chrM	2310	2310	0
chrM	2311	2311	0
chrM	2312	2312	8.3619031691613e-05
chrM	2313	2313	0.000167252048837598
chrM	2314	2314	0.0105386416861827
chrM	2315	2315	0.000929839391377853
chrM	2316	2316	0.000676876216261951
chrM	2317	2317	0.000507958008804605
chrM	2318	2318	0.000169405387091309
chrM	2319	2319	0.000254108080636964
chrM	2320	2320	0
chrM	2321	2321	8.46955196070128e-05
chrM	2322	2322	8.46883468834688e-05
chrM	2323	2323	0
chrM	2324	2324	0.000169319336268202
chrM	2325	2325	0.000846740050804403
chrM	2326	2326	0.00169491525423729
chrM	2327	2327	0.00297038105745566
chrM	2328	2328	0.00280898876404494
chrM	2329	2329	0.00273154075970977
chrM	2330	2330	0.000599161174355902
chrM	2331	2331	0.00154162384378212
chrM	2332	2332	0
chrM	2333	2333	0
chrM	2334	2334	0.000171526586620926
chrM	2335	2335	0.000771935843554336
chrM	2336	2336	0.0512358393408857
chrM	2337	2337	0.00397937957854753
chrM	2338	2338	0.00599291746118224
chrM	2339	2339	0.0020096830181785
chrM	2340	2340	0.0546253088114192
chrM	2341	2341	0.0247678018575851
chrM	2342	2342	0.00901972445237387
chrM	2343	2343	0.0040995900409959
chrM	2344	2344	0
chrM	2345	2345	0.000100280786201364
chrM	2346	2346	0.000501454217229967
chrM	2347	2347	0.00100331092605598
chrM	2348	2348	0.000502159284925178
chrM	2349	2349	0.00231109324758842
chrM	2350	2350	0.00211501661798771
chrM	2351	2351	0.000302785627775535
chrM	2352	2352	0
chrM	2353	2353	0.000100948919846558
chrM	2354	2354	0
chrM	2355	2355	0
chrM	2356	2356	0
chrM	2357	2357	0
chrM	2358	2358	0
chrM	2359	2359	0
chrM	2360	2360	0.000100928542591845
chrM	2361	2361	0
chrM	2362	2362	0
chrM	2363	2363	0
chrM	2364	2364	0
chrM	2365	2365	0.00161404216685161
chrM	2366	2366	0.00101040719409922
chrM	2367	2367	0.0943663396379084
chrM	2368	2368	0.00968280467445743
chrM	2369	2369	0.0183166647937971
chrM	2370	2370	0.0137362637362637
chrM	2371	2371	0.000348149007775328
chrM	2372	2372	0
chrM	2373	2373	0.000116090085906664
chrM	2374	2374	0
chrM	2375	2375	0
chrM	2376	2376	0
chrM	2377	2377	0.000232153221125943
chrM	2378	2378	0.000116103564379426
chrM	2379	2379	0
chrM	2380	2380	0
chrM	2381	2381	0
chrM	2382	2382	0
chrM	2383	2383	0
chrM	2384	2384	0.0012769909449733
chrM	2385	2385	0.000116238521446007
chrM	2386	2386	0.000232504068821204
chrM	2387	2387	0.000465116279069767
chrM	2388	2388	0.000814332247557003
chrM	2389	2389	0
chrM	2390	2390	0
chrM	2391	2391	0
chrM	2392	2392	0
chrM	2393	2393	0
chrM	2394	2394	0
chrM	2395	2395	0
chrM	2396	2396	0
chrM	2397	2397	0.000230176084704799
chrM	2398	2398	0
chrM	2399	2399	0
chrM	2400	2400	0
chrM	2401	2401	0.000115101289134438
chrM	2402	2402	0
chrM	2403	2403	0
chrM	2404	2404	0
chrM	2405	2405	0.000115114538966271
chrM	2406	2406	0
chrM	2407	2407	0
chrM	2408	2408	0
chrM	2409	2409	0
chrM	2410	2410	0
chrM	2411	2411	0
chrM	2412	2412	0
chrM	2413	2413	0
chrM	2414	2414	0
chrM	2415	2415	0
chrM	2416	2416	0
chrM	2417	2417	0
chrM	2418	2418	0
chrM	2419	2419	0
chrM	2420	2420	0
chrM	2421	2421	0
chrM	2422	2422	0
chrM	2423	2423	0
chrM	2424	2424	0
chrM	2425	2425	0
chrM	2426	2426	0
chrM	2427	2427	0
chrM	2428	2428	0
chrM	2429	2429	0
chrM	2430	2430	0
chrM	2431	2431	0.00356649792913023
chrM	2432	2432	0
chrM	2433	2433	0
chrM	2434	2434	0
chrM	2435	2435	0
chrM	2436	2436	0
chrM	2437	2437	0
chrM	2438	2438	0
chrM	2439	2439	0
chrM	2440	2440	0
chrM	2441	2441	0
chrM	2442	2442	0
chrM	2443	2443	0
chrM	2444	2444	0
chrM	2445	2445	0
chrM	2446	2446	0
chrM	2447	2447	0.000115326951908661
chrM	2448	2448	0
chrM	2449	2449	0
chrM	2450	2450	0
chrM	2451	2451	0
chrM	2452	2452	0.000115313653136531
chrM	2453	2453	0
chrM	2454	2454	0
chrM	2455	2455	0
chrM	2456	2456	0
chrM	2457	2457	0
chrM	2458	2458	0
chrM	2459	2459	0
chrM	2460	2460	0
chrM	2461	2461	0
chrM	2462	2462	0
chrM	2463	2463	0
chrM	2464	2464	0
chrM	2465	2465	0
chrM	2466	2466	0
chrM	2467	2467	0
chrM	2468	2468	0
chrM	2469	2469	0
chrM	2470	2470	0
chrM	2471	2471	0
chrM	2472	2472	0
chrM	2473	2473	0
chrM	2474	2474	0
chrM	2475	2475	0
chrM	2476	2476	0
chrM	2477	2477	0
chrM	2478	2478	0
chrM	2479	2479	0
chrM	2480	2480	0
chrM	2481	2481	0
chrM	2482	2482	0
chrM	2483	2483	0
chrM	2484	2484	0
chrM	2485	2485	0
chrM	2486	2486	0
chrM	2487	2487	0
chrM	2488	2488	0
chrM	2489	2489	0
chrM	2490	2490	0
chrM	2491	2491	0
chrM	2492	2492	0
chrM	2493	2493	0
chrM	2494	2494	0
chrM	2495	2495	0
chrM	2496	2496	0
chrM	2497	2497	0
chrM	2498	2498	0
chrM	2499	2499	0
chrM	2500	2500	0
chrM	2501	2501	0.000113649278327083
chrM	2502	2502	0
chrM	2503	2503	0
chrM	2504	2504	0
chrM	2505	2505	0
chrM	2506	2506	0
chrM	2507	2507	0
chrM	2508	2508	0
chrM	2509	2509	9.26698174404596e-05
chrM	2510	2510	0
chrM	2511	2511	9.09504320145521e-05
chrM	2512	2512	0
chrM	2513	2513	0
chrM	2514	2514	0
chrM	2515	2515	0
chrM	2516	2516	0
chrM	2517	2517	0
chrM	2518	2518	0
chrM	2519	2519	0
chrM	2520	2520	0
chrM	2521	2521	3.553028957186e-05
chrM	2522	2522	0
chrM	2523	2523	0
chrM	2524	2524	0
chrM	2525	2525	0
chrM	2526	2526	0
chrM	2527	2527	0
chrM	2528	2528	0
chrM	2529	2529	0
chrM	2530	2530	0
chrM	2531	2531	3.51852503430562e-05
chrM	2532	2532	0
chrM	2533	2533	0
chrM	2534	2534	0
chrM	2535	2535	0
chrM	2536	2536	0
chrM	2537	2537	0
chrM	2538	2538	0
chrM	2539	2539	0
chrM	2540	2540	0
chrM	2541	2541	0
chrM	2542	2542	0
chrM	2543	2543	0
chrM	2544	2544	0
chrM	2545	2545	0
chrM	2546	2546	0
chrM	2547	2547	0
chrM	2548	2548	0
chrM	2549	2549	0
chrM	2550	2550	0
chrM	2551	2551	0
chrM	2552	2552	0
chrM	2553	2553	0
chrM	2554	2554	0
chrM	2555	2555	0
chrM	2556	2556	0
chrM	2557	2557	0
chrM	2558	2558	0
chrM	2559	2559	0
chrM	2560	2560	0
chrM	2561	2561	3.47246336551149e-05
chrM	2562	2562	0
chrM	2563	2563	6.94082942911678e-05
chrM	2564	2564	0
chrM	2565	2565	0
chrM	2566	2566	0
chrM	2567	2567	0
chrM	2568	2568	0
chrM	2569	2569	0
chrM	2570	2570	3.45638047836306e-05
chrM	2571	2571	0.000103566126972072
chrM	2572	2572	0
chrM	2573	2573	0
chrM	2574	2574	0.000137826476466129
chrM	2575	2575	0.0024807910967164
chrM	2576	2576	3.45244260314172e-05
chrM	2577	2577	0
chrM	2578	2578	3.45053655843484e-05
chrM	2579	2579	3.4473248758963e-05
chrM	2580	2580	0.000172306844027845
chrM	2581	2581	6.75698503327815e-05
chrM	2582	2582	0.000439144681282302
chrM	2583	2583	6.75858340091917e-05
chrM	2584	2584	6.7371825102742e-05
chrM	2585	2585	3.36881821856893e-05
chrM	2586	2586	0.000101037316448875
chrM	2587	2587	6.7365017346492e-05
chrM	2588	2588	0
chrM	2589	2589	3.3500837520938e-05
chrM	2590	2590	0.000201005025125628
chrM	2591	2591	0.000268024658268561
chrM	2592	2592	0.000100468854655057
chrM	2593	2593	0
chrM	2594	2594	0
chrM	2595	2595	0.000434216239687364
chrM	2596	2596	3.34146422962542e-05
chrM	2597	2597	0.000167073211481271
chrM	2598	2598	0.00340852130325815
chrM	2599	2599	0.000569934289928926
chrM	2600	2600	0.000570240171742922
chrM	2601	2601	0.000805477245267821
chrM	2602	2602	0.000335863505071539
chrM	2603	2603	3.35976347265153e-05
chrM	2604	2604	0.000167988173632576
chrM	2605	2605	0.000268799139842753
chrM	2606	2606	0
chrM	2607	2607	3.35886067445922e-05
chrM	2608	2608	0
chrM	2609	2609	0.00134223683769001
chrM	2610	2610	0.00083996908913752
chrM	2611	2611	0.000235357407033824
chrM	2612	2612	0.00188298587760592
chrM	2613	2613	0.00198746884053089
chrM	2614	2614	0.000977813743340751
chrM	2615	2615	0.00199115790894671
chrM	2616	2616	0.000338146282081629
chrM	2617	2617	0.000541180449856249
chrM	2618	2618	0.00446549391069012
chrM	2619	2619	0.00346549791050861
chrM	2620	2620	0.0464165218280339
chrM	2621	2621	0.0135048231511254
chrM	2622	2622	0.00727838933951333
chrM	2623	2623	0.00109425153195214
chrM	2624	2624	0.000146038700255568
chrM	2625	2625	3.65083421561827e-05
chrM	2626	2626	0.000435555878189539
chrM	2627	2627	0.00097960960743052
chrM	2628	2628	0.000290497113184938
chrM	2629	2629	0.000653784686909778
chrM	2630	2630	0.000399781937125204
chrM	2631	2631	0
chrM	2632	2632	3.63438124659277e-05
chrM	2633	2633	3.63451333866395e-05
chrM	2634	2634	0.000581500999454843
chrM	2635	2635	0.000509109422160806
chrM	2636	2636	0.0002546565774156
chrM	2637	2637	0.00010916236081799
chrM	2638	2638	0.000109174278539976
chrM	2639	2639	0.000109186198864464
chrM	2640	2640	7.27960981291403e-05
chrM	2641	2641	0
chrM	2642	2642	0
chrM	2643	2643	0
chrM	2644	2644	0
chrM	2645	2645	3.63504180298073e-05
chrM	2646	2646	0.000290782204129107
chrM	2647	2647	3.61702897240207e-05
chrM	2648	2648	0.000108510869172062
chrM	2649	2649	0.0012297898506167
chrM	2650	2650	0.000651112316874661
chrM	2651	2651	0.000144717800289436
chrM	2652	2652	7.23589001447178e-05
chrM	2653	2653	0.000108534423501321
chrM	2654	2654	7.23458129860734e-05
chrM	2655	2655	0
chrM	2656	2656	3.60984766442856e-05
chrM	2657	2657	0
chrM	2658	2658	3.60503262554526e-05
chrM	2659	2659	3.60477271908006e-05
chrM	2660	2660	0.000324044069993519
chrM	2661	2661	0.00014405589368675
chrM	2662	2662	0.000252125054026797
chrM	2663	2663	0.000180115273775216
chrM	2664	2664	0.000216060496939143
chrM	2665	2665	7.20331352422114e-05
chrM	2666	2666	0.000252134135360012
chrM	2667	2667	0.000252197723014844
chrM	2668	2668	3.60334390314212e-05
chrM	2669	2669	0
chrM	2670	2670	3.60269481572216e-05
chrM	2671	2671	0
chrM	2672	2672	0
chrM	2673	2673	0
chrM	2674	2674	0
chrM	2675	2675	3.59505320678746e-05
chrM	2676	2676	0
chrM	2677	2677	0
chrM	2678	2678	0
chrM	2679	2679	0
chrM	2680	2680	0
chrM	2681	2681	0
chrM	2682	2682	6.76475562320311e-05
chrM	2683	2683	0
chrM	2684	2684	9.93443274389032e-05
chrM	2685	2685	0.00155033645599683
chrM	2686	2686	0.014174878056765
chrM	2687	2687	0.0924753302690367
chrM	2688	2688	0.054936137181568
chrM	2689	2689	0.114128853984875
chrM	2690	2690	0.0345598698922545
chrM	2691	2691	0.00484281718365132
chrM	2692	2692	0.00192283576474522
chrM	2693	2693	0.00125475762265256
chrM	2694	2694	0.00359727276529887
chrM	2695	2695	0.0430075945118114
chrM	2696	2696	0.0825515124945199
chrM	2697	2697	0.047853288122642
chrM	2698	2698	0.00596880172543512
chrM	2699	2699	0.00196790796245837
chrM	2700	2700	0.000101112234580384
chrM	2701	2701	0.000303290704139918
chrM	2702	2702	0
chrM	2703	2703	0
chrM	2704	2704	0.000100816614578082
chrM	2705	2705	5.03296592682068e-05
chrM	2706	2706	5.02967508298964e-05
chrM	2707	2707	5.02310628892907e-05
chrM	2708	2708	0
chrM	2709	2709	4.987282429804e-05
chrM	2710	2710	4.68318269095677e-05
chrM	2711	2711	0.000280872577474019
chrM	2712	2712	4.28540818512963e-05
chrM	2713	2713	0
chrM	2714	2714	0.000762001524003048
chrM	2715	2715	0.00340393343419062
chrM	2716	2716	0.000159795461808885
chrM	2717	2717	0.00323185572357659
chrM	2718	2718	0.00311601150527325
chrM	2719	2719	0.032428325802711
chrM	2720	2720	0.050057822567322
chrM	2721	2721	0.00351822090952526
chrM	2722	2722	0.00229963376203049
chrM	2723	2723	0.00162185232607768
chrM	2724	2724	0.00093398429208236
chrM	2725	2725	4.24935197382399e-05
chrM	2726	2726	4.24899086466964e-05
chrM	2727	2727	4.24917141157474e-05
chrM	2728	2728	0
chrM	2729	2729	0
chrM	2730	2730	0
chrM	2731	2731	0
chrM	2732	2732	4.24844931599966e-05
chrM	2733	2733	8.49725963376811e-05
chrM	2734	2734	4.24899086466964e-05
chrM	2735	2735	0
chrM	2736	2736	0
chrM	2737	2737	0
chrM	2738	2738	0
chrM	2739	2739	4.24466233711108e-05
chrM	2740	2740	4.24466233711108e-05
chrM	2741	2741	4.22332967311428e-05
chrM	2742	2742	0.000211095161698894
chrM	2743	2743	0.000422154677473826
chrM	2744	2744	0.000209362699941378
chrM	2745	2745	0
chrM	2746	2746	0
chrM	2747	2747	0
chrM	2748	2748	4.13223140495868e-05
chrM	2749	2749	0.0151233420106607
chrM	2750	2750	0.000964967484791273
chrM	2751	2751	0.00197379472534856
chrM	2752	2752	0.00252472122869766
chrM	2753	2753	0.00126555578991774
chrM	2754	2754	0.000211175402289141
chrM	2755	2755	0
chrM	2756	2756	0
chrM	2757	2757	0
chrM	2758	2758	0
chrM	2759	2759	0
chrM	2760	2760	0
chrM	2761	2761	4.1997396161438e-05
chrM	2762	2762	0.000209960527420845
chrM	2763	2763	0.000293895373247124
chrM	2764	2764	0.000251530141695313
chrM	2765	2765	0.00426564068250251
chrM	2766	2766	0.000796011563115338
chrM	2767	2767	4.06223341593208e-05
chrM	2768	2768	0.000486973459946433
chrM	2769	2769	0.00541457895587522
chrM	2770	2770	0.0212765957446809
chrM	2771	2771	0.115013460343756
chrM	2772	2772	0.01054202817427
chrM	2773	2773	0.0017431451992839
chrM	2774	2774	0.00316112290634584
chrM	2775	2775	0.00462002640015086
chrM	2776	2776	0.00307575829271755
chrM	2777	2777	0.000806451612903226
chrM	2778	2778	0.0031272210376688
chrM	2779	2779	0.0143508838623836
chrM	2780	2780	0.0161951125463922
chrM	2781	2781	0.00582725428411102
chrM	2782	2782	0.00212655151462547
chrM	2783	2783	0.000608722118352972
chrM	2784	2784	0.000478552162185678
chrM	2785	2785	0.000173981123048149
chrM	2786	2786	4.31890818001209e-05
chrM	2787	2787	0.0003877638948729
chrM	2788	2788	0.00339682676183515
chrM	2789	2789	0.00050733522174777
chrM	2790	2790	0.000126796280642434
chrM	2791	2791	0.000337923460336234
chrM	2792	2792	0.00684323913318971
chrM	2793	2793	0.00242377854318153
chrM	2794	2794	0.00574516980168525
chrM	2795	2795	0.0065051784644355
chrM	2796	2796	0.00232298029768562
chrM	2797	2797	0.000646746863277713
chrM	2798	2798	0
chrM	2799	2799	4.30070531567177e-05
chrM	2800	2800	0
chrM	2801	2801	0.000343598333548082
chrM	2802	2802	4.29590170976888e-05
chrM	2803	2803	0
chrM	2804	2804	0.000214785858499076
chrM	2805	2805	0.000343716433941998
chrM	2806	2806	0.000214887399002922
chrM	2807	2807	0.000386830568211124
chrM	2808	2808	0.000558899398108341
chrM	2809	2809	0
chrM	2810	2810	4.30052036296392e-05
chrM	2811	2811	0
chrM	2812	2812	0
chrM	2813	2813	4.29774798005845e-05
chrM	2814	2814	8.59475719810915e-05
chrM	2815	2815	0
chrM	2816	2816	0.000468963165075034
chrM	2817	2817	0.000127888140506437
chrM	2818	2818	0.0103127929770732
chrM	2819	2819	0.000344456404736276
chrM	2820	2820	0.00111986906146358
chrM	2821	2821	0.000431201759303178
chrM	2822	2822	4.31369165732034e-05
chrM	2823	2823	0.000603890782038563
chrM	2824	2824	0.000474608448030375
chrM	2825	2825	8.62217623728229e-05
chrM	2826	2826	4.2852245457662e-05
chrM	2827	2827	0
chrM	2828	2828	4.273686909697e-05
chrM	2829	2829	0
chrM	2830	2830	0.000469964966247971
chrM	2831	2831	0.000299209232742039
chrM	2832	2832	0.00393028024606972
chrM	2833	2833	0.00729113055412592
chrM	2834	2834	0.00254760568245606
chrM	2835	2835	8.65688438730901e-05
chrM	2836	2836	4.32881693433185e-05
chrM	2837	2837	0.000216440846716592
chrM	2838	2838	0
chrM	2839	2839	0
chrM	2840	2840	0.000562600077898472
chrM	2841	2841	0.000475963826749167
chrM	2842	2842	0
chrM	2843	2843	0
chrM	2844	2844	4.30366672404889e-05
chrM	2845	2845	0.000257201646090535
chrM	2846	2846	0.00184327846364883
chrM	2847	2847	0.000686312357911895
chrM	2848	2848	0.00227116900925609
chrM	2849	2849	0.00236213708984711
chrM	2850	2850	0.00090198436560433
chrM	2851	2851	8.59660434128519e-05
chrM	2852	2852	4.29867171044147e-05
chrM	2853	2853	0
chrM	2854	2854	0
chrM	2855	2855	0
chrM	2856	2856	0
chrM	2857	2857	0
chrM	2858	2858	0
chrM	2859	2859	0
chrM	2860	2860	0
chrM	2861	2861	0
chrM	2862	2862	0.000170546601858958
chrM	2863	2863	0
chrM	2864	2864	4.15506710433374e-05
chrM	2865	2865	0
chrM	2866	2866	8.21085474997947e-05
chrM	2867	2867	0.00278039007237192
chrM	2868	2868	0.00425323081956486
chrM	2869	2869	0.0191699848117893
chrM	2870	2870	0.0182675063602619
chrM	2871	2871	0.00310044595455511
chrM	2872	2872	0.0128658458654624
chrM	2873	2873	0.00107893487549092
chrM	2874	2874	0.000216010714131421
chrM	2875	2875	0.000259224055992396
chrM	2876	2876	0.000604829999567979
chrM	2877	2877	0.000216094735932233
chrM	2878	2878	8.61549065219264e-05
chrM	2879	2879	0.000129137790021953
chrM	2880	2880	4.30403718688129e-05
chrM	2881	2881	8.60844488443163e-05
chrM	2882	2882	8.60844488443163e-05
chrM	2883	2883	0
chrM	2884	2884	4.30237060620402e-05
chrM	2885	2885	8.60289057123193e-05
chrM	2886	2886	0
chrM	2887	2887	0
chrM	2888	2888	0
chrM	2889	2889	0
chrM	2890	2890	0.000128051903704968
chrM	2891	2891	0
chrM	2892	2892	0.000469443496073745
chrM	2893	2893	8.53715798010842e-05
chrM	2894	2894	0.000341457168466431
chrM	2895	2895	0.00038405735256465
chrM	2896	2896	0
chrM	2897	2897	4.26857899005421e-05
chrM	2898	2898	4.26675769083074e-05
chrM	2899	2899	8.53133131425159e-05
chrM	2900	2900	0
chrM	2901	2901	4.2645741822679e-05
chrM	2902	2902	4.2618479372656e-05
chrM	2903	2903	0
chrM	2904	2904	0
chrM	2905	2905	0.000297694990218593
chrM	2906	2906	0
chrM	2907	2907	0
chrM	2908	2908	4.24124183560947e-05
chrM	2909	2909	0.00021078369377345
chrM	2910	2910	0.00372501138197922
chrM	2911	2911	0.0132305194805195
chrM	2912	2912	0.00180588506072731
chrM	2913	2913	6.94830461367426e-05
chrM	2914	2914	6.83807439824945e-05
chrM	2915	2915	0
chrM	2916	2916	9.99600159936026e-05
chrM	2917	2917	0.000959629384513567
chrM	2918	2918	0.00174836709111302
chrM	2919	2919	0.00164972944437112
chrM	2920	2920	0.000263045408213593
chrM	2921	2921	0.000295955277869122
chrM	2922	2922	6.57591898467811e-05
chrM	2923	2923	3.28763520399776e-05
chrM	2924	2924	0.000230028589267523
chrM	2925	2925	0.000952912956330299
chrM	2926	2926	0.000535652393105839
chrM	2927	2927	0.000502307474963112
chrM	2928	2928	9.39614131796542e-05
chrM	2929	2929	0.000531632110579479
chrM	2930	2930	0.00791193670450636
chrM	2931	2931	0.00147994206184269
chrM	2932	2932	0.00113453720336579
chrM	2933	2933	0.0192635096790466
chrM	2934	2934	0.022319278075725
chrM	2935	2935	0.0397824197753388
chrM	2936	2936	0.0318352059925094
chrM	2937	2937	0.000861237425933581
chrM	2938	2938	0.000241096645312392
chrM	2939	2939	0.000103273778787566
chrM	2940	2940	0.000447088764315438
chrM	2941	2941	0.000171715090322138
chrM	2942	2942	0.000137225976877423
chrM	2943	2943	0.000480274442538593
chrM	2944	2944	0.00305464030752334
chrM	2945	2945	0.000343938091143594
chrM	2946	2946	3.44032751917983e-05
chrM	2947	2947	0.000206426752907177
chrM	2948	2948	3.44103781700561e-05
chrM	2949	2949	0.000206448061108626
chrM	2950	2950	0
chrM	2951	2951	0
chrM	2952	2952	6.76681553660847e-05
chrM	2953	2953	0.000372187447132465
chrM	2954	2954	0
chrM	2955	2955	0
chrM	2956	2956	3.38398023755541e-05
chrM	2957	2957	6.76658659539195e-05
chrM	2958	2958	0
chrM	2959	2959	6.76086809546346e-05
chrM	2960	2960	3.37997701615629e-05
chrM	2961	2961	3.38009126246409e-05
chrM	2962	2962	6.75721332522468e-05
chrM	2963	2963	6.75698503327815e-05
chrM	2964	2964	6.73446023301232e-05
chrM	2965	2965	0
chrM	2966	2966	0
chrM	2967	2967	3.36281400275751e-05
chrM	2968	2968	3.33022512321833e-05
chrM	2969	2969	9.9535500995355e-05
chrM	2970	2970	9.94991874233027e-05
chrM	2971	2971	6.63283918681392e-05
chrM	2972	2972	6.6326192213305e-05
chrM	2973	2973	0
chrM	2974	2974	0.000132183338290209
chrM	2975	2975	0.000792969008127932
chrM	2976	2976	0.000264410364886304
chrM	2977	2977	0.000378453387157815
chrM	2978	2978	0.000189125295508274
chrM	2979	2979	0.000441153300772018
chrM	2980	2980	0.00264800453943635
chrM	2981	2981	0.000663423264042459
chrM	2982	2982	3.16105579263474e-05
chrM	2983	2983	0.000347716137189821
chrM	2984	2984	0.000790538831267392
chrM	2985	2985	0.00069620253164557
chrM	2986	2986	0.000474954087771515
chrM	2987	2987	0.000601818124227931
chrM	2988	2988	0.000697239565176053
chrM	2989	2989	0.000697703919827477
chrM	2990	2990	0.000666053474578959
chrM	2991	2991	0.000539100653263145
chrM	2992	2992	0.000728285994743675
chrM	2993	2993	0.000819646291100533
chrM	2994	2994	0.000598576019154433
chrM	2995	2995	0.000125446904597629
chrM	2996	2996	0.00115729880203935
chrM	2997	2997	0.00024992970726983
chrM	2998	2998	0.000654470657898838
chrM	2999	2999	0.0149735942839391
chrM	3000	3000	0.0263638079657711
chrM	3001	3001	0.0240357390045932
chrM	3002	3002	0.00564024881554775
chrM	3003	3003	0.013353644702298
chrM	3004	3004	0.00735849676423245
chrM	3005	3005	0.00171758876961189
chrM	3006	3006	0.000396982929734021
chrM	3007	3007	0.000165393139492574
chrM	3008	3008	0
chrM	3009	3009	3.30240084541462e-05
chrM	3010	3010	0
chrM	3011	3011	0
chrM	3012	3012	0.000132013201320132
chrM	3013	3013	0.000759100960427737
chrM	3014	3014	0.000429383009644603
chrM	3015	3015	0.000859134917225655
chrM	3016	3016	0.00162053113734828
chrM	3017	3017	0.000695640651914668
chrM	3018	3018	0.000463116109824677
chrM	3019	3019	0
chrM	3020	3020	9.92851469420175e-05
chrM	3021	3021	0.000165464292805613
chrM	3022	3022	0
chrM	3023	3023	3.30917634600748e-05
chrM	3024	3024	0.00076111055958172
chrM	3025	3025	0.000397377309755613
chrM	3026	3026	0.000926998841251448
chrM	3027	3027	0.000331378201941876
chrM	3028	3028	0.000895017734610667
chrM	3029	3029	0.0014597571494924
chrM	3030	3030	0.00152823920265781
chrM	3031	3031	0.000199634004325403
chrM	3032	3032	0.00402675629804652
chrM	3033	3033	0.00745022049979955
chrM	3034	3034	0.0262140816669467
chrM	3035	3035	0.022101924005241
chrM	3036	3036	0.00914913083257091
chrM	3037	3037	0.00675938705453516
chrM	3038	3038	0.00329495128432241
chrM	3039	3039	0.00461846005376715
chrM	3040	3040	0.00684884123140782
chrM	3041	3041	0.00339970859640602
chrM	3042	3042	0.028878605476497
chrM	3043	3043	0.0343531937734836
chrM	3044	3044	0.287218711894468
chrM	3045	3045	0.0486314384018898
chrM	3046	3046	0.0103524110926353
chrM	3047	3047	0.000857678906459394
chrM	3048	3048	0.000266951414842499
chrM	3049	3049	0.00581364339431436
chrM	3050	3050	0.00423365487674169
chrM	3051	3051	0.00311861490482848
chrM	3052	3052	0.0106233822260569
chrM	3053	3053	0.0121519263255408
chrM	3054	3054	0.00991080277502478
chrM	3055	3055	0.00544989433878323
chrM	3056	3056	0.00139789756206665
chrM	3057	3057	0.000783918472478862
chrM	3058	3058	0.000224152423648081
chrM	3059	3059	0.000336285169824011
chrM	3060	3060	0.000112088774309253
chrM	3061	3061	0
chrM	3062	3062	0
chrM	3063	3063	0
chrM	3064	3064	5.57072029413403e-05
chrM	3065	3065	0
chrM	3066	3066	0
chrM	3067	3067	0.000166907755647046
chrM	3068	3068	0.000333852659692856
chrM	3069	3069	5.56235398820781e-05
chrM	3070	3070	0.000611586789725342
chrM	3071	3071	0
chrM	3072	3072	0
chrM	3073	3073	0.000222246916324036
chrM	3074	3074	0
chrM	3075	3075	0
chrM	3076	3076	0
chrM	3077	3077	0
chrM	3078	3078	5.54877372100766e-05
chrM	3079	3079	0.000997782705099778
chrM	3080	3080	5.5435445423804e-05
chrM	3081	3081	0
chrM	3082	3082	0
chrM	3083	3083	5.45583501554913e-05
chrM	3084	3084	0.000695038494439692
chrM	3085	3085	0.000425147473029707
chrM	3086	3086	0.000529661016949153
chrM	3087	3087	0.000158713363665221
chrM	3088	3088	0.0158956485002112
chrM	3089	3089	0.000375294874544285
chrM	3090	3090	0.000267881060809001
chrM	3091	3091	0.00144570571856929
chrM	3092	3092	0.102533946327382
chrM	3093	3093	0.0104743200618937
chrM	3094	3094	0.00667428296554627
chrM	3095	3095	0.00575060532687651
chrM	3096	3096	0.000608605684377092
chrM	3097	3097	0.000121743364986608
chrM	3098	3098	0
chrM	3099	3099	0
chrM	3100	3100	0.000304062271953296
chrM	3101	3101	0
chrM	3102	3102	0
chrM	3103	3103	0
chrM	3104	3104	0.000423114119922631
chrM	3105	3105	0.000604229607250755
chrM	3106	3106	0.000603791812583021
chrM	3107	3107	0.000362472059445418
chrM	3108	3108	0.000664692730678591
chrM	3109	3109	0.00550214644174376
chrM	3110	3110	0.00648878107944209
chrM	3111	3111	0.00119734407314684
chrM	3112	3112	0.00152264940997335
chrM	3113	3113	0.00038113906130894
chrM	3114	3114	5.44662309368192e-05
chrM	3115	3115	5.44514021236047e-05
chrM	3116	3116	0
chrM	3117	3117	0
chrM	3118	3118	0.000379856739743868
chrM	3119	3119	0.000108442227403351
chrM	3120	3120	5.41799859132037e-05
chrM	3121	3121	0.000541066984092631
chrM	3122	3122	5.4127198917456e-05
chrM	3123	3123	0.000377399180504637
chrM	3124	3124	0.000431383122135346
chrM	3125	3125	0.00129317312355192
chrM	3126	3126	0.00140267587397497
chrM	3127	3127	0.00027009507346586
chrM	3128	3128	5.40277702739208e-05
chrM	3129	3129	0.000270153447157986
chrM	3130	3130	0.000701905944603423
chrM	3131	3131	0.00090257233114376
chrM	3132	3132	4.99400719137036e-05
chrM	3133	3133	0
chrM	3134	3134	0.000199730364008588
chrM	3135	3135	4.99325910021471e-05
chrM	3136	3136	0.000498827754776276
chrM	3137	3137	0.00109758531231291
chrM	3138	3138	0.000888187111418139
chrM	3139	3139	0.000148111577388299
chrM	3140	3140	0.000740484770696549
chrM	3141	3141	9.87800661826443e-05
chrM	3142	3142	0.00217176702862784
chrM	3143	3143	4.94290939647076e-05
chrM	3144	3144	9.88533017002768e-05
chrM	3145	3145	0.00627749493351787
chrM	3146	3146	0.000198777518262685
chrM	3147	3147	0.000248484246098797
chrM	3148	3148	0.00104327090267773
chrM	3149	3149	0.000994629003381739
chrM	3150	3150	0.000397535281256211
chrM	3151	3151	4.95417389150359e-05
chrM	3152	3152	0.000247720967102656
chrM	3153	3153	0.000644010700485485
chrM	3154	3154	0.000247843759294141
chrM	3155	3155	4.95785820525533e-05
chrM	3156	3156	9.91522482772297e-05
chrM	3157	3157	0
chrM	3158	3158	4.95049504950495e-05
chrM	3159	3159	9.9009900990099e-05
chrM	3160	3160	0
chrM	3161	3161	0.000197921820880752
chrM	3162	3162	0
chrM	3163	3163	9.89658073135732e-05
chrM	3164	3164	9.89707046714173e-05
chrM	3165	3165	9.89707046714173e-05
chrM	3166	3166	0
chrM	3167	3167	4.94902504206671e-05
chrM	3168	3168	0.000148478099480327
chrM	3169	3169	0.00014846340377097
chrM	3170	3170	0
chrM	3171	3171	0
chrM	3172	3172	0
chrM	3173	3173	0
chrM	3174	3174	0
chrM	3175	3175	0
chrM	3176	3176	0
chrM	3177	3177	4.93705257960997e-05
chrM	3178	3178	0.00327180388709835
chrM	3179	3179	0.000685736677115987
chrM	3180	3180	0.00254714670585354
chrM	3181	3181	0.0881241101674113
chrM	3182	3182	0.00414357208201044
chrM	3183	3183	0.00572508776667567
chrM	3184	3184	0.00162937214859874
chrM	3185	3185	0.00429651384130092
chrM	3186	3186	0.00458590380520828
chrM	3187	3187	0.00114729020979021
chrM	3188	3188	0.000866691945181734
chrM	3189	3189	0.000758889852558543
chrM	3190	3190	0.000812259706503493
chrM	3191	3191	0.000487725573077548
chrM	3192	3192	0.000162654521795706
chrM	3193	3193	5.42211137016754e-05
chrM	3194	3194	0.000216896215161045
chrM	3195	3195	0
chrM	3196	3196	0
chrM	3197	3197	5.41946672447431e-05
chrM	3198	3198	0.000108389334489486
chrM	3199	3199	0
chrM	3200	3200	0
chrM	3201	3201	0
chrM	3202	3202	0.000216415084131364
chrM	3203	3203	0.000432082095598164
chrM	3204	3204	0
chrM	3205	3205	0
chrM	3206	3206	0.000215366392074517
chrM	3207	3207	0.00242261103633917
chrM	3208	3208	0.118659615799698
chrM	3209	3209	0.0389395701953101
chrM	3210	3210	0.0440848569790406
chrM	3211	3211	0.043785404865045
chrM	3212	3212	0.0120574296069139
chrM	3213	3213	0.00282147139733371
chrM	3214	3214	0.000919572752351984
chrM	3215	3215	0.000212404418011895
chrM	3216	3216	0.000141633028822321
chrM	3217	3217	7.06713780918728e-05
chrM	3218	3218	0
chrM	3219	3219	7.06314451193671e-05
chrM	3220	3220	0.00464559724079679
chrM	3221	3221	0.000565690849950502
chrM	3222	3222	0.00134427621338616
chrM	3223	3223	0.00240878498051718
chrM	3224	3224	0.00312477806973937
chrM	3225	3225	0.00356150722985968
chrM	3226	3226	0.00185860318821932
chrM	3227	3227	0.000931032013177684
chrM	3228	3228	0.00172043010752688
chrM	3229	3229	0.000430848772081
chrM	3230	3230	0.00021551724137931
chrM	3231	3231	0.000215532725052087
chrM	3232	3232	0.000790400229934612
chrM	3233	3233	7.18236012353659e-05
chrM	3234	3234	0
chrM	3235	3235	0.000143657520471197
chrM	3236	3236	0.0002869234631662
chrM	3237	3237	0.00121977470043768
chrM	3238	3238	0.00172413793103448
chrM	3239	3239	0.00136729994242948
chrM	3240	3240	0.000864740217626288
chrM	3241	3241	0.00468772537141209
chrM	3242	3242	0.000289834069994928
chrM	3243	3243	0.000579500181093807
chrM	3244	3244	0.00071999424004608
chrM	3245	3245	0.00107688994184794
chrM	3246	3246	0.0022271714922049
chrM	3247	3247	0.000791936645068395
chrM	3248	3248	0.000216107189165826
chrM	3249	3249	0.000504322766570605
chrM	3250	3250	0.00511711711711712
chrM	3251	3251	0.000217108119843682
chrM	3252	3252	0.000434247665918796
chrM	3253	3253	0.00267534345625452
chrM	3254	3254	0.00188474084813338
chrM	3255	3255	0.000145253831069794
chrM	3256	3256	0.00079901213045689
chrM	3257	3257	0.000799651061355045
chrM	3258	3258	0.00167333575845762
chrM	3259	3259	0.000583005392799883
chrM	3260	3260	0.000729181857955374
chrM	3261	3261	0.00160537069468768
chrM	3262	3262	0.00263119426984359
chrM	3263	3263	0.00161195779601407
chrM	3264	3264	0.00117198945209493
chrM	3265	3265	0.000146659822541615
chrM	3266	3266	0
chrM	3267	3267	0.000733030347456385
chrM	3268	3268	0.00146659822541615
chrM	3269	3269	0
chrM	3270	3270	0
chrM	3271	3271	0.00080757653623082
chrM	3272	3272	0.00675824579446118
chrM	3273	3273	0.0108711729034167
chrM	3274	3274	0.00874178123132098
chrM	3275	3275	0.00746212406723449
chrM	3276	3276	0.00296172539489672
chrM	3277	3277	0.00144717800289436
chrM	3278	3278	0
chrM	3279	3279	0.000152543665624285
chrM	3280	3280	0.00045766590389016
chrM	3281	3281	0.00175518925518926
chrM	3282	3282	0.000152893509670514
chrM	3283	3283	0
chrM	3284	3284	0.000229375334505696
chrM	3285	3285	0.000152951973080453
chrM	3286	3286	7.64701384109505e-05
chrM	3287	3287	7.64759865402264e-05
chrM	3288	3288	0.000382409177820268
chrM	3289	3289	0.00107107336852574
chrM	3290	3290	7.65872711955273e-05
chrM	3291	3291	0
chrM	3292	3292	0.000229761813586582
chrM	3293	3293	0.000229779411764706
chrM	3294	3294	7.66107408258638e-05
chrM	3295	3295	0.000383053704129319
chrM	3296	3296	0.000229885057471264
chrM	3297	3297	0.000153256704980843
chrM	3298	3298	0.000153268449689631
chrM	3299	3299	0.00038287770885979
chrM	3300	3300	0.000306419488279455
chrM	3301	3301	0.000229814616209591
chrM	3302	3302	0.000306466441924609
chrM	3303	3303	0
chrM	3304	3304	0.00332753535506315
chrM	3305	3305	0.00197268588770865
chrM	3306	3306	0.00250817055559778
chrM	3307	3307	0.0240018287107589
chrM	3308	3308	0.0800999297369037
chrM	3309	3309	0.0403123143511839
chrM	3310	3310	0.0157410682702511
chrM	3311	3311	0.00242587601078167
chrM	3312	3312	0.002431775195893
chrM	3313	3313	0.000270855904658722
chrM	3314	3314	0.000180570603105814
chrM	3315	3315	0
chrM	3316	3316	0.00018058690744921
chrM	3317	3317	0.00487452608774147
chrM	3318	3318	0.00045318589685489
chrM	3319	3319	9.06289650172195e-05
chrM	3320	3320	0.0066141161547522
chrM	3321	3321	0.0164755142909157
chrM	3322	3322	0.00498661002862684
chrM	3323	3323	0.00211261137136034
chrM	3324	3324	0.00220588235294118
chrM	3325	3325	0.00109739368998628
chrM	3326	3326	0
chrM	3327	3327	0
chrM	3328	3328	0
chrM	3329	3329	0
chrM	3330	3330	9.06289650172195e-05
chrM	3331	3331	0
chrM	3332	3332	9.03260771384699e-05
chrM	3333	3333	0.000166708343752605
chrM	3334	3334	0.000413907284768212
chrM	3335	3335	0.000163572421689703
chrM	3336	3336	0
chrM	3337	3337	8.01603206412826e-05
chrM	3338	3338	7.96241738991958e-05
chrM	3339	3339	0
chrM	3340	3340	0
chrM	3341	3341	0.000786967813016448
chrM	3342	3342	0.00188397833424916
chrM	3343	3343	0.000233463035019455
chrM	3344	3344	0.000148798452496094
chrM	3345	3345	0
chrM	3346	3346	0
chrM	3347	3347	7.37245650250664e-05
chrM	3348	3348	0
chrM	3349	3349	0
chrM	3350	3350	7.35294117647059e-05
chrM	3351	3351	0.0006592923595341
chrM	3352	3352	0
chrM	3353	3353	0
chrM	3354	3354	0
chrM	3355	3355	0
chrM	3356	3356	0.000436078203357802
chrM	3357	3357	0
chrM	3358	3358	7.27114084199811e-05
chrM	3359	3359	0
chrM	3360	3360	7.23222680263253e-05
chrM	3361	3361	0.00014327673902142
chrM	3362	3362	0
chrM	3363	3363	0
chrM	3364	3364	0
chrM	3365	3365	0.000142156514322269
chrM	3366	3366	0.000211954217888936
chrM	3367	3367	0.000419785909186315
chrM	3368	3368	0.000174692831770803
chrM	3369	3369	0
chrM	3370	3370	0
chrM	3371	3371	5.60663825969948e-05
chrM	3372	3372	5.60632393339687e-05
chrM	3373	3373	0.00011213276519399
chrM	3374	3374	0
chrM	3375	3375	0
chrM	3376	3376	0
chrM	3377	3377	0
chrM	3378	3378	0
chrM	3379	3379	0
chrM	3380	3380	0
chrM	3381	3381	0
chrM	3382	3382	0.000492125984251968
chrM	3383	3383	0.000328137817883511
chrM	3384	3384	0.000655129115029754
chrM	3385	3385	0.000109217999126256
chrM	3386	3386	0
chrM	3387	3387	0.000160307790958641
chrM	3388	3388	0
chrM	3389	3389	0
chrM	3390	3390	0.000568622383044714
chrM	3391	3391	5.13162621234669e-05
chrM	3392	3392	0
chrM	3393	3393	5.08517670989067e-05
chrM	3394	3394	0.00101677681748856
chrM	3395	3395	0.00020351055711015
chrM	3396	3396	0.000101755278555075
chrM	3397	3397	0.000101636345157028
chrM	3398	3398	0
chrM	3399	3399	0
chrM	3400	3400	0
chrM	3401	3401	0
chrM	3402	3402	5.02234945507508e-05
chrM	3403	3403	0
chrM	3404	3404	4.82695370951393e-05
chrM	3405	3405	0.000144675925925926
chrM	3406	3406	0
chrM	3407	3407	9.54152950718e-05
chrM	3408	3408	9.49532355315007e-05
chrM	3409	3409	0.00388736133497677
chrM	3410	3410	0.00138016371597183
chrM	3411	3411	0.00152497140678612
chrM	3412	3412	0.000334081038514771
chrM	3413	3413	0.00181418886660938
chrM	3414	3414	0.00100430416068867
chrM	3415	3415	9.57395883197702e-05
chrM	3416	3416	0
chrM	3417	3417	0
chrM	3418	3418	0
chrM	3419	3419	0
chrM	3420	3420	0
chrM	3421	3421	0
chrM	3422	3422	0
chrM	3423	3423	0
chrM	3424	3424	0
chrM	3425	3425	0
chrM	3426	3426	0
chrM	3427	3427	0
chrM	3428	3428	0
chrM	3429	3429	0
chrM	3430	3430	0
chrM	3431	3431	0
chrM	3432	3432	0
chrM	3433	3433	0
chrM	3434	3434	0
chrM	3435	3435	0
chrM	3436	3436	0
chrM	3437	3437	0
chrM	3438	3438	0
chrM	3439	3439	0
chrM	3440	3440	0
chrM	3441	3441	0
chrM	3442	3442	9.45626477541371e-05
chrM	3443	3443	0
chrM	3444	3444	0
chrM	3445	3445	0
chrM	3446	3446	0
chrM	3447	3447	4.72656803894692e-05
chrM	3448	3448	0
chrM	3449	3449	0
chrM	3450	3450	9.45179584120983e-05
chrM	3451	3451	0
chrM	3452	3452	0
chrM	3453	3453	4.6882325363338e-05
chrM	3454	3454	0
chrM	3455	3455	0
chrM	3456	3456	0
chrM	3457	3457	9.30622120887813e-05
chrM	3458	3458	4.65289410013028e-05
chrM	3459	3459	0.00311714897180609
chrM	3460	3460	0.00569375087506417
chrM	3461	3461	0.00272223786726744
chrM	3462	3462	0.00192941176470588
chrM	3463	3463	0.000282845424975251
chrM	3464	3464	0
chrM	3465	3465	0.000659506312417562
chrM	3466	3466	4.70743303676505e-05
chrM	3467	3467	0
chrM	3468	3468	0.000188306185858205
chrM	3469	3469	9.41575255402288e-05
chrM	3470	3470	4.70123642517982e-05
chrM	3471	3471	9.40070505287897e-05
chrM	3472	3472	4.66222201501235e-05
chrM	3473	3473	0
chrM	3474	3474	0
chrM	3475	3475	0
chrM	3476	3476	0
chrM	3477	3477	0.00185726888610299
chrM	3478	3478	0
chrM	3479	3479	4.64511334076551e-05
chrM	3480	3480	0
chrM	3481	3481	0.000185709642973211
chrM	3482	3482	0
chrM	3483	3483	9.258830609694e-05
chrM	3484	3484	0
chrM	3485	3485	0
chrM	3486	3486	0
chrM	3487	3487	0
chrM	3488	3488	0
chrM	3489	3489	0
chrM	3490	3490	0
chrM	3491	3491	0
chrM	3492	3492	0
chrM	3493	3493	4.43242764061877e-05
chrM	3494	3494	0
chrM	3495	3495	0.000132866823154258
chrM	3496	3496	0.00044292864419542
chrM	3497	3497	0.0034120618602384
chrM	3498	3498	0.0632697523453826
chrM	3499	3499	0.00260910815939279
chrM	3500	3500	0.0019019542580001
chrM	3501	3501	0.000285727891804372
chrM	3502	3502	4.76281196418365e-05
chrM	3503	3503	4.75782662479779e-05
chrM	3504	3504	0
chrM	3505	3505	0.000285035629453682
chrM	3506	3506	4.75059382422803e-05
chrM	3507	3507	4.69858572569657e-05
chrM	3508	3508	0
chrM	3509	3509	9.34492103541725e-05
chrM	3510	3510	0.000607391487174695
chrM	3511	3511	0
chrM	3512	3512	0.000514186883560043
chrM	3513	3513	0.000187038249321986
chrM	3514	3514	0.000561114747965959
chrM	3515	3515	0.000327378168552988
chrM	3516	3516	0.000327424107769306
chrM	3517	3517	0.00112285954898475
chrM	3518	3518	0.000140462590130162
chrM	3519	3519	0.000608614232209738
chrM	3520	3520	0.000140508641281439
chrM	3521	3521	0
chrM	3522	3522	0
chrM	3523	3523	0
chrM	3524	3524	0
chrM	3525	3525	9.11120222313334e-05
chrM	3526	3526	4.54524794327531e-05
chrM	3527	3527	0
chrM	3528	3528	9.05018326621114e-05
chrM	3529	3529	0.000135685210312076
chrM	3530	3530	0.000723589001447178
chrM	3531	3531	0.000904240889773036
chrM	3532	3532	0.000538914088112453
chrM	3533	3533	0.000179686447149724
chrM	3534	3534	0
chrM	3535	3535	8.98432235748619e-05
chrM	3536	3536	0
chrM	3537	3537	0.000269444943416562
chrM	3538	3538	0
chrM	3539	3539	4.49095073427044e-05
chrM	3540	3540	4.49054739772778e-05
chrM	3541	3541	4.48833034111311e-05
chrM	3542	3542	8.97424391994974e-05
chrM	3543	3543	4.48611547261227e-05
chrM	3544	3544	0
chrM	3545	3545	0
chrM	3546	3546	4.48249585369134e-05
chrM	3547	3547	0.000134288272157565
chrM	3548	3548	0.000179010964421571
chrM	3549	3549	0.00143099901618818
chrM	3550	3550	0.0016908427516241
chrM	3551	3551	8.79971840901091e-05
chrM	3552	3552	0.000218102508178844
chrM	3553	3553	0.000216891510866265
chrM	3554	3554	8.29256157226967e-05
chrM	3555	3555	0.00020708221163802
chrM	3556	3556	0.00169680917104664
chrM	3557	3557	0.00653865254097004
chrM	3558	3558	0.00404407213304172
chrM	3559	3559	0.000330141961043249
chrM	3560	3560	0.000205364110568037
chrM	3561	3561	0.000819504199959025
chrM	3562	3562	4.059759662228e-05
chrM	3563	3563	0
chrM	3564	3564	0.00200988865216867
chrM	3565	3565	0.00047234796299941
chrM	3566	3566	0.000236053190652294
chrM	3567	3567	0.0003146385589554
chrM	3568	3568	0.000589738549243169
chrM	3569	3569	0.000392480081635857
chrM	3570	3570	0.000314070351758794
chrM	3571	3571	0.000392464678178964
chrM	3572	3572	0.000549579963884745
chrM	3573	3573	0.000235636020893061
chrM	3574	3574	0.000431880643894778
chrM	3575	3575	0.00129554020100503
chrM	3576	3576	0.00125721918830786
chrM	3577	3577	0.000195717696794144
chrM	3578	3578	0.000313001291130326
chrM	3579	3579	0.000429620371816904
chrM	3580	3580	0.00440562984911692
chrM	3581	3581	0.00848650762612436
chrM	3582	3582	0.0222703981080016
chrM	3583	3583	0.0420905086103324
chrM	3584	3584	0.0716881814763755
chrM	3585	3585	0.0534533183352081
chrM	3586	3586	0.0227197110128808
chrM	3587	3587	0.00374386152574513
chrM	3588	3588	0.000927010148321624
chrM	3589	3589	4.88328938372888e-05
chrM	3590	3590	0.000146441472224934
chrM	3591	3591	0.0162966577213955
chrM	3592	3592	0.00158549274141604
chrM	3593	3593	0.00317397341797262
chrM	3594	3594	0.00114405093513729
chrM	3595	3595	9.95569714769277e-05
chrM	3596	3596	0.000248892428692319
chrM	3597	3597	0.000199123855037834
chrM	3598	3598	9.95767986059248e-05
chrM	3599	3599	0
chrM	3600	3600	0
chrM	3601	3601	0
chrM	3602	3602	0
chrM	3603	3603	0
chrM	3604	3604	0
chrM	3605	3605	0
chrM	3606	3606	0.000148787382829936
chrM	3607	3607	0
chrM	3608	3608	0
chrM	3609	3609	0.000148676776687481
chrM	3610	3610	0
chrM	3611	3611	0
chrM	3612	3612	9.91178511249876e-05
chrM	3613	3613	9.91276764472641e-05
chrM	3614	3614	0
chrM	3615	3615	0
chrM	3616	3616	0
chrM	3617	3617	0
chrM	3618	3618	0
chrM	3619	3619	0
chrM	3620	3620	0
chrM	3621	3621	0.00399901258948408
chrM	3622	3622	0.00708833151581243
chrM	3623	3623	0.00284558933652838
chrM	3624	3624	5.00600720865038e-05
chrM	3625	3625	0
chrM	3626	3626	0
chrM	3627	3627	0
chrM	3628	3628	0
chrM	3629	3629	0.0001470299941188
chrM	3630	3630	0
chrM	3631	3631	0.00141892553087386
chrM	3632	3632	0.000292911540714704
chrM	3633	3633	0.000145751348199971
chrM	3634	3634	0.00375849274803643
chrM	3635	3635	0.00028436018957346
chrM	3636	3636	0.000426439232409382
chrM	3637	3637	4.73888730925979e-05
chrM	3638	3638	0.000804429091941513
chrM	3639	3639	4.73036896877956e-05
chrM	3640	3640	0.000643826166934928
chrM	3641	3641	0.000181636545272909
chrM	3642	3642	0
chrM	3643	3643	0
chrM	3644	3644	0
chrM	3645	3645	0
chrM	3646	3646	0.000300921572315215
chrM	3647	3647	0.000375770329174808
chrM	3648	3648	0.0087165614667869
chrM	3649	3649	0.00507652674647674
chrM	3650	3650	0.00201689626303372
chrM	3651	3651	0.00533617929562433
chrM	3652	3652	0.000114854517611026
chrM	3653	3653	0.000956425264929798
chrM	3654	3654	0
chrM	3655	3655	7.51371252535878e-05
chrM	3656	3656	0.00214870521987182
chrM	3657	3657	0.0131336235519811
chrM	3658	3658	0.00162452323774544
chrM	3659	3659	0.00042362410421153
chrM	3660	3660	0.00141083521444695
chrM	3661	3661	0.00172973736232703
chrM	3662	3662	0.00187325486869544
chrM	3663	3663	0.000955583082640241
chrM	3664	3664	0.000566371681415929
chrM	3665	3665	0
chrM	3666	3666	0
chrM	3667	3667	0
chrM	3668	3668	0
chrM	3669	3669	0
chrM	3670	3670	0
chrM	3671	3671	2.74130321554867e-05
chrM	3672	3672	0.000464887333187486
chrM	3673	3673	0.000218567291404841
chrM	3674	3674	0.000131992291650168
chrM	3675	3675	7.91535843381441e-05
chrM	3676	3676	0
chrM	3677	3677	0
chrM	3678	3678	0
chrM	3679	3679	0
chrM	3680	3680	0
chrM	3681	3681	0
chrM	3682	3682	2.6234324990818e-05
chrM	3683	3683	0
chrM	3684	3684	0
chrM	3685	3685	7.84724038713053e-05
chrM	3686	3686	2.61437908496732e-05
chrM	3687	3687	0
chrM	3688	3688	0
chrM	3689	3689	5.22739153162572e-05
chrM	3690	3690	2.61376408165399e-05
chrM	3691	3691	0.000104517781087508
chrM	3692	3692	2.608990581544e-05
chrM	3693	3693	5.20941862888102e-05
chrM	3694	3694	0.000103610837693623
chrM	3695	3695	0.000231737775832325
chrM	3696	3696	2.5654181631606e-05
chrM	3697	3697	0
chrM	3698	3698	0.000487154504897185
chrM	3699	3699	0.0141050957864232
chrM	3700	3700	0.00504485762579639
chrM	3701	3701	0.00854522173151802
chrM	3702	3702	0.00342601133219133
chrM	3703	3703	0.000978344218514503
chrM	3704	3704	0.00145491098590059
chrM	3705	3705	0.000397350993377483
chrM	3706	3706	7.94575696578027e-05
chrM	3707	3707	5.29156524499947e-05
chrM	3708	3708	0.000158591705653794
chrM	3709	3709	2.63810478552208e-05
chrM	3710	3710	0
chrM	3711	3711	7.86575773466177e-05
chrM	3712	3712	0.00107391691550107
chrM	3713	3713	0.00595113255033557
chrM	3714	3714	0.00619709395849266
chrM	3715	3715	0.00723523799427542
chrM	3716	3716	0.0021069475930124
chrM	3717	3717	0.00109511471994444
chrM	3718	3718	0.000365011080693521
chrM	3719	3719	2.60328534610679e-05
chrM	3720	3720	2.59969843498154e-05
chrM	3721	3721	0.000880737747383691
chrM	3722	3722	0.000386010962711341
chrM	3723	3723	0.0144159369078712
chrM	3724	3724	0.00367523358438802
chrM	3725	3725	0.00370236122618061
chrM	3726	3726	0.0112874414269811
chrM	3727	3727	0.043683990379588
chrM	3728	3728	0.0149139579349904
chrM	3729	3729	0.00468585371263794
chrM	3730	3730	0.0043965829089796
chrM	3731	3731	0.00271055720114011
chrM	3732	3732	0.000697856185797231
chrM	3733	3733	0.000388511169696129
chrM	3734	3734	0.00011056137538351
chrM	3735	3735	0.00146902799314454
chrM	3736	3736	5.4333061668025e-05
chrM	3737	3737	0
chrM	3738	3738	0.000217114011995549
chrM	3739	3739	0.000270248358241224
chrM	3740	3740	0.00150017412735407
chrM	3741	3741	0.0326480613549212
chrM	3742	3742	0.0058345947433604
chrM	3743	3743	0.00160553633217993
chrM	3744	3744	0.00493443849970892
chrM	3745	3745	0.0257895616331532
chrM	3746	3746	0.0306399519821648
chrM	3747	3747	0.0265601509300475
chrM	3748	3748	0.0683708969898654
chrM	3749	3749	0.023960261030486
chrM	3750	3750	0.0443683738243212
chrM	3751	3751	0.0249739492879472
chrM	3752	3752	0.00639485585076314
chrM	3753	3753	0.0143867002948385
chrM	3754	3754	0.015780998389694
chrM	3755	3755	0.00852027610008628
chrM	3756	3756	0.00916268289149645
chrM	3757	3757	0.00204543794287384
chrM	3758	3758	0.000767543859649123
chrM	3759	3759	0.00389515835456862
chrM	3760	3760	7.2337962962963e-05
chrM	3761	3761	0.000216216216216216
chrM	3762	3762	0.000752526338421845
chrM	3763	3763	0.000567758418792804
chrM	3764	3764	0.00141768562821194
chrM	3765	3765	0.000177248395902017
chrM	3766	3766	0.000849888452140657
chrM	3767	3767	0.00102745792736935
chrM	3768	3768	0.000141823854772373
chrM	3769	3769	3.5458478122119e-05
chrM	3770	3770	0
chrM	3771	3771	0.000390015600624025
chrM	3772	3772	0.000922182024544229
chrM	3773	3773	0.00251817698173435
chrM	3774	3774	0.0033771773906861
chrM	3775	3775	0.005311564237844
chrM	3776	3776	0.000967499193750672
chrM	3777	3777	0.000573826345802102
chrM	3778	3778	0.00125583064226767
chrM	3779	3779	0.00122126436781609
chrM	3780	3780	0.00539393721457082
chrM	3781	3781	0.0100487981203687
chrM	3782	3782	0.00226384781100522
chrM	3783	3783	0.000622049837169307
chrM	3784	3784	7.31555653096309e-05
chrM	3785	3785	0.000109573030424778
chrM	3786	3786	0.000109134562916076
chrM	3787	3787	0.000104755918709407
chrM	3788	3788	0.000172836945625497
chrM	3789	3789	6.89988270199407e-05
chrM	3790	3790	0.000378918360316914
chrM	3791	3791	0.000171573673735502
chrM	3792	3792	0.000921658986175115
chrM	3793	3793	0.000953223939538367
chrM	3794	3794	0.000203949828342228
chrM	3795	3795	0.00176588447040446
chrM	3796	3796	0.000170056458744303
chrM	3797	3797	3.40136054421769e-05
chrM	3798	3798	0.000272108843537415
chrM	3799	3799	0.000714407212110903
chrM	3800	3800	0.000304054054054054
chrM	3801	3801	6.75766995539938e-05
chrM	3802	3802	0.000337564137186065
chrM	3803	3803	0.000269887322043047
chrM	3804	3804	0
chrM	3805	3805	0.000168452260629338
chrM	3806	3806	0.00023571404518975
chrM	3807	3807	0.000841949280975314
chrM	3808	3808	0.0038422649140546
chrM	3809	3809	0.009168414642398
chrM	3810	3810	0.018983884184649
chrM	3811	3811	0.00114834533876187
chrM	3812	3812	0.000104515050167224
chrM	3813	3813	0
chrM	3814	3814	3.48407776461571e-05
chrM	3815	3815	0
chrM	3816	3816	0.000137353203763478
chrM	3817	3817	6.86106346483705e-05
chrM	3818	3818	0.000102908891328211
chrM	3819	3819	0.00133786147988062
chrM	3820	3820	3.43500961802693e-05
chrM	3821	3821	0.000206086418904994
chrM	3822	3822	0.000240483715816958
chrM	3823	3823	0.000377993883371705
chrM	3824	3824	0.000309384668270883
chrM	3825	3825	3.43855305687367e-05
chrM	3826	3826	0
chrM	3827	3827	0
chrM	3828	3828	3.43618995258058e-05
chrM	3829	3829	0
chrM	3830	3830	0
chrM	3831	3831	0
chrM	3832	3832	3.43300490919702e-05
chrM	3833	3833	0.000240318593792914
chrM	3834	3834	0.000171697400501356
chrM	3835	3835	0.000103032592643473
chrM	3836	3836	3.4346556757685e-05
chrM	3837	3837	0
chrM	3838	3838	0
chrM	3839	3839	3.43441975478243e-05
chrM	3840	3840	3.43300490919702e-05
chrM	3841	3841	3.43147347471004e-05
chrM	3842	3842	0
chrM	3843	3843	0
chrM	3844	3844	3.42864979770966e-05
chrM	3845	3845	3.42348510783978e-05
chrM	3846	3846	3.42231348391513e-05
chrM	3847	3847	6.83480281593876e-05
chrM	3848	3848	0.000136593361562628
chrM	3849	3849	0.000569285379411962
chrM	3850	3850	0.00256795064198766
chrM	3851	3851	0.00689356600506194
chrM	3852	3852	0.000769436638565503
chrM	3853	3853	0.000334571246947037
chrM	3854	3854	0.000334672021419009
chrM	3855	3855	0.00559033240719044
chrM	3856	3856	0.00144747029319689
chrM	3857	3857	0.000876424189307625
chrM	3858	3858	0.00947915261098367
chrM	3859	3859	0.00401838923888983
chrM	3860	3860	0.0196547598701077
chrM	3861	3861	0.00257857690431389
chrM	3862	3862	0.0277671055848556
chrM	3863	3863	0.174408161799044
chrM	3864	3864	0.12203714173879
chrM	3865	3865	0.108618127786033
chrM	3866	3866	0.0256467192183857
chrM	3867	3867	0.00843016632490317
chrM	3868	3868	0.000573558933180384
chrM	3869	3869	0.00108876282161481
chrM	3870	3870	0.00278900335818772
chrM	3871	3871	0
chrM	3872	3872	0.000339481724567161
chrM	3873	3873	0.00848464279653827
chrM	3874	3874	0.000342211829122227
chrM	3875	3875	0.000399315459212778
chrM	3876	3876	0.00473663185527592
chrM	3877	3877	0.00424311926605505
chrM	3878	3878	0.000345383375546857
chrM	3879	3879	0.000115074798619102
chrM	3880	3880	0
chrM	3881	3881	0
chrM	3882	3882	0.000229700241185253
chrM	3883	3883	0.000229621125143513
chrM	3884	3884	0
chrM	3885	3885	0.000457482701435352
chrM	3886	3886	0.000114246544042043
chrM	3887	3887	5.70418116479379e-05
chrM	3888	3888	0.00101867572156197
chrM	3889	3889	0.00084784083201447
chrM	3890	3890	0.00120627261761158
chrM	3891	3891	0.000384087791495199
chrM	3892	3892	0.00345300082214305
chrM	3893	3893	0.000988088049623978
chrM	3894	3894	0.000931149696007011
chrM	3895	3895	0.000438404208680403
chrM	3896	3896	5.3132139631263e-05
chrM	3897	3897	0.000106247343816405
chrM	3898	3898	0.000796558865700175
chrM	3899	3899	0.00116878287201828
chrM	3900	3900	0.000411776816965205
chrM	3901	3901	0.028721432983323
chrM	3902	3902	0.0118650352243233
chrM	3903	3903	0.013772037940089
chrM	3904	3904	0.00944984521805246
chrM	3905	3905	0.0083872382414209
chrM	3906	3906	0.0193274062620796
chrM	3907	3907	0.0010132282578103
chrM	3908	3908	5.62176748369687e-05
chrM	3909	3909	0.000224769611148573
chrM	3910	3910	0.00022456770716371
chrM	3911	3911	5.61324726354196e-05
chrM	3912	3912	0
chrM	3913	3913	5.60946878330622e-05
chrM	3914	3914	0
chrM	3915	3915	0.000110509448557852
chrM	3916	3916	0
chrM	3917	3917	0
chrM	3918	3918	0
chrM	3919	3919	0.00010771219302025
chrM	3920	3920	5.35245945511963e-05
chrM	3921	3921	0.00010653030787259
chrM	3922	3922	0.000262798276043309
chrM	3923	3923	0.000199990000499975
chrM	3924	3924	0.000198442228506226
chrM	3925	3925	0.00143806406823366
chrM	3926	3926	0.000288475407471513
chrM	3927	3927	0.000480792345785855
chrM	3928	3928	0.000721500721500722
chrM	3929	3929	0.00182912154031288
chrM	3930	3930	0.000192141416082237
chrM	3931	3931	0
chrM	3932	3932	0
chrM	3933	3933	9.60107532043589e-05
chrM	3934	3934	4.80076812289966e-05
chrM	3935	3935	0
chrM	3936	3936	4.79984640491504e-05
chrM	3937	3937	0.000143988480921526
chrM	3938	3938	0.000671205292933167
chrM	3939	3939	0.000623471296340703
chrM	3940	3940	0.000191644308164048
chrM	3941	3941	9.56754688097972e-05
chrM	3942	3942	9.56663158901751e-05
chrM	3943	3943	9.56434412510162e-05
chrM	3944	3944	4.77783086478739e-05
chrM	3945	3945	4.77805915237231e-05
chrM	3946	3946	0.000238902957618615
chrM	3947	3947	0
chrM	3948	3948	4.7785157929947e-05
chrM	3949	3949	0
chrM	3950	3950	4.75059382422803e-05
chrM	3951	3951	0
chrM	3952	3952	0
chrM	3953	3953	0
chrM	3954	3954	0
chrM	3955	3955	0.00122928428337279
chrM	3956	3956	0.00086120931919137
chrM	3957	3957	0.00511798541600616
chrM	3958	3958	0.00400309329936769
chrM	3959	3959	0.000224971878515186
chrM	3960	3960	9.000900090009e-05
chrM	3961	3961	0.000630119722747322
chrM	3962	3962	0.000135110790848496
chrM	3963	3963	0
chrM	3964	3964	0
chrM	3965	3965	4.47527411053927e-05
chrM	3966	3966	0
chrM	3967	3967	0
chrM	3968	3968	4.34008940584176e-05
chrM	3969	3969	0.00104144065957908
chrM	3970	3970	0.000651154714360132
chrM	3971	3971	0.000347418248143484
chrM	3972	3972	0.000390896455872133
chrM	3973	3973	0.00182402501520021
chrM	3974	3974	0.000217542638357118
chrM	3975	3975	0.000169226213140415
chrM	3976	3976	0.000253860799661519
chrM	3977	3977	8.46166864105602e-05
chrM	3978	3978	0.000549799111862973
chrM	3979	3979	4.22261633307998e-05
chrM	3980	3980	0
chrM	3981	3981	4.21336479312379e-05
chrM	3982	3982	0
chrM	3983	3983	0
chrM	3984	3984	4.19991600167997e-05
chrM	3985	3985	0.00234997901804448
chrM	3986	3986	0.00290159798149706
chrM	3987	3987	0.00238433865975069
chrM	3988	3988	0.000670241286863271
chrM	3989	3989	0.00113174330385212
chrM	3990	3990	0
chrM	3991	3991	0.000251382604323781
chrM	3992	3992	0
chrM	3993	3993	0.000246457178065311
chrM	3994	3994	4.05778282746307e-05
chrM	3995	3995	0
chrM	3996	3996	0.000161720708336703
chrM	3997	3997	0.00076814230846978
chrM	3998	3998	0.0132297608933123
chrM	3999	3999	0.0136941369413694
chrM	4000	4000	0.0133433096396059
chrM	4001	4001	0.000589821368385575
chrM	4002	4002	0.00016860563142809
chrM	4003	4003	0
chrM	4004	4004	0
chrM	4005	4005	4.21478546741971e-05
chrM	4006	4006	0.000126443564022591
chrM	4007	4007	0
chrM	4008	4008	8.42886041807148e-05
chrM	4009	4009	0.000126422250316056
chrM	4010	4010	8.424599831508e-05
chrM	4011	4011	0
chrM	4012	4012	0
chrM	4013	4013	8.35282325425994e-05
chrM	4014	4014	8.3156625504137e-05
chrM	4015	4015	4.14318859794498e-05
chrM	4016	4016	0.00113696349535063
chrM	4017	4017	0.000482780817508851
chrM	4018	4018	0.00378167641325536
chrM	4019	4019	0.00390131956397017
chrM	4020	4020	0.0554287453397246
chrM	4021	4021	0.00946409097990341
chrM	4022	4022	0.00223994969937517
chrM	4023	4023	0.00169284673831739
chrM	4024	4024	0.00106416522150402
chrM	4025	4025	0.000945030713498189
chrM	4026	4026	0.00604830842470832
chrM	4027	4027	0.000620876988746605
chrM	4028	4028	0.00250182825911243
chrM	4029	4029	3.78974495016485e-05
chrM	4030	4030	7.48194979611687e-05
chrM	4031	4031	0.000517904705534182
chrM	4032	4032	0.00218404193360513
chrM	4033	4033	0.00994861703290696
chrM	4034	4034	0.00352461724859566
chrM	4035	4035	0.0103514329919694
chrM	4036	4036	0.0022704432947482
chrM	4037	4037	0.000185797629222251
chrM	4038	4038	0.000111474435196195
chrM	4039	4039	3.71112595561493e-05
chrM	4040	4040	3.70658660439601e-05
chrM	4041	4041	0.000111037086386853
chrM	4042	4042	0
chrM	4043	4043	0
chrM	4044	4044	0
chrM	4045	4045	0
chrM	4046	4046	3.42923768046363e-05
chrM	4047	4047	0
chrM	4048	4048	3.38340776830424e-05
chrM	4049	4049	0.00101498798930879
chrM	4050	4050	0.000677300281079617
chrM	4051	4051	0.00105034898692146
chrM	4052	4052	0.00061033500610335
chrM	4053	4053	0.000440991892533668
chrM	4054	4054	0
chrM	4055	4055	0
chrM	4056	4056	0
chrM	4057	4057	0
chrM	4058	4058	0.000101016903495185
chrM	4059	4059	0.000100606995539757
chrM	4060	4060	0.000100448670729257
chrM	4061	4061	3.3387866849187e-05
chrM	4062	4062	0.00373931623931624
chrM	4063	4063	9.95883680786084e-05
chrM	4064	4064	0
chrM	4065	4065	6.63305916688777e-05
chrM	4066	4066	9.9387112804373e-05
chrM	4067	4067	0
chrM	4068	4068	0
chrM	4069	4069	0
chrM	4070	4070	6.59543595831684e-05
chrM	4071	4071	6.59478352623075e-05
chrM	4072	4072	0.000131878276350928
chrM	4073	4073	0.000461589185624794
chrM	4074	4074	0
chrM	4075	4075	0
chrM	4076	4076	0
chrM	4077	4077	0
chrM	4078	4078	0
chrM	4079	4079	6.564695069914e-05
chrM	4080	4080	0
chrM	4081	4081	0
chrM	4082	4082	0
chrM	4083	4083	0
chrM	4084	4084	0
chrM	4085	4085	0
chrM	4086	4086	2.92004905682415e-05
chrM	4087	4087	0.000175136460492133
chrM	4088	4088	0.000145947050410111
chrM	4089	4089	0.000408627885934444
chrM	4090	4090	0.000671121356248723
chrM	4091	4091	0.000291477206482453
chrM	4092	4092	0
chrM	4093	4093	0
chrM	4094	4094	2.86319647254195e-05
chrM	4095	4095	2.85665314517511e-05
chrM	4096	4096	2.85412563861061e-05
chrM	4097	4097	8.55627174719069e-05
chrM	4098	4098	0.0102229689324259
chrM	4099	4099	0.00134999281918713
chrM	4100	4100	0.000775550066065376
chrM	4101	4101	0.000287323296172854
chrM	4102	4102	0.00146324668617662
chrM	4103	4103	0.000545726102941176
chrM	4104	4104	0.000959286742092938
chrM	4105	4105	0.000649534029935047
chrM	4106	4106	0.000141286840543672
chrM	4107	4107	5.64939833907689e-05
chrM	4108	4108	2.82445982205903e-05
chrM	4109	4109	2.82310428547231e-05
chrM	4110	4110	5.63110623081904e-05
chrM	4111	4111	2.80528515723623e-05
chrM	4112	4112	0
chrM	4113	4113	2.79743754720676e-05
chrM	4114	4114	0.000167822779145223
chrM	4115	4115	0.000419615632081014
chrM	4116	4116	0.00041974479516454
chrM	4117	4117	0.000698948781033326
chrM	4118	4118	0.000783370170383012
chrM	4119	4119	5.59957443234314e-05
chrM	4120	4120	0
chrM	4121	4121	0
chrM	4122	4122	0
chrM	4123	4123	0
chrM	4124	4124	0
chrM	4125	4125	2.77323275742533e-05
chrM	4126	4126	0
chrM	4127	4127	2.77246388865785e-05
chrM	4128	4128	0.000166237220513673
chrM	4129	4129	5.54185485882125e-05
chrM	4130	4130	0.000498780758146752
chrM	4131	4131	0.000194056331780883
chrM	4132	4132	0.000636308305206662
chrM	4133	4133	0.000552364118426867
chrM	4134	4134	0.000110393553016504
chrM	4135	4135	0.000551982998923633
chrM	4136	4136	0.00099403578528827
chrM	4137	4137	0.000248708099593777
chrM	4138	4138	0.00237674110103913
chrM	4139	4139	0.00163434903047091
chrM	4140	4140	5.54523525660576e-05
chrM	4141	4141	2.77200277200277e-05
chrM	4142	4142	5.5412406837891e-05
chrM	4143	4143	2.77054358065052e-05
chrM	4144	4144	2.77054358065052e-05
chrM	4145	4145	5.54016620498615e-05
chrM	4146	4146	0
chrM	4147	4147	0.000166172764283934
chrM	4148	4148	0.000166172764283934
chrM	4149	4149	0.000276586917438805
chrM	4150	4150	2.76518084282712e-05
chrM	4151	4151	2.76525730719243e-05
chrM	4152	4152	5.52944429084877e-05
chrM	4153	4153	5.52959716884625e-05
chrM	4154	4154	0.000162985901719501
chrM	4155	4155	0.000298815603607519
chrM	4156	4156	8.08407437348424e-05
chrM	4157	4157	0.000269273231548052
chrM	4158	4158	0.000215302634765993
chrM	4159	4159	0.00013313097425247
chrM	4160	4160	0.00101066517726535
chrM	4161	4161	0.000238777459407832
chrM	4162	4162	0.00240817190642532
chrM	4163	4163	0.00455955252763566
chrM	4164	4164	0.000313569730068724
chrM	4165	4165	7.84026761446791e-05
chrM	4166	4166	0.0015155870286655
chrM	4167	4167	0.000156994086556073
chrM	4168	4168	2.61574679571018e-05
chrM	4169	4169	2.61444743653429e-05
chrM	4170	4170	0.000156592546194801
chrM	4171	4171	0
chrM	4172	4172	5.18604952677298e-05
chrM	4173	4173	0
chrM	4174	4174	0
chrM	4175	4175	5.16782512079791e-05
chrM	4176	4176	0.000103217815394937
chrM	4177	4177	0.000229433808346292
chrM	4178	4178	0.000278836323078353
chrM	4179	4179	0.000361712709680336
chrM	4180	4180	6.73657736959109e-05
chrM	4181	4181	8.96941429724639e-05
chrM	4182	4182	0.000672299038612375
chrM	4183	4183	0.000268853340502756
chrM	4184	4184	0.00476755377487298
chrM	4185	4185	0.0151269948302989
chrM	4186	4186	0.0791419443176632
chrM	4187	4187	0.106609174039105
chrM	4188	4188	0.153643449557571
chrM	4189	4189	0.105597797587834
chrM	4190	4190	0.0315500183217296
chrM	4191	4191	0.00419977298524404
chrM	4192	4192	0.000417917252384028
chrM	4193	4193	7.60167236792094e-05
chrM	4194	4194	7.60225026607876e-05
chrM	4195	4195	0.000114029419590254
chrM	4196	4196	0.000227980849608633
chrM	4197	4197	0.000151987233072422
chrM	4198	4198	0
chrM	4199	4199	0.000227920227920228
chrM	4200	4200	0.00205135997568759
chrM	4201	4201	0.00593788063337393
chrM	4202	4202	0.0185709909633941
chrM	4203	4203	0.0181662248557617
chrM	4204	4204	0.0041686517389233
chrM	4205	4205	0.00035879445064583
chrM	4206	4206	0.000119621994497388
chrM	4207	4207	7.97511763298509e-05
chrM	4208	4208	0.00263189376719703
chrM	4209	4209	0
chrM	4210	4210	0.00027978736160518
chrM	4211	4211	0.000719654565808412
chrM	4212	4212	0.000920147223555769
chrM	4213	4213	4.0043246706443e-05
chrM	4214	4214	4.00448502322601e-05
chrM	4215	4215	4.00448502322601e-05
chrM	4216	4216	0
chrM	4217	4217	4.004004004004e-05
chrM	4218	4218	4e-05
chrM	4219	4219	3.99904023034472e-05
chrM	4220	4220	7.99616184231569e-05
chrM	4221	4221	3.99776125369793e-05
chrM	4222	4222	3.99712207210808e-05
chrM	4223	4223	7.99200799200799e-05
chrM	4224	4224	3.996003996004e-05
chrM	4225	4225	0
chrM	4226	4226	7.98339453935814e-05
chrM	4227	4227	7.96939751354798e-05
chrM	4228	4228	3.98105020104304e-05
chrM	4229	4229	0
chrM	4230	4230	0
chrM	4231	4231	0
chrM	4232	4232	0
chrM	4233	4233	0
chrM	4234	4234	0
chrM	4235	4235	0
chrM	4236	4236	0.000158648316344743
chrM	4237	4237	0.000119000396667989
chrM	4238	4238	7.93398920977467e-05
chrM	4239	4239	0
chrM	4240	4240	0
chrM	4241	4241	0
chrM	4242	4242	0
chrM	4243	4243	3.96322130627774e-05
chrM	4244	4244	0.0196816093774751
chrM	4245	4245	4.00817668042807e-05
chrM	4246	4246	8.00544370171717e-05
chrM	4247	4247	0.00016
chrM	4248	4248	0.00239980801535877
chrM	4249	4249	0.000601298805419707
chrM	4250	4250	0.000240596679765819
chrM	4251	4251	0.000160410651267244
chrM	4252	4252	0.000240307593719962
chrM	4253	4253	0.00196227624043891
chrM	4254	4254	0.00248616569091347
chrM	4255	4255	0.00164685089974293
chrM	4256	4256	0.00418090452261307
chrM	4257	4257	0.00697918347587542
chrM	4258	4258	0.0253205648433696
chrM	4259	4259	0.194853704087985
chrM	4260	4260	0.0665541231839574
chrM	4261	4261	0.0512120550338502
chrM	4262	4262	0.0163934426229508
chrM	4263	4263	0.0119277319768462
chrM	4264	4264	0.00856822076463984
chrM	4265	4265	0.0123353792980156
chrM	4266	4266	0.0151442017617956
chrM	4267	4267	0.00287901990811639
chrM	4268	4268	0.000184297825285662
chrM	4269	4269	0
chrM	4270	4270	6.1436382625791e-05
chrM	4271	4271	0
chrM	4272	4272	0
chrM	4273	4273	6.13948919449902e-05
chrM	4274	4274	0
chrM	4275	4275	6.13722842764208e-05
chrM	4276	4276	0
chrM	4277	4277	0.000306880255324372
chrM	4278	4278	6.13948919449902e-05
chrM	4279	4279	0
chrM	4280	4280	0.000245594646036716
chrM	4281	4281	0
chrM	4282	4282	0
chrM	4283	4283	0
chrM	4284	4284	0
chrM	4285	4285	0
chrM	4286	4286	6.13308800981294e-05
chrM	4287	4287	0
chrM	4288	4288	0
chrM	4289	4289	0
chrM	4290	4290	0.00018383479379864
chrM	4291	4291	6.12857755714899e-05
chrM	4292	4292	0.00177739642069135
chrM	4293	4293	0.00171916252225701
chrM	4294	4294	6.15006150061501e-05
chrM	4295	4295	0.000246017590257703
chrM	4296	4296	6.15195324515534e-05
chrM	4297	4297	0
chrM	4298	4298	0
chrM	4299	4299	0
chrM	4300	4300	0
chrM	4301	4301	0
chrM	4302	4302	6.15233173372708e-05
chrM	4303	4303	6.15195324515534e-05
chrM	4304	4304	0
chrM	4305	4305	0
chrM	4306	4306	0
chrM	4307	4307	0
chrM	4308	4308	0
chrM	4309	4309	0
chrM	4310	4310	0.000122895416000983
chrM	4311	4311	0.00012278978388998
chrM	4312	4312	0
chrM	4313	4313	0.000368211107701749
chrM	4314	4314	0.000122782245687274
chrM	4315	4315	0.000184195984527537
chrM	4316	4316	0.000921149594694178
chrM	4317	4317	0.00165949600491703
chrM	4318	4318	0.102807190347205
chrM	4319	4319	0.00343076711952793
chrM	4320	4320	0.0026852106857615
chrM	4321	4321	0.000414107253778729
chrM	4322	4322	0.000483158475980121
chrM	4323	4323	0.000206967919972404
chrM	4324	4324	0
chrM	4325	4325	0.000206568890725057
chrM	4326	4326	0
chrM	4327	4327	0.000619621342512909
chrM	4328	4328	0.000619920099187216
chrM	4329	4329	0.000826389367123476
chrM	4330	4330	0.000275235670542902
chrM	4331	4331	0.000206242265915028
chrM	4332	4332	0
chrM	4333	4333	0
chrM	4334	4334	0
chrM	4335	4335	0
chrM	4336	4336	6.58848333113717e-05
chrM	4337	4337	0.000131760985572172
chrM	4338	4338	0.000461193833179602
chrM	4339	4339	0.00105457421566043
chrM	4340	4340	0.00356247526058847
chrM	4341	4341	0.00033103813559322
chrM	4342	4342	0.000132459103251871
chrM	4343	4343	0
chrM	4344	4344	0
chrM	4345	4345	0
chrM	4346	4346	0
chrM	4347	4347	6.62251655629139e-05
chrM	4348	4348	6.62295516259355e-05
chrM	4349	4349	0
chrM	4350	4350	0
chrM	4351	4351	0
chrM	4352	4352	0
chrM	4353	4353	0
chrM	4354	4354	0
chrM	4355	4355	0
chrM	4356	4356	0
chrM	4357	4357	6.61594442606682e-05
chrM	4358	4358	0.000132318888521336
chrM	4359	4359	6.61681995632899e-05
chrM	4360	4360	0
chrM	4361	4361	0.00852779797712699
chrM	4362	4362	0.000266666666666667
chrM	4363	4363	0.00173240938166311
chrM	4364	4364	0.00113439209929267
chrM	4365	4365	0.00220455608257065
chrM	4366	4366	0.00495447241564006
chrM	4367	4367	0.0109660925726588
chrM	4368	4368	0.0587635176494593
chrM	4369	4369	0.0208107522219814
chrM	4370	4370	0.00737952918603793
chrM	4371	4371	0.00223031744851684
chrM	4372	4372	0.000149020192236048
chrM	4373	4373	0.000298084805127059
chrM	4374	4374	0
chrM	4375	4375	0
chrM	4376	4376	0
chrM	4377	4377	0
chrM	4378	4378	0
chrM	4379	4379	0
chrM	4380	4380	0
chrM	4381	4381	0.00223596929268838
chrM	4382	4382	0.00126988869799059
chrM	4383	4383	0.00209424083769634
chrM	4384	4384	0.000449707690001499
chrM	4385	4385	0.0025494901019796
chrM	4386	4386	0.000150353330326267
chrM	4387	4387	0.000225022502250225
chrM	4388	4388	7.50243829244504e-05
chrM	4389	4389	0.00562725090036014
chrM	4390	4390	0.000830000754546141
chrM	4391	4391	0
chrM	4392	4392	0.000452864367122047
chrM	4393	4393	0.000301955159658791
chrM	4394	4394	0
chrM	4395	4395	0
chrM	4396	4396	0
chrM	4397	4397	0.000452761847268337
chrM	4398	4398	0
chrM	4399	4399	0.00022648346670693
chrM	4400	4400	0.000377557955146115
chrM	4401	4401	0
chrM	4402	4402	0
chrM	4403	4403	7.55401117993655e-05
chrM	4404	4404	0
chrM	4405	4405	0
chrM	4406	4406	0
chrM	4407	4407	7.55458185389439e-05
chrM	4408	4408	0
chrM	4409	4409	0
chrM	4410	4410	0
chrM	4411	4411	0
chrM	4412	4412	0
chrM	4413	4413	0
chrM	4414	4414	7.55458185389439e-05
chrM	4415	4415	0.000226654578422484
chrM	4416	4416	0
chrM	4417	4417	0
chrM	4418	4418	7.55572346052135e-05
chrM	4419	4419	7.55629439322956e-05
chrM	4420	4420	0.00188921635305675
chrM	4421	4421	0.00234706238643247
chrM	4422	4422	0.00129012673597936
chrM	4423	4423	0
chrM	4424	4424	0
chrM	4425	4425	0
chrM	4426	4426	7.59878419452888e-05
chrM	4427	4427	0
chrM	4428	4428	0
chrM	4429	4429	0.000151987233072422
chrM	4430	4430	0.000684046515163031
chrM	4431	4431	7.6057195010648e-05
chrM	4432	4432	0.00129307066250856
chrM	4433	4433	0.0083015993907083
chrM	4434	4434	0.0110590584440519
chrM	4435	4435	0.00085416990215872
chrM	4436	4436	0.000155424308361828
chrM	4437	4437	0.000155424308361828
chrM	4438	4438	0.00202035900225348
chrM	4439	4439	0
chrM	4440	4440	0.000233572095920274
chrM	4441	4441	0.00264756268494004
chrM	4442	4442	0.0113210493441599
chrM	4443	4443	0.0074232014530522
chrM	4444	4444	0.006285305115761
chrM	4445	4445	0.0152109518853575
chrM	4446	4446	0.00744457031882182
chrM	4447	4447	0.00440205429200293
chrM	4448	4448	0.000654878847413229
chrM	4449	4449	0.000163786749651953
chrM	4450	4450	0.000245660006550933
chrM	4451	4451	0
chrM	4452	4452	8.1906790072897e-05
chrM	4453	4453	0
chrM	4454	4454	0.0180209698558322
chrM	4455	4455	0.0005005005005005
chrM	4456	4456	0.000584063412599082
chrM	4457	4457	0.0003339455668726
chrM	4458	4458	0
chrM	4459	4459	8.35142809420411e-05
chrM	4460	4460	0
chrM	4461	4461	8.35212561596926e-05
chrM	4462	4462	0.000417606280798463
chrM	4463	4463	0.000584844180800401
chrM	4464	4464	0.000250794181574987
chrM	4465	4465	8.3619031691613e-05
chrM	4466	4466	0.000250878073256397
chrM	4467	4467	0.000167294019238812
chrM	4468	4468	0
chrM	4469	4469	0
chrM	4470	4470	0.000167322011210575
chrM	4471	4471	0
chrM	4472	4472	0
chrM	4473	4473	0
chrM	4474	4474	0
chrM	4475	4475	0
chrM	4476	4476	0
chrM	4477	4477	0
chrM	4478	4478	8.36680053547523e-05
chrM	4479	4479	0
chrM	4480	4480	0
chrM	4481	4481	0
chrM	4482	4482	0
chrM	4483	4483	0
chrM	4484	4484	0
chrM	4485	4485	0
chrM	4486	4486	0
chrM	4487	4487	8.31324299609278e-05
chrM	4488	4488	0.000249418024609245
chrM	4489	4489	0
chrM	4490	4490	0
chrM	4491	4491	0
chrM	4492	4492	0
chrM	4493	4493	0
chrM	4494	4494	0
chrM	4495	4495	0
chrM	4496	4496	0
chrM	4497	4497	0
chrM	4498	4498	0
chrM	4499	4499	0
chrM	4500	4500	0
chrM	4501	4501	0
chrM	4502	4502	8.31462542612455e-05
chrM	4503	4503	0
chrM	4504	4504	0
chrM	4505	4505	0
chrM	4506	4506	0
chrM	4507	4507	0
chrM	4508	4508	0
chrM	4509	4509	0
chrM	4510	4510	0
chrM	4511	4511	8.3153168135706e-05
chrM	4512	4512	0
chrM	4513	4513	0
chrM	4514	4514	0
chrM	4515	4515	0
chrM	4516	4516	0
chrM	4517	4517	0
chrM	4518	4518	0
chrM	4519	4519	0
chrM	4520	4520	0
chrM	4521	4521	0
chrM	4522	4522	0
chrM	4523	4523	0
chrM	4524	4524	0
chrM	4525	4525	8.3139341536415e-05
chrM	4526	4526	0
chrM	4527	4527	0
chrM	4528	4528	0
chrM	4529	4529	8.31462542612455e-05
chrM	4530	4530	0
chrM	4531	4531	0
chrM	4532	4532	0
chrM	4533	4533	0
chrM	4534	4534	0
chrM	4535	4535	0
chrM	4536	4536	8.31462542612455e-05
chrM	4537	4537	0
chrM	4538	4538	0
chrM	4539	4539	0
chrM	4540	4540	0
chrM	4541	4541	0
chrM	4542	4542	0
chrM	4543	4543	0
chrM	4544	4544	0
chrM	4545	4545	0
chrM	4546	4546	0
chrM	4547	4547	0
chrM	4548	4548	0
chrM	4549	4549	0
chrM	4550	4550	0
chrM	4551	4551	0
chrM	4552	4552	0
chrM	4553	4553	0
chrM	4554	4554	0
chrM	4555	4555	0
chrM	4556	4556	0
chrM	4557	4557	0
chrM	4558	4558	0
chrM	4559	4559	0
chrM	4560	4560	0
chrM	4561	4561	0.00016463615409944
chrM	4562	4562	0
chrM	4563	4563	0
chrM	4564	4564	0
chrM	4565	4565	0
chrM	4566	4566	0
chrM	4567	4567	0
chrM	4568	4568	0
chrM	4569	4569	0
chrM	4570	4570	0
chrM	4571	4571	0
chrM	4572	4572	0
chrM	4573	4573	0
chrM	4574	4574	0
chrM	4575	4575	0
chrM	4576	4576	0
chrM	4577	4577	0
chrM	4578	4578	0
chrM	4579	4579	0
chrM	4580	4580	0
chrM	4581	4581	0
chrM	4582	4582	0
chrM	4583	4583	0
chrM	4584	4584	0
chrM	4585	4585	0
chrM	4586	4586	0
chrM	4587	4587	0
chrM	4588	4588	0
chrM	4589	4589	0
chrM	4590	4590	0
chrM	4591	4591	0
chrM	4592	4592	0
chrM	4593	4593	0
chrM	4594	4594	0
chrM	4595	4595	0
chrM	4596	4596	0
chrM	4597	4597	0
chrM	4598	4598	0
chrM	4599	4599	0
chrM	4600	4600	0
chrM	4601	4601	0
chrM	4602	4602	0
chrM	4603	4603	0
chrM	4604	4604	0
chrM	4605	4605	0
chrM	4606	4606	0
chrM	4607	4607	0
chrM	4608	4608	0
chrM	4609	4609	0
chrM	4610	4610	0
chrM	4611	4611	0
chrM	4612	4612	0.000164527805199079
chrM	4613	4613	0
chrM	4614	4614	0
chrM	4615	4615	0
chrM	4616	4616	0
chrM	4617	4617	0
chrM	4618	4618	0
chrM	4619	4619	0
chrM	4620	4620	0
chrM	4621	4621	0.000164527805199079
chrM	4622	4622	0
chrM	4623	4623	0
chrM	4624	4624	0
chrM	4625	4625	0
chrM	4626	4626	0
chrM	4627	4627	0
chrM	4628	4628	8.16060062020565e-05
chrM	4629	4629	0
chrM	4630	4630	8.16060062020565e-05
chrM	4631	4631	0
chrM	4632	4632	0
chrM	4633	4633	0
chrM	4634	4634	0
chrM	4635	4635	0
chrM	4636	4636	0
chrM	4637	4637	0
chrM	4638	4638	0
chrM	4639	4639	0
chrM	4640	4640	0
chrM	4641	4641	0
chrM	4642	4642	0
chrM	4643	4643	0
chrM	4644	4644	0
chrM	4645	4645	0
chrM	4646	4646	0
chrM	4647	4647	0
chrM	4648	4648	0
chrM	4649	4649	0
chrM	4650	4650	0
chrM	4651	4651	0
chrM	4652	4652	0
chrM	4653	4653	0
chrM	4654	4654	0
chrM	4655	4655	0
chrM	4656	4656	0
chrM	4657	4657	0
chrM	4658	4658	0
chrM	4659	4659	0
chrM	4660	4660	0
chrM	4661	4661	0
chrM	4662	4662	0
chrM	4663	4663	8.16126662858076e-05
chrM	4664	4664	0
chrM	4665	4665	0
chrM	4666	4666	8.16126662858076e-05
chrM	4667	4667	0
chrM	4668	4668	0
chrM	4669	4669	0
chrM	4670	4670	0
chrM	4671	4671	0
chrM	4672	4672	0
chrM	4673	4673	0
chrM	4674	4674	0
chrM	4675	4675	0
chrM	4676	4676	0
chrM	4677	4677	0
chrM	4678	4678	0
chrM	4679	4679	0
chrM	4680	4680	0
chrM	4681	4681	0
chrM	4682	4682	0
chrM	4683	4683	0
chrM	4684	4684	0
chrM	4685	4685	0
chrM	4686	4686	0
chrM	4687	4687	0
chrM	4688	4688	0
chrM	4689	4689	0
chrM	4690	4690	0
chrM	4691	4691	0
chrM	4692	4692	0
chrM	4693	4693	0
chrM	4694	4694	0
chrM	4695	4695	0
chrM	4696	4696	0
chrM	4697	4697	0
chrM	4698	4698	0
chrM	4699	4699	0
chrM	4700	4700	0
chrM	4701	4701	0
chrM	4702	4702	0
chrM	4703	4703	0
chrM	4704	4704	0
chrM	4705	4705	0
chrM	4706	4706	0
chrM	4707	4707	0
chrM	4708	4708	0
chrM	4709	4709	0
chrM	4710	4710	7.74953502789833e-05
chrM	4711	4711	0
chrM	4712	4712	0
chrM	4713	4713	0
chrM	4714	4714	0
chrM	4715	4715	0
chrM	4716	4716	0
chrM	4717	4717	0
chrM	4718	4718	7.74773378786705e-05
chrM	4719	4719	7.74653342629173e-05
chrM	4720	4720	0
chrM	4721	4721	0
chrM	4722	4722	0
chrM	4723	4723	0
chrM	4724	4724	0
chrM	4725	4725	0
chrM	4726	4726	0
chrM	4727	4727	0
chrM	4728	4728	0
chrM	4729	4729	0
chrM	4730	4730	0
chrM	4731	4731	0
chrM	4732	4732	7.74413381863239e-05
chrM	4733	4733	0
chrM	4734	4734	0
chrM	4735	4735	0
chrM	4736	4736	0
chrM	4737	4737	0.000154894671623296
chrM	4738	4738	0
chrM	4739	4739	0
chrM	4740	4740	0
chrM	4741	4741	0
chrM	4742	4742	0
chrM	4743	4743	0.000152485513876182
chrM	4744	4744	0
chrM	4745	4745	0
chrM	4746	4746	0
chrM	4747	4747	7.62543846271161e-05
chrM	4748	4748	0
chrM	4749	4749	0
chrM	4750	4750	7.62601998017235e-05
chrM	4751	4751	0
chrM	4752	4752	0
chrM	4753	4753	0
chrM	4754	4754	0
chrM	4755	4755	0
chrM	4756	4756	7.62543846271161e-05
chrM	4757	4757	0
chrM	4758	4758	0
chrM	4759	4759	0
chrM	4760	4760	0
chrM	4761	4761	0
chrM	4762	4762	7.62020879372095e-05
chrM	4763	4763	0
chrM	4764	4764	0
chrM	4765	4765	0
chrM	4766	4766	0
chrM	4767	4767	0
chrM	4768	4768	0
chrM	4769	4769	0
chrM	4770	4770	0
chrM	4771	4771	0
chrM	4772	4772	0
chrM	4773	4773	0
chrM	4774	4774	0
chrM	4775	4775	0
chrM	4776	4776	0
chrM	4777	4777	0
chrM	4778	4778	0
chrM	4779	4779	0
chrM	4780	4780	0
chrM	4781	4781	0
chrM	4782	4782	0
chrM	4783	4783	0
chrM	4784	4784	0
chrM	4785	4785	0
chrM	4786	4786	0
chrM	4787	4787	0
chrM	4788	4788	0
chrM	4789	4789	0
chrM	4790	4790	0
chrM	4791	4791	0
chrM	4792	4792	0
chrM	4793	4793	0
chrM	4794	4794	0
chrM	4795	4795	0
chrM	4796	4796	0
chrM	4797	4797	0
chrM	4798	4798	0
chrM	4799	4799	0
chrM	4800	4800	0
chrM	4801	4801	0
chrM	4802	4802	0
chrM	4803	4803	0
chrM	4804	4804	0
chrM	4805	4805	0
chrM	4806	4806	0
chrM	4807	4807	0
chrM	4808	4808	0
chrM	4809	4809	0
chrM	4810	4810	0
chrM	4811	4811	0
chrM	4812	4812	0
chrM	4813	4813	0
chrM	4814	4814	0
chrM	4815	4815	0
chrM	4816	4816	0
chrM	4817	4817	0
chrM	4818	4818	0
chrM	4819	4819	0
chrM	4820	4820	0
chrM	4821	4821	0
chrM	4822	4822	0
chrM	4823	4823	0
chrM	4824	4824	0
chrM	4825	4825	0
chrM	4826	4826	0
chrM	4827	4827	0
chrM	4828	4828	0
chrM	4829	4829	0
chrM	4830	4830	0
chrM	4831	4831	0
chrM	4832	4832	0
chrM	4833	4833	0
chrM	4834	4834	0
chrM	4835	4835	0
chrM	4836	4836	0
chrM	4837	4837	0
chrM	4838	4838	0
chrM	4839	4839	0
chrM	4840	4840	0
chrM	4841	4841	0
chrM	4842	4842	0
chrM	4843	4843	0
chrM	4844	4844	0
chrM	4845	4845	0
chrM	4846	4846	0
chrM	4847	4847	0
chrM	4848	4848	0
chrM	4849	4849	0
chrM	4850	4850	7.49906261717285e-05
chrM	4851	4851	0
chrM	4852	4852	0
chrM	4853	4853	0
chrM	4854	4854	0
chrM	4855	4855	0
chrM	4856	4856	0
chrM	4857	4857	0
chrM	4858	4858	0
chrM	4859	4859	0
chrM	4860	4860	0
chrM	4861	4861	0
chrM	4862	4862	0
chrM	4863	4863	0
chrM	4864	4864	0
chrM	4865	4865	0
chrM	4866	4866	0
chrM	4867	4867	0
chrM	4868	4868	0
chrM	4869	4869	0
chrM	4870	4870	0.000148986889153754
chrM	4871	4871	0
chrM	4872	4872	0
chrM	4873	4873	0
chrM	4874	4874	0
chrM	4875	4875	0
chrM	4876	4876	0
chrM	4877	4877	0
chrM	4878	4878	0
chrM	4879	4879	0
chrM	4880	4880	0
chrM	4881	4881	0
chrM	4882	4882	0
chrM	4883	4883	0
chrM	4884	4884	0
chrM	4885	4885	5.23395791897833e-05
chrM	4886	4886	5.09632045663031e-05
chrM	4887	4887	5.0067591248185e-05
chrM	4888	4888	0
chrM	4889	4889	0
chrM	4890	4890	0
chrM	4891	4891	0
chrM	4892	4892	0.000199760287654814
chrM	4893	4893	0
chrM	4894	4894	0
chrM	4895	4895	0
chrM	4896	4896	0
chrM	4897	4897	0
chrM	4898	4898	0.00014421690222094
chrM	4899	4899	0
chrM	4900	4900	0
chrM	4901	4901	0
chrM	4902	4902	0
chrM	4903	4903	0
chrM	4904	4904	0
chrM	4905	4905	0
chrM	4906	4906	0
chrM	4907	4907	0
chrM	4908	4908	0
chrM	4909	4909	0
chrM	4910	4910	9.4459925376659e-05
chrM	4911	4911	0
chrM	4912	4912	0
chrM	4913	4913	0
chrM	4914	4914	0
chrM	4915	4915	0
chrM	4916	4916	4.7200981780421e-05
chrM	4917	4917	0
chrM	4918	4918	0.000944019635608421
chrM	4919	4919	0
chrM	4920	4920	0
chrM	4921	4921	0
chrM	4922	4922	0
chrM	4923	4923	4.69814423302795e-05
chrM	4924	4924	4.69593801361822e-05
chrM	4925	4925	0
chrM	4926	4926	0
chrM	4927	4927	9.369875849145e-05
chrM	4928	4928	0
chrM	4929	4929	4.48430493273543e-05
chrM	4930	4930	0
chrM	4931	4931	4.38154493274329e-05
chrM	4932	4932	0
chrM	4933	4933	0.000545027670635586
chrM	4934	4934	3.98453998485875e-05
chrM	4935	4935	0.000148511175465954
chrM	4936	4936	0.000144854059535018
chrM	4937	4937	0.000279095729835334
chrM	4938	4938	0.000442342372996699
chrM	4939	4939	0.00200162844347944
chrM	4940	4940	0.00078125
chrM	4941	4941	0.00339939490770643
chrM	4942	4942	0.00487721691678035
chrM	4943	4943	0.00161030595813205
chrM	4944	4944	0.00113230853692012
chrM	4945	4945	0.000137329625433447
chrM	4946	4946	0.000171667925564787
chrM	4947	4947	0.000652450121905154
chrM	4948	4948	0.00133937770451267
chrM	4949	4949	0.000928441250300884
chrM	4950	4950	0.00037859232490105
chrM	4951	4951	3.44222229871605e-05
chrM	4952	4952	0.000171833115678053
chrM	4953	4953	0.00862747783217501
chrM	4954	4954	3.42571340481655e-05
chrM	4955	4955	0.000612140792382248
chrM	4956	4956	0.000714528751275944
chrM	4957	4957	0.00108951006094447
chrM	4958	4958	0.0163576881134133
chrM	4959	4959	0.00224944629014396
chrM	4960	4960	0.00388376447742562
chrM	4961	4961	0.00320222763661678
chrM	4962	4962	0.000279329608938547
chrM	4963	4963	0.000104752260902964
chrM	4964	4964	0.00247783904515949
chrM	4965	4965	0.000310601877415792
chrM	4966	4966	0.000413507925568573
chrM	4967	4967	0.00751465012064805
chrM	4968	4968	0.000589970501474926
chrM	4969	4969	0.000590298274245634
chrM	4970	4970	0.000868598429574039
chrM	4971	4971	0.000660708697012901
chrM	4972	4972	0.0120029224506836
chrM	4973	4973	0.00218263747095684
chrM	4974	4974	0.00144564719156588
chrM	4975	4975	0.00144733126235527
chrM	4976	4976	0.00021202911866563
chrM	4977	4977	0.000636177281402417
chrM	4978	4978	0.00279388881029849
chrM	4979	4979	0.000673830549349222
chrM	4980	4980	0.00337142451557953
chrM	4981	4981	0.00224327018943171
chrM	4982	4982	0.0036004562954513
chrM	4983	4983	0.000713699461156907
chrM	4984	4984	3.56379187455453e-05
chrM	4985	4985	0.000249252243270189
chrM	4986	4986	7.11921119139999e-05
chrM	4987	4987	3.55682020273875e-05
chrM	4988	4988	0.00195486049404656
chrM	4989	4989	0.000427274345736158
chrM	4990	4990	0.00195917785772807
chrM	4991	4991	0.00124919694482119
chrM	4992	4992	0.000786135429694479
chrM	4993	4993	0
chrM	4994	4994	0
chrM	4995	4995	0
chrM	4996	4996	3.57040845472722e-05
chrM	4997	4997	0.000107028184088477
chrM	4998	4998	0.00484986805506027
chrM	4999	4999	0.000107465252901562
chrM	5000	5000	0.000250770222827255
chrM	5001	5001	0.000537499552083707
chrM	5002	5002	0.000824609206941058
chrM	5003	5003	0.00286995515695067
chrM	5004	5004	0.00115128620255442
chrM	5005	5005	0.000792421568274322
chrM	5006	5006	0.000865051903114187
chrM	5007	5007	3.60724334463603e-05
chrM	5008	5008	0.00385988961437178
chrM	5009	5009	0.000144848814050335
chrM	5010	5010	0.000760566440911231
chrM	5011	5011	0.000471185212033345
chrM	5012	5012	0.000253834717336911
chrM	5013	5013	7.25426187885383e-05
chrM	5014	5014	0.000145085237577077
chrM	5015	5015	0.000145101026589763
chrM	5016	5016	3.62792047598317e-05
chrM	5017	5017	0.000760979852152486
chrM	5018	5018	3.62069589775155e-05
chrM	5019	5019	7.23929489267745e-05
chrM	5020	5020	0.000217178846780324
chrM	5021	5021	0.000144812106292086
chrM	5022	5022	0.00039829096965747
chrM	5023	5023	0.00130401709711305
chrM	5024	5024	0.00971718636693256
chrM	5025	5025	0.00373434868565571
chrM	5026	5026	0.000220450453760517
chrM	5027	5027	0.000110225226880259
chrM	5028	5028	0.000110083663584324
chrM	5029	5029	0.000181917409496089
chrM	5030	5030	0.00203747498635619
chrM	5031	5031	0.0001822821728035
chrM	5032	5032	0.000145852324521422
chrM	5033	5033	0.00138579920498888
chrM	5034	5034	0.00102253222802469
chrM	5035	5035	0.00029244041526539
chrM	5036	5036	7.31261425959781e-05
chrM	5037	5037	3.6563071297989e-05
chrM	5038	5038	3.6556388228843e-05
chrM	5039	5039	0
chrM	5040	5040	0.000182781941144215
chrM	5041	5041	0.000182795305816547
chrM	5042	5042	0.000658159347690958
chrM	5043	5043	0.000365884892612784
chrM	5044	5044	0.000438917337234821
chrM	5045	5045	0.00014626298083955
chrM	5046	5046	3.6488360213092e-05
chrM	5047	5047	0.00120407195242091
chrM	5048	5048	0.000291608952394839
chrM	5049	5049	0.000182302111058446
chrM	5050	5050	0.00072825255798711
chrM	5051	5051	0.00172854622060571
chrM	5052	5052	0.000432650706662821
chrM	5053	5053	0.0117922827262892
chrM	5054	5054	0.000510632089579458
chrM	5055	5055	0.000874858746764845
chrM	5056	5056	0.00215242056108861
chrM	5057	5057	0.01031003217315
chrM	5058	5058	0.00355324370856075
chrM	5059	5059	0.00655677655677656
chrM	5060	5060	0.00216847985886504
chrM	5061	5061	0.00366959010678507
chrM	5062	5062	0.00901086099976017
chrM	5063	5063	0.000858251227299255
chrM	5064	5064	0.000546485415670469
chrM	5065	5065	0.000614901103405869
chrM	5066	5066	0.00242527754056362
chrM	5067	5067	0.000616164036559066
chrM	5068	5068	0.0013357536733226
chrM	5069	5069	0.00370395774744496
chrM	5070	5070	0.00354487885462555
chrM	5071	5071	0.00189956482696691
chrM	5072	5072	0.000449718061369219
chrM	5073	5073	0.000311332503113325
chrM	5074	5074	0.000138121546961326
chrM	5075	5075	3.44340759615716e-05
chrM	5076	5076	0
chrM	5077	5077	3.4010135020236e-05
chrM	5078	5078	0
chrM	5079	5079	6.74604513104193e-05
chrM	5080	5080	0.000472032098182676
chrM	5081	5081	0.000303081326822697
chrM	5082	5082	0.000100942126514132
chrM	5083	5083	6.72336706222476e-05
chrM	5084	5084	0
chrM	5085	5085	0.00010082677959266
chrM	5086	5086	6.72133351256889e-05
chrM	5087	5087	0
chrM	5088	5088	0.000403225806451613
chrM	5089	5089	0.000302409193239474
chrM	5090	5090	0.000369586399220509
chrM	5091	5091	0.000167971243323143
chrM	5092	5092	0.000100772589855559
chrM	5093	5093	0
chrM	5094	5094	0
chrM	5095	5095	6.71478932348498e-05
chrM	5096	5096	0.000100684655658478
chrM	5097	5097	3.35626783017285e-05
chrM	5098	5098	0.000100691414378734
chrM	5099	5099	0.000369239031922393
chrM	5100	5100	0
chrM	5101	5101	0
chrM	5102	5102	6.71276095858227e-05
chrM	5103	5103	0
chrM	5104	5104	0.000100667762826751
chrM	5105	5105	0.026006711409396
chrM	5106	5106	0.00137793241241517
chrM	5107	5107	0.00237955650584543
chrM	5108	5108	0.00680977565764458
chrM	5109	5109	0.0013572770933389
chrM	5110	5110	0.00114986584898429
chrM	5111	5111	0.000802232298569934
chrM	5112	5112	0.000627987300701253
chrM	5113	5113	0.000384011171234072
chrM	5114	5114	3.49052322943209e-05
chrM	5115	5115	0.00380480312761798
chrM	5116	5116	0.000981113563895021
chrM	5117	5117	0.00270061728395062
chrM	5118	5118	0.000668167112111408
chrM	5119	5119	0.000738994263996903
chrM	5120	5120	0.00123243776189302
chrM	5121	5121	3.5202590910691e-05
chrM	5122	5122	0.000316734119303185
chrM	5123	5123	0.00038050434120862
chrM	5124	5124	0.000137584700581295
chrM	5125	5125	0.000548339559272079
chrM	5126	5126	0.000407968994356429
chrM	5127	5127	0.000730508699694515
chrM	5128	5128	0.00710931385337855
chrM	5129	5129	0.003443570918069
chrM	5130	5130	0.00594909138194467
chrM	5131	5131	0.00398497468561163
chrM	5132	5132	0.00894261006289308
chrM	5133	5133	0.00323400323400323
chrM	5134	5134	0.00413633355393779
chrM	5135	5135	0.224156836683835
chrM	5136	5136	0.025002140594229
chrM	5137	5137	0.0391235619566172
chrM	5138	5138	0.00644306342533358
chrM	5139	5139	0.0030354596881755
chrM	5140	5140	0.00258338330949855
chrM	5141	5141	0.0140994822485207
chrM	5142	5142	0.00506329113924051
chrM	5143	5143	0.0105550843464329
chrM	5144	5144	0.0568544355030713
chrM	5145	5145	0.00391055850797152
chrM	5146	5146	0.00382312993611349
chrM	5147	5147	0.00222166119666751
chrM	5148	5148	0.00252985225662821
chrM	5149	5149	0.00212960146029814
chrM	5150	5150	0.00594270621698497
chrM	5151	5151	0.00209397344228805
chrM	5152	5152	0.00450150902859481
chrM	5153	5153	0.00123247573563395
chrM	5154	5154	0.000924214417744917
chrM	5155	5155	0.00200164237322932
chrM	5156	5156	0.000562487216199632
chrM	5157	5157	0.00189229274280162
chrM	5158	5158	0.000358514724711908
chrM	5159	5159	0.000563524590163934
chrM	5160	5160	0.00169135359540772
chrM	5161	5161	0.00040945849114546
chrM	5162	5162	0.00046071154338367
chrM	5163	5163	0.000358459647685375
chrM	5164	5164	0.0129425005115613
chrM	5165	5165	0.00171011037985179
chrM	5166	5166	0.00109011627906977
chrM	5167	5167	0.00914618302759445
chrM	5168	5168	0.000891592804321603
chrM	5169	5169	0.00083989501312336
chrM	5170	5170	0.00110323089046493
chrM	5171	5171	0.000262964131692437
chrM	5172	5172	0.000263033300015782
chrM	5173	5173	0.000210482003788676
chrM	5174	5174	0.00210493080039994
chrM	5175	5175	0.000158202816010125
chrM	5176	5176	0.000158227848101266
chrM	5177	5177	0.000633011552460832
chrM	5178	5178	0.000844550013196094
chrM	5179	5179	0.000211315970204448
chrM	5180	5180	0.000105663567202029
chrM	5181	5181	0.000105635662599694
chrM	5182	5182	0.00306294888043937
chrM	5183	5183	0.000105831304899989
chrM	5184	5184	0.00010584250635055
chrM	5185	5185	0.000158772161947605
chrM	5186	5186	0.000317594749100148
chrM	5187	5187	0.000105870520353608
chrM	5188	5188	0.00074117211075229
chrM	5189	5189	0.00466077008633017
chrM	5190	5190	0.00704673095263325
chrM	5191	5191	0.00127510360216768
chrM	5192	5192	0.00630597212654337
chrM	5193	5193	0.00106044538706257
chrM	5194	5194	0.00084588950568332
chrM	5195	5195	0.000897618670468346
chrM	5196	5196	0.000525900604785696
chrM	5197	5197	0.000578551517382843
chrM	5198	5198	0.000631512472371329
chrM	5199	5199	0.000737230121116377
chrM	5200	5200	0.00184443507588533
chrM	5201	5201	0.00834125224369127
chrM	5202	5202	0.00409879697647184
chrM	5203	5203	0.00689286668447769
chrM	5204	5204	0.00397528874563524
chrM	5205	5205	0.000214006741212348
chrM	5206	5206	0.000160136649941283
chrM	5207	5207	0.000160068295806211
chrM	5208	5208	0.00543941979522184
chrM	5209	5209	0.00182266538007934
chrM	5210	5210	0.00107411385606874
chrM	5211	5211	0.00295698924731183
chrM	5212	5212	0.000700921981991697
chrM	5213	5213	0.00178051149239236
chrM	5214	5214	0.000162135869858942
chrM	5215	5215	0.000324324324324324
chrM	5216	5216	0.00135178976965502
chrM	5217	5217	0.000108289566300287
chrM	5218	5218	0
chrM	5219	5219	0
chrM	5220	5220	0
chrM	5221	5221	0
chrM	5222	5222	0
chrM	5223	5223	0
chrM	5224	5224	0
chrM	5225	5225	0.000216298058724923
chrM	5226	5226	0.000162232316677482
chrM	5227	5227	0.000703120774514576
chrM	5228	5228	0.000324745615934185
chrM	5229	5229	0.000162425554953979
chrM	5230	5230	0
chrM	5231	5231	0
chrM	5232	5232	5.41477149664284e-05
chrM	5233	5233	0
chrM	5234	5234	5.40832882639264e-05
chrM	5235	5235	0
chrM	5236	5236	0.00253957961852272
chrM	5237	5237	0
chrM	5238	5238	5.4019014693172e-05
chrM	5239	5239	0.000162048290390536
chrM	5240	5240	0.00113452188006483
chrM	5241	5241	0.00221753475039212
chrM	5242	5242	0.000596270598438855
chrM	5243	5243	5.42387590171937e-05
chrM	5244	5244	0.00054241701019744
chrM	5245	5245	0
chrM	5246	5246	0
chrM	5247	5247	0
chrM	5248	5248	0
chrM	5249	5249	0
chrM	5250	5250	5.42681934118413e-05
chrM	5251	5251	0
chrM	5252	5252	0
chrM	5253	5253	5.42623039774269e-05
chrM	5254	5254	0
chrM	5255	5255	0
chrM	5256	5256	0
chrM	5257	5257	0.00059597984504524
chrM	5258	5258	0.00010842459069717
chrM	5259	5259	0.00249187432286024
chrM	5260	5260	0.000543006081668115
chrM	5261	5261	0.000217320438987287
chrM	5262	5262	0.000706368180830254
chrM	5263	5263	0.000108695652173913
chrM	5264	5264	0
chrM	5265	5265	0.000162742757947271
chrM	5266	5266	0.000108506944444444
chrM	5267	5267	0.00021703743895822
chrM	5268	5268	5.42681934118413e-05
chrM	5269	5269	0
chrM	5270	5270	5.4271138608488e-05
chrM	5271	5271	0.000162822252374491
chrM	5272	5272	0.000217119904467242
chrM	5273	5273	5.4241701019744e-05
chrM	5274	5274	0.000108471634667534
chrM	5275	5275	0
chrM	5276	5276	0
chrM	5277	5277	5.42299349240781e-05
chrM	5278	5278	0.0013015890232659
chrM	5279	5279	0.000868573910211172
chrM	5280	5280	0.00097794197544279
chrM	5281	5281	0.000761117755789931
chrM	5282	5282	0
chrM	5283	5283	0
chrM	5284	5284	0.000325679856700863
chrM	5285	5285	0
chrM	5286	5286	0
chrM	5287	5287	0
chrM	5288	5288	5.29773257045984e-05
chrM	5289	5289	5.28876665961498e-05
chrM	5290	5290	5.26870389884089e-05
chrM	5291	5291	0
chrM	5292	5292	0
chrM	5293	5293	0.00387576869412433
chrM	5294	5294	0.000773435083015366
chrM	5295	5295	0.00376017307097971
chrM	5296	5296	0.00880989180834621
chrM	5297	5297	0.0124135124135124
chrM	5298	5298	0.00143921870984323
chrM	5299	5299	0.000616491137939892
chrM	5300	5300	0.00457348406988695
chrM	5301	5301	0.000460028624003271
chrM	5302	5302	0.00189006947282387
chrM	5303	5303	0.00122686841836213
chrM	5304	5304	0.000971867007672634
chrM	5305	5305	0.00174073315584682
chrM	5306	5306	0.00101775991043713
chrM	5307	5307	0.0011704238970027
chrM	5308	5308	0.00106968215158924
chrM	5309	5309	0.00209013050570962
chrM	5310	5310	0.000510646989735996
chrM	5311	5311	0.00122549019607843
chrM	5312	5312	0.00265821490645128
chrM	5313	5313	0.00121870715482659
chrM	5314	5314	0.000609446419502285
chrM	5315	5315	0.000405063291139241
chrM	5316	5316	0.000151860288534548
chrM	5317	5317	0.000303643724696356
chrM	5318	5318	0.000101224820325944
chrM	5319	5319	0.000657928032795182
chrM	5320	5320	0.0383856774389319
chrM	5321	5321	0.00110328885152884
chrM	5322	5322	0.0046189376443418
chrM	5323	5323	0.000471821756225426
chrM	5324	5324	0.00229142797625247
chrM	5325	5325	0.000207544232864629
chrM	5326	5326	0.00155054786024395
chrM	5327	5327	0.00366925064599483
chrM	5328	5328	0.00274540274540275
chrM	5329	5329	0.00285684604196967
chrM	5330	5330	0.0272282382340691
chrM	5331	5331	0.00230118805522851
chrM	5332	5332	0.00359307127151821
chrM	5333	5333	0.00048433968356474
chrM	5334	5334	0.00209982232272654
chrM	5335	5335	0.000377562028047465
chrM	5336	5336	0.00512571490234164
chrM	5337	5337	0.00162698627908238
chrM	5338	5338	0.00456273764258555
chrM	5339	5339	0.000927087309810765
chrM	5340	5340	0.000709103801887307
chrM	5341	5341	0.000218316777644362
chrM	5342	5342	0.000109164346924295
chrM	5343	5343	5.44870048493434e-05
chrM	5344	5344	0.0003813882532418
chrM	5345	5345	0.00114441416893733
chrM	5346	5346	0.000545553737043099
chrM	5347	5347	0.000218340611353712
chrM	5348	5348	0.000436752743353169
chrM	5349	5349	0.000163853842372604
chrM	5350	5350	0.000327671891212932
chrM	5351	5351	5.37287771330325e-05
chrM	5352	5352	0.000268542886298942
chrM	5353	5353	0.000911919321961163
chrM	5354	5354	0
chrM	5355	5355	5.34959610549404e-05
chrM	5356	5356	0.000267236771779797
chrM	5357	5357	0.00219110731081659
chrM	5358	5358	0.000320735553536109
chrM	5359	5359	0.00101587980537882
chrM	5360	5360	0.000963391136801541
chrM	5361	5361	0.00257028112449799
chrM	5362	5362	0.000912604681125188
chrM	5363	5363	0.00478211810219762
chrM	5364	5364	0.00312247644683715
chrM	5365	5365	0.00187215833110457
chrM	5366	5366	0.000159269483966872
chrM	5367	5367	0.000211954217888936
chrM	5368	5368	0.000529156524499947
chrM	5369	5369	5.15703161260379e-05
chrM	5370	5370	0.000564652738565782
chrM	5371	5371	0.000974608874070274
chrM	5372	5372	0.00178343949044586
chrM	5373	5373	0.00101066248926171
chrM	5374	5374	0.000455028060063704
chrM	5375	5375	0.00536057449175685
chrM	5376	5376	0.000864040660736976
chrM	5377	5377	0.00111908031944656
chrM	5378	5378	0.00168015885138231
chrM	5379	5379	0.000356796982516948
chrM	5380	5380	0.00101967982053635
chrM	5381	5381	0.000408288251505563
chrM	5382	5382	0.000153170632084142
chrM	5383	5383	0.000153139356814701
chrM	5384	5384	0.000255271353448716
chrM	5385	5385	0.00137832456991169
chrM	5386	5386	0.00051114291555919
chrM	5387	5387	0.000102280863250486
chrM	5388	5388	0.000255728314238953
chrM	5389	5389	5.11587455875582e-05
chrM	5390	5390	5.11587455875582e-05
chrM	5391	5391	0
chrM	5392	5392	0
chrM	5393	5393	0.000204645451754835
chrM	5394	5394	0.000102322725877417
chrM	5395	5395	0
chrM	5396	5396	0
chrM	5397	5397	0
chrM	5398	5398	0
chrM	5399	5399	0.000460287423924717
chrM	5400	5400	0.00040929090350967
chrM	5401	5401	0.000153546934179548
chrM	5402	5402	0.000153570514461223
chrM	5403	5403	0
chrM	5404	5404	0
chrM	5405	5405	0
chrM	5406	5406	0
chrM	5407	5407	0
chrM	5408	5408	0
chrM	5409	5409	0
chrM	5410	5410	0
chrM	5411	5411	0
chrM	5412	5412	0
chrM	5413	5413	0
chrM	5414	5414	0
chrM	5415	5415	0
chrM	5416	5416	0
chrM	5417	5417	0
chrM	5418	5418	0
chrM	5419	5419	0
chrM	5420	5420	5.10047944506784e-05
chrM	5421	5421	0.000714030703320243
chrM	5422	5422	0.00290920226611545
chrM	5423	5423	0.00194502738393817
chrM	5424	5424	0.00292292702938311
chrM	5425	5425	0.000874035989717224
chrM	5426	5426	0.000154320987654321
chrM	5427	5427	0
chrM	5428	5428	5.13927433446397e-05
chrM	5429	5429	0.00262102991057663
chrM	5430	5430	0.000102901831652603
chrM	5431	5431	0.000205793075063024
chrM	5432	5432	0.000668861905741922
chrM	5433	5433	0
chrM	5434	5434	0.00329268920100839
chrM	5435	5435	0.00010316191262186
chrM	5436	5436	0.000412158681092221
chrM	5437	5437	0.0023191094619666
chrM	5438	5438	0.000516502246784774
chrM	5439	5439	0.00113689215027647
chrM	5440	5440	0.00072430027419939
chrM	5441	5441	0.000362337595113619
chrM	5442	5442	0.000413372603730688
chrM	5443	5443	0.00403100775193798
chrM	5444	5444	0
chrM	5445	5445	0.00134896752101276
chrM	5446	5446	5.19534497090607e-05
chrM	5447	5447	5.19561490102354e-05
chrM	5448	5448	0.000415670788735322
chrM	5449	5449	0.000779706830231833
chrM	5450	5450	0.000156063049471987
chrM	5451	5451	0.000156079288278445
chrM	5452	5452	0
chrM	5453	5453	0
chrM	5454	5454	0
chrM	5455	5455	0.00140150532052946
chrM	5456	5456	0
chrM	5457	5457	0.000103761348897536
chrM	5458	5458	0.00129715145540393
chrM	5459	5459	0.033406068162926
chrM	5460	5460	0.000805845062855915
chrM	5461	5461	0.00193558793483521
chrM	5462	5462	0.000538677009265245
chrM	5463	5463	0.0063059178613776
chrM	5464	5464	0.000162698627908238
chrM	5465	5465	0.000216966804078976
chrM	5466	5466	0.000108506944444444
chrM	5467	5467	0.00195323096956215
chrM	5468	5468	0.00146763059194434
chrM	5469	5469	0.00125204137180185
chrM	5470	5470	0.000326672837153591
chrM	5471	5471	0.000163309744148068
chrM	5472	5472	0
chrM	5473	5473	0.000489050698255719
chrM	5474	5474	5.42976597708639e-05
chrM	5475	5475	0.000543006081668115
chrM	5476	5476	0.000434593654932638
chrM	5477	5477	0.00537751222161869
chrM	5478	5478	5.45911125668741e-05
chrM	5479	5479	0.00092804891363686
chrM	5480	5480	5.46388372855426e-05
chrM	5481	5481	0.000109283645702421
chrM	5482	5482	0.000273238974807367
chrM	5483	5483	0.00125724281185088
chrM	5484	5484	0.00268184554758908
chrM	5485	5485	0.00104263842396971
chrM	5486	5486	0.000549299642955232
chrM	5487	5487	5.49510935267612e-05
chrM	5488	5488	0.000109667160168887
chrM	5489	5489	5.4713574437818e-05
chrM	5490	5490	5.46328671328671e-05
chrM	5491	5491	0.000163826998689384
chrM	5492	5492	0.000217414936406131
chrM	5493	5493	0.000270548130512418
chrM	5494	5494	0.00216286363144804
chrM	5495	5495	0.00070376786487657
chrM	5496	5496	0.000433392924860502
chrM	5497	5497	0.000270988022329413
chrM	5498	5498	0.00384907296974954
chrM	5499	5499	0.0046250952225487
chrM	5500	5500	0.000655988629530421
chrM	5501	5501	0.000656383327863472
chrM	5502	5502	5.47315417875322e-05
chrM	5503	5503	0.000383120792512725
chrM	5504	5504	0.000328443179329976
chrM	5505	5505	0.000109499041883384
chrM	5506	5506	0.000821152898669732
chrM	5507	5507	0.000109559024924678
chrM	5508	5508	0.000164185639229422
chrM	5509	5509	0.000547315417875322
chrM	5510	5510	0.0172460990966329
chrM	5511	5511	0.0030620198196192
chrM	5512	5512	0.00307125307125307
chrM	5513	5513	0.00431300061614294
chrM	5514	5514	0.00129387938793879
chrM	5515	5515	0.00242212583788655
chrM	5516	5516	0.00824392998306042
chrM	5517	5517	0.00597677595628415
chrM	5518	5518	0.00824317362184441
chrM	5519	5519	0.000461653875007213
chrM	5520	5520	0.000635030596928761
chrM	5521	5521	0.00184842883548983
chrM	5522	5522	0.00196690963785723
chrM	5523	5523	0.00115928587989798
chrM	5524	5524	0.000580315691736304
chrM	5525	5525	0.00435464204842362
chrM	5526	5526	0.00250699626865672
chrM	5527	5527	0.000233740431251096
chrM	5528	5528	0.000175346308960196
chrM	5529	5529	0
chrM	5530	5530	0.00309832807202151
chrM	5531	5531	0.00258019116870932
chrM	5532	5532	0.00135214579659024
chrM	5533	5533	0.000882716412640499
chrM	5534	5534	0.00041210408571765
chrM	5535	5535	0.000176512120498941
chrM	5536	5536	0
chrM	5537	5537	0.00115187467603525
chrM	5538	5538	0.00161401890707863
chrM	5539	5539	0.00196293516540615
chrM	5540	5540	0.0203574113700769
chrM	5541	5541	0.00383661905324047
chrM	5542	5542	0.00290301558149179
chrM	5543	5543	0.00201828327199335
chrM	5544	5544	0.000594742476507672
chrM	5545	5545	5.92803367123125e-05
chrM	5546	5546	0.000118511495615075
chrM	5547	5547	0.000533333333333333
chrM	5548	5548	0.000592908810624926
chrM	5549	5549	0.00172014947505783
chrM	5550	5550	0.00101010101010101
chrM	5551	5551	0.00261686689663376
chrM	5552	5552	0.0010128090557045
chrM	5553	5553	0.00160896251713247
chrM	5554	5554	0.00089461442118447
chrM	5555	5555	0.000476247172282415
chrM	5556	5556	0.000416171224732461
chrM	5557	5557	0.00106901057132676
chrM	5558	5558	0.00314820314820315
chrM	5559	5559	0.00393091125670042
chrM	5560	5560	0.00203264183655168
chrM	5561	5561	0.00580282364201962
chrM	5562	5562	0.00304987441693577
chrM	5563	5563	0.00113724786017837
chrM	5564	5564	0.000593683210638803
chrM	5565	5565	0.000475200475200475
chrM	5566	5566	0.00725025257027396
chrM	5567	5567	5.98587333892015e-05
chrM	5568	5568	0.00125710865010476
chrM	5569	5569	0.000779142942762961
chrM	5570	5570	0.000239908834642836
chrM	5571	5571	0
chrM	5572	5572	0.000718778077268643
chrM	5573	5573	0.000178976255816728
chrM	5574	5574	0.000834625014904018
chrM	5575	5575	0.00149084620430556
chrM	5576	5576	0.00209030100334448
chrM	5577	5577	0.000299239930576336
chrM	5578	5578	0.000119731800766284
chrM	5579	5579	0
chrM	5580	5580	5.98730690935217e-05
chrM	5581	5581	0.000419111483654652
chrM	5582	5582	0.000179672995148829
chrM	5583	5583	0.000119796346211441
chrM	5584	5584	0.000119803522223553
chrM	5585	5585	0
chrM	5586	5586	0
chrM	5587	5587	5.98014591556034e-05
chrM	5588	5588	0.00274889446635592
chrM	5589	5589	0.000658249057507031
chrM	5590	5590	0.00365225721470483
chrM	5591	5591	0.00174236962268685
chrM	5592	5592	0.0068608570052961
chrM	5593	5593	0.00230275118167495
chrM	5594	5594	0.00649902818270165
chrM	5595	5595	0.00372929021214159
chrM	5596	5596	0.00546146293568974
chrM	5597	5597	0.00382550749676066
chrM	5598	5598	0.00204397646330133
chrM	5599	5599	0.000124131082423039
chrM	5600	5600	0.00037243947858473
chrM	5601	5601	6.20963735717834e-05
chrM	5602	5602	0
chrM	5603	5603	0
chrM	5604	5604	0.0001242004595417
chrM	5605	5605	0.0144081480561421
chrM	5606	5606	0.00031504001008128
chrM	5607	5607	0.000756334299760494
chrM	5608	5608	0.000378453387157815
chrM	5609	5609	0.000252397778899546
chrM	5610	5610	0.000189346124715981
chrM	5611	5611	0
chrM	5612	5612	6.31273278202134e-05
chrM	5613	5613	0
chrM	5614	5614	0
chrM	5615	5615	6.31193587073155e-05
chrM	5616	5616	0
chrM	5617	5617	0.000189298334174659
chrM	5618	5618	6.30795433041065e-05
chrM	5619	5619	0.00012592079581943
chrM	5620	5620	0.00050248099993719
chrM	5621	5621	6.27667587245795e-05
chrM	5622	5622	0.00037619913474199
chrM	5623	5623	0.000438514063772474
chrM	5624	5624	0.00181749811982953
chrM	5625	5625	0.00232295328980412
chrM	5626	5626	0.0056635831602794
chrM	5627	5627	0.00272134675020568
chrM	5628	5628	0.00107881710877015
chrM	5629	5629	0.000381170192490947
chrM	5630	5630	0
chrM	5631	5631	6.35122261035249e-05
chrM	5632	5632	0
chrM	5633	5633	0
chrM	5634	5634	0
chrM	5635	5635	0
chrM	5636	5636	0
chrM	5637	5637	0
chrM	5638	5638	0
chrM	5639	5639	0
chrM	5640	5640	0
chrM	5641	5641	6.34598299276558e-05
chrM	5642	5642	0
chrM	5643	5643	0
chrM	5644	5644	0.000126879401129227
chrM	5645	5645	0.00348785591984273
chrM	5646	5646	0.000506457330969866
chrM	5647	5647	0.00151956439154109
chrM	5648	5648	0.00082435003170577
chrM	5649	5649	0.000824977789059525
chrM	5650	5650	0
chrM	5651	5651	0.000317520797612244
chrM	5652	5652	0.00012686330478909
chrM	5653	5653	6.32231143706139e-05
chrM	5654	5654	0.000184581308066203
chrM	5655	5655	0
chrM	5656	5656	0
chrM	5657	5657	0
chrM	5658	5658	0
chrM	5659	5659	0.000466901846856194
chrM	5660	5660	0.00604541433205544
chrM	5661	5661	0.00316335568771353
chrM	5662	5662	0.00142384521964906
chrM	5663	5663	0.001294849839188
chrM	5664	5664	4.17083750417084e-05
chrM	5665	5665	4.15731271306228e-05
chrM	5666	5666	0.000415178942124055
chrM	5667	5667	0.00037359900373599
chrM	5668	5668	0.000414868901427149
chrM	5669	5669	0.000124372953028481
chrM	5670	5670	0
chrM	5671	5671	0
chrM	5672	5672	8.27027250547906e-05
chrM	5673	5673	0
chrM	5674	5674	0.000124038700074423
chrM	5675	5675	0.000165405450109581
chrM	5676	5676	0.000248149220397866
chrM	5677	5677	4.13650465356774e-05
chrM	5678	5678	0
chrM	5679	5679	0
chrM	5680	5680	0
chrM	5681	5681	0
chrM	5682	5682	0.000495970241785493
chrM	5683	5683	4.13359788359788e-05
chrM	5684	5684	0
chrM	5685	5685	8.26753751395147e-05
chrM	5686	5686	0.00066145768737856
chrM	5687	5687	0.00223389732346006
chrM	5688	5688	0.000372948781700646
chrM	5689	5689	0.000704692422483834
chrM	5690	5690	0.000414800066368011
chrM	5691	5691	4.14817272991247e-05
chrM	5692	5692	0
chrM	5693	5693	8.2949691012401e-05
chrM	5694	5694	4.14782861172176e-05
chrM	5695	5695	0.000497760079641613
chrM	5696	5696	0.00161852589641434
chrM	5697	5697	0
chrM	5698	5698	0.000166271771210043
chrM	5699	5699	4.15731271306228e-05
chrM	5700	5700	0
chrM	5701	5701	0.00199526125452051
chrM	5702	5702	0
chrM	5703	5703	0.00029147235176549
chrM	5704	5704	0.000208255237619226
chrM	5705	5705	0.000208281263017579
chrM	5706	5706	0.000249989583767343
chrM	5707	5707	0.000166687502604492
chrM	5708	5708	0
chrM	5709	5709	4.16406412658755e-05
chrM	5710	5710	4.16371736686514e-05
chrM	5711	5711	0.000956340956340956
chrM	5712	5712	0.000370828182941904
chrM	5713	5713	0.00074147305981216
chrM	5714	5714	0.000535729003544053
chrM	5715	5715	0.000247228975235898
chrM	5716	5716	0.0012360430142969
chrM	5717	5717	0.000453757940763963
chrM	5718	5718	0.000989976488058409
chrM	5719	5719	0.000330278259433573
chrM	5720	5720	4.12813738441215e-05
chrM	5721	5721	4.12796697626419e-05
chrM	5722	5722	0
chrM	5723	5723	0
chrM	5724	5724	0
chrM	5725	5725	0.000123314699112134
chrM	5726	5726	4.10745091596155e-05
chrM	5727	5727	4.10610166707728e-05
chrM	5728	5728	0.000123157765097089
chrM	5729	5729	8.20176337912651e-05
chrM	5730	5730	0.000120038412291933
chrM	5731	5731	0.00011997600479904
chrM	5732	5732	0.000119961612284069
chrM	5733	5733	0.000119971206910342
chrM	5734	5734	3.99904023034472e-05
chrM	5735	5735	7.99744081893794e-05
chrM	5736	5736	0.000199936020473448
chrM	5737	5737	0.000119961612284069
chrM	5738	5738	0
chrM	5739	5739	0
chrM	5740	5740	0
chrM	5741	5741	3.94352866945343e-05
chrM	5742	5742	0.000154990700557967
chrM	5743	5743	0.00135359863866651
chrM	5744	5744	0.00178094390026714
chrM	5745	5745	0.00216776990670847
chrM	5746	5746	0.000504169090556525
chrM	5747	5747	0.00360548964875552
chrM	5748	5748	0.00634810710987996
chrM	5749	5749	0.00227010388611004
chrM	5750	5750	0.00202738887613802
chrM	5751	5751	0.000723120837297812
chrM	5752	5752	0.0597887589588834
chrM	5753	5753	0.00844067525402032
chrM	5754	5754	0.0146406388642413
chrM	5755	5755	0.0131390446563792
chrM	5756	5756	0.0224793662643607
chrM	5757	5757	0.00407090153506912
chrM	5758	5758	0.0206071443777409
chrM	5759	5759	0.00582330189909174
chrM	5760	5760	0.00900467718669406
chrM	5761	5761	0.000485137161506571
chrM	5762	5762	0.000220623924458368
chrM	5763	5763	0
chrM	5764	5764	0.00207413945278023
chrM	5765	5765	0.000265322366675511
chrM	5766	5766	0.000442321302193914
chrM	5767	5767	0.000442517036905921
chrM	5768	5768	0.000752612006375066
chrM	5769	5769	0.000487307845656315
chrM	5770	5770	0.000177218554782686
chrM	5771	5771	4.43124916914078e-05
chrM	5772	5772	0
chrM	5773	5773	4.42223499756777e-05
chrM	5774	5774	0
chrM	5775	5775	0.00088171758585725
chrM	5776	5776	4.4099488445934e-05
chrM	5777	5777	0.000528564506893362
chrM	5778	5778	0.000263157894736842
chrM	5779	5779	0.000217741584287767
chrM	5780	5780	0.00013051422605064
chrM	5781	5781	0.000129606428478853
chrM	5782	5782	0.000129488950276243
chrM	5783	5783	0.000172622130157086
chrM	5784	5784	4.31592576607682e-05
chrM	5785	5785	0.000258966722776123
chrM	5786	5786	0.000518067607822821
chrM	5787	5787	0.000172748866335565
chrM	5788	5788	4.31946784156192e-05
chrM	5789	5789	8.63893568312384e-05
chrM	5790	5790	0.000475182513283511
chrM	5791	5791	0.000302493409964997
chrM	5792	5792	0.000389004149377593
chrM	5793	5793	0
chrM	5794	5794	0
chrM	5795	5795	0
chrM	5796	5796	8.64154856550294e-05
chrM	5797	5797	0.000432114769682828
chrM	5798	5798	0.00686854723746166
chrM	5799	5799	0.00356490739935658
chrM	5800	5800	0.000739516269357926
chrM	5801	5801	0.000217023308303312
chrM	5802	5802	0.000129634430904848
chrM	5803	5803	8.37030216790826e-05
chrM	5804	5804	4.18287530848705e-05
chrM	5805	5805	0.00120361915829667
chrM	5806	5806	0.000124652013130012
chrM	5807	5807	8.29393713195654e-05
chrM	5808	5808	8.28809415274958e-05
chrM	5809	5809	0.000124264766796454
chrM	5810	5810	4.1406152954329e-05
chrM	5811	5811	0
chrM	5812	5812	8.25218682950982e-05
chrM	5813	5813	0.00433275563258232
chrM	5814	5814	0.00062165858510506
chrM	5815	5815	0.00418843825163805
chrM	5816	5816	0.00328988464581685
chrM	5817	5817	0.000960976017381131
chrM	5818	5818	0.00025093053406382
chrM	5819	5819	0
chrM	5820	5820	0
chrM	5821	5821	0.000543728303149442
chrM	5822	5822	0
chrM	5823	5823	0.000501798109893786
chrM	5824	5824	0.000920348058902276
chrM	5825	5825	0.00146431260982345
chrM	5826	5826	0.000167329010667224
chrM	5827	5827	8.36435113546067e-05
chrM	5828	5828	4.18235048097031e-05
chrM	5829	5829	4.18252540884186e-05
chrM	5830	5830	0.000418270035134683
chrM	5831	5831	8.36890116327726e-05
chrM	5832	5832	0
chrM	5833	5833	0
chrM	5834	5834	0
chrM	5835	5835	8.36750062756255e-05
chrM	5836	5836	0
chrM	5837	5837	0
chrM	5838	5838	0
chrM	5839	5839	0
chrM	5840	5840	4.1839253587716e-05
chrM	5841	5841	0
chrM	5842	5842	0
chrM	5843	5843	4.18357528343723e-05
chrM	5844	5844	0
chrM	5845	5845	0
chrM	5846	5846	0
chrM	5847	5847	4.02673753724732e-05
chrM	5848	5848	0.00152733118971061
chrM	5849	5849	8.04343454655138e-05
chrM	5850	5850	0.000321763262679484
chrM	5851	5851	0.0114665057332529
chrM	5852	5852	0.000773300773300773
chrM	5853	5853	0.00134414076819681
chrM	5854	5854	0.00675895765472313
chrM	5855	5855	0.013977701262502
chrM	5856	5856	0.00374127036913868
chrM	5857	5857	0.00312930279133809
chrM	5858	5858	0.00799430771806462
chrM	5859	5859	0.000632884688409772
chrM	5860	5860	0.000295533226378451
chrM	5861	5861	0.000337852105240931
chrM	5862	5862	0.000337966287862786
chrM	5863	5863	0.00798715293918776
chrM	5864	5864	0.000255601942574764
chrM	5865	5865	0.000724390659621612
chrM	5866	5866	0.000298494733700055
chrM	5867	5867	0.000554489230113031
chrM	5868	5868	0.00294431406016642
chrM	5869	5869	0.00038512559373529
chrM	5870	5870	0.000428082191780822
chrM	5871	5871	0.000342612419700214
chrM	5872	5872	0.000257047382400823
chrM	5873	5873	8.5704490915324e-05
chrM	5874	5874	8.57118368046627e-05
chrM	5875	5875	0.000214297959883422
chrM	5876	5876	0.0012002743484225
chrM	5877	5877	4.29184549356223e-05
chrM	5878	5878	0.000429147712642692
chrM	5879	5879	0
chrM	5880	5880	4.29184549356223e-05
chrM	5881	5881	8.58405940169106e-05
chrM	5882	5882	4.29239816285359e-05
chrM	5883	5883	0.00051508777954243
chrM	5884	5884	0.00103013134174607
chrM	5885	5885	0.000514955155988499
chrM	5886	5886	8.58479632570717e-05
chrM	5887	5887	0.000300454974675938
chrM	5888	5888	0.000300532371629744
chrM	5889	5889	0.000429331959471063
chrM	5890	5890	0.00137445236663517
chrM	5891	5891	0.00258064516129032
chrM	5892	5892	0.00724418955629339
chrM	5893	5893	0.0569430569430569
chrM	5894	5894	0.0254237288135593
chrM	5895	5895	0.00623818525519849
chrM	5896	5896	0.0257276012935134
chrM	5897	5897	0.00141553180065407
chrM	5898	5898	0.000635448235409131
chrM	5899	5899	0.00283687943262411
chrM	5900	5900	0.000539559523225585
chrM	5901	5901	0.000539850804868473
chrM	5902	5902	0.00103118094770439
chrM	5903	5903	0.000933936295713724
chrM	5904	5904	0.000639574928662796
chrM	5905	5905	0.0011811604901816
chrM	5906	5906	0.000147681401988776
chrM	5907	5907	0
chrM	5908	5908	0.000245724395517987
chrM	5909	5909	0.00049147294441441
chrM	5910	5910	0.00132586918090748
chrM	5911	5911	0.00398230088495575
chrM	5912	5912	0.00389950145614295
chrM	5913	5913	0.00559932609880581
chrM	5914	5914	0.00468407414789715
chrM	5915	5915	0.0377991388805447
chrM	5916	5916	0.00431864300952183
chrM	5917	5917	0.00470244004388944
chrM	5918	5918	0.0040938434892143
chrM	5919	5919	0.0268760539629005
chrM	5920	5920	0.00173272687892571
chrM	5921	5921	0.00238637596268576
chrM	5922	5922	0.00396868544090464
chrM	5923	5923	0.0688827029092298
chrM	5924	5924	0.00211019929660023
chrM	5925	5925	0.0146264097744361
chrM	5926	5926	0.0110879284649776
chrM	5927	5927	0.00958466453674121
chrM	5928	5928	0.00334753499695679
chrM	5929	5929	0.00134351145038168
chrM	5930	5930	6.11508591695713e-05
chrM	5931	5931	0.00036692759295499
chrM	5932	5932	0.000244708185488805
chrM	5933	5933	0.00152980051401297
chrM	5934	5934	0.00018385732671447
chrM	5935	5935	0.000735564545788893
chrM	5936	5936	0.00122669283611384
chrM	5937	5937	0.000491249616211237
chrM	5938	5938	0.0219274000368528
chrM	5939	5939	0
chrM	5940	5940	0.000313892899742608
chrM	5941	5941	0.000188383045525903
chrM	5942	5942	0.00113051124230624
chrM	5943	5943	0.00043994720633524
chrM	5944	5944	0.000188619930839359
chrM	5945	5945	0
chrM	5946	5946	0
chrM	5947	5947	0.000125715004085738
chrM	5948	5948	0
chrM	5949	5949	6.28180162070482e-05
chrM	5950	5950	0.000125580811252041
chrM	5951	5951	0.000438816449348044
chrM	5952	5952	0
chrM	5953	5953	0.000123023928154026
chrM	5954	5954	0
chrM	5955	5955	0
chrM	5956	5956	0.00251466890192791
chrM	5957	5957	0.00035921690714243
chrM	5958	5958	0.001377080589151
chrM	5959	5959	0.00119911265663409
chrM	5960	5960	0.0012605798667387
chrM	5961	5961	0.00270432692307692
chrM	5962	5962	0.000903832248734635
chrM	5963	5963	0.000422144494029671
chrM	5964	5964	0.000301622730288955
chrM	5965	5965	6.03318250377074e-05
chrM	5966	5966	0.000180984555984556
chrM	5967	5967	0
chrM	5968	5968	6.03391057744524e-05
chrM	5969	5969	0.000301713734009172
chrM	5970	5970	0.000543248626788193
chrM	5971	5971	0
chrM	5972	5972	0
chrM	5973	5973	0
chrM	5974	5974	0
chrM	5975	5975	0
chrM	5976	5976	0
chrM	5977	5977	0.000120685493603669
chrM	5978	5978	0.00207665836003323
chrM	5979	5979	0.000102569362531412
chrM	5980	5980	0.000711852341485737
chrM	5981	5981	0.00034910977008628
chrM	5982	5982	9.74801384217966e-05
chrM	5983	5983	0.000330672209362747
chrM	5984	5984	0.00141316124169768
chrM	5985	5985	0.00222758492667533
chrM	5986	5986	0.0014320029563932
chrM	5987	5987	0.000783482348603558
chrM	5988	5988	0.00041405962458594
chrM	5989	5989	0.00059720690922455
chrM	5990	5990	0.00927406459865686
chrM	5991	5991	0.00194586180057079
chrM	5992	5992	0.00145635226591279
chrM	5993	5993	0.000685782864000686
chrM	5994	5994	0.00042877969299374
chrM	5995	5995	0.000385984474846678
chrM	5996	5996	8.56494368549527e-05
chrM	5997	5997	0.000128485159964024
chrM	5998	5998	0.000257003341043434
chrM	5999	5999	0
chrM	6000	6000	0
chrM	6001	6001	0
chrM	6002	6002	0
chrM	6003	6003	0
chrM	6004	6004	0
chrM	6005	6005	0
chrM	6006	6006	4.28100518001627e-05
chrM	6007	6007	8.56237691583184e-05
chrM	6008	6008	0
chrM	6009	6009	0
chrM	6010	6010	4.28137175150918e-05
chrM	6011	6011	0
chrM	6012	6012	0
chrM	6013	6013	0
chrM	6014	6014	0
chrM	6015	6015	0
chrM	6016	6016	0
chrM	6017	6017	0
chrM	6018	6018	8.1406707912732e-05
chrM	6019	6019	8.11128685565965e-05
chrM	6020	6020	0
chrM	6021	6021	0
chrM	6022	6022	0.000916006212911705
chrM	6023	6023	0.000214431221185805
chrM	6024	6024	3.53169698039908e-05
chrM	6025	6025	0.000176391730755662
chrM	6026	6026	0.00010527423939362
chrM	6027	6027	0.00105478053759782
chrM	6028	6028	0.000339951047049225
chrM	6029	6029	0.000509857239972808
chrM	6030	6030	6.7574416325979e-05
chrM	6031	6031	0.000707976535634819
chrM	6032	6032	0.000235888795282224
chrM	6033	6033	0.00013481176906744
chrM	6034	6034	6.74149728654734e-05
chrM	6035	6035	0.00010112927692567
chrM	6036	6036	0.000134848127296632
chrM	6037	6037	3.37165784416197e-05
chrM	6038	6038	0.00354012137559002
chrM	6039	6039	0.000169176112332939
chrM	6040	6040	0.000642956245135528
chrM	6041	6041	6.77139761646804e-05
chrM	6042	6042	3.38592808288752e-05
chrM	6043	6043	3.38592808288752e-05
chrM	6044	6044	0.000236998916576381
chrM	6045	6045	3.38627205309675e-05
chrM	6046	6046	0.000135446295543817
chrM	6047	6047	0
chrM	6048	6048	0.000101509101982811
chrM	6049	6049	0
chrM	6050	6050	3.37986277757123e-05
chrM	6051	6051	0
chrM	6052	6052	0
chrM	6053	6053	0.000135171668018383
chrM	6054	6054	0.00013507125008442
chrM	6055	6055	0
chrM	6056	6056	3.37712336631657e-05
chrM	6057	6057	0
chrM	6058	6058	0.000202606875126629
chrM	6059	6059	0
chrM	6060	6060	0
chrM	6061	6061	0.000269478222791121
chrM	6062	6062	0.00282999797857287
chrM	6063	6063	0.000641545110750945
chrM	6064	6064	0.00175651938927172
chrM	6065	6065	0.000642347611481118
chrM	6066	6066	0.00134291277781508
chrM	6067	6067	0.000602873697960277
chrM	6068	6068	0.000666444518493835
chrM	6069	6069	0.00102475421910526
chrM	6070	6070	3.20051208193311e-05
chrM	6071	6071	0.000732717425931825
chrM	6072	6072	3.18390219052471e-05
chrM	6073	6073	0.000317460317460317
chrM	6074	6074	6.30835225839011e-05
chrM	6075	6075	9.42151874882231e-05
chrM	6076	6076	0.000248895526102918
chrM	6077	6077	0.000651910719274827
chrM	6078	6078	0.00118005092851376
chrM	6079	6079	0.00115006838244436
chrM	6080	6080	0.000808910459834484
chrM	6081	6081	0.000560433401830749
chrM	6082	6082	0.000467289719626168
chrM	6083	6083	0.00133993954691346
chrM	6084	6084	0.000468033323972667
chrM	6085	6085	3.1210986267166e-05
chrM	6086	6086	0
chrM	6087	6087	0
chrM	6088	6088	0.00024951656166178
chrM	6089	6089	0.000187108242118065
chrM	6090	6090	0.000155840917591323
chrM	6091	6091	9.34725035052189e-05
chrM	6092	6092	0.00115264797507788
chrM	6093	6093	0
chrM	6094	6094	6.23596906959342e-05
chrM	6095	6095	0.000218170484650148
chrM	6096	6096	0.000155622646207476
chrM	6097	6097	0.00046607009694258
chrM	6098	6098	0.000154278132617483
chrM	6099	6099	9.21574048474795e-05
chrM	6100	6100	0.000859686828369665
chrM	6101	6101	0.00092163067186876
chrM	6102	6102	0.00128877842216699
chrM	6103	6103	0.00285723063688593
chrM	6104	6104	0.00178686958932808
chrM	6105	6105	0.00240733310700287
chrM	6106	6106	0.00940506759892337
chrM	6107	6107	0.00106186951497548
chrM	6108	6108	0.00612787244020635
chrM	6109	6109	0.0143755898081158
chrM	6110	6110	0.000159535432819629
chrM	6111	6111	0.000478453637842493
chrM	6112	6112	0.000191466955994511
chrM	6113	6113	0.00153149128964329
chrM	6114	6114	6.38345408700648e-05
chrM	6115	6115	0.000127311499411184
chrM	6116	6116	0.000222823491962438
chrM	6117	6117	0.000350229240957718
chrM	6118	6118	0.00101910828025478
chrM	6119	6119	0.00031878606267334
chrM	6120	6120	0.000478331579450875
chrM	6121	6121	0.000287117973585146
chrM	6122	6122	0.000319101410428234
chrM	6123	6123	6.38386159788056e-05
chrM	6124	6124	3.19193079894028e-05
chrM	6125	6125	6.38406537282942e-05
chrM	6126	6126	0.000223456553661495
chrM	6127	6127	9.57884989942208e-05
chrM	6128	6128	0
chrM	6129	6129	0.000191595350619492
chrM	6130	6130	0
chrM	6131	6131	0
chrM	6132	6132	0
chrM	6133	6133	0
chrM	6134	6134	0
chrM	6135	6135	0
chrM	6136	6136	0
chrM	6137	6137	0.000733628911358489
chrM	6138	6138	0.00162239541911882
chrM	6139	6139	0.00022265339228347
chrM	6140	6140	0.000159007791381778
chrM	6141	6141	0.000413288825305993
chrM	6142	6142	0.000254412466210844
chrM	6143	6143	0.00213124662022458
chrM	6144	6144	0.00245457443417278
chrM	6145	6145	0.00153379134046972
chrM	6146	6146	0.00297619047619048
chrM	6147	6147	0.00866634569090034
chrM	6148	6148	0.00676703901570342
chrM	6149	6149	0.000488981614291303
chrM	6150	6150	0.000391376667427677
chrM	6151	6151	0.000587275693311582
chrM	6152	6152	0.000946660573219299
chrM	6153	6153	0.000914763631611617
chrM	6154	6154	0.000555864369093941
chrM	6155	6155	6.54129190515127e-05
chrM	6156	6156	0
chrM	6157	6157	3.26946969201596e-05
chrM	6158	6158	0.00199229211574891
chrM	6159	6159	0.000160061463602023
chrM	6160	6160	0.000319764653215234
chrM	6161	6161	0.000575668414992964
chrM	6162	6162	0.000159826109193198
chrM	6163	6163	0.010188112803807
chrM	6164	6164	0.00324195929896642
chrM	6165	6165	0.0113234253361642
chrM	6166	6166	0.0128259246030458
chrM	6167	6167	0.00176343805107439
chrM	6168	6168	0.0487607845671632
chrM	6169	6169	0.00485123994979136
chrM	6170	6170	0.016359918200409
chrM	6171	6171	0.0151068916530959
chrM	6172	6172	0.00847845206684257
chrM	6173	6173	0.0924960085151676
chrM	6174	6174	0.0842097032722155
chrM	6175	6175	0.0499039487726788
chrM	6176	6176	0.0927839683680805
chrM	6177	6177	0.0174830369966817
chrM	6178	6178	0.000705716302046577
chrM	6179	6179	0.00110976594027441
chrM	6180	6180	0.000858499141500859
chrM	6181	6181	0.000657030223390276
chrM	6182	6182	0
chrM	6183	6183	0
chrM	6184	6184	0.000708036210994791
chrM	6185	6185	0.000354268940735867
chrM	6186	6186	0.000151883353584447
chrM	6187	6187	0.00010127095042787
chrM	6188	6188	0.000607687243631944
chrM	6189	6189	0
chrM	6190	6190	5.06713959969597e-05
chrM	6191	6191	0
chrM	6192	6192	0.000253318471982977
chrM	6193	6193	0.000455950149450327
chrM	6194	6194	0
chrM	6195	6195	5.06354752139349e-05
chrM	6196	6196	0
chrM	6197	6197	0
chrM	6198	6198	0
chrM	6199	6199	0.000202500885941376
chrM	6200	6200	0.000101255569056298
chrM	6201	6201	0
chrM	6202	6202	0.00010126582278481
chrM	6203	6203	0
chrM	6204	6204	0
chrM	6205	6205	0
chrM	6206	6206	0
chrM	6207	6207	0.000151860288534548
chrM	6208	6208	0
chrM	6209	6209	0.00247075433642598
chrM	6210	6210	0.000201704402198578
chrM	6211	6211	0.000603834348110502
chrM	6212	6212	0.00065451616151445
chrM	6213	6213	0.00659982870673586
chrM	6214	6214	0.00583193873928698
chrM	6215	6215	0.00775351968985921
chrM	6216	6216	0.0031359243265474
chrM	6217	6217	0.044969315661905
chrM	6218	6218	0.000269992980182515
chrM	6219	6219	0.00081019768823593
chrM	6220	6220	0.000162170928158279
chrM	6221	6221	0.000216262975778547
chrM	6222	6222	0.00027038719446247
chrM	6223	6223	5.40920646941094e-05
chrM	6224	6224	0.000270474954019258
chrM	6225	6225	0.000108213396818526
chrM	6226	6226	0.00091991341991342
chrM	6227	6227	0.000812435682175161
chrM	6228	6228	0.000487857762359063
chrM	6229	6229	5.42328759694127e-05
chrM	6230	6230	0.000162707452001302
chrM	6231	6231	0
chrM	6232	6232	5.424464334147e-05
chrM	6233	6233	0.000108483402039488
chrM	6234	6234	0.00010848928668294
chrM	6235	6235	0.000162751586827972
chrM	6236	6236	0.000976668475311991
chrM	6237	6237	0.000217237821104654
chrM	6238	6238	0.000217285023629746
chrM	6239	6239	5.4333061668025e-05
chrM	6240	6240	5.4333061668025e-05
chrM	6241	6241	0.000271680069550098
chrM	6242	6242	0.000217403119734768
chrM	6243	6243	0.00016308779559663
chrM	6244	6244	0.000271857329273597
chrM	6245	6245	5.43862511557078e-05
chrM	6246	6246	0.000108772502311416
chrM	6247	6247	0.000489502882628087
chrM	6248	6248	0.000378972443289481
chrM	6249	6249	0.000323974082073434
chrM	6250	6250	5.39607165983164e-05
chrM	6251	6251	0
chrM	6252	6252	0.000917332182171379
chrM	6253	6253	0.00010801468999784
chrM	6254	6254	0.00129631630117749
chrM	6255	6255	0.000865332612222823
chrM	6256	6256	0.00151564360723179
chrM	6257	6257	0.00260219017673208
chrM	6258	6258	0.000760952277421459
chrM	6259	6259	0.000271975630983464
chrM	6260	6260	0.00010881984874041
chrM	6261	6261	0
chrM	6262	6262	0
chrM	6263	6263	5.43596434007393e-05
chrM	6264	6264	0.000214580762834612
chrM	6265	6265	0.00091211503380191
chrM	6266	6266	0.00637181409295352
chrM	6267	6267	0.00868192580899763
chrM	6268	6268	0.0029039070749736
chrM	6269	6269	0.00142525337837838
chrM	6270	6270	0.000862200131865903
chrM	6271	6271	0.000354627894016921
chrM	6272	6272	0.000202511138112596
chrM	6273	6273	0.000454178441663302
chrM	6274	6274	0.000806654902949332
chrM	6275	6275	0.00160561966884094
chrM	6276	6276	0.000242694883991845
chrM	6277	6277	0.00220962628494572
chrM	6278	6278	0.000622993242919442
chrM	6279	6279	0.00627966061070898
chrM	6280	6280	0.000144675925925926
chrM	6281	6281	0.000241126543209877
chrM	6282	6282	0.00212211825986303
chrM	6283	6283	0.000470854129390715
chrM	6284	6284	0.000705185463776973
chrM	6285	6285	0.000517427912883955
chrM	6286	6286	0.000611620795107034
chrM	6287	6287	0.0010826076723935
chrM	6288	6288	0.00663529411764706
chrM	6289	6289	0.000615851058790089
chrM	6290	6290	0.000237000521401147
chrM	6291	6291	0.0016119855869524
chrM	6292	6292	0.000569854687054801
chrM	6293	6293	0.000332604770502708
chrM	6294	6294	0.000617900090308475
chrM	6295	6295	0.00033292114524874
chrM	6296	6296	0.000190304010657025
chrM	6297	6297	0
chrM	6298	6298	0
chrM	6299	6299	0
chrM	6300	6300	0
chrM	6301	6301	0.000761324704986677
chrM	6302	6302	0
chrM	6303	6303	0.000285659874309655
chrM	6304	6304	0
chrM	6305	6305	0.00014278914802475
chrM	6306	6306	0
chrM	6307	6307	0.00889840590054723
chrM	6308	6308	0.00119973126019772
chrM	6309	6309	0.00259453226348917
chrM	6310	6310	0.000770750036128908
chrM	6311	6311	0.000867762618714747
chrM	6312	6312	0
chrM	6313	6313	0
chrM	6314	6314	0
chrM	6315	6315	4.82439212659205e-05
chrM	6316	6316	9.64924977083032e-05
chrM	6317	6317	0
chrM	6318	6318	0
chrM	6319	6319	0.000144675925925926
chrM	6320	6320	0.000144641049129743
chrM	6321	6321	4.8190448653077e-05
chrM	6322	6322	0.000336959661114855
chrM	6323	6323	0.000239842663212932
chrM	6324	6324	4.73148805299267e-05
chrM	6325	6325	0.00018682858477347
chrM	6326	6326	0.000402468473302925
chrM	6327	6327	0.00143119101927635
chrM	6328	6328	0.00125397465179811
chrM	6329	6329	0.00730908927850769
chrM	6330	6330	0.00546571506007769
chrM	6331	6331	0.00513239769269201
chrM	6332	6332	0.00493038119150879
chrM	6333	6333	0.00146802458941187
chrM	6334	6334	0.000643204998621704
chrM	6335	6335	0.000275811345039993
chrM	6336	6336	9.19117647058824e-05
chrM	6337	6337	0.000275494742641995
chrM	6338	6338	0.00811777655476059
chrM	6339	6339	0.000364132908511607
chrM	6340	6340	0.000772938074020187
chrM	6341	6341	0.00100090991810737
chrM	6342	6342	0.000500956371254213
chrM	6343	6343	0.00118434838063135
chrM	6344	6344	0.00508074759571766
chrM	6345	6345	0.00232409770324462
chrM	6346	6346	0.00196382900986482
chrM	6347	6347	0.000411786237188873
chrM	6348	6348	0.00118971355358287
chrM	6349	6349	0.00164737107033359
chrM	6350	6350	0.000320836006966725
chrM	6351	6351	0.000641877951492366
chrM	6352	6352	0.00055045871559633
chrM	6353	6353	0.00174160135661579
chrM	6354	6354	0.000732131417589457
chrM	6355	6355	9.15415598681801e-05
chrM	6356	6356	0.000183032854397364
chrM	6357	6357	0
chrM	6358	6358	0
chrM	6359	6359	0.000366048959048273
chrM	6360	6360	0.00105210191665523
chrM	6361	6361	0.000915834783405074
chrM	6362	6362	9.16632292955681e-05
chrM	6363	6363	0
chrM	6364	6364	9.15918666422422e-05
chrM	6365	6365	0.000228707346079956
chrM	6366	6366	0
chrM	6367	6367	9.13826190258613e-05
chrM	6368	6368	4.56808734182998e-05
chrM	6369	6369	0.000319751507399963
chrM	6370	6370	0.00434047608169233
chrM	6371	6371	0.0094002201027146
chrM	6372	6372	0.00240707309170023
chrM	6373	6373	0.00148484989095634
chrM	6374	6374	0.00269516728624535
chrM	6375	6375	0.00111815132314573
chrM	6376	6376	0.00139925373134328
chrM	6377	6377	4.67071461933676e-05
chrM	6378	6378	0.000233546639263861
chrM	6379	6379	0.00098112502336012
chrM	6380	6380	0
chrM	6381	6381	9.35278713056491e-05
chrM	6382	6382	0
chrM	6383	6383	9.3532245241547e-05
chrM	6384	6384	0
chrM	6385	6385	0.000327332242225859
chrM	6386	6386	0.000233775949130353
chrM	6387	6387	0.000701491839311603
chrM	6388	6388	4.67967616640928e-05
chrM	6389	6389	0
chrM	6390	6390	4.67967616640928e-05
chrM	6391	6391	0
chrM	6392	6392	9.20259513182718e-05
chrM	6393	6393	0.000229990800367985
chrM	6394	6394	4.6000276001656e-05
chrM	6395	6395	0.000643826166934928
chrM	6396	6396	0
chrM	6397	6397	4.59537705068701e-05
chrM	6398	6398	9.1776798825257e-05
chrM	6399	6399	0.00421631530705775
chrM	6400	6400	0.00437796424662532
chrM	6401	6401	0.00219850684743279
chrM	6402	6402	0.00155300781071575
chrM	6403	6403	0.000137224407647974
chrM	6404	6404	0.000823384108686702
chrM	6405	6405	0.00146493316242446
chrM	6406	6406	0.00394278378874014
chrM	6407	6407	0.00754855932983522
chrM	6408	6408	0.00139133661070402
chrM	6409	6409	0.00185761389495193
chrM	6410	6410	0.00139567341242149
chrM	6411	6411	0.000232937339855579
chrM	6412	6412	0.000326173058105401
chrM	6413	6413	0.00130493545229995
chrM	6414	6414	0.0131572808286287
chrM	6415	6415	0.000236294896030246
chrM	6416	6416	0.000519971637910659
chrM	6417	6417	0.00151321700477609
chrM	6418	6418	0.000947149081265391
chrM	6419	6419	0.00170583775587566
chrM	6420	6420	0.0174655908875178
chrM	6421	6421	0.00386417427425977
chrM	6422	6422	0.00208505067158027
chrM	6423	6423	0.00233236151603499
chrM	6424	6424	0.00370153906097799
chrM	6425	6425	0.00063551036370747
chrM	6426	6426	0.00816905542239397
chrM	6427	6427	0.00300744465808805
chrM	6428	6428	0.00113726265822785
chrM	6429	6429	4.94902504206671e-05
chrM	6430	6430	0.000197961001682669
chrM	6431	6431	0.00925650925650926
chrM	6432	6432	0.00229804666033871
chrM	6433	6433	0.0058084222122077
chrM	6434	6434	0.00559053135230421
chrM	6435	6435	0.00526608942224923
chrM	6436	6436	0.000356288491881712
chrM	6437	6437	0.000609694136774718
chrM	6438	6438	0.000406545380628113
chrM	6439	6439	0.000152470014230535
chrM	6440	6440	0.00218418245542744
chrM	6441	6441	0.000558829506197927
chrM	6442	6442	0.000963439987830232
chrM	6443	6443	0.00172448772570501
chrM	6444	6444	0.00746344435418359
chrM	6445	6445	0.00981996726677578
chrM	6446	6446	0.00945003872966692
chrM	6447	6447	0.0139714315504118
chrM	6448	6448	0.0304536322300941
chrM	6449	6449	0.0437888537463191
chrM	6450	6450	0.0182492158540063
chrM	6451	6451	0.00505373221028173
chrM	6452	6452	0.00233535730966838
chrM	6453	6453	0.000409644194756554
chrM	6454	6454	0.000117089163397928
chrM	6455	6455	0.000175654312313367
chrM	6456	6456	5.85582947824559e-05
chrM	6457	6457	0.000644178964628719
chrM	6458	6458	0.000351596835628479
chrM	6459	6459	0
chrM	6460	6460	0.000117240166481036
chrM	6461	6461	0.000527642610072111
chrM	6462	6462	0.000410605349601126
chrM	6463	6463	0.000176025347650062
chrM	6464	6464	0.000176046006689748
chrM	6465	6465	0.000469538678248621
chrM	6466	6466	0.00164415736934821
chrM	6467	6467	0.000882145377558222
chrM	6468	6468	0.000117723232679969
chrM	6469	6469	0.00382645552481309
chrM	6470	6470	0
chrM	6471	6471	0.00035456801796478
chrM	6472	6472	0.000236462520690471
chrM	6473	6473	0.00100520340586566
chrM	6474	6474	5.91891092039065e-05
chrM	6475	6475	0.0006511187403812
chrM	6476	6476	0.00337557740139761
chrM	6477	6477	5.94212371501575e-05
chrM	6478	6478	0.000118849536486808
chrM	6479	6479	0
chrM	6480	6480	0.000356590990134316
chrM	6481	6481	0.0697384066587396
chrM	6482	6482	0.000703010161692337
chrM	6483	6483	0.00191864927091328
chrM	6484	6484	0.00115332863458704
chrM	6485	6485	0.000641477965231894
chrM	6486	6486	6.41889723345529e-05
chrM	6487	6487	0
chrM	6488	6488	0.000128295593046379
chrM	6489	6489	0.000320738982615947
chrM	6490	6490	0.000577515400410678
chrM	6491	6491	0.000320965464116061
chrM	6492	6492	0
chrM	6493	6493	6.42137032042638e-05
chrM	6494	6494	6.42178268687388e-05
chrM	6495	6495	6.42219510628733e-05
chrM	6496	6496	6.42260757867694e-05
chrM	6497	6497	6.42302010405293e-05
chrM	6498	6498	0.000449611407283705
chrM	6499	6499	6.42590926616116e-05
chrM	6500	6500	0
chrM	6501	6501	0
chrM	6502	6502	0
chrM	6503	6503	0
chrM	6504	6504	0
chrM	6505	6505	0.000449755846826009
chrM	6506	6506	6.4279745452208e-05
chrM	6507	6507	6.4283877603497e-05
chrM	6508	6508	6.42880102860816e-05
chrM	6509	6509	0
chrM	6510	6510	6.42921435000643e-05
chrM	6511	6511	0.00077155532694657
chrM	6512	6512	0.000643459236857345
chrM	6513	6513	0.000321936771618054
chrM	6514	6514	0.000322040448280304
chrM	6515	6515	0.000386548125241593
chrM	6516	6516	0
chrM	6517	6517	0
chrM	6518	6518	6.44412939811831e-05
chrM	6519	6519	0
chrM	6520	6520	0.00219114519559193
chrM	6521	6521	0.000452108764451334
chrM	6522	6522	0.00103352496608746
chrM	6523	6523	0.000646621403168445
chrM	6524	6524	0.00116467162730508
chrM	6525	6525	0.00239683876400855
chrM	6526	6526	0.00116883116883117
chrM	6527	6527	0.001300136514334
chrM	6528	6528	6.50914534921565e-05
chrM	6529	6529	0
chrM	6530	6530	0
chrM	6531	6531	0
chrM	6532	6532	0.000390574143991668
chrM	6533	6533	0.000195363375879135
chrM	6534	6534	0.000390803100371263
chrM	6535	6535	0.000260637258096045
chrM	6536	6536	0
chrM	6537	6537	0.000130352603793261
chrM	6538	6538	0
chrM	6539	6539	6.51847989048954e-05
chrM	6540	6540	0
chrM	6541	6541	6.51890482398957e-05
chrM	6542	6542	0.000260569344016676
chrM	6543	6543	6.51508241579256e-05
chrM	6544	6544	0
chrM	6545	6545	0.000130301648315851
chrM	6546	6546	0.000586395621579359
chrM	6547	6547	0.000130369597809791
chrM	6548	6548	0.000195579894386857
chrM	6549	6549	0.000652060511215441
chrM	6550	6550	6.52443400535004e-05
chrM	6551	6551	0.000978728957327418
chrM	6552	6552	0.00117562536738293
chrM	6553	6553	0.00071928333224351
chrM	6554	6554	0.000130872922392357
chrM	6555	6555	0.00013088148681369
chrM	6556	6556	0.000196347928529354
chrM	6557	6557	0.0003927472671336
chrM	6558	6558	0
chrM	6559	6559	0.000130967192718224
chrM	6560	6560	0
chrM	6561	6561	0
chrM	6562	6562	6.54921736852446e-05
chrM	6563	6563	6.54964631909877e-05
chrM	6564	6564	0
chrM	6565	6565	0
chrM	6566	6566	0
chrM	6567	6567	0
chrM	6568	6568	0
chrM	6569	6569	0
chrM	6570	6570	0
chrM	6571	6571	0.000131001506517325
chrM	6572	6572	0.000262037340320996
chrM	6573	6573	0
chrM	6574	6574	0
chrM	6575	6575	0
chrM	6576	6576	0
chrM	6577	6577	0.000130975769482646
chrM	6578	6578	0
chrM	6579	6579	0
chrM	6580	6580	6.54193379562999e-05
chrM	6581	6581	0
chrM	6582	6582	0
chrM	6583	6583	0.000192443389569568
chrM	6584	6584	0.000383607186241289
chrM	6585	6585	0.00147011824864174
chrM	6586	6586	0.000255819902788437
chrM	6587	6587	0
chrM	6588	6588	0
chrM	6589	6589	6.39386189258312e-05
chrM	6590	6590	0.000191742298351016
chrM	6591	6591	0.000127275041364388
chrM	6592	6592	0
chrM	6593	6593	0
chrM	6594	6594	6.33552965027876e-05
chrM	6595	6595	0
chrM	6596	6596	0
chrM	6597	6597	0
chrM	6598	6598	0.000253068455017082
chrM	6599	6599	0.00113909631692191
chrM	6600	6600	6.33552965027876e-05
chrM	6601	6601	6.33593106507001e-05
chrM	6602	6602	0
chrM	6603	6603	0
chrM	6604	6604	6.33633253073121e-05
chrM	6605	6605	0
chrM	6606	6606	0
chrM	6607	6607	0
chrM	6608	6608	0.000189981635108606
chrM	6609	6609	6.3323201621074e-05
chrM	6610	6610	0.000126654423405737
chrM	6611	6611	0.000316676166951675
chrM	6612	6612	0.00031675641431739
chrM	6613	6613	6.33673404727204e-05
chrM	6614	6614	0.000126726650614624
chrM	6615	6615	0
chrM	6616	6616	0
chrM	6617	6617	0
chrM	6618	6618	0
chrM	6619	6619	0
chrM	6620	6620	0
chrM	6621	6621	0
chrM	6622	6622	0
chrM	6623	6623	6.18582209575653e-05
chrM	6624	6624	0.000309271973773737
chrM	6625	6625	0.000123708789509495
chrM	6626	6626	0
chrM	6627	6627	0
chrM	6628	6628	0.000123258967089856
chrM	6629	6629	6.10798924993892e-05
chrM	6630	6630	0
chrM	6631	6631	6.02990834539315e-05
chrM	6632	6632	0.000240225812263528
chrM	6633	6633	0.000117994100294985
chrM	6634	6634	0
chrM	6635	6635	5.14191690662279e-05
chrM	6636	6636	0.000102537810817739
chrM	6637	6637	0.000153798831128883
chrM	6638	6638	0.000461467466543609
chrM	6639	6639	0.00015389350569406
chrM	6640	6640	0.000153917192550408
chrM	6641	6641	0
chrM	6642	6642	0.000153940886699507
chrM	6643	6643	0
chrM	6644	6644	5.13109959464313e-05
chrM	6645	6645	0.000102621991892863
chrM	6646	6646	0.000256581310617335
chrM	6647	6647	0
chrM	6648	6648	0
chrM	6649	6649	0
chrM	6650	6650	5.09372453137734e-05
chrM	6651	6651	0
chrM	6652	6652	0
chrM	6653	6653	0
chrM	6654	6654	0
chrM	6655	6655	0
chrM	6656	6656	0.000203066301147325
chrM	6657	6657	0
chrM	6658	6658	0
chrM	6659	6659	9.87264290650607e-05
chrM	6660	6660	0.000192058385749268
chrM	6661	6661	0.00090545177277926
chrM	6662	6662	0.000523859415182398
chrM	6663	6663	0.000379794910748196
chrM	6664	6664	0.000284819139846198
chrM	6665	6665	9.49261948834781e-05
chrM	6666	6666	0.000520094562647754
chrM	6667	6667	0.000520266754954358
chrM	6668	6668	0.000615035246250651
chrM	6669	6669	0.000283983339644074
chrM	6670	6670	0.000331360946745562
chrM	6671	6671	4.72567459004773e-05
chrM	6672	6672	4.71631372918927e-05
chrM	6673	6673	0
chrM	6674	6674	9.4237383970221e-05
chrM	6675	6675	0
chrM	6676	6676	4.71098129740425e-05
chrM	6677	6677	9.42240648261566e-05
chrM	6678	6678	0
chrM	6679	6679	4.69395418700713e-05
chrM	6680	6680	0
chrM	6681	6681	0
chrM	6682	6682	0
chrM	6683	6683	9.379103357719e-05
chrM	6684	6684	0
chrM	6685	6685	0
chrM	6686	6686	0
chrM	6687	6687	4.68669447438721e-05
chrM	6688	6688	0
chrM	6689	6689	0
chrM	6690	6690	4.68691413573303e-05
chrM	6691	6691	0
chrM	6692	6692	0
chrM	6693	6693	0
chrM	6694	6694	0
chrM	6695	6695	0
chrM	6696	6696	0
chrM	6697	6697	0
chrM	6698	6698	4.37905062182519e-05
chrM	6699	6699	0.000174993437746085
chrM	6700	6700	4.37254044599913e-05
chrM	6701	6701	0.000130022103757639
chrM	6702	6702	0.000129813933362181
chrM	6703	6703	0.000344842450105608
chrM	6704	6704	0.000387013545474092
chrM	6705	6705	0.00111847199518197
chrM	6706	6706	0.000645939195590388
chrM	6707	6707	0.000861734671894524
chrM	6708	6708	0.00728040322233231
chrM	6709	6709	0.00138840680319334
chrM	6710	6710	0.000434480361487661
chrM	6711	6711	8.69338433452143e-05
chrM	6712	6712	4.34707007476961e-05
chrM	6713	6713	0
chrM	6714	6714	0
chrM	6715	6715	0
chrM	6716	6716	0
chrM	6717	6717	0
chrM	6718	6718	4.34725905316698e-05
chrM	6719	6719	0
chrM	6720	6720	0
chrM	6721	6721	0
chrM	6722	6722	0
chrM	6723	6723	0.000521693765759499
chrM	6724	6724	8.69943453675511e-05
chrM	6725	6725	0
chrM	6726	6726	0.00030051946936848
chrM	6727	6727	0.000300609808468608
chrM	6728	6728	0.00279221616048799
chrM	6729	6729	0.000861289350157185
chrM	6730	6730	0.0021979916390122
chrM	6731	6731	0.00151122625215889
chrM	6732	6732	8.6408018664132e-05
chrM	6733	6733	0
chrM	6734	6734	0
chrM	6735	6735	0.000172644481850749
chrM	6736	6736	0.000129193402523578
chrM	6737	6737	4.30700318718236e-05
chrM	6738	6738	0.000430718869793686
chrM	6739	6739	8.61734671894524e-05
chrM	6740	6740	0.00193907010815702
chrM	6741	6741	0.000215870822899577
chrM	6742	6742	0.000129550459904133
chrM	6743	6743	0.000259134490800726
chrM	6744	6744	0
chrM	6745	6745	4.32002764817695e-05
chrM	6746	6746	0
chrM	6747	6747	0
chrM	6748	6748	0
chrM	6749	6749	0
chrM	6750	6750	0.000259201658890617
chrM	6751	6751	0
chrM	6752	6752	0.000691323885240235
chrM	6753	6753	0.000172920629431091
chrM	6754	6754	4.32376340366655e-05
chrM	6755	6755	4.32395036104985e-05
chrM	6756	6756	0.000259448240076105
chrM	6757	6757	8.6497707810743e-05
chrM	6758	6758	0.000865051903114187
chrM	6759	6759	0.000822475217523051
chrM	6760	6760	0.000129948886771203
chrM	6761	6761	4.33050407067383e-05
chrM	6762	6762	0.000518358531317495
chrM	6763	6763	0.00016620959029336
chrM	6764	6764	0.000373382011284434
chrM	6765	6765	0.000456299000290372
chrM	6766	6766	0.00066214202946532
chrM	6767	6767	0.00755043941081817
chrM	6768	6768	0.0050282579787234
chrM	6769	6769	0.0054624301559503
chrM	6770	6770	0.00477787091366303
chrM	6771	6771	0.000715036803364879
chrM	6772	6772	0.00117577895355673
chrM	6773	6773	0.00176552187986044
chrM	6774	6774	0.00559976422045388
chrM	6775	6775	0.0235837073418579
chrM	6776	6776	0.00906292008152292
chrM	6777	6777	0.0241543779810091
chrM	6778	6778	0.0869311813494732
chrM	6779	6779	0.0176513851434175
chrM	6780	6780	0.00492635350318471
chrM	6781	6781	0.000199183348272084
chrM	6782	6782	0.0005941770647653
chrM	6783	6783	9.57075178255252e-05
chrM	6784	6784	0.00368350554917719
chrM	6785	6785	9.59554766588303e-05
chrM	6786	6786	0.000911227279267181
chrM	6787	6787	0.000863972352884708
chrM	6788	6788	0.000576313514551916
chrM	6789	6789	0.00814878726871824
chrM	6790	6790	0.00120720459703511
chrM	6791	6791	0.0024647206649913
chrM	6792	6792	0.0224278240651037
chrM	6793	6793	0.000297029702970297
chrM	6794	6794	0.000544635341882458
chrM	6795	6795	0.000792589290137217
chrM	6796	6796	0.00049573666468372
chrM	6797	6797	0.000644745325596389
chrM	6798	6798	0.000496277915632754
chrM	6799	6799	9.9304865938431e-05
chrM	6800	6800	0.00134068225830478
chrM	6801	6801	0.000447227191413238
chrM	6802	6802	4.97141436738752e-05
chrM	6803	6803	9.94332305856617e-05
chrM	6804	6804	9.94381743151196e-05
chrM	6805	6805	4.97240316244841e-05
chrM	6806	6806	0
chrM	6807	6807	0.000198906016907011
chrM	6808	6808	4.97363970953944e-05
chrM	6809	6809	0.00119373290226312
chrM	6810	6810	0.00114519020115515
chrM	6811	6811	0.000498355427090601
chrM	6812	6812	0.000846276383910793
chrM	6813	6813	4.91980714355997e-05
chrM	6814	6814	4.73596968979399e-05
chrM	6815	6815	0.000158290462999604
chrM	6816	6816	0.000118147448015123
chrM	6817	6817	7.86936848317923e-05
chrM	6818	6818	0.000393483906508224
chrM	6819	6819	0.00228310502283105
chrM	6820	6820	0.00323433124285094
chrM	6821	6821	0.00257201646090535
chrM	6822	6822	0.00571269885349308
chrM	6823	6823	0.00211441793664725
chrM	6824	6824	0.000479731350443751
chrM	6825	6825	0.000199984001279898
chrM	6826	6826	0.000200024002880346
chrM	6827	6827	0.000200032005120819
chrM	6828	6828	0.000440140845070423
chrM	6829	6829	0.000320192115269161
chrM	6830	6830	0.000120100884743184
chrM	6831	6831	0.000200176155016414
chrM	6832	6832	8.00512327889849e-05
chrM	6833	6833	0.000119947223221782
chrM	6834	6834	0.000354665825977301
chrM	6835	6835	0.000235460324935248
chrM	6836	6836	0.000784775358053757
chrM	6837	6837	0.000353315274997056
chrM	6838	6838	0.000157035175879397
chrM	6839	6839	0.00047117951939689
chrM	6840	6840	0.000510685103708359
chrM	6841	6841	0.000314428329992532
chrM	6842	6842	0.000393159032828779
chrM	6843	6843	3.93313667649951e-05
chrM	6844	6844	0
chrM	6845	6845	0.000117998741346759
chrM	6846	6846	0.000275362888950081
chrM	6847	6847	0.000236090343904934
chrM	6848	6848	0.000669080604534005
chrM	6849	6849	0.000236304202276397
chrM	6850	6850	0.00023636005515068
chrM	6851	6851	3.94026557389968e-05
chrM	6852	6852	7.88053114779936e-05
chrM	6853	6853	0
chrM	6854	6854	0
chrM	6855	6855	7.88084167389077e-05
chrM	6856	6856	3.93979985816721e-05
chrM	6857	6857	0
chrM	6858	6858	0.0011818002757534
chrM	6859	6859	0.000275981706355464
chrM	6860	6860	0.000276057893283906
chrM	6861	6861	0.00110453648915187
chrM	6862	6862	0.000829318379274939
chrM	6863	6863	0.00347798592996601
chrM	6864	6864	0.000317258883248731
chrM	6865	6865	0.000158679784195493
chrM	6866	6866	0.000158692374831389
chrM	6867	6867	7.93304509936139e-05
chrM	6868	6868	0
chrM	6869	6869	0
chrM	6870	6870	0
chrM	6871	6871	0.000776849873761896
chrM	6872	6872	0.00019410691408828
chrM	6873	6873	0.000232937339855579
chrM	6874	6874	0.000660142901522212
chrM	6875	6875	0.000233145521663105
chrM	6876	6876	0.000932763311309755
chrM	6877	6877	0.000894663139878637
chrM	6878	6878	0.000233599377068328
chrM	6879	6879	3.89408099688474e-05
chrM	6880	6880	3.894232641458e-05
chrM	6881	6881	0
chrM	6882	6882	0.00042836559056038
chrM	6883	6883	3.89574973703689e-05
chrM	6884	6884	0.000662225857972031
chrM	6885	6885	0.000467708617531278
chrM	6886	6886	7.79818302335556e-05
chrM	6887	6887	0.00331409856519027
chrM	6888	6888	3.90655519962497e-05
chrM	6889	6889	0.000429737859905458
chrM	6890	6890	0.00066439989056943
chrM	6891	6891	0.00132963122286966
chrM	6892	6892	0.000391512019418996
chrM	6893	6893	0.000195802005012531
chrM	6894	6894	0.000391665361115463
chrM	6895	6895	0.000195909411488128
chrM	6896	6896	0.000235137359407454
chrM	6897	6897	0
chrM	6898	6898	0
chrM	6899	6899	0.000195993884990788
chrM	6900	6900	0.000823335685721007
chrM	6901	6901	0.000117716303708064
chrM	6902	6902	0.00019621693744604
chrM	6903	6903	3.92510892177258e-05
chrM	6904	6904	0.00031402103940964
chrM	6905	6905	0
chrM	6906	6906	0
chrM	6907	6907	0
chrM	6908	6908	3.92495486301908e-05
chrM	6909	6909	0
chrM	6910	6910	0.000117679362962382
chrM	6911	6911	0.000353051937862859
chrM	6912	6912	0.000313910143221503
chrM	6913	6913	3.92480081635857e-05
chrM	6914	6914	7.84898551862172e-05
chrM	6915	6915	0.000117472002506069
chrM	6916	6916	3.91113892365457e-05
chrM	6917	6917	0
chrM	6918	6918	0
chrM	6919	6919	0
chrM	6920	6920	0
chrM	6921	6921	0.00225575606720597
chrM	6922	6922	0.00128634910735168
chrM	6923	6923	0.00671298103192569
chrM	6924	6924	0.00333870144153345
chrM	6925	6925	0.00169364685493718
chrM	6926	6926	0.000275829458586177
chrM	6927	6927	0.000234365845084176
chrM	6928	6928	0.0001561341192084
chrM	6929	6929	0.00011708687846382
chrM	6930	6930	0.000234182896842434
chrM	6931	6931	0.00171760940000781
chrM	6932	6932	0.00437243802459496
chrM	6933	6933	0.00284301125520894
chrM	6934	6934	0.00546149645002731
chrM	6935	6935	0.0144814090019569
chrM	6936	6936	0.00254069075029774
chrM	6937	6937	0.00139159476760367
chrM	6938	6938	0.00175096502049425
chrM	6939	6939	0.00502950378202843
chrM	6940	6940	0.0044545201447719
chrM	6941	6941	0.00359453630481668
chrM	6942	6942	0.00272566939233606
chrM	6943	6943	0.00285369774919614
chrM	6944	6944	0.00217312567910177
chrM	6945	6945	0.000725630895751028
chrM	6946	6946	0.00036299104622086
chrM	6947	6947	0.000322697753216893
chrM	6948	6948	0.00645083256057735
chrM	6949	6949	0.00105165230756785
chrM	6950	6950	0.0012122191692258
chrM	6951	6951	0.00816227573945369
chrM	6952	6952	0.00187857228506335
chrM	6953	6953	0.00876913265306122
chrM	6954	6954	0.00335610691597747
chrM	6955	6955	0.00470945083014049
chrM	6956	6956	0.0342304154836646
chrM	6957	6957	0.000703002233065917
chrM	6958	6958	0.00165487567746473
chrM	6959	6959	0.000911690356802453
chrM	6960	6960	0.0065950474926376
chrM	6961	6961	0.0111060080998706
chrM	6962	6962	0.00249092290804695
chrM	6963	6963	0.00143890981421135
chrM	6964	6964	0.0027972027972028
chrM	6965	6965	0.000255004462578095
chrM	6966	6966	0.000212557922033754
chrM	6967	6967	0
chrM	6968	6968	0.000170075258301799
chrM	6969	6969	0.000680301033207194
chrM	6970	6970	4.25242388161252e-05
chrM	6971	6971	4.24862981688405e-05
chrM	6972	6972	0
chrM	6973	6973	4.24700586086809e-05
chrM	6974	6974	0.000254831174346995
chrM	6975	6975	0.000594707106749926
chrM	6976	6976	0.00169952413324269
chrM	6977	6977	0.00744649163865367
chrM	6978	6978	0.000728769237364427
chrM	6979	6979	0.000471900471900472
chrM	6980	6980	0.000214601485042276
chrM	6981	6981	0
chrM	6982	6982	0
chrM	6983	6983	0.000343377113915358
chrM	6984	6984	0.00266117263284402
chrM	6985	6985	0.000215118530310201
chrM	6986	6986	0.000128700128700129
chrM	6987	6987	8.58111297035225e-05
chrM	6988	6988	0.000128633907898122
chrM	6989	6989	0.000942103460089072
chrM	6990	6990	0.000211121901786091
chrM	6991	6991	0.00119894162394576
chrM	6992	6992	0.00190391314915337
chrM	6993	6993	0.0017845554834523
chrM	6994	6994	0.000974777628853418
chrM	6995	6995	0.00703280621163462
chrM	6996	6996	0.00368429670869494
chrM	6997	6997	0.00271091760453463
chrM	6998	6998	0.00222368637786197
chrM	6999	6999	0.00156430100444591
chrM	7000	7000	0.000326637269312429
chrM	7001	7001	0.00028334345274236
chrM	7002	7002	0.00164599140872777
chrM	7003	7003	0.000479865637621466
chrM	7004	7004	0.00119693584423875
chrM	7005	7005	0.00515072868836095
chrM	7006	7006	0.00167932826869252
chrM	7007	7007	0.000880845611787316
chrM	7008	7008	0.00484678549969958
chrM	7009	7009	0.00245098039215686
chrM	7010	7010	0.0433067697013604
chrM	7011	7011	0.000418165091578155
chrM	7012	7012	0.00228395830737926
chrM	7013	7013	0.00208003993676679
chrM	7014	7014	0.00320967069612338
chrM	7015	7015	0.00167140230653518
chrM	7016	7016	0.000502218130074496
chrM	7017	7017	0.000418725399882757
chrM	7018	7018	0.00113103217158177
chrM	7019	7019	0.00272593835185573
chrM	7020	7020	0.00130356166687692
chrM	7021	7021	0.00071488645920942
chrM	7022	7022	0.000124968757810547
chrM	7023	7023	8.14863102998696e-05
chrM	7024	7024	4.03209548002097e-05
chrM	7025	7025	0.000120578778135048
chrM	7026	7026	0.000400512656199936
chrM	7027	7027	0.00339728217426059
chrM	7028	7028	0.00348781270044901
chrM	7029	7029	0.00301640926640927
chrM	7030	7030	0.0021377863827041
chrM	7031	7031	0.000727566693613581
chrM	7032	7032	0.000323389117956181
chrM	7033	7033	3.93035412490665e-05
chrM	7034	7034	0.000666274740348814
chrM	7035	7035	0.000897315855181024
chrM	7036	7036	0.0010926402872083
chrM	7037	7037	0.0010546875
chrM	7038	7038	0.000195511065926331
chrM	7039	7039	0.000156433320297223
chrM	7040	7040	0.000312915591019323
chrM	7041	7041	0.00391266922294389
chrM	7042	7042	0.00278846909119472
chrM	7043	7043	0.00181159420289855
chrM	7044	7044	0.000867781634585043
chrM	7045	7045	0.00106538294598114
chrM	7046	7046	7.89608748864937e-05
chrM	7047	7047	0
chrM	7048	7048	0
chrM	7049	7049	0
chrM	7050	7050	0.0017719325878091
chrM	7051	7051	0.000157685181535065
chrM	7052	7052	0.00181366557583882
chrM	7053	7053	0.00264633857334703
chrM	7054	7054	0.000633537913284498
chrM	7055	7055	0.000950909307024843
chrM	7056	7056	0.000158629441624365
chrM	7057	7057	0.00245914643820403
chrM	7058	7058	0.00043734096692112
chrM	7059	7059	0.00186893589947511
chrM	7060	7060	0.00712551251940607
chrM	7061	7061	0.000160333493666827
chrM	7062	7062	0.000440952457307785
chrM	7063	7063	0.000441129290984921
chrM	7064	7064	0.000240722166499499
chrM	7065	7065	0.00116372391653291
chrM	7066	7066	0
chrM	7067	7067	0.000361561947613691
chrM	7068	7068	8.03761604308162e-05
chrM	7069	7069	8.03793907242183e-05
chrM	7070	7070	0.000120535176182249
chrM	7071	7071	0.000160732942216507
chrM	7072	7072	0
chrM	7073	7073	0.000562226416609775
chrM	7074	7074	0.000321388397878837
chrM	7075	7075	0.000281203551199132
chrM	7076	7076	0.000200835475578406
chrM	7077	7077	0.000160687743542361
chrM	7078	7078	0.000682813190344218
chrM	7079	7079	0
chrM	7080	7080	0
chrM	7081	7081	0.000636005883054418
chrM	7082	7082	7.88612436418122e-05
chrM	7083	7083	3.89317137740403e-05
chrM	7084	7084	0.000580158576677625
chrM	7085	7085	0.00141767883826967
chrM	7086	7086	0.00319083360527938
chrM	7087	7087	0.0116976059868493
chrM	7088	7088	0.0153789820578543
chrM	7089	7089	0.0346096654275093
chrM	7090	7090	0.00850916371476975
chrM	7091	7091	0.0111451982447284
chrM	7092	7092	0.0196301676416317
chrM	7093	7093	0.00128138389460617
chrM	7094	7094	0.000440828758065162
chrM	7095	7095	0.00152353460027263
chrM	7096	7096	0.0014052838673412
chrM	7097	7097	0.000281452293836195
chrM	7098	7098	0.000241303036396541
chrM	7099	7099	0.000563153660498793
chrM	7100	7100	0.000402430681315143
chrM	7101	7101	0.000764926124240106
chrM	7102	7102	4.02884654123524e-05
chrM	7103	7103	0.000241730792474115
chrM	7104	7104	0
chrM	7105	7105	0
chrM	7106	7106	4.02917119948427e-05
chrM	7107	7107	0.00104737350950693
chrM	7108	7108	0.000280561122244489
chrM	7109	7109	0.000119784388101417
chrM	7110	7110	0.000238910567810783
chrM	7111	7111	0.000119127983163245
chrM	7112	7112	0.000277436486861401
chrM	7113	7113	0.000673934588701685
chrM	7114	7114	0.00130910821961282
chrM	7115	7115	0.00178741658722593
chrM	7116	7116	0.00760017508256735
chrM	7117	7117	0.00449059781083357
chrM	7118	7118	0.00398695179412831
chrM	7119	7119	0.000566068251657771
chrM	7120	7120	0.000242728265706542
chrM	7121	7121	0.000364180795532716
chrM	7122	7122	0.000161903990933377
chrM	7123	7123	0
chrM	7124	7124	0.000283331984133409
chrM	7125	7125	0.00093042071197411
chrM	7126	7126	0.000283389336464111
chrM	7127	7127	0.000202461937155815
chrM	7128	7128	0
chrM	7129	7129	0
chrM	7130	7130	0.000971817298347911
chrM	7131	7131	0.000728391065069602
chrM	7132	7132	4.04907478641131e-05
chrM	7133	7133	8.09749382566096e-05
chrM	7134	7134	0
chrM	7135	7135	0.000242944487184678
chrM	7136	7136	8.09978940547546e-05
chrM	7137	7137	0.000242934650578994
chrM	7138	7138	0.00601728454890558
chrM	7139	7139	7.90420108287555e-05
chrM	7140	7140	0.000142704245451302
chrM	7141	7141	0.000346392323946101
chrM	7142	7142	0.000234867802979466
chrM	7143	7143	0.000161051343168202
chrM	7144	7144	0.000159083678014636
chrM	7145	7145	0.000826919407162394
chrM	7146	7146	0.000318278748527961
chrM	7147	7147	0.00114471048364018
chrM	7148	7148	0.000668215228943265
chrM	7149	7149	0.0044549099471775
chrM	7150	7150	0.00462578957442736
chrM	7151	7151	0.00115148413510747
chrM	7152	7152	0.000895484201100166
chrM	7153	7153	0.00073520010228871
chrM	7154	7154	0.00073236745741124
chrM	7155	7155	0.0032547038219522
chrM	7156	7156	0.0035322550659974
chrM	7157	7157	0.00152344235791568
chrM	7158	7158	0.0004359197907585
chrM	7159	7159	0.000498411313936826
chrM	7160	7160	0.000592158573832824
chrM	7161	7161	0.000342988993171401
chrM	7162	7162	9.35745477230193e-05
chrM	7163	7163	0.000374333218953739
chrM	7164	7164	0.000280855047589327
chrM	7165	7165	9.36358812697026e-05
chrM	7166	7166	3.12139089178138e-05
chrM	7167	7167	0.00024951656166178
chrM	7168	7168	9.35162094763092e-05
chrM	7169	7169	0.000155821490900025
chrM	7170	7170	0.000280417510515657
chrM	7171	7171	0.00118269530034236
chrM	7172	7172	0.00052000489416371
chrM	7173	7173	0.000458898032857099
chrM	7174	7174	0.000243686984068963
chrM	7175	7175	9.14021083419658e-05
chrM	7176	7176	0.00140162710624943
chrM	7177	7177	0.00567540353339639
chrM	7178	7178	0.00174916377696627
chrM	7179	7179	0.00230556409468183
chrM	7180	7180	0.0012632876290248
chrM	7181	7181	9.25497454881999e-05
chrM	7182	7182	0.000185116623472788
chrM	7183	7183	0.000246867863975807
chrM	7184	7184	0.00052472374837953
chrM	7185	7185	3.08823075260183e-05
chrM	7186	7186	6.17665225447807e-05
chrM	7187	7187	0.000154425844709371
chrM	7188	7188	0.000247111879903626
chrM	7189	7189	0.00259515570934256
chrM	7190	7190	0.000649792685190915
chrM	7191	7191	0.000680272108843537
chrM	7192	7192	0.000185637820611986
chrM	7193	7193	6.1886932574187e-05
chrM	7194	7194	0.000123762376237624
chrM	7195	7195	0.00012377003527446
chrM	7196	7196	0.000247555390518629
chrM	7197	7197	0.000154755640843109
chrM	7198	7198	0.000433369447453954
chrM	7199	7199	0.000712272769502338
chrM	7200	7200	0.000402863429297468
chrM	7201	7201	9.30030691012803e-05
chrM	7202	7202	0.000930088358394047
chrM	7203	7203	3.10318076027929e-05
chrM	7204	7204	9.30983118172791e-05
chrM	7205	7205	0.000248285279786475
chrM	7206	7206	0.000651910719274827
chrM	7207	7207	0.0011182902584493
chrM	7208	7208	0.000684143421339055
chrM	7209	7209	0.000342241996204225
chrM	7210	7210	3.11235605353252e-05
chrM	7211	7211	3.11245292414952e-05
chrM	7212	7212	9.33735877244857e-05
chrM	7213	7213	0
chrM	7214	7214	0
chrM	7215	7215	9.33823071655357e-05
chrM	7216	7216	0
chrM	7217	7217	0
chrM	7218	7218	0
chrM	7219	7219	0
chrM	7220	7220	0
chrM	7221	7221	0
chrM	7222	7222	0
chrM	7223	7223	0.0011187768040276
chrM	7224	7224	0.000311012969240817
chrM	7225	7225	0.00313762037899969
chrM	7226	7226	0.00185202333549403
chrM	7227	7227	0.00260211800302572
chrM	7228	7228	0.00032888835735215
chrM	7229	7229	0.000204290091930541
chrM	7230	7230	0.00167450991714063
chrM	7231	7231	0.00118384200040424
chrM	7232	7232	0.00141626683623331
chrM	7233	7233	0.027292987178374
chrM	7234	7234	0.00791313401755169
chrM	7235	7235	0.0156198470993854
chrM	7236	7236	0.0244563562161174
chrM	7237	7237	0.0156093906093906
chrM	7238	7238	0.00405936826081441
chrM	7239	7239	0.00741943701439307
chrM	7240	7240	0.0151743607840621
chrM	7241	7241	0.00390904944947554
chrM	7242	7242	0.00323762181960887
chrM	7243	7243	0.000590454321797605
chrM	7244	7244	0.00029532403609516
chrM	7245	7245	0.00160650470476378
chrM	7246	7246	0.000393481326032069
chrM	7247	7247	0.00170162636211918
chrM	7248	7248	0.00101479638601545
chrM	7249	7249	0.000523937389481957
chrM	7250	7250	0.000785957558291852
chrM	7251	7251	0.00140914304440439
chrM	7252	7252	0.00354109970818715
chrM	7253	7253	0.00434339113553355
chrM	7254	7254	0.151326877953667
chrM	7255	7255	0.0116405824184381
chrM	7256	7256	0.0273762161736322
chrM	7257	7257	0.00951725255143366
chrM	7258	7258	0.00478390644805168
chrM	7259	7259	0.00102711585866886
chrM	7260	7260	0.00131606004523956
chrM	7261	7261	0.000452973151045956
chrM	7262	7262	0.0141309273678573
chrM	7263	7263	0.000208916558726445
chrM	7264	7264	0.00188001336898396
chrM	7265	7265	8.3678507175432e-05
chrM	7266	7266	0.000292580982236155
chrM	7267	7267	4.17972831765935e-05
chrM	7268	7268	0.000585161964472309
chrM	7269	7269	0.000794513673998495
chrM	7270	7270	0.00179683256027746
chrM	7271	7271	0.00108836703085102
chrM	7272	7272	0.00335232986925913
chrM	7273	7273	0.000294278387354437
chrM	7274	7274	0.0171565535511543
chrM	7275	7275	0.00273820219911864
chrM	7276	7276	0.00561966453605594
chrM	7277	7277	0.0194995685936152
chrM	7278	7278	0.000307990144315382
chrM	7279	7279	0.0021565952202808
chrM	7280	7280	0.00141143260409315
chrM	7281	7281	0.00181087407800009
chrM	7282	7282	0.00243298239405468
chrM	7283	7283	0.000133025895707698
chrM	7284	7284	0.000576522240454122
chrM	7285	7285	0.000132996409096954
chrM	7286	7286	0.00115273775216138
chrM	7287	7287	0.00044387234231435
chrM	7288	7288	0.000398953854337515
chrM	7289	7289	0.0152941696503558
chrM	7290	7290	0.000224215246636771
chrM	7291	7291	0.00170357751277683
chrM	7292	7292	0.000718487583636445
chrM	7293	7293	0.00202210838500944
chrM	7294	7294	0.00243144671079292
chrM	7295	7295	0.0027983390503701
chrM	7296	7296	0.00181036433582258
chrM	7297	7297	0.00208560029017048
chrM	7298	7298	0.000181735574738755
chrM	7299	7299	9.0880174489935e-05
chrM	7300	7300	0
chrM	7301	7301	0
chrM	7302	7302	0
chrM	7303	7303	0.000363487664137398
chrM	7304	7304	0.000136345043857656
chrM	7305	7305	0.00059074797782423
chrM	7306	7306	0.000181859513525801
chrM	7307	7307	0.000272801673183596
chrM	7308	7308	4.54772840965937e-05
chrM	7309	7309	0
chrM	7310	7310	9.09214892939946e-05
chrM	7311	7311	0.000181859513525801
chrM	7312	7312	0.000636595125500182
chrM	7313	7313	0.0103740103740104
chrM	7314	7314	0.00202289549905751
chrM	7315	7315	0.00179657269209508
chrM	7316	7316	0.000553786515298353
chrM	7317	7317	9.23361034164358e-05
chrM	7318	7318	0.0150060024009604
chrM	7319	7319	0.000328130127033235
chrM	7320	7320	0.00140673356466285
chrM	7321	7321	0.000234785875281743
chrM	7322	7322	0.000187872810107557
chrM	7323	7323	0.00023488514116597
chrM	7324	7324	4.6988065031482e-05
chrM	7325	7325	0.000563883276161835
chrM	7326	7326	9.40335699844845e-05
chrM	7327	7327	0.000235106032820802
chrM	7328	7328	4.70322641331954e-05
chrM	7329	7329	0
chrM	7330	7330	9.40689525422134e-05
chrM	7331	7331	4.70344762711067e-05
chrM	7332	7332	0
chrM	7333	7333	0
chrM	7334	7334	0
chrM	7335	7335	9.40689525422134e-05
chrM	7336	7336	4.70389011712686e-05
chrM	7337	7337	9.40733772342427e-05
chrM	7338	7338	9.40778023425373e-05
chrM	7339	7339	4.70234176619957e-05
chrM	7340	7340	0
chrM	7341	7341	0
chrM	7342	7342	4.36643087939918e-05
chrM	7343	7343	0.000348492768775048
chrM	7344	7344	0.00365312690267026
chrM	7345	7345	0.00399461595241197
chrM	7346	7346	0.00747111458604813
chrM	7347	7347	0.0141245408430995
chrM	7348	7348	0.00526292512493919
chrM	7349	7349	0.00480128034142438
chrM	7350	7350	0.0123715944618133
chrM	7351	7351	0.0153241117439653
chrM	7352	7352	0.0143224384869629
chrM	7353	7353	0.00339945981186551
chrM	7354	7354	0.00200915802261471
chrM	7355	7355	0.000561587420441782
chrM	7356	7356	0.000280938334035679
chrM	7357	7357	4.68208633767207e-05
chrM	7358	7358	0.00042136804157498
chrM	7359	7359	0.00042136804157498
chrM	7360	7360	0.000234192037470726
chrM	7361	7361	0.000140548137737175
chrM	7362	7362	0.000140567894292943
chrM	7363	7363	4.68625521345892e-05
chrM	7364	7364	0
chrM	7365	7365	0
chrM	7366	7366	0
chrM	7367	7367	0
chrM	7368	7368	0
chrM	7369	7369	4.68384074941452e-05
chrM	7370	7370	0
chrM	7371	7371	4.68120962456699e-05
chrM	7372	7372	4.67661226207735e-05
chrM	7373	7373	4.67683097932841e-05
chrM	7374	7374	0
chrM	7375	7375	0
chrM	7376	7376	0.000233765019402497
chrM	7377	7377	0.000185890882052235
chrM	7378	7378	4.62556084925297e-05
chrM	7379	7379	4.61446172304001e-05
chrM	7380	7380	9.22381589263478e-05
chrM	7381	7381	0.000599244030607541
chrM	7382	7382	0.00165403170227429
chrM	7383	7383	0.00322105650653414
chrM	7384	7384	0.00369293265014079
chrM	7385	7385	0.0561990363232024
chrM	7386	7386	0.0017670446178766
chrM	7387	7387	0.0020649982791681
chrM	7388	7388	0.000246341823914864
chrM	7389	7389	0.000394205183798167
chrM	7390	7390	9.85901607019619e-05
chrM	7391	7391	0.000788799053441136
chrM	7392	7392	4.93388592855733e-05
chrM	7393	7393	0.00167752121570949
chrM	7394	7394	0.000642482949490956
chrM	7395	7395	0.000939617229612779
chrM	7396	7396	0.000148500148500148
chrM	7397	7397	0.00034655180949552
chrM	7398	7398	9.9039318609488e-05
chrM	7399	7399	0.000346620450606586
chrM	7400	7400	0.000445390211312911
chrM	7401	7401	4.94535384006726e-05
chrM	7402	7402	9.88875154511743e-05
chrM	7403	7403	4.94339809184834e-05
chrM	7404	7404	9.87313027595399e-05
chrM	7405	7405	4.93534695489093e-05
chrM	7406	7406	0
chrM	7407	7407	0
chrM	7408	7408	9.8599881680142e-05
chrM	7409	7409	9.86096045754857e-05
chrM	7410	7410	9.86047428881329e-05
chrM	7411	7411	0
chrM	7412	7412	0.00019698611247907
chrM	7413	7413	4.92465281197676e-05
chrM	7414	7414	0.000295391886569516
chrM	7415	7415	0.000196976412074654
chrM	7416	7416	0.000394011032308905
chrM	7417	7417	0.00339968466692944
chrM	7418	7418	0.00118653285212834
chrM	7419	7419	0.00311834876008514
chrM	7420	7420	0.0019364448857994
chrM	7421	7421	0.000298462915982689
chrM	7422	7422	0
chrM	7423	7423	4.9753719090502e-05
chrM	7424	7424	0
chrM	7425	7425	9.94678470184513e-05
chrM	7426	7426	0
chrM	7427	7427	4.97314501690869e-05
chrM	7428	7428	4.97240316244841e-05
chrM	7429	7429	0
chrM	7430	7430	0
chrM	7431	7431	9.9403578528827e-05
chrM	7432	7432	0
chrM	7433	7433	0
chrM	7434	7434	0
chrM	7435	7435	0
chrM	7436	7436	0
chrM	7437	7437	0
chrM	7438	7438	0
chrM	7439	7439	0
chrM	7440	7440	0
chrM	7441	7441	0
chrM	7442	7442	0.000297412511152969
chrM	7443	7443	0.000148728372415845
chrM	7444	7444	0.000198324160840894
chrM	7445	7445	0.000148765248437965
chrM	7446	7446	0.000495957942766453
chrM	7447	7447	0.00148861211730263
chrM	7448	7448	0.00978930630093421
chrM	7449	7449	0.000250789988463661
chrM	7450	7450	0.000200491203448449
chrM	7451	7451	0.000100250626566416
chrM	7452	7452	0
chrM	7453	7453	0
chrM	7454	7454	0.000501102425335739
chrM	7455	7455	0.00025062656641604
chrM	7456	7456	5.01378791677112e-05
chrM	7457	7457	0
chrM	7458	7458	0.000150421179302046
chrM	7459	7459	0
chrM	7460	7460	0.000100290843445993
chrM	7461	7461	0
chrM	7462	7462	0
chrM	7463	7463	5.01504513540622e-05
chrM	7464	7464	0
chrM	7465	7465	5.01529665479713e-05
chrM	7466	7466	0
chrM	7467	7467	0.00015044380923725
chrM	7468	7468	0
chrM	7469	7469	0
chrM	7470	7470	0
chrM	7471	7471	0
chrM	7472	7472	0
chrM	7473	7473	0.000150466445982546
chrM	7474	7474	0
chrM	7475	7475	0
chrM	7476	7476	5.01605136436597e-05
chrM	7477	7477	0.00451467268623025
chrM	7478	7478	0
chrM	7479	7479	0.000201562106324011
chrM	7480	7480	5.04006854493221e-05
chrM	7481	7481	0.000554435483870968
chrM	7482	7482	0.000151263046437755
chrM	7483	7483	5.04286434694907e-05
chrM	7484	7484	0.00247112814564527
chrM	7485	7485	0.000505458956732713
chrM	7486	7486	0.000606765434595743
chrM	7487	7487	0.000505944852011131
chrM	7488	7488	0.000658061250316376
chrM	7489	7489	0.000962415155506028
chrM	7490	7490	0.00628548256285483
chrM	7491	7491	0.00326247642351022
chrM	7492	7492	0.00383396380738166
chrM	7493	7493	0.00153940886699507
chrM	7494	7494	0.00601295097132285
chrM	7495	7495	0.00227495992968306
chrM	7496	7496	0.00269444012643142
chrM	7497	7497	0.00166259676832753
chrM	7498	7498	0.00130106687483737
chrM	7499	7499	0.000781412794332153
chrM	7500	7500	0.000208528829110625
chrM	7501	7501	5.21403618541113e-05
chrM	7502	7502	0
chrM	7503	7503	5.21430806132026e-05
chrM	7504	7504	0.000156437398967513
chrM	7505	7505	0
chrM	7506	7506	0
chrM	7507	7507	0
chrM	7508	7508	0
chrM	7509	7509	0
chrM	7510	7510	5.21050437682368e-05
chrM	7511	7511	0
chrM	7512	7512	0
chrM	7513	7513	0
chrM	7514	7514	5.19939686996308e-05
chrM	7515	7515	0
chrM	7516	7516	0
chrM	7517	7517	0.000155965687548739
chrM	7518	7518	0.00348359590287527
chrM	7519	7519	0.00447217888715549
chrM	7520	7520	0.0029218407596786
chrM	7521	7521	0.00245610367892977
chrM	7522	7522	0.000104646295521139
chrM	7523	7523	0.000156944807742611
chrM	7524	7524	0.00219745722806467
chrM	7525	7525	0.0007340219157972
chrM	7526	7526	0.00272836979904507
chrM	7527	7527	0.0028410585573736
chrM	7528	7528	0.00153010077560281
chrM	7529	7529	0.000475586556753329
chrM	7530	7530	0.000105725009250938
chrM	7531	7531	0
chrM	7532	7532	0
chrM	7533	7533	0
chrM	7534	7534	0
chrM	7535	7535	0
chrM	7536	7536	0
chrM	7537	7537	0
chrM	7538	7538	0.000317175027752815
chrM	7539	7539	0.000158637829834488
chrM	7540	7540	0.0001057753331923
chrM	7541	7541	0.000211573045593991
chrM	7542	7542	5.29044545550735e-05
chrM	7543	7543	0.000158713363665221
chrM	7544	7544	5.291285253188e-05
chrM	7545	7545	0
chrM	7546	7546	0
chrM	7547	7547	0
chrM	7548	7548	0
chrM	7549	7549	0
chrM	7550	7550	5.28345749458446e-05
chrM	7551	7551	0.000105646822671808
chrM	7552	7552	0.000316890250343298
chrM	7553	7553	0.000105657985102224
chrM	7554	7554	0.000948316737790422
chrM	7555	7555	0.00165546302799237
chrM	7556	7556	9.53743443013829e-05
chrM	7557	7557	0
chrM	7558	7558	0
chrM	7559	7559	0.000835111812192632
chrM	7560	7560	0.011038961038961
chrM	7561	7561	0.010362937259683
chrM	7562	7562	0.0154939587775409
chrM	7563	7563	0.00635103926096998
chrM	7564	7564	0.00261475886112725
chrM	7565	7565	0.000728190688868392
chrM	7566	7566	0.000291488534784299
chrM	7567	7567	9.71911750413062e-05
chrM	7568	7568	0.000145800933125972
chrM	7569	7569	0
chrM	7570	7570	0
chrM	7571	7571	4.86050354816759e-05
chrM	7572	7572	4.86073980459826e-05
chrM	7573	7573	9.72195216799533e-05
chrM	7574	7574	0
chrM	7575	7575	9.72242477273832e-05
chrM	7576	7576	9.72337012008362e-05
chrM	7577	7577	0.000243036990229913
chrM	7578	7578	4.86121238636916e-05
chrM	7579	7579	0
chrM	7580	7580	9.72053462940462e-05
chrM	7581	7581	4.85696245568022e-05
chrM	7582	7582	0.00023623907394283
chrM	7583	7583	9.44733112895607e-05
chrM	7584	7584	0.000377911096414568
chrM	7585	7585	0
chrM	7586	7586	0.000425290615253757
chrM	7587	7587	9.45492365149151e-05
chrM	7588	7588	0.000756465415346792
chrM	7589	7589	0.000378519044239413
chrM	7590	7590	0.000141991669822037
chrM	7591	7591	4.73372781065089e-05
chrM	7592	7592	0
chrM	7593	7593	0
chrM	7594	7594	0
chrM	7595	7595	4.73327968949685e-05
chrM	7596	7596	0.000141951358001325
chrM	7597	7597	0.000141971511050116
chrM	7598	7598	0.000141991669822037
chrM	7599	7599	0.000142011834319527
chrM	7600	7600	0
chrM	7601	7601	0
chrM	7602	7602	0
chrM	7603	7603	0
chrM	7604	7604	0
chrM	7605	7605	0
chrM	7606	7606	0
chrM	7607	7607	4.73148805299267e-05
chrM	7608	7608	0
chrM	7609	7609	0
chrM	7610	7610	0.000283848992336077
chrM	7611	7611	0.00123030331708702
chrM	7612	7612	0.000947463167369369
chrM	7613	7613	0.000474180852577173
chrM	7614	7614	0.00018976232269083
chrM	7615	7615	0.000426985482493595
chrM	7616	7616	0.000142342000379579
chrM	7617	7617	0
chrM	7618	7618	0
chrM	7619	7619	0
chrM	7620	7620	0.000187890459861901
chrM	7621	7621	0
chrM	7622	7622	0.00140917844896425
chrM	7623	7623	0.00018811136192626
chrM	7624	7624	0.000235139202407825
chrM	7625	7625	0.000376275810168854
chrM	7626	7626	0.00879875782242507
chrM	7627	7627	0.0140477433439324
chrM	7628	7628	0.00341756919374248
chrM	7629	7629	0.00193199381761978
chrM	7630	7630	0.000629082990563755
chrM	7631	7631	0.00256621314094805
chrM	7632	7632	0.000776359842787132
chrM	7633	7633	0.000145680571067839
chrM	7634	7634	4.85649069982031e-05
chrM	7635	7635	0.000242824534991015
chrM	7636	7636	0
chrM	7637	7637	4.85767026134266e-05
chrM	7638	7638	0.000242812742812743
chrM	7639	7639	0
chrM	7640	7640	0.00135685210312076
chrM	7641	7641	0.000385133834007318
chrM	7642	7642	0.00121671580326641
chrM	7643	7643	0.00191392026888246
chrM	7644	7644	0.00153867673800532
chrM	7645	7645	0.00118026238140633
chrM	7646	7646	0.00226973534885832
chrM	7647	7647	0.00572597137014315
chrM	7648	7648	0.0110598235912435
chrM	7649	7649	0.0117777469862824
chrM	7650	7650	0.00154198401943834
chrM	7651	7651	0.00126239012530391
chrM	7652	7652	0.00380316311859376
chrM	7653	7653	0.000378644452858766
chrM	7654	7654	0.000123946455131383
chrM	7655	7655	0.000123492364055489
chrM	7656	7656	0.0022372274650179
chrM	7657	7657	0.00101857887874837
chrM	7658	7658	0.00126386170906719
chrM	7659	7659	0.000774940859776491
chrM	7660	7660	0.00158330626826892
chrM	7661	7661	0.000892567348263551
chrM	7662	7662	0.000405794749015948
chrM	7663	7663	0.000121615047835252
chrM	7664	7664	0.000162133679218516
chrM	7665	7665	0.000120414224933772
chrM	7666	7666	0
chrM	7667	7667	0
chrM	7668	7668	0
chrM	7669	7669	4.00994466276365e-05
chrM	7670	7670	4.00994466276365e-05
chrM	7671	7671	0.000240480961923848
chrM	7672	7672	0.000240538806927518
chrM	7673	7673	8.01956774529853e-05
chrM	7674	7674	0
chrM	7675	7675	0
chrM	7676	7676	0.000360374789781373
chrM	7677	7677	0.000119947223221782
chrM	7678	7678	7.99744081893794e-05
chrM	7679	7679	3.99888031351222e-05
chrM	7680	7680	0.00127969287371031
chrM	7681	7681	0.0122527428525667
chrM	7682	7682	0.000526955816781516
chrM	7683	7683	0.000446120777061281
chrM	7684	7684	4.05745354215694e-05
chrM	7685	7685	0.00174470502312749
chrM	7686	7686	8.12875955129247e-05
chrM	7687	7687	0.000162588407446549
chrM	7688	7688	0.000691056910569106
chrM	7689	7689	0.00166781922466745
chrM	7690	7690	0.00211847144137538
chrM	7691	7691	0.000530677225782749
chrM	7692	7692	0.000326743996079072
chrM	7693	7693	8.1712698153293e-05
chrM	7694	7694	0
chrM	7695	7695	0
chrM	7696	7696	0
chrM	7697	7697	0
chrM	7698	7698	0
chrM	7699	7699	0
chrM	7700	7700	0
chrM	7701	7701	0
chrM	7702	7702	0.000477194098699646
chrM	7703	7703	0.00103433186139953
chrM	7704	7704	0.00031854742374771
chrM	7705	7705	0.000358437213748058
chrM	7706	7706	0.000199179380950484
chrM	7707	7707	0
chrM	7708	7708	0.000199139716425044
chrM	7709	7709	0
chrM	7710	7710	0.000118896639188332
chrM	7711	7711	3.95820139328689e-05
chrM	7712	7712	3.95038318716916e-05
chrM	7713	7713	3.94586276289311e-05
chrM	7714	7714	3.94430639372066e-05
chrM	7715	7715	3.94430639372066e-05
chrM	7716	7716	0
chrM	7717	7717	7.88799053441136e-05
chrM	7718	7718	0.000354931577079307
chrM	7719	7719	0.00630914826498423
chrM	7720	7720	0.00119042895123209
chrM	7721	7721	0.00131098045447322
chrM	7722	7722	0.00107398568019093
chrM	7723	7723	0.000915823843274668
chrM	7724	7724	0.0011158935118763
chrM	7725	7725	0.00127551020408163
chrM	7726	7726	0.00223454770360321
chrM	7727	7727	0.00435738556865881
chrM	7728	7728	0.000883250361329693
chrM	7729	7729	0.000321427136485998
chrM	7730	7730	0.000281327867534764
chrM	7731	7731	0.00040180006428801
chrM	7732	7732	0.000120540019286403
chrM	7733	7733	0
chrM	7734	7734	0.00015964877270006
chrM	7735	7735	0.00269456332223807
chrM	7736	7736	7.80518264127381e-05
chrM	7737	7737	0.000193896149222476
chrM	7738	7738	0.000464954085784029
chrM	7739	7739	0.000193783427641268
chrM	7740	7740	0.00647261734041316
chrM	7741	7741	0.00280384750184976
chrM	7742	7742	0.00105398758636843
chrM	7743	7743	0.00132620821468971
chrM	7744	7744	0.000154894671623296
chrM	7745	7745	0.000114307487140408
chrM	7746	7746	7.60138345178823e-05
chrM	7747	7747	0.000795093139482054
chrM	7748	7748	0.00162681598062954
chrM	7749	7749	0.00211992731677771
chrM	7750	7750	0.00159283980582524
chrM	7751	7751	0.00125246698041597
chrM	7752	7752	0.0173202737964679
chrM	7753	7753	0.024919553992367
chrM	7754	7754	0.0321937222241663
chrM	7755	7755	0.0334280639431616
chrM	7756	7756	0.0161231220227189
chrM	7757	7757	0.00260445734270938
chrM	7758	7758	0.00182679044103941
chrM	7759	7759	0.00119358448340172
chrM	7760	7760	0.00280038832051378
chrM	7761	7761	0.00610212638514525
chrM	7762	7762	0.0036453831410425
chrM	7763	7763	0.0081447963800905
chrM	7764	7764	0.00345810374311229
chrM	7765	7765	0.00316359201097728
chrM	7766	7766	0.00542917224240107
chrM	7767	7767	0.00142209239757091
chrM	7768	7768	7.69230769230769e-05
chrM	7769	7769	3.82336073408526e-05
chrM	7770	7770	0.00057343833626424
chrM	7771	7771	0.00118424571188448
chrM	7772	7772	0.00019121190102872
chrM	7773	7773	0.000344220913332823
chrM	7774	7774	0.000267819566132303
chrM	7775	7775	0.000382643299915818
chrM	7776	7776	0.000114779814056701
chrM	7777	7777	0.000612159008302407
chrM	7778	7778	0.000191350937619594
chrM	7779	7779	0.000152765047357165
chrM	7780	7780	3.73120405955002e-05
chrM	7781	7781	0
chrM	7782	7782	0
chrM	7783	7783	3.6787698193724e-05
chrM	7784	7784	0.00047811695476278
chrM	7785	7785	3.66354044548652e-05
chrM	7786	7786	0.000366206467206211
chrM	7787	7787	0.000987202925045704
chrM	7788	7788	0.00227955277345587
chrM	7789	7789	0.00050526923632164
chrM	7790	7790	0.000360503262554526
chrM	7791	7791	0.000828709375225193
chrM	7792	7792	0.000108147080028839
chrM	7793	7793	7.21058513898403e-05
chrM	7794	7794	0.00126189789443323
chrM	7795	7795	0.000288683602771363
chrM	7796	7796	0.00054137943479987
chrM	7797	7797	0.000649702219815918
chrM	7798	7798	0.00270650644148533
chrM	7799	7799	0.000144227302228312
chrM	7800	7800	0.000107777977366625
chrM	7801	7801	0.000143642044026287
chrM	7802	7802	0.000287273771904625
chrM	7803	7803	0.00140025850926325
chrM	7804	7804	0.000646389198118289
chrM	7805	7805	0.000538947973555619
chrM	7806	7806	0.00053898670499461
chrM	7807	7807	3.59518245550962e-05
chrM	7808	7808	3.59531171352556e-05
chrM	7809	7809	0.000107863229425089
chrM	7810	7810	0.000143827981733846
chrM	7811	7811	0
chrM	7812	7812	0
chrM	7813	7813	0
chrM	7814	7814	0.000143358899003656
chrM	7815	7815	0.000142333558694801
chrM	7816	7816	0
chrM	7817	7817	0.000106469815807219
chrM	7818	7818	0
chrM	7819	7819	0.00170273146505853
chrM	7820	7820	0.00127913587265492
chrM	7821	7821	0.00096058061761776
chrM	7822	7822	0.000534169011075104
chrM	7823	7823	0.000427563600085513
chrM	7824	7824	0.000784118045407563
chrM	7825	7825	0.00117600940807526
chrM	7826	7826	0.000142714428428714
chrM	7827	7827	0.000570939194975735
chrM	7828	7828	0.000357028098111321
chrM	7829	7829	0.000107054919173536
chrM	7830	7830	0.0003140374751387
chrM	7831	7831	0.000483358652119873
chrM	7832	7832	0.00213907374711395
chrM	7833	7833	0.00103706677371872
chrM	7834	7834	0.0017649365930187
chrM	7835	7835	0.00255771036358338
chrM	7836	7836	0.00136542613997206
chrM	7837	7837	0.0156835574591377
chrM	7838	7838	0.00755595230504368
chrM	7839	7839	0.0219336219336219
chrM	7840	7840	0.015732546705998
chrM	7841	7841	0.0290651218537755
chrM	7842	7842	0.00887928965682745
chrM	7843	7843	0.00415052573325955
chrM	7844	7844	0.00475727481075075
chrM	7845	7845	0.00536361103371413
chrM	7846	7846	0.00168055458301239
chrM	7847	7847	0.00157806143919203
chrM	7848	7848	0.00920169985600393
chrM	7849	7849	0.00343764397349116
chrM	7850	7850	0.000462304409672831
chrM	7851	7851	0.00021346995410396
chrM	7852	7852	3.5540391655116e-05
chrM	7853	7853	0.000390555654180721
chrM	7854	7854	0.000921855056020423
chrM	7855	7855	0.000619856055649299
chrM	7856	7856	0.00103043209452497
chrM	7857	7857	0.00116870617351849
chrM	7858	7858	0.000791248107884959
chrM	7859	7859	0.00850404544672061
chrM	7860	7860	0.00437530384054448
chrM	7861	7861	0.00558016252223346
chrM	7862	7862	0.0033318135587276
chrM	7863	7863	0.00218125527723051
chrM	7864	7864	0.00222096876542339
chrM	7865	7865	0.00109335872747152
chrM	7866	7866	0.000173196161973051
chrM	7867	7867	0
chrM	7868	7868	0.000199448193331782
chrM	7869	7869	3.31895121141719e-05
chrM	7870	7870	0.000331740976645435
chrM	7871	7871	0.00126095035837537
chrM	7872	7872	0.00408665027576583
chrM	7873	7873	0.00266853464091531
chrM	7874	7874	0.00377913782147754
chrM	7875	7875	0.00845949847259055
chrM	7876	7876	0.00033855841825507
chrM	7877	7877	0.000237071155213872
chrM	7878	7878	0.00118555653411016
chrM	7879	7879	0.000440872248787601
chrM	7880	7880	0.00115355906900997
chrM	7881	7881	0.000543478260869565
chrM	7882	7882	0.000951571792693288
chrM	7883	7883	0.00170085382862197
chrM	7884	7884	0.00136262987566002
chrM	7885	7885	0.000375183328217197
chrM	7886	7886	0.000102361130066876
chrM	7887	7887	0.000102371608940454
chrM	7888	7888	6.82547266398198e-05
chrM	7889	7889	6.8259385665529e-05
chrM	7890	7890	3.41320226636631e-05
chrM	7891	7891	0.000102375102375102
chrM	7892	7892	0.000374519083449661
chrM	7893	7893	0.000136193394620361
chrM	7894	7894	0
chrM	7895	7895	0
chrM	7896	7896	0
chrM	7897	7897	0.000102103328568511
chrM	7898	7898	3.40379182409204e-05
chrM	7899	7899	3.40390768602356e-05
chrM	7900	7900	0.00156542453632806
chrM	7901	7901	0.000271214021764925
chrM	7902	7902	0.000677989084375742
chrM	7903	7903	6.78104021156845e-05
chrM	7904	7904	0
chrM	7905	7905	0.000711912672045562
chrM	7906	7906	0.000305312436393242
chrM	7907	7907	0.000848176420695505
chrM	7908	7908	0.000373501748667278
chrM	7909	7909	0.000101902173913043
chrM	7910	7910	3.39685451272122e-05
chrM	7911	7911	0
chrM	7912	7912	0.000101902173913043
chrM	7913	7913	0
chrM	7914	7914	0.000169842725636061
chrM	7915	7915	0.000237812128418549
chrM	7916	7916	3.39777785328395e-05
chrM	7917	7917	0.000135911114131358
chrM	7918	7918	0.000849242475711665
chrM	7919	7919	0.00155573593073593
chrM	7920	7920	0.000297589524848725
chrM	7921	7921	0.000395713107996702
chrM	7922	7922	0.000494429428439581
chrM	7923	7923	0.000362294973980634
chrM	7924	7924	0.00325947387482303
chrM	7925	7925	0.00208085612366231
chrM	7926	7926	0.00254857180683812
chrM	7927	7927	0.00650233885147464
chrM	7928	7928	0.00267129691465206
chrM	7929	7929	0.000703093611892326
chrM	7930	7930	0.00767246289409321
chrM	7931	7931	0.00128283032880967
chrM	7932	7932	0.0200108166576528
chrM	7933	7933	0.00103476821192053
chrM	7934	7934	0.00217526413921691
chrM	7935	7935	0.000449842555105713
chrM	7936	7936	0.000242331925500242
chrM	7937	7937	0.000311645140067177
chrM	7938	7938	0.000103906899418121
chrM	7939	7939	0.000415656390717007
chrM	7940	7940	0.000346524360662555
chrM	7941	7941	0.000173316232798364
chrM	7942	7942	0.00156011648869782
chrM	7943	7943	0.00187480470784293
chrM	7944	7944	0.000347838185676023
chrM	7945	7945	0.000313163297261561
chrM	7946	7946	0.00368939473043055
chrM	7947	7947	6.98689956331878e-05
chrM	7948	7948	6.98738776508402e-05
chrM	7949	7949	0.000209636281052374
chrM	7950	7950	0.000349467062729338
chrM	7951	7951	0.00157315154693235
chrM	7952	7952	3.50140056022409e-05
chrM	7953	7953	0.00276620329843482
chrM	7954	7954	0.000140444506864225
chrM	7955	7955	0.00101807969106547
chrM	7956	7956	0
chrM	7957	7957	3.51209918168089e-05
chrM	7958	7958	0
chrM	7959	7959	0.000280977802753582
chrM	7960	7960	0.000245924676784711
chrM	7961	7961	0.000702814773166532
chrM	7962	7962	0.000246054342859151
chrM	7963	7963	0.00014050370578524
chrM	7964	7964	0.000453878919069897
chrM	7965	7965	0
chrM	7966	7966	3.45137019396701e-05
chrM	7967	7967	0.000206846623228876
chrM	7968	7968	0.00151259926432672
chrM	7969	7969	0.00254374205080609
chrM	7970	7970	0.00258451359454151
chrM	7971	7971	0.00409779614325069
chrM	7972	7972	0.00317756363761959
chrM	7973	7973	0.00141740994261218
chrM	7974	7974	0.0392366992774916
chrM	7975	7975	0.00176163940319971
chrM	7976	7976	0.00880091960629356
chrM	7977	7977	0.00563298909511085
chrM	7978	7978	0.00391375249139337
chrM	7979	7979	0.0472560975609756
chrM	7980	7980	0.0166150169883882
chrM	7981	7981	0.0199855891387614
chrM	7982	7982	0.0219482978476757
chrM	7983	7983	0.00470077029429192
chrM	7984	7984	0.0161533576758216
chrM	7985	7985	0.0058493686715882
chrM	7986	7986	0.00259655955858487
chrM	7987	7987	0.00109827530100879
chrM	7988	7988	0.0034613348536059
chrM	7989	7989	0.00318679522797843
chrM	7990	7990	0.00147553078121157
chrM	7991	7991	0.000328339831725836
chrM	7992	7992	0.00131379069671963
chrM	7993	7993	0.000452191071281756
chrM	7994	7994	8.22503701266656e-05
chrM	7995	7995	4.11234938520377e-05
chrM	7996	7996	8.22469877040753e-05
chrM	7997	7997	0.000123304562268804
chrM	7998	7998	0
chrM	7999	7999	0.000246295308074381
chrM	8000	8000	0
chrM	8001	8001	4.09634605931509e-05
chrM	8002	8002	0.000368037948801832
chrM	8003	8003	0.00137768953361157
chrM	8004	8004	0.00141792254091719
chrM	8005	8005	0.000851305334846765
chrM	8006	8006	0.000446229361892012
chrM	8007	8007	0.000121753246753247
chrM	8008	8008	4.05893574704712e-05
chrM	8009	8009	4.05910050332846e-05
chrM	8010	8010	0
chrM	8011	8011	8.11227387036586e-05
chrM	8012	8012	0
chrM	8013	8013	0.000121580547112462
chrM	8014	8014	4.04956669636349e-05
chrM	8015	8015	0
chrM	8016	8016	3.8972680151214e-05
chrM	8017	8017	0.000184318206952483
chrM	8018	8018	0.000145158949049209
chrM	8019	8019	0
chrM	8020	8020	7.07338638373121e-05
chrM	8021	8021	3.51629804142199e-05
chrM	8022	8022	6.99080708867839e-05
chrM	8023	8023	0.00136325503355705
chrM	8024	8024	0.000874462205743468
chrM	8025	8025	0.00384924939636771
chrM	8026	8026	0.00210563256711704
chrM	8027	8027	0.000632688927943761
chrM	8028	8028	0.000281343414805697
chrM	8029	8029	0.000246140862899539
chrM	8030	8030	0.000175827267292612
chrM	8031	8031	0.000246071642000914
chrM	8032	8032	0.000421748146065441
chrM	8033	8033	0.000349174203009882
chrM	8034	8034	0.000244285465014832
chrM	8035	8035	3.49015775513053e-05
chrM	8036	8036	0.000452803901079763
chrM	8037	8037	0.000487855873436248
chrM	8038	8038	0.00216155911166893
chrM	8039	8039	0.000698787603507914
chrM	8040	8040	0.00125856523563138
chrM	8041	8041	0.0005249343832021
chrM	8042	8042	0.00981968129717641
chrM	8043	8043	0.00190482909450069
chrM	8044	8044	0.00180141994277843
chrM	8045	8045	0.00102520592498321
chrM	8046	8046	0.0259574919545921
chrM	8047	8047	0.00935901621503972
chrM	8048	8048	0.0161443842436667
chrM	8049	8049	0.0207992260753088
chrM	8050	8050	0.00524375878709579
chrM	8051	8051	0.00324687726803927
chrM	8052	8052	0.0032957768069288
chrM	8053	8053	0.00311442633035989
chrM	8054	8054	0.00331700543834613
chrM	8055	8055	0.0011609457838319
chrM	8056	8056	0.000193715857580102
chrM	8057	8057	0.000581260172053011
chrM	8058	8058	3.87732154627583e-05
chrM	8059	8059	0.00023263929277655
chrM	8060	8060	0.000891991467907698
chrM	8061	8061	0.00279481406723081
chrM	8062	8062	0.00144024912417283
chrM	8063	8063	7.79635910030016e-05
chrM	8064	8064	3.89833151411196e-05
chrM	8065	8065	7.79666302822392e-05
chrM	8066	8066	0.000311890838206628
chrM	8067	8067	0.000194992590281569
chrM	8068	8068	0.000117018371884386
chrM	8069	8069	0.000195053444643832
chrM	8070	8070	0.000117054898747513
chrM	8071	8071	0
chrM	8072	8072	0
chrM	8073	8073	0
chrM	8074	8074	0
chrM	8075	8075	0.000351096200358898
chrM	8076	8076	0.00050698073473208
chrM	8077	8077	0.000312146396660034
chrM	8078	8078	0.000117091448421217
chrM	8079	8079	3.90350534780233e-05
chrM	8080	8080	0.000117109731818714
chrM	8081	8081	0.00257661526449346
chrM	8082	8082	0.00109593330463032
chrM	8083	8083	0.000548546352166758
chrM	8084	8084	0.0574721655951074
chrM	8085	8085	0.000124781632143748
chrM	8086	8086	0.00311993011356546
chrM	8087	8087	0.000459021866132532
chrM	8088	8088	0.000542729511960923
chrM	8089	8089	0.00075187969924812
chrM	8090	8090	0.000459271011648783
chrM	8091	8091	0.000584795321637427
chrM	8092	8092	0.000919501797208058
chrM	8093	8093	0.00455952480548816
chrM	8094	8094	0.000378198932638568
chrM	8095	8095	0.000882798049436691
chrM	8096	8096	0.00100980350906719
chrM	8097	8097	0.0142351752021563
chrM	8098	8098	0.000427222625710258
chrM	8099	8099	0.000469924812030075
chrM	8100	8100	0.000726495726495726
chrM	8101	8101	0.000726930642264603
chrM	8102	8102	0.00158329410757842
chrM	8103	8103	0.00432881878964512
chrM	8104	8104	0.0210055096418733
chrM	8105	8105	0.0100246218782976
chrM	8106	8106	0.0110143897672766
chrM	8107	8107	0.00462547152865098
chrM	8108	8108	0.000947354175125186
chrM	8109	8109	9.03097624853247e-05
chrM	8110	8110	0
chrM	8111	8111	4.51589595375723e-05
chrM	8112	8112	4.5160998961297e-05
chrM	8113	8113	0
chrM	8114	8114	9.03260771384699e-05
chrM	8115	8115	0
chrM	8116	8116	0
chrM	8117	8117	0
chrM	8118	8118	0
chrM	8119	8119	0
chrM	8120	8120	0
chrM	8121	8121	0
chrM	8122	8122	9.03342366757001e-05
chrM	8123	8123	0.00523985906585961
chrM	8124	8124	0.000227045681591136
chrM	8125	8125	0.00204387518735523
chrM	8126	8126	0.000364099763335154
chrM	8127	8127	0.000227645237661628
chrM	8128	8128	4.55394143631313e-05
chrM	8129	8129	0.000955892393827666
chrM	8130	8130	0.000683433570256971
chrM	8131	8131	0.000820681165367255
chrM	8132	8132	0.00451745379876797
chrM	8133	8133	0.000504217088375504
chrM	8134	8134	0.00715432240311855
chrM	8135	8135	0.00808351425008083
chrM	8136	8136	0.00265400195558039
chrM	8137	8137	0.00126032768519815
chrM	8138	8138	0.0106497267504321
chrM	8139	8139	0.0105064782096584
chrM	8140	8140	0.00285551113649343
chrM	8141	8141	0.00128620426829268
chrM	8142	8142	0.00114465588782372
chrM	8143	8143	0.0019576012223071
chrM	8144	8144	0.00813202583114088
chrM	8145	8145	0.00380888096041657
chrM	8146	8146	0.00367789392179636
chrM	8147	8147	0.00271950271950272
chrM	8148	8148	0.0010225446754638
chrM	8149	8149	0.000828621563657633
chrM	8150	8150	0.0075609756097561
chrM	8151	8151	0.00167109014056817
chrM	8152	8152	0.00664566308949493
chrM	8153	8153	0.00985490021294508
chrM	8154	8154	0.00329884540410856
chrM	8155	8155	0.00120318844939089
chrM	8156	8156	0.000300978179082017
chrM	8157	8157	0.000451150433605695
chrM	8158	8158	0.000501403931006819
chrM	8159	8159	0.00125382416369928
chrM	8160	8160	0.00567326036750678
chrM	8161	8161	0.0234166035831441
chrM	8162	8162	0.00583828468096099
chrM	8163	8163	0.00961338599043858
chrM	8164	8164	0.00954829232464194
chrM	8165	8165	0.00376059322033898
chrM	8166	8166	0.0262108565048647
chrM	8167	8167	0.0153963747543132
chrM	8168	8168	0.00454696684041255
chrM	8169	8169	0.00311942959001783
chrM	8170	8170	0.000111756817165847
chrM	8171	8171	5.58846540739913e-05
chrM	8172	8172	0
chrM	8173	8173	0.000111769308147983
chrM	8174	8174	0.000335345405767941
chrM	8175	8175	5.59033989266547e-05
chrM	8176	8176	0.000334634690462911
chrM	8177	8177	0.000557817816701065
chrM	8178	8178	0
chrM	8179	8179	5.58098002009153e-05
chrM	8180	8180	0.000111619600401831
chrM	8181	8181	0.000223239200803661
chrM	8182	8182	5.58222619180529e-05
chrM	8183	8183	5.58253782169374e-05
chrM	8184	8184	0.000390799464046449
chrM	8185	8185	0
chrM	8186	8186	5.5847202055177e-05
chrM	8187	8187	0.000335101926836079
chrM	8188	8188	0
chrM	8189	8189	0
chrM	8190	8190	5.58659217877095e-05
chrM	8191	8191	5.58659217877095e-05
chrM	8192	8192	0.000111738085926588
chrM	8193	8193	0
chrM	8194	8194	0
chrM	8195	8195	0
chrM	8196	8196	0
chrM	8197	8197	0
chrM	8198	8198	0
chrM	8199	8199	0
chrM	8200	8200	0
chrM	8201	8201	0
chrM	8202	8202	0
chrM	8203	8203	0
chrM	8204	8204	0.000111719360965255
chrM	8205	8205	0
chrM	8206	8206	5.58659217877095e-05
chrM	8207	8207	0
chrM	8208	8208	0
chrM	8209	8209	0.0001109323867103
chrM	8210	8210	0.0002218647734206
chrM	8211	8211	0.000166435506241331
chrM	8212	8212	0.000554877372100766
chrM	8213	8213	0.000555185431934266
chrM	8214	8214	0.000333296300411065
chrM	8215	8215	0.000111135807957324
chrM	8216	8216	0
chrM	8217	8217	0
chrM	8218	8218	0
chrM	8219	8219	0
chrM	8220	8220	0
chrM	8221	8221	0
chrM	8222	8222	0.000111148160497944
chrM	8223	8223	0
chrM	8224	8224	0
chrM	8225	8225	0
chrM	8226	8226	0
chrM	8227	8227	5.55802578923966e-05
chrM	8228	8228	0
chrM	8229	8229	0
chrM	8230	8230	0
chrM	8231	8231	0
chrM	8232	8232	0
chrM	8233	8233	0.000166703711935986
chrM	8234	8234	0.000111154337798033
chrM	8235	8235	5.55771688990163e-05
chrM	8236	8236	0.000111141983884412
chrM	8237	8237	0
chrM	8238	8238	0
chrM	8239	8239	0
chrM	8240	8240	0.000277777777777778
chrM	8241	8241	0
chrM	8242	8242	0
chrM	8243	8243	0
chrM	8244	8244	5.54446662231093e-05
chrM	8245	8245	0
chrM	8246	8246	0
chrM	8247	8247	0
chrM	8248	8248	0
chrM	8249	8249	0
chrM	8250	8250	0
chrM	8251	8251	5.5386319579064e-05
chrM	8252	8252	0
chrM	8253	8253	0
chrM	8254	8254	0
chrM	8255	8255	5.53556601162469e-05
chrM	8256	8256	0
chrM	8257	8257	5.53342186808322e-05
chrM	8258	8258	5.53311569744923e-05
chrM	8259	8259	0
chrM	8260	8260	5.53127938492173e-05
chrM	8261	8261	0
chrM	8262	8262	0.000828637719588996
chrM	8263	8263	5.52791597567717e-05
chrM	8264	8264	0.000221079975681203
chrM	8265	8265	0.000276380520700901
chrM	8266	8266	0
chrM	8267	8267	0.000276334696584503
chrM	8268	8268	0.000221116639027087
chrM	8269	8269	0.00127170186884883
chrM	8270	8270	0.00249128051818635
chrM	8271	8271	0.000610466729563239
chrM	8272	8272	0.000277623542476402
chrM	8273	8273	5.55247084952804e-05
chrM	8274	8274	0
chrM	8275	8275	0.000222111166638903
chrM	8276	8276	0
chrM	8277	8277	0.000277638958298628
chrM	8278	8278	5.55432126194179e-05
chrM	8279	8279	0.000222185191356996
chrM	8280	8280	5.55586421467859e-05
chrM	8281	8281	0
chrM	8282	8282	0
chrM	8283	8283	5.5561729081009e-05
chrM	8284	8284	0
chrM	8285	8285	5.5561729081009e-05
chrM	8286	8286	0
chrM	8287	8287	5.55648163582819e-05
chrM	8288	8288	0
chrM	8289	8289	5.55679039786619e-05
chrM	8290	8290	0
chrM	8291	8291	0
chrM	8292	8292	5.55709919422062e-05
chrM	8293	8293	0
chrM	8294	8294	0
chrM	8295	8295	0
chrM	8296	8296	0
chrM	8297	8297	0
chrM	8298	8298	0
chrM	8299	8299	0
chrM	8300	8300	0
chrM	8301	8301	0
chrM	8302	8302	0
chrM	8303	8303	0
chrM	8304	8304	0
chrM	8305	8305	0
chrM	8306	8306	5.53679198272521e-05
chrM	8307	8307	0
chrM	8308	8308	0
chrM	8309	8309	0
chrM	8310	8310	0
chrM	8311	8311	0.000110735839654504
chrM	8312	8312	0
chrM	8313	8313	0
chrM	8314	8314	0
chrM	8315	8315	0
chrM	8316	8316	0
chrM	8317	8317	0
chrM	8318	8318	0
chrM	8319	8319	0
chrM	8320	8320	0
chrM	8321	8321	0
chrM	8322	8322	0.000109343392925482
chrM	8323	8323	0
chrM	8324	8324	0
chrM	8325	8325	0
chrM	8326	8326	0.000218269125832151
chrM	8327	8327	0
chrM	8328	8328	0
chrM	8329	8329	0.000474233322794815
chrM	8330	8330	0
chrM	8331	8331	0
chrM	8332	8332	0
chrM	8333	8333	0
chrM	8334	8334	0
chrM	8335	8335	0
chrM	8336	8336	0
chrM	8337	8337	0
chrM	8338	8338	0
chrM	8339	8339	0
chrM	8340	8340	0
chrM	8341	8341	0
chrM	8342	8342	5.20670623763407e-05
chrM	8343	8343	0.000156209320489456
chrM	8344	8344	0
chrM	8345	8345	0
chrM	8346	8346	0
chrM	8347	8347	0
chrM	8348	8348	0
chrM	8349	8349	5.20589307095632e-05
chrM	8350	8350	0
chrM	8351	8351	0
chrM	8352	8352	0
chrM	8353	8353	0
chrM	8354	8354	0
chrM	8355	8355	0
chrM	8356	8356	0
chrM	8357	8357	0
chrM	8358	8358	0
chrM	8359	8359	0
chrM	8360	8360	0
chrM	8361	8361	0
chrM	8362	8362	0
chrM	8363	8363	0
chrM	8364	8364	0
chrM	8365	8365	0.000101900443266928
chrM	8366	8366	0
chrM	8367	8367	0
chrM	8368	8368	0
chrM	8369	8369	0
chrM	8370	8370	0
chrM	8371	8371	0
chrM	8372	8372	5.05996053230785e-05
chrM	8373	8373	5.05791310505286e-05
chrM	8374	8374	5.01680630110871e-05
chrM	8375	8375	0
chrM	8376	8376	0.000300917799287828
chrM	8377	8377	0.000150496638908398
chrM	8378	8378	5.00851447460683e-05
chrM	8379	8379	0.000200350613573754
chrM	8380	8380	4.99375780274657e-05
chrM	8381	8381	0
chrM	8382	8382	0
chrM	8383	8383	0
chrM	8384	8384	0
chrM	8385	8385	0
chrM	8386	8386	0
chrM	8387	8387	0
chrM	8388	8388	4.96425734710087e-05
chrM	8389	8389	4.95270169877668e-05
chrM	8390	8390	0
chrM	8391	8391	9.88826263225551e-05
chrM	8392	8392	0
chrM	8393	8393	0
chrM	8394	8394	9.87020678083206e-05
chrM	8395	8395	9.86777185711466e-05
chrM	8396	8396	0.000197219209150971
chrM	8397	8397	0.00123110257546659
chrM	8398	8398	0.000196840706658137
chrM	8399	8399	0.00019667617268168
chrM	8400	8400	0
chrM	8401	8401	4.90653059221824e-05
chrM	8402	8402	0.000147159815559698
chrM	8403	8403	0.00014642717688403
chrM	8404	8404	4.80884828083674e-05
chrM	8405	8405	0.00024004993038552
chrM	8406	8406	0.000384079888616832
chrM	8407	8407	0.000191993856196602
chrM	8408	8408	0
chrM	8409	8409	4.80053766021794e-05
chrM	8410	8410	4.80076812289966e-05
chrM	8411	8411	0
chrM	8412	8412	0
chrM	8413	8413	0
chrM	8414	8414	0.000191424196018377
chrM	8415	8415	0.000525360588403859
chrM	8416	8416	9.55566172957477e-05
chrM	8417	8417	0.000143341774571169
chrM	8418	8418	9.5565749235474e-05
chrM	8419	8419	9.55018622863146e-05
chrM	8420	8420	0
chrM	8421	8421	0
chrM	8422	8422	0
chrM	8423	8423	4.67661226207735e-05
chrM	8424	8424	0
chrM	8425	8425	0
chrM	8426	8426	0
chrM	8427	8427	0
chrM	8428	8428	0
chrM	8429	8429	9.34142923867352e-05
chrM	8430	8430	0
chrM	8431	8431	0
chrM	8432	8432	0
chrM	8433	8433	0
chrM	8434	8434	4.57854493841857e-05
chrM	8435	8435	0
chrM	8436	8436	0
chrM	8437	8437	0
chrM	8438	8438	4.55622380171314e-05
chrM	8439	8439	4.53617600362894e-05
chrM	8440	8440	0.00172312157076135
chrM	8441	8441	0.000862656072644722
chrM	8442	8442	0.000538213132400431
chrM	8443	8443	0.000224356097998744
chrM	8444	8444	0.0013463782425276
chrM	8445	8445	0.000269481248596452
chrM	8446	8446	0.00013447487561074
chrM	8447	8447	0
chrM	8448	8448	4.4804874770375e-05
chrM	8449	8449	0
chrM	8450	8450	0
chrM	8451	8451	0
chrM	8452	8452	8.90828916306623e-05
chrM	8453	8453	0
chrM	8454	8454	4.45354947893471e-05
chrM	8455	8455	0
chrM	8456	8456	0
chrM	8457	8457	0
chrM	8458	8458	0
chrM	8459	8459	0
chrM	8460	8460	0
chrM	8461	8461	0
chrM	8462	8462	0
chrM	8463	8463	0
chrM	8464	8464	8.89719293562881e-05
chrM	8465	8465	0
chrM	8466	8466	0
chrM	8467	8467	4.44681607968694e-05
chrM	8468	8468	0
chrM	8469	8469	4.44345700955343e-05
chrM	8470	8470	0
chrM	8471	8471	0
chrM	8472	8472	0
chrM	8473	8473	0.000829803030964755
chrM	8474	8474	0
chrM	8475	8475	8.67377916558244e-05
chrM	8476	8476	0
chrM	8477	8477	0
chrM	8478	8478	4.28338901739056e-05
chrM	8479	8479	4.28082191780822e-05
chrM	8480	8480	4.04073056408599e-05
chrM	8481	8481	0
chrM	8482	8482	0
chrM	8483	8483	0
chrM	8484	8484	0
chrM	8485	8485	0
chrM	8486	8486	0
chrM	8487	8487	0
chrM	8488	8488	0
chrM	8489	8489	4.02042375266353e-05
chrM	8490	8490	0
chrM	8491	8491	0
chrM	8492	8492	0
chrM	8493	8493	0
chrM	8494	8494	0
chrM	8495	8495	0
chrM	8496	8496	4.00576830636116e-05
chrM	8497	8497	0.000120086462252822
chrM	8498	8498	4.00304231215724e-05
chrM	8499	8499	0
chrM	8500	8500	0.000119884910485934
chrM	8501	8501	3.99504614278295e-05
chrM	8502	8502	3.99504614278295e-05
chrM	8503	8503	3.99456738835184e-05
chrM	8504	8504	3.99472696041226e-05
chrM	8505	8505	0.000478373529998007
chrM	8506	8506	3.98708185479048e-05
chrM	8507	8507	0
chrM	8508	8508	0.000159457843332669
chrM	8509	8509	3.98422247898323e-05
chrM	8510	8510	0.000119464797706276
chrM	8511	8511	0.000556460908621169
chrM	8512	8512	0.000119203719156038
chrM	8513	8513	0
chrM	8514	8514	0
chrM	8515	8515	3.97377309755613e-05
chrM	8516	8516	0
chrM	8517	8517	0
chrM	8518	8518	3.97156360459113e-05
chrM	8519	8519	0
chrM	8520	8520	0
chrM	8521	8521	0
chrM	8522	8522	0
chrM	8523	8523	0.000118741341777162
chrM	8524	8524	0
chrM	8525	8525	0
chrM	8526	8526	0
chrM	8527	8527	0
chrM	8528	8528	0
chrM	8529	8529	3.95585268404605e-05
chrM	8530	8530	0
chrM	8531	8531	0
chrM	8532	8532	0
chrM	8533	8533	0
chrM	8534	8534	7.89733464955578e-05
chrM	8535	8535	0
chrM	8536	8536	0
chrM	8537	8537	0
chrM	8538	8538	0
chrM	8539	8539	0
chrM	8540	8540	0
chrM	8541	8541	0
chrM	8542	8542	0
chrM	8543	8543	3.83597376193947e-05
chrM	8544	8544	0
chrM	8545	8545	0
chrM	8546	8546	0
chrM	8547	8547	0
chrM	8548	8548	7.65052406089817e-05
chrM	8549	8549	0.000803274299047546
chrM	8550	8550	0.000229445506692161
chrM	8551	8551	0
chrM	8552	8552	0
chrM	8553	8553	0.000152305524882915
chrM	8554	8554	3.8035829751626e-05
chrM	8555	8555	0.000113895216400911
chrM	8556	8556	3.7824343747636e-05
chrM	8557	8557	0.000151234451207985
chrM	8558	8558	3.77729092694719e-05
chrM	8559	8559	0.000224626558346749
chrM	8560	8560	0.000673803997903721
chrM	8561	8561	0.00056173463655769
chrM	8562	8562	0.00041044776119403
chrM	8563	8563	0.000149214757339501
chrM	8564	8564	3.73064726730088e-05
chrM	8565	8565	0
chrM	8566	8566	0
chrM	8567	8567	0
chrM	8568	8568	0
chrM	8569	8569	0.000296901094822787
chrM	8570	8570	0
chrM	8571	8571	3.700140605343e-05
chrM	8572	8572	3.6388777700957e-05
chrM	8573	8573	0.000109130592942888
chrM	8574	8574	0.000145502164344695
chrM	8575	8575	0.00149161421763015
chrM	8576	8576	0.00160285599796
chrM	8577	8577	0.00167840332761703
chrM	8578	8578	0.000475111468459908
chrM	8579	8579	7.31101038163474e-05
chrM	8580	8580	0.000219274202390089
chrM	8581	8581	3.65363536719035e-05
chrM	8582	8582	0
chrM	8583	8583	7.29607471180505e-05
chrM	8584	8584	3.64458050878344e-05
chrM	8585	8585	3.63649587257718e-05
chrM	8586	8586	0.00119930222416049
chrM	8587	8587	0.000326892343454889
chrM	8588	8588	0.000762582613116421
chrM	8589	8589	0.0136259583590713
chrM	8590	8590	0.000589383725641876
chrM	8591	8591	0.000884564352056612
chrM	8592	8592	0.0133908809207614
chrM	8593	8593	0.0176855487006917
chrM	8594	8594	0.00171278498839112
chrM	8595	8595	0.000152508769254232
chrM	8596	8596	0.000114399023794997
chrM	8597	8597	0
chrM	8598	8598	7.62514773723741e-05
chrM	8599	8599	0
chrM	8600	8600	0
chrM	8601	8601	7.62514773723741e-05
chrM	8602	8602	0
chrM	8603	8603	3.80966893976913e-05
chrM	8604	8604	7.61875738067121e-05
chrM	8605	8605	0.00402521455153034
chrM	8606	8606	0.000419319178134411
chrM	8607	8607	0.000190665039658328
chrM	8608	8608	0.00053394355453852
chrM	8609	8609	0.00129612686794755
chrM	8610	8610	0.00083969465648855
chrM	8611	8611	0.000114600045840018
chrM	8612	8612	0.00240687679083095
chrM	8613	8613	0.0127527573529412
chrM	8614	8614	0.000620660227316808
chrM	8615	8615	0.000621045685673252
chrM	8616	8616	0.00186407766990291
chrM	8617	8617	0.00132254551112494
chrM	8618	8618	0.000194673726833826
chrM	8619	8619	0.000155726855096161
chrM	8620	8620	3.89347453667653e-05
chrM	8621	8621	0.000584043920102792
chrM	8622	8622	0.000467508181393174
chrM	8623	8623	0.00175397567820393
chrM	8624	8624	0.00206942329467807
chrM	8625	8625	0.00340388904104229
chrM	8626	8626	0.00219849246231156
chrM	8627	8627	0.00180966993194067
chrM	8628	8628	0.000275883813502542
chrM	8629	8629	0.000236537096901364
chrM	8630	8630	0.000394306218209061
chrM	8631	8631	0.00161722940990849
chrM	8632	8632	0.000197542570423926
chrM	8633	8633	0.0345288658172094
chrM	8634	8634	0.00439846868127393
chrM	8635	8635	0.000736286660939993
chrM	8636	8636	0.000859563669108919
chrM	8637	8637	0.000368701351904957
chrM	8638	8638	0.000122945780910618
chrM	8639	8639	4.0986966144766e-05
chrM	8640	8640	0.000491823435386696
chrM	8641	8641	0.000615081805880182
chrM	8642	8642	0.000533377097608009
chrM	8643	8643	0
chrM	8644	8644	0
chrM	8645	8645	0
chrM	8646	8646	0.00131163667664057
chrM	8647	8647	0
chrM	8648	8648	0.000123076923076923
chrM	8649	8649	0.000123087022524925
chrM	8650	8650	0.00935538139592138
chrM	8651	8651	0.0212475149105368
chrM	8652	8652	0.139604756463967
chrM	8653	8653	0.0179519968522526
chrM	8654	8654	0.000701156908899684
chrM	8655	8655	5.01177767754222e-05
chrM	8656	8656	5.01202886928629e-05
chrM	8657	8657	0
chrM	8658	8658	0
chrM	8659	8659	9.69086151758891e-05
chrM	8660	8660	0.000193106111808439
chrM	8661	8661	0.000144857556735876
chrM	8662	8662	0.000289715113471753
chrM	8663	8663	0.00159389489953632
chrM	8664	8664	0.0131101543224808
chrM	8665	8665	0.0123039215686275
chrM	8666	8666	0.00198521018412824
chrM	8667	8667	0.00363021532647073
chrM	8668	8668	9.98203234178479e-05
chrM	8669	8669	0
chrM	8670	8670	0
chrM	8671	8671	0
chrM	8672	8672	0.000249563264287497
chrM	8673	8673	0.000199700449326011
chrM	8674	8674	0
chrM	8675	8675	0.000249675421951463
chrM	8676	8676	4.99475550671795e-05
chrM	8677	8677	9.99000999000999e-05
chrM	8678	8678	4.99550404635828e-05
chrM	8679	8679	4.99575360943198e-05
chrM	8680	8680	0
chrM	8681	8681	0
chrM	8682	8682	9.99100809271655e-05
chrM	8683	8683	4.99450604335231e-05
chrM	8684	8684	4.99475550671795e-05
chrM	8685	8685	0.000149693129085375
chrM	8686	8686	4.99001996007984e-05
chrM	8687	8687	9.979541939025e-05
chrM	8688	8688	0.000349283967865875
chrM	8689	8689	0.000199620720630801
chrM	8690	8690	0.000798522732944054
chrM	8691	8691	0.00983966834823435
chrM	8692	8692	0.00469128329297821
chrM	8693	8693	0.00192570820453048
chrM	8694	8694	0.000152315190901706
chrM	8695	8695	5.07717303005686e-05
chrM	8696	8696	5.07511165245635e-05
chrM	8697	8697	5.07356671740233e-05
chrM	8698	8698	0.00450929725895526
chrM	8699	8699	0.000712395684917566
chrM	8700	8700	5.08983559831017e-05
chrM	8701	8701	0.00055985342019544
chrM	8702	8702	0.000763864134032693
chrM	8703	8703	0.000763786343500178
chrM	8704	8704	0.00061137151008763
chrM	8705	8705	0.00183504944438781
chrM	8706	8706	0.000459183673469388
chrM	8707	8707	0.000204071220856079
chrM	8708	8708	0
chrM	8709	8709	0.000204112874419554
chrM	8710	8710	0.000306231817485837
chrM	8711	8711	5.10464522715671e-05
chrM	8712	8712	0.000153147174434632
chrM	8713	8713	5.10568773613806e-05
chrM	8714	8714	5.10594842992086e-05
chrM	8715	8715	0
chrM	8716	8716	0
chrM	8717	8717	0
chrM	8718	8718	0.000153186274509804
chrM	8719	8719	0.000102139829426485
chrM	8720	8720	0
chrM	8721	8721	0
chrM	8722	8722	0
chrM	8723	8723	0
chrM	8724	8724	0
chrM	8725	8725	5.10751315184637e-05
chrM	8726	8726	0
chrM	8727	8727	0
chrM	8728	8728	0
chrM	8729	8729	0
chrM	8730	8730	0
chrM	8731	8731	0
chrM	8732	8732	0
chrM	8733	8733	0.000204290091930541
chrM	8734	8734	0
chrM	8735	8735	0
chrM	8736	8736	0
chrM	8737	8737	5.10725229826353e-05
chrM	8738	8738	0.000102150263036927
chrM	8739	8739	0.000612964192675078
chrM	8740	8740	0.00035778175313059
chrM	8741	8741	0.000766949585847224
chrM	8742	8742	0.00138156884818093
chrM	8743	8743	0
chrM	8744	8744	0.000153720024595204
chrM	8745	8745	0
chrM	8746	8746	0
chrM	8747	8747	5.12452598134673e-05
chrM	8748	8748	5.12452598134673e-05
chrM	8749	8749	0.000307487316148209
chrM	8750	8750	0.000615100722743349
chrM	8751	8751	0.00974508898804944
chrM	8752	8752	0.000776920287978453
chrM	8753	8753	0.000155504872486005
chrM	8754	8754	0.000725802270724247
chrM	8755	8755	0.00103761348897536
chrM	8756	8756	0.000415476499610491
chrM	8757	8757	0
chrM	8758	8758	0.000103912298020471
chrM	8759	8759	0
chrM	8760	8760	0
chrM	8761	8761	0
chrM	8762	8762	0
chrM	8763	8763	0
chrM	8764	8764	0.000206526228831062
chrM	8765	8765	0
chrM	8766	8766	0
chrM	8767	8767	0
chrM	8768	8768	0
chrM	8769	8769	0.000102870075095155
chrM	8770	8770	5.1440329218107e-05
chrM	8771	8771	0.000257175187737887
chrM	8772	8772	0.00180059676921494
chrM	8773	8773	0.00350461268875947
chrM	8774	8774	0.00258558279036095
chrM	8775	8775	0.00741316744427164
chrM	8776	8776	0.000731146856068519
chrM	8777	8777	0.000836207797637713
chrM	8778	8778	0.000575373993095512
chrM	8779	8779	0.000732715758622494
chrM	8780	8780	0.000942753888859791
chrM	8781	8781	0.0114285714285714
chrM	8782	8782	0.0110292168195557
chrM	8783	8783	0.00192988099067224
chrM	8784	8784	0.00107417154519577
chrM	8785	8785	0.0001075326630464
chrM	8786	8786	0.000107538444994085
chrM	8787	8787	0.00102167016185406
chrM	8788	8788	0.000322945260778298
chrM	8789	8789	0.000538415980186292
chrM	8790	8790	0.00140063567311318
chrM	8791	8791	0.00393806980633328
chrM	8792	8792	0.00108318890814558
chrM	8793	8793	0.00027109086965951
chrM	8794	8794	0.000108465751938825
chrM	8795	8795	5.42387590171937e-05
chrM	8796	8796	0
chrM	8797	8797	0
chrM	8798	8798	0
chrM	8799	8799	0.000271061476742925
chrM	8800	8800	0.00027109086965951
chrM	8801	8801	0.00249363040060714
chrM	8802	8802	0.00162813415825464
chrM	8803	8803	0.00135596897542984
chrM	8804	8804	0.000162919517758227
chrM	8805	8805	5.43065059194091e-05
chrM	8806	8806	0
chrM	8807	8807	0.000271547276380818
chrM	8808	8808	0.000597566275532377
chrM	8809	8809	0.000924013479726057
chrM	8810	8810	0.000108802089000109
chrM	8811	8811	0
chrM	8812	8812	5.44069640914037e-05
chrM	8813	8813	0
chrM	8814	8814	5.44099243702051e-05
chrM	8815	8815	5.42475859824238e-05
chrM	8816	8816	0.000108501057885314
chrM	8817	8817	0
chrM	8818	8818	0
chrM	8819	8819	0
chrM	8820	8820	0
chrM	8821	8821	5.4100843973166e-05
chrM	8822	8822	0
chrM	8823	8823	5.40803634200422e-05
chrM	8824	8824	5.40277702739208e-05
chrM	8825	8825	0
chrM	8826	8826	0
chrM	8827	8827	0
chrM	8828	8828	0
chrM	8829	8829	5.39432516992124e-05
chrM	8830	8830	0
chrM	8831	8831	0
chrM	8832	8832	0.000107892323461186
chrM	8833	8833	0
chrM	8834	8834	0
chrM	8835	8835	5.39519827353655e-05
chrM	8836	8836	0
chrM	8837	8837	0
chrM	8838	8838	0
chrM	8839	8839	0
chrM	8840	8840	0
chrM	8841	8841	0
chrM	8842	8842	0
chrM	8843	8843	0
chrM	8844	8844	0
chrM	8845	8845	5.39141686435195e-05
chrM	8846	8846	0
chrM	8847	8847	0.000107688994184794
chrM	8848	8848	0
chrM	8849	8849	0
chrM	8850	8850	0
chrM	8851	8851	0
chrM	8852	8852	0
chrM	8853	8853	0
chrM	8854	8854	0
chrM	8855	8855	0
chrM	8856	8856	0
chrM	8857	8857	0
chrM	8858	8858	0
chrM	8859	8859	0
chrM	8860	8860	0
chrM	8861	8861	0
chrM	8862	8862	5.36250536250536e-05
chrM	8863	8863	0
chrM	8864	8864	0
chrM	8865	8865	0
chrM	8866	8866	0.000103745201784417
chrM	8867	8867	5.16689056525783e-05
chrM	8868	8868	0
chrM	8869	8869	0
chrM	8870	8870	0
chrM	8871	8871	0
chrM	8872	8872	3.94975906469705e-05
chrM	8873	8873	3.92403076440119e-05
chrM	8874	8874	0.000117233294255569
chrM	8875	8875	7.77967947720554e-05
chrM	8876	8876	0.00034965034965035
chrM	8877	8877	0.000271929143034729
chrM	8878	8878	0.000227816379997722
chrM	8879	8879	0.000113912515188335
chrM	8880	8880	0
chrM	8881	8881	0.000264310527110708
chrM	8882	8882	0
chrM	8883	8883	0
chrM	8884	8884	0
chrM	8885	8885	0
chrM	8886	8886	0
chrM	8887	8887	0
chrM	8888	8888	0.000104264414555312
chrM	8889	8889	0
chrM	8890	8890	0
chrM	8891	8891	3.474273008373e-05
chrM	8892	8892	0
chrM	8893	8893	0
chrM	8894	8894	0
chrM	8895	8895	0
chrM	8896	8896	0
chrM	8897	8897	0
chrM	8898	8898	0
chrM	8899	8899	0
chrM	8900	8900	0
chrM	8901	8901	0
chrM	8902	8902	0
chrM	8903	8903	0
chrM	8904	8904	0
chrM	8905	8905	0
chrM	8906	8906	0
chrM	8907	8907	0
chrM	8908	8908	3.41518390765343e-05
chrM	8909	8909	0.00013654673311941
chrM	8910	8910	0.000238964940429454
chrM	8911	8911	0
chrM	8912	8912	0
chrM	8913	8913	0
chrM	8914	8914	0
chrM	8915	8915	0
chrM	8916	8916	0
chrM	8917	8917	0
chrM	8918	8918	6.79232467311938e-05
chrM	8919	8919	0
chrM	8920	8920	0
chrM	8921	8921	0
chrM	8922	8922	0
chrM	8923	8923	0
chrM	8924	8924	0
chrM	8925	8925	0
chrM	8926	8926	0
chrM	8927	8927	3.37712336631657e-05
chrM	8928	8928	0.000100962509254897
chrM	8929	8929	0
chrM	8930	8930	0
chrM	8931	8931	0
chrM	8932	8932	0
chrM	8933	8933	0
chrM	8934	8934	6.65004156275977e-05
chrM	8935	8935	0.00166223404255319
chrM	8936	8936	9.98502246630055e-05
chrM	8937	8937	0.000166411502363043
chrM	8938	8938	0
chrM	8939	8939	0.000166417041105009
chrM	8940	8940	3.32778702163062e-05
chrM	8941	8941	0
chrM	8942	8942	0
chrM	8943	8943	0
chrM	8944	8944	6.62273585218054e-05
chrM	8945	8945	0.00085167714884696
chrM	8946	8946	3.27686207687518e-05
chrM	8947	8947	0
chrM	8948	8948	0.000131053010942926
chrM	8949	8949	0.00029490792319287
chrM	8950	8950	0.000196663279687961
chrM	8951	8951	0.00049170654953124
chrM	8952	8952	0.000196779377521236
chrM	8953	8953	0.000131212071510579
chrM	8954	8954	3.28073225944031e-05
chrM	8955	8955	0
chrM	8956	8956	3.28051700948069e-05
chrM	8957	8957	0
chrM	8958	8958	0
chrM	8959	8959	0
chrM	8960	8960	0
chrM	8961	8961	0
chrM	8962	8962	3.27568134171908e-05
chrM	8963	8963	0.000163116171337226
chrM	8964	8964	9.77835723598435e-05
chrM	8965	8965	0
chrM	8966	8966	0
chrM	8967	8967	3.25489047293559e-05
chrM	8968	8968	0.000195204476689332
chrM	8969	8969	0
chrM	8970	8970	0.000259126097237068
chrM	8971	8971	0.000129433083096039
chrM	8972	8972	0.00207654462973612
chrM	8973	8973	0.000191815856777494
chrM	8974	8974	0.000351606201054819
chrM	8975	8975	0.00505211997186161
chrM	8976	8976	0.00748786836777324
chrM	8977	8977	0.00333506022535941
chrM	8978	8978	0.000747214190572106
chrM	8979	8979	0.00074777293712205
chrM	8980	8980	3.2536196518627e-05
chrM	8981	8981	0.00110583490535354
chrM	8982	8982	0
chrM	8983	8983	3.25510237296963e-05
chrM	8984	8984	3.25499641950394e-05
chrM	8985	8985	6.51020474593926e-05
chrM	8986	8986	0
chrM	8987	8987	6.51041666666667e-05
chrM	8988	8988	3.25542027475747e-05
chrM	8989	8989	0
chrM	8990	8990	0
chrM	8991	8991	3.25446675562209e-05
chrM	8992	8992	3.25023564208405e-05
chrM	8993	8993	3.24939073923639e-05
chrM	8994	8994	0
chrM	8995	8995	0
chrM	8996	8996	0
chrM	8997	8997	0
chrM	8998	8998	6.49013499480789e-05
chrM	8999	8999	0.000194672463580027
chrM	9000	9000	3.23708403470154e-05
chrM	9001	9001	0.000129253239409313
chrM	9002	9002	0.000193355032064709
chrM	9003	9003	0.000602638924130931
chrM	9004	9004	9.46043959509318e-05
chrM	9005	9005	0.00198493966413561
chrM	9006	9006	0.00621588363360995
chrM	9007	9007	0.0733417962551571
chrM	9008	9008	0.0135537529520485
chrM	9009	9009	0.00284416079913981
chrM	9010	9010	0.00121713729308666
chrM	9011	9011	0.000139246675485623
chrM	9012	9012	0.000417362270450751
chrM	9013	9013	3.47850285237234e-05
chrM	9014	9014	6.94010687764592e-05
chrM	9015	9015	0
chrM	9016	9016	0.000623873561624844
chrM	9017	9017	0.000311731495272072
chrM	9018	9018	0.000760982359045313
chrM	9019	9019	0.000103641263041526
chrM	9020	9020	0.00110470535436876
chrM	9021	9021	0.000345232341365739
chrM	9022	9022	0.00107022025823379
chrM	9023	9023	0.0870181014232417
chrM	9024	9024	0.00998675997730282
chrM	9025	9025	0.00198685618217943
chrM	9026	9026	0.000574052812858783
chrM	9027	9027	0.00114621938639056
chrM	9028	9028	0.000950931913275009
chrM	9029	9029	0.00140582848892435
chrM	9030	9030	3.795354486109e-05
chrM	9031	9031	0
chrM	9032	9032	0.000113438705286244
chrM	9033	9033	0.00218480430933816
chrM	9034	9034	0.0059622641509434
chrM	9035	9035	0.0101293900184843
chrM	9036	9036	0.00843944882183801
chrM	9037	9037	0.0138559433713619
chrM	9038	9038	0.0117588668728286
chrM	9039	9039	0.00292758089368259
chrM	9040	9040	0.000115780942456872
chrM	9041	9041	0.000115776474220438
chrM	9042	9042	0.000231526143160332
chrM	9043	9043	0.000270176386583813
chrM	9044	9044	0.000270134681434029
chrM	9045	9045	0.0025472790428406
chrM	9046	9046	0.000309477756286267
chrM	9047	9047	0.00123805470654235
chrM	9048	9048	0.0017422277285222
chrM	9049	9049	0.000155008719240457
chrM	9050	9050	7.73574688636188e-05
chrM	9051	9051	0
chrM	9052	9052	3.79161295214984e-05
chrM	9053	9053	0
chrM	9054	9054	0.000112321689318207
chrM	9055	9055	0.000298340481074026
chrM	9056	9056	0.00107391497555918
chrM	9057	9057	0.00887639618314964
chrM	9058	9058	0.00397961840294566
chrM	9059	9059	0.00186226675108943
chrM	9060	9060	0.00227238861570556
chrM	9061	9061	0.00111736005065366
chrM	9062	9062	0.000520697734964853
chrM	9063	9063	0.000594662900468297
chrM	9064	9064	0.00275031591466587
chrM	9065	9065	0.0141941733104836
chrM	9066	9066	0.012582180911358
chrM	9067	9067	0.00137746317199158
chrM	9068	9068	0.00045933014354067
chrM	9069	9069	0.000153180408225788
chrM	9070	9070	0
chrM	9071	9071	3.82584742520468e-05
chrM	9072	9072	0.000114779814056701
chrM	9073	9073	0
chrM	9074	9074	0
chrM	9075	9075	0
chrM	9076	9076	0
chrM	9077	9077	3.81898033225129e-05
chrM	9078	9078	0
chrM	9079	9079	0
chrM	9080	9080	0
chrM	9081	9081	3.81053995351141e-05
chrM	9082	9082	3.80952380952381e-05
chrM	9083	9083	3.80966893976913e-05
chrM	9084	9084	7.61933787953827e-05
chrM	9085	9085	7.6199184668724e-05
chrM	9086	9086	7.61962816214569e-05
chrM	9087	9087	0
chrM	9088	9088	3.80966893976913e-05
chrM	9089	9089	0
chrM	9090	9090	0
chrM	9091	9091	0
chrM	9092	9092	0
chrM	9093	9093	0
chrM	9094	9094	0.000112288056293746
chrM	9095	9095	7.46770218803674e-05
chrM	9096	9096	0.000702662721893491
chrM	9097	9097	0.00171145582987401
chrM	9098	9098	0.0152036199095023
chrM	9099	9099	0.00715030002515181
chrM	9100	9100	0.0029296875
chrM	9101	9101	0.00242885626246148
chrM	9102	9102	0.000108869211786907
chrM	9103	9103	0.00188378495870164
chrM	9104	9104	0.00406076646967115
chrM	9105	9105	0.0167321402589844
chrM	9106	9106	0.00443885477546793
chrM	9107	9107	0.00538673006909874
chrM	9108	9108	0.00795458789259439
chrM	9109	9109	0.00135521758771269
chrM	9110	9110	0.000150738619234248
chrM	9111	9111	0
chrM	9112	9112	0
chrM	9113	9113	0
chrM	9114	9114	3.76860749952892e-05
chrM	9115	9115	3.76874952890631e-05
chrM	9116	9116	3.76803948905385e-05
chrM	9117	9117	0.00482309054598892
chrM	9118	9118	0.000227143668370244
chrM	9119	9119	3.7861578070574e-05
chrM	9120	9120	3.7861578070574e-05
chrM	9121	9121	3.78630116239446e-05
chrM	9122	9122	0.000151423379769836
chrM	9123	9123	7.57088238634213e-05
chrM	9124	9124	0
chrM	9125	9125	0
chrM	9126	9126	0
chrM	9127	9127	0
chrM	9128	9128	3.77886105127914e-05
chrM	9129	9129	3.77657766531969e-05
chrM	9130	9130	3.77458196504737e-05
chrM	9131	9131	7.5431847325941e-05
chrM	9132	9132	0
chrM	9133	9133	0
chrM	9134	9134	3.72079178449174e-05
chrM	9135	9135	3.67417422934196e-05
chrM	9136	9136	0.000660405048429704
chrM	9137	9137	0.000366878233114429
chrM	9138	9138	0.000660501981505945
chrM	9139	9139	0.001465094132298
chrM	9140	9140	0.00452819164475606
chrM	9141	9141	0.0151404596862459
chrM	9142	9142	0.0138446731324498
chrM	9143	9143	0.00216879870607264
chrM	9144	9144	0.000257741448506941
chrM	9145	9145	0.000478609822546204
chrM	9146	9146	0.003997066373304
chrM	9147	9147	0.00139834406623735
chrM	9148	9148	0.000184080700979309
chrM	9149	9149	0.00103001765744556
chrM	9150	9150	0.00290847507547309
chrM	9151	9151	0.00254971953085161
chrM	9152	9152	0.00306479859894921
chrM	9153	9153	0.000877481627728419
chrM	9154	9154	0.000182895603189699
chrM	9155	9155	0.000877995244192427
chrM	9156	9156	0.000329525483304042
chrM	9157	9157	0
chrM	9158	9158	0.000109853894320554
chrM	9159	9159	0.000439415577282215
chrM	9160	9160	3.66126020576282e-05
chrM	9161	9161	0.000109841827768014
chrM	9162	9162	0
chrM	9163	9163	3.66166239472721e-05
chrM	9164	9164	3.66179647735179e-05
chrM	9165	9165	0
chrM	9166	9166	3.6613942589338e-05
chrM	9167	9167	7.3227885178676e-05
chrM	9168	9168	3.66152832192157e-05
chrM	9169	9169	7.32332478945441e-05
chrM	9170	9170	0
chrM	9171	9171	0
chrM	9172	9172	0
chrM	9173	9173	3.66072409122524e-05
chrM	9174	9174	0
chrM	9175	9175	0
chrM	9176	9176	3.65457003983481e-05
chrM	9177	9177	0
chrM	9178	9178	0
chrM	9179	9179	0.000583409298085688
chrM	9180	9180	0.00105754503683174
chrM	9181	9181	0.000944870443725697
chrM	9182	9182	0.00832908998326908
chrM	9183	9183	0.000623418533866295
chrM	9184	9184	0.000439222576040408
chrM	9185	9185	0.000256325753414625
chrM	9186	9186	0.00047615559299685
chrM	9187	9187	0.000329779048037815
chrM	9188	9188	0.000109962612711678
chrM	9189	9189	0
chrM	9190	9190	0
chrM	9191	9191	0.00018326430377891
chrM	9192	9192	0
chrM	9193	9193	0
chrM	9194	9194	0
chrM	9195	9195	7.33137829912023e-05
chrM	9196	9196	0.000256260067359789
chrM	9197	9197	0.000182868846463316
chrM	9198	9198	3.65710942071387e-05
chrM	9199	9199	0
chrM	9200	9200	0.000145666423889294
chrM	9201	9201	0
chrM	9202	9202	0.000108964114484963
chrM	9203	9203	0.000689179875947622
chrM	9204	9204	0.000215858396891639
chrM	9205	9205	0.000251653724475122
chrM	9206	9206	0.00176081644386948
chrM	9207	9207	0.000467794170564951
chrM	9208	9208	0.00107956385620209
chrM	9209	9209	0.0227665706051873
chrM	9210	9210	0.0989387574618616
chrM	9211	9211	0.0363844487142799
chrM	9212	9212	0.00165373362167663
chrM	9213	9213	0.000297303036738161
chrM	9214	9214	0.000254809529876417
chrM	9215	9215	0.000254798709019874
chrM	9216	9216	0.000127242651736862
chrM	9217	9217	0
chrM	9218	9218	8.44558929099278e-05
chrM	9219	9219	0
chrM	9220	9220	0
chrM	9221	9221	0
chrM	9222	9222	0
chrM	9223	9223	4.1974479516454e-05
chrM	9224	9224	0
chrM	9225	9225	0
chrM	9226	9226	8.38187837894472e-05
chrM	9227	9227	4.1895345427123e-05
chrM	9228	9228	0
chrM	9229	9229	0
chrM	9230	9230	0.000292275574112735
chrM	9231	9231	0.000166944908180301
chrM	9232	9232	0.000416579879191835
chrM	9233	9233	0.00112495312695304
chrM	9234	9234	0.00229357798165138
chrM	9235	9235	8.35770998746343e-05
chrM	9236	9236	8.32154447865524e-05
chrM	9237	9237	0
chrM	9238	9238	0
chrM	9239	9239	4.15956075038476e-05
chrM	9240	9240	0
chrM	9241	9241	0
chrM	9242	9242	0
chrM	9243	9243	0
chrM	9244	9244	0
chrM	9245	9245	0
chrM	9246	9246	8.3049580599618e-05
chrM	9247	9247	0
chrM	9248	9248	0
chrM	9249	9249	0.000581371205514721
chrM	9250	9250	0.000373940501911251
chrM	9251	9251	0.00024935583077051
chrM	9252	9252	0.000207831074902319
chrM	9253	9253	0.000249449133164262
chrM	9254	9254	0.000166313251008274
chrM	9255	9255	0
chrM	9256	9256	0
chrM	9257	9257	0.000166251039068994
chrM	9258	9258	0
chrM	9259	9259	0.000124595066035385
chrM	9260	9260	0.00181645543491723
chrM	9261	9261	0.000447027268663388
chrM	9262	9262	0.000201434211586496
chrM	9263	9263	0.000281610813855252
chrM	9264	9264	3.98215992354253e-05
chrM	9265	9265	0
chrM	9266	9266	0.000835288970208027
chrM	9267	9267	0.000477668975400048
chrM	9268	9268	0.000157554750275721
chrM	9269	9269	3.93035412490665e-05
chrM	9270	9270	0
chrM	9271	9271	0
chrM	9272	9272	0
chrM	9273	9273	3.63121391481172e-05
chrM	9274	9274	0.000108699590564876
chrM	9275	9275	0.000181067574418773
chrM	9276	9276	0.000832518912657907
chrM	9277	9277	0.00170197356509144
chrM	9278	9278	0.00565750344527453
chrM	9279	9279	0.00218826361282322
chrM	9280	9280	0.000364630811303555
chrM	9281	9281	3.6473720684247e-05
chrM	9282	9282	7.2947441368494e-05
chrM	9283	9283	0
chrM	9284	9284	0
chrM	9285	9285	0
chrM	9286	9286	0
chrM	9287	9287	3.63504180298073e-05
chrM	9288	9288	3.63332485557534e-05
chrM	9289	9289	0.000398565165404544
chrM	9290	9290	0.000362450163102573
chrM	9291	9291	3.62410756351249e-05
chrM	9292	9292	0
chrM	9293	9293	3.61702897240207e-05
chrM	9294	9294	0
chrM	9295	9295	0
chrM	9296	9296	0
chrM	9297	9297	3.57551487414188e-05
chrM	9298	9298	0.000285938952033741
chrM	9299	9299	0.00172884755022302
chrM	9300	9300	0.00200678153760985
chrM	9301	9301	0.00166366283099958
chrM	9302	9302	0.00343571056741281
chrM	9303	9303	0.0244224881714445
chrM	9304	9304	0.00759493670886076
chrM	9305	9305	0.00377195818514926
chrM	9306	9306	0.00274051637097937
chrM	9307	9307	0.000759109311740891
chrM	9308	9308	7.23458129860734e-05
chrM	9309	9309	0
chrM	9310	9310	0
chrM	9311	9311	3.61167292689974e-05
chrM	9312	9312	3.61154248979739e-05
chrM	9313	9313	0.000180544522279194
chrM	9314	9314	0.0111175281547791
chrM	9315	9315	0.000764609503003823
chrM	9316	9316	0.000509888188804312
chrM	9317	9317	0.000254888395295488
chrM	9318	9318	0.000218253246517042
chrM	9319	9319	3.61467558286644e-05
chrM	9320	9320	0.000143993664278772
chrM	9321	9321	0.000107284626113078
chrM	9322	9322	0
chrM	9323	9323	6.90417011875173e-05
chrM	9324	9324	0.000689203625211069
chrM	9325	9325	0.000551610011721713
chrM	9326	9326	0.00317350810624353
chrM	9327	9327	0.00356426050245692
chrM	9328	9328	0.00111018595614765
chrM	9329	9329	0.000243123089747152
chrM	9330	9330	0.00013889853462046
chrM	9331	9331	0
chrM	9332	9332	0.000104155817102385
chrM	9333	9333	3.47198111242275e-05
chrM	9334	9334	0.000555536266101871
chrM	9335	9335	0.000521104742053153
chrM	9336	9336	0.000382342718109141
chrM	9337	9337	0.000243402065440384
chrM	9338	9338	0.000173900946021146
chrM	9339	9339	0.000139125595631456
chrM	9340	9340	0.000104344196723592
chrM	9341	9341	0
chrM	9342	9342	3.4778979584739e-05
chrM	9343	9343	6.95555400987689e-05
chrM	9344	9344	0
chrM	9345	9345	3.47753512310474e-05
chrM	9346	9346	0
chrM	9347	9347	0
chrM	9348	9348	0
chrM	9349	9349	0
chrM	9350	9350	0
chrM	9351	9351	0
chrM	9352	9352	6.95023630803447e-05
chrM	9353	9353	3.47523892267593e-05
chrM	9354	9354	3.47535969972892e-05
chrM	9355	9355	0
chrM	9356	9356	0
chrM	9357	9357	6.94661526171373e-05
chrM	9358	9358	3.47089653257436e-05
chrM	9359	9359	0.000173322240709928
chrM	9360	9360	0
chrM	9361	9361	3.4651235316539e-05
chrM	9362	9362	0.000103957308198766
chrM	9363	9363	6.93120776295269e-05
chrM	9364	9364	6.93024706330781e-05
chrM	9365	9365	3.46488340667337e-05
chrM	9366	9366	0.000311850311850312
chrM	9367	9367	0
chrM	9368	9368	3.46524360662555e-05
chrM	9369	9369	0.000103953705949617
chrM	9370	9370	0
chrM	9371	9371	0
chrM	9372	9372	6.9240090012117e-05
chrM	9373	9373	0.00010351966873706
chrM	9374	9374	0.000894177528630877
chrM	9375	9375	0.000103025515986126
chrM	9376	9376	3.43441975478243e-05
chrM	9377	9377	0.00027471584080217
chrM	9378	9378	0.00254112152742007
chrM	9379	9379	0.00846757538207352
chrM	9380	9380	0.117340920130456
chrM	9381	9381	0.0250383239652529
chrM	9382	9382	0.00253960575643971
chrM	9383	9383	0.000525379890074361
chrM	9384	9384	0.00133354885638083
chrM	9385	9385	0.000849514563106796
chrM	9386	9386	0.00145631067961165
chrM	9387	9387	0.00112621671627383
chrM	9388	9388	0.00047753591468025
chrM	9389	9389	0.000119142176330421
chrM	9390	9390	3.9329819869425e-05
chrM	9391	9391	0.000707769738911607
chrM	9392	9392	0.000195771339075959
chrM	9393	9393	0.00403241592608542
chrM	9394	9394	0.00632712410594985
chrM	9395	9395	0.00703919009767865
chrM	9396	9396	0.00346323792842642
chrM	9397	9397	0.00023964532491912
chrM	9398	9398	0.00127826156427259
chrM	9399	9399	0.000359971202303816
chrM	9400	9400	0.000240038406144983
chrM	9401	9401	0.00039984006397441
chrM	9402	9402	7.98881565807869e-05
chrM	9403	9403	3.95679183318166e-05
chrM	9404	9404	0
chrM	9405	9405	3.85683431039803e-05
chrM	9406	9406	0.000346353665576294
chrM	9407	9407	3.84319754035357e-05
chrM	9408	9408	0.000268765598003456
chrM	9409	9409	0.00414698767423108
chrM	9410	9410	0.00925140698481227
chrM	9411	9411	0.00446931716606428
chrM	9412	9412	0.00159937585332553
chrM	9413	9413	0.0026106608478803
chrM	9414	9414	0.0011706860220089
chrM	9415	9415	0.000308356460067838
chrM	9416	9416	0.00046260601387818
chrM	9417	9417	0.00809716599190283
chrM	9418	9418	0.00750242954324587
chrM	9419	9419	0.0022639447285218
chrM	9420	9420	0.000743000156421086
chrM	9421	9421	7.24900326205147e-05
chrM	9422	9422	7.22987383870152e-05
chrM	9423	9423	7.20253529242293e-05
chrM	9424	9424	3.47487664187921e-05
chrM	9425	9425	0
chrM	9426	9426	0
chrM	9427	9427	3.42149382420365e-05
chrM	9428	9428	0.00139569716775599
chrM	9429	9429	0.000505680477362371
chrM	9430	9430	0.00408340864209927
chrM	9431	9431	0.0180077654304458
chrM	9432	9432	0.00145085237577077
chrM	9433	9433	0.000494233937397035
chrM	9434	9434	0.000131669903551796
chrM	9435	9435	0.000493534695489093
chrM	9436	9436	0.00266543815196288
chrM	9437	9437	0.00178170779992081
chrM	9438	9438	0.00135353735432967
chrM	9439	9439	0.000760305444448117
chrM	9440	9440	0.000231481481481481
chrM	9441	9441	9.92227550851662e-05
chrM	9442	9442	0.000132113485484031
chrM	9443	9443	9.90295107942167e-05
chrM	9444	9444	6.60153155532083e-05
chrM	9445	9445	0
chrM	9446	9446	9.90131687514439e-05
chrM	9447	9447	0
chrM	9448	9448	0
chrM	9449	9449	9.89478544806887e-05
chrM	9450	9450	0.00277081409156881
chrM	9451	9451	0.000230498205406829
chrM	9452	9452	0.000362259179976947
chrM	9453	9453	0.000691790749769403
chrM	9454	9454	0.000593276203032301
chrM	9455	9455	0.000626504434991921
chrM	9456	9456	9.89805008413343e-05
chrM	9457	9457	0
chrM	9458	9458	0.000131969646981194
chrM	9459	9459	0.00451802262309138
chrM	9460	9460	0.000430577636459989
chrM	9461	9461	0.00013254249643792
chrM	9462	9462	0
chrM	9463	9463	0
chrM	9464	9464	0
chrM	9465	9465	6.6260270341903e-05
chrM	9466	9466	6.62492961012289e-05
chrM	9467	9467	0
chrM	9468	9468	0
chrM	9469	9469	6.62427133015368e-05
chrM	9470	9470	9.92982920693764e-05
chrM	9471	9471	6.62054354662518e-05
chrM	9472	9472	6.62098189161453e-05
chrM	9473	9473	0.000132415254237288
chrM	9474	9474	0
chrM	9475	9475	6.6203243958954e-05
chrM	9476	9476	6.61506912747238e-05
chrM	9477	9477	3.30709703022687e-05
chrM	9478	9478	3.3072064027516e-05
chrM	9479	9479	0
chrM	9480	9480	0
chrM	9481	9481	3.30698766493601e-05
chrM	9482	9482	9.92096299480803e-05
chrM	9483	9483	0.00062824455245842
chrM	9484	9484	0.00132301382549448
chrM	9485	9485	0.00215224661435052
chrM	9486	9486	3.31818030991804e-05
chrM	9487	9487	0.000431349127347535
chrM	9488	9488	0.000331939188740623
chrM	9489	9489	0.00156042496679947
chrM	9490	9490	0.00375552527501745
chrM	9491	9491	0.00510221095808184
chrM	9492	9492	0.000669926977959402
chrM	9493	9493	0.000167582785896233
chrM	9494	9494	0
chrM	9495	9495	3.35098183767844e-05
chrM	9496	9496	6.70128999832468e-05
chrM	9497	9497	0.00802219473877728
chrM	9498	9498	0.000367634771565122
chrM	9499	9499	0.00118968935888962
chrM	9500	9500	0.00785443120827333
chrM	9501	9501	0.000970402717127608
chrM	9502	9502	0.00032309133792123
chrM	9503	9503	0.000742606224977399
chrM	9504	9504	0.0051354930396305
chrM	9505	9505	0.00220607318972229
chrM	9506	9506	0.00126705653021443
chrM	9507	9507	0.000388928501977053
chrM	9508	9508	0.000129638632312429
chrM	9509	9509	0
chrM	9510	9510	0.000356483131866351
chrM	9511	9511	9.70873786407767e-05
chrM	9512	9512	3.23645543400867e-05
chrM	9513	9513	0.000161828009191831
chrM	9514	9514	0.000194017784963622
chrM	9515	9515	0.00148756588946739
chrM	9516	9516	6.47584509778526e-05
chrM	9517	9517	0.000194281643622705
chrM	9518	9518	3.23865660524015e-05
chrM	9519	9519	0.000194325689856199
chrM	9520	9520	0.000194363459669582
chrM	9521	9521	0.000291582971554461
chrM	9522	9522	0.000259260459539165
chrM	9523	9523	9.72478848585043e-05
chrM	9524	9524	3.24191143097971e-05
chrM	9525	9525	0
chrM	9526	9526	3.24180633448958e-05
chrM	9527	9527	3.24191143097971e-05
chrM	9528	9528	0
chrM	9529	9529	0
chrM	9530	9530	0.000129672253379583
chrM	9531	9531	9.72258231786362e-05
chrM	9532	9532	0
chrM	9533	9533	0
chrM	9534	9534	6.48235179723204e-05
chrM	9535	9535	0
chrM	9536	9536	0
chrM	9537	9537	3.24065072266511e-05
chrM	9538	9538	9.71943238514871e-05
chrM	9539	9539	6.47332988089073e-05
chrM	9540	9540	0
chrM	9541	9541	0
chrM	9542	9542	3.2200933827081e-05
chrM	9543	9543	0
chrM	9544	9544	0.000128753983326359
chrM	9545	9545	0.00270409477208344
chrM	9546	9546	0.00180732612554462
chrM	9547	9547	0.000894025990612727
chrM	9548	9548	0.000382226469182991
chrM	9549	9549	0.000159063434497678
chrM	9550	9550	9.53682805099024e-05
chrM	9551	9551	0.000317843748013477
chrM	9552	9552	6.25019531860371e-05
chrM	9553	9553	0.0029680079980005
chrM	9554	9554	0.00281928390188892
chrM	9555	9555	0.00148129860511048
chrM	9556	9556	0.00289881888549665
chrM	9557	9557	0.0369882727578922
chrM	9558	9558	0.00312796208530806
chrM	9559	9559	0.000789565107538768
chrM	9560	9560	9.47208891134125e-05
chrM	9561	9561	0.00277628797678014
chrM	9562	9562	0.0230851938523813
chrM	9563	9563	0.00721519396900379
chrM	9564	9564	0.00520579144298032
chrM	9565	9565	0.00498777506112469
chrM	9566	9566	0.004683457242983
chrM	9567	9567	0.00101936799184506
chrM	9568	9568	6.58284510565466e-05
chrM	9569	9569	0
chrM	9570	9570	0
chrM	9571	9571	3.28969011119153e-05
chrM	9572	9572	9.83735571878279e-05
chrM	9573	9573	0.000162453700695302
chrM	9574	9574	9.68585542246473e-05
chrM	9575	9575	6.44890852223261e-05
chrM	9576	9576	6.43873543236108e-05
chrM	9577	9577	6.43438535533893e-05
chrM	9578	9578	0.00340660753310194
chrM	9579	9579	0.001385086165244
chrM	9580	9580	0.00422104076043177
chrM	9581	9581	0.0199864607846298
chrM	9582	9582	0.0294454816416102
chrM	9583	9583	0.0220265780730897
chrM	9584	9584	0.00185861043525277
chrM	9585	9585	0.000911177105831534
chrM	9586	9586	0.000168259523489029
chrM	9587	9587	0.00207795689915206
chrM	9588	9588	0.000871053040908384
chrM	9589	9589	0.000371011625030918
chrM	9590	9590	0.00191677487169975
chrM	9591	9591	0.000712228656365157
chrM	9592	9592	0.000308508669093602
chrM	9593	9593	0.00055386319579064
chrM	9594	9594	0.00145998722511178
chrM	9595	9595	0.0004814057046576
chrM	9596	9596	0.00018019641409136
chrM	9597	9597	5.99988000239995e-05
chrM	9598	9598	2.99257840555423e-05
chrM	9599	9599	0.00432590471076106
chrM	9600	9600	0.00660885167464115
chrM	9601	9601	0.00568301410229425
chrM	9602	9602	0.000906207521522429
chrM	9603	9603	0.000271993713923056
chrM	9604	9604	0.0004836320768975
chrM	9605	9605	0.00036281179138322
chrM	9606	9606	0.000876901212542711
chrM	9607	9607	0.00102378801565793
chrM	9608	9608	0.000360533589712775
chrM	9609	9609	0.000178571428571429
chrM	9610	9610	0.00107168718320058
chrM	9611	9611	5.78185077043162e-05
chrM	9612	9612	0.000230394839155603
chrM	9613	9613	0.000630517023959647
chrM	9614	9614	0.0747235115466162
chrM	9615	9615	0.00773754255648406
chrM	9616	9616	0.0124742718143828
chrM	9617	9617	0.0134175217048145
chrM	9618	9618	0.00217495602110987
chrM	9619	9619	0.000320502547995257
chrM	9620	9620	0.000192320020514136
chrM	9621	9621	3.20595024365222e-05
chrM	9622	9622	0.000128242121124683
chrM	9623	9623	9.61939269567448e-05
chrM	9624	9624	3.20677270395074e-05
chrM	9625	9625	0
chrM	9626	9626	0
chrM	9627	9627	0
chrM	9628	9628	0
chrM	9629	9629	0
chrM	9630	9630	0
chrM	9631	9631	0
chrM	9632	9632	3.205230936889e-05
chrM	9633	9633	0
chrM	9634	9634	3.20420391553718e-05
chrM	9635	9635	0
chrM	9636	9636	0
chrM	9637	9637	0.000287099655480413
chrM	9638	9638	0
chrM	9639	9639	3.18136989787803e-05
chrM	9640	9640	3.18076274690671e-05
chrM	9641	9641	0
chrM	9642	9642	0
chrM	9643	9643	3.18056041474508e-05
chrM	9644	9644	0
chrM	9645	9645	0
chrM	9646	9646	0
chrM	9647	9647	0
chrM	9648	9648	0
chrM	9649	9649	0
chrM	9650	9650	3.17874058298102e-05
chrM	9651	9651	0
chrM	9652	9652	0
chrM	9653	9653	3.17672098859557e-05
chrM	9654	9654	3.17682190736387e-05
chrM	9655	9655	0
chrM	9656	9656	0
chrM	9657	9657	0
chrM	9658	9658	0
chrM	9659	9659	3.11856795359571e-05
chrM	9660	9660	0
chrM	9661	9661	2.89779477817381e-05
chrM	9662	9662	0
chrM	9663	9663	0.0011875452570601
chrM	9664	9664	0.000463969841960273
chrM	9665	9665	0.000116039569493197
chrM	9666	9666	0.000260733530332001
chrM	9667	9667	0.00130336557956323
chrM	9668	9668	0.00657437442075996
chrM	9669	9669	0.000494588618643082
chrM	9670	9670	2.91027618520998e-05
chrM	9671	9671	0.000232734043172165
chrM	9672	9672	0.00447895762440741
chrM	9673	9673	0.00189869720161243
chrM	9674	9674	0.00942291934917476
chrM	9675	9675	0.016306756078107
chrM	9676	9676	0.00753482228626321
chrM	9677	9677	0.0118824454254097
chrM	9678	9678	0.000458575359217365
chrM	9679	9679	0
chrM	9680	9680	0
chrM	9681	9681	0
chrM	9682	9682	0
chrM	9683	9683	2.98347156751596e-05
chrM	9684	9684	2.98347156751596e-05
chrM	9685	9685	2.98338255914556e-05
chrM	9686	9686	0.000178853548752496
chrM	9687	9687	0
chrM	9688	9688	0
chrM	9689	9689	0
chrM	9690	9690	0
chrM	9691	9691	0
chrM	9692	9692	0
chrM	9693	9693	5.90510496324072e-05
chrM	9694	9694	0
chrM	9695	9695	5.87492289163705e-05
chrM	9696	9696	2.93746144581852e-05
chrM	9697	9697	8.7984280141948e-05
chrM	9698	9698	2.93263732074254e-05
chrM	9699	9699	8.79791196222763e-05
chrM	9700	9700	0.000117298612943902
chrM	9701	9701	0
chrM	9702	9702	5.8649306471951e-05
chrM	9703	9703	5.86510263929619e-05
chrM	9704	9704	0
chrM	9705	9705	0
chrM	9706	9706	2.93169158604515e-05
chrM	9707	9707	0
chrM	9708	9708	0
chrM	9709	9709	5.72885336999799e-05
chrM	9710	9710	5.71787981016639e-05
chrM	9711	9711	0.000371619690126351
chrM	9712	9712	5.70613409415121e-05
chrM	9713	9713	8.55578370978782e-05
chrM	9714	9714	0.00105413105413105
chrM	9715	9715	0.0013953355924481
chrM	9716	9716	0.000562319003570726
chrM	9717	9717	0.000196414040798002
chrM	9718	9718	0.000140260323159785
chrM	9719	9719	0.00199052398441223
chrM	9720	9720	0.000280552126585119
chrM	9721	9721	0.000364166059723234
chrM	9722	9722	0.000137718283479315
chrM	9723	9723	0.000631521142229544
chrM	9724	9724	0
chrM	9725	9725	0
chrM	9726	9726	0.000493922015201822
chrM	9727	9727	0.000109796601795174
chrM	9728	9728	0.000301064674165914
chrM	9729	9729	0.000191612832585131
chrM	9730	9730	0.000273127031382296
chrM	9731	9731	8.19381094146888e-05
chrM	9732	9732	5.37648861528536e-05
chrM	9733	9733	8.06494972848003e-05
chrM	9734	9734	0.00137111517367459
chrM	9735	9735	0.0033113474222641
chrM	9736	9736	0.00156655142610199
chrM	9737	9737	0.00054103771032841
chrM	9738	9738	0.000108266118118335
chrM	9739	9739	5.41389204699258e-05
chrM	9740	9740	0.000216567406605306
chrM	9741	9741	0
chrM	9742	9742	0
chrM	9743	9743	5.41403860209523e-05
chrM	9744	9744	0.000568458664934221
chrM	9745	9745	0.000216620183585606
chrM	9746	9746	8.12435682175161e-05
chrM	9747	9747	2.708192281652e-05
chrM	9748	9748	2.708192281652e-05
chrM	9749	9749	0.00105619498984428
chrM	9750	9750	0.000921733944207987
chrM	9751	9751	0.000461179534479952
chrM	9752	9752	0
chrM	9753	9753	0
chrM	9754	9754	2.71407246573483e-05
chrM	9755	9755	0
chrM	9756	9756	0
chrM	9757	9757	2.71010054473021e-05
chrM	9758	9758	0
chrM	9759	9759	0
chrM	9760	9760	2.70372573406154e-05
chrM	9761	9761	0.00132371613042656
chrM	9762	9762	0.00186577253799146
chrM	9763	9763	0.00470130501742725
chrM	9764	9764	0.0152259465327724
chrM	9765	9765	0.0303982361857517
chrM	9766	9766	0.0172492185279909
chrM	9767	9767	0.00506014341892205
chrM	9768	9768	0.00183091633002993
chrM	9769	9769	0.000145560407569141
chrM	9770	9770	2.91146242757737e-05
chrM	9771	9771	8.73057447180024e-05
chrM	9772	9772	0.000174616571112599
chrM	9773	9773	0.000174281813692741
chrM	9774	9774	0
chrM	9775	9775	0.000348604130958952
chrM	9776	9776	0.000958995669989248
chrM	9777	9777	0.000174509917980339
chrM	9778	9778	0.000145437621804008
chrM	9779	9779	0.000174550532379124
chrM	9780	9780	8.72905027932961e-05
chrM	9781	9781	0
chrM	9782	9782	0.000290942946088272
chrM	9783	9783	0
chrM	9784	9784	5.82021360183919e-05
chrM	9785	9785	0.000407438665929397
chrM	9786	9786	0.00349375491309285
chrM	9787	9787	0.0026294262007713
chrM	9788	9788	0.00070298769771529
chrM	9789	9789	0.00102591159573221
chrM	9790	9790	5.86837240691294e-05
chrM	9791	9791	0
chrM	9792	9792	0
chrM	9793	9793	0
chrM	9794	9794	0
chrM	9795	9795	0.000146700701229352
chrM	9796	9796	0.000176061504152117
chrM	9797	9797	0.00824699909018871
chrM	9798	9798	0.000858191287878788
chrM	9799	9799	0.000681219085981696
chrM	9800	9800	0.0023117960877297
chrM	9801	9801	0.00264393084189888
chrM	9802	9802	0.00217436630625801
chrM	9803	9803	0.000626865671641791
chrM	9804	9804	0.000298694704142896
chrM	9805	9805	5.97567898652484e-05
chrM	9806	9806	0
chrM	9807	9807	5.97567898652484e-05
chrM	9808	9808	8.96405414288702e-05
chrM	9809	9809	0.000268937696100403
chrM	9810	9810	0.0003287802253639
chrM	9811	9811	0.000478383065239491
chrM	9812	9812	0.0100502512562814
chrM	9813	9813	0.0424509774299785
chrM	9814	9814	0.0453197931121484
chrM	9815	9815	0.118336746152322
chrM	9816	9816	0.0704547157090419
chrM	9817	9817	0.0168835878631583
chrM	9818	9818	0.00241783460372101
chrM	9819	9819	0.00197100973186055
chrM	9820	9820	0.000411167303975988
chrM	9821	9821	8.22469877040753e-05
chrM	9822	9822	0.00345366335005345
chrM	9823	9823	0.00664136622390892
chrM	9824	9824	0.0493401942069881
chrM	9825	9825	0.00933600907425181
chrM	9826	9826	0.00823353293413174
chrM	9827	9827	0.0042171616282683
chrM	9828	9828	0.00115905848787447
chrM	9829	9829	0.000892618048736945
chrM	9830	9830	0.0087993567982848
chrM	9831	9831	0.00680456040737236
chrM	9832	9832	0.00298251163631434
chrM	9833	9833	0.0172679477882524
chrM	9834	9834	0.00166028686067426
chrM	9835	9835	0.00300272555088465
chrM	9836	9836	0.0117690668149384
chrM	9837	9837	0.000187529301453352
chrM	9838	9838	0.000937822376441902
chrM	9839	9839	0.00023467567821271
chrM	9840	9840	4.69439489249836e-05
chrM	9841	9841	0.000187784611051124
chrM	9842	9842	0.000328684791285158
chrM	9843	9843	0.000751526538280883
chrM	9844	9844	0.0009871204286923
chrM	9845	9845	9.41043617371665e-05
chrM	9846	9846	0.000235283045503741
chrM	9847	9847	0.000470676833286266
chrM	9848	9848	9.41796948577887e-05
chrM	9849	9849	4.70942827540737e-05
chrM	9850	9850	9.41930014599915e-05
chrM	9851	9851	0.000141302811925957
chrM	9852	9852	0.000141309467734338
chrM	9853	9853	4.71075937441115e-05
chrM	9854	9854	0.000659506312417562
chrM	9855	9855	4.71386820024512e-05
chrM	9856	9856	0
chrM	9857	9857	0.000141402714932127
chrM	9858	9858	0.000235704520812709
chrM	9859	9859	0.00513956997359487
chrM	9860	9860	0.00402862694914451
chrM	9861	9861	0.000808984486532788
chrM	9862	9862	0.000190503405248369
chrM	9863	9863	0
chrM	9864	9864	9.52698518553804e-05
chrM	9865	9865	4.76394645324187e-05
chrM	9866	9866	9.52743902439024e-05
chrM	9867	9867	0.000333492139113864
chrM	9868	9868	4.76576276032979e-05
chrM	9869	9869	0.000667238585454199
chrM	9870	9870	0.00014307516215185
chrM	9871	9871	0.000238492725971858
chrM	9872	9872	0.000286259541984733
chrM	9873	9873	0.000620406604944163
chrM	9874	9874	0.00114607707368321
chrM	9875	9875	0.000143424009179137
chrM	9876	9876	0
chrM	9877	9877	4.78148608587549e-05
chrM	9878	9878	0
chrM	9879	9879	0
chrM	9880	9880	0
chrM	9881	9881	0.000191268588915985
chrM	9882	9882	0.000286957769381606
chrM	9883	9883	0
chrM	9884	9884	0
chrM	9885	9885	0
chrM	9886	9886	0.000191360091852844
chrM	9887	9887	9.5698358773147e-05
chrM	9888	9888	4.78537589127626e-05
chrM	9889	9889	9.57120980091884e-05
chrM	9890	9890	4.78606298458888e-05
chrM	9891	9891	4.78629205954147e-05
chrM	9892	9892	0
chrM	9893	9893	0
chrM	9894	9894	0
chrM	9895	9895	0
chrM	9896	9896	0.000765843385027762
chrM	9897	9897	0
chrM	9898	9898	4.79018969151178e-05
chrM	9899	9899	9.58083832335329e-05
chrM	9900	9900	0.000143726345039046
chrM	9901	9901	0.00052707235265932
chrM	9902	9902	0.0126564073061988
chrM	9903	9903	0.0124787569798495
chrM	9904	9904	0.00240928311535058
chrM	9905	9905	0.000887180245453201
chrM	9906	9906	0.00049331557397267
chrM	9907	9907	0
chrM	9908	9908	4.93559054340852e-05
chrM	9909	9909	0
chrM	9910	9910	4.93583415597236e-05
chrM	9911	9911	9.87215558517202e-05
chrM	9912	9912	9.87313027595399e-05
chrM	9913	9913	0.000246852628980499
chrM	9914	9914	4.93827160493827e-05
chrM	9915	9915	0
chrM	9916	9916	4.93802775171596e-05
chrM	9917	9917	0
chrM	9918	9918	0
chrM	9919	9919	0
chrM	9920	9920	0.000148126203525404
chrM	9921	9921	4.93827160493827e-05
chrM	9922	9922	9.87703096449207e-05
chrM	9923	9923	9.87800661826443e-05
chrM	9924	9924	0.000246974561620153
chrM	9925	9925	0.00113636363636364
chrM	9926	9926	0.000197853291784142
chrM	9927	9927	0.000148389968838107
chrM	9928	9928	0
chrM	9929	9929	0
chrM	9930	9930	0
chrM	9931	9931	0
chrM	9932	9932	4.9468216670789e-05
chrM	9933	9933	0.000148411991688928
chrM	9934	9934	0
chrM	9935	9935	0
chrM	9936	9936	4.9478007025877e-05
chrM	9937	9937	0.00168225223887982
chrM	9938	9938	0.000148684145313971
chrM	9939	9939	0
chrM	9940	9940	0
chrM	9941	9941	0
chrM	9942	9942	4.95687518588282e-05
chrM	9943	9943	0
chrM	9944	9944	9.91424180835771e-05
chrM	9945	9945	0
chrM	9946	9946	0
chrM	9947	9947	0
chrM	9948	9948	0
chrM	9949	9949	0
chrM	9950	9950	0
chrM	9951	9951	0
chrM	9952	9952	9.91522482772297e-05
chrM	9953	9953	0
chrM	9954	9954	0
chrM	9955	9955	0
chrM	9956	9956	0
chrM	9957	9957	0
chrM	9958	9958	0
chrM	9959	9959	0
chrM	9960	9960	0
chrM	9961	9961	0
chrM	9962	9962	0
chrM	9963	9963	0
chrM	9964	9964	4.95810402102236e-05
chrM	9965	9965	0
chrM	9966	9966	0
chrM	9967	9967	0
chrM	9968	9968	0
chrM	9969	9969	0
chrM	9970	9970	0
chrM	9971	9971	0
chrM	9972	9972	0
chrM	9973	9973	0
chrM	9974	9974	0
chrM	9975	9975	0
chrM	9976	9976	0
chrM	9977	9977	0
chrM	9978	9978	9.91669972233241e-05
chrM	9979	9979	0
chrM	9980	9980	0
chrM	9981	9981	0.000148765248437965
chrM	9982	9982	0.000247978971383227
chrM	9983	9983	0.000148824288123822
chrM	9984	9984	0.000198461920119077
chrM	9985	9985	0
chrM	9986	9986	4.96228662167527e-05
chrM	9987	9987	0
chrM	9988	9988	0
chrM	9989	9989	0
chrM	9990	9990	0
chrM	9991	9991	0
chrM	9992	9992	0
chrM	9993	9993	0
chrM	9994	9994	4.96228662167527e-05
chrM	9995	9995	0
chrM	9996	9996	0
chrM	9997	9997	0
chrM	9998	9998	0
chrM	9999	9999	0
chrM	10000	10000	0
chrM	10001	10001	0
chrM	10002	10002	0
chrM	10003	10003	0
chrM	10004	10004	0
chrM	10005	10005	0
chrM	10006	10006	0
chrM	10007	10007	0
chrM	10008	10008	0
chrM	10009	10009	0
chrM	10010	10010	0
chrM	10011	10011	0
chrM	10012	10012	0
chrM	10013	10013	0
chrM	10014	10014	0
chrM	10015	10015	0
chrM	10016	10016	0
chrM	10017	10017	0
chrM	10018	10018	4.83301918708617e-05
chrM	10019	10019	0
chrM	10020	10020	0
chrM	10021	10021	0
chrM	10022	10022	0
chrM	10023	10023	0
chrM	10024	10024	0
chrM	10025	10025	0
chrM	10026	10026	0
chrM	10027	10027	0
chrM	10028	10028	0
chrM	10029	10029	0
chrM	10030	10030	0
chrM	10031	10031	0
chrM	10032	10032	0
chrM	10033	10033	0
chrM	10034	10034	0
chrM	10035	10035	0
chrM	10036	10036	0
chrM	10037	10037	0
chrM	10038	10038	0
chrM	10039	10039	0
chrM	10040	10040	0
chrM	10041	10041	0
chrM	10042	10042	0
chrM	10043	10043	0
chrM	10044	10044	0
chrM	10045	10045	0
chrM	10046	10046	0
chrM	10047	10047	0
chrM	10048	10048	0
chrM	10049	10049	0
chrM	10050	10050	0.00028631418209582
chrM	10051	10051	0
chrM	10052	10052	0
chrM	10053	10053	0
chrM	10054	10054	4.77304185957711e-05
chrM	10055	10055	0
chrM	10056	10056	0
chrM	10057	10057	0
chrM	10058	10058	4.77281405116457e-05
chrM	10059	10059	0
chrM	10060	10060	0
chrM	10061	10061	0
chrM	10062	10062	0
chrM	10063	10063	0
chrM	10064	10064	0
chrM	10065	10065	0
chrM	10066	10066	0
chrM	10067	10067	0
chrM	10068	10068	4.75873227372228e-05
chrM	10069	10069	0.000142768762194832
chrM	10070	10070	4.75963826749167e-05
chrM	10071	10071	4.75986481983912e-05
chrM	10072	10072	0
chrM	10073	10073	0
chrM	10074	10074	0
chrM	10075	10075	0
chrM	10076	10076	0
chrM	10077	10077	0
chrM	10078	10078	0
chrM	10079	10079	0
chrM	10080	10080	0
chrM	10081	10081	0
chrM	10082	10082	0
chrM	10083	10083	0
chrM	10084	10084	0
chrM	10085	10085	0
chrM	10086	10086	0
chrM	10087	10087	0
chrM	10088	10088	0
chrM	10089	10089	0
chrM	10090	10090	0
chrM	10091	10091	0
chrM	10092	10092	4.7431579945928e-05
chrM	10093	10093	0
chrM	10094	10094	0
chrM	10095	10095	0
chrM	10096	10096	0
chrM	10097	10097	0
chrM	10098	10098	0
chrM	10099	10099	0
chrM	10100	10100	0.000569070991606203
chrM	10101	10101	0
chrM	10102	10102	0
chrM	10103	10103	0
chrM	10104	10104	0
chrM	10105	10105	0
chrM	10106	10106	9.48991696322657e-05
chrM	10107	10107	0
chrM	10108	10108	0.000379578667678876
chrM	10109	10109	0.000189690330535401
chrM	10110	10110	0
chrM	10111	10111	4.70854129390715e-05
chrM	10112	10112	0
chrM	10113	10113	0
chrM	10114	10114	0
chrM	10115	10115	0
chrM	10116	10116	0
chrM	10117	10117	0
chrM	10118	10118	0
chrM	10119	10119	0
chrM	10120	10120	0
chrM	10121	10121	0
chrM	10122	10122	0
chrM	10123	10123	0
chrM	10124	10124	0
chrM	10125	10125	0
chrM	10126	10126	0
chrM	10127	10127	9.36066647945334e-05
chrM	10128	10128	0.00028055737398298
chrM	10129	10129	0
chrM	10130	10130	4.67704971703849e-05
chrM	10131	10131	0
chrM	10132	10132	4.67333395644453e-05
chrM	10133	10133	4.64317221525746e-05
chrM	10134	10134	0
chrM	10135	10135	0
chrM	10136	10136	0
chrM	10137	10137	0
chrM	10138	10138	4.57414692159912e-05
chrM	10139	10139	0
chrM	10140	10140	0.000137149126817226
chrM	10141	10141	9.1441111923921e-05
chrM	10142	10142	4.57226464267752e-05
chrM	10143	10143	0
chrM	10144	10144	0
chrM	10145	10145	0
chrM	10146	10146	0
chrM	10147	10147	0.000319707695820964
chrM	10148	10148	0.000501756146512795
chrM	10149	10149	0.000456370938298649
chrM	10150	10150	0.0133321157885125
chrM	10151	10151	0
chrM	10152	10152	0.000370181851834714
chrM	10153	10153	9.25797342961626e-05
chrM	10154	10154	0.00055552983658164
chrM	10155	10155	0
chrM	10156	10156	0.00166705255846261
chrM	10157	10157	0.000278306043879586
chrM	10158	10158	0.00208739215140551
chrM	10159	10159	0.000231545799759192
chrM	10160	10160	9.01063254640476e-05
chrM	10161	10161	4.45612940599795e-05
chrM	10162	10162	0
chrM	10163	10163	0
chrM	10164	10164	4.40528634361234e-05
chrM	10165	10165	0
chrM	10166	10166	0
chrM	10167	10167	0
chrM	10168	10168	0
chrM	10169	10169	0.000264247335506034
chrM	10170	10170	0
chrM	10171	10171	0.000132129486897159
chrM	10172	10172	0
chrM	10173	10173	0
chrM	10174	10174	0
chrM	10175	10175	0
chrM	10176	10176	0
chrM	10177	10177	4.40412225843389e-05
chrM	10178	10178	4.40412225843389e-05
chrM	10179	10179	0
chrM	10180	10180	0
chrM	10181	10181	4.403540446519e-05
chrM	10182	10182	0
chrM	10183	10183	0
chrM	10184	10184	4.3994720633524e-05
chrM	10185	10185	0
chrM	10186	10186	8.78850463593619e-05
chrM	10187	10187	0
chrM	10188	10188	0
chrM	10189	10189	0
chrM	10190	10190	0
chrM	10191	10191	0
chrM	10192	10192	0.000125224360312226
chrM	10193	10193	0
chrM	10194	10194	0
chrM	10195	10195	0.000123977188197372
chrM	10196	10196	0.000393050860781385
chrM	10197	10197	3.90869293308318e-05
chrM	10198	10198	3.90655519962497e-05
chrM	10199	10199	3.90563974379003e-05
chrM	10200	10200	3.90304828070723e-05
chrM	10201	10201	0
chrM	10202	10202	0.000468091745982213
chrM	10203	10203	0.000234018487460509
chrM	10204	10204	0
chrM	10205	10205	0
chrM	10206	10206	0
chrM	10207	10207	0
chrM	10208	10208	0
chrM	10209	10209	0.000428615960099751
chrM	10210	10210	3.89817955015008e-05
chrM	10211	10211	0.00101356619366911
chrM	10212	10212	0.000156091469601186
chrM	10213	10213	0.00027320271641558
chrM	10214	10214	0.000234146341463415
chrM	10215	10215	7.80670596042e-05
chrM	10216	10216	0
chrM	10217	10217	0
chrM	10218	10218	0
chrM	10219	10219	0
chrM	10220	10220	0.00011710516043407
chrM	10221	10221	0.000585571517801374
chrM	10222	10222	7.80975438322465e-05
chrM	10223	10223	7.80914450821912e-05
chrM	10224	10224	0.000195228612705478
chrM	10225	10225	0
chrM	10226	10226	7.81036435349709e-05
chrM	10227	10227	0
chrM	10228	10228	0.000273384104667057
chrM	10229	10229	0.000117196655988749
chrM	10230	10230	7.81372089388967e-05
chrM	10231	10231	0.00121122138001094
chrM	10232	10232	0
chrM	10233	10233	0
chrM	10234	10234	3.91190392363964e-05
chrM	10235	10235	0.000312964556763946
chrM	10236	10236	0.000704390702042733
chrM	10237	10237	0.000156641604010025
chrM	10238	10238	0.000117499608334639
chrM	10239	10239	3.91634683167541e-05
chrM	10240	10240	0
chrM	10241	10241	3.91481365487003e-05
chrM	10242	10242	0
chrM	10243	10243	0
chrM	10244	10244	0
chrM	10245	10245	0
chrM	10246	10246	0
chrM	10247	10247	0
chrM	10248	10248	0
chrM	10249	10249	0.00190550262492709
chrM	10250	10250	0
chrM	10251	10251	0
chrM	10252	10252	0
chrM	10253	10253	0.00112704519839882
chrM	10254	10254	0.00195965417867435
chrM	10255	10255	0.000268343172582995
chrM	10256	10256	0.000153309570349929
chrM	10257	10257	3.83332694445509e-05
chrM	10258	10258	7.6657723265619e-05
chrM	10259	10259	0.000536604062859333
chrM	10260	10260	0.000230034888624775
chrM	10261	10261	0.000191739847375081
chrM	10262	10262	0.000536953937022974
chrM	10263	10263	3.83685684687104e-05
chrM	10264	10264	0
chrM	10265	10265	0
chrM	10266	10266	0
chrM	10267	10267	7.67341927562922e-05
chrM	10268	10268	0
chrM	10269	10269	7.67312488010742e-05
chrM	10270	10270	0.00115105705406131
chrM	10271	10271	0
chrM	10272	10272	0.000422508162089495
chrM	10273	10273	7.68491834774255e-05
chrM	10274	10274	0.000384275448641586
chrM	10275	10275	0.000845730980663514
chrM	10276	10276	0.0457466045938979
chrM	10277	10277	0.000161277316345456
chrM	10278	10278	8.06419096004193e-05
chrM	10279	10279	4.03209548002097e-05
chrM	10280	10280	0
chrM	10281	10281	4.0270618556701e-05
chrM	10282	10282	8.05152979066023e-05
chrM	10283	10283	0.000241565343425397
chrM	10284	10284	0.00076514175257732
chrM	10285	10285	0.000765727642767904
chrM	10286	10286	0.00306525772364282
chrM	10287	10287	0.00420746015049761
chrM	10288	10288	0.00280328268465101
chrM	10289	10289	0.000203707476064372
chrM	10290	10290	0.000162999185004075
chrM	10291	10291	0.0090468234239374
chrM	10292	10292	4.1101520756268e-05
chrM	10293	10293	0.000369761709120789
chrM	10294	10294	0.000369883281275686
chrM	10295	10295	0.000534451570465384
chrM	10296	10296	0.000617004648101682
chrM	10297	10297	0.000946579965429253
chrM	10298	10298	0.00168884129010998
chrM	10299	10299	0.000329978551394159
chrM	10300	10300	0.000618914012213237
chrM	10301	10301	0.00355019815059445
chrM	10302	10302	0.00178061203362458
chrM	10303	10303	0.000539240086278414
chrM	10304	10304	0.0012035192563081
chrM	10305	10305	0.000664700261725728
chrM	10306	10306	0.00261780104712042
chrM	10307	10307	0.00669856459330144
chrM	10308	10308	0.00309080277336897
chrM	10309	10309	0.000460251046025105
chrM	10310	10310	0.000250878073256397
chrM	10311	10311	4.18217556773033e-05
chrM	10312	10312	0.0119610221237088
chrM	10313	10313	0.0145160607727792
chrM	10314	10314	0.00777090846642624
chrM	10315	10315	0.00467289719626168
chrM	10316	10316	0.00195575644313095
chrM	10317	10317	0.000130383762875397
chrM	10318	10318	4.31741645799154e-05
chrM	10319	10319	0.000511465348222658
chrM	10320	10320	0.000282645562464669
chrM	10321	10321	0.000925441596587937
chrM	10322	10322	0.00108682526264944
chrM	10323	10323	0.000523349436392915
chrM	10324	10324	0.000845785170566676
chrM	10325	10325	0.00265946730064069
chrM	10326	10326	0.000845376595145123
chrM	10327	10327	0.00374471511979062
chrM	10328	10328	0.000888888888888889
chrM	10329	10329	0.00319475897767713
chrM	10330	10330	0.00174449267718772
chrM	10331	10331	0.00093469337993254
chrM	10332	10332	0.000732183534005858
chrM	10333	10333	0.000284946674265245
chrM	10334	10334	4.07182702878782e-05
chrM	10335	10335	8.14398566658523e-05
chrM	10336	10336	0
chrM	10337	10337	4.07232448281479e-05
chrM	10338	10338	0
chrM	10339	10339	8.14398566658523e-05
chrM	10340	10340	4.07215865130105e-05
chrM	10341	10341	0
chrM	10342	10342	0
chrM	10343	10343	0
chrM	10344	10344	4.07149546028256e-05
chrM	10345	10345	8.14332247557003e-05
chrM	10346	10346	0.000122159784998778
chrM	10347	10347	0.000162899613113419
chrM	10348	10348	4.07298794395569e-05
chrM	10349	10349	4.07265618636475e-05
chrM	10350	10350	4.07282205840427e-05
chrM	10351	10351	0.00142548772044149
chrM	10352	10352	0.00215359609914669
chrM	10353	10353	0.000976999796458376
chrM	10354	10354	0.00077377316228874
chrM	10355	10355	0.00244329519078063
chrM	10356	10356	0.000441696113074205
chrM	10357	10357	0.000922213311948677
chrM	10358	10358	0.00164374774485828
chrM	10359	10359	0.0021379364953678
chrM	10360	10360	0.00122967076556922
chrM	10361	10361	0.000118901351512029
chrM	10362	10362	0.000317107975265578
chrM	10363	10363	0.000793021411578113
chrM	10364	10364	0.00337221296516702
chrM	10365	10365	0.00202993153956376
chrM	10366	10366	0.000837554341323336
chrM	10367	10367	0.000159655144887044
chrM	10368	10368	0.000159655144887044
chrM	10369	10369	7.98212005108557e-05
chrM	10370	10370	7.98180149259688e-05
chrM	10371	10371	0
chrM	10372	10372	0
chrM	10373	10373	0.000119536199545762
chrM	10374	10374	3.98469875677399e-05
chrM	10375	10375	0.000438334329547719
chrM	10376	10376	7.97289216663345e-05
chrM	10377	10377	0.00035879445064583
chrM	10378	10378	0.000638085742771685
chrM	10379	10379	0.00051877568937308
chrM	10380	10380	0.000359338816577497
chrM	10381	10381	0.00011982266245956
chrM	10382	10382	0.000199728369417592
chrM	10383	10383	0.000119856172592889
chrM	10384	10384	0.000119865750359597
chrM	10385	10385	0
chrM	10386	10386	3.99265351752775e-05
chrM	10387	10387	0
chrM	10388	10388	3.98771782908641e-05
chrM	10389	10389	0
chrM	10390	10390	0
chrM	10391	10391	0.000398549280618548
chrM	10392	10392	3.9859693877551e-05
chrM	10393	10393	0.000358751544624706
chrM	10394	10394	0.000239234449760766
chrM	10395	10395	0.000119641076769691
chrM	10396	10396	0
chrM	10397	10397	0.000199425654116146
chrM	10398	10398	0.000199465432640523
chrM	10399	10399	0.000159604181629559
chrM	10400	10400	3.99074147976694e-05
chrM	10401	10401	3.99058222594677e-05
chrM	10402	10402	3.98994533774887e-05
chrM	10403	10403	7.97638988593762e-05
chrM	10404	10404	0
chrM	10405	10405	0.000159184972938555
chrM	10406	10406	3.94726454566985e-05
chrM	10407	10407	0
chrM	10408	10408	0.000394399526720568
chrM	10409	10409	7.87277594079672e-05
chrM	10410	10410	0.000982858940084919
chrM	10411	10411	0.000429905811544925
chrM	10412	10412	0.000155575434638871
chrM	10413	10413	0.000452232899943471
chrM	10414	10414	0.000137019148425993
chrM	10415	10415	0.000668069612853659
chrM	10416	10416	6.33051625360048e-05
chrM	10417	10417	0.000189256537236224
chrM	10418	10418	0.000409552013105664
chrM	10419	10419	9.4535829079221e-05
chrM	10420	10420	0.00053575367936718
chrM	10421	10421	0.000189190893611654
chrM	10422	10422	0.000189226693578908
chrM	10423	10423	0
chrM	10424	10424	0
chrM	10425	10425	0
chrM	10426	10426	6.30855124120746e-05
chrM	10427	10427	0
chrM	10428	10428	0
chrM	10429	10429	0.000157713781030186
chrM	10430	10430	3.15477317180895e-05
chrM	10431	10431	0
chrM	10432	10432	0.000126194908035461
chrM	10433	10433	0.000189316252800303
chrM	10434	10434	0.000315576874526635
chrM	10435	10435	0
chrM	10436	10436	0
chrM	10437	10437	6.29148447576206e-05
chrM	10438	10438	0.000251145852954103
chrM	10439	10439	9.37998311603039e-05
chrM	10440	10440	0.000156298843388559
chrM	10441	10441	0.0193695523134119
chrM	10442	10442	0.000624590112738515
chrM	10443	10443	0.0047185606867789
chrM	10444	10444	0.000822995092510745
chrM	10445	10445	0.000548379234706312
chrM	10446	10446	0.000243627615190182
chrM	10447	10447	0.00659815130138652
chrM	10448	10448	0.00283744203075421
chrM	10449	10449	0.0102998257892967
chrM	10450	10450	0.0041336335873153
chrM	10451	10451	0.00232226901164231
chrM	10452	10452	0.000868782773278724
chrM	10453	10453	0.00018630068931255
chrM	10454	10454	0.000403689097289072
chrM	10455	10455	0.0001242004595417
chrM	10456	10456	0.00136633232928609
chrM	10457	10457	0.000279859448365932
chrM	10458	10458	0.000248833592534992
chrM	10459	10459	0.00071557463754589
chrM	10460	10460	0.000186805317724711
chrM	10461	10461	0.000342508407024536
chrM	10462	10462	0.000124564025909317
chrM	10463	10463	3.11419762698141e-05
chrM	10464	10464	6.22839525396282e-05
chrM	10465	10465	0
chrM	10466	10466	0
chrM	10467	10467	0.000249089267366192
chrM	10468	10468	0.000249143568981626
chrM	10469	10469	0.000560625408789361
chrM	10470	10470	0.000124622238838521
chrM	10471	10471	0
chrM	10472	10472	0.000872029649008066
chrM	10473	10473	0.00112201963534362
chrM	10474	10474	9.3603744149766e-05
chrM	10475	10475	0.000249633351015696
chrM	10476	10476	0.00059299023126619
chrM	10477	10477	0.012200449326011
chrM	10478	10478	0
chrM	10479	10479	0.000221099178774479
chrM	10480	10480	0.000126358352287086
chrM	10481	10481	0.000221001452295258
chrM	10482	10482	0.000157297008210904
chrM	10483	10483	0.000214664663129811
chrM	10484	10484	0.000978443663048464
chrM	10485	10485	0.000947143293614421
chrM	10486	10486	0.000701625941856563
chrM	10487	10487	0.000998577783157321
chrM	10488	10488	0.00129167918293782
chrM	10489	10489	0.000677048070412999
chrM	10490	10490	0.00129564193168433
chrM	10491	10491	0.00106047662532772
chrM	10492	10492	0.00147401314819728
chrM	10493	10493	0.088024534811713
chrM	10494	10494	0.00594530321046373
chrM	10495	10495	0.00431854071997164
chrM	10496	10496	0.0013257453275561
chrM	10497	10497	0.00116489774786435
chrM	10498	10498	9.71376764667789e-05
chrM	10499	10499	3.23750323750324e-05
chrM	10500	10500	0.00349639030075431
chrM	10501	10501	0.00399597154088561
chrM	10502	10502	0.000978537412747081
chrM	10503	10503	0.000293848765835184
chrM	10504	10504	0.00251469627694317
chrM	10505	10505	0.000458370166650296
chrM	10506	10506	0.000196534442661076
chrM	10507	10507	0.000851816662844412
chrM	10508	10508	0.00259041872971112
chrM	10509	10509	0.00207114208692222
chrM	10510	10510	0.000560039532202273
chrM	10511	10511	0.000593315314127497
chrM	10512	10512	9.88761082363798e-05
chrM	10513	10513	0.00016480980947986
chrM	10514	10514	6.59304433822317e-05
chrM	10515	10515	6.59304433822317e-05
chrM	10516	10516	0
chrM	10517	10517	0.000230695712355403
chrM	10518	10518	0
chrM	10519	10519	3.29576165051743e-05
chrM	10520	10520	6.59130606729723e-05
chrM	10521	10521	0
chrM	10522	10522	0
chrM	10523	10523	0
chrM	10524	10524	3.29033956304291e-05
chrM	10525	10525	0
chrM	10526	10526	0
chrM	10527	10527	0
chrM	10528	10528	0.000525796910943148
chrM	10529	10529	0.000854616572987542
chrM	10530	10530	0.00552649758215731
chrM	10531	10531	0.00539163799947076
chrM	10532	10532	0.00718347800059862
chrM	10533	10533	0.000468948884571582
chrM	10534	10534	0.00103880436968032
chrM	10535	10535	0.00090555406493158
chrM	10536	10536	6.71388767665917e-05
chrM	10537	10537	3.35705653283201e-05
chrM	10538	10538	0
chrM	10539	10539	6.71411306566403e-05
chrM	10540	10540	0
chrM	10541	10541	3.3572819445377e-05
chrM	10542	10542	0
chrM	10543	10543	0
chrM	10544	10544	0
chrM	10545	10545	3.35457900033546e-05
chrM	10546	10546	0
chrM	10547	10547	0
chrM	10548	10548	0.000134156157767642
chrM	10549	10549	6.70848287659746e-05
chrM	10550	10550	6.70893294421522e-05
chrM	10551	10551	0.000201234236651462
chrM	10552	10552	0.000536714635537218
chrM	10553	10553	3.35626783017285e-05
chrM	10554	10554	6.71231037723184e-05
chrM	10555	10555	0
chrM	10556	10556	0.00530272519801316
chrM	10557	10557	0.0132595566652046
chrM	10558	10558	0.0142231947483589
chrM	10559	10559	0.00395394006659267
chrM	10560	10560	0.00786962880423428
chrM	10561	10561	0.000701902154839615
chrM	10562	10562	0.00295005970358924
chrM	10563	10563	0.00133849947164495
chrM	10564	10564	0.000917042889390519
chrM	10565	10565	0.00116500741368354
chrM	10566	10566	0.000176722157424098
chrM	10567	10567	0.00021210407239819
chrM	10568	10568	0
chrM	10569	10569	0
chrM	10570	10570	0
chrM	10571	10571	0
chrM	10572	10572	0
chrM	10573	10573	3.53419332037462e-05
chrM	10574	10574	0
chrM	10575	10575	0.000458731783055154
chrM	10576	10576	3.52970244608379e-05
chrM	10577	10577	0.00112946491599605
chrM	10578	10578	0.000282645562464669
chrM	10579	10579	0.00021202911866563
chrM	10580	10580	0.000883610787120489
chrM	10581	10581	0.00303736667373031
chrM	10582	10582	0.000389656393907191
chrM	10583	10583	0.000318888849519895
chrM	10584	10584	0.00194924865324638
chrM	10585	10585	0.000106454703523651
chrM	10586	10586	0.000780169509557076
chrM	10587	10587	0.00198652004256829
chrM	10588	10588	0.00861396667848281
chrM	10589	10589	0.00210932751778628
chrM	10590	10590	0.000429845613783716
chrM	10591	10591	0.000501612325331422
chrM	10592	10592	0.000528951265956696
chrM	10593	10593	0.000140959227543433
chrM	10594	10594	0.000105578039767728
chrM	10595	10595	0.000563142334224975
chrM	10596	10596	3.51617440225035e-05
chrM	10597	10597	3.51617440225035e-05
chrM	10598	10598	0.00101965472381421
chrM	10599	10599	0.00126560028124451
chrM	10600	10600	0.000950202357909555
chrM	10601	10601	0.000140899644228398
chrM	10602	10602	0.000140909571282629
chrM	10603	10603	0.000739853438556933
chrM	10604	10604	0.000141028805133449
chrM	10605	10605	0.00105786522796996
chrM	10606	10606	0.000776561948464525
chrM	10607	10607	0.000141302811925957
chrM	10608	10608	7.06613906161673e-05
chrM	10609	10609	0
chrM	10610	10610	3.53331920005653e-05
chrM	10611	10611	0
chrM	10612	10612	0.000247341083353945
chrM	10613	10613	0.000423235636440588
chrM	10614	10614	0.000176404177250917
chrM	10615	10615	0
chrM	10616	10616	7.04523037903339e-05
chrM	10617	10617	0.00014070139646136
chrM	10618	10618	0
chrM	10619	10619	0
chrM	10620	10620	0.00688613287425781
chrM	10621	10621	0.00491548200014145
chrM	10622	10622	0.0019541659264523
chrM	10623	10623	0.000711971805916486
chrM	10624	10624	0.000427396089325783
chrM	10625	10625	0.00077854059027532
chrM	10626	10626	0.000176947305092543
chrM	10627	10627	7.07839320474252e-05
chrM	10628	10628	0.00010618341415071
chrM	10629	10629	0.00357496814384822
chrM	10630	10630	0.00500656890246068
chrM	10631	10631	0.00138494318181818
chrM	10632	10632	0.000640045514347687
chrM	10633	10633	0.000284565859211041
chrM	10634	10634	0.00188491357849065
chrM	10635	10635	0.00583983192678845
chrM	10636	10636	0.000895351335864193
chrM	10637	10637	0.0012187690432663
chrM	10638	10638	0.000430632311777794
chrM	10639	10639	7.17720519629656e-05
chrM	10640	10640	0.00128695527830408
chrM	10641	10641	0.000894710471691361
chrM	10642	10642	0.000465666081599026
chrM	10643	10643	0.000573394495412844
chrM	10644	10644	0.000537865748709122
chrM	10645	10645	0.000502278190363434
chrM	10646	10646	0.000107685128683729
chrM	10647	10647	0
chrM	10648	10648	0.000107696726019529
chrM	10649	10649	0.000251319426991706
chrM	10650	10650	7.18107069764102e-05
chrM	10651	10651	0.00132859348630112
chrM	10652	10652	0.000179772049041815
chrM	10653	10653	0.000215765247410817
chrM	10654	10654	0.000251771391576449
chrM	10655	10655	0.00294995862862899
chrM	10656	10656	0.00108240727377688
chrM	10657	10657	0.0017698475763924
chrM	10658	10658	0.00104927997684348
chrM	10659	10659	0.000362082699688609
chrM	10660	10660	0.000470554168024034
chrM	10661	10661	0.00245815710515852
chrM	10662	10662	0.00154910296130845
chrM	10663	10663	0.00125962715036349
chrM	10664	10664	0.000431670203964171
chrM	10665	10665	0.0020812401320511
chrM	10666	10666	0.00214822771213749
chrM	10667	10667	0.00362149951593818
chrM	10668	10668	0.00845597495592098
chrM	10669	10669	0.00431847873421396
chrM	10670	10670	0.000911178335823887
chrM	10671	10671	0.000547205603385379
chrM	10672	10672	0.000146001387013177
chrM	10673	10673	0.000109517029898149
chrM	10674	10674	7.30193501277839e-05
chrM	10675	10675	0
chrM	10676	10676	0.000109537023513948
chrM	10677	10677	0
chrM	10678	10678	0.000109529025191676
chrM	10679	10679	0
chrM	10680	10680	7.2947441368494e-05
chrM	10681	10681	0.000182003494467094
chrM	10682	10682	3.6388777700957e-05
chrM	10683	10683	7.27299174515437e-05
chrM	10684	10684	0.000545434711465038
chrM	10685	10685	0.0122594492342392
chrM	10686	10686	0.00412401502319758
chrM	10687	10687	0.0315917824416199
chrM	10688	10688	0.00547528517110266
chrM	10689	10689	0.0042470896060066
chrM	10690	10690	0.000761353686855229
chrM	10691	10691	0.000495068357515518
chrM	10692	10692	0.000416036308623298
chrM	10693	10693	0.000301681876461272
chrM	10694	10694	0.00237118446309609
chrM	10695	10695	0.00207132904003314
chrM	10696	10696	0.00109096381009706
chrM	10697	10697	0.000747244535774332
chrM	10698	10698	0.000965896426183223
chrM	10699	10699	0.0246800396054127
chrM	10700	10700	0.00286345132132754
chrM	10701	10701	0.00486794407042983
chrM	10702	10702	0.00318890814558059
chrM	10703	10703	0.00531489908639316
chrM	10704	10704	0.00599240497508971
chrM	10705	10705	0.00231189575451871
chrM	10706	10706	0.00186004071032498
chrM	10707	10707	0.00035155563367903
chrM	10708	10708	0.000246175487954985
chrM	10709	10709	0.000175870559268378
chrM	10710	10710	0.00105537184267924
chrM	10711	10711	0.000986054373855473
chrM	10712	10712	0.000246756909193457
chrM	10713	10713	0.000423116251190014
chrM	10714	10714	0
chrM	10715	10715	0
chrM	10716	10716	0
chrM	10717	10717	3.5272124440055e-05
chrM	10718	10718	0
chrM	10719	10719	7.05467372134039e-05
chrM	10720	10720	0.00010582757160999
chrM	10721	10721	0
chrM	10722	10722	0
chrM	10723	10723	0.00331593057711302
chrM	10724	10724	0
chrM	10725	10725	3.53907134767837e-05
chrM	10726	10726	0
chrM	10727	10727	3.53744384307899e-05
chrM	10728	10728	0.00102535091751229
chrM	10729	10729	7.07789220370174e-05
chrM	10730	10730	0.000530560271646859
chrM	10731	10731	0.00555300109645245
chrM	10732	10732	0.00742023250061835
chrM	10733	10733	0.00205084685831477
chrM	10734	10734	0.00120353982300885
chrM	10735	10735	0.000318651749044045
chrM	10736	10736	0.000141173148867085
chrM	10737	10737	0.000244917952485917
chrM	10738	10738	0.004128328027149
chrM	10739	10739	0.000561758303489923
chrM	10740	10740	0.000702592566570646
chrM	10741	10741	0.000914012514940589
chrM	10742	10742	0.00214637579169599
chrM	10743	10743	0.00271518741845622
chrM	10744	10744	0.000601089031893077
chrM	10745	10745	0.000318415000884486
chrM	10746	10746	0.000176934781839414
chrM	10747	10747	0.000530823129733173
chrM	10748	10748	0
chrM	10749	10749	0.000106217249681348
chrM	10750	10750	3.54095109946532e-05
chrM	10751	10751	0.000212464589235127
chrM	10752	10752	0.00131047673018347
chrM	10753	10753	0.00170230875625066
chrM	10754	10754	0.000532878610252584
chrM	10755	10755	7.10883628350039e-05
chrM	10756	10756	0
chrM	10757	10757	0.000106632544252506
chrM	10758	10758	0
chrM	10759	10759	0
chrM	10760	10760	7.10908897024846e-05
chrM	10761	10761	0.000106628754220722
chrM	10762	10762	3.55000177500089e-05
chrM	10763	10763	3.54647657552222e-05
chrM	10764	10764	0
chrM	10765	10765	0.000460715171705001
chrM	10766	10766	0.000106273690176769
chrM	10767	10767	0.000354283284914618
chrM	10768	10768	0.000744021257750221
chrM	10769	10769	0.00106296283173298
chrM	10770	10770	0.00106330190685475
chrM	10771	10771	0.000390195452449363
chrM	10772	10772	3.5486160397445e-05
chrM	10773	10773	0.000177437098548565
chrM	10774	10774	0
chrM	10775	10775	0.000425924611343792
chrM	10776	10776	0.000213053050209502
chrM	10777	10777	0.0024861486006535
chrM	10778	10778	0.00494908495335755
chrM	10779	10779	0.00082298636705192
chrM	10780	10780	0.000143245953301819
chrM	10781	10781	0
chrM	10782	10782	7.16332378223496e-05
chrM	10783	10783	0.000107457554266065
chrM	10784	10784	0.00419114486316091
chrM	10785	10785	0
chrM	10786	10786	3.59621677994749e-05
chrM	10787	10787	0.000107878744291416
chrM	10788	10788	3.59595814304721e-05
chrM	10789	10789	7.19114051488566e-05
chrM	10790	10790	3.59557025744283e-05
chrM	10791	10791	7.19139908669232e-05
chrM	10792	10792	0.000395555395735194
chrM	10793	10793	0.000107917550991043
chrM	10794	10794	0.000395740394301338
chrM	10795	10795	0.000107960270620412
chrM	10796	10796	0.00107971927298902
chrM	10797	10797	0.000180147721131328
chrM	10798	10798	0
chrM	10799	10799	0.000144144144144144
chrM	10800	10800	0.00176602032725438
chrM	10801	10801	0
chrM	10802	10802	0.000144414759188389
chrM	10803	10803	0.000144393906577142
chrM	10804	10804	0.00379061371841155
chrM	10805	10805	0.00673864212738207
chrM	10806	10806	0.00225750072822604
chrM	10807	10807	0.0020163468116516
chrM	10808	10808	0.0016078753076292
chrM	10809	10809	0.0003672532517215
chrM	10810	10810	0.00030071570337403
chrM	10811	10811	0.000830072334874896
chrM	10812	10812	0.00209711720226843
chrM	10813	10813	0.00429082946172284
chrM	10814	10814	0.00674571335175775
chrM	10815	10815	0.00976702508960573
chrM	10816	10816	0.0116717435232379
chrM	10817	10817	0.0153461268572475
chrM	10818	10818	0.00319092908702252
chrM	10819	10819	0.00264089977008637
chrM	10820	10820	0.00560695262125035
chrM	10821	10821	0.00288184438040346
chrM	10822	10822	0.00169640613219402
chrM	10823	10823	0.00204544024167663
chrM	10824	10824	0.000536057768107716
chrM	10825	10825	0.00157703832203123
chrM	10826	10826	0.000631771804024386
chrM	10827	10827	0.00139068870697557
chrM	10828	10828	0.00167705597569851
chrM	10829	10829	0.000316816626536561
chrM	10830	10830	0.000348542458808619
chrM	10831	10831	0.000348597686578989
chrM	10832	10832	0.000535922574950348
chrM	10833	10833	0.000126067635286331
chrM	10834	10834	0.000220486329847549
chrM	10835	10835	0.000409513309182548
chrM	10836	10836	0.00097331240188383
chrM	10837	10837	3.14001318805539e-05
chrM	10838	10838	0.00282521346057258
chrM	10839	10839	0.00264417023419793
chrM	10840	10840	0.00239815720551576
chrM	10841	10841	0.00224534328452611
chrM	10842	10842	0.00513194158456616
chrM	10843	10843	0.00138994187515795
chrM	10844	10844	0.00239181746656176
chrM	10845	10845	0.000502970670522775
chrM	10846	10846	0.000125568984460838
chrM	10847	10847	0
chrM	10848	10848	0.00015688243230523
chrM	10849	10849	0.000878458932044927
chrM	10850	10850	0.00181972202177392
chrM	10851	10851	0.000911433779621598
chrM	10852	10852	0.000660605869955016
chrM	10853	10853	0.00012591286829514
chrM	10854	10854	0
chrM	10855	10855	0
chrM	10856	10856	3.14792079831271e-05
chrM	10857	10857	6.29485081203576e-05
chrM	10858	10858	0
chrM	10859	10859	3.14752447200277e-05
chrM	10860	10860	0
chrM	10861	10861	0.00028328611898017
chrM	10862	10862	0.000313587757533946
chrM	10863	10863	3.13627097381214e-05
chrM	10864	10864	0
chrM	10865	10865	0.000219353221358737
chrM	10866	10866	0.00028162843821385
chrM	10867	10867	0.000312636778590633
chrM	10868	10868	0.000625195373554236
chrM	10869	10869	0.00102941635212278
chrM	10870	10870	0.00246689982513115
chrM	10871	10871	0.00253560807638128
chrM	10872	10872	0.00633944263118253
chrM	10873	10873	0.00123176046996399
chrM	10874	10874	0.000727318723713753
chrM	10875	10875	0.000664556962025316
chrM	10876	10876	0.000253332911111815
chrM	10877	10877	0
chrM	10878	10878	0
chrM	10879	10879	3.16746381172595e-05
chrM	10880	10880	0
chrM	10881	10881	3.1675641431739e-05
chrM	10882	10882	0
chrM	10883	10883	0
chrM	10884	10884	3.16766448097817e-05
chrM	10885	10885	0
chrM	10886	10886	0
chrM	10887	10887	3.1675641431739e-05
chrM	10888	10888	3.16345575907121e-05
chrM	10889	10889	0.000885627530364372
chrM	10890	10890	3.16555872111428e-05
chrM	10891	10891	9.49547382414382e-05
chrM	10892	10892	6.33011552460832e-05
chrM	10893	10893	9.49457226951926e-05
chrM	10894	10894	0.0170269329366712
chrM	10895	10895	0.00076960076960077
chrM	10896	10896	0.00227783124799487
chrM	10897	10897	0.00980518227994599
chrM	10898	10898	0.0212952442785262
chrM	10899	10899	0.0101810705047423
chrM	10900	10900	0.00247889588637277
chrM	10901	10901	0.00201470736375541
chrM	10902	10902	0.000605632381144645
chrM	10903	10903	0.0114099155195046
chrM	10904	10904	0.000136170212765957
chrM	10905	10905	0.000951636474866601
chrM	10906	10906	0.00115665929579861
chrM	10907	10907	0.0004086915060282
chrM	10908	10908	0.00115839324043474
chrM	10909	10909	0.0028652317767848
chrM	10910	10910	0.00912165624679717
chrM	10911	10911	0.00320612266004757
chrM	10912	10912	0.00100276625172891
chrM	10913	10913	0.00103788271925272
chrM	10914	10914	0.000345793423009094
chrM	10915	10915	0.000242088881203528
chrM	10916	10916	0.00062266500622665
chrM	10917	10917	0.00231729671773943
chrM	10918	10918	0.00155677022071542
chrM	10919	10919	0.000892428090890369
chrM	10920	10920	0.000330250990752972
chrM	10921	10921	0.00114330513180675
chrM	10922	10922	0.000522329589971272
chrM	10923	10923	3.26562602050813e-05
chrM	10924	10924	0.000652997257411519
chrM	10925	10925	0.00871097190956249
chrM	10926	10926	0.00138189714736946
chrM	10927	10927	0.00220736006325569
chrM	10928	10928	0.0040943009971604
chrM	10929	10929	0.00490667373934953
chrM	10930	10930	0.000866233549891721
chrM	10931	10931	0.000500183400580213
chrM	10932	10932	0.000133448989123907
chrM	10933	10933	0.000700700700700701
chrM	10934	10934	0.000267111853088481
chrM	10935	10935	0
chrM	10936	10936	3.33244468141829e-05
chrM	10937	10937	6.6651114739894e-05
chrM	10938	10938	0.000133222314737719
chrM	10939	10939	0.00419678246677547
chrM	10940	10940	0.00210723483961602
chrM	10941	10941	0.00539634657281716
chrM	10942	10942	0.003167542795525
chrM	10943	10943	0.00141973430686543
chrM	10944	10944	0.00358726183627195
chrM	10945	10945	0.00499235863474274
chrM	10946	10946	0.00201378933715612
chrM	10947	10947	0.0054721433701563
chrM	10948	10948	0.001134839574951
chrM	10949	10949	0.000481994078358466
chrM	10950	10950	0.000103334251860017
chrM	10951	10951	0.000206689861862276
chrM	10952	10952	0.000930296661268649
chrM	10953	10953	0.00155193819837219
chrM	10954	10954	0.00839349245276502
chrM	10955	10955	0.00323951511773722
chrM	10956	10956	0.000349467062729338
chrM	10957	10957	0.000174794616325817
chrM	10958	10958	0.00045452956190343
chrM	10959	10959	0.000454720346986603
chrM	10960	10960	6.99814549144477e-05
chrM	10961	10961	3.49919518510743e-05
chrM	10962	10962	3.49919518510743e-05
chrM	10963	10963	0.000104968509447166
chrM	10964	10964	6.99839037021485e-05
chrM	10965	10965	0.000279916025192442
chrM	10966	10966	0.000174996500069999
chrM	10967	10967	0.000805040252012601
chrM	10968	10968	0.000665405897597534
chrM	10969	10969	0.000140109986339276
chrM	10970	10970	0.000105086170659941
chrM	10971	10971	0.000315225386151098
chrM	10972	10972	0.0206362553430033
chrM	10973	10973	0.00300504418130433
chrM	10974	10974	0.00516703146865693
chrM	10975	10975	0.00764652840396754
chrM	10976	10976	0.00378003125795079
chrM	10977	10977	0.00970484147542778
chrM	10978	10978	0.00851048152378145
chrM	10979	10979	0.00144916765755053
chrM	10980	10980	0.00234436051054962
chrM	10981	10981	0.000186497575531518
chrM	10982	10982	0.000223838836038053
chrM	10983	10983	0.000149259300720176
chrM	10984	10984	0.0005598059339429
chrM	10985	10985	0.00041075429424944
chrM	10986	10986	0.00127012589188987
chrM	10987	10987	0.0196745838788105
chrM	10988	10988	0.0175887066005341
chrM	10989	10989	0.00718474503864228
chrM	10990	10990	0.0023079330308246
chrM	10991	10991	0.000627327974906881
chrM	10992	10992	0.000588489152183295
chrM	10993	10993	0.00329747978330847
chrM	10994	10994	0.000669554942890902
chrM	10995	10995	0.000512355653647578
chrM	10996	10996	3.94321766561514e-05
chrM	10997	10997	7.88674632280453e-05
chrM	10998	10998	7.88736837954017e-05
chrM	10999	10999	0.00149800922458312
chrM	11000	11000	0
chrM	11001	11001	0.000315669021031449
chrM	11002	11002	0.000789234836825697
chrM	11003	11003	0.00378967314069162
chrM	11004	11004	0.00170351002297758
chrM	11005	11005	0.0011508393190206
chrM	11006	11006	0.000715108656787573
chrM	11007	11007	0.000675836845034587
chrM	11008	11008	0.00171062577077615
chrM	11009	11009	0.0161393161711963
chrM	11010	11010	0.0488842088210279
chrM	11011	11011	0.018693578606711
chrM	11012	11012	0.00494684313300065
chrM	11013	11013	0.00148270899655488
chrM	11014	11014	8.73476874699742e-05
chrM	11015	11015	4.36776588774842e-05
chrM	11016	11016	0.000131027253668763
chrM	11017	11017	0.000611086861632475
chrM	11018	11018	0.00109179841034151
chrM	11019	11019	0.000437196694792987
chrM	11020	11020	0.00034987972884321
chrM	11021	11021	0.000131245078309563
chrM	11022	11022	0.000787573835047036
chrM	11023	11023	4.37885886937864e-05
chrM	11024	11024	0.000394114555964267
chrM	11025	11025	0
chrM	11026	11026	0.000131406044678055
chrM	11027	11027	0.00135804091645858
chrM	11028	11028	0.000350938761186173
chrM	11029	11029	8.77654906090925e-05
chrM	11030	11030	8.77731940665321e-05
chrM	11031	11031	4.38904494382022e-05
chrM	11032	11032	0.00258965017776412
chrM	11033	11033	0.00382855131138884
chrM	11034	11034	0.00061845650925476
chrM	11035	11035	0.00132608407373027
chrM	11036	11036	0.00106227592617182
chrM	11037	11037	0.000398777083610262
chrM	11038	11038	0.000265957446808511
chrM	11039	11039	0.000133014099494546
chrM	11040	11040	0
chrM	11041	11041	8.86682035821954e-05
chrM	11042	11042	0.00270462002305578
chrM	11043	11043	0.00053340445392719
chrM	11044	11044	0.00200124521924753
chrM	11045	11045	0.00204981952675906
chrM	11046	11046	0.00308104487608841
chrM	11047	11047	0.000313535787870644
chrM	11048	11048	0.00291231686007438
chrM	11049	11049	0.000853779095892873
chrM	11050	11050	0.00103440521700022
chrM	11051	11051	0.00288132540968846
chrM	11052	11052	0.00126422250316056
chrM	11053	11053	0.000587703435804702
chrM	11054	11054	0.000361876328764645
chrM	11055	11055	0
chrM	11056	11056	0
chrM	11057	11057	0.00135746606334842
chrM	11058	11058	0.000181233292555842
chrM	11059	11059	0.00290025830425522
chrM	11060	11060	0.00309048766077353
chrM	11061	11061	0.00100291757840992
chrM	11062	11062	0.000273797572328192
chrM	11063	11063	0.00109549023187877
chrM	11064	11064	0.000913826190258613
chrM	11065	11065	9.14662032379036e-05
chrM	11066	11066	0.000411635565312843
chrM	11067	11067	0.000503317318691375
chrM	11068	11068	0.000137337483977294
chrM	11069	11069	9.15708987683714e-05
chrM	11070	11070	9.15750915750916e-05
chrM	11071	11071	0
chrM	11072	11072	4.57917391702537e-05
chrM	11073	11073	9.15876722993085e-05
chrM	11074	11074	4.57980306846806e-05
chrM	11075	11075	0
chrM	11076	11076	9.16002564807182e-05
chrM	11077	11077	9.16086478563576e-05
chrM	11078	11078	0
chrM	11079	11079	4.58085203847916e-05
chrM	11080	11080	0
chrM	11081	11081	9.16170407695831e-05
chrM	11082	11082	0
chrM	11083	11083	0
chrM	11084	11084	0.000503916807916075
chrM	11085	11085	0.000183334861123843
chrM	11086	11086	4.58421197396168e-05
chrM	11087	11087	0.000229221106679503
chrM	11088	11088	0
chrM	11089	11089	0.00022927366104182
chrM	11090	11090	0.000137595743704995
chrM	11091	11091	9.1743119266055e-05
chrM	11092	11092	0.000229378842095605
chrM	11093	11093	9.17725875281054e-05
chrM	11094	11094	4.58905052544629e-05
chrM	11095	11095	4.58926112895824e-05
chrM	11096	11096	0
chrM	11097	11097	4.58947175180137e-05
chrM	11098	11098	0
chrM	11099	11099	4.58968239397834e-05
chrM	11100	11100	4.58989305549181e-05
chrM	11101	11101	4.58989305549181e-05
chrM	11102	11102	9.18020747268888e-05
chrM	11103	11103	0.00289203084832905
chrM	11104	11104	0.000552460752267391
chrM	11105	11105	0.000368510755907688
chrM	11106	11106	0.000368646606147182
chrM	11107	11107	0.00018437427978797
chrM	11108	11108	0.000460999446800664
chrM	11109	11109	0.000276727239184577
chrM	11110	11110	0.00106108138032847
chrM	11111	11111	0.000277097861728167
chrM	11112	11112	0.000508153554765094
chrM	11113	11113	0.000184877056757256
chrM	11114	11114	0.000138683431952663
chrM	11115	11115	0.00018493689028619
chrM	11116	11116	4.6242774566474e-05
chrM	11117	11117	9.24727205474385e-05
chrM	11118	11118	9.24769963471586e-05
chrM	11119	11119	4.62406362711551e-05
chrM	11120	11120	0
chrM	11121	11121	4.6229947760159e-05
chrM	11122	11122	0
chrM	11123	11123	4.62320850670365e-05
chrM	11124	11124	0
chrM	11125	11125	0
chrM	11126	11126	0.000184919791040636
chrM	11127	11127	0.000369907985388635
chrM	11128	11128	0.000693737859587457
chrM	11129	11129	9.25583117363939e-05
chrM	11130	11130	0
chrM	11131	11131	0.000185125190910353
chrM	11132	11132	0
chrM	11133	11133	9.25797342961626e-05
chrM	11134	11134	0.00124994213230869
chrM	11135	11135	0.00125144843568946
chrM	11136	11136	0.000788936328197513
chrM	11137	11137	0.000185778644744787
chrM	11138	11138	0
chrM	11139	11139	0.000139353400222965
chrM	11140	11140	0
chrM	11141	11141	0
chrM	11142	11142	0
chrM	11143	11143	0
chrM	11144	11144	0
chrM	11145	11145	0
chrM	11146	11146	4.6455449224194e-05
chrM	11147	11147	0
chrM	11148	11148	0
chrM	11149	11149	4.64576074332172e-05
chrM	11150	11150	0
chrM	11151	11151	0
chrM	11152	11152	0
chrM	11153	11153	0
chrM	11154	11154	4.64468183929401e-05
chrM	11155	11155	4.64489758000836e-05
chrM	11156	11156	0.000139353400222965
chrM	11157	11157	0.000139366347672582
chrM	11158	11158	9.29238489058217e-05
chrM	11159	11159	0
chrM	11160	11160	9.28720687253309e-05
chrM	11161	11161	0
chrM	11162	11162	0
chrM	11163	11163	0
chrM	11164	11164	0
chrM	11165	11165	0
chrM	11166	11166	0
chrM	11167	11167	0
chrM	11168	11168	0.000132059690980323
chrM	11169	11169	4.40024641379917e-05
chrM	11170	11170	4.40005280063361e-05
chrM	11171	11171	0
chrM	11172	11172	0
chrM	11173	11173	0
chrM	11174	11174	0
chrM	11175	11175	0
chrM	11176	11176	0
chrM	11177	11177	0
chrM	11178	11178	0
chrM	11179	11179	0
chrM	11180	11180	0
chrM	11181	11181	0
chrM	11182	11182	0
chrM	11183	11183	0
chrM	11184	11184	0
chrM	11185	11185	6.03056289274041e-06
chrM	11186	11186	5.89462763637221e-06
chrM	11187	11187	4.09912864236859e-05
chrM	11188	11188	5.21494254871626e-05
chrM	11189	11189	8.07083890605543e-05
chrM	11190	11190	3.44064317089675e-05
chrM	11191	11191	3.43721356553621e-05
chrM	11192	11192	0.000406708979676008
chrM	11193	11193	7.44866153281995e-05
chrM	11194	11194	0.000114592823051492
chrM	11195	11195	0.000550010885632111
chrM	11196	11196	0.000570727392061182
chrM	11197	11197	0.000313508213915205
chrM	11198	11198	2.84981476204047e-05
chrM	11199	11199	0.000370444248140655
chrM	11200	11200	0
chrM	11201	11201	5.69168160733089e-06
chrM	11202	11202	5.69171400275479e-06
chrM	11203	11203	0
chrM	11204	11204	1.1382780130219e-05
chrM	11205	11205	5.69109855275364e-06
chrM	11206	11206	1.70717411468796e-05
chrM	11207	11207	2.27621919990895e-05
chrM	11208	11208	0
chrM	11209	11209	0
chrM	11210	11210	0
chrM	11211	11211	0
chrM	11212	11212	5.69035371238676e-06
chrM	11213	11213	0
chrM	11214	11214	0
chrM	11215	11215	5.69019181636613e-06
chrM	11216	11216	3.9830209506902e-05
chrM	11217	11217	0
chrM	11218	11218	0.000187764577359006
chrM	11219	11219	0
chrM	11220	11220	5.69064514844048e-06
chrM	11221	11221	0
chrM	11222	11222	1.13812255303651e-05
chrM	11223	11223	1.70715468528603e-05
chrM	11224	11224	1.13812255303651e-05
chrM	11225	11225	1.13796713550913e-05
chrM	11226	11226	0
chrM	11227	11227	0
chrM	11228	11228	0
chrM	11229	11229	5.11840578721081e-05
chrM	11230	11230	5.67485358877741e-06
chrM	11231	11231	3.96360280170095e-05
chrM	11232	11232	0
chrM	11233	11233	2.67485529032879e-05
chrM	11234	11234	3.97484365614952e-05
chrM	11235	11235	6.15760630159956e-05
chrM	11236	11236	0.000397399011847603
chrM	11237	11237	0.000399557698919336
chrM	11238	11238	0.000450815767397654
chrM	11239	11239	0.00613273013430168
chrM	11240	11240	0.0018289616783413
chrM	11241	11241	0.000644316310105926
chrM	11242	11242	0.00010080786957806
chrM	11243	11243	4.45469806525429e-05
chrM	11244	11244	3.98592265903245e-05
chrM	11245	11245	0.000145372352523265
chrM	11246	11246	6.56615755495053e-05
chrM	11247	11247	4.45585769397638e-05
chrM	11248	11248	4.22081424196521e-05
chrM	11249	11249	1.63878009209944e-05
chrM	11250	11250	4.67291903233193e-05
chrM	11251	11251	2.80200997515551e-05
chrM	11252	11252	9.33800544872618e-06
chrM	11253	11253	2.33439236933822e-05
chrM	11254	11254	6.30294767853099e-05
chrM	11255	11255	4.89920469577105e-05
chrM	11256	11256	6.29890399070562e-05
chrM	11257	11257	3.49948907459511e-05
chrM	11258	11258	3.03278439935705e-05
chrM	11259	11259	1.39967807404297e-05
chrM	11260	11260	2.09948282739685e-05
chrM	11261	11261	6.99752520858456e-06
chrM	11262	11262	9.32918495575634e-06
chrM	11263	11263	2.56547799519556e-05
chrM	11264	11264	4.66460335711504e-05
chrM	11265	11265	0.000170264376260948
chrM	11266	11266	0.000118971803682527
chrM	11267	11267	3.7328928519768e-05
chrM	11268	11268	1.86651174619173e-05
chrM	11269	11269	6.99954969563625e-06
chrM	11270	11270	6.99948437131798e-06
chrM	11271	11271	4.66633380152216e-06
chrM	11272	11272	1.39990340666494e-05
chrM	11273	11273	3.0331169709894e-05
chrM	11274	11274	0.000422315033015236
chrM	11275	11275	1.16709810393242e-05
chrM	11276	11276	4.66844690108495e-06
chrM	11277	11277	1.86737876043398e-05
chrM	11278	11278	7.46965452847806e-05
chrM	11279	11279	0.000172746245103578
chrM	11280	11280	0.0014055010657994
chrM	11281	11281	0.000212756506023815
chrM	11282	11282	0.000240857921887204
chrM	11283	11283	0.00125363108630876
chrM	11284	11284	0.000653147986009992
chrM	11285	11285	0.000308964174199619
chrM	11286	11286	0.000163661529253329
chrM	11287	11287	3.73814307742629e-05
chrM	11288	11288	1.86824221760351e-05
chrM	11289	11289	1.86580217832404e-05
chrM	11290	11290	1.86496271240177e-05
chrM	11291	11291	3.95808158770294e-05
chrM	11292	11292	0.000102443987585651
chrM	11293	11293	0.000134821953663089
chrM	11294	11294	9.53073895770909e-05
chrM	11295	11295	0.00404057771664374
chrM	11296	11296	0.00123547335518934
chrM	11297	11297	0.0126568214434517
chrM	11298	11298	0.0029069427794953
chrM	11299	11299	0.00445142646392874
chrM	11300	11300	0.00677701334356043
chrM	11301	11301	0.023056253393332
chrM	11302	11302	0.0469705769682291
chrM	11303	11303	0.0152094692183676
chrM	11304	11304	0.00847605275537049
chrM	11305	11305	0.00616258549740869
chrM	11306	11306	0.0133003316115044
chrM	11307	11307	0.0287906981422436
chrM	11308	11308	0.0322932780950096
chrM	11309	11309	0.0340720639228102
chrM	11310	11310	0.021058946857727
chrM	11311	11311	0.012825332242443
chrM	11312	11312	0.0129099306124826
chrM	11313	11313	0.0753459624665609
chrM	11314	11314	0.00892561415732928
chrM	11315	11315	0.00833684002079259
chrM	11316	11316	0.00413352070629289
chrM	11317	11317	0.0020251946242111
chrM	11318	11318	0.000555040698798751
chrM	11319	11319	0.000299031790346048
chrM	11320	11320	0.000125679928412713
chrM	11321	11321	0.000115640067775135
chrM	11322	11322	0.000140794432585866
chrM	11323	11323	0.000140812842131202
chrM	11324	11324	0.000120713112713354
chrM	11325	11325	7.54534753870763e-05
chrM	11326	11326	3.52131274539148e-05
chrM	11327	11327	0.000331997796741894
chrM	11328	11328	0.00964576834054544
chrM	11329	11329	0.000241312128347571
chrM	11330	11330	0.00095020325203252
chrM	11331	11331	0.00048059807760769
chrM	11332	11332	0.000373701577681627
chrM	11333	11333	0.000259079202036058
chrM	11334	11334	0.0154579755333357
chrM	11335	11335	0.00187189628766353
chrM	11336	11336	0.00205193591765413
chrM	11337	11337	0.0016420955725483
chrM	11338	11338	0.00264713348079922
chrM	11339	11339	0.0047192953764923
chrM	11340	11340	0.00499586719754274
chrM	11341	11341	0.0156257779478162
chrM	11342	11342	0.0116111618348936
chrM	11343	11343	0.0389445307724003
chrM	11344	11344	0.00248267590991753
chrM	11345	11345	0.00125845524618531
chrM	11346	11346	0.000455635963740378
chrM	11347	11347	0.00060778812956017
chrM	11348	11348	0.000146406288713201
chrM	11349	11349	0.000306933313809746
chrM	11350	11350	0.000284489411923768
chrM	11351	11351	0.000698707672542761
chrM	11352	11352	0.000121228182451234
chrM	11353	11353	0.00017481531607737
chrM	11354	11354	8.46026074523617e-05
chrM	11355	11355	0.0012437425086371
chrM	11356	11356	0.00011012687180385
chrM	11357	11357	0.00263768042270664
chrM	11358	11358	0.159128361657427
chrM	11359	11359	0.000777775159006199
chrM	11360	11360	0.00362482398043404
chrM	11361	11361	0.000760613087953917
chrM	11362	11362	0.000933198537988957
chrM	11363	11363	0.000474578096706226
chrM	11364	11364	0.000639904963396824
chrM	11365	11365	0.000367275905193846
chrM	11366	11366	0.000479662317728319
chrM	11367	11367	0.000294925958556328
chrM	11368	11368	0.000511097582057468
chrM	11369	11369	0.00131975725490491
chrM	11370	11370	0.000992046684549861
chrM	11371	11371	0.000928952996485807
chrM	11372	11372	0.000460175055117279
chrM	11373	11373	0.000235811682676708
chrM	11374	11374	0.000314859680049774
chrM	11375	11375	0.000284170035304834
chrM	11376	11376	0.000144772218775265
chrM	11377	11377	0.000157524317816563
chrM	11378	11378	0.000332564822115187
chrM	11379	11379	0.00942025195391306
chrM	11380	11380	0.0014404494805709
chrM	11381	11381	0.0021693079737644
chrM	11382	11382	0.00215690948926654
chrM	11383	11383	0.00150066222404963
chrM	11384	11384	0.00172835102790405
chrM	11385	11385	0.00922052727699851
chrM	11386	11386	0.00138065598274751
chrM	11387	11387	0.00369162756339288
chrM	11388	11388	0.00201495902536108
chrM	11389	11389	0.00111281760081098
chrM	11390	11390	0.00260457353204559
chrM	11391	11391	0.00777405947251001
chrM	11392	11392	0.00692800646613937
chrM	11393	11393	0.00793867629306252
chrM	11394	11394	0.00182015252565692
chrM	11395	11395	0.000690538835473743
chrM	11396	11396	0.00463140586462044
chrM	11397	11397	0.00426329378774382
chrM	11398	11398	0.00118293648677738
chrM	11399	11399	0.0015520858254032
chrM	11400	11400	0.0013703133106532
chrM	11401	11401	0.00185218934723697
chrM	11402	11402	0.00102866615629
chrM	11403	11403	0.00166590584371313
chrM	11404	11404	0.000801712426147673
chrM	11405	11405	0.00059298588026005
chrM	11406	11406	0.000391943808452016
chrM	11407	11407	0.000296718065475786
chrM	11408	11408	0.000470750508042472
chrM	11409	11409	0.000375442282385689
chrM	11410	11410	0.00205478025214142
chrM	11411	11411	0.000868093315303218
chrM	11412	11412	0.00253651081279945
chrM	11413	11413	0.00375489243738532
chrM	11414	11414	0.00891019569666922
chrM	11415	11415	0.00786094759551253
chrM	11416	11416	0.00710471069205554
chrM	11417	11417	0.00189651656439443
chrM	11418	11418	0.00134835467299613
chrM	11419	11419	0.000846022115575918
chrM	11420	11420	0.000506021092893938
chrM	11421	11421	0.00176984892078298
chrM	11422	11422	0.0030076726342711
chrM	11423	11423	0.00318433909573724
chrM	11424	11424	0.000323699681539388
chrM	11425	11425	0.00066070101688063
chrM	11426	11426	0.00011799233237129
chrM	11427	11427	0.000196675988484153
chrM	11428	11428	0.00032035970212168
chrM	11429	11429	0.000438462533001801
chrM	11430	11430	0.000355704872970527
chrM	11431	11431	0.00015455000809991
chrM	11432	11432	9.49388296090009e-05
chrM	11433	11433	0.000113380581437926
chrM	11434	11434	4.82508151604061e-05
chrM	11435	11435	0.00052672335565285
chrM	11436	11436	0.000119594211640157
chrM	11437	11437	0.000332651859038775
chrM	11438	11438	0.000245988396969839
chrM	11439	11439	0.00594970987800842
chrM	11440	11440	0.00408848691144167
chrM	11441	11441	0.00174037459158044
chrM	11442	11442	0.0117955232379868
chrM	11443	11443	0.000200351057605362
chrM	11444	11444	0.000175561486420585
chrM	11445	11445	0.000207517452749872
chrM	11446	11446	0.00231329952084187
chrM	11447	11447	0.00292300963313029
chrM	11448	11448	0.00102351955207646
chrM	11449	11449	0.000423024680009496
chrM	11450	11450	0.000280347130459626
chrM	11451	11451	3.39360252341139e-05
chrM	11452	11452	2.1433049404965e-05
chrM	11453	11453	4.46522660131956e-05
chrM	11454	11454	0.0072302498794363
chrM	11455	11455	0.00374927466715531
chrM	11456	11456	0.00110217246838008
chrM	11457	11457	0.00350268689400815
chrM	11458	11458	0.000931602734379918
chrM	11459	11459	0.00364316382428212
chrM	11460	11460	0.0104689834186174
chrM	11461	11461	0.0114943884327858
chrM	11462	11462	0.0122627119262573
chrM	11463	11463	0.00283188174366562
chrM	11464	11464	0.00290960299921877
chrM	11465	11465	0.110426527294314
chrM	11466	11466	0.0128717553394788
chrM	11467	11467	0.0566460882732688
chrM	11468	11468	0.137547063171166
chrM	11469	11469	0.079631100769817
chrM	11470	11470	0.0622795680080615
chrM	11471	11471	0.0140510462948687
chrM	11472	11472	0.00595380529421938
chrM	11473	11473	0.0124052328394279
chrM	11474	11474	0.010017351181642
chrM	11475	11475	0.00377094495444152
chrM	11476	11476	0.00190592230491821
chrM	11477	11477	0.00183105289218113
chrM	11478	11478	0.0147581360056773
chrM	11479	11479	0.0057243022650708
chrM	11480	11480	0.00141977874488554
chrM	11481	11481	0.00159730389145355
chrM	11482	11482	0.00209212376933896
chrM	11483	11483	0.00111483842392549
chrM	11484	11484	0.0024362039558712
chrM	11485	11485	0.00133850890108419
chrM	11486	11486	0.00269575860569093
chrM	11487	11487	0.0010066535488975
chrM	11488	11488	0.000284276946662538
chrM	11489	11489	8.63218026023485e-05
chrM	11490	11490	0.00016249882569208
chrM	11491	11491	0.000294549314157157
chrM	11492	11492	0.000502580165343798
chrM	11493	11493	0.000164975456728207
chrM	11494	11494	0.000177644685251684
chrM	11495	11495	0.000139594262929601
chrM	11496	11496	0.000652363739744944
chrM	11497	11497	0.000121918076132759
chrM	11498	11498	0.000421681544065721
chrM	11499	11499	0.00124013671999085
chrM	11500	11500	0.000412172837809988
chrM	11501	11501	0.00055741785722467
chrM	11502	11502	0.000165533821106326
chrM	11503	11503	5.09417862737357e-05
chrM	11504	11504	8.15110103544455e-05
chrM	11505	11505	6.11382412056461e-05
chrM	11506	11506	5.85943968471119e-05
chrM	11507	11507	5.85978303516379e-05
chrM	11508	11508	0.000132489139712346
chrM	11509	11509	0.000104474569360921
chrM	11510	11510	3.82260074464263e-05
chrM	11511	11511	0.000122323535557923
chrM	11512	11512	0.000298195534713019
chrM	11513	11513	2.03953641337324e-05
chrM	11514	11514	3.05936701696419e-05
chrM	11515	11515	0.000145324008801026
chrM	11516	11516	0.000137695387204529
chrM	11517	11517	0.000272875650311129
chrM	11518	11518	0.000642835824322153
chrM	11519	11519	0.0105650879870942
chrM	11520	11520	0.0213372476988484
chrM	11521	11521	0.0010965692670647
chrM	11522	11522	0.000567348188180158
chrM	11523	11523	0.00153137739475741
chrM	11524	11524	0.00699690877310818
chrM	11525	11525	0.039283612611869
chrM	11526	11526	0.0305062761390312
chrM	11527	11527	0.0496274443165624
chrM	11528	11528	0.00855178547819084
chrM	11529	11529	0.00335977120836641
chrM	11530	11530	0.00114340190727885
chrM	11531	11531	0.000714672191150217
chrM	11532	11532	0.0148999877495321
chrM	11533	11533	0.00601817979952686
chrM	11534	11534	0.0103949985467518
chrM	11535	11535	0.0164720952242075
chrM	11536	11536	0.0158652183138918
chrM	11537	11537	0.0283780949933692
chrM	11538	11538	0.0158184089203062
chrM	11539	11539	0.00769183263856724
chrM	11540	11540	0.00983937117643032
chrM	11541	11541	0.00178501841585901
chrM	11542	11542	0.00105780794489324
chrM	11543	11543	0.000759516808642734
chrM	11544	11544	0.00073486045536117
chrM	11545	11545	0.00343363893140612
chrM	11546	11546	0.015686994740392
chrM	11547	11547	0.0136651397395646
chrM	11548	11548	0.00169265992211808
chrM	11549	11549	0.00175760129892616
chrM	11550	11550	0.000683987812580794
chrM	11551	11551	0.000432285151005063
chrM	11552	11552	0.000606116203943359
chrM	11553	11553	0.00132752935314903
chrM	11554	11554	0.000688664580996793
chrM	11555	11555	0.000852447836749682
chrM	11556	11556	0.000573460259204037
chrM	11557	11557	0.000268164024814983
chrM	11558	11558	0.00034621288826469
chrM	11559	11559	0.000448958611221363
chrM	11560	11560	0.00225966085718621
chrM	11561	11561	0.00788200742852207
chrM	11562	11562	0.00926851995651499
chrM	11563	11563	0.00394072299883691
chrM	11564	11564	0.00146035942466874
chrM	11565	11565	0.00163108508092449
chrM	11566	11566	0.00409483224148093
chrM	11567	11567	0.00501177969193478
chrM	11568	11568	0.00576470917104352
chrM	11569	11569	0.00093980854132972
chrM	11570	11570	0.000396763410290856
chrM	11571	11571	0.00054301692714835
chrM	11572	11572	0.000678384959236332
chrM	11573	11573	0.00102663807827888
chrM	11574	11574	0.00075472384381763
chrM	11575	11575	0.0103308542518472
chrM	11576	11576	0.00181174943994908
chrM	11577	11577	0.00202350950129689
chrM	11578	11578	0.00116737374699324
chrM	11579	11579	0.00125478231987108
chrM	11580	11580	0.000772837978058791
chrM	11581	11581	0.00035435424331503
chrM	11582	11582	0.000147945864142546
chrM	11583	11583	0.000194193910325568
chrM	11584	11584	8.32005719268944e-05
chrM	11585	11585	0.000967153734322253
chrM	11586	11586	0.000319958651497345
chrM	11587	11587	0.0125317444212831
chrM	11588	11588	0.00490470677571548
chrM	11589	11589	0.0227121451227325
chrM	11590	11590	0.00732666304382572
chrM	11591	11591	0.00815913862164007
chrM	11592	11592	0.00645663923649998
chrM	11593	11593	0.00939497411322282
chrM	11594	11594	0.0034040281549047
chrM	11595	11595	0.00336602366136083
chrM	11596	11596	0.00519513263180244
chrM	11597	11597	0.00612566108454546
chrM	11598	11598	0.00186829994767418
chrM	11599	11599	0.000238401434437927
chrM	11600	11600	0.000174581591714089
chrM	11601	11601	0.0696230792215161
chrM	11602	11602	0.00346869163259272
chrM	11603	11603	0.0162381939395255
chrM	11604	11604	0.0178774318565393
chrM	11605	11605	0.0192652480676735
chrM	11606	11606	0.024726471321835
chrM	11607	11607	0.0188550909125454
chrM	11608	11608	0.00475353133272787
chrM	11609	11609	0.00517530121416055
chrM	11610	11610	0.00331812043030783
chrM	11611	11611	0.0022528854263345
chrM	11612	11612	0.00763787617021113
chrM	11613	11613	0.011533832702478
chrM	11614	11614	0.0310639939122911
chrM	11615	11615	0.00722290746561625
chrM	11616	11616	0.0138558612524348
chrM	11617	11617	0.00857233520303882
chrM	11618	11618	0.00156677629309354
chrM	11619	11619	0.0143819600135566
chrM	11620	11620	0.000568976654845072
chrM	11621	11621	0.00351328946098332
chrM	11622	11622	0.00306659418784348
chrM	11623	11623	0.00720540833499729
chrM	11624	11624	0.00179372965809171
chrM	11625	11625	0.00412731294044938
chrM	11626	11626	0.00879577090485972
chrM	11627	11627	0.0167446848596397
chrM	11628	11628	0.0034386902024597
chrM	11629	11629	0.00143317118334978
chrM	11630	11630	0.00161740158215052
chrM	11631	11631	0.00538962397247776
chrM	11632	11632	0.000155119464360557
chrM	11633	11633	0.000374429033018375
chrM	11634	11634	0.00109380129525174
chrM	11635	11635	0.000107555955238797
chrM	11636	11636	8.96393361310766e-05
chrM	11637	11637	0.000385481971994287
chrM	11638	11638	0.000926698174404596
chrM	11639	11639	0.00431612270056132
chrM	11640	11640	0.000691167035539508
chrM	11641	11641	0.000711191569147217
chrM	11642	11642	0.000579288843950118
chrM	11643	11643	3.4626872862167e-05
chrM	11644	11644	6.62443090116349e-05
chrM	11645	11645	0.000183686804963759
chrM	11646	11646	6.92706403920116e-05
chrM	11647	11647	6.17434544408603e-05
chrM	11648	11648	5.8719640816474e-05
chrM	11649	11649	0.000146050464199568
chrM	11650	11650	0.00414719063222822
chrM	11651	11651	0.000663668317018784
chrM	11652	11652	0.00186825687851338
chrM	11653	11653	0.000794153574751979
chrM	11654	11654	0.00047473010152854
chrM	11655	11655	0.00438564554396568
chrM	11656	11656	0.000339754645344904
chrM	11657	11657	0.000536411195755037
chrM	11658	11658	0.000806562276060805
chrM	11659	11659	0.000117494827175791
chrM	11660	11660	0.00501465022585765
chrM	11661	11661	0.00117791049720706
chrM	11662	11662	0.00227720126896772
chrM	11663	11663	0.00309039085441304
chrM	11664	11664	0.00116711694326515
chrM	11665	11665	0.00427979239374708
chrM	11666	11666	0.00230664752221662
chrM	11667	11667	0.00107663560707779
chrM	11668	11668	0.000556008080027785
chrM	11669	11669	0.000422256501347793
chrM	11670	11670	3.58456455333209e-05
chrM	11671	11671	9.19408399652806e-05
chrM	11672	11672	0.000308510688025578
chrM	11673	11673	0.00123006777035832
chrM	11674	11674	0.0217433197298364
chrM	11675	11675	0.00294611993784289
chrM	11676	11676	0.00533786088874432
chrM	11677	11677	0.00772881355932203
chrM	11678	11678	0.00875349858609697
chrM	11679	11679	0.0241843537999698
chrM	11680	11680	0.0197561518798842
chrM	11681	11681	0.0252474987326234
chrM	11682	11682	0.0543944116664811
chrM	11683	11683	0.0267768619364617
chrM	11684	11684	0.00189572922258091
chrM	11685	11685	0.00245222887722002
chrM	11686	11686	0.000373934665831483
chrM	11687	11687	0.000506980956883833
chrM	11688	11688	0.000706670820573999
chrM	11689	11689	0.00377003006527755
chrM	11690	11690	0.00163123432604868
chrM	11691	11691	0.00174468490799886
chrM	11692	11692	0.00443504679317873
chrM	11693	11693	0.00772439713287888
chrM	11694	11694	0.00860460255021568
chrM	11695	11695	0.0111328162405439
chrM	11696	11696	0.198712494488749
chrM	11697	11697	0.0218894618219913
chrM	11698	11698	0.0352435173176826
chrM	11699	11699	0.025986941998178
chrM	11700	11700	0.0138774895327938
chrM	11701	11701	0.131746366125974
chrM	11702	11702	0.0372585877573295
chrM	11703	11703	0.216435699058811
chrM	11704	11704	0.192904985957031
chrM	11705	11705	0.0626169806061089
chrM	11706	11706	0.0334326329260457
chrM	11707	11707	0.0124528488362516
chrM	11708	11708	0.0353376143218525
chrM	11709	11709	0.00975148692885795
chrM	11710	11710	0.00672187723698837
chrM	11711	11711	0.0166103224218846
chrM	11712	11712	0.00773291074386074
chrM	11713	11713	0.00150098764987362
chrM	11714	11714	0.00259760563295592
chrM	11715	11715	0.00130821401657875
chrM	11716	11716	0.00759999517077352
chrM	11717	11717	0.00821781154386584
chrM	11718	11718	0.00837790098621265
chrM	11719	11719	0.00988359866899222
chrM	11720	11720	0.00229254641313311
chrM	11721	11721	0.000550974536210923
chrM	11722	11722	0.000175406724342068
chrM	11723	11723	0.000275684041026798
chrM	11724	11724	0.000156676944674237
chrM	11725	11725	0.000162949128535526
chrM	11726	11726	0.000131617706968844
chrM	11727	11727	0.000752063474157219
chrM	11728	11728	0.000620903759917213
chrM	11729	11729	0.00201394073618631
chrM	11730	11730	0.00428682774746687
chrM	11731	11731	0.00637509546863264
chrM	11732	11732	0.000730460189919649
chrM	11733	11733	0.000533892649442273
chrM	11734	11734	0.000267083826166584
chrM	11735	11735	0.000318017605454638
chrM	11736	11736	0.000343542045729263
chrM	11737	11737	0.000165452289286964
chrM	11738	11738	7.63611372718711e-05
chrM	11739	11739	0.00017817031809765
chrM	11740	11740	0.000152730049637266
chrM	11741	11741	8.88527836307786e-05
chrM	11742	11742	0.000406160953970541
chrM	11743	11743	0.000406318248768348
chrM	11744	11744	0.0078057517402571
chrM	11745	11745	0.00986233688104396
chrM	11746	11746	0.00122150626587473
chrM	11747	11747	0.000659972048242663
chrM	11748	11748	0.000355984750907761
chrM	11749	11749	0.00234201103261396
chrM	11750	11750	0.000409136972764066
chrM	11751	11751	0.00209935707189673
chrM	11752	11752	0.013314168530485
chrM	11753	11753	0.00538326305024762
chrM	11754	11754	0.00201476726262982
chrM	11755	11755	0.0456428658103212
chrM	11756	11756	0.00399595560856588
chrM	11757	11757	0.00744940058452882
chrM	11758	11758	0.0140981298399192
chrM	11759	11759	0.0103543959625305
chrM	11760	11760	0.00465282524314461
chrM	11761	11761	0.00221092613239101
chrM	11762	11762	0.000549166151165873
chrM	11763	11763	0.000492517522258003
chrM	11764	11764	0.000170543908740059
chrM	11765	11765	7.58020807671171e-05
chrM	11766	11766	0.000126343185996121
chrM	11767	11767	6.94940203554303e-05
chrM	11768	11768	8.84368781782003e-05
chrM	11769	11769	0.000144973211471793
chrM	11770	11770	0.000137995922847734
chrM	11771	11771	0.000300195126832441
chrM	11772	11772	0.00191187863944218
chrM	11773	11773	0.000638210008634606
chrM	11774	11774	0.00133336671966747
chrM	11775	11775	0.00216861277726592
chrM	11776	11776	0.00188725382623471
chrM	11777	11777	0.00251868601218516
chrM	11778	11778	0.000610696634872667
chrM	11779	11779	0.00245005416572192
chrM	11780	11780	0.000586980396117093
chrM	11781	11781	0.000442058730659931
chrM	11782	11782	0.000739163671053213
chrM	11783	11783	0.00957739355817555
chrM	11784	11784	0.0167102827599413
chrM	11785	11785	0.00347929946642087
chrM	11786	11786	0.00577127261120773
chrM	11787	11787	0.00290891937576163
chrM	11788	11788	0.000972328068746222
chrM	11789	11789	0.000585164437781898
chrM	11790	11790	0.000328884620697367
chrM	11791	11791	0.000302446529426075
chrM	11792	11792	0.00141873784877305
chrM	11793	11793	0.000598463723891198
chrM	11794	11794	0.00165818928362275
chrM	11795	11795	0.00419171148370769
chrM	11796	11796	0.00158836259670812
chrM	11797	11797	0.00111362265426657
chrM	11798	11798	0.00838785883976801
chrM	11799	11799	0.0126810139457694
chrM	11800	11800	0.00410044393235962
chrM	11801	11801	0.000728168554006969
chrM	11802	11802	0.000408610791411001
chrM	11803	11803	0.00252076222399357
chrM	11804	11804	0.00279796635616064
chrM	11805	11805	0.00209349579590468
chrM	11806	11806	0.00111047133338817
chrM	11807	11807	0.000734103570350449
chrM	11808	11808	0.00248742582263215
chrM	11809	11809	0.000411271583189959
chrM	11810	11810	0.00174549934971593
chrM	11811	11811	0.0111407103825137
chrM	11812	11812	0.00478857906667493
chrM	11813	11813	0.00714587123596594
chrM	11814	11814	0.0335455913499053
chrM	11815	11815	0.00783696807746459
chrM	11816	11816	0.00820900384389863
chrM	11817	11817	0.0418223480646856
chrM	11818	11818	0.0748745746195367
chrM	11819	11819	0.0569004673820025
chrM	11820	11820	0.0030274741094253
chrM	11821	11821	0.00257260612000245
chrM	11822	11822	0.00143840722711924
chrM	11823	11823	0.00975766023948259
chrM	11824	11824	0.0120680991679229
chrM	11825	11825	0.00384494062081724
chrM	11826	11826	0.00360646771271323
chrM	11827	11827	0.0050333987875254
chrM	11828	11828	0.00529118767342859
chrM	11829	11829	0.0217880966819718
chrM	11830	11830	0.0139570307656884
chrM	11831	11831	0.0261893428414898
chrM	11832	11832	0.010061698222833
chrM	11833	11833	0.00217008633776975
chrM	11834	11834	0.000326590026873694
chrM	11835	11835	0.000354662883595908
chrM	11836	11836	0.000522778192681105
chrM	11837	11837	0.00844260151667974
chrM	11838	11838	0.00228340537492952
chrM	11839	11839	0.00742979829368891
chrM	11840	11840	0.0164505203639227
chrM	11841	11841	0.010349350874824
chrM	11842	11842	0.00240703204178686
chrM	11843	11843	0.000361419891769395
chrM	11844	11844	0.00073276535876192
chrM	11845	11845	0.000566971006275783
chrM	11846	11846	0.00961904297351349
chrM	11847	11847	0.0394673303369117
chrM	11848	11848	0.00391268732231485
chrM	11849	11849	0.00784355445515827
chrM	11850	11850	0.00200807127678241
chrM	11851	11851	0.000918148075796054
chrM	11852	11852	0.00127093374524622
chrM	11853	11853	0.00236709541742065
chrM	11854	11854	0.00372549019607843
chrM	11855	11855	0.0033947337347975
chrM	11856	11856	0.0213854113186683
chrM	11857	11857	0.000221946470546695
chrM	11858	11858	0.000322873574815861
chrM	11859	11859	0.000111021396851029
chrM	11860	11860	0.000181691548314811
chrM	11861	11861	0.000171627024189315
chrM	11862	11862	0.000100973383416132
chrM	11863	11863	7.06885060489164e-05
chrM	11864	11864	9.08916470576354e-05
chrM	11865	11865	7.06992152387109e-05
chrM	11866	11866	5.05024998737437e-05
chrM	11867	11867	4.04036322865426e-05
chrM	11868	11868	4.0404856663771e-05
chrM	11869	11869	5.05060708297137e-05
chrM	11870	11870	4.0406897457396e-05
chrM	11871	11871	0.000171736253523119
chrM	11872	11872	0.000101038677605787
chrM	11873	11873	0.000121258664942099
chrM	11874	11874	0.00031328320802005
chrM	11875	11875	0.00123328245200813
chrM	11876	11876	0.000475655544423192
chrM	11877	11877	7.0868852127078e-05
chrM	11878	11878	0.000931475781629678
chrM	11879	11879	0.0025029894002959
chrM	11880	11880	0.00034533543243106
chrM	11881	11881	0.000396107985130716
chrM	11882	11882	0.00105652403592182
chrM	11883	11883	0.0209441051661451
chrM	11884	11884	0.000733910814330901
chrM	11885	11885	0.0010754356031229
chrM	11886	11886	0.00226705727683978
chrM	11887	11887	0.0209271440725447
chrM	11888	11888	0.0259309497064621
chrM	11889	11889	0.00374242539627281
chrM	11890	11890	0.00444444444444444
chrM	11891	11891	0.00333446675953449
chrM	11892	11892	0.00150766488021217
chrM	11893	11893	0.00049591148531
chrM	11894	11894	0.00117972634758928
chrM	11895	11895	0.000110378930869676
chrM	11896	11896	9.9335555506501e-05
chrM	11897	11897	0.00132459103251871
chrM	11898	11898	0.000353677136983576
chrM	11899	11899	0.00239911553344389
chrM	11900	11900	0.00815657069397345
chrM	11901	11901	0.00766411940832104
chrM	11902	11902	0.00869154038413907
chrM	11903	11903	0.000635966157515189
chrM	11904	11904	0.000488547536811489
chrM	11905	11905	0.000897880320509178
chrM	11906	11906	0.000409495751481578
chrM	11907	11907	0.00062587480228046
chrM	11908	11908	0.000296019673922944
chrM	11909	11909	0.000797212035623989
chrM	11910	11910	0.000250749398771328
chrM	11911	11911	0.00126546200763837
chrM	11912	11912	0.000639240217341674
chrM	11913	11913	0.0033924247270069
chrM	11914	11914	0.00335812770054211
chrM	11915	11915	0.00101198279629246
chrM	11916	11916	0.00200299297801312
chrM	11917	11917	0.00147642336439974
chrM	11918	11918	0.00035809999075871
chrM	11919	11919	0.000693345043160729
chrM	11920	11920	0.000890410166865178
chrM	11921	11921	0.000324074074074074
chrM	11922	11922	0.000162089566063076
chrM	11923	11923	0.00048634753004933
chrM	11924	11924	0.000254877427128227
chrM	11925	11925	0.000173824367858716
chrM	11926	11926	0.000139083670418062
chrM	11927	11927	0.00359349461555404
chrM	11928	11928	0.000127970962225299
chrM	11929	11929	0.000267609894584972
chrM	11930	11930	9.3106618716758e-05
chrM	11931	11931	0.000244427631961823
chrM	11932	11932	0.000267771904906047
chrM	11933	11933	0.000209616750707457
chrM	11934	11934	0.000128125982784527
chrM	11935	11935	0.000512569604622446
chrM	11936	11936	0.000256416233478636
chrM	11937	11937	0.000174874090654729
chrM	11938	11938	0.000279847483121699
chrM	11939	11939	0.000221607940562418
chrM	11940	11940	5.83308056650878e-05
chrM	11941	11941	0.000175002625039376
chrM	11942	11942	9.33510700366403e-05
chrM	11943	11943	0.000326759248453729
chrM	11944	11944	0.000490299082440289
chrM	11945	11945	0.000186872226115394
chrM	11946	11946	0.0003270875192748
chrM	11947	11947	0.000233710386089558
chrM	11948	11948	0.00111037086386853
chrM	11949	11949	0.00400112312227994
chrM	11950	11950	0.00532089832738207
chrM	11951	11951	0.00538478797397352
chrM	11952	11952	0.00255262564260866
chrM	11953	11953	0.000511831643098605
chrM	11954	11954	0.000262001452917148
chrM	11955	11955	0.000297806949622976
chrM	11956	11956	0.000190653225614261
chrM	11957	11957	0.00153743474840893
chrM	11958	11958	4.77452314450094e-05
chrM	11959	11959	0.00163535225726359
chrM	11960	11960	0.000119561448606511
chrM	11961	11961	9.56605962046658e-05
chrM	11962	11962	0.00285813372239031
chrM	11963	11963	0.00515686462630721
chrM	11964	11964	0.00482194951418859
chrM	11965	11965	0.00153838699517891
chrM	11966	11966	0.0811141980176398
chrM	11967	11967	0.000396065746913988
chrM	11968	11968	0.00266754704522945
chrM	11969	11969	0.000397203686050207
chrM	11970	11970	0.00487359122753579
chrM	11971	11971	0.00153015062004364
chrM	11972	11972	0.00247864500739596
chrM	11973	11973	0.0383002030565352
chrM	11974	11974	0.0798860952910126
chrM	11975	11975	0.0232565158992469
chrM	11976	11976	0.0056897907575594
chrM	11977	11977	0.00358238735130069
chrM	11978	11978	0.000480294927047095
chrM	11979	11979	0.000411119575337662
chrM	11980	11980	0.00172973230901369
chrM	11981	11981	0.00398928252456088
chrM	11982	11982	0.00569223807368948
chrM	11983	11983	0.0186186686996712
chrM	11984	11984	0.0570714181676943
chrM	11985	11985	0.0377979904540133
chrM	11986	11986	0.100801817452893
chrM	11987	11987	0.0253377123240849
chrM	11988	11988	0.0249066382135508
chrM	11989	11989	0.0277356987803164
chrM	11990	11990	0.00831733845169546
chrM	11991	11991	0.00468293934631299
chrM	11992	11992	0.00224918427471727
chrM	11993	11993	0.0586243386243386
chrM	11994	11994	0.0135060833768028
chrM	11995	11995	0.0622506866899474
chrM	11996	11996	0.0340087043462918
chrM	11997	11997	0.0224515854437114
chrM	11998	11998	0.0237899025080466
chrM	11999	11999	0.00868069381839033
chrM	12000	12000	0.0306725794530673
chrM	12001	12001	0.0204707442400133
chrM	12002	12002	0.0182584269662921
chrM	12003	12003	0.0103935053518796
chrM	12004	12004	0.00163714579305781
chrM	12005	12005	0.000628020166425344
chrM	12006	12006	0.000366575313771013
chrM	12007	12007	0.000296860266126497
chrM	12008	12008	0.00022707820223934
chrM	12009	12009	0.000122298513199504
chrM	12010	12010	0.000733880831731609
chrM	12011	12011	0.000419661123642659
chrM	12012	12012	0
chrM	12013	12013	0
chrM	12014	12014	0
chrM	12015	12015	0
chrM	12016	12016	0
chrM	12017	12017	0
chrM	12018	12018	0
chrM	12019	12019	0
chrM	12020	12020	0
chrM	12021	12021	0
chrM	12022	12022	0
chrM	12023	12023	0
chrM	12024	12024	0
chrM	12025	12025	0
chrM	12026	12026	0
chrM	12027	12027	1.74507887756527e-05
chrM	12028	12028	0
chrM	12029	12029	0
chrM	12030	12030	0
chrM	12031	12031	1.74462220206214e-05
chrM	12032	12032	0
chrM	12033	12033	0
chrM	12034	12034	0
chrM	12035	12035	0
chrM	12036	12036	0
chrM	12037	12037	0
chrM	12038	12038	0
chrM	12039	12039	0
chrM	12040	12040	0
chrM	12041	12041	0
chrM	12042	12042	0
chrM	12043	12043	0
chrM	12044	12044	0
chrM	12045	12045	0
chrM	12046	12046	0
chrM	12047	12047	3.47898691900918e-05
chrM	12048	12048	0
chrM	12049	12049	0.000295703600626196
chrM	12050	12050	0.000191384229939453
chrM	12051	12051	0.000243588405191913
chrM	12052	12052	0.00112882498002848
chrM	12053	12053	1.73283196728413e-05
chrM	12054	12054	0.000640903500718851
chrM	12055	12055	0.0030852428328769
chrM	12056	12056	0.000764233855559801
chrM	12057	12057	0.00629225982513775
chrM	12058	12058	0.000542251919746716
chrM	12059	12059	0.00400784066645665
chrM	12060	12060	0.00474424979353728
chrM	12061	12061	0.00151817395449009
chrM	12062	12062	0.000424305641497092
chrM	12063	12063	0.00175100373193725
chrM	12064	12064	0.00228561304039688
chrM	12065	12065	0.000497238550194456
chrM	12066	12066	0.000355347085265533
chrM	12067	12067	0.000675399463235163
chrM	12068	12068	0.000177856825255669
chrM	12069	12069	0.000587031930979276
chrM	12070	12070	0.000213591541774946
chrM	12071	12071	0.00021362956633198
chrM	12072	12072	0.00135322816139026
chrM	12073	12073	8.91472177153351e-05
chrM	12074	12074	0.000303127563211012
chrM	12075	12075	0.000428074556318559
chrM	12076	12076	0.00101711247122642
chrM	12077	12077	0.00133952491516342
chrM	12078	12078	0.000840561566663686
chrM	12079	12079	0.002488007446123
chrM	12080	12080	0.00315808361744123
chrM	12081	12081	0.00131396583688824
chrM	12082	12082	0.000270309233763425
chrM	12083	12083	0.000216118865375957
chrM	12084	12084	0.00104292161904591
chrM	12085	12085	0.000498779770917577
chrM	12086	12086	0.000908588836828134
chrM	12087	12087	0.00181857081728712
chrM	12088	12088	0.0669631693637695
chrM	12089	12089	0.0323321656233848
chrM	12090	12090	0.0831173968944714
chrM	12091	12091	0.0489504454943585
chrM	12092	12092	0.177365937755195
chrM	12093	12093	0.0539363022197711
chrM	12094	12094	0.320139900903527
chrM	12095	12095	0.159171775196125
chrM	12096	12096	0.236973590292648
chrM	12097	12097	0.136442603233997
chrM	12098	12098	0.0261528938409161
chrM	12099	12099	0.0128714444621007
chrM	12100	12100	0.00740502253702511
chrM	12101	12101	0.0191372040220564
chrM	12102	12102	0.0102513227513228
chrM	12103	12103	0.231373204143
chrM	12104	12104	0.0724842425559661
chrM	12105	12105	0.0324545987111892
chrM	12106	12106	0.0307580527972875
chrM	12107	12107	0.0283608195902049
chrM	12108	12108	0.00437186575800437
chrM	12109	12109	0.00309957380860132
chrM	12110	12110	0.00194325689856199
chrM	12111	12111	0.00571131879543095
chrM	12112	12112	0.00339425587467363
chrM	12113	12113	0.00196489389572963
chrM	12114	12114	0.000918755742223389
chrM	12115	12115	0.000525417049783265
chrM	12116	12116	0.000919963201471941
chrM	12117	12117	0.000789265982636148
chrM	12118	12118	0.000394944707740916
chrM	12119	12119	0.00289740550507046
chrM	12120	12120	0.00224511357633386
chrM	12121	12121	0.00489612280005293
chrM	12122	12122	0.00252659574468085
chrM	12123	12123	0.00066657778962805
chrM	12124	12124	0.00253468516542156
chrM	12125	12125	0.00294235656011769
chrM	12126	12126	0.00254759989273264
chrM	12127	12127	0.00752789353407716
chrM	12128	12128	0.00270892591087634
chrM	12129	12129	0.0122232785549368
chrM	12130	12130	0.0162243915853156
chrM	12131	12131	0.00517120894479385
chrM	12132	12132	0.00224782242202866
chrM	12133	12133	0.00225288651084202
chrM	12134	12134	0.00239909681061248
chrM	12135	12135	0.00183901541943698
chrM	12136	12136	0.00354308390022676
chrM	12137	12137	0.0273076376048926
chrM	12138	12138	0.0122824974411464
chrM	12139	12139	0.00858623242042931
chrM	12140	12140	0.0424070479319098
chrM	12141	12141	0.0498986433806331
chrM	12142	12142	0.00771376989988511
chrM	12143	12143	0.153655309295402
chrM	12144	12144	0.103771741254641
chrM	12145	12145	0.0396860008722198
chrM	12146	12146	0.0554041780199818
chrM	12147	12147	0.0615384615384615
chrM	12148	12148	0.0719774590163934
chrM	12149	12149	0.0389072847682119
chrM	12150	12150	0.0498567335243553
chrM	12151	12151	0.0162748643761302
chrM	12152	12152	0.0101071975497703
chrM	12153	12153	0.010210396039604
chrM	12154	12154	0.00906533291653642
chrM	12155	12155	0.00504731861198738
chrM	12156	12156	0.00760938490805327
chrM	12157	12157	0.023961661341853
chrM	12158	12158	0.00261352499183273
chrM	12159	12159	0.00785597381342062
chrM	12160	12160	0.00296931705707687
chrM	12161	12161	0.00198544010589014
chrM	12162	12162	0.000663129973474801
chrM	12163	12163	0.00099535500995355
chrM	12164	12164	0.00166002656042497
chrM	12165	12165	0.00299301629531094
chrM	12166	12166	0.00066711140760507
chrM	12167	12167	0
chrM	12168	12168	0
chrM	12169	12169	0
chrM	12170	12170	0.00100133511348465
chrM	12171	12171	0
chrM	12172	12172	0
chrM	12173	12173	0
chrM	12174	12174	0
chrM	12175	12175	0
chrM	12176	12176	0
chrM	12177	12177	0
chrM	12178	12178	0
chrM	12179	12179	0
chrM	12180	12180	0
chrM	12181	12181	0
chrM	12182	12182	0
chrM	12183	12183	0
chrM	12184	12184	0
chrM	12185	12185	0
chrM	12186	12186	0.000333778371161549
chrM	12187	12187	0
chrM	12188	12188	0.000333889816360601
chrM	12189	12189	0
chrM	12190	12190	0
chrM	12191	12191	0
chrM	12192	12192	0
chrM	12193	12193	0
chrM	12194	12194	0
chrM	12195	12195	0
chrM	12196	12196	0.00133511348464619
chrM	12197	12197	0.00300802139037433
chrM	12198	12198	0.000335232986925914
chrM	12199	12199	0
chrM	12200	12200	0
chrM	12201	12201	0
chrM	12202	12202	0.000335345405767941
chrM	12203	12203	0
chrM	12204	12204	0
chrM	12205	12205	0
chrM	12206	12206	0.00100435219283562
chrM	12207	12207	0.000333667000333667
chrM	12208	12208	0
chrM	12209	12209	0
chrM	12210	12210	0
chrM	12211	12211	0
chrM	12212	12212	0.000642054574638844
chrM	12213	12213	0.00379266750948167
chrM	12214	12214	0.00188383045525903
chrM	12215	12215	0.00123304562268804
chrM	12216	12216	0.000598981731057203
chrM	12217	12217	0
chrM	12218	12218	0
chrM	12219	12219	0.000243486729973216
chrM	12220	12220	0
chrM	12221	12221	0
chrM	12222	12222	0.000233100233100233
chrM	12223	12223	0
chrM	12224	12224	0
chrM	12225	12225	0.000226963231956423
chrM	12226	12226	0.000225733634311512
chrM	12227	12227	0
chrM	12228	12228	0.000222816399286988
chrM	12229	12229	0.000445732114998886
chrM	12230	12230	0.000445930880713489
chrM	12231	12231	0
chrM	12232	12232	0
chrM	12233	12233	0.000329706561160567
chrM	12234	12234	0.000157952930026852
chrM	12235	12235	0.000157554750275721
chrM	12236	12236	0
chrM	12237	12237	0
chrM	12238	12238	0
chrM	12239	12239	0.000143245953301819
chrM	12240	12240	0.000285714285714286
chrM	12241	12241	0
chrM	12242	12242	0.00157142857142857
chrM	12243	12243	0
chrM	12244	12244	0.000429245957933896
chrM	12245	12245	0
chrM	12246	12246	0.000858860578299456
chrM	12247	12247	0.000429061784897025
chrM	12248	12248	0.000283527076835838
chrM	12249	12249	0
chrM	12250	12250	0
chrM	12251	12251	0.000139742873113471
chrM	12252	12252	0
chrM	12253	12253	0
chrM	12254	12254	0.000977380619938565
chrM	12255	12255	0.0106219426974144
chrM	12256	12256	0.00338983050847458
chrM	12257	12257	0.000850340136054422
chrM	12258	12258	0.000566973777462792
chrM	12259	12259	0.000141763538417919
chrM	12260	12260	0
chrM	12261	12261	0
chrM	12262	12262	0.000282805429864253
chrM	12263	12263	0.000424328147100424
chrM	12264	12264	0.000141502759303806
chrM	12265	12265	0
chrM	12266	12266	0.000707613925842061
chrM	12267	12267	0
chrM	12268	12268	0.000141622999575131
chrM	12269	12269	0.000424929178470255
chrM	12270	12270	0
chrM	12271	12271	0
chrM	12272	12272	0
chrM	12273	12273	0
chrM	12274	12274	0
chrM	12275	12275	0
chrM	12276	12276	0
chrM	12277	12277	0
chrM	12278	12278	0
chrM	12279	12279	0
chrM	12280	12280	0
chrM	12281	12281	0
chrM	12282	12282	0
chrM	12283	12283	0
chrM	12284	12284	0.000141522785168412
chrM	12285	12285	0
chrM	12286	12286	0
chrM	12287	12287	0
chrM	12288	12288	0
chrM	12289	12289	0.000283045570336824
chrM	12290	12290	0.00028312570781427
chrM	12291	12291	0
chrM	12292	12292	0
chrM	12293	12293	0
chrM	12294	12294	0
chrM	12295	12295	0
chrM	12296	12296	0
chrM	12297	12297	0.000141282848262221
chrM	12298	12298	0
chrM	12299	12299	0
chrM	12300	12300	0.000140646976090014
chrM	12301	12301	0
chrM	12302	12302	0.000420521446593776
chrM	12303	12303	0
chrM	12304	12304	0
chrM	12305	12305	0
chrM	12306	12306	0.00036918533103618
chrM	12307	12307	0
chrM	12308	12308	0.000887311446317658
chrM	12309	12309	0.000997008973080758
chrM	12310	12310	0.00374820857678315
chrM	12311	12311	0.000441940117114131
chrM	12312	12312	0.0001105216622458
chrM	12313	12313	0.0236255243983219
chrM	12314	12314	0.000338676902235268
chrM	12315	12315	0.000785369684730169
chrM	12316	12316	0.00179071068830442
chrM	12317	12317	0.00099403578528827
chrM	12318	12318	0.00348773841961853
chrM	12319	12319	0.00348659838744825
chrM	12320	12320	0.0338501856300502
chrM	12321	12321	0.0169166572685237
chrM	12322	12322	0.0108919972483375
chrM	12323	12323	0.00880750956078341
chrM	12324	12324	0.0160158989946224
chrM	12325	12325	0.00427147603227337
chrM	12326	12326	0.00236518448438978
chrM	12327	12327	0.00337641168937012
chrM	12328	12328	0.018277010947168
chrM	12329	12329	0.00203748981255094
chrM	12330	12330	0.00237089723642291
chrM	12331	12331	0.00120541728710203
chrM	12332	12332	0.00119239671740198
chrM	12333	12333	0.00189128607453068
chrM	12334	12334	0.0169444055454418
chrM	12335	12335	0.00707163566933032
chrM	12336	12336	0.0148574678325158
chrM	12337	12337	0.0128823317740194
chrM	12338	12338	0.0209229423343297
chrM	12339	12339	0.00111656989727557
chrM	12340	12340	0.000446993965581465
chrM	12341	12341	0.00134058240857973
chrM	12342	12342	0.000446328944432046
chrM	12343	12343	0.000297619047619048
chrM	12344	12344	0.000297641193541186
chrM	12345	12345	0.000297641193541186
chrM	12346	12346	0.00446561476629949
chrM	12347	12347	0.000522700119474313
chrM	12348	12348	0.00104594695554725
chrM	12349	12349	0.000598309774885947
chrM	12350	12350	0.000374111485222596
chrM	12351	12351	7.48502994011976e-05
chrM	12352	12352	7.48502994011976e-05
chrM	12353	12353	0.00606332809342017
chrM	12354	12354	0.000150602409638554
chrM	12355	12355	0.000150625094140684
chrM	12356	12356	0.000753238927387767
chrM	12357	12357	0.00082899992463637
chrM	12358	12358	0.00113113641505166
chrM	12359	12359	0
chrM	12360	12360	0
chrM	12361	12361	0.000377386972601706
chrM	12362	12362	7.53352418261263e-05
chrM	12363	12363	0.000150681835304754
chrM	12364	12364	0.000226056815612991
chrM	12365	12365	0.00045194335643266
chrM	12366	12366	7.53579502637528e-05
chrM	12367	12367	0.000150704543741994
chrM	12368	12368	0
chrM	12369	12369	7.53636295123973e-05
chrM	12370	12370	0.000150738619234248
chrM	12371	12371	0
chrM	12372	12372	0
chrM	12373	12373	0
chrM	12374	12374	0
chrM	12375	12375	0
chrM	12376	12376	0.00022510692578975
chrM	12377	12377	0.000294290759270159
chrM	12378	12378	0.000994344664719408
chrM	12379	12379	0.010541890142408
chrM	12380	12380	0.0046022762609615
chrM	12381	12381	0.00711388455538222
chrM	12382	12382	0.00917373546968269
chrM	12383	12383	0.0216853718851056
chrM	12384	12384	0.00909560056766869
chrM	12385	12385	0.0275951838594208
chrM	12386	12386	0.00856416432490298
chrM	12387	12387	0.00398137526148863
chrM	12388	12388	0.00099396991584388
chrM	12389	12389	0.00420785804816223
chrM	12390	12390	0.00114168550059414
chrM	12391	12391	0.000324844074844075
chrM	12392	12392	0.000150806816468104
chrM	12393	12393	0.000107691313618644
chrM	12394	12394	0.00404893177119228
chrM	12395	12395	0.000540166803508924
chrM	12396	12396	0.00157796895940513
chrM	12397	12397	0.00149363581262447
chrM	12398	12398	0.00104049249978323
chrM	12399	12399	0.000303733755667889
chrM	12400	12400	6.51041666666667e-05
chrM	12401	12401	2.17023308303312e-05
chrM	12402	12402	0.000477461640297762
chrM	12403	12403	0.000282216047238625
chrM	12404	12404	0.000130222463374932
chrM	12405	12405	4.33670150483542e-05
chrM	12406	12406	0.000173411657598682
chrM	12407	12407	0
chrM	12408	12408	0
chrM	12409	12409	0.000129886998311469
chrM	12410	12410	0.000519570488396259
chrM	12411	12411	0.00417893642820024
chrM	12412	12412	0.00136977366120931
chrM	12413	12413	0.000348356194208578
chrM	12414	12414	0.000152452304207684
chrM	12415	12415	4.35625449238745e-05
chrM	12416	12416	0
chrM	12417	12417	4.35388366422849e-05
chrM	12418	12418	0
chrM	12419	12419	6.52983044206952e-05
chrM	12420	12420	0.00211135779896391
chrM	12421	12421	0.00021805970474716
chrM	12422	12422	0.000479825517993457
chrM	12423	12423	0.000392772977219167
chrM	12424	12424	6.54878847413229e-05
chrM	12425	12425	0
chrM	12426	12426	2.18278654530373e-05
chrM	12427	12427	2.18283419191478e-05
chrM	12428	12428	0
chrM	12429	12429	0
chrM	12430	12430	0
chrM	12431	12431	0
chrM	12432	12432	0
chrM	12433	12433	0
chrM	12434	12434	4.36033836225691e-05
chrM	12435	12435	2.17993155014933e-05
chrM	12436	12436	0
chrM	12437	12437	6.52230628750326e-05
chrM	12438	12438	6.4855048965562e-05
chrM	12439	12439	0
chrM	12440	12440	0.000129268555423893
chrM	12441	12441	0.000150589450133379
chrM	12442	12442	0.00137504297009282
chrM	12443	12443	0.0012685716742996
chrM	12444	12444	0.00163391667024982
chrM	12445	12445	0.00813953488372093
chrM	12446	12446	0.00186635994704746
chrM	12447	12447	0.0215245466800017
chrM	12448	12448	0.00413296595858146
chrM	12449	12449	0.00296755767771877
chrM	12450	12450	0.00181260769351265
chrM	12451	12451	0.000291440613370399
chrM	12452	12452	4.48500885789249e-05
chrM	12453	12453	8.97042003991837e-05
chrM	12454	12454	2.24280619911633e-05
chrM	12455	12455	2.24275589844801e-05
chrM	12456	12456	2.24280619911633e-05
chrM	12457	12457	4.485713004082e-05
chrM	12458	12458	0
chrM	12459	12459	0.000112145340361108
chrM	12460	12460	0
chrM	12461	12461	2.24315836698071e-05
chrM	12462	12462	2.24320868570403e-05
chrM	12463	12463	0.000358913389712645
chrM	12464	12464	0.000246830472343768
chrM	12465	12465	0.00103245499842887
chrM	12466	12466	0.000157275096611845
chrM	12467	12467	0.000179767201474091
chrM	12468	12468	6.7423305989437e-05
chrM	12469	12469	0.000202279010181377
chrM	12470	12470	0.000561987186692143
chrM	12471	12471	0.000202297197059947
chrM	12472	12472	0.000224411480891362
chrM	12473	12473	0.00709426192820696
chrM	12474	12474	0.000180042309942837
chrM	12475	12475	0.000674536256323777
chrM	12476	12476	0.000764921595536458
chrM	12477	12477	0.0129010469436001
chrM	12478	12478	0.00346596739254361
chrM	12479	12479	0.0211613610914326
chrM	12480	12480	0.00658201848566894
chrM	12481	12481	0.0155989381445721
chrM	12482	12482	0.000763650248186331
chrM	12483	12483	0.00226865671641791
chrM	12484	12484	0.000335088559119196
chrM	12485	12485	0.000383086721256524
chrM	12486	12486	0.0011016908559659
chrM	12487	12487	0.000598902810051985
chrM	12488	12488	0.000574864068600446
chrM	12489	12489	0.00057509824595035
chrM	12490	12490	9.58910677470394e-05
chrM	12491	12491	7.19131289402402e-05
chrM	12492	12492	0.00153422030444684
chrM	12493	12493	0.00465696864947909
chrM	12494	12494	0.00483801087950705
chrM	12495	12495	0.00207104154124022
chrM	12496	12496	0.00150909047356696
chrM	12497	12497	0.00178414254109475
chrM	12498	12498	0.000192320020514136
chrM	12499	12499	0.000149492792311799
chrM	12500	12500	0.000576676633917129
chrM	12501	12501	0.000811948462639687
chrM	12502	12502	0.0019032140795073
chrM	12503	12503	0.00265303065962045
chrM	12504	12504	0.00100810776028484
chrM	12505	12505	0.00113792511164548
chrM	12506	12506	0.00036541065709434
chrM	12507	12507	0.000516051347109037
chrM	12508	12508	0.00111868855280425
chrM	12509	12509	0.000409200551343901
chrM	12510	12510	0.000646370628918622
chrM	12511	12511	0.00450586409106588
chrM	12512	12512	0.0127700099562789
chrM	12513	12513	0.000634837240866006
chrM	12514	12514	0.000261997292694642
chrM	12515	12515	0.00115639727701169
chrM	12516	12516	0.00170197909620546
chrM	12517	12517	0.00480401790588492
chrM	12518	12518	0.00458373541538732
chrM	12519	12519	0.152721507838647
chrM	12520	12520	0.00360580040986796
chrM	12521	12521	0.0220613044719562
chrM	12522	12522	0.00899013471942293
chrM	12523	12523	0.00829364867034084
chrM	12524	12524	0.029447455707467
chrM	12525	12525	0.00817831498988107
chrM	12526	12526	0.0214433104679047
chrM	12527	12527	0.0409537884385835
chrM	12528	12528	0.127118141959948
chrM	12529	12529	0.0763203419151318
chrM	12530	12530	0.00738129337886967
chrM	12531	12531	0.0073608285555761
chrM	12532	12532	0.00424802504098971
chrM	12533	12533	0.00990987622003665
chrM	12534	12534	0.000793111262179923
chrM	12535	12535	0.00204104773783876
chrM	12536	12536	0.00053020261314145
chrM	12537	12537	0.00132615944225523
chrM	12538	12538	0.000151762340175286
chrM	12539	12539	0.000493302470306986
chrM	12540	12540	0.000113886568977299
chrM	12541	12541	0.000379607485859621
chrM	12542	12542	0.000265826149698097
chrM	12543	12543	7.59705234369065e-05
chrM	12544	12544	0.000113964443093755
chrM	12545	12545	0.000341919307043538
chrM	12546	12546	3.80040284270133e-05
chrM	12547	12547	0
chrM	12548	12548	0.0112871964428229
chrM	12549	12549	0.000115304788992236
chrM	12550	12550	0.000615029790505478
chrM	12551	12551	0.000115389053425132
chrM	12552	12552	0.000153857989076083
chrM	12553	12553	0.00019232988421741
chrM	12554	12554	0.000499923088755576
chrM	12555	12555	0.000229559628113402
chrM	12556	12556	0.000229436732820925
chrM	12557	12557	0.00554260158250831
chrM	12558	12558	7.67813267813268e-05
chrM	12559	12559	0.000959177409453653
chrM	12560	12560	0.000345330366050188
chrM	12561	12561	0.00356622440371194
chrM	12562	12562	0.000384600592284912
chrM	12563	12563	0.00107667461355072
chrM	12564	12564	0.0153538307615346
chrM	12565	12565	0.00268984874473725
chrM	12566	12566	0.00206579357655129
chrM	12567	12567	0.13976984591379
chrM	12568	12568	0.0201809954751131
chrM	12569	12569	0.0227366870713858
chrM	12570	12570	0.0423720842738901
chrM	12571	12571	0.0234064478139261
chrM	12572	12572	0.023463799427222
chrM	12573	12573	0.00447277774921598
chrM	12574	12574	0.00144575824856715
chrM	12575	12575	0.00142675159235669
chrM	12576	12576	0.00193808333758352
chrM	12577	12577	0.00172869635956884
chrM	12578	12578	0.000101553772722657
chrM	12579	12579	0.000302678706552994
chrM	12580	12580	0.000199232953130448
chrM	12581	12581	0.000444378610576211
chrM	12582	12582	0.00248138957816377
chrM	12583	12583	0.00225690276110444
chrM	12584	12584	0.0142795326698399
chrM	12585	12585	0.0194979283451133
chrM	12586	12586	0.0113095238095238
chrM	12587	12587	0.0118940529735132
chrM	12588	12588	0.0641827165473429
chrM	12589	12589	0.00266345042464445
chrM	12590	12590	0.0044622712459263
chrM	12591	12591	0.00382082348800965
chrM	12592	12592	0.00540757059883837
chrM	12593	12593	0.00179186117791295
chrM	12594	12594	0.0113695334245412
chrM	12595	12595	0.00496064870021464
chrM	12596	12596	0.00364281263480803
chrM	12597	12597	0.00206740708687918
chrM	12598	12598	0.00848920863309353
chrM	12599	12599	0.00634758837974332
chrM	12600	12600	0.0026065909514057
chrM	12601	12601	0.00125979843225084
chrM	12602	12602	0.00046691880282019
chrM	12603	12603	9.33968431867003e-05
chrM	12604	12604	0.000874689255133045
chrM	12605	12605	0.000184068841746813
chrM	12606	12606	9.19920886803735e-05
chrM	12607	12607	0.000229927342959625
chrM	12608	12608	0.00018384042650979
chrM	12609	12609	0.000137892995035852
chrM	12610	12610	9.19371150133309e-05
chrM	12611	12611	0.000275824024272514
chrM	12612	12612	0
chrM	12613	12613	4.59833540258426e-05
chrM	12614	12614	0.000183924958616884
chrM	12615	12615	0.000183924958616884
chrM	12616	12616	0
chrM	12617	12617	0.000183950333409979
chrM	12618	12618	0.000321927888153054
chrM	12619	12619	0.000229948491537896
chrM	12620	12620	0
chrM	12621	12621	0.000137356348152557
chrM	12622	12622	0.00730026919742665
chrM	12623	12623	8.93295814909107e-05
chrM	12624	12624	0.000356458583968275
chrM	12625	12625	0.00343198431092886
chrM	12626	12626	0.00120751341681574
chrM	12627	12627	0.00385080374333945
chrM	12628	12628	0.00984358144552319
chrM	12629	12629	0.00290288928198848
chrM	12630	12630	0.00313565098841172
chrM	12631	12631	0.000406338886631451
chrM	12632	12632	0.00035225221258421
chrM	12633	12633	0.0025724874645738
chrM	12634	12634	0.00074235807860262
chrM	12635	12635	0.00214132762312634
chrM	12636	12636	0.0171673819742489
chrM	12637	12637	0.0201408074146689
chrM	12638	12638	0.010503819570753
chrM	12639	12639	0.00362984745451204
chrM	12640	12640	0.00189062067693443
chrM	12641	12641	0.000415761999353259
chrM	12642	12642	4.6189376443418e-05
chrM	12643	12643	0.000369446753486654
chrM	12644	12644	4.617657923901e-05
chrM	12645	12645	0.00133542088782465
chrM	12646	12646	0.00224877640107589
chrM	12647	12647	0.000396912899669239
chrM	12648	12648	0.00211658876444131
chrM	12649	12649	0.000839000264947452
chrM	12650	12650	0.000441891294741494
chrM	12651	12651	0.000309446974050661
chrM	12652	12652	0.000707088562842496
chrM	12653	12653	0.00123828055899522
chrM	12654	12654	0.00115125752745306
chrM	12655	12655	0.000709282737831368
chrM	12656	12656	0.000665424540857067
chrM	12657	12657	0.000221955875172016
chrM	12658	12658	4.44010301038984e-05
chrM	12659	12659	0
chrM	12660	12660	8.86839304717985e-05
chrM	12661	12661	0
chrM	12662	12662	8.74546329091784e-05
chrM	12663	12663	0
chrM	12664	12664	0
chrM	12665	12665	8.49292963607797e-05
chrM	12666	12666	4.2025635637739e-05
chrM	12667	12667	8.36890116327726e-05
chrM	12668	12668	0
chrM	12669	12669	0.000406421459053038
chrM	12670	12670	0.00111796083942888
chrM	12671	12671	0.000157908034360788
chrM	12672	12672	0.000189328200435455
chrM	12673	12673	0.000252413706064239
chrM	12674	12674	0.01421815889029
chrM	12675	12675	0.00559938915754645
chrM	12676	12676	0.00758181643686618
chrM	12677	12677	0.00341637928256035
chrM	12678	12678	0.000743806998253671
chrM	12679	12679	0.000161759948236817
chrM	12680	12680	0.000129416332341141
chrM	12681	12681	0.000161697173533407
chrM	12682	12682	0.000226112797984366
chrM	12683	12683	0.000129190620760933
chrM	12684	12684	0.000323018282834808
chrM	12685	12685	6.46203554119548e-05
chrM	12686	12686	0.000193861066235864
chrM	12687	12687	0.000549344018613068
chrM	12688	12688	0.00096896095087368
chrM	12689	12689	0.000161650124470596
chrM	12690	12690	0.000258682015132898
chrM	12691	12691	0.000355768297810408
chrM	12692	12692	9.70465499951477e-05
chrM	12693	12693	0.00109911424322752
chrM	12694	12694	0.000903225806451613
chrM	12695	12695	0.000644309139525144
chrM	12696	12696	0.000483091787439614
chrM	12697	12697	0.000289929772566201
chrM	12698	12698	0.0017395786353972
chrM	12699	12699	0.0816741424376392
chrM	12700	12700	0.00207250245890122
chrM	12701	12701	0.00636315696959044
chrM	12702	12702	0.00212126568852749
chrM	12703	12703	0.00155631013016412
chrM	12704	12704	0.00202189221222896
chrM	12705	12705	0.00174495707405598
chrM	12706	12706	0.00387840670859539
chrM	12707	12707	0.0119257351944708
chrM	12708	12708	0.0246474051759551
chrM	12709	12709	0.0398793448142822
chrM	12710	12710	0.017565001460707
chrM	12711	12711	0.012042818911686
chrM	12712	12712	0.0169300225733634
chrM	12713	12713	0.013203214695752
chrM	12714	12714	0.00593368237347295
chrM	12715	12715	0.00113139825218477
chrM	12716	12716	0.000390472471690746
chrM	12717	12717	0.000467672161814568
chrM	12718	12718	0.000659784211751921
chrM	12719	12719	3.83420881101185e-05
chrM	12720	12720	0.00018964536317087
chrM	12721	12721	0.000340702604482132
chrM	12722	12722	0.00170331958060487
chrM	12723	12723	0.00112917795844625
chrM	12724	12724	0.00101733232856066
chrM	12725	12725	0.001810432617961
chrM	12726	12726	0.00109578688834309
chrM	12727	12727	0.000794371311847481
chrM	12728	12728	0.000189286390308537
chrM	12729	12729	0.000227178069743667
chrM	12730	12730	0.000151474987692657
chrM	12731	12731	7.57460990758976e-05
chrM	12732	12732	0.00757288905717531
chrM	12733	12733	0.000343275612174842
chrM	12734	12734	0.000800945878942751
chrM	12735	12735	0.000229025116421101
chrM	12736	12736	0.000190897984117288
chrM	12737	12737	0.000190934433115668
chrM	12738	12738	0.00145137880986938
chrM	12739	12739	0.000879406591725931
chrM	12740	12740	0.000841911905399717
chrM	12741	12741	0.000880922287333869
chrM	12742	12742	0.000383347389404278
chrM	12743	12743	3.83494400981746e-05
chrM	12744	12744	0
chrM	12745	12745	0
chrM	12746	12746	3.83509108341323e-05
chrM	12747	12747	3.83523816829025e-05
chrM	12748	12748	7.67077052889963e-05
chrM	12749	12749	0.00924398757239845
chrM	12750	12750	0.00030965744145539
chrM	12751	12751	0.000696945057497967
chrM	12752	12752	0.000503680743897714
chrM	12753	12753	0.000581440421738119
chrM	12754	12754	0.00651516326688901
chrM	12755	12755	0.00440906785282297
chrM	12756	12756	0.0126577317971628
chrM	12757	12757	0.0133751389109382
chrM	12758	12758	0.00390200732129209
chrM	12759	12759	0.00137307164203215
chrM	12760	12760	0.0019411193788418
chrM	12761	12761	0.00125607779578606
chrM	12762	12762	0.000567974360014605
chrM	12763	12763	0.00089303836005683
chrM	12764	12764	0
chrM	12765	12765	0.00178767318083939
chrM	12766	12766	0.00297122390003663
chrM	12767	12767	0.00220444154147616
chrM	12768	12768	0.00106369921859019
chrM	12769	12769	0.000409550722857026
chrM	12770	12770	0.000778465194411439
chrM	12771	12771	0.000409987290393998
chrM	12772	12772	0.000697264263155736
chrM	12773	12773	0.00693646363487112
chrM	12774	12774	0.00363711510642695
chrM	12775	12775	0.00854523582361969
chrM	12776	12776	0.010166938621815
chrM	12777	12777	0.0139487699721025
chrM	12778	12778	0.0178326474622771
chrM	12779	12779	0.0822712988826816
chrM	12780	12780	0.134915350960624
chrM	12781	12781	0.0392501786597768
chrM	12782	12782	0.0226583509755679
chrM	12783	12783	0.00386394239213161
chrM	12784	12784	0.0602997355274758
chrM	12785	12785	0.010507223716305
chrM	12786	12786	0.0477845901017635
chrM	12787	12787	0.153800199137073
chrM	12788	12788	0.587778475054911
chrM	12789	12789	0.0498572787821123
chrM	12790	12790	0.043260564790707
chrM	12791	12791	0.0301444421184844
chrM	12792	12792	0.0328081156917764
chrM	12793	12793	0.00758759205534479
chrM	12794	12794	0.00652125028108837
chrM	12795	12795	0.001584427342689
chrM	12796	12796	0.00249376558603491
chrM	12797	12797	0.0168181818181818
chrM	12798	12798	0.00439204808136847
chrM	12799	12799	0.013466449965173
chrM	12800	12800	0.0164744645799012
chrM	12801	12801	0.00693945920076573
chrM	12802	12802	0.00168674698795181
chrM	12803	12803	0.000724112961622013
chrM	12804	12804	0.00072463768115942
chrM	12805	12805	0.0147378593863252
chrM	12806	12806	0.00122518990443519
chrM	12807	12807	0.0103042198233562
chrM	12808	12808	0.00941993058998513
chrM	12809	12809	0.00425425425425425
chrM	12810	12810	0.0203568735863282
chrM	12811	12811	0.0995382247306311
chrM	12812	12812	0.0695156695156695
chrM	12813	12813	0.052357624004899
chrM	12814	12814	0.0604200323101777
chrM	12815	12815	0.00447042640990371
chrM	12816	12816	0.0310880829015544
chrM	12817	12817	0.00606060606060606
chrM	12818	12818	0.0125538020086083
chrM	12819	12819	0.012713403559753
chrM	12820	12820	0.0426784400294334
chrM	12821	12821	0.0180630284396618
chrM	12822	12822	0.103326810176125
chrM	12823	12823	0.024443474465299
chrM	12824	12824	0.0241610738255034
chrM	12825	12825	0.0119211370930766
chrM	12826	12826	0.00974477958236659
chrM	12827	12827	0.0145267104029991
chrM	12828	12828	0.0156918687589158
chrM	12829	12829	0.00917874396135266
chrM	12830	12830	0.00292540224280839
chrM	12831	12831	0.00146699266503667
chrM	12832	12832	0.000979431929480901
chrM	12833	12833	0.00147058823529412
chrM	12834	12834	0.0152184585174276
chrM	12835	12835	0.000997008973080758
chrM	12836	12836	0.00648702594810379
chrM	12837	12837	0.00100452034153692
chrM	12838	12838	0.00100553041729512
chrM	12839	12839	0.00100654252642174
chrM	12840	12840	0
chrM	12841	12841	0
chrM	12842	12842	0.000503778337531486
chrM	12843	12843	0.000504032258064516
chrM	12844	12844	0.00302571860816944
chrM	12845	12845	0
chrM	12846	12846	0
chrM	12847	12847	0
chrM	12848	12848	0.00101163378856854
chrM	12849	12849	0.00860759493670886
chrM	12850	12850	0.00204290091930541
chrM	12851	12851	0.00102354145342886
chrM	12852	12852	0.00256147540983607
chrM	12853	12853	0.000513610683102209
chrM	12854	12854	0
chrM	12855	12855	0
chrM	12856	12856	0.000513874614594039
chrM	12857	12857	0.00308483290488432
chrM	12858	12858	0.00154718927282104
chrM	12859	12859	0.00413223140495868
chrM	12860	12860	0.00311203319502075
chrM	12861	12861	0
chrM	12862	12862	0.00104058272632674
chrM	12863	12863	0
chrM	12864	12864	0.000520833333333333
chrM	12865	12865	0
chrM	12866	12866	0.000521104742053153
chrM	12867	12867	0
chrM	12868	12868	0
chrM	12869	12869	0.00104275286757039
chrM	12870	12870	0.00156494522691706
chrM	12871	12871	0.00156739811912226
chrM	12872	12872	0
chrM	12873	12873	0
chrM	12874	12874	0.00366300366300366
chrM	12875	12875	0
chrM	12876	12876	0
chrM	12877	12877	0.000522193211488251
chrM	12878	12878	0
chrM	12879	12879	0.000522193211488251
chrM	12880	12880	0
chrM	12881	12881	0.000522466039707419
chrM	12882	12882	0
chrM	12883	12883	0
chrM	12884	12884	0.00104547830632514
chrM	12885	12885	0
chrM	12886	12886	0.000523286237571952
chrM	12887	12887	0
chrM	12888	12888	0
chrM	12889	12889	0
chrM	12890	12890	0
chrM	12891	12891	0
chrM	12892	12892	0
chrM	12893	12893	0
chrM	12894	12894	0
chrM	12895	12895	0.000523560209424084
chrM	12896	12896	0
chrM	12897	12897	0
chrM	12898	12898	0.000523834468308015
chrM	12899	12899	0
chrM	12900	12900	0
chrM	12901	12901	0
chrM	12902	12902	0
chrM	12903	12903	0
chrM	12904	12904	0
chrM	12905	12905	0
chrM	12906	12906	0
chrM	12907	12907	0
chrM	12908	12908	0
chrM	12909	12909	0
chrM	12910	12910	0.000523286237571952
chrM	12911	12911	0
chrM	12912	12912	0
chrM	12913	12913	0
chrM	12914	12914	0
chrM	12915	12915	0.000523560209424084
chrM	12916	12916	0.000523834468308015
chrM	12917	12917	0
chrM	12918	12918	0.0183438155136268
chrM	12919	12919	0.00266951414842499
chrM	12920	12920	0.00321199143468951
chrM	12921	12921	0
chrM	12922	12922	0.00483351235230934
chrM	12923	12923	0.000539665407447383
chrM	12924	12924	0.00431965442764579
chrM	12925	12925	0.000542005420054201
chrM	12926	12926	0
chrM	12927	12927	0
chrM	12928	12928	0.000542005420054201
chrM	12929	12929	0
chrM	12930	12930	0.00108459869848156
chrM	12931	12931	0.000542888165038002
chrM	12932	12932	0
chrM	12933	12933	0.000542888165038002
chrM	12934	12934	0.000543183052688756
chrM	12935	12935	0.0168478260869565
chrM	12936	12936	0.00276395798783858
chrM	12937	12937	0.00443458980044346
chrM	12938	12938	0
chrM	12939	12939	0.000556792873051225
chrM	12940	12940	0
chrM	12941	12941	0
chrM	12942	12942	0.000557103064066852
chrM	12943	12943	0
chrM	12944	12944	0
chrM	12945	12945	0
chrM	12946	12946	0
chrM	12947	12947	0
chrM	12948	12948	0
chrM	12949	12949	0
chrM	12950	12950	0
chrM	12951	12951	0
chrM	12952	12952	0
chrM	12953	12953	0
chrM	12954	12954	0
chrM	12955	12955	0
chrM	12956	12956	0
chrM	12957	12957	0
chrM	12958	12958	0.000557413600891862
chrM	12959	12959	0
chrM	12960	12960	0
chrM	12961	12961	0
chrM	12962	12962	0
chrM	12963	12963	0
chrM	12964	12964	0
chrM	12965	12965	0
chrM	12966	12966	0
chrM	12967	12967	0
chrM	12968	12968	0
chrM	12969	12969	0
chrM	12970	12970	0
chrM	12971	12971	0
chrM	12972	12972	0
chrM	12973	12973	0
chrM	12974	12974	0.0011154489682097
chrM	12975	12975	0.000558347292015634
chrM	12976	12976	0
chrM	12977	12977	0
chrM	12978	12978	0
chrM	12979	12979	0
chrM	12980	12980	0
chrM	12981	12981	0
chrM	12982	12982	0
chrM	12983	12983	0
chrM	12984	12984	0
chrM	12985	12985	0
chrM	12986	12986	0
chrM	12987	12987	0
chrM	12988	12988	0
chrM	12989	12989	0
chrM	12990	12990	0
chrM	12991	12991	0
chrM	12992	12992	0
chrM	12993	12993	0
chrM	12994	12994	0
chrM	12995	12995	0
chrM	12996	12996	0
chrM	12997	12997	0.00111607142857143
chrM	12998	12998	0
chrM	12999	12999	0
chrM	13000	13000	0
chrM	13001	13001	0
chrM	13002	13002	0
chrM	13003	13003	0
chrM	13004	13004	0
chrM	13005	13005	0
chrM	13006	13006	0
chrM	13007	13007	0
chrM	13008	13008	0.000558347292015634
chrM	13009	13009	0
chrM	13010	13010	0.000557724484104852
chrM	13011	13011	0
chrM	13012	13012	0
chrM	13013	13013	0
chrM	13014	13014	0
chrM	13015	13015	0.00055005500550055
chrM	13016	13016	0.000549450549450549
chrM	13017	13017	0
chrM	13018	13018	0
chrM	13019	13019	0.00274574409665019
chrM	13020	13020	0.000550357732526142
chrM	13021	13021	0
chrM	13022	13022	0.00164925783397471
chrM	13023	13023	0.00109769484083425
chrM	13024	13024	0.00164293537787514
chrM	13025	13025	0.00164293537787514
chrM	13026	13026	0
chrM	13027	13027	0
chrM	13028	13028	0.000548546352166758
chrM	13029	13029	0.0021953896816685
chrM	13030	13030	0.0011001100110011
chrM	13031	13031	0.000550357732526142
chrM	13032	13032	0
chrM	13033	13033	0
chrM	13034	13034	0
chrM	13035	13035	0
chrM	13036	13036	0
chrM	13037	13037	0
chrM	13038	13038	0
chrM	13039	13039	0
chrM	13040	13040	0.000543773790103317
chrM	13041	13041	0
chrM	13042	13042	0
chrM	13043	13043	0.00108813928182807
chrM	13044	13044	0
chrM	13045	13045	0
chrM	13046	13046	0
chrM	13047	13047	0
chrM	13048	13048	0
chrM	13049	13049	0
chrM	13050	13050	0
chrM	13051	13051	0
chrM	13052	13052	0
chrM	13053	13053	0
chrM	13054	13054	0
chrM	13055	13055	0.00216919739696312
chrM	13056	13056	0
chrM	13057	13057	0
chrM	13058	13058	0
chrM	13059	13059	0
chrM	13060	13060	0
chrM	13061	13061	0
chrM	13062	13062	0.00152749490835031
chrM	13063	13063	0
chrM	13064	13064	0.00151668351870576
chrM	13065	13065	0
chrM	13066	13066	0.00301810865191147
chrM	13067	13067	0.00201816347124117
chrM	13068	13068	0.00100959111559818
chrM	13069	13069	0.00151591712986357
chrM	13070	13070	0.00404858299595142
chrM	13071	13071	0.0106490872210953
chrM	13072	13072	0.00306278713629403
chrM	13073	13073	0.00408371618172537
chrM	13074	13074	0
chrM	13075	13075	0.00102406554019457
chrM	13076	13076	0
chrM	13077	13077	0.000508130081300813
chrM	13078	13078	0
chrM	13079	13079	0
chrM	13080	13080	0
chrM	13081	13081	0.000490677134445535
chrM	13082	13082	0
chrM	13083	13083	0.000490918016691213
chrM	13084	13084	0
chrM	13085	13085	0
chrM	13086	13086	0
chrM	13087	13087	0.000477326968973747
chrM	13088	13088	0
chrM	13089	13089	0
chrM	13090	13090	0
chrM	13091	13091	0
chrM	13092	13092	0.000469704086425552
chrM	13093	13093	0.00234962406015038
chrM	13094	13094	0.00140977443609023
chrM	13095	13095	0
chrM	13096	13096	0.000470588235294118
chrM	13097	13097	0.00141242937853107
chrM	13098	13098	0.00471253534401508
chrM	13099	13099	0.000473484848484848
chrM	13100	13100	0.000947418285172904
chrM	13101	13101	0
chrM	13102	13102	0
chrM	13103	13103	0
chrM	13104	13104	0
chrM	13105	13105	0.000947867298578199
chrM	13106	13106	0
chrM	13107	13107	0.00047438330170778
chrM	13108	13108	0
chrM	13109	13109	0.00142382534409112
chrM	13110	13110	0.0018984337921215
chrM	13111	13111	0.00142517814726841
chrM	13112	13112	0
chrM	13113	13113	0.000474158368895211
chrM	13114	13114	0.00142314990512334
chrM	13115	13115	0.000947418285172904
chrM	13116	13116	0.0028436018957346
chrM	13117	13117	0.00185442744552619
chrM	13118	13118	0.000464468183929401
chrM	13119	13119	0.00139405204460967
chrM	13120	13120	0
chrM	13121	13121	0
chrM	13122	13122	0.000464900046490005
chrM	13123	13123	0.000465116279069767
chrM	13124	13124	0
chrM	13125	13125	0
chrM	13126	13126	0
chrM	13127	13127	0
chrM	13128	13128	0.000465332712889716
chrM	13129	13129	0.000465549348230912
chrM	13130	13130	0
chrM	13131	13131	0
chrM	13132	13132	0.000931532370749884
chrM	13133	13133	0.000932400932400932
chrM	13134	13134	0.000465983224603914
chrM	13135	13135	0.000931966449207828
chrM	13136	13136	0.000465549348230912
chrM	13137	13137	0
chrM	13138	13138	0.00139599813866915
chrM	13139	13139	0
chrM	13140	13140	0
chrM	13141	13141	0
chrM	13142	13142	0
chrM	13143	13143	0
chrM	13144	13144	0.000465983224603914
chrM	13145	13145	0
chrM	13146	13146	0
chrM	13147	13147	0
chrM	13148	13148	0
chrM	13149	13149	0
chrM	13150	13150	0
chrM	13151	13151	0
chrM	13152	13152	0
chrM	13153	13153	0
chrM	13154	13154	0.000465332712889716
chrM	13155	13155	0
chrM	13156	13156	0.000465549348230912
chrM	13157	13157	0.00139729855612483
chrM	13158	13158	0.00139925373134328
chrM	13159	13159	0
chrM	13160	13160	0
chrM	13161	13161	0
chrM	13162	13162	0
chrM	13163	13163	0
chrM	13164	13164	0.000466853408029879
chrM	13165	13165	0
chrM	13166	13166	0.00140056022408964
chrM	13167	13167	0.000467508181393174
chrM	13168	13168	0.000467726847521048
chrM	13169	13169	0
chrM	13170	13170	0
chrM	13171	13171	0.000467945718296678
chrM	13172	13172	0
chrM	13173	13173	0
chrM	13174	13174	0
chrM	13175	13175	0
chrM	13176	13176	0.000936329588014981
chrM	13177	13177	0
chrM	13178	13178	0.000468603561387067
chrM	13179	13179	0.00656352555086732
chrM	13180	13180	0.00849457291175083
chrM	13181	13181	0.00475737392959087
chrM	13182	13182	0.0181644359464627
chrM	13183	13183	0.00827653359298929
chrM	13184	13184	0.00294550810014728
chrM	13185	13185	0.00196947316592811
chrM	13186	13186	0
chrM	13187	13187	0
chrM	13188	13188	0.000984736582964057
chrM	13189	13189	0
chrM	13190	13190	0.00295566502463054
chrM	13191	13191	0.000494071146245059
chrM	13192	13192	0.000494315373208107
chrM	13193	13193	0
chrM	13194	13194	0.013353115727003
chrM	13195	13195	0.0345864661654135
chrM	13196	13196	0.00259605399792316
chrM	13197	13197	0
chrM	13198	13198	0
chrM	13199	13199	0.00468505986465383
chrM	13200	13200	0.0047071129707113
chrM	13201	13201	0.000525486074619023
chrM	13202	13202	0
chrM	13203	13203	0
chrM	13204	13204	0
chrM	13205	13205	0
chrM	13206	13206	0
chrM	13207	13207	0.00103626943005181
chrM	13208	13208	0.00311203319502075
chrM	13209	13209	0.0270551508844953
chrM	13210	13210	0.0625668449197861
chrM	13211	13211	0.0188248716486024
chrM	13212	13212	0.00755813953488372
chrM	13213	13213	0.00175746924428822
chrM	13214	13214	0.000586854460093897
chrM	13215	13215	0
chrM	13216	13216	0
chrM	13217	13217	0
chrM	13218	13218	0
chrM	13219	13219	0
chrM	13220	13220	0
chrM	13221	13221	0
chrM	13222	13222	0.000587199060481503
chrM	13223	13223	0
chrM	13224	13224	0
chrM	13225	13225	0
chrM	13226	13226	0
chrM	13227	13227	0
chrM	13228	13228	0
chrM	13229	13229	0
chrM	13230	13230	0.000587544065804935
chrM	13231	13231	0
chrM	13232	13232	0.000587889476778366
chrM	13233	13233	0
chrM	13234	13234	0.000588235294117647
chrM	13235	13235	0
chrM	13236	13236	0.000588235294117647
chrM	13237	13237	0.000588581518540318
chrM	13238	13238	0.00530035335689046
chrM	13239	13239	0
chrM	13240	13240	0.000591715976331361
chrM	13241	13241	0.0029603315571344
chrM	13242	13242	0.00178147268408551
chrM	13243	13243	0.0065437239738251
chrM	13244	13244	0.00119760479041916
chrM	13245	13245	0
chrM	13246	13246	0.0065947242206235
chrM	13247	13247	0.00422450211225106
chrM	13248	13248	0.0115151515151515
chrM	13249	13249	0.0141017780502759
chrM	13250	13250	0.0068407960199005
chrM	13251	13251	0
chrM	13252	13252	0
chrM	13253	13253	0
chrM	13254	13254	0
chrM	13255	13255	0
chrM	13256	13256	0.000625782227784731
chrM	13257	13257	0.000626174076393237
chrM	13258	13258	0.0006265664160401
chrM	13259	13259	0
chrM	13260	13260	0.000625390869293308
chrM	13261	13261	0.000625782227784731
chrM	13262	13262	0.000626174076393237
chrM	13263	13263	0.00562851782363977
chrM	13264	13264	0.00125786163522013
chrM	13265	13265	0.00125944584382872
chrM	13266	13266	0.00126103404791929
chrM	13267	13267	0
chrM	13268	13268	0
chrM	13269	13269	0.000631313131313131
chrM	13270	13270	0.000631711939355654
chrM	13271	13271	0
chrM	13272	13272	0
chrM	13273	13273	0
chrM	13274	13274	0
chrM	13275	13275	0.000632111251580278
chrM	13276	13276	0.000632511068943707
chrM	13277	13277	0.00126582278481013
chrM	13278	13278	0.00443599493029151
chrM	13279	13279	0.00445576066199873
chrM	13280	13280	0.00575447570332481
chrM	13281	13281	0.0032133676092545
chrM	13282	13282	0.000644745325596389
chrM	13283	13283	0.00128949065119278
chrM	13284	13284	0
chrM	13285	13285	0.00129032258064516
chrM	13286	13286	0.00129198966408269
chrM	13287	13287	0.000646830530401035
chrM	13288	13288	0.000646830530401035
chrM	13289	13289	0
chrM	13290	13290	0
chrM	13291	13291	0
chrM	13292	13292	0.000645577792123951
chrM	13293	13293	0.00452196382428941
chrM	13294	13294	0.0155743024010383
chrM	13295	13295	0.001318391562294
chrM	13296	13296	0
chrM	13297	13297	0.00132013201320132
chrM	13298	13298	0
chrM	13299	13299	0.000660938532716457
chrM	13300	13300	0.000661375661375661
chrM	13301	13301	0.00198544010589014
chrM	13302	13302	0
chrM	13303	13303	0
chrM	13304	13304	0
chrM	13305	13305	0
chrM	13306	13306	0
chrM	13307	13307	0.0013262599469496
chrM	13308	13308	0
chrM	13309	13309	0
chrM	13310	13310	0
chrM	13311	13311	0
chrM	13312	13312	0.00198675496688742
chrM	13313	13313	0.0006635700066357
chrM	13314	13314	0.00132802124833997
chrM	13315	13315	0.00132978723404255
chrM	13316	13316	0
chrM	13317	13317	0.00066577896138482
chrM	13318	13318	0.00199866755496336
chrM	13319	13319	0
chrM	13320	13320	0
chrM	13321	13321	0.000667556742323097
chrM	13322	13322	0
chrM	13323	13323	0
chrM	13324	13324	0
chrM	13325	13325	0.00133422281521014
chrM	13326	13326	0
chrM	13327	13327	0
chrM	13328	13328	0.000664010624169987
chrM	13329	13329	0
chrM	13330	13330	0
chrM	13331	13331	0
chrM	13332	13332	0
chrM	13333	13333	0
chrM	13334	13334	0
chrM	13335	13335	0
chrM	13336	13336	0
chrM	13337	13337	0.000603500301750151
chrM	13338	13338	0
chrM	13339	13339	0
chrM	13340	13340	0.00120627261761158
chrM	13341	13341	0.000603500301750151
chrM	13342	13342	0.0036231884057971
chrM	13343	13343	0.00120992135511192
chrM	13344	13344	0.000605693519079346
chrM	13345	13345	0.00303030303030303
chrM	13346	13346	0.00242865816636308
chrM	13347	13347	0
chrM	13348	13348	0.00120918984280532
chrM	13349	13349	0.000602046959662854
chrM	13350	13350	0
chrM	13351	13351	0.000595238095238095
chrM	13352	13352	0
chrM	13353	13353	0.000595238095238095
chrM	13354	13354	0.000595238095238095
chrM	13355	13355	0.00238237045860631
chrM	13356	13356	0.0129640542133176
chrM	13357	13357	0
chrM	13358	13358	0.00178147268408551
chrM	13359	13359	0.000593119810201661
chrM	13360	13360	0
chrM	13361	13361	0.000586166471277843
chrM	13362	13362	0
chrM	13363	13363	0.000586166471277843
chrM	13364	13364	0
chrM	13365	13365	0.00174317257408483
chrM	13366	13366	0.000575043128234618
chrM	13367	13367	0
chrM	13368	13368	0
chrM	13369	13369	0
chrM	13370	13370	0
chrM	13371	13371	0
chrM	13372	13372	0
chrM	13373	13373	0
chrM	13374	13374	0
chrM	13375	13375	0
chrM	13376	13376	0
chrM	13377	13377	0
chrM	13378	13378	0
chrM	13379	13379	0
chrM	13380	13380	0
chrM	13381	13381	0.000681663258350375
chrM	13382	13382	0
chrM	13383	13383	0.000912686340127776
chrM	13384	13384	0
chrM	13385	13385	0
chrM	13386	13386	0
chrM	13387	13387	0
chrM	13388	13388	0.000213447171824973
chrM	13389	13389	0
chrM	13390	13390	0
chrM	13391	13391	0.00188442211055276
chrM	13392	13392	0.000837345614402345
chrM	13393	13393	0.0022680412371134
chrM	13394	13394	0.000412711514651259
chrM	13395	13395	0.000572847049837693
chrM	13396	13396	0.000953652489032996
chrM	13397	13397	0
chrM	13398	13398	0
chrM	13399	13399	0.00019047619047619
chrM	13400	13400	0.00019047619047619
chrM	13401	13401	0.000380517503805175
chrM	13402	13402	0.000761324704986677
chrM	13403	13403	0.000189429816253078
chrM	13404	13404	0.00094732853353543
chrM	13405	13405	0
chrM	13406	13406	0.000189429816253078
chrM	13407	13407	0
chrM	13408	13408	0
chrM	13409	13409	0
chrM	13410	13410	0
chrM	13411	13411	0
chrM	13412	13412	0.000183992640294388
chrM	13413	13413	0
chrM	13414	13414	0
chrM	13415	13415	0
chrM	13416	13416	0
chrM	13417	13417	0
chrM	13418	13418	0
chrM	13419	13419	0
chrM	13420	13420	0
chrM	13421	13421	0
chrM	13422	13422	0
chrM	13423	13423	0.00016739203213927
chrM	13424	13424	0
chrM	13425	13425	0
chrM	13426	13426	0
chrM	13427	13427	0
chrM	13428	13428	0
chrM	13429	13429	0.000162866449511401
chrM	13430	13430	0
chrM	13431	13431	0.000162654521795706
chrM	13432	13432	0.00016239038648912
chrM	13433	13433	0
chrM	13434	13434	0.000317460317460317
chrM	13435	13435	0
chrM	13436	13436	0.000155642023346304
chrM	13437	13437	0
chrM	13438	13438	0.000155086848635236
chrM	13439	13439	0.000155110904296572
chrM	13440	13440	0
chrM	13441	13441	0.000310269934843314
chrM	13442	13442	0
chrM	13443	13443	0
chrM	13444	13444	0
chrM	13445	13445	0
chrM	13446	13446	0
chrM	13447	13447	0.000154966682163335
chrM	13448	13448	0
chrM	13449	13449	0.000617760617760618
chrM	13450	13450	0.000154320987654321
chrM	13451	13451	0.000153917192550408
chrM	13452	13452	0.00076080340839927
chrM	13453	13453	0
chrM	13454	13454	0.000286000286000286
chrM	13455	13455	0
chrM	13456	13456	0.000411184210526316
chrM	13457	13457	0.00219358376748012
chrM	13458	13458	0.00151119659293859
chrM	13459	13459	0.000541491809936375
chrM	13460	13460	0.00025903380391141
chrM	13461	13461	0
chrM	13462	13462	0
chrM	13463	13463	7.7857365306758e-05
chrM	13464	13464	0
chrM	13465	13465	0.000264690312334569
chrM	13466	13466	6.6006600660066e-05
chrM	13467	13467	0.000263487253804097
chrM	13468	13468	0.00271300303597959
chrM	13469	13469	0.000248262164846077
chrM	13470	13470	0.000356718192627824
chrM	13471	13471	0.00017410481109628
chrM	13472	13472	0.000216555681879703
chrM	13473	13473	0
chrM	13474	13474	0.000108225108225108
chrM	13475	13475	0.000162249864791779
chrM	13476	13476	5.40336089047387e-05
chrM	13477	13477	0
chrM	13478	13478	0.0001075326630464
chrM	13479	13479	0.000268860568908964
chrM	13480	13480	0
chrM	13481	13481	0
chrM	13482	13482	0
chrM	13483	13483	0.000161047884904445
chrM	13484	13484	0.000213583938487826
chrM	13485	13485	5.31971486328333e-05
chrM	13486	13486	0
chrM	13487	13487	0
chrM	13488	13488	0.000319114987767259
chrM	13489	13489	5.31999787200085e-05
chrM	13490	13490	0
chrM	13491	13491	0
chrM	13492	13492	0.00100662251655629
chrM	13493	13493	0
chrM	13494	13494	0
chrM	13495	13495	0
chrM	13496	13496	0
chrM	13497	13497	0
chrM	13498	13498	0.000105736188210415
chrM	13499	13499	5.24548887956358e-05
chrM	13500	13500	0.000103960910697578
chrM	13501	13501	0
chrM	13502	13502	0
chrM	13503	13503	0
chrM	13504	13504	5.1495957567331e-05
chrM	13505	13505	5.14880032952322e-05
chrM	13506	13506	0.000153980393163271
chrM	13507	13507	0.000973659936455878
chrM	13508	13508	0.000102480016396803
chrM	13509	13509	0.000102411797839111
chrM	13510	13510	0.000204634982350233
chrM	13511	13511	0
chrM	13512	13512	0.000254971953085161
chrM	13513	13513	0.000306044376434583
chrM	13514	13514	0.0027546804060603
chrM	13515	13515	0.000613842140262929
chrM	13516	13516	0.000460664380406408
chrM	13517	13517	0.000102417042195821
chrM	13518	13518	0
chrM	13519	13519	5.12137662603708e-05
chrM	13520	13520	0
chrM	13521	13521	0
chrM	13522	13522	0
chrM	13523	13523	0
chrM	13524	13524	0
chrM	13525	13525	0
chrM	13526	13526	0
chrM	13527	13527	0.000153625563293732
chrM	13528	13528	0.000153633430634506
chrM	13529	13529	0.000102422287089671
chrM	13530	13530	0
chrM	13531	13531	5.12006553683887e-05
chrM	13532	13532	0
chrM	13533	13533	0
chrM	13534	13534	0.000204488523081642
chrM	13535	13535	0.00010225994477963
chrM	13536	13536	0.000153045607591062
chrM	13537	13537	0.0025
chrM	13538	13538	0.000358019639934534
chrM	13539	13539	0.00956619603028443
chrM	13540	13540	0.000258224448690802
chrM	13541	13541	5.16129032258065e-05
chrM	13542	13542	5.14297469656449e-05
chrM	13543	13543	0.00197969543147208
chrM	13544	13544	0.000101389029706986
chrM	13545	13545	0.000252767807492038
chrM	13546	13546	0.00020224491859642
chrM	13547	13547	0.000303398058252427
chrM	13548	13548	0.0157814871016692
chrM	13549	13549	0.0139274334463974
chrM	13550	13550	0.0155297305748085
chrM	13551	13551	0.00296437456990101
chrM	13552	13552	0.00127422352004247
chrM	13553	13553	0.000744245388336612
chrM	13554	13554	0.000904399638240145
chrM	13555	13555	0.000159701889805696
chrM	13556	13556	5.32396315817495e-05
chrM	13557	13557	5.32254630615286e-05
chrM	13558	13558	0
chrM	13559	13559	0.000106405618216642
chrM	13560	13560	0.000159625412365649
chrM	13561	13561	0.000106416941577099
chrM	13562	13562	0.000212856534695615
chrM	13563	13563	0
chrM	13564	13564	5.32226302623876e-05
chrM	13565	13565	5.32197977647685e-05
chrM	13566	13566	0.00026605651040281
chrM	13567	13567	0.00101122997498536
chrM	13568	13568	0.0671780938682009
chrM	13569	13569	0.00531125071387778
chrM	13570	13570	0.00114830338175346
chrM	13571	13571	0.000574679616114016
chrM	13572	13572	0.000574977000919963
chrM	13573	13573	0.00385367537098815
chrM	13574	13574	0.000288633608497373
chrM	13575	13575	0.000173170168552297
chrM	13576	13576	0.000750404063726622
chrM	13577	13577	0.00144400161728181
chrM	13578	13578	0.00133040259139287
chrM	13579	13579	0.0223534862172805
chrM	13580	13580	0.0175334675986258
chrM	13581	13581	0.0018087543711564
chrM	13582	13582	0.000362406378352259
chrM	13583	13583	0.000241677240045919
chrM	13584	13584	0.000120867831026772
chrM	13585	13585	6.04339155133861e-05
chrM	13586	13586	6.0437567992264e-05
chrM	13587	13587	0.00024176488365065
chrM	13588	13588	0
chrM	13589	13589	0.000120904364647564
chrM	13590	13590	0
chrM	13591	13591	0
chrM	13592	13592	0
chrM	13593	13593	0.000181345584235024
chrM	13594	13594	0
chrM	13595	13595	0
chrM	13596	13596	0.000120743781695243
chrM	13597	13597	0.000120649092115582
chrM	13598	13598	0.000240992890709724
chrM	13599	13599	0.000180494555080922
chrM	13600	13600	0.000237783854476281
chrM	13601	13601	0.00136660724896019
chrM	13602	13602	5.93965312425754e-05
chrM	13603	13603	0.000771650739003977
chrM	13604	13604	0.00332363938512671
chrM	13605	13605	0.0188945788451351
chrM	13606	13606	0.169735500509806
chrM	13607	13607	0.689318986061963
chrM	13608	13608	0.186057142857143
chrM	13609	13609	0.0165637282425604
chrM	13610	13610	0.00199487033342833
chrM	13611	13611	0.00399087799315849
chrM	13612	13612	0.00199089874857793
chrM	13613	13613	0.000565291124929339
chrM	13614	13614	0.000224820143884892
chrM	13615	13615	0.000217817468961011
chrM	13616	13616	0.000216122757726389
chrM	13617	13617	0.00193340494092374
chrM	13618	13618	0.00128177739799188
chrM	13619	13619	0.0085397096498719
chrM	13620	13620	0.0156316916488223
chrM	13621	13621	0.00476809709579541
chrM	13622	13622	0.00130519904285404
chrM	13623	13623	0.012396694214876
chrM	13624	13624	0.00387263339070568
chrM	13625	13625	0.00153787004998078
chrM	13626	13626	0.00153698366954851
chrM	13627	13627	0.00365454895172148
chrM	13628	13628	0.000386100386100386
chrM	13629	13629	0.000963762528912876
chrM	13630	13630	0.00270113833687054
chrM	13631	13631	0.00135422712323467
chrM	13632	13632	0
chrM	13633	13633	0
chrM	13634	13634	0.000193610842207164
chrM	13635	13635	0
chrM	13636	13636	0.000387146728610143
chrM	13637	13637	0
chrM	13638	13638	0
chrM	13639	13639	0.000387071801819237
chrM	13640	13640	0.000193573364305072
chrM	13641	13641	0
chrM	13642	13642	0.000386996904024768
chrM	13643	13643	0.000579598145285935
chrM	13644	13644	0
chrM	13645	13645	0
chrM	13646	13646	0.000191828122002686
chrM	13647	13647	0
chrM	13648	13648	0.000191754554170662
chrM	13649	13649	0
chrM	13650	13650	0
chrM	13651	13651	0
chrM	13652	13652	0
chrM	13653	13653	0
chrM	13654	13654	0
chrM	13655	13655	0
chrM	13656	13656	0.000380517503805175
chrM	13657	13657	0
chrM	13658	13658	0
chrM	13659	13659	0
chrM	13660	13660	0
chrM	13661	13661	0
chrM	13662	13662	0
chrM	13663	13663	0.000189429816253078
chrM	13664	13664	0.00113550340651022
chrM	13665	13665	0.000754290024514426
chrM	13666	13666	0.00262664165103189
chrM	13667	13667	0.00406353897303288
chrM	13668	13668	0.00203402366863905
chrM	13669	13669	0.0029580329081161
chrM	13670	13670	0.000554938956714761
chrM	13671	13671	0.000183755972069092
chrM	13672	13672	0.00347730600292826
chrM	13673	13673	0.00310842932894496
chrM	13674	13674	0.00458295142071494
chrM	13675	13675	0.00125831385942837
chrM	13676	13676	0.00161725067385445
chrM	13677	13677	0.00179920834832674
chrM	13678	13678	0.00036042530185619
chrM	13679	13679	0.00108147080028839
chrM	13680	13680	0.00233728874505574
chrM	13681	13681	0.00359324469996407
chrM	13682	13682	0.000899280575539568
chrM	13683	13683	0.00071774627669119
chrM	13684	13684	0.000874737578726382
chrM	13685	13685	0.00084573748308525
chrM	13686	13686	0.000667334000667334
chrM	13687	13687	0.000993541977148535
chrM	13688	13688	0.000808276753960556
chrM	13689	13689	0.000474758664345624
chrM	13690	13690	0.00321543408360129
chrM	13691	13691	0.00501748517561198
chrM	13692	13692	0.00628766046633482
chrM	13693	13693	0.00881578947368421
chrM	13694	13694	0.015506958250497
chrM	13695	13695	0.00576871478400859
chrM	13696	13696	0.0352055898951895
chrM	13697	13697	0.00412995594713656
chrM	13698	13698	0.00442050006907031
chrM	13699	13699	0.0574043261231281
chrM	13700	13700	0.000440011733646231
chrM	13701	13701	0.000292269472453602
chrM	13702	13702	0.00029146021568056
chrM	13703	13703	0.00087361677344205
chrM	13704	13704	0.000870322019147084
chrM	13705	13705	0.00058055152394775
chrM	13706	13706	0.000871080139372822
chrM	13707	13707	0.00305010893246187
chrM	13708	13708	0.0036405999708752
chrM	13709	13709	0.00204469110559369
chrM	13710	13710	0.000584026865235801
chrM	13711	13711	0
chrM	13712	13712	0
chrM	13713	13713	0
chrM	13714	13714	0.000379554655870445
chrM	13715	13715	0.00252365930599369
chrM	13716	13716	0.00176745360434289
chrM	13717	13717	0.00581689428426909
chrM	13718	13718	0.01615159608292
chrM	13719	13719	0.0105155167991793
chrM	13720	13720	0.00259168070493715
chrM	13721	13721	0.00156494522691706
chrM	13722	13722	0.000481058328322309
chrM	13723	13723	0.00010801468999784
chrM	13724	13724	0
chrM	13725	13725	0.000207447360232341
chrM	13726	13726	0
chrM	13727	13727	0.00672460169666874
chrM	13728	13728	0.00156184922948771
chrM	13729	13729	0.00844629822732013
chrM	13730	13730	0.0088337364601956
chrM	13731	13731	0.00689655172413793
chrM	13732	13732	0.00320512820512821
chrM	13733	13733	0.00139290688953177
chrM	13734	13734	0.000214592274678112
chrM	13735	13735	0.000321957501609788
chrM	13736	13736	0.000536768652710682
chrM	13737	13737	0.000107411385606874
chrM	13738	13738	0.000537056928034372
chrM	13739	13739	0.00107469102632993
chrM	13740	13740	0.000753012048192771
chrM	13741	13741	0.00236839272257509
chrM	13742	13742	0.00183446638610122
chrM	13743	13743	0.00940540540540541
chrM	13744	13744	0.00360144057623049
chrM	13745	13745	0.00197152245345016
chrM	13746	13746	0.00164618086040386
chrM	13747	13747	0.00219852698691876
chrM	13748	13748	0
chrM	13749	13749	0
chrM	13750	13750	0.00286406697510465
chrM	13751	13751	0.00320123633955183
chrM	13752	13752	0.000442673749446658
chrM	13753	13753	0.000885543502324552
chrM	13754	13754	0
chrM	13755	13755	0.000221312382427797
chrM	13756	13756	0.00166002656042497
chrM	13757	13757	0.00431893687707641
chrM	13758	13758	0.00599533696014211
chrM	13759	13759	0.0136251954433773
chrM	13760	13760	0.0041845736258765
chrM	13761	13761	0.000113546042920404
chrM	13762	13762	0.000113546042920404
chrM	13763	13763	0
chrM	13764	13764	0.00113455865668255
chrM	13765	13765	0.00431377000794642
chrM	13766	13766	0.00523917995444191
chrM	13767	13767	0.000915960613693611
chrM	13768	13768	0.00412560165024066
chrM	13769	13769	0.000805430905534461
chrM	13770	13770	0.000345383375546857
chrM	13771	13771	0.00034546292031322
chrM	13772	13772	0.000345582306185923
chrM	13773	13773	0.000460935699469924
chrM	13774	13774	0.00011528706479133
chrM	13775	13775	0.000230600714862216
chrM	13776	13776	0.000576634759543305
chrM	13777	13777	0.000807474910600992
chrM	13778	13778	0
chrM	13779	13779	0.000346340337104595
chrM	13780	13780	0
chrM	13781	13781	0
chrM	13782	13782	0
chrM	13783	13783	0
chrM	13784	13784	0.000115101289134438
chrM	13785	13785	0.00344748333716387
chrM	13786	13786	0.0686161639419756
chrM	13787	13787	0.00568252007411983
chrM	13788	13788	0.00459570239721774
chrM	13789	13789	0.00536427145708583
chrM	13790	13790	0.00564334085778781
chrM	13791	13791	0.00466288594833018
chrM	13792	13792	0.00101278642866186
chrM	13793	13793	0.000126726650614624
chrM	13794	13794	0.000126694539465349
chrM	13795	13795	0.000126710593005575
chrM	13796	13796	0
chrM	13797	13797	0
chrM	13798	13798	0
chrM	13799	13799	0.000126518218623482
chrM	13800	13800	0
chrM	13801	13801	0.000126534227508541
chrM	13802	13802	0.000253036437246964
chrM	13803	13803	0
chrM	13804	13804	0.000126534227508541
chrM	13805	13805	0
chrM	13806	13806	0
chrM	13807	13807	0
chrM	13808	13808	0
chrM	13809	13809	0
chrM	13810	13810	0
chrM	13811	13811	0
chrM	13812	13812	0
chrM	13813	13813	0
chrM	13814	13814	0
chrM	13815	13815	0
chrM	13816	13816	0
chrM	13817	13817	0.0012385434728759
chrM	13818	13818	0
chrM	13819	13819	0
chrM	13820	13820	0
chrM	13821	13821	0
chrM	13822	13822	0
chrM	13823	13823	0
chrM	13824	13824	0
chrM	13825	13825	0.000120365912373616
chrM	13826	13826	0
chrM	13827	13827	0.000116563702063178
chrM	13828	13828	6.95507024620949e-05
chrM	13829	13829	0.00401797875238355
chrM	13830	13830	0.000382427458291505
chrM	13831	13831	0.000185133759140979
chrM	13832	13832	0.000732064421669107
chrM	13833	13833	0.000826590098320717
chrM	13834	13834	0.0131624674196351
chrM	13835	13835	0.00136185915740456
chrM	13836	13836	4.38365772400491e-05
chrM	13837	13837	0.000349283967865875
chrM	13838	13838	0.000432338953739732
chrM	13839	13839	0.000388165272146985
chrM	13840	13840	0.00706439801852251
chrM	13841	13841	0.000129965775679071
chrM	13842	13842	0.000173227664458014
chrM	13843	13843	0.00142900446022604
chrM	13844	13844	0.000780132622545833
chrM	13845	13845	0.000345303867403315
chrM	13846	13846	0.00297619047619048
chrM	13847	13847	0.000561943459842656
chrM	13848	13848	0.000432395036104986
chrM	13849	13849	0.00160020759449875
chrM	13850	13850	0.00138618150314057
chrM	13851	13851	0.00160471874051264
chrM	13852	13852	0.00390845529161419
chrM	13853	13853	0.0054437766745057
chrM	13854	13854	0.00235468538786901
chrM	13855	13855	0.000741839762611276
chrM	13856	13856	0.000326757341829024
chrM	13857	13857	0
chrM	13858	13858	4.07514568645829e-05
chrM	13859	13859	0
chrM	13860	13860	0.0013386337822489
chrM	13861	13861	0.000242345908393247
chrM	13862	13862	0.00040358382436032
chrM	13863	13863	0.000363034972369005
chrM	13864	13864	0.000120992135511192
chrM	13865	13865	0.000201677960632462
chrM	13866	13866	0
chrM	13867	13867	0
chrM	13868	13868	0.00015732546705998
chrM	13869	13869	3.92464678178964e-05
chrM	13870	13870	3.92279930958732e-05
chrM	13871	13871	0.000156807401309342
chrM	13872	13872	7.84037006546709e-05
chrM	13873	13873	0.000117605550982006
chrM	13874	13874	0.000901713255184851
chrM	13875	13875	0.000745536590151069
chrM	13876	13876	0.00109946204892606
chrM	13877	13877	0.000275146417200582
chrM	13878	13878	7.86318065657558e-05
chrM	13879	13879	0
chrM	13880	13880	0
chrM	13881	13881	0
chrM	13882	13882	0
chrM	13883	13883	0
chrM	13884	13884	0
chrM	13885	13885	0.000588304506412519
chrM	13886	13886	0.00043157564344005
chrM	13887	13887	0.00129528594418495
chrM	13888	13888	0.000314267756128221
chrM	13889	13889	0.000550098231827112
chrM	13890	13890	7.8610172156277e-05
chrM	13891	13891	0.000117868929750118
chrM	13892	13892	3.92896432500393e-05
chrM	13893	13893	7.84067743453034e-05
chrM	13894	13894	0.00027418723070897
chrM	13895	13895	7.83300043081502e-05
chrM	13896	13896	0
chrM	13897	13897	0
chrM	13898	13898	0.000229489386115892
chrM	13899	13899	0.000106643915964594
chrM	13900	13900	0.000104649945930861
chrM	13901	13901	0.000313457787684592
chrM	13902	13902	0.000656620374930234
chrM	13903	13903	0.000392683006642888
chrM	13904	13904	0.00109560790126639
chrM	13905	13905	0.00099066854148025
chrM	13906	13906	0.00850793266319486
chrM	13907	13907	0.00107044096220749
chrM	13908	13908	0.000236854571293226
chrM	13909	13909	0.000650137415408257
chrM	13910	13910	0.00493061706524948
chrM	13911	13911	0.0583861603175544
chrM	13912	13912	0.0396692159422993
chrM	13913	13913	0.0556741718426501
chrM	13914	13914	0.0123592043548221
chrM	13915	13915	0.0121579494284725
chrM	13916	13916	0.00101059381098411
chrM	13917	13917	0.000866701334720055
chrM	13918	13918	0.00106175291982053
chrM	13919	13919	0.000185844819575654
chrM	13920	13920	6.16865091604466e-05
chrM	13921	13921	0.00166256157635468
chrM	13922	13922	0.00209275844027944
chrM	13923	13923	0.000338784686932151
chrM	13924	13924	0.00163137158335385
chrM	13925	13925	0.000862892539061296
chrM	13926	13926	0.000400764535421419
chrM	13927	13927	0.000154197249121076
chrM	13928	13928	0.000399030050032229
chrM	13929	13929	6.14099729796119e-05
chrM	13930	13930	0.000184235575889704
chrM	13931	13931	0.000276370336250576
chrM	13932	13932	0.000153426002638927
chrM	13933	13933	0.000245451477311079
chrM	13934	13934	0.00220858895705521
chrM	13935	13935	0.000122959638498663
chrM	13936	13936	0.000122963418383031
chrM	13937	13937	0.000122959638498663
chrM	13938	13938	0.00021517275298168
chrM	13939	13939	0.000583789098506729
chrM	13940	13940	0.00199833984074769
chrM	13941	13941	0.000830283834066238
chrM	13942	13942	0.000246191721803354
chrM	13943	13943	0.00073875704127805
chrM	13944	13944	0.000154002525641421
chrM	13945	13945	0.00027711065952337
chrM	13946	13946	9.21121311676748e-05
chrM	13947	13947	0
chrM	13948	13948	6.12914100088873e-05
chrM	13949	13949	3.06400710849649e-05
chrM	13950	13950	0.000245000459375861
chrM	13951	13951	0.000888289888810611
chrM	13952	13952	0.000548998078506725
chrM	13953	13953	6.10295688260962e-05
chrM	13954	13954	0.000396716408801001
chrM	13955	13955	0.000305287580901209
chrM	13956	13956	0.000305380809869908
chrM	13957	13957	6.10948191593353e-05
chrM	13958	13958	0.000152746379910796
chrM	13959	13959	9.16618289590272e-05
chrM	13960	13960	3.05558101873071e-05
chrM	13961	13961	3.05539429863424e-05
chrM	13962	13962	3.05530094714329e-05
chrM	13963	13963	6.11078859726848e-05
chrM	13964	13964	3.05520760135651e-05
chrM	13965	13965	0
chrM	13966	13966	0
chrM	13967	13967	3.05082677405577e-05
chrM	13968	13968	3.04682977362055e-05
chrM	13969	13969	3.0409925799781e-05
chrM	13970	13970	0
chrM	13971	13971	3.03942129418559e-05
chrM	13972	13972	6.07865783235062e-05
chrM	13973	13973	0.000243153703534847
chrM	13974	13974	0.000243183268991093
chrM	13975	13975	0.000303914417699976
chrM	13976	13976	0.000212740092389983
chrM	13977	13977	9.11909538573773e-05
chrM	13978	13978	3.03988326848249e-05
chrM	13979	13979	6.0790273556231e-05
chrM	13980	13980	9.11909538573773e-05
chrM	13981	13981	0.000243198054415565
chrM	13982	13982	9.11438553850828e-05
chrM	13983	13983	0.000151855676365183
chrM	13984	13984	3.03748253447543e-05
chrM	13985	13985	0
chrM	13986	13986	0
chrM	13987	13987	6.0725671777744e-05
chrM	13988	13988	3.03600704353634e-05
chrM	13989	13989	6.06593673227988e-05
chrM	13990	13990	0.000181680545041635
chrM	13991	13991	0.000575199806248486
chrM	13992	13992	0.000333202071911065
chrM	13993	13993	0.00593903399793952
chrM	13994	13994	0.000823020179235506
chrM	13995	13995	0.000518593087459199
chrM	13996	13996	0.000183111056855983
chrM	13997	13997	6.10481975519673e-05
chrM	13998	13998	0.000335744589933767
chrM	13999	13999	0.000122129946262824
chrM	14000	14000	3.04831580551745e-05
chrM	14001	14001	0.000304785126485827
chrM	14002	14002	0.000456996618225025
chrM	14003	14003	0.000393629261793738
chrM	14004	14004	0.00018100639555931
chrM	14005	14005	0
chrM	14006	14006	2.98347156751596e-05
chrM	14007	14007	0.000503211674510849
chrM	14008	14008	0.000263651277243965
chrM	14009	14009	0.00850779639362351
chrM	14010	14010	0.00869666725033561
chrM	14011	14011	0.0496166387591434
chrM	14012	14012	0.075609756097561
chrM	14013	14013	0.583427922814983
chrM	14014	14014	0.217683805862566
chrM	14015	14015	0.106426524764634
chrM	14016	14016	0.0745107016138263
chrM	14017	14017	0.0473306969846762
chrM	14018	14018	0.0219723407005299
chrM	14019	14019	0.00277264325323475
chrM	14020	14020	0.00833884844473858
chrM	14021	14021	0.00547250400427122
chrM	14022	14022	0.00241578311636022
chrM	14023	14023	0.0138571236378313
chrM	14024	14024	0.0158253751705321
chrM	14025	14025	0.0116407982261641
chrM	14026	14026	0.00420109228399384
chrM	14027	14027	0.00336181538030537
chrM	14028	14028	0.00252489830270725
chrM	14029	14029	0.000139997200055999
chrM	14030	14030	0.00013986013986014
chrM	14031	14031	0.00559284116331096
chrM	14032	14032	0.00224813826050302
chrM	14033	14033	0.0658783783783784
chrM	14034	14034	0.0966576332429991
chrM	14035	14035	0.0640385894876913
chrM	14036	14036	0.0367686052678098
chrM	14037	14037	0.00586832935998533
chrM	14038	14038	0.00772878974178816
chrM	14039	14039	0.00990975048663953
chrM	14040	14040	0.00303842716711349
chrM	14041	14041	0.00250986016493367
chrM	14042	14042	0.00233644859813084
chrM	14043	14043	0.00162132949018195
chrM	14044	14044	0.000180440274269217
chrM	14045	14045	0.000359518245550962
chrM	14046	14046	0.00125876640891926
chrM	14047	14047	0.000360100828231905
chrM	14048	14048	0.00036003600360036
chrM	14049	14049	0.00072007200720072
chrM	14050	14050	0.000180115273775216
chrM	14051	14051	0.000180147721131328
chrM	14052	14052	0.000360295442262655
chrM	14053	14053	0.000180212650928095
chrM	14054	14054	0
chrM	14055	14055	0.000178157847853198
chrM	14056	14056	0
chrM	14057	14057	0
chrM	14058	14058	0.000177746178457163
chrM	14059	14059	0
chrM	14060	14060	0
chrM	14061	14061	0
chrM	14062	14062	0
chrM	14063	14063	0
chrM	14064	14064	0.000526408141779259
chrM	14065	14065	0
chrM	14066	14066	0.000701877522372346
chrM	14067	14067	0.00263250263250263
chrM	14068	14068	0.00228471001757469
chrM	14069	14069	0.000701016473887136
chrM	14070	14070	0
chrM	14071	14071	0
chrM	14072	14072	0.000170502983802217
chrM	14073	14073	0.00153269754768392
chrM	14074	14074	0.15627654153219
chrM	14075	14075	0.0269726247987118
chrM	14076	14076	0.0488006617038875
chrM	14077	14077	0.0770901194353963
chrM	14078	14078	0.0154929577464789
chrM	14079	14079	0.00261220612681073
chrM	14080	14080	0.00118793062485151
chrM	14081	14081	0.000713436385255648
chrM	14082	14082	0
chrM	14083	14083	0
chrM	14084	14084	0
chrM	14085	14085	0
chrM	14086	14086	0
chrM	14087	14087	0.000225580870742161
chrM	14088	14088	0
chrM	14089	14089	0
chrM	14090	14090	0.0002255299954894
chrM	14091	14091	0.000898674455178612
chrM	14092	14092	0.00696942446043165
chrM	14093	14093	0.000226346763241286
chrM	14094	14094	0
chrM	14095	14095	0.000452386337932594
chrM	14096	14096	0.00475220638153428
chrM	14097	14097	0.0022737608003638
chrM	14098	14098	0.00455580865603645
chrM	14099	14099	0.00938000457561199
chrM	14100	14100	0.00435679889933501
chrM	14101	14101	0.00482536764705882
chrM	14102	14102	0
chrM	14103	14103	0.00051413881748072
chrM	14104	14104	0
chrM	14105	14105	0.000171438367906738
chrM	14106	14106	0
chrM	14107	14107	0.000171467764060357
chrM	14108	14108	0.00137197736237352
chrM	14109	14109	0.000855578370978782
chrM	14110	14110	0
chrM	14111	14111	0.000340541460922867
chrM	14112	14112	0
chrM	14113	14113	0.000847601288353958
chrM	14114	14114	0.000169664065151001
chrM	14115	14115	0.000508992195453003
chrM	14116	14116	0.000339500933627567
chrM	14117	14117	0.00118865681779589
chrM	14118	14118	0.0018701122067324
chrM	14119	14119	0.00119230114120252
chrM	14120	14120	0.00051150895140665
chrM	14121	14121	0.000341122292341805
chrM	14122	14122	0.000341122292341805
chrM	14123	14123	0.000169779286926995
chrM	14124	14124	0.000339270568278202
chrM	14125	14125	0
chrM	14126	14126	0.00203562340966921
chrM	14127	14127	0.00101988781234064
chrM	14128	14128	0.000850629465804695
chrM	14129	14129	0.000170270730461434
chrM	14130	14130	0.000170299727520436
chrM	14131	14131	0
chrM	14132	14132	0
chrM	14133	14133	0
chrM	14134	14134	0.0029925187032419
chrM	14135	14135	0.000666333499916708
chrM	14136	14136	0.00166611129623459
chrM	14137	14137	0.0315420560747664
chrM	14138	14138	0.00258442453480358
chrM	14139	14139	0.00397099447513812
chrM	14140	14140	0.00311418685121107
chrM	14141	14141	0.00224796818260418
chrM	14142	14142	0.00186440677966102
chrM	14143	14143	0.00186535526538918
chrM	14144	14144	0.000339616233655969
chrM	14145	14145	0.00135869565217391
chrM	14146	14146	0.00101902173913043
chrM	14147	14147	0.000339731612026499
chrM	14148	14148	0.000169779286926995
chrM	14149	14149	0.00473853443899137
chrM	14150	14150	0.000169548999660902
chrM	14151	14151	0
chrM	14152	14152	0.00219150370869858
chrM	14153	14153	0.00134861766689144
chrM	14154	14154	0.00403022670025189
chrM	14155	14155	0.0683688896354779
chrM	14156	14156	0.160451774829688
chrM	14157	14157	0.0431404620731957
chrM	14158	14158	0.0215535638070849
chrM	14159	14159	0.00414214083278831
chrM	14160	14160	0.00257842715943275
chrM	14161	14161	0.0495156081808396
chrM	14162	14162	0.0036231884057971
chrM	14163	14163	0.0875
chrM	14164	14164	0.00821917808219178
chrM	14165	14165	0.0472006025608838
chrM	14166	14166	0.00289855072463768
chrM	14167	14167	0.000264270613107822
chrM	14168	14168	0.00396510705789056
chrM	14169	14169	0.00318471337579618
chrM	14170	14170	0.00186318871439979
chrM	14171	14171	0.0008
chrM	14172	14172	0
chrM	14173	14173	0.000266595574513463
chrM	14174	14174	0
chrM	14175	14175	0
chrM	14176	14176	0.000266666666666667
chrM	14177	14177	0.00053276505061268
chrM	14178	14178	0
chrM	14179	14179	0
chrM	14180	14180	0
chrM	14181	14181	0
chrM	14182	14182	0.00026581605528974
chrM	14183	14183	0.000531490831783152
chrM	14184	14184	0.000265181649429859
chrM	14185	14185	0.000526315789473684
chrM	14186	14186	0.000262881177707676
chrM	14187	14187	0.000262536098713573
chrM	14188	14188	0.00814075630252101
chrM	14189	14189	0.000520426749934947
chrM	14190	14190	0.000520697734964853
chrM	14191	14191	0.0124967456391565
chrM	14192	14192	0.0917479567624572
chrM	14193	14193	0.00289939112786315
chrM	14194	14194	0.00378016865367839
chrM	14195	14195	0.00554582603619381
chrM	14196	14196	0.00146713615023474
chrM	14197	14197	0.0023508668821628
chrM	14198	14198	0.000589101620029455
chrM	14199	14199	0.00235779546124374
chrM	14200	14200	0.000590667454223272
chrM	14201	14201	0.000295508274231678
chrM	14202	14202	0
chrM	14203	14203	0.000295595625184747
chrM	14204	14204	0.000886786875554242
chrM	14205	14205	0
chrM	14206	14206	0.000295683027794205
chrM	14207	14207	0.000295770482105886
chrM	14208	14208	0.00029585798816568
chrM	14209	14209	0.000591891092039065
chrM	14210	14210	0.000592241634586911
chrM	14211	14211	0
chrM	14212	14212	0.000888888888888889
chrM	14213	14213	0.00029655990510083
chrM	14214	14214	0
chrM	14215	14215	0.000296647878967665
chrM	14216	14216	0.000593471810089021
chrM	14217	14217	0.001778304682869
chrM	14218	14218	0.00267062314540059
chrM	14219	14219	0.00208271347813151
chrM	14220	14220	0.00208706022659511
chrM	14221	14221	0.00268897520167314
chrM	14222	14222	0.00599161174355902
chrM	14223	14223	0.0810729355033152
chrM	14224	14224	0.0505083633978354
chrM	14225	14225	0.133333333333333
chrM	14226	14226	0.0286966919091271
chrM	14227	14227	0.0311858842839557
chrM	14228	14228	0.0338839474798814
chrM	14229	14229	0.00263042525208242
chrM	14230	14230	0
chrM	14231	14231	0
chrM	14232	14232	0
chrM	14233	14233	0.000878734622144112
chrM	14234	14234	0.00043956043956044
chrM	14235	14235	0
chrM	14236	14236	0.00219683655536028
chrM	14237	14237	0.00176056338028169
chrM	14238	14238	0
chrM	14239	14239	0.00264550264550265
chrM	14240	14240	0.00884173297966401
chrM	14241	14241	0.0459411239964318
chrM	14242	14242	0.19588592800374
chrM	14243	14243	0.0296511627906977
chrM	14244	14244	0.024565608148592
chrM	14245	14245	0.0104422604422604
chrM	14246	14246	0.0155183116076971
chrM	14247	14247	0.0882723833543506
chrM	14248	14248	0.0366022099447514
chrM	14249	14249	0.00573065902578797
chrM	14250	14250	0.00288184438040346
chrM	14251	14251	0.0209386281588448
chrM	14252	14252	0.00220588235294118
chrM	14253	14253	0.00440528634361234
chrM	14254	14254	0.0287398673544584
chrM	14255	14255	0.0781487101669196
chrM	14256	14256	0.0691358024691358
chrM	14257	14257	0.0256410256410256
chrM	14258	14258	0.00362976406533575
chrM	14259	14259	0.000910746812386157
chrM	14260	14260	0.00182315405651778
chrM	14261	14261	0.00091324200913242
chrM	14262	14262	0
chrM	14263	14263	0.000909918107370337
chrM	14264	14264	0.00182149362477231
chrM	14265	14265	0.00638686131386861
chrM	14266	14266	0
chrM	14267	14267	0.00275482093663912
chrM	14268	14268	0.00367985280588776
chrM	14269	14269	0.0101382488479263
chrM	14270	14270	0.0111731843575419
chrM	14271	14271	0.159133709981168
chrM	14272	14272	0.195968645016797
chrM	14273	14273	0.0571030640668524
chrM	14274	14274	0.0472673559822747
chrM	14275	14275	0.00930232558139535
chrM	14276	14276	0.0140845070422535
chrM	14277	14277	0.00793650793650794
chrM	14278	14278	0.0032
chrM	14279	14279	0.00963081861958266
chrM	14280	14280	0.00162074554294976
chrM	14281	14281	0.00487012987012987
chrM	14282	14282	0
chrM	14283	14283	0.0032626427406199
chrM	14284	14284	0.0310965630114566
chrM	14285	14285	0.0101351351351351
chrM	14286	14286	0.037542662116041
chrM	14287	14287	0.0195035460992908
chrM	14288	14288	0.0108499095840868
chrM	14289	14289	0.00914076782449726
chrM	14290	14290	0.0664206642066421
chrM	14291	14291	0.0513833992094862
chrM	14292	14292	0.00416666666666667
chrM	14293	14293	0
chrM	14294	14294	0.0271966527196653
chrM	14295	14295	0.0172043010752688
chrM	14296	14296	0.00437636761487965
chrM	14297	14297	0.043956043956044
chrM	14298	14298	0.0459770114942529
chrM	14299	14299	0.0216867469879518
chrM	14300	14300	0
chrM	14301	14301	0.00246305418719212
chrM	14302	14302	0
chrM	14303	14303	0.00246913580246914
chrM	14304	14304	0
chrM	14305	14305	0.00247524752475248
chrM	14306	14306	0
chrM	14307	14307	0
chrM	14308	14308	0.00496277915632754
chrM	14309	14309	0
chrM	14310	14310	0
chrM	14311	14311	0.0623441396508728
chrM	14312	14312	0.132978723404255
chrM	14313	14313	0.0276073619631902
chrM	14314	14314	0.00315457413249211
chrM	14315	14315	0.00632911392405063
chrM	14316	14316	0
chrM	14317	14317	0
chrM	14318	14318	0
chrM	14319	14319	0
chrM	14320	14320	0.00318471337579618
chrM	14321	14321	0
chrM	14322	14322	0
chrM	14323	14323	0
chrM	14324	14324	0.0287539936102236
chrM	14325	14325	0.233552631578947
chrM	14326	14326	0.1931330472103
chrM	14327	14327	0.127659574468085
chrM	14328	14328	0.0548780487804878
chrM	14329	14329	0.0193548387096774
chrM	14330	14330	0
chrM	14331	14331	0
chrM	14332	14332	0
chrM	14333	14333	0
chrM	14334	14334	0
chrM	14335	14335	0.00657894736842105
chrM	14336	14336	0.0264900662251656
chrM	14337	14337	0.0136054421768707
chrM	14338	14338	0.0344827586206897
chrM	14339	14339	0.257142857142857
chrM	14340	14340	0.144230769230769
chrM	14341	14341	0.146067415730337
chrM	14342	14342	0.0921052631578947
chrM	14343	14343	0.347826086956522
chrM	14344	14344	0.177777777777778
chrM	14345	14345	0.108108108108108
chrM	14346	14346	0
chrM	14347	14347	0.181818181818182
chrM	14348	14348	0.185185185185185
chrM	14349	14349	0
chrM	14350	14350	0
chrM	14351	14351	0
chrM	14352	14352	0
chrM	14353	14353	0
chrM	14354	14354	0.136363636363636
chrM	14355	14355	0.157894736842105
chrM	14356	14356	0.125
chrM	14357	14357	0
chrM	14358	14358	0.714285714285714
chrM	14359	14359	0.25
chrM	14360	14360	0.333333333333333
chrM	14361	14361	0
chrM	14362	14362	0
chrM	14363	14363	0
chrM	14364	14364	0
chrM	14365	14365	0.5
chrM	14366	14366	0
chrM	14367	14367	0
chrM	14368	14368	0
chrM	14369	14369	1
